Model,Evaluation Window,month,rows,top_k,spearman_ic,top_k_hit_rate,selected_mean_forward_return,universe_mean_forward_return,active_forward_return
Dummy[Preholdout prior probability],holdout,2020-01,25,5,,,,-0.05404846589056889,
Dummy[Preholdout prior probability],holdout,2020-02,25,5,,,,-0.14485390904387146,
Dummy[Preholdout prior probability],holdout,2020-03,25,5,,,,0.10528192565396917,
Dummy[Preholdout prior probability],holdout,2020-04,25,5,,,,0.05812336290824615,
Dummy[Preholdout prior probability],holdout,2020-05,25,5,,,,0.019992736416336275,
Dummy[Preholdout prior probability],holdout,2020-06,25,5,,,,0.05777397312960614,
Dummy[Preholdout prior probability],holdout,2020-07,25,5,,,,0.03652970801560354,
Dummy[Preholdout prior probability],holdout,2020-08,25,5,,,,-0.02717035640383174,
Dummy[Preholdout prior probability],holdout,2020-09,25,5,,,,-0.010365286670362833,
Dummy[Preholdout prior probability],holdout,2020-10,25,5,,,,0.08653835697744494,
Dummy[Preholdout prior probability],holdout,2020-11,25,5,,,,0.034227768972566054,
Dummy[Preholdout prior probability],holdout,2020-12,25,5,,,,0.0018480586135110454,
Dummy[Preholdout prior probability],holdout,2021-01,25,5,,,,0.01824989714597555,
Dummy[Preholdout prior probability],holdout,2021-02,25,5,,,,0.0201993859221808,
Dummy[Preholdout prior probability],holdout,2021-03,25,5,,,,0.03918025257496316,
Dummy[Preholdout prior probability],holdout,2021-04,25,5,,,,0.019048148716519765,
Dummy[Preholdout prior probability],holdout,2021-05,25,5,,,,0.003434904352280941,
Dummy[Preholdout prior probability],holdout,2021-06,25,5,,,,0.009919165879813771,
Dummy[Preholdout prior probability],holdout,2021-07,25,5,,,,0.01039952364131544,
Dummy[Preholdout prior probability],holdout,2021-08,25,5,,,,-0.029154358658308763,
Dummy[Preholdout prior probability],holdout,2021-09,25,5,,,,0.04854006780562897,
Dummy[Preholdout prior probability],holdout,2021-10,25,5,,,,-0.011524036532459677,
Dummy[Preholdout prior probability],holdout,2021-11,25,5,,,,0.03087344878864287,
Dummy[Preholdout prior probability],holdout,2021-12,25,5,,,,-0.0287299337079912,
Dummy[Preholdout prior probability],holdout,2022-01,25,5,,,,-0.00896947976784169,
Dummy[Preholdout prior probability],holdout,2022-02,25,5,,,,0.025654978274386373,
Dummy[Preholdout prior probability],holdout,2022-03,25,5,,,,-0.05953556928668284,
Dummy[Preholdout prior probability],holdout,2022-04,25,5,,,,0.0105368777034843,
Dummy[Preholdout prior probability],holdout,2022-05,25,5,,,,-0.07287354676954942,
Dummy[Preholdout prior probability],holdout,2022-06,25,5,,,,0.056556064455858174,
Dummy[Preholdout prior probability],holdout,2022-07,25,5,,,,-0.039556208082165256,
Dummy[Preholdout prior probability],holdout,2022-08,25,5,,,,-0.05692393843887034,
Dummy[Preholdout prior probability],holdout,2022-09,25,5,,,,0.05320740473314304,
Dummy[Preholdout prior probability],holdout,2022-10,25,5,,,,0.056795269519961396,
Dummy[Preholdout prior probability],holdout,2022-11,25,5,,,,-0.030486276160725252,
Dummy[Preholdout prior probability],holdout,2022-12,25,5,,,,0.04535185405434916,
Dummy[Preholdout prior probability],holdout,2023-01,25,5,,,,-0.03678857107262458,
Dummy[Preholdout prior probability],holdout,2023-02,25,5,,,,0.028008940352910162,
Dummy[Preholdout prior probability],holdout,2023-03,25,5,,,,0.008176745800769387,
Dummy[Preholdout prior probability],holdout,2023-04,25,5,,,,-0.022281793395899748,
Dummy[Preholdout prior probability],holdout,2023-05,25,5,,,,0.042138594906944514,
Dummy[Preholdout prior probability],holdout,2023-06,25,5,,,,0.024872293356172737,
Dummy[Preholdout prior probability],holdout,2023-07,25,5,,,,-0.011716248217174666,
Dummy[Preholdout prior probability],holdout,2023-08,25,5,,,,-0.052001299364702526,
Dummy[Preholdout prior probability],holdout,2023-09,25,5,,,,-0.014257887335020989,
Dummy[Preholdout prior probability],holdout,2023-10,25,5,,,,0.07028743057723308,
Dummy[Preholdout prior probability],holdout,2023-11,25,5,,,,0.03833098728499573,
Dummy[Preholdout prior probability],holdout,2023-12,25,5,,,,-0.0016679543067350355,
Dummy[Preholdout prior probability],holdout,2024-01,25,5,,,,0.022007474886037128,
Dummy[Preholdout prior probability],holdout,2024-02,25,5,,,,0.03547266530028931,
Dummy[Preholdout prior probability],holdout,2024-03,25,5,,,,-0.030383917288918552,
Dummy[Preholdout prior probability],holdout,2024-04,25,5,,,,0.03858236446372112,
Dummy[Preholdout prior probability],holdout,2024-05,25,5,,,,0.005875083025781582,
Dummy[Preholdout prior probability],holdout,2024-06,25,5,,,,0.03019920008451921,
Dummy[Preholdout prior probability],holdout,2024-07,25,5,,,,0.01346176992920483,
Dummy[Preholdout prior probability],holdout,2024-08,25,5,,,,0.030435563845465946,
Dummy[Preholdout prior probability],holdout,2024-09,25,5,,,,-0.01066599759797021,
Dummy[Preholdout prior probability],holdout,2024-10,25,5,,,,0.028550672077839304,
Dummy[Preholdout prior probability],holdout,2024-11,25,5,,,,-0.03755691302642827,
Dummy[Preholdout prior probability],holdout,2024-12,25,5,,,,0.016857384523768462,
Dummy[Preholdout prior probability],holdout,2025-01,25,5,,,,0.018716172746558474,
Dummy[Preholdout prior probability],holdout,2025-02,25,5,,,,-0.017615791094202037,
Dummy[Preholdout prior probability],holdout,2025-03,25,5,,,,-0.011693658083292195,
Dummy[Preholdout prior probability],holdout,2025-04,25,5,,,,0.02881309536838109,
Dummy[Preholdout prior probability],holdout,2025-05,25,5,,,,0.030568322873782115,
Dummy[Preholdout prior probability],holdout,2025-06,25,5,,,,0.006917590101351374,
Dummy[Preholdout prior probability],holdout,2025-07,25,5,,,,0.02169048330474001,
Dummy[Preholdout prior probability],holdout,2025-08,25,5,,,,0.03573152856293321,
Dummy[Preholdout prior probability],holdout,2025-09,25,5,,,,0.011074781320471088,
Dummy[Preholdout prior probability],holdout,2025-10,25,5,,,,0.013984397630838656,
Dummy[Preholdout prior probability],holdout,2025-11,25,5,,,,0.020344476662243868,
Dummy[Preholdout prior probability],holdout,2025-12,25,5,,,,0.030385959678018475,
Dummy[Preholdout prior probability],holdout,2026-01,25,5,,,,0.032696402762136784,
Dummy[Preholdout prior probability],holdout,2026-02,25,5,,,,-0.036566787634927475,
Dummy[Preholdout prior probability],holdout,2026-03,25,5,,,,0.05167545879192894,
Rule[12M momentum top-k],calibration,2018-01,25,5,0.09846153846153846,0.4,-0.021662916609488714,-0.037044851348623814,0.0153819347391351
Rule[12M momentum top-k],calibration,2018-02,25,5,-0.7876923076923077,0.0,-0.03374087173506475,-0.0045521861745841,-0.02918868556048065
Rule[12M momentum top-k],calibration,2018-03,25,5,0.0723076923076923,0.0,-0.003793627673751199,0.00228992288490812,-0.0060835505586593185
Rule[12M momentum top-k],calibration,2018-04,25,5,0.26384615384615384,0.4,0.03202518942669545,0.01981230390781389,0.012212885518881562
Rule[12M momentum top-k],calibration,2018-05,25,5,-0.4476923076923077,0.0,-0.010884748365586417,-0.00564009703846875,-0.005244651327117667
Rule[12M momentum top-k],calibration,2018-06,25,5,0.42538461538461536,0.0,0.01803075582272091,0.0213855076754527,-0.0033547518527317875
Rule[12M momentum top-k],calibration,2018-07,25,5,0.5323076923076923,0.6,0.031160526889590034,0.008831142689589032,0.022329384200001003
Rule[12M momentum top-k],calibration,2018-08,25,5,0.21846153846153843,0.0,0.0070172809822960595,0.0056396873650097,0.001377593617286359
Rule[12M momentum top-k],calibration,2018-09,25,5,-0.6884615384615385,0.0,-0.07943347498310686,-0.046873554572350914,-0.03255992041075595
Rule[12M momentum top-k],calibration,2018-10,25,5,0.1453846153846154,0.2,0.034759001846076124,0.021760069137483712,0.012998932708592412
Rule[12M momentum top-k],calibration,2018-11,25,5,-0.49,0.0,-0.11730673150174982,-0.069806447693552,-0.04750028380819782
Rule[12M momentum top-k],calibration,2018-12,25,5,-0.553076923076923,0.0,0.04280937020203659,0.07806333908197752,-0.03525396887994093
Rule[12M momentum top-k],calibration,2019-01,25,5,-0.22999999999999998,0.2,0.01333673227354124,0.021543342437378068,-0.008206610163836827
Rule[12M momentum top-k],calibration,2019-02,25,5,0.53,0.4,0.03150504354907437,0.016645473004605595,0.014859570544468778
Rule[12M momentum top-k],calibration,2019-03,25,5,0.06999999999999999,0.4,0.023076252794272455,0.015699375083812316,0.007376877710460139
Rule[12M momentum top-k],calibration,2019-04,25,5,-0.04230769230769231,0.0,-0.03605574746963369,-0.03643841740585572,0.00038266993622202566
Rule[12M momentum top-k],calibration,2019-05,25,5,-0.5146153846153847,0.0,0.02626791306388978,0.060205452132774846,-0.03393753906888507
Rule[12M momentum top-k],calibration,2019-06,25,5,0.5115384615384615,0.6,0.0037689890070299547,-0.0011612216491693817,0.004930210656199336
Rule[12M momentum top-k],calibration,2019-07,25,5,0.71,0.4,0.03739802675013933,0.0027453952314486153,0.03465263151869071
Rule[12M momentum top-k],calibration,2019-08,25,5,-0.6938461538461538,0.2,-0.02329162747765905,0.014529071529012146,-0.0378206990066712
Rule[12M momentum top-k],calibration,2019-09,25,5,-0.2823076923076923,0.0,0.009858252555854175,0.018755402402965127,-0.008897149847110953
Rule[12M momentum top-k],calibration,2019-10,25,5,-0.3569230769230769,0.2,-0.016292059708346886,0.00786023303028296,-0.024152292738629844
Rule[12M momentum top-k],calibration,2019-11,25,5,-0.09461538461538462,0.2,0.031048752086297517,0.03226637596450634,-0.0012176238782088261
Rule[12M momentum top-k],calibration,2019-12,25,5,0.17384615384615384,0.2,0.005713414178271559,-0.007595678391578673,0.013309092569850231
Rule[12M momentum top-k],holdout,2020-01,25,5,-0.03153846153846154,0.2,-0.04290951969189545,-0.05404846589056889,0.011138946198673443
Rule[12M momentum top-k],holdout,2020-02,25,5,0.6938461538461538,0.6,-0.04808857073837693,-0.14485390904387146,0.09676533830549452
Rule[12M momentum top-k],holdout,2020-03,25,5,-0.39307692307692305,0.0,0.05297355211076182,0.10528192565396917,-0.052308373543207345
Rule[12M momentum top-k],holdout,2020-04,25,5,-0.4107692307692308,0.2,0.03483882154678151,0.05812336290824615,-0.023284541361464642
Rule[12M momentum top-k],holdout,2020-05,25,5,0.016923076923076923,0.4,0.03644280499015369,0.019992736416336275,0.016450068573817415
Rule[12M momentum top-k],holdout,2020-06,25,5,0.40230769230769226,0.6,0.12582929989663044,0.05777397312960614,0.0680553267670243
Rule[12M momentum top-k],holdout,2020-07,25,5,0.24769230769230768,0.6,0.0749771970159947,0.03652970801560354,0.03844748900039116
Rule[12M momentum top-k],holdout,2020-08,25,5,-0.15307692307692308,0.0,-0.06653630957636747,-0.02717035640383174,-0.03936595317253573
Rule[12M momentum top-k],holdout,2020-09,25,5,-0.18384615384615385,0.2,-0.022112852484255208,-0.010365286670362833,-0.011747565813892375
Rule[12M momentum top-k],holdout,2020-10,25,5,-0.4330769230769231,0.0,0.05218567465034827,0.08653835697744494,-0.03435268232709667
Rule[12M momentum top-k],holdout,2020-11,25,5,0.2823076923076923,0.2,0.060260778957107373,0.034227768972566054,0.02603300998454132
Rule[12M momentum top-k],holdout,2020-12,25,5,-0.019999999999999997,0.2,0.013921705404525354,0.0018480586135110454,0.012073646791014308
Rule[12M momentum top-k],holdout,2021-01,25,5,-0.29384615384615387,0.2,-0.0018815841673570644,0.01824989714597555,-0.020131481313332613
Rule[12M momentum top-k],holdout,2021-02,25,5,0.019999999999999997,0.2,0.00048524363373327886,0.0201993859221808,-0.019714142288447523
Rule[12M momentum top-k],holdout,2021-03,25,5,0.39,0.2,0.046662053368099386,0.03918025257496316,0.007481800793136227
Rule[12M momentum top-k],holdout,2021-04,25,5,0.30153846153846153,0.6,0.044977200510289396,0.019048148716519765,0.02592905179376963
Rule[12M momentum top-k],holdout,2021-05,25,5,-0.1376923076923077,0.2,-0.01376233067175021,0.003434904352280941,-0.01719723502403115
Rule[12M momentum top-k],holdout,2021-06,25,5,-0.40076923076923077,0.0,-0.028136211079388997,0.009919165879813771,-0.03805537695920277
Rule[12M momentum top-k],holdout,2021-07,25,5,0.4146153846153846,0.4,0.017098615448263365,0.01039952364131544,0.006699091806947924
Rule[12M momentum top-k],holdout,2021-08,25,5,-0.03153846153846154,0.4,0.01064147167945535,-0.029154358658308763,0.03979583033776411
Rule[12M momentum top-k],holdout,2021-09,25,5,0.6792307692307692,0.4,0.07099169143477697,0.04854006780562897,0.022451623629148
Rule[12M momentum top-k],holdout,2021-10,25,5,-0.3484615384615385,0.0,-0.041423681299213255,-0.011524036532459677,-0.02989964476675358
Rule[12M momentum top-k],holdout,2021-11,25,5,0.41923076923076924,0.0,0.021264417629690113,0.03087344878864287,-0.009609031158952758
Rule[12M momentum top-k],holdout,2021-12,25,5,-0.31999999999999995,0.4,0.016042109261916827,-0.0287299337079912,0.04477204296990803
Rule[12M momentum top-k],holdout,2022-01,25,5,-0.12538461538461537,0.4,0.016768911332346658,-0.00896947976784169,0.02573839110018835
Rule[12M momentum top-k],holdout,2022-02,25,5,0.7192307692307691,0.6,0.06048877510994921,0.025654978274386373,0.03483379683556284
Rule[12M momentum top-k],holdout,2022-03,25,5,0.31076923076923074,0.4,-0.02261397279019619,-0.05953556928668284,0.03692159649648665
Rule[12M momentum top-k],holdout,2022-04,25,5,0.09846153846153846,0.6,0.05268183148985757,0.0105368777034843,0.04214495378637327
Rule[12M momentum top-k],holdout,2022-05,25,5,0.012307692307692308,0.4,-0.06865184160712796,-0.07287354676954942,0.0042217051624214574
Rule[12M momentum top-k],holdout,2022-06,25,5,-0.32692307692307687,0.0,0.021990257558305193,0.056556064455858174,-0.03456580689755298
Rule[12M momentum top-k],holdout,2022-07,25,5,0.4876923076923077,0.6,-0.009003175668271246,-0.039556208082165256,0.03055303241389401
Rule[12M momentum top-k],holdout,2022-08,25,5,0.1523076923076923,0.2,-0.05202290273148642,-0.05692393843887034,0.00490103570738392
Rule[12M momentum top-k],holdout,2022-09,25,5,0.30538461538461537,0.2,0.09140615122160475,0.05320740473314304,0.038198746488461714
Rule[12M momentum top-k],holdout,2022-10,25,5,-0.25461538461538463,0.0,0.037855179418744854,0.056795269519961396,-0.018940090101216542
Rule[12M momentum top-k],holdout,2022-11,25,5,0.19692307692307692,0.0,-0.030022380343602294,-0.030486276160725252,0.00046389581712295846
Rule[12M momentum top-k],holdout,2022-12,25,5,-0.8392307692307692,0.0,0.007149357110050625,0.04535185405434916,-0.03820249694429854
Rule[12M momentum top-k],holdout,2023-01,25,5,-0.23384615384615384,0.0,-0.0640858233539966,-0.03678857107262458,-0.027297252281372017
Rule[12M momentum top-k],holdout,2023-02,25,5,-0.10384615384615385,0.0,0.019679222261232577,0.028008940352910162,-0.008329718091677586
Rule[12M momentum top-k],holdout,2023-03,25,5,0.18461538461538463,0.2,0.0025626731565232983,0.008176745800769387,-0.005614072644246089
Rule[12M momentum top-k],holdout,2023-04,25,5,-0.03153846153846154,0.2,-0.03078039078931456,-0.022281793395899748,-0.008498597393414811
Rule[12M momentum top-k],holdout,2023-05,25,5,-0.03538461538461538,0.2,0.03741900939320195,0.042138594906944514,-0.004719585513742561
Rule[12M momentum top-k],holdout,2023-06,25,5,0.29384615384615387,0.0,0.024991636085612258,0.024872293356172737,0.00011934272943952065
Rule[12M momentum top-k],holdout,2023-07,25,5,0.2892307692307692,0.4,0.004626372658496946,-0.011716248217174666,0.016342620875671614
Rule[12M momentum top-k],holdout,2023-08,25,5,-0.06615384615384615,0.0,-0.07500448338975292,-0.052001299364702526,-0.023003184025050395
Rule[12M momentum top-k],holdout,2023-09,25,5,0.03769230769230769,0.2,-0.022772781488870943,-0.014257887335020989,-0.008514894153849954
Rule[12M momentum top-k],holdout,2023-10,25,5,0.09538461538461537,0.4,0.08823285944048012,0.07028743057723308,0.017945428863247043
Rule[12M momentum top-k],holdout,2023-11,25,5,0.03615384615384615,0.2,0.02606674131726594,0.03833098728499573,-0.012264245967729792
Rule[12M momentum top-k],holdout,2023-12,25,5,0.17615384615384613,0.6,0.008301708916546646,-0.0016679543067350355,0.009969663223281681
Rule[12M momentum top-k],holdout,2024-01,25,5,0.576923076923077,0.6,0.04858733982107588,0.022007474886037128,0.026579864935038753
Rule[12M momentum top-k],holdout,2024-02,25,5,-0.01769230769230769,0.0,0.019924065521913635,0.03547266530028931,-0.015548599778375673
Rule[12M momentum top-k],holdout,2024-03,25,5,-0.5492307692307692,0.0,-0.04909128744845028,-0.030383917288918552,-0.01870737015953173
Rule[12M momentum top-k],holdout,2024-04,25,5,0.1276923076923077,0.4,0.053530923774465534,0.03858236446372112,0.014948559310744416
Rule[12M momentum top-k],holdout,2024-05,25,5,-0.09615384615384616,0.4,0.015396733835956388,0.005875083025781582,0.009521650810174805
Rule[12M momentum top-k],holdout,2024-06,25,5,-0.34384615384615386,0.2,0.0029773661439146393,0.03019920008451921,-0.02722183394060457
Rule[12M momentum top-k],holdout,2024-07,25,5,0.05153846153846154,0.0,0.013786492343972534,0.01346176992920483,0.00032472241476770407
Rule[12M momentum top-k],holdout,2024-08,25,5,0.26384615384615384,0.2,0.030802900316059766,0.030435563845465946,0.0003673364705938202
Rule[12M momentum top-k],holdout,2024-09,25,5,0.3146153846153846,0.4,0.008595077987695699,-0.01066599759797021,0.019261075585665907
Rule[12M momentum top-k],holdout,2024-10,25,5,0.3423076923076923,0.4,0.0378708084074705,0.028550672077839304,0.009320136329631197
Rule[12M momentum top-k],holdout,2024-11,25,5,-0.2407692307692308,0.0,-0.05866812731194608,-0.03755691302642827,-0.021111214285517814
Rule[12M momentum top-k],holdout,2024-12,25,5,-0.016153846153846154,0.4,0.024847976217527303,0.016857384523768462,0.00799059169375884
Rule[12M momentum top-k],holdout,2025-01,25,5,-0.30230769230769233,0.0,0.009680077537542653,0.018716172746558474,-0.009036095209015821
Rule[12M momentum top-k],holdout,2025-02,25,5,-0.1453846153846154,0.4,0.004635944026314976,-0.017615791094202037,0.022251735120517015
Rule[12M momentum top-k],holdout,2025-03,25,5,0.06999999999999999,0.2,-0.009863023825567096,-0.011693658083292195,0.0018306342577250993
Rule[12M momentum top-k],holdout,2025-04,25,5,0.07846153846153846,0.0,0.03132185409069934,0.02881309536838109,0.00250875872231825
Rule[12M momentum top-k],holdout,2025-05,25,5,-0.2915384615384616,0.0,0.01759789750550216,0.030568322873782115,-0.012970425368279956
Rule[12M momentum top-k],holdout,2025-06,25,5,0.16923076923076924,0.4,0.016527670744510427,0.006917590101351374,0.009610080643159054
Rule[12M momentum top-k],holdout,2025-07,25,5,-0.05307692307692308,0.2,0.027309339161344127,0.02169048330474001,0.0056188558566041165
Rule[12M momentum top-k],holdout,2025-08,25,5,0.5892307692307692,0.6,0.07980406422088535,0.03573152856293321,0.04407253565795213
Rule[12M momentum top-k],holdout,2025-09,25,5,0.6153846153846153,0.6,0.03725954393366031,0.011074781320471088,0.026184762613189222
Rule[12M momentum top-k],holdout,2025-10,25,5,-0.43461538461538457,0.4,0.02119662866826344,0.013984397630838656,0.007212231037424783
Rule[12M momentum top-k],holdout,2025-11,25,5,0.5746153846153847,0.8,0.08789410514208389,0.020344476662243868,0.06754962847984002
Rule[12M momentum top-k],holdout,2025-12,25,5,0.13692307692307693,0.4,0.050123894963657725,0.030385959678018475,0.01973793528563925
Rule[12M momentum top-k],holdout,2026-01,25,5,0.2846153846153846,0.4,0.04803532841319125,0.032696402762136784,0.015338925651054464
Rule[12M momentum top-k],holdout,2026-02,25,5,-0.3876923076923077,0.0,-0.08928633503658363,-0.036566787634927475,-0.05271954740165616
Rule[12M momentum top-k],holdout,2026-03,25,5,0.07692307692307691,0.2,0.02864266701465392,0.05167545879192894,-0.02303279177727502
Rule[6M momentum top-k],calibration,2018-01,25,5,0.16538461538461538,0.4,-0.01848752452993352,-0.037044851348623814,0.018557326818690295
Rule[6M momentum top-k],calibration,2018-02,25,5,-0.786923076923077,0.0,-0.0403813068679739,-0.0045521861745841,-0.035829120693389796
Rule[6M momentum top-k],calibration,2018-03,25,5,0.1392307692307692,0.4,0.008686403830890654,0.00228992288490812,0.006396480945982533
Rule[6M momentum top-k],calibration,2018-04,25,5,0.31692307692307686,0.6,0.04690427389722238,0.01981230390781389,0.027091969989408493
Rule[6M momentum top-k],calibration,2018-05,25,5,-0.3992307692307692,0.2,-0.004730093497942822,-0.00564009703846875,0.0009100035405259282
Rule[6M momentum top-k],calibration,2018-06,25,5,-0.10692307692307691,0.0,0.019622527411969393,0.0213855076754527,-0.0017629802634833054
Rule[6M momentum top-k],calibration,2018-07,25,5,0.7407692307692308,0.4,0.03487489272930109,0.008831142689589032,0.026043750039712057
Rule[6M momentum top-k],calibration,2018-08,25,5,-0.21153846153846154,0.0,-0.009622527717644824,0.0056396873650097,-0.015262215082654525
Rule[6M momentum top-k],calibration,2018-09,25,5,-0.606923076923077,0.0,-0.09200582393637351,-0.046873554572350914,-0.04513226936402259
Rule[6M momentum top-k],calibration,2018-10,25,5,0.29846153846153844,0.2,0.03665567995133214,0.021760069137483712,0.01489561081384843
Rule[6M momentum top-k],calibration,2018-11,25,5,-0.003846153846153846,0.0,-0.08815062859437443,-0.069806447693552,-0.018344180900822432
Rule[6M momentum top-k],calibration,2018-12,25,5,-0.7015384615384616,0.0,0.02677190811029475,0.07806333908197752,-0.05129143097168277
Rule[6M momentum top-k],calibration,2019-01,25,5,-0.5853846153846154,0.2,0.007906168987766082,0.021543342437378068,-0.013637173449611985
Rule[6M momentum top-k],calibration,2019-02,25,5,0.1623076923076923,0.4,0.018071474174210865,0.016645473004605595,0.0014260011696052705
Rule[6M momentum top-k],calibration,2019-03,25,5,-0.44307692307692315,0.0,-0.0036808458773557986,0.015699375083812316,-0.019380220961168114
Rule[6M momentum top-k],calibration,2019-04,25,5,-0.3646153846153847,0.0,-0.08053270574208235,-0.03643841740585572,-0.04409428833622663
Rule[6M momentum top-k],calibration,2019-05,25,5,-0.43999999999999995,0.2,0.03805906676432893,0.060205452132774846,-0.022146385368445917
Rule[6M momentum top-k],calibration,2019-06,25,5,0.26153846153846155,0.4,0.005663188157017962,-0.0011612216491693817,0.006824409806187344
Rule[6M momentum top-k],calibration,2019-07,25,5,0.16846153846153847,0.2,-0.00034532122419610455,0.0027453952314486153,-0.0030907164556447197
Rule[6M momentum top-k],calibration,2019-08,25,5,-0.633076923076923,0.0,-0.03345168304141133,0.014529071529012146,-0.04798075457042347
Rule[6M momentum top-k],calibration,2019-09,25,5,-0.17076923076923078,0.2,0.01557364692326053,0.018755402402965127,-0.003181755479704597
Rule[6M momentum top-k],calibration,2019-10,25,5,-0.48538461538461536,0.0,-0.031207919988542554,0.00786023303028296,-0.03906815301882551
Rule[6M momentum top-k],calibration,2019-11,25,5,0.19615384615384615,0.4,0.04542333304525399,0.03226637596450634,0.013156957080747649
Rule[6M momentum top-k],calibration,2019-12,25,5,0.11153846153846154,0.2,-0.00026260880523965024,-0.007595678391578673,0.007333069586339023
Rule[6M momentum top-k],holdout,2020-01,25,5,-0.07384615384615385,0.0,-0.07074430154067286,-0.05404846589056889,-0.01669583565010397
Rule[6M momentum top-k],holdout,2020-02,25,5,0.5961538461538461,0.2,-0.08338570734090867,-0.14485390904387146,0.0614682017029628
Rule[6M momentum top-k],holdout,2020-03,25,5,-0.41923076923076924,0.2,0.04431972493366938,0.10528192565396917,-0.060962200720299786
Rule[6M momentum top-k],holdout,2020-04,25,5,-0.3730769230769231,0.2,0.03483882154678151,0.05812336290824615,-0.023284541361464642
Rule[6M momentum top-k],holdout,2020-05,25,5,-0.03153846153846154,0.4,0.034696014247577935,0.019992736416336275,0.01470327783124166
Rule[6M momentum top-k],holdout,2020-06,25,5,0.31076923076923074,0.4,0.06201439197863419,0.05777397312960614,0.004240418849028052
Rule[6M momentum top-k],holdout,2020-07,25,5,0.25,0.6,0.0749771970159947,0.03652970801560354,0.03844748900039116
Rule[6M momentum top-k],holdout,2020-08,25,5,-0.20384615384615384,0.0,-0.06653630957636747,-0.02717035640383174,-0.03936595317253573
Rule[6M momentum top-k],holdout,2020-09,25,5,-0.15000000000000002,0.2,-0.020108414903256565,-0.010365286670362833,-0.009743128232893732
Rule[6M momentum top-k],holdout,2020-10,25,5,0.27692307692307694,0.0,0.08264373310423953,0.08653835697744494,-0.0038946238732054106
Rule[6M momentum top-k],holdout,2020-11,25,5,0.45461538461538464,0.2,0.038702127738688974,0.034227768972566054,0.00447435876612292
Rule[6M momentum top-k],holdout,2020-12,25,5,0.24461538461538462,0.4,0.014557674095150408,0.0018480586135110454,0.012709615481639363
Rule[6M momentum top-k],holdout,2021-01,25,5,0.6169230769230769,0.4,0.04519465339321771,0.01824989714597555,0.02694475624724216
Rule[6M momentum top-k],holdout,2021-02,25,5,0.3161538461538462,0.0,0.006497199292088096,0.0201993859221808,-0.013702186630092705
Rule[6M momentum top-k],holdout,2021-03,25,5,0.27153846153846156,0.4,0.045459214324225526,0.03918025257496316,0.006278961749262367
Rule[6M momentum top-k],holdout,2021-04,25,5,0.33461538461538465,0.4,0.03962840920216078,0.019048148716519765,0.020580260485641013
Rule[6M momentum top-k],holdout,2021-05,25,5,-0.05846153846153846,0.4,0.0006431976490659074,0.003434904352280941,-0.0027917067032150336
Rule[6M momentum top-k],holdout,2021-06,25,5,-0.11846153846153845,0.4,-0.002917482205303257,0.009919165879813771,-0.012836648085117027
Rule[6M momentum top-k],holdout,2021-07,25,5,0.3046153846153846,0.2,0.007477243888998353,0.01039952364131544,-0.002922279752317088
Rule[6M momentum top-k],holdout,2021-08,25,5,-0.4461538461538462,0.0,-0.05560680164225858,-0.029154358658308763,-0.026452442983949814
Rule[6M momentum top-k],holdout,2021-09,25,5,0.47307692307692306,0.4,0.07084751351705014,0.04854006780562897,0.022307445711421167
Rule[6M momentum top-k],holdout,2021-10,25,5,0.03615384615384615,0.6,-0.0026055352958462173,-0.011524036532459677,0.00891850123661346
Rule[6M momentum top-k],holdout,2021-11,25,5,0.11230769230769232,0.0,0.00891663320527709,0.03087344878864287,-0.02195681558336578
Rule[6M momentum top-k],holdout,2021-12,25,5,-0.5315384615384615,0.0,-0.07703364787162784,-0.0287299337079912,-0.04830371416363664
Rule[6M momentum top-k],holdout,2022-01,25,5,-0.10538461538461538,0.4,0.01741516688260778,-0.00896947976784169,0.02638464665044947
Rule[6M momentum top-k],holdout,2022-02,25,5,0.32076923076923075,0.4,0.03254791022158328,0.025654978274386373,0.006892931947196906
Rule[6M momentum top-k],holdout,2022-03,25,5,0.4753846153846154,0.4,-0.02825393850457796,-0.05953556928668284,0.031281630782104886
Rule[6M momentum top-k],holdout,2022-04,25,5,0.15615384615384614,0.6,0.04718209099210917,0.0105368777034843,0.03664521328862487
Rule[6M momentum top-k],holdout,2022-05,25,5,0.1723076923076923,0.2,-0.06869507516850118,-0.07287354676954942,0.004178471601048242
Rule[6M momentum top-k],holdout,2022-06,25,5,-0.7276923076923076,0.0,0.00839403355121282,0.056556064455858174,-0.04816203090464535
Rule[6M momentum top-k],holdout,2022-07,25,5,0.4776923076923077,0.6,-0.009003175668271246,-0.039556208082165256,0.03055303241389401
Rule[6M momentum top-k],holdout,2022-08,25,5,0.09076923076923075,0.2,-0.05202290273148642,-0.05692393843887034,0.00490103570738392
Rule[6M momentum top-k],holdout,2022-09,25,5,0.05153846153846154,0.2,0.052929080844163076,0.05320740473314304,-0.000278323888979963
Rule[6M momentum top-k],holdout,2022-10,25,5,-0.3876923076923077,0.0,0.04984339141914847,0.056795269519961396,-0.006951878100812929
Rule[6M momentum top-k],holdout,2022-11,25,5,-0.04076923076923076,0.0,-0.03312651709798868,-0.030486276160725252,-0.0026402409372634286
Rule[6M momentum top-k],holdout,2022-12,25,5,-0.43461538461538457,0.0,0.019802093988776172,0.04535185405434916,-0.02554976006557299
Rule[6M momentum top-k],holdout,2023-01,25,5,-0.07769230769230769,0.0,-0.048951838992410845,-0.03678857107262458,-0.012163267919786266
Rule[6M momentum top-k],holdout,2023-02,25,5,-0.07692307692307691,0.2,0.01340644648689122,0.028008940352910162,-0.014602493866018942
Rule[6M momentum top-k],holdout,2023-03,25,5,0.1776923076923077,0.4,0.019859062047913212,0.008176745800769387,0.011682316247143824
Rule[6M momentum top-k],holdout,2023-04,25,5,0.15923076923076923,0.4,0.004861906097129753,-0.022281793395899748,0.0271436994930295
Rule[6M momentum top-k],holdout,2023-05,25,5,-0.17076923076923078,0.0,0.024023576776970403,0.042138594906944514,-0.01811501812997411
Rule[6M momentum top-k],holdout,2023-06,25,5,-0.11923076923076922,0.0,0.02223943786021172,0.024872293356172737,-0.0026328554959610187
Rule[6M momentum top-k],holdout,2023-07,25,5,0.09999999999999999,0.0,-0.007156867017804758,-0.011716248217174666,0.004559381199369908
Rule[6M momentum top-k],holdout,2023-08,25,5,0.016153846153846154,0.0,-0.07538474465994516,-0.052001299364702526,-0.02338344529524263
Rule[6M momentum top-k],holdout,2023-09,25,5,-0.22461538461538463,0.2,-0.02577424306592635,-0.014257887335020989,-0.011516355730905361
Rule[6M momentum top-k],holdout,2023-10,25,5,-0.006153846153846154,0.2,0.05561602924822819,0.07028743057723308,-0.014671401329004886
Rule[6M momentum top-k],holdout,2023-11,25,5,0.11076923076923079,0.2,0.040529490120782795,0.03833098728499573,0.0021985028357870626
Rule[6M momentum top-k],holdout,2023-12,25,5,0.1946153846153846,0.6,0.015782388086690947,-0.0016679543067350355,0.017450342393425983
Rule[6M momentum top-k],holdout,2024-01,25,5,0.15538461538461537,0.4,0.0424714861403118,0.022007474886037128,0.02046401125427467
Rule[6M momentum top-k],holdout,2024-02,25,5,-0.21076923076923076,0.0,0.024976393260291642,0.03547266530028931,-0.010496272039997666
Rule[6M momentum top-k],holdout,2024-03,25,5,-0.6023076923076923,0.0,-0.047537233999873266,-0.030383917288918552,-0.017153316710954714
Rule[6M momentum top-k],holdout,2024-04,25,5,0.5253846153846153,0.4,0.053530923774465534,0.03858236446372112,0.014948559310744416
Rule[6M momentum top-k],holdout,2024-05,25,5,-0.33076923076923076,0.2,-0.012354380285260879,0.005875083025781582,-0.01822946331104246
Rule[6M momentum top-k],holdout,2024-06,25,5,-0.49615384615384617,0.0,0.0009595341050631534,0.03019920008451921,-0.029239665979456056
Rule[6M momentum top-k],holdout,2024-07,25,5,-0.057692307692307696,0.2,0.005021251289985118,0.01346176992920483,-0.008440518639219711
Rule[6M momentum top-k],holdout,2024-08,25,5,0.2784615384615384,0.6,0.05030271784669436,0.030435563845465946,0.01986715400122841
Rule[6M momentum top-k],holdout,2024-09,25,5,0.11384615384615385,0.4,0.0020172841021352415,-0.01066599759797021,0.01268328170010545
Rule[6M momentum top-k],holdout,2024-10,25,5,0.23615384615384616,0.0,-0.002707953570505106,0.028550672077839304,-0.03125862564834441
Rule[6M momentum top-k],holdout,2024-11,25,5,-0.23076923076923078,0.2,-0.05600592122810584,-0.03755691302642827,-0.018449008201677573
Rule[6M momentum top-k],holdout,2024-12,25,5,-0.14615384615384616,0.4,0.024383999287232117,0.016857384523768462,0.007526614763463654
Rule[6M momentum top-k],holdout,2025-01,25,5,-0.47,0.0,0.0019737205998529685,0.018716172746558474,-0.016742452146705507
Rule[6M momentum top-k],holdout,2025-02,25,5,-0.12307692307692307,0.2,-0.03611566428793522,-0.017615791094202037,-0.018499873193733186
Rule[6M momentum top-k],holdout,2025-03,25,5,-0.14076923076923076,0.2,-0.054282927611483324,-0.011693658083292195,-0.04258926952819113
Rule[6M momentum top-k],holdout,2025-04,25,5,-0.28384615384615386,0.0,0.021735174361498986,0.02881309536838109,-0.007077921006882103
Rule[6M momentum top-k],holdout,2025-05,25,5,-0.08692307692307692,0.6,0.04334353140060043,0.030568322873782115,0.012775208526818318
Rule[6M momentum top-k],holdout,2025-06,25,5,0.06692307692307692,0.2,0.004881971809840957,0.006917590101351374,-0.002035618291510417
Rule[6M momentum top-k],holdout,2025-07,25,5,-0.2923076923076923,0.2,0.02391067836619165,0.02169048330474001,0.00222019506145164
Rule[6M momentum top-k],holdout,2025-08,25,5,0.6807692307692308,0.8,0.10011127972863361,0.03573152856293321,0.0643797511657004
Rule[6M momentum top-k],holdout,2025-09,25,5,0.6207692307692307,0.8,0.04987204543067634,0.011074781320471088,0.03879726411020525
Rule[6M momentum top-k],holdout,2025-10,25,5,-0.44923076923076927,0.4,0.02119662866826344,0.013984397630838656,0.007212231037424783
Rule[6M momentum top-k],holdout,2025-11,25,5,0.4723076923076923,0.6,0.08209763849956464,0.020344476662243868,0.06175316183732077
Rule[6M momentum top-k],holdout,2025-12,25,5,0.013846153846153848,0.4,0.041813695233377524,0.030385959678018475,0.011427735555359048
Rule[6M momentum top-k],holdout,2026-01,25,5,0.25076923076923074,0.4,0.05881156876599343,0.032696402762136784,0.026115166003856646
Rule[6M momentum top-k],holdout,2026-02,25,5,-0.48923076923076925,0.2,-0.07298894059217284,-0.036566787634927475,-0.036422152957245366
Rule[6M momentum top-k],holdout,2026-03,25,5,-0.5038461538461538,0.0,0.01062977256211788,0.05167545879192894,-0.04104568622981106
Rule[Low volatility top-k],calibration,2018-01,25,5,0.4769230769230769,0.6,-0.01493286712579811,-0.037044851348623814,0.022111984222825704
Rule[Low volatility top-k],calibration,2018-02,25,5,0.49538461538461537,0.0,0.006398601309585405,-0.0045521861745841,0.010950787484169507
Rule[Low volatility top-k],calibration,2018-03,25,5,-0.12384615384615384,0.0,-0.008422149486700236,0.00228992288490812,-0.010712072371608356
Rule[Low volatility top-k],calibration,2018-04,25,5,-0.5207692307692308,0.0,0.005771700354953646,0.01981230390781389,-0.014040603552860244
Rule[Low volatility top-k],calibration,2018-05,25,5,0.3446153846153846,0.0,-0.005924812756366737,-0.00564009703846875,-0.0002847157178979872
Rule[Low volatility top-k],calibration,2018-06,25,5,-0.45076923076923076,0.0,-0.0013968901501714148,0.0213855076754527,-0.022782397825624114
Rule[Low volatility top-k],calibration,2018-07,25,5,0.09846153846153846,0.0,-0.00022111787956566876,0.008831142689589032,-0.0090522605691547
Rule[Low volatility top-k],calibration,2018-08,25,5,-0.28307692307692306,0.0,-0.006192726525436565,0.0056396873650097,-0.011832413890446265
Rule[Low volatility top-k],calibration,2018-09,25,5,0.25769230769230766,0.2,-0.02226423311307728,-0.046873554572350914,0.024609321459273633
Rule[Low volatility top-k],calibration,2018-10,25,5,-0.39384615384615385,0.0,0.006641693653573988,0.021760069137483712,-0.015118375483909725
Rule[Low volatility top-k],calibration,2018-11,25,5,0.76,0.6,0.017681680968735836,-0.069806447693552,0.08748812866228783
Rule[Low volatility top-k],calibration,2018-12,25,5,-0.7907692307692307,0.0,0.018470625739518853,0.07806333908197752,-0.059592713342458664
Rule[Low volatility top-k],calibration,2019-01,25,5,-0.7307692307692306,0.0,-0.0009958732764611122,0.021543342437378068,-0.02253921571383918
Rule[Low volatility top-k],calibration,2019-02,25,5,-0.059230769230769226,0.2,0.024381247930999182,0.016645473004605595,0.007735774926393588
Rule[Low volatility top-k],calibration,2019-03,25,5,-0.4415384615384615,0.0,0.0011798690220063523,0.015699375083812316,-0.014519506061805965
Rule[Low volatility top-k],calibration,2019-04,25,5,0.6323076923076923,0.6,0.0008546572245081042,-0.03643841740585572,0.03729307463036382
Rule[Low volatility top-k],calibration,2019-05,25,5,-0.7307692307692306,0.0,0.027961858381340132,0.060205452132774846,-0.032243593751434714
Rule[Low volatility top-k],calibration,2019-06,25,5,0.25153846153846154,0.0,0.0022143120640731205,-0.0011612216491693817,0.0033755337132425024
Rule[Low volatility top-k],calibration,2019-07,25,5,0.6061538461538462,0.4,0.03848235196598484,0.0027453952314486153,0.035736956734536224
Rule[Low volatility top-k],calibration,2019-08,25,5,-0.5007692307692309,0.2,0.002921107813045909,0.014529071529012146,-0.011607963715966237
Rule[Low volatility top-k],calibration,2019-09,25,5,-0.37615384615384617,0.0,0.002984146744403571,0.018755402402965127,-0.015771255658561557
Rule[Low volatility top-k],calibration,2019-10,25,5,-0.44461538461538463,0.0,-0.006040256378309272,0.00786023303028296,-0.013900489408592231
Rule[Low volatility top-k],calibration,2019-11,25,5,-0.52,0.0,0.012736664476454006,0.03226637596450634,-0.019529711488052336
Rule[Low volatility top-k],calibration,2019-12,25,5,0.27999999999999997,0.2,0.010637748018141236,-0.007595678391578673,0.018233426409719908
Rule[Low volatility top-k],holdout,2020-01,25,5,0.23846153846153845,0.6,-0.007939333977597917,-0.05404846589056889,0.046109131912970974
Rule[Low volatility top-k],holdout,2020-02,25,5,0.6407692307692306,0.8,-0.029227475767875256,-0.14485390904387146,0.11562643327599621
Rule[Low volatility top-k],holdout,2020-03,25,5,-0.6576923076923078,0.0,0.019683687570130372,0.10528192565396917,-0.08559823808383879
Rule[Low volatility top-k],holdout,2020-04,25,5,-0.4084615384615385,0.0,0.018297859838217613,0.05812336290824615,-0.03982550307002854
Rule[Low volatility top-k],holdout,2020-05,25,5,-0.09692307692307693,0.0,0.009376396932598086,0.019992736416336275,-0.010616339483738189
Rule[Low volatility top-k],holdout,2020-06,25,5,0.05538461538461539,0.2,0.03769434770859035,0.05777397312960614,-0.02007962542101579
Rule[Low volatility top-k],holdout,2020-07,25,5,-0.32692307692307687,0.0,-0.0030737908186361683,0.03652970801560354,-0.039603498834239706
Rule[Low volatility top-k],holdout,2020-08,25,5,0.44538461538461543,0.4,-0.000829524818007088,-0.02717035640383174,0.02634083158582465
Rule[Low volatility top-k],holdout,2020-09,25,5,-0.05538461538461539,0.2,-0.005619503065257869,-0.010365286670362833,0.0047457836051049635
Rule[Low volatility top-k],holdout,2020-10,25,5,-0.5084615384615384,0.0,0.012746785460183485,0.08653835697744494,-0.07379157151726146
Rule[Low volatility top-k],holdout,2020-11,25,5,-0.42846153846153845,0.0,0.0013007817863146753,0.034227768972566054,-0.03292698718625138
Rule[Low volatility top-k],holdout,2020-12,25,5,-0.33384615384615385,0.0,-0.011691929922356592,0.0018480586135110454,-0.013539988535867638
Rule[Low volatility top-k],holdout,2021-01,25,5,-0.4123076923076923,0.0,-0.011889565867171626,0.01824989714597555,-0.030139463013147176
Rule[Low volatility top-k],holdout,2021-02,25,5,0.03153846153846154,0.2,0.010691666102405906,0.0201993859221808,-0.009507719819774895
Rule[Low volatility top-k],holdout,2021-03,25,5,-0.4176923076923077,0.0,0.009214357638954595,0.03918025257496316,-0.029965894936008562
Rule[Low volatility top-k],holdout,2021-04,25,5,-0.2230769230769231,0.0,0.005654935022098018,0.019048148716519765,-0.013393213694421747
Rule[Low volatility top-k],holdout,2021-05,25,5,-0.1346153846153846,0.0,0.013194140642442908,0.003434904352280941,0.009759236290161967
Rule[Low volatility top-k],holdout,2021-06,25,5,0.2907692307692308,0.2,0.018691791192215312,0.009919165879813771,0.008772625312401541
Rule[Low volatility top-k],holdout,2021-07,25,5,-0.11538461538461539,0.0,0.0018402914655917702,0.01039952364131544,-0.00855923217572367
Rule[Low volatility top-k],holdout,2021-08,25,5,0.12153846153846154,0.6,-0.015355718157065535,-0.029154358658308763,0.013798640501243228
Rule[Low volatility top-k],holdout,2021-09,25,5,-0.5792307692307693,0.0,0.002812953454288514,0.04854006780562897,-0.045727114351340456
Rule[Low volatility top-k],holdout,2021-10,25,5,0.3453846153846154,0.2,-0.0008422018054644598,-0.011524036532459677,0.010681834726995217
Rule[Low volatility top-k],holdout,2021-11,25,5,0.04923076923076923,0.2,0.018494821698901397,0.03087344878864287,-0.012378627089741474
Rule[Low volatility top-k],holdout,2021-12,25,5,0.1723076923076923,0.2,-0.015051851221864032,-0.0287299337079912,0.013678082486127167
Rule[Low volatility top-k],holdout,2022-01,25,5,0.1476923076923077,0.2,0.006221088434887267,-0.00896947976784169,0.015190568202728957
Rule[Low volatility top-k],holdout,2022-02,25,5,-0.4761538461538461,0.0,-0.024333911401457353,0.025654978274386373,-0.04998888967584372
Rule[Low volatility top-k],holdout,2022-03,25,5,0.5392307692307693,0.4,-0.02420365280721255,-0.05953556928668284,0.03533191647947029
Rule[Low volatility top-k],holdout,2022-04,25,5,-0.02923076923076923,0.2,0.011217667493377914,0.0105368777034843,0.0006807897898936134
Rule[Low volatility top-k],holdout,2022-05,25,5,0.7715384615384615,0.4,-0.026540266122363397,-0.07287354676954942,0.046333280647186025
Rule[Low volatility top-k],holdout,2022-06,25,5,-0.7500000000000001,0.0,0.02160292072008594,0.056556064455858174,-0.034953143735772234
Rule[Low volatility top-k],holdout,2022-07,25,5,0.03923076923076923,0.2,-0.03839231647594303,-0.039556208082165256,0.0011638916062222254
Rule[Low volatility top-k],holdout,2022-08,25,5,0.3776923076923077,0.6,-0.024893053294986568,-0.05692393843887034,0.032030885143883775
Rule[Low volatility top-k],holdout,2022-09,25,5,-0.4323076923076923,0.0,-0.000655823904240127,0.05320740473314304,-0.053863228637383166
Rule[Low volatility top-k],holdout,2022-10,25,5,0.036923076923076927,0.2,0.042280450433897034,0.056795269519961396,-0.014514819086064362
Rule[Low volatility top-k],holdout,2022-11,25,5,0.6061538461538462,0.8,-4.985256960317041e-05,-0.030486276160725252,0.030436423591122082
Rule[Low volatility top-k],holdout,2022-12,25,5,-0.4592307692307693,0.0,0.017971365800573902,0.04535185405434916,-0.02738048825377526
Rule[Low volatility top-k],holdout,2023-01,25,5,0.12692307692307694,0.2,-0.03301684575973511,-0.03678857107262458,0.003771725312889468
Rule[Low volatility top-k],holdout,2023-02,25,5,-0.11615384615384615,0.0,0.02879340985494614,0.028008940352910162,0.0007844695020359782
Rule[Low volatility top-k],holdout,2023-03,25,5,0.12461538461538461,0.2,0.008540643334411246,0.008176745800769387,0.0003638975336418583
Rule[Low volatility top-k],holdout,2023-04,25,5,0.2169230769230769,0.2,-0.01782915392720532,-0.022281793395899748,0.004452639468694428
Rule[Low volatility top-k],holdout,2023-05,25,5,-0.4576923076923077,0.0,0.005453848626461299,0.042138594906944514,-0.03668474628048322
Rule[Low volatility top-k],holdout,2023-06,25,5,-0.5384615384615384,0.0,0.0031864601975053696,0.024872293356172737,-0.02168583315866737
Rule[Low volatility top-k],holdout,2023-07,25,5,0.03923076923076923,0.4,-0.005983371571659246,-0.011716248217174666,0.005732876645515419
Rule[Low volatility top-k],holdout,2023-08,25,5,0.5192307692307693,0.6,-0.031072229624921087,-0.052001299364702526,0.02092906973978144
Rule[Low volatility top-k],holdout,2023-09,25,5,0.3876923076923077,0.4,0.01049026748280093,-0.014257887335020989,0.02474815481782192
Rule[Low volatility top-k],holdout,2023-10,25,5,-0.4992307692307692,0.0,0.05234729551239039,0.07028743057723308,-0.01794013506484269
Rule[Low volatility top-k],holdout,2023-11,25,5,-0.21923076923076923,0.0,0.031216980253747327,0.03833098728499573,-0.007114007031248405
Rule[Low volatility top-k],holdout,2023-12,25,5,0.6476923076923076,0.0,0.009951515988148607,-0.0016679543067350355,0.011619470294883643
Rule[Low volatility top-k],holdout,2024-01,25,5,-0.17076923076923078,0.0,-0.006869604640682647,0.022007474886037128,-0.028877079526719775
Rule[Low volatility top-k],holdout,2024-02,25,5,-0.29923076923076924,0.0,0.010691602197766058,0.03547266530028931,-0.02478106310252325
Rule[Low volatility top-k],holdout,2024-03,25,5,0.2753846153846154,0.2,-0.022827830612977086,-0.030383917288918552,0.007556086675941466
Rule[Low volatility top-k],holdout,2024-04,25,5,-0.5692307692307692,0.0,0.017193278355299137,0.03858236446372112,-0.02138908610842198
Rule[Low volatility top-k],holdout,2024-05,25,5,0.03153846153846154,0.0,0.004056685389053927,0.005875083025781582,-0.0018183976367276552
Rule[Low volatility top-k],holdout,2024-06,25,5,-0.016923076923076923,0.0,0.02396423268257881,0.03019920008451921,-0.006234967401940399
Rule[Low volatility top-k],holdout,2024-07,25,5,0.43153846153846154,0.2,0.020433048782996364,0.01346176992920483,0.006971278853791535
Rule[Low volatility top-k],holdout,2024-08,25,5,-0.3853846153846154,0.0,0.013971094584925936,0.030435563845465946,-0.01646446926054001
Rule[Low volatility top-k],holdout,2024-09,25,5,-0.4646153846153846,0.0,-0.022807997478985896,-0.01066599759797021,-0.012141999881015686
Rule[Low volatility top-k],holdout,2024-10,25,5,-0.19384615384615386,0.0,0.014785472730992266,0.028550672077839304,-0.013765199346847038
Rule[Low volatility top-k],holdout,2024-11,25,5,-0.009230769230769232,0.2,-0.018658383122557076,-0.03755691302642827,0.01889852990387119
Rule[Low volatility top-k],holdout,2024-12,25,5,-0.052307692307692305,0.0,0.0038989281271810893,0.016857384523768462,-0.012958456396587372
Rule[Low volatility top-k],holdout,2025-01,25,5,0.19307692307692306,0.2,0.02254688264976883,0.018716172746558474,0.0038307099032103553
Rule[Low volatility top-k],holdout,2025-02,25,5,0.37,0.2,-0.007936312030462989,-0.017615791094202037,0.009679479063739048
Rule[Low volatility top-k],holdout,2025-03,25,5,0.019999999999999997,0.2,-0.014262352103096676,-0.011693658083292195,-0.002568694019804481
Rule[Low volatility top-k],holdout,2025-04,25,5,-0.8323076923076923,0.0,-0.010007767882728124,0.02881309536838109,-0.038820863251109214
Rule[Low volatility top-k],holdout,2025-05,25,5,-0.5453846153846154,0.0,0.020928173575325993,0.030568322873782115,-0.009640149298456122
Rule[Low volatility top-k],holdout,2025-06,25,5,-0.2953846153846154,0.0,0.0021622426865066657,0.006917590101351374,-0.004755347414844708
Rule[Low volatility top-k],holdout,2025-07,25,5,-0.5323076923076923,0.0,0.004949662373319908,0.02169048330474001,-0.016740820931420104
Rule[Low volatility top-k],holdout,2025-08,25,5,-0.12692307692307694,0.0,0.020257608263674197,0.03573152856293321,-0.015473920299259016
Rule[Low volatility top-k],holdout,2025-09,25,5,-0.07999999999999999,0.2,0.006687755016081565,0.011074781320471088,-0.004387026304389523
Rule[Low volatility top-k],holdout,2025-10,25,5,-0.16153846153846155,0.0,0.0031288602879408376,0.013984397630838656,-0.01085553734289782
Rule[Low volatility top-k],holdout,2025-11,25,5,-0.41692307692307695,0.0,-0.00031290077840606667,0.020344476662243868,-0.020657377440649934
Rule[Low volatility top-k],holdout,2025-12,25,5,-0.34307692307692306,0.0,0.0008377104236096278,0.030385959678018475,-0.029548249254408847
Rule[Low volatility top-k],holdout,2026-01,25,5,-0.2346153846153846,0.0,0.013938723119447705,0.032696402762136784,-0.01875767964268908
Rule[Low volatility top-k],holdout,2026-02,25,5,0.1476923076923077,0.4,-0.01653438397118272,-0.036566787634927475,0.020032403663744754
Rule[Low volatility top-k],holdout,2026-03,25,5,-0.16153846153846155,0.0,0.00289783482366357,0.05167545879192894,-0.04877762396826537
Rule[Risk-adjusted momentum top-k],calibration,2018-01,25,5,0.10615384615384615,0.2,-0.027569586243777457,-0.037044851348623814,0.009475265104846357
Rule[Risk-adjusted momentum top-k],calibration,2018-02,25,5,-0.7961538461538461,0.0,-0.0403813068679739,-0.0045521861745841,-0.035829120693389796
Rule[Risk-adjusted momentum top-k],calibration,2018-03,25,5,0.018461538461538463,0.4,0.002419020450826781,0.00228992288490812,0.00012909756591866078
Rule[Risk-adjusted momentum top-k],calibration,2018-04,25,5,0.06538461538461539,0.4,0.030697221464252956,0.01981230390781389,0.010884917556439066
Rule[Risk-adjusted momentum top-k],calibration,2018-05,25,5,0.3161538461538462,0.0,-0.010884748365586417,-0.00564009703846875,-0.005244651327117667
Rule[Risk-adjusted momentum top-k],calibration,2018-06,25,5,-0.3823076923076923,0.0,0.009554439675199245,0.0213855076754527,-0.011831068000253454
Rule[Risk-adjusted momentum top-k],calibration,2018-07,25,5,0.6307692307692307,0.2,0.01984860575437204,0.008831142689589032,0.011017463064783007
Rule[Risk-adjusted momentum top-k],calibration,2018-08,25,5,-0.09692307692307693,0.2,0.007618983569323068,0.0056396873650097,0.0019792962043133676
Rule[Risk-adjusted momentum top-k],calibration,2018-09,25,5,-0.4146153846153846,0.0,-0.07943347498310686,-0.046873554572350914,-0.03255992041075595
Rule[Risk-adjusted momentum top-k],calibration,2018-10,25,5,-0.022307692307692306,0.2,0.03366389856020642,0.021760069137483712,0.011903829422722709
Rule[Risk-adjusted momentum top-k],calibration,2018-11,25,5,0.21999999999999997,0.0,-0.08815062859437443,-0.069806447693552,-0.018344180900822432
Rule[Risk-adjusted momentum top-k],calibration,2018-12,25,5,-0.793076923076923,0.0,0.015265180487925712,0.07806333908197752,-0.0627981585940518
Rule[Risk-adjusted momentum top-k],calibration,2019-01,25,5,-0.7384615384615385,0.0,-0.007687743178772699,0.021543342437378068,-0.029231085616150766
Rule[Risk-adjusted momentum top-k],calibration,2019-02,25,5,0.07384615384615385,0.4,0.01956261842315239,0.016645473004605595,0.002917145418546794
Rule[Risk-adjusted momentum top-k],calibration,2019-03,25,5,0.2276923076923077,0.2,0.011352133520616947,0.015699375083812316,-0.004347241563195369
Rule[Risk-adjusted momentum top-k],calibration,2019-04,25,5,-0.5823076923076923,0.0,-0.08395207220432596,-0.03643841740585572,-0.047513654798470244
Rule[Risk-adjusted momentum top-k],calibration,2019-05,25,5,-0.5723076923076923,0.0,0.01760494503746708,0.060205452132774846,-0.04260050709530777
Rule[Risk-adjusted momentum top-k],calibration,2019-06,25,5,0.3884615384615384,0.2,0.0038084400824382357,-0.0011612216491693817,0.004969661731607618
Rule[Risk-adjusted momentum top-k],calibration,2019-07,25,5,0.4653846153846154,0.6,0.0722477619053562,0.0027453952314486153,0.06950236667390758
Rule[Risk-adjusted momentum top-k],calibration,2019-08,25,5,-0.703076923076923,0.2,-0.030068026347781673,0.014529071529012146,-0.04459709787679382
Rule[Risk-adjusted momentum top-k],calibration,2019-09,25,5,-0.19230769230769232,0.2,0.015139498325593493,0.018755402402965127,-0.003615904077371635
Rule[Risk-adjusted momentum top-k],calibration,2019-10,25,5,-0.13538461538461538,0.2,-0.006861845681518442,0.00786023303028296,-0.014722078711801402
Rule[Risk-adjusted momentum top-k],calibration,2019-11,25,5,-0.08538461538461539,0.2,0.03376462754803757,0.03226637596450634,0.0014982515835312293
Rule[Risk-adjusted momentum top-k],calibration,2019-12,25,5,-0.46384615384615385,0.2,-0.01115532225053808,-0.007595678391578673,-0.0035596438589594074
Rule[Risk-adjusted momentum top-k],holdout,2020-01,25,5,-0.04538461538461538,0.2,-0.05453705420020756,-0.05404846589056889,-0.000488588309638667
Rule[Risk-adjusted momentum top-k],holdout,2020-02,25,5,0.8484615384615384,1.0,0.011606091602125312,-0.14485390904387146,0.15646000064599677
Rule[Risk-adjusted momentum top-k],holdout,2020-03,25,5,-0.45230769230769236,0.0,0.022697535517873412,0.10528192565396917,-0.08258439013609575
Rule[Risk-adjusted momentum top-k],holdout,2020-04,25,5,-0.41000000000000003,0.0,0.024343502151655684,0.05812336290824615,-0.033779860756590466
Rule[Risk-adjusted momentum top-k],holdout,2020-05,25,5,0.07307692307692308,0.4,0.03644280499015369,0.019992736416336275,0.016450068573817415
Rule[Risk-adjusted momentum top-k],holdout,2020-06,25,5,0.4723076923076923,0.6,0.1326339653024569,0.05777397312960614,0.07485999217285078
Rule[Risk-adjusted momentum top-k],holdout,2020-07,25,5,0.643076923076923,0.8,0.10221267605082204,0.03652970801560354,0.0656829680352185
Rule[Risk-adjusted momentum top-k],holdout,2020-08,25,5,-0.3946153846153846,0.0,-0.06405819604557435,-0.02717035640383174,-0.03688783964174261
Rule[Risk-adjusted momentum top-k],holdout,2020-09,25,5,-0.15153846153846154,0.2,-0.020108414903256565,-0.010365286670362833,-0.009743128232893732
Rule[Risk-adjusted momentum top-k],holdout,2020-10,25,5,-0.06307692307692309,0.2,0.07308392293281807,0.08653835697744494,-0.013454434044626873
Rule[Risk-adjusted momentum top-k],holdout,2020-11,25,5,0.2723076923076923,0.2,0.03778348998701251,0.034227768972566054,0.0035557210144464557
Rule[Risk-adjusted momentum top-k],holdout,2020-12,25,5,0.2784615384615384,0.4,0.004014701181976776,0.0018480586135110454,0.002166642568465731
Rule[Risk-adjusted momentum top-k],holdout,2021-01,25,5,0.5969230769230769,0.8,0.1070913938203466,0.01824989714597555,0.08884149667437105
Rule[Risk-adjusted momentum top-k],holdout,2021-02,25,5,0.1576923076923077,0.0,0.006497199292088096,0.0201993859221808,-0.013702186630092705
Rule[Risk-adjusted momentum top-k],holdout,2021-03,25,5,0.3815384615384615,0.4,0.045459214324225526,0.03918025257496316,0.006278961749262367
Rule[Risk-adjusted momentum top-k],holdout,2021-04,25,5,0.2230769230769231,0.4,0.03638437434338271,0.019048148716519765,0.017336225626862944
Rule[Risk-adjusted momentum top-k],holdout,2021-05,25,5,-0.19230769230769232,0.4,-0.007910161370127788,0.003434904352280941,-0.01134506572240873
Rule[Risk-adjusted momentum top-k],holdout,2021-06,25,5,0.1769230769230769,0.6,0.006617155947884634,0.009919165879813771,-0.003302009931929137
Rule[Risk-adjusted momentum top-k],holdout,2021-07,25,5,0.43076923076923074,0.2,0.013678331842978975,0.01039952364131544,0.003278808201663534
Rule[Risk-adjusted momentum top-k],holdout,2021-08,25,5,-0.3869230769230769,0.0,-0.05560680164225858,-0.029154358658308763,-0.026452442983949814
Rule[Risk-adjusted momentum top-k],holdout,2021-09,25,5,0.3276923076923077,0.8,0.08031053886392536,0.04854006780562897,0.03177047105829639
Rule[Risk-adjusted momentum top-k],holdout,2021-10,25,5,0.011538461538461539,0.6,-0.0026055352958462173,-0.011524036532459677,0.00891850123661346
Rule[Risk-adjusted momentum top-k],holdout,2021-11,25,5,-0.07923076923076922,0.0,0.0033784955496747537,0.03087344878864287,-0.02749495323896812
Rule[Risk-adjusted momentum top-k],holdout,2021-12,25,5,-0.48538461538461536,0.0,-0.056768484584099,-0.0287299337079912,-0.0280385508761078
Rule[Risk-adjusted momentum top-k],holdout,2022-01,25,5,0.16692307692307692,0.4,0.024465342353489072,-0.00896947976784169,0.03343482212133076
Rule[Risk-adjusted momentum top-k],holdout,2022-02,25,5,0.08307692307692309,0.4,0.03254791022158328,0.025654978274386373,0.006892931947196906
Rule[Risk-adjusted momentum top-k],holdout,2022-03,25,5,0.5430769230769231,0.6,-0.026930003040526597,-0.05953556928668284,0.032605566246156244
Rule[Risk-adjusted momentum top-k],holdout,2022-04,25,5,0.18076923076923077,0.6,0.04718209099210917,0.0105368777034843,0.03664521328862487
Rule[Risk-adjusted momentum top-k],holdout,2022-05,25,5,0.2069230769230769,0.2,-0.09316756382425725,-0.07287354676954942,-0.020294017054707833
Rule[Risk-adjusted momentum top-k],holdout,2022-06,25,5,-0.7515384615384615,0.0,0.016232470988396596,0.056556064455858174,-0.040323593467461574
Rule[Risk-adjusted momentum top-k],holdout,2022-07,25,5,0.24230769230769234,0.4,-0.022394360111284595,-0.039556208082165256,0.01716184797088066
Rule[Risk-adjusted momentum top-k],holdout,2022-08,25,5,-0.04923076923076923,0.2,-0.0625979207251671,-0.05692393843887034,-0.005673982286296751
Rule[Risk-adjusted momentum top-k],holdout,2022-09,25,5,-0.15692307692307692,0.2,0.06694984911839,0.05320740473314304,0.013742444385246959
Rule[Risk-adjusted momentum top-k],holdout,2022-10,25,5,-0.3515384615384615,0.0,0.04984339141914847,0.056795269519961396,-0.006951878100812929
Rule[Risk-adjusted momentum top-k],holdout,2022-11,25,5,-0.04076923076923076,0.2,-0.018609614785310268,-0.030486276160725252,0.011876661375414984
Rule[Risk-adjusted momentum top-k],holdout,2022-12,25,5,-0.5838461538461539,0.0,0.030532740558246042,0.04535185405434916,-0.014819113496103119
Rule[Risk-adjusted momentum top-k],holdout,2023-01,25,5,-0.1623076923076923,0.0,-0.05392417754410326,-0.03678857107262458,-0.01713560647147868
Rule[Risk-adjusted momentum top-k],holdout,2023-02,25,5,-0.3246153846153846,0.2,0.005874071963515526,0.028008940352910162,-0.022134868389394637
Rule[Risk-adjusted momentum top-k],holdout,2023-03,25,5,0.14846153846153848,0.4,0.026637983429148006,0.008176745800769387,0.01846123762837862
Rule[Risk-adjusted momentum top-k],holdout,2023-04,25,5,0.36,0.4,0.004861906097129753,-0.022281793395899748,0.0271436994930295
Rule[Risk-adjusted momentum top-k],holdout,2023-05,25,5,-0.17615384615384613,0.2,0.06085533563565373,0.042138594906944514,0.018716740728709214
Rule[Risk-adjusted momentum top-k],holdout,2023-06,25,5,-0.057692307692307696,0.0,0.024991636085612258,0.024872293356172737,0.00011934272943952065
Rule[Risk-adjusted momentum top-k],holdout,2023-07,25,5,-0.003076923076923077,0.0,-0.012326772558560739,-0.011716248217174666,-0.0006105243413860734
Rule[Risk-adjusted momentum top-k],holdout,2023-08,25,5,-0.006153846153846154,0.2,-0.04725039800322104,-0.052001299364702526,0.0047509013614814855
Rule[Risk-adjusted momentum top-k],holdout,2023-09,25,5,-0.04461538461538461,0.2,-0.023568741529991156,-0.014257887335020989,-0.009310854194970167
Rule[Risk-adjusted momentum top-k],holdout,2023-10,25,5,-0.3861538461538461,0.0,0.007373562618446905,0.07028743057723308,-0.06291386795878617
Rule[Risk-adjusted momentum top-k],holdout,2023-11,25,5,0.050769230769230775,0.0,0.024504090657842335,0.03833098728499573,-0.013826896627153397
Rule[Risk-adjusted momentum top-k],holdout,2023-12,25,5,0.06923076923076923,0.4,-0.008419256417150888,-0.0016679543067350355,-0.0067513021104158525
Rule[Risk-adjusted momentum top-k],holdout,2024-01,25,5,0.35,0.4,0.0424714861403118,0.022007474886037128,0.02046401125427467
Rule[Risk-adjusted momentum top-k],holdout,2024-02,25,5,-0.15000000000000002,0.0,0.029524804133028847,0.03547266530028931,-0.005947861167260461
Rule[Risk-adjusted momentum top-k],holdout,2024-03,25,5,-0.30999999999999994,0.0,-0.048296640803830025,-0.030383917288918552,-0.017912723514911473
Rule[Risk-adjusted momentum top-k],holdout,2024-04,25,5,0.06923076923076923,0.4,0.05366278679353822,0.03858236446372112,0.0150804223298171
Rule[Risk-adjusted momentum top-k],holdout,2024-05,25,5,-0.3646153846153847,0.2,-0.010970965064360527,0.005875083025781582,-0.016846048090142108
Rule[Risk-adjusted momentum top-k],holdout,2024-06,25,5,-0.5015384615384615,0.0,0.0009595341050631534,0.03019920008451921,-0.029239665979456056
Rule[Risk-adjusted momentum top-k],holdout,2024-07,25,5,0.16461538461538464,0.4,0.02217457078575096,0.01346176992920483,0.008712800856546129
Rule[Risk-adjusted momentum top-k],holdout,2024-08,25,5,0.013076923076923076,0.2,0.02563112210462575,0.030435563845465946,-0.004804441740840198
Rule[Risk-adjusted momentum top-k],holdout,2024-09,25,5,0.08384615384615385,0.2,-0.006618103572301881,-0.01066599759797021,0.004047894025668328
Rule[Risk-adjusted momentum top-k],holdout,2024-10,25,5,0.2692307692307692,0.4,0.028939255586213485,0.028550672077839304,0.00038858350837418093
Rule[Risk-adjusted momentum top-k],holdout,2024-11,25,5,-0.2946153846153846,0.2,-0.05393249878153552,-0.03755691302642827,-0.016375585755107253
Rule[Risk-adjusted momentum top-k],holdout,2024-12,25,5,-0.27615384615384614,0.2,0.004739569881558214,0.016857384523768462,-0.012117814642210248
Rule[Risk-adjusted momentum top-k],holdout,2025-01,25,5,-0.6484615384615384,0.0,0.0010557095317982545,0.018716172746558474,-0.01766046321476022
Rule[Risk-adjusted momentum top-k],holdout,2025-02,25,5,0.28538461538461535,0.4,0.007963971270086679,-0.017615791094202037,0.025579762364288716
Rule[Risk-adjusted momentum top-k],holdout,2025-03,25,5,-0.19307692307692306,0.4,-0.04226520030839744,-0.011693658083292195,-0.030571542225105247
Rule[Risk-adjusted momentum top-k],holdout,2025-04,25,5,-0.45615384615384613,0.0,0.02703990472427551,0.02881309536838109,-0.0017731906441055788
Rule[Risk-adjusted momentum top-k],holdout,2025-05,25,5,-0.03307692307692307,0.2,0.025574296351717218,0.030568322873782115,-0.004994026522064897
Rule[Risk-adjusted momentum top-k],holdout,2025-06,25,5,0.18,0.4,0.01027933677635735,0.006917590101351374,0.003361746675005976
Rule[Risk-adjusted momentum top-k],holdout,2025-07,25,5,-0.03230769230769231,0.0,-0.00017156263659316994,0.02169048330474001,-0.02186204594133318
Rule[Risk-adjusted momentum top-k],holdout,2025-08,25,5,0.5192307692307693,0.6,0.08324949534389225,0.03573152856293321,0.04751796678095904
Rule[Risk-adjusted momentum top-k],holdout,2025-09,25,5,0.7346153846153847,0.6,0.04182105262952214,0.011074781320471088,0.030746271309051054
Rule[Risk-adjusted momentum top-k],holdout,2025-10,25,5,-0.3815384615384615,0.4,0.02119662866826344,0.013984397630838656,0.007212231037424783
Rule[Risk-adjusted momentum top-k],holdout,2025-11,25,5,0.3246153846153846,0.2,0.06731973222915133,0.020344476662243868,0.04697525556690746
Rule[Risk-adjusted momentum top-k],holdout,2025-12,25,5,0.10615384615384615,0.4,0.052633408923533034,0.030385959678018475,0.02224744924551456
Rule[Risk-adjusted momentum top-k],holdout,2026-01,25,5,0.4553846153846154,0.8,0.1028346052304161,0.032696402762136784,0.07013820246827931
Rule[Risk-adjusted momentum top-k],holdout,2026-02,25,5,-0.5507692307692308,0.2,-0.06815531102778963,-0.036566787634927475,-0.03158852339286215
Rule[Risk-adjusted momentum top-k],holdout,2026-03,25,5,-0.4692307692307692,0.0,0.01062977256211788,0.05167545879192894,-0.04104568622981106
FeatureSensitivity[Logistic full],holdout,2020-01,25,5,-0.30615384615384617,0.0,-0.06844755812331353,-0.05404846589056889,-0.014399092232744638
FeatureSensitivity[Logistic full],holdout,2020-02,25,5,-0.16923076923076924,0.2,-0.1945040664659915,-0.14485390904387146,-0.049650157422120034
FeatureSensitivity[Logistic full],holdout,2020-03,25,5,-0.27076923076923076,0.4,0.09236869697917163,0.10528192565396917,-0.012913228674797536
FeatureSensitivity[Logistic full],holdout,2020-04,25,5,-0.2069230769230769,0.2,0.07102234289334394,0.05812336290824615,0.012898979985097793
FeatureSensitivity[Logistic full],holdout,2020-05,25,5,-0.03307692307692307,0.2,0.02374377015125524,0.019992736416336275,0.0037510337349189633
FeatureSensitivity[Logistic full],holdout,2020-06,25,5,0.15153846153846154,0.0,0.04379362031941758,0.05777397312960614,-0.013980352810188557
FeatureSensitivity[Logistic full],holdout,2020-07,25,5,-0.007692307692307692,0.2,0.04242054268897346,0.03652970801560354,0.00589083467336992
FeatureSensitivity[Logistic full],holdout,2020-08,25,5,-0.20384615384615384,0.2,-0.01751721813061764,-0.02717035640383174,0.0096531382732141
FeatureSensitivity[Logistic full],holdout,2020-09,25,5,0.06461538461538462,0.2,-0.010464814943069745,-0.010365286670362833,-9.952827270691238e-05
FeatureSensitivity[Logistic full],holdout,2020-10,25,5,-0.10461538461538461,0.0,0.02523563347531623,0.08653835697744494,-0.06130272350212871
FeatureSensitivity[Logistic full],holdout,2020-11,25,5,0.052307692307692305,0.4,0.05559692730003898,0.034227768972566054,0.021369158327472923
FeatureSensitivity[Logistic full],holdout,2020-12,25,5,0.06461538461538462,0.4,0.01091995925824647,0.0018480586135110454,0.009071900644735424
FeatureSensitivity[Logistic full],holdout,2021-01,25,5,-0.4392307692307692,0.0,-0.031284552349321815,0.01824989714597555,-0.04953444949529737
FeatureSensitivity[Logistic full],holdout,2021-02,25,5,-0.16999999999999998,0.0,0.004247788135968311,0.0201993859221808,-0.01595159778621249
FeatureSensitivity[Logistic full],holdout,2021-03,25,5,0.30769230769230765,0.4,0.051234502665429595,0.03918025257496316,0.012054250090466435
FeatureSensitivity[Logistic full],holdout,2021-04,25,5,0.10999999999999999,0.2,0.026750736312434097,0.019048148716519765,0.007702587595914332
FeatureSensitivity[Logistic full],holdout,2021-05,25,5,-0.13,0.2,-0.013029759526090246,0.003434904352280941,-0.016464663878371186
FeatureSensitivity[Logistic full],holdout,2021-06,25,5,0.0007692307692307692,0.2,0.0010487055801978284,0.009919165879813771,-0.008870460299615943
FeatureSensitivity[Logistic full],holdout,2021-07,25,5,0.08307692307692309,0.2,-0.0006423089729378883,0.01039952364131544,-0.011041832614253328
FeatureSensitivity[Logistic full],holdout,2021-08,25,5,-0.17615384615384613,0.0,-0.04726261437332959,-0.029154358658308763,-0.018108255715020827
FeatureSensitivity[Logistic full],holdout,2021-09,25,5,0.5184615384615384,0.4,0.07665619583039543,0.04854006780562897,0.028116128024766457
FeatureSensitivity[Logistic full],holdout,2021-10,25,5,-0.16846153846153847,0.2,-0.016083616319010275,-0.011524036532459677,-0.004559579786550598
FeatureSensitivity[Logistic full],holdout,2021-11,25,5,0.2592307692307692,0.2,0.04085736041500439,0.03087344878864287,0.009983911626361516
FeatureSensitivity[Logistic full],holdout,2021-12,25,5,0.31384615384615383,0.4,-0.00904377763291624,-0.0287299337079912,0.01968615607507496
FeatureSensitivity[Logistic full],holdout,2022-01,25,5,0.07999999999999999,0.0,-0.025312531023558814,-0.00896947976784169,-0.016343051255717125
FeatureSensitivity[Logistic full],holdout,2022-02,25,5,-0.09615384615384616,0.2,0.019700512451971398,0.025654978274386373,-0.0059544658224149755
FeatureSensitivity[Logistic full],holdout,2022-03,25,5,0.016153846153846154,0.4,-0.04449045201224981,-0.05953556928668284,0.015045117274433029
FeatureSensitivity[Logistic full],holdout,2022-04,25,5,-0.4107692307692308,0.0,-0.014490733844827686,0.0105368777034843,-0.025027611548311984
FeatureSensitivity[Logistic full],holdout,2022-05,25,5,0.06692307692307692,0.2,-0.06291951283329304,-0.07287354676954942,0.009954033936256379
FeatureSensitivity[Logistic full],holdout,2022-06,25,5,0.14153846153846153,0.2,0.05352178527034823,0.056556064455858174,-0.0030342791855099416
FeatureSensitivity[Logistic full],holdout,2022-07,25,5,-0.050769230769230775,0.2,-0.050326356670392425,-0.039556208082165256,-0.010770148588227169
FeatureSensitivity[Logistic full],holdout,2022-08,25,5,-0.13,0.4,-0.03622921459140331,-0.05692393843887034,0.020694723847467032
FeatureSensitivity[Logistic full],holdout,2022-09,25,5,-0.15307692307692308,0.0,0.03282878678136667,0.05320740473314304,-0.020378617951776368
FeatureSensitivity[Logistic full],holdout,2022-10,25,5,0.15615384615384614,0.2,0.052855806542174436,0.056795269519961396,-0.00393946297778696
FeatureSensitivity[Logistic full],holdout,2022-11,25,5,-0.4304674055393457,0.2,-0.05833711420472145,-0.030486276160725252,-0.0278508380439962
FeatureSensitivity[Logistic full],holdout,2022-12,25,5,0.26384615384615384,0.6,0.08936399556375245,0.04535185405434916,0.04401214150940329
FeatureSensitivity[Logistic full],holdout,2023-01,25,5,-0.09538461538461537,0.4,-0.03841632451749253,-0.03678857107262458,-0.0016277534448679506
FeatureSensitivity[Logistic full],holdout,2023-02,25,5,-0.11307692307692309,0.6,0.0476627124881299,0.028008940352910162,0.019653772135219738
FeatureSensitivity[Logistic full],holdout,2023-03,25,5,-0.03461538461538462,0.4,0.025616841701010085,0.008176745800769387,0.017440095900240697
FeatureSensitivity[Logistic full],holdout,2023-04,25,5,-0.2630769230769231,0.2,-0.017561801404427445,-0.022281793395899748,0.004719991991472303
FeatureSensitivity[Logistic full],holdout,2023-05,25,5,0.22846153846153847,0.2,0.03825733574782477,0.042138594906944514,-0.003881259159119743
FeatureSensitivity[Logistic full],holdout,2023-06,25,5,-0.013846153846153848,0.4,0.019099596250864014,0.024872293356172737,-0.005772697105308724
FeatureSensitivity[Logistic full],holdout,2023-07,25,5,-0.004615384615384616,0.2,-0.007872419311378786,-0.011716248217174666,0.00384382890579588
FeatureSensitivity[Logistic full],holdout,2023-08,25,5,-0.5607692307692308,0.0,-0.07820293155780242,-0.052001299364702526,-0.026201632193099893
FeatureSensitivity[Logistic full],holdout,2023-09,25,5,-0.14384615384615382,0.6,0.013267885940884105,-0.014257887335020989,0.027525773275905094
FeatureSensitivity[Logistic full],holdout,2023-10,25,5,0.3253846153846154,0.4,0.09434558328687284,0.07028743057723308,0.024058152709639763
FeatureSensitivity[Logistic full],holdout,2023-11,25,5,-0.3238461538461538,0.0,0.011066474844980956,0.03833098728499573,-0.027264512440014776
FeatureSensitivity[Logistic full],holdout,2023-12,25,5,0.07769230769230769,0.4,0.0027334234245310896,-0.0016679543067350355,0.0044013777312661255
FeatureSensitivity[Logistic full],holdout,2024-01,25,5,-0.07153846153846154,0.4,0.02172812179707282,0.022007474886037128,-0.0002793530889643077
FeatureSensitivity[Logistic full],holdout,2024-02,25,5,-0.2623076923076923,0.2,0.026207954028588352,0.03547266530028931,-0.009264711271700955
FeatureSensitivity[Logistic full],holdout,2024-03,25,5,-0.2784615384615384,0.0,-0.062243168076782984,-0.030383917288918552,-0.03185925078786443
FeatureSensitivity[Logistic full],holdout,2024-04,25,5,0.036923076923076927,0.0,0.030360446309358257,0.03858236446372112,-0.008221918154362861
FeatureSensitivity[Logistic full],holdout,2024-05,25,5,-0.06692307692307692,0.4,0.022892510524997634,0.005875083025781582,0.017017427499216052
FeatureSensitivity[Logistic full],holdout,2024-06,25,5,0.22999999999999998,0.2,0.02435272180112478,0.03019920008451921,-0.005846478283394432
FeatureSensitivity[Logistic full],holdout,2024-07,25,5,-0.09384615384615384,0.0,0.005473795982952767,0.01346176992920483,-0.007987973946252062
FeatureSensitivity[Logistic full],holdout,2024-08,25,5,0.09384615384615384,0.4,0.04818368149473771,0.030435563845465946,0.017748117649271762
FeatureSensitivity[Logistic full],holdout,2024-09,25,5,-0.006923076923076924,0.2,-0.016584523497512448,-0.01066599759797021,-0.0059185258995422384
FeatureSensitivity[Logistic full],holdout,2024-10,25,5,-0.18230769230769234,0.0,0.011921470613373097,0.028550672077839304,-0.016629201464466205
FeatureSensitivity[Logistic full],holdout,2024-11,25,5,-0.14692307692307693,0.2,-0.033175517123214295,-0.03755691302642827,0.004381395903213972
FeatureSensitivity[Logistic full],holdout,2024-12,25,5,0.07999999999999999,0.4,0.021858853712082717,0.016857384523768462,0.0050014691883142545
FeatureSensitivity[Logistic full],holdout,2025-01,25,5,-0.12307692307692307,0.0,-0.007106183726577698,0.018716172746558474,-0.025822356473136174
FeatureSensitivity[Logistic full],holdout,2025-02,25,5,-0.08538461538461539,0.4,-0.01934362911614864,-0.017615791094202037,-0.0017278380219466032
FeatureSensitivity[Logistic full],holdout,2025-03,25,5,0.20461538461538462,0.4,0.002203008839231568,-0.011693658083292195,0.013896666922523764
FeatureSensitivity[Logistic full],holdout,2025-04,25,5,-0.24846153846153846,0.2,0.01608776028751182,0.02881309536838109,-0.01272533508086927
FeatureSensitivity[Logistic full],holdout,2025-05,25,5,0.08307692307692309,0.4,0.03767917054686811,0.030568322873782115,0.007110847673085997
FeatureSensitivity[Logistic full],holdout,2025-06,25,5,0.4884615384615385,0.6,0.021418225080878806,0.006917590101351374,0.014500634979527433
FeatureSensitivity[Logistic full],holdout,2025-07,25,5,0.08384615384615385,0.2,0.014628884544634069,0.02169048330474001,-0.007061598760105942
FeatureSensitivity[Logistic full],holdout,2025-08,25,5,0.44076923076923075,0.4,0.05029174197631274,0.03573152856293321,0.014560213413379527
FeatureSensitivity[Logistic full],holdout,2025-09,25,5,0.2453846153846154,0.2,0.026166316716747896,0.011074781320471088,0.015091535396276808
FeatureSensitivity[Logistic full],holdout,2025-10,25,5,0.16846153846153847,0.4,0.0349297197018323,0.013984397630838656,0.020945322070993644
FeatureSensitivity[Logistic full],holdout,2025-11,25,5,0.06846153846153846,0.4,0.05965926943766464,0.020344476662243868,0.03931479277542077
FeatureSensitivity[Logistic full],holdout,2025-12,25,5,-0.04923076923076923,0.2,0.020546567955710193,0.030385959678018475,-0.009839391722308282
FeatureSensitivity[Logistic full],holdout,2026-01,25,5,0.021538461538461538,0.4,0.042746125832097845,0.032696402762136784,0.010049723069961061
FeatureSensitivity[Logistic full],holdout,2026-02,25,5,0.07076923076923076,0.0,-0.044800102618687096,-0.036566787634927475,-0.008233314983759621
FeatureSensitivity[Logistic full],holdout,2026-03,25,5,-0.02846153846153846,0.2,0.037978750298433075,0.05167545879192894,-0.013696708493495864
FeatureSensitivity[Logistic ticker_ablated],holdout,2020-01,25,5,-0.30615384615384617,0.0,-0.06844755812331353,-0.05404846589056889,-0.014399092232744638
FeatureSensitivity[Logistic ticker_ablated],holdout,2020-02,25,5,-0.15999999999999998,0.2,-0.1945040664659915,-0.14485390904387146,-0.049650157422120034
FeatureSensitivity[Logistic ticker_ablated],holdout,2020-03,25,5,-0.27076923076923076,0.4,0.09236869697917163,0.10528192565396917,-0.012913228674797536
FeatureSensitivity[Logistic ticker_ablated],holdout,2020-04,25,5,-0.2069230769230769,0.2,0.07102234289334394,0.05812336290824615,0.012898979985097793
FeatureSensitivity[Logistic ticker_ablated],holdout,2020-05,25,5,-0.026153846153846153,0.2,0.02374377015125524,0.019992736416336275,0.0037510337349189633
FeatureSensitivity[Logistic ticker_ablated],holdout,2020-06,25,5,0.16461538461538464,0.0,0.04379362031941758,0.05777397312960614,-0.013980352810188557
FeatureSensitivity[Logistic ticker_ablated],holdout,2020-07,25,5,-0.007692307692307692,0.2,0.04242054268897346,0.03652970801560354,0.00589083467336992
FeatureSensitivity[Logistic ticker_ablated],holdout,2020-08,25,5,-0.2030769230769231,0.2,-0.01751721813061764,-0.02717035640383174,0.0096531382732141
FeatureSensitivity[Logistic ticker_ablated],holdout,2020-09,25,5,0.06461538461538462,0.2,-0.010464814943069745,-0.010365286670362833,-9.952827270691238e-05
FeatureSensitivity[Logistic ticker_ablated],holdout,2020-10,25,5,-0.10461538461538461,0.0,0.02523563347531623,0.08653835697744494,-0.06130272350212871
FeatureSensitivity[Logistic ticker_ablated],holdout,2020-11,25,5,0.049999999999999996,0.4,0.05559692730003898,0.034227768972566054,0.021369158327472923
FeatureSensitivity[Logistic ticker_ablated],holdout,2020-12,25,5,0.04076923076923076,0.4,0.01091995925824647,0.0018480586135110454,0.009071900644735424
FeatureSensitivity[Logistic ticker_ablated],holdout,2021-01,25,5,-0.4392307692307692,0.0,-0.031284552349321815,0.01824989714597555,-0.04953444949529737
FeatureSensitivity[Logistic ticker_ablated],holdout,2021-02,25,5,-0.16538461538461538,0.0,0.004247788135968311,0.0201993859221808,-0.01595159778621249
FeatureSensitivity[Logistic ticker_ablated],holdout,2021-03,25,5,0.30076923076923073,0.4,0.051234502665429595,0.03918025257496316,0.012054250090466435
FeatureSensitivity[Logistic ticker_ablated],holdout,2021-04,25,5,0.12384615384615384,0.2,0.026750736312434097,0.019048148716519765,0.007702587595914332
FeatureSensitivity[Logistic ticker_ablated],holdout,2021-05,25,5,-0.12615384615384617,0.2,-0.013029759526090246,0.003434904352280941,-0.016464663878371186
FeatureSensitivity[Logistic ticker_ablated],holdout,2021-06,25,5,0.0007692307692307692,0.2,0.0010487055801978284,0.009919165879813771,-0.008870460299615943
FeatureSensitivity[Logistic ticker_ablated],holdout,2021-07,25,5,0.08307692307692309,0.2,-0.0006423089729378883,0.01039952364131544,-0.011041832614253328
FeatureSensitivity[Logistic ticker_ablated],holdout,2021-08,25,5,-0.17076923076923078,0.0,-0.04726261437332959,-0.029154358658308763,-0.018108255715020827
FeatureSensitivity[Logistic ticker_ablated],holdout,2021-09,25,5,0.5184615384615384,0.4,0.07665619583039543,0.04854006780562897,0.028116128024766457
FeatureSensitivity[Logistic ticker_ablated],holdout,2021-10,25,5,-0.16692307692307692,0.2,-0.014353598626560049,-0.011524036532459677,-0.0028295620941003723
FeatureSensitivity[Logistic ticker_ablated],holdout,2021-11,25,5,0.2592307692307692,0.2,0.04085736041500439,0.03087344878864287,0.009983911626361516
FeatureSensitivity[Logistic ticker_ablated],holdout,2021-12,25,5,0.32615384615384607,0.4,-0.00904377763291624,-0.0287299337079912,0.01968615607507496
FeatureSensitivity[Logistic ticker_ablated],holdout,2022-01,25,5,0.07538461538461538,0.0,-0.025312531023558814,-0.00896947976784169,-0.016343051255717125
FeatureSensitivity[Logistic ticker_ablated],holdout,2022-02,25,5,-0.09076923076923075,0.2,0.019700512451971398,0.025654978274386373,-0.0059544658224149755
FeatureSensitivity[Logistic ticker_ablated],holdout,2022-03,25,5,0.016153846153846154,0.4,-0.04449045201224981,-0.05953556928668284,0.015045117274433029
FeatureSensitivity[Logistic ticker_ablated],holdout,2022-04,25,5,-0.4015384615384615,0.0,-0.014490733844827686,0.0105368777034843,-0.025027611548311984
FeatureSensitivity[Logistic ticker_ablated],holdout,2022-05,25,5,0.06692307692307692,0.2,-0.06291951283329304,-0.07287354676954942,0.009954033936256379
FeatureSensitivity[Logistic ticker_ablated],holdout,2022-06,25,5,0.14153846153846153,0.2,0.05352178527034823,0.056556064455858174,-0.0030342791855099416
FeatureSensitivity[Logistic ticker_ablated],holdout,2022-07,25,5,-0.03923076923076923,0.2,-0.050326356670392425,-0.039556208082165256,-0.010770148588227169
FeatureSensitivity[Logistic ticker_ablated],holdout,2022-08,25,5,-0.13999999999999999,0.4,-0.03622921459140331,-0.05692393843887034,0.020694723847467032
FeatureSensitivity[Logistic ticker_ablated],holdout,2022-09,25,5,-0.15307692307692308,0.0,0.03282878678136667,0.05320740473314304,-0.020378617951776368
FeatureSensitivity[Logistic ticker_ablated],holdout,2022-10,25,5,0.15964608873889943,0.2,0.052855806542174436,0.056795269519961396,-0.00393946297778696
FeatureSensitivity[Logistic ticker_ablated],holdout,2022-11,25,5,-0.43978456506598657,0.2,-0.05833711420472145,-0.030486276160725252,-0.0278508380439962
FeatureSensitivity[Logistic ticker_ablated],holdout,2022-12,25,5,0.27307692307692305,0.6,0.08936399556375245,0.04535185405434916,0.04401214150940329
FeatureSensitivity[Logistic ticker_ablated],holdout,2023-01,25,5,-0.09615384615384616,0.4,-0.03841632451749253,-0.03678857107262458,-0.0016277534448679506
FeatureSensitivity[Logistic ticker_ablated],holdout,2023-02,25,5,-0.11307692307692309,0.6,0.0476627124881299,0.028008940352910162,0.019653772135219738
FeatureSensitivity[Logistic ticker_ablated],holdout,2023-03,25,5,-0.03461538461538462,0.4,0.025616841701010085,0.008176745800769387,0.017440095900240697
FeatureSensitivity[Logistic ticker_ablated],holdout,2023-04,25,5,-0.2630769230769231,0.2,-0.017561801404427445,-0.022281793395899748,0.004719991991472303
FeatureSensitivity[Logistic ticker_ablated],holdout,2023-05,25,5,0.21999999999999997,0.2,0.03825733574782477,0.042138594906944514,-0.003881259159119743
FeatureSensitivity[Logistic ticker_ablated],holdout,2023-06,25,5,-0.0007692307692307692,0.4,0.019099596250864014,0.024872293356172737,-0.005772697105308724
FeatureSensitivity[Logistic ticker_ablated],holdout,2023-07,25,5,-0.027692307692307697,0.2,-0.007872419311378786,-0.011716248217174666,0.00384382890579588
FeatureSensitivity[Logistic ticker_ablated],holdout,2023-08,25,5,-0.5653846153846154,0.0,-0.08013237691945825,-0.052001299364702526,-0.028131077554755725
FeatureSensitivity[Logistic ticker_ablated],holdout,2023-09,25,5,-0.14384615384615382,0.6,0.013267885940884105,-0.014257887335020989,0.027525773275905094
FeatureSensitivity[Logistic ticker_ablated],holdout,2023-10,25,5,0.3253846153846154,0.4,0.09434558328687284,0.07028743057723308,0.024058152709639763
FeatureSensitivity[Logistic ticker_ablated],holdout,2023-11,25,5,-0.3238461538461538,0.0,0.011066474844980956,0.03833098728499573,-0.027264512440014776
FeatureSensitivity[Logistic ticker_ablated],holdout,2023-12,25,5,0.07384615384615385,0.4,0.0027334234245310896,-0.0016679543067350355,0.0044013777312661255
FeatureSensitivity[Logistic ticker_ablated],holdout,2024-01,25,5,-0.07153846153846154,0.4,0.02172812179707282,0.022007474886037128,-0.0002793530889643077
FeatureSensitivity[Logistic ticker_ablated],holdout,2024-02,25,5,-0.2623076923076923,0.2,0.026207954028588352,0.03547266530028931,-0.009264711271700955
FeatureSensitivity[Logistic ticker_ablated],holdout,2024-03,25,5,-0.2784615384615384,0.0,-0.062243168076782984,-0.030383917288918552,-0.03185925078786443
FeatureSensitivity[Logistic ticker_ablated],holdout,2024-04,25,5,0.02846153846153846,0.0,0.030360446309358257,0.03858236446372112,-0.008221918154362861
FeatureSensitivity[Logistic ticker_ablated],holdout,2024-05,25,5,-0.07615384615384616,0.4,0.022892510524997634,0.005875083025781582,0.017017427499216052
FeatureSensitivity[Logistic ticker_ablated],holdout,2024-06,25,5,0.22846153846153847,0.2,0.02435272180112478,0.03019920008451921,-0.005846478283394432
FeatureSensitivity[Logistic ticker_ablated],holdout,2024-07,25,5,-0.09384615384615384,0.0,0.005473795982952767,0.01346176992920483,-0.007987973946252062
FeatureSensitivity[Logistic ticker_ablated],holdout,2024-08,25,5,0.09384615384615384,0.4,0.04818368149473771,0.030435563845465946,0.017748117649271762
FeatureSensitivity[Logistic ticker_ablated],holdout,2024-09,25,5,-0.006923076923076924,0.2,-0.016584523497512448,-0.01066599759797021,-0.0059185258995422384
FeatureSensitivity[Logistic ticker_ablated],holdout,2024-10,25,5,-0.18230769230769234,0.0,0.011921470613373097,0.028550672077839304,-0.016629201464466205
FeatureSensitivity[Logistic ticker_ablated],holdout,2024-11,25,5,-0.13,0.2,-0.033175517123214295,-0.03755691302642827,0.004381395903213972
FeatureSensitivity[Logistic ticker_ablated],holdout,2024-12,25,5,0.07999999999999999,0.4,0.021858853712082717,0.016857384523768462,0.0050014691883142545
FeatureSensitivity[Logistic ticker_ablated],holdout,2025-01,25,5,-0.12461538461538461,0.0,-0.007106183726577698,0.018716172746558474,-0.025822356473136174
FeatureSensitivity[Logistic ticker_ablated],holdout,2025-02,25,5,-0.08538461538461539,0.4,-0.01934362911614864,-0.017615791094202037,-0.0017278380219466032
FeatureSensitivity[Logistic ticker_ablated],holdout,2025-03,25,5,0.20461538461538462,0.4,0.002203008839231568,-0.011693658083292195,0.013896666922523764
FeatureSensitivity[Logistic ticker_ablated],holdout,2025-04,25,5,-0.24846153846153846,0.2,0.01608776028751182,0.02881309536838109,-0.01272533508086927
FeatureSensitivity[Logistic ticker_ablated],holdout,2025-05,25,5,0.08307692307692309,0.4,0.03767917054686811,0.030568322873782115,0.007110847673085997
FeatureSensitivity[Logistic ticker_ablated],holdout,2025-06,25,5,0.4815384615384616,0.6,0.021418225080878806,0.006917590101351374,0.014500634979527433
FeatureSensitivity[Logistic ticker_ablated],holdout,2025-07,25,5,0.08384615384615385,0.2,0.014628884544634069,0.02169048330474001,-0.007061598760105942
FeatureSensitivity[Logistic ticker_ablated],holdout,2025-08,25,5,0.44076923076923075,0.4,0.05029174197631274,0.03573152856293321,0.014560213413379527
FeatureSensitivity[Logistic ticker_ablated],holdout,2025-09,25,5,0.24230769230769234,0.2,0.026166316716747896,0.011074781320471088,0.015091535396276808
FeatureSensitivity[Logistic ticker_ablated],holdout,2025-10,25,5,0.18,0.4,0.0349297197018323,0.013984397630838656,0.020945322070993644
FeatureSensitivity[Logistic ticker_ablated],holdout,2025-11,25,5,0.06846153846153846,0.4,0.05965926943766464,0.020344476662243868,0.03931479277542077
FeatureSensitivity[Logistic ticker_ablated],holdout,2025-12,25,5,-0.05615384615384616,0.2,0.020546567955710193,0.030385959678018475,-0.009839391722308282
FeatureSensitivity[Logistic ticker_ablated],holdout,2026-01,25,5,0.021538461538461538,0.4,0.042746125832097845,0.032696402762136784,0.010049723069961061
FeatureSensitivity[Logistic ticker_ablated],holdout,2026-02,25,5,0.06999999999999999,0.0,-0.044800102618687096,-0.036566787634927475,-0.008233314983759621
FeatureSensitivity[Logistic ticker_ablated],holdout,2026-03,25,5,-0.02846153846153846,0.2,0.037978750298433075,0.05167545879192894,-0.013696708493495864
FeatureSensitivity[Logistic identity_ablated],holdout,2020-01,25,5,-0.30615384615384617,0.0,-0.06844755812331353,-0.05404846589056889,-0.014399092232744638
FeatureSensitivity[Logistic identity_ablated],holdout,2020-02,25,5,-0.17307692307692307,0.2,-0.1945040664659915,-0.14485390904387146,-0.049650157422120034
FeatureSensitivity[Logistic identity_ablated],holdout,2020-03,25,5,-0.27076923076923076,0.4,0.09236869697917163,0.10528192565396917,-0.012913228674797536
FeatureSensitivity[Logistic identity_ablated],holdout,2020-04,25,5,-0.2069230769230769,0.2,0.07102234289334394,0.05812336290824615,0.012898979985097793
FeatureSensitivity[Logistic identity_ablated],holdout,2020-05,25,5,-0.03307692307692307,0.2,0.02374377015125524,0.019992736416336275,0.0037510337349189633
FeatureSensitivity[Logistic identity_ablated],holdout,2020-06,25,5,0.16461538461538464,0.0,0.04379362031941758,0.05777397312960614,-0.013980352810188557
FeatureSensitivity[Logistic identity_ablated],holdout,2020-07,25,5,-0.007692307692307692,0.2,0.04242054268897346,0.03652970801560354,0.00589083467336992
FeatureSensitivity[Logistic identity_ablated],holdout,2020-08,25,5,-0.20384615384615384,0.2,-0.01751721813061764,-0.02717035640383174,0.0096531382732141
FeatureSensitivity[Logistic identity_ablated],holdout,2020-09,25,5,0.05384615384615384,0.2,-0.010464814943069745,-0.010365286670362833,-9.952827270691238e-05
FeatureSensitivity[Logistic identity_ablated],holdout,2020-10,25,5,-0.10461538461538461,0.0,0.02523563347531623,0.08653835697744494,-0.06130272350212871
FeatureSensitivity[Logistic identity_ablated],holdout,2020-11,25,5,0.052307692307692305,0.4,0.05559692730003898,0.034227768972566054,0.021369158327472923
FeatureSensitivity[Logistic identity_ablated],holdout,2020-12,25,5,0.04076923076923076,0.4,0.01091995925824647,0.0018480586135110454,0.009071900644735424
FeatureSensitivity[Logistic identity_ablated],holdout,2021-01,25,5,-0.4392307692307692,0.0,-0.031284552349321815,0.01824989714597555,-0.04953444949529737
FeatureSensitivity[Logistic identity_ablated],holdout,2021-02,25,5,-0.16538461538461538,0.0,0.004247788135968311,0.0201993859221808,-0.01595159778621249
FeatureSensitivity[Logistic identity_ablated],holdout,2021-03,25,5,0.30076923076923073,0.4,0.051234502665429595,0.03918025257496316,0.012054250090466435
FeatureSensitivity[Logistic identity_ablated],holdout,2021-04,25,5,0.1176923076923077,0.2,0.026750736312434097,0.019048148716519765,0.007702587595914332
FeatureSensitivity[Logistic identity_ablated],holdout,2021-05,25,5,-0.13,0.2,-0.013029759526090246,0.003434904352280941,-0.016464663878371186
FeatureSensitivity[Logistic identity_ablated],holdout,2021-06,25,5,0.0007692307692307692,0.2,0.0010487055801978284,0.009919165879813771,-0.008870460299615943
FeatureSensitivity[Logistic identity_ablated],holdout,2021-07,25,5,0.07999999999999999,0.2,-0.0006423089729378883,0.01039952364131544,-0.011041832614253328
FeatureSensitivity[Logistic identity_ablated],holdout,2021-08,25,5,-0.17615384615384613,0.0,-0.04726261437332959,-0.029154358658308763,-0.018108255715020827
FeatureSensitivity[Logistic identity_ablated],holdout,2021-09,25,5,0.5238461538461539,0.4,0.07665619583039543,0.04854006780562897,0.028116128024766457
FeatureSensitivity[Logistic identity_ablated],holdout,2021-10,25,5,-0.16692307692307692,0.2,-0.014353598626560049,-0.011524036532459677,-0.0028295620941003723
FeatureSensitivity[Logistic identity_ablated],holdout,2021-11,25,5,0.2646153846153846,0.2,0.04085736041500439,0.03087344878864287,0.009983911626361516
FeatureSensitivity[Logistic identity_ablated],holdout,2021-12,25,5,0.32076923076923075,0.4,-0.00904377763291624,-0.0287299337079912,0.01968615607507496
FeatureSensitivity[Logistic identity_ablated],holdout,2022-01,25,5,0.07999999999999999,0.0,-0.025312531023558814,-0.00896947976784169,-0.016343051255717125
FeatureSensitivity[Logistic identity_ablated],holdout,2022-02,25,5,-0.09923076923076923,0.2,0.019700512451971398,0.025654978274386373,-0.0059544658224149755
FeatureSensitivity[Logistic identity_ablated],holdout,2022-03,25,5,0.016153846153846154,0.4,-0.04449045201224981,-0.05953556928668284,0.015045117274433029
FeatureSensitivity[Logistic identity_ablated],holdout,2022-04,25,5,-0.4015384615384615,0.0,-0.014490733844827686,0.0105368777034843,-0.025027611548311984
FeatureSensitivity[Logistic identity_ablated],holdout,2022-05,25,5,0.06692307692307692,0.2,-0.06291951283329304,-0.07287354676954942,0.009954033936256379
FeatureSensitivity[Logistic identity_ablated],holdout,2022-06,25,5,0.1346153846153846,0.2,0.04392760564314768,0.056556064455858174,-0.012628458812710491
FeatureSensitivity[Logistic identity_ablated],holdout,2022-07,25,5,-0.03923076923076923,0.2,-0.050326356670392425,-0.039556208082165256,-0.010770148588227169
FeatureSensitivity[Logistic identity_ablated],holdout,2022-08,25,5,-0.13999999999999999,0.4,-0.03622921459140331,-0.05692393843887034,0.020694723847467032
FeatureSensitivity[Logistic identity_ablated],holdout,2022-09,25,5,-0.15307692307692308,0.0,0.03282878678136667,0.05320740473314304,-0.020378617951776368
FeatureSensitivity[Logistic identity_ablated],holdout,2022-10,25,5,0.1723076923076923,0.2,0.052855806542174436,0.056795269519961396,-0.00393946297778696
FeatureSensitivity[Logistic identity_ablated],holdout,2022-11,25,5,-0.43956902940353076,0.2,-0.05833711420472145,-0.030486276160725252,-0.0278508380439962
FeatureSensitivity[Logistic identity_ablated],holdout,2022-12,25,5,0.2630769230769231,0.6,0.08936399556375245,0.04535185405434916,0.04401214150940329
FeatureSensitivity[Logistic identity_ablated],holdout,2023-01,25,5,-0.09538461538461537,0.4,-0.03841632451749253,-0.03678857107262458,-0.0016277534448679506
FeatureSensitivity[Logistic identity_ablated],holdout,2023-02,25,5,-0.10153846153846155,0.6,0.0476627124881299,0.028008940352910162,0.019653772135219738
FeatureSensitivity[Logistic identity_ablated],holdout,2023-03,25,5,-0.03461538461538462,0.4,0.025616841701010085,0.008176745800769387,0.017440095900240697
FeatureSensitivity[Logistic identity_ablated],holdout,2023-04,25,5,-0.2630769230769231,0.2,-0.017561801404427445,-0.022281793395899748,0.004719991991472303
FeatureSensitivity[Logistic identity_ablated],holdout,2023-05,25,5,0.21999999999999997,0.2,0.03825733574782477,0.042138594906944514,-0.003881259159119743
FeatureSensitivity[Logistic identity_ablated],holdout,2023-06,25,5,-0.013846153846153848,0.4,0.019099596250864014,0.024872293356172737,-0.005772697105308724
FeatureSensitivity[Logistic identity_ablated],holdout,2023-07,25,5,-0.027692307692307697,0.2,-0.007872419311378786,-0.011716248217174666,0.00384382890579588
FeatureSensitivity[Logistic identity_ablated],holdout,2023-08,25,5,-0.5646153846153846,0.0,-0.08013237691945825,-0.052001299364702526,-0.028131077554755725
FeatureSensitivity[Logistic identity_ablated],holdout,2023-09,25,5,-0.14384615384615382,0.6,0.013267885940884105,-0.014257887335020989,0.027525773275905094
FeatureSensitivity[Logistic identity_ablated],holdout,2023-10,25,5,0.3253846153846154,0.4,0.09434558328687284,0.07028743057723308,0.024058152709639763
FeatureSensitivity[Logistic identity_ablated],holdout,2023-11,25,5,-0.3238461538461538,0.0,0.011066474844980956,0.03833098728499573,-0.027264512440014776
FeatureSensitivity[Logistic identity_ablated],holdout,2023-12,25,5,0.07384615384615385,0.4,0.0027334234245310896,-0.0016679543067350355,0.0044013777312661255
FeatureSensitivity[Logistic identity_ablated],holdout,2024-01,25,5,-0.07153846153846154,0.4,0.02172812179707282,0.022007474886037128,-0.0002793530889643077
FeatureSensitivity[Logistic identity_ablated],holdout,2024-02,25,5,-0.2623076923076923,0.2,0.026207954028588352,0.03547266530028931,-0.009264711271700955
FeatureSensitivity[Logistic identity_ablated],holdout,2024-03,25,5,-0.2784615384615384,0.0,-0.062243168076782984,-0.030383917288918552,-0.03185925078786443
FeatureSensitivity[Logistic identity_ablated],holdout,2024-04,25,5,0.02846153846153846,0.0,0.030360446309358257,0.03858236446372112,-0.008221918154362861
FeatureSensitivity[Logistic identity_ablated],holdout,2024-05,25,5,-0.07615384615384616,0.4,0.022892510524997634,0.005875083025781582,0.017017427499216052
FeatureSensitivity[Logistic identity_ablated],holdout,2024-06,25,5,0.23307692307692307,0.2,0.02435272180112478,0.03019920008451921,-0.005846478283394432
FeatureSensitivity[Logistic identity_ablated],holdout,2024-07,25,5,-0.09384615384615384,0.0,0.005473795982952767,0.01346176992920483,-0.007987973946252062
FeatureSensitivity[Logistic identity_ablated],holdout,2024-08,25,5,0.09384615384615384,0.4,0.04818368149473771,0.030435563845465946,0.017748117649271762
FeatureSensitivity[Logistic identity_ablated],holdout,2024-09,25,5,-0.006923076923076924,0.2,-0.016584523497512448,-0.01066599759797021,-0.0059185258995422384
FeatureSensitivity[Logistic identity_ablated],holdout,2024-10,25,5,-0.18230769230769234,0.0,0.011921470613373097,0.028550672077839304,-0.016629201464466205
FeatureSensitivity[Logistic identity_ablated],holdout,2024-11,25,5,-0.13,0.2,-0.033175517123214295,-0.03755691302642827,0.004381395903213972
FeatureSensitivity[Logistic identity_ablated],holdout,2024-12,25,5,0.07999999999999999,0.4,0.021858853712082717,0.016857384523768462,0.0050014691883142545
FeatureSensitivity[Logistic identity_ablated],holdout,2025-01,25,5,-0.12307692307692307,0.0,-0.007106183726577698,0.018716172746558474,-0.025822356473136174
FeatureSensitivity[Logistic identity_ablated],holdout,2025-02,25,5,-0.08538461538461539,0.4,-0.01934362911614864,-0.017615791094202037,-0.0017278380219466032
FeatureSensitivity[Logistic identity_ablated],holdout,2025-03,25,5,0.19307692307692306,0.4,0.002203008839231568,-0.011693658083292195,0.013896666922523764
FeatureSensitivity[Logistic identity_ablated],holdout,2025-04,25,5,-0.26076923076923075,0.2,0.01608776028751182,0.02881309536838109,-0.01272533508086927
FeatureSensitivity[Logistic identity_ablated],holdout,2025-05,25,5,0.08307692307692309,0.4,0.03767917054686811,0.030568322873782115,0.007110847673085997
FeatureSensitivity[Logistic identity_ablated],holdout,2025-06,25,5,0.4692307692307692,0.6,0.021418225080878806,0.006917590101351374,0.014500634979527433
FeatureSensitivity[Logistic identity_ablated],holdout,2025-07,25,5,0.08384615384615385,0.2,0.014628884544634069,0.02169048330474001,-0.007061598760105942
FeatureSensitivity[Logistic identity_ablated],holdout,2025-08,25,5,0.44076923076923075,0.4,0.05029174197631274,0.03573152856293321,0.014560213413379527
FeatureSensitivity[Logistic identity_ablated],holdout,2025-09,25,5,0.25076923076923074,0.2,0.026166316716747896,0.011074781320471088,0.015091535396276808
FeatureSensitivity[Logistic identity_ablated],holdout,2025-10,25,5,0.18,0.4,0.0349297197018323,0.013984397630838656,0.020945322070993644
FeatureSensitivity[Logistic identity_ablated],holdout,2025-11,25,5,0.06846153846153846,0.4,0.05965926943766464,0.020344476662243868,0.03931479277542077
FeatureSensitivity[Logistic identity_ablated],holdout,2025-12,25,5,-0.04769230769230769,0.2,0.020546567955710193,0.030385959678018475,-0.009839391722308282
FeatureSensitivity[Logistic identity_ablated],holdout,2026-01,25,5,0.022307692307692306,0.4,0.042746125832097845,0.032696402762136784,0.010049723069961061
FeatureSensitivity[Logistic identity_ablated],holdout,2026-02,25,5,0.06999999999999999,0.0,-0.044800102618687096,-0.036566787634927475,-0.008233314983759621
FeatureSensitivity[Logistic identity_ablated],holdout,2026-03,25,5,-0.02846153846153846,0.2,0.037978750298433075,0.05167545879192894,-0.013696708493495864
FeatureSensitivity[Logistic metadata_only],holdout,2020-01,25,5,0.03962300515688347,0.4,-0.020397035539986598,-0.05404846589056889,0.033651430350582295
FeatureSensitivity[Logistic metadata_only],holdout,2020-02,25,5,-0.15887670999798906,0.4,-0.09220609046682815,-0.14485390904387146,0.052647818577043315
FeatureSensitivity[Logistic metadata_only],holdout,2020-03,25,5,0.1065589556160847,0.0,0.07937151051243199,0.10528192565396917,-0.025910415141537177
FeatureSensitivity[Logistic metadata_only],holdout,2020-04,25,5,0.2146566687139901,0.4,0.0696172903722041,0.05812336290824615,0.01149392746395795
FeatureSensitivity[Logistic metadata_only],holdout,2020-05,25,5,0.25466436324132874,0.2,0.028752161224284433,0.019992736416336275,0.008759424807948158
FeatureSensitivity[Logistic metadata_only],holdout,2020-06,25,5,0.4277745799461594,0.4,0.11603582248462621,0.05777397312960614,0.05826184935502007
FeatureSensitivity[Logistic metadata_only],holdout,2020-07,25,5,0.04346989886143527,0.4,0.05299560717477236,0.03652970801560354,0.016465899159168823
FeatureSensitivity[Logistic metadata_only],holdout,2020-08,25,5,-0.32160031370052994,0.2,-0.05665581791189509,-0.02717035640383174,-0.029485461508063353
FeatureSensitivity[Logistic metadata_only],holdout,2020-09,25,5,0.05924216305009762,0.2,-0.019442365117299555,-0.010365286670362833,-0.009077078446936723
FeatureSensitivity[Logistic metadata_only],holdout,2020-10,25,5,-0.09040200205696715,0.0,0.030727429093103175,0.08653835697744494,-0.05581092788434176
FeatureSensitivity[Logistic metadata_only],holdout,2020-11,25,5,0.20580881319352093,0.4,0.059351438940637616,0.034227768972566054,0.02512366996807156
FeatureSensitivity[Logistic metadata_only],holdout,2020-12,25,5,0.2027312982298795,0.2,0.003895349391852587,0.0018480586135110454,0.0020472907783415416
FeatureSensitivity[Logistic metadata_only],holdout,2021-01,25,5,-0.13887286273431976,0.0,-0.03646955095321121,0.01824989714597555,-0.05471944809918676
FeatureSensitivity[Logistic metadata_only],holdout,2021-02,25,5,-0.1754183529275618,0.0,-0.012646348951207753,0.0201993859221808,-0.03284573487338856
FeatureSensitivity[Logistic metadata_only],holdout,2021-03,25,5,0.35506828893013054,0.4,0.05101161843680076,0.03918025257496316,0.011831365861837598
FeatureSensitivity[Logistic metadata_only],holdout,2021-04,25,5,0.10578957687517432,0.4,0.026297074236201333,0.019048148716519765,0.007248925519681568
FeatureSensitivity[Logistic metadata_only],holdout,2021-05,25,5,0.055779958716001006,0.4,-0.0025178497542145627,0.003434904352280941,-0.005952754106495504
FeatureSensitivity[Logistic metadata_only],holdout,2021-06,25,5,0.13040969658430582,0.4,0.022362454682740517,0.009919165879813771,0.012443288802926746
FeatureSensitivity[Logistic metadata_only],holdout,2021-07,25,5,0.02269667285685558,0.2,0.0019020190877693244,0.01039952364131544,-0.008497504553546116
FeatureSensitivity[Logistic metadata_only],holdout,2021-08,25,5,-0.43085209490980086,0.0,-0.04845683164571244,-0.029154358658308763,-0.019302472987403677
FeatureSensitivity[Logistic metadata_only],holdout,2021-09,25,5,0.3531448420778547,0.2,0.048065879393141844,0.04854006780562897,-0.0004741884124871282
FeatureSensitivity[Logistic metadata_only],holdout,2021-10,25,5,0.06501250360692531,0.4,0.002959802100249642,-0.011524036532459677,0.014483838632709318
FeatureSensitivity[Logistic metadata_only],holdout,2021-11,25,5,-0.09848047883652591,0.2,0.020149279263423626,0.03087344878864287,-0.010724169525219245
FeatureSensitivity[Logistic metadata_only],holdout,2021-12,25,5,-0.02308136222731076,0.4,-0.035474194402817315,-0.0287299337079912,-0.006744260694826115
FeatureSensitivity[Logistic metadata_only],holdout,2022-01,25,5,0.06385843549555978,0.4,0.008733536849543366,-0.00896947976784169,0.017703016617385055
FeatureSensitivity[Logistic metadata_only],holdout,2022-02,25,5,0.16926332300027894,0.0,0.004553606770503871,0.025654978274386373,-0.021101371503882502
FeatureSensitivity[Logistic metadata_only],holdout,2022-03,25,5,-0.17118676985255482,0.2,-0.0739517545302963,-0.05953556928668284,-0.01441618524361346
FeatureSensitivity[Logistic metadata_only],holdout,2022-04,25,5,-0.3793037192688068,0.0,-0.014549400467523243,0.0105368777034843,-0.025086278171007545
FeatureSensitivity[Logistic metadata_only],holdout,2022-05,25,5,-0.2235045242344592,0.2,-0.06549819713691578,-0.07287354676954942,0.007375349632633643
FeatureSensitivity[Logistic metadata_only],holdout,2022-06,25,5,0.0873244870933257,0.2,0.05141969021852475,0.056556064455858174,-0.005136374237333423
FeatureSensitivity[Logistic metadata_only],holdout,2022-07,25,5,-0.24735526520268034,0.0,-0.0716847529649883,-0.039556208082165256,-0.032128544882823046
FeatureSensitivity[Logistic metadata_only],holdout,2022-08,25,5,-0.24427775023903892,0.4,-0.03136703543154311,-0.05692393843887034,0.025556903007327235
FeatureSensitivity[Logistic metadata_only],holdout,2022-09,25,5,-0.2161954261958108,0.0,0.0066573338191831645,0.05320740473314304,-0.04655007091395987
FeatureSensitivity[Logistic metadata_only],holdout,2022-10,25,5,0.3162146625141575,0.4,0.07711695900371392,0.056795269519961396,0.02032168948375252
FeatureSensitivity[Logistic metadata_only],holdout,2022-11,25,5,-0.028851702784138455,0.4,-0.0036297548696373914,-0.030486276160725252,0.02685652129108786
FeatureSensitivity[Logistic metadata_only],holdout,2022-12,25,5,0.24273899275721816,0.2,0.04890172683164049,0.04535185405434916,0.003549872777291331
FeatureSensitivity[Logistic metadata_only],holdout,2023-01,25,5,-0.3589151826346823,0.2,-0.05593877966401646,-0.03678857107262458,-0.019150208591391882
FeatureSensitivity[Logistic metadata_only],holdout,2023-02,25,5,0.28197730854364644,0.8,0.07056276456579505,0.028008940352910162,0.04255382421288489
FeatureSensitivity[Logistic metadata_only],holdout,2023-03,25,5,-0.09424889576151894,0.2,0.019217160124721744,0.008176745800769387,0.011040414323952356
FeatureSensitivity[Logistic metadata_only],holdout,2023-04,25,5,-0.1842662084480309,0.2,-0.01533945972322368,-0.022281793395899748,0.006942333672676068
FeatureSensitivity[Logistic metadata_only],holdout,2023-05,25,5,0.033083285859145425,0.0,0.014027423268934002,0.042138594906944514,-0.02811117163801051
FeatureSensitivity[Logistic metadata_only],holdout,2023-06,25,5,0.20580881319352093,0.2,0.015623139726904767,0.024872293356172737,-0.00924915362926797
FeatureSensitivity[Logistic metadata_only],holdout,2023-07,25,5,-0.09078669142742232,0.2,-0.009105026992600185,-0.011716248217174666,0.002611221224574481
FeatureSensitivity[Logistic metadata_only],holdout,2023-08,25,5,-0.6335833931396804,0.0,-0.08393060709428532,-0.052001299364702526,-0.031929307729582794
FeatureSensitivity[Logistic metadata_only],holdout,2023-09,25,5,-0.10348144065244323,0.6,0.013613752049213002,-0.014257887335020989,0.02787163938423399
FeatureSensitivity[Logistic metadata_only],holdout,2023-10,25,5,0.35237546333694425,0.6,0.09359704545412936,0.07028743057723308,0.023309614876896284
FeatureSensitivity[Logistic metadata_only],holdout,2023-11,25,5,0.02308136222731076,0.4,0.032615199451071455,0.03833098728499573,-0.005715787833924277
FeatureSensitivity[Logistic metadata_only],holdout,2023-12,25,5,-0.4827851599212501,0.2,-0.012081819882400336,-0.0016679543067350355,-0.0104138655756653
FeatureSensitivity[Logistic metadata_only],holdout,2024-01,25,5,0.033467975229600606,0.0,0.004661114486675544,0.022007474886037128,-0.017346360399361584
FeatureSensitivity[Logistic metadata_only],holdout,2024-02,25,5,0.26812849120726,0.4,0.04898684262963591,0.03547266530028931,0.0135141773293466
FeatureSensitivity[Logistic metadata_only],holdout,2024-03,25,5,-0.04693210319553188,0.4,-0.026369640550949723,-0.030383917288918552,0.004014276737968829
FeatureSensitivity[Logistic metadata_only],holdout,2024-04,25,5,0.287362959730019,0.4,0.06568756463888378,0.03858236446372112,0.027105200175162665
FeatureSensitivity[Logistic metadata_only],holdout,2024-05,25,5,-0.1511829225888855,0.2,0.008459645077190414,0.005875083025781582,0.0025845620514088315
FeatureSensitivity[Logistic metadata_only],holdout,2024-06,25,5,0.10886709183881577,0.2,0.031575562883864386,0.03019920008451921,0.0013763627993451759
FeatureSensitivity[Logistic metadata_only],holdout,2024-07,25,5,-0.1754183529275618,0.0,0.010677567880726092,0.01346176992920483,-0.002784202048478738
FeatureSensitivity[Logistic metadata_only],holdout,2024-08,25,5,0.4597037976939393,0.4,0.05361603697828019,0.030435563845465946,0.023180473132814246
FeatureSensitivity[Logistic metadata_only],holdout,2024-09,25,5,0.21888825178899704,0.4,-0.0046287106127427926,-0.01066599759797021,0.006037286985227417
FeatureSensitivity[Logistic metadata_only],holdout,2024-10,25,5,-0.11886901547065043,0.0,-0.0030133006347372593,0.028550672077839304,-0.03156397271257656
FeatureSensitivity[Logistic metadata_only],holdout,2024-11,25,5,-0.19234468522758968,0.2,-0.034372525061590053,-0.03755691302642827,0.003184387964838213
FeatureSensitivity[Logistic metadata_only],holdout,2024-12,25,5,0.09771110009561555,0.4,0.023003597062223213,0.016857384523768462,0.006146212538454751
FeatureSensitivity[Logistic metadata_only],holdout,2025-01,25,5,0.14887478636615442,0.2,0.02374435608774439,0.018716172746558474,0.005028183341185915
FeatureSensitivity[Logistic metadata_only],holdout,2025-02,25,5,0.15579919503434764,0.4,0.008841447753829912,-0.017615791094202037,0.02645723884803195
FeatureSensitivity[Logistic metadata_only],holdout,2025-03,25,5,-0.029236392154593633,0.4,-0.003033751723607381,-0.011693658083292195,0.008659906359684815
FeatureSensitivity[Logistic metadata_only],holdout,2025-04,25,5,0.2354298947185698,0.2,0.02419314375695709,0.02881309536838109,-0.004619951611423999
FeatureSensitivity[Logistic metadata_only],holdout,2025-05,25,5,0.15156761195934065,0.4,0.04260232675462736,0.030568322873782115,0.012034003880845249
FeatureSensitivity[Logistic metadata_only],holdout,2025-06,25,5,0.3973841196802003,0.4,0.013038013587630282,0.006917590101351374,0.0061204234862789085
FeatureSensitivity[Logistic metadata_only],holdout,2025-07,25,5,0.027697634672772916,0.2,0.022723095349174695,0.02169048330474001,0.0010326120444346838
FeatureSensitivity[Logistic metadata_only],holdout,2025-08,25,5,0.4020003921256624,0.6,0.08627217210382998,0.03573152856293321,0.05054064354089677
FeatureSensitivity[Logistic metadata_only],holdout,2025-09,25,5,0.13771879462295422,0.4,0.02349329325308882,0.011074781320471088,0.012418511932617731
FeatureSensitivity[Logistic metadata_only],holdout,2025-10,25,5,0.14271975643887153,0.4,0.03758311960296727,0.013984397630838656,0.023598721972128617
FeatureSensitivity[Logistic metadata_only],holdout,2025-11,25,5,0.028082324043228094,0.4,0.06504835869178216,0.020344476662243868,0.04470388202953829
FeatureSensitivity[Logistic metadata_only],holdout,2025-12,25,5,0.2538949845004184,0.4,0.0381801641382451,0.030385959678018475,0.007794204460226623
FeatureSensitivity[Logistic metadata_only],holdout,2026-01,25,5,0.4466243590984632,0.4,0.053714537511457806,0.032696402762136784,0.021018134749321023
FeatureSensitivity[Logistic metadata_only],holdout,2026-02,25,5,-0.34045009285283373,0.0,-0.07815928322996064,-0.036566787634927475,-0.04159249559503317
FeatureSensitivity[Logistic metadata_only],holdout,2026-03,25,5,0.007309098038648408,0.2,0.04854394797131325,0.05167545879192894,-0.0031315108206156905
FeatureSensitivity[Logistic strict_time_series],holdout,2020-01,25,5,-0.30615384615384617,0.0,-0.06844755812331353,-0.05404846589056889,-0.014399092232744638
FeatureSensitivity[Logistic strict_time_series],holdout,2020-02,25,5,-0.17307692307692307,0.2,-0.1945040664659915,-0.14485390904387146,-0.049650157422120034
FeatureSensitivity[Logistic strict_time_series],holdout,2020-03,25,5,-0.27076923076923076,0.4,0.09236869697917163,0.10528192565396917,-0.012913228674797536
FeatureSensitivity[Logistic strict_time_series],holdout,2020-04,25,5,-0.2069230769230769,0.2,0.07102234289334394,0.05812336290824615,0.012898979985097793
FeatureSensitivity[Logistic strict_time_series],holdout,2020-05,25,5,-0.03307692307692307,0.2,0.02374377015125524,0.019992736416336275,0.0037510337349189633
FeatureSensitivity[Logistic strict_time_series],holdout,2020-06,25,5,0.16461538461538464,0.0,0.04379362031941758,0.05777397312960614,-0.013980352810188557
FeatureSensitivity[Logistic strict_time_series],holdout,2020-07,25,5,-0.007692307692307692,0.2,0.04242054268897346,0.03652970801560354,0.00589083467336992
FeatureSensitivity[Logistic strict_time_series],holdout,2020-08,25,5,-0.20384615384615384,0.2,-0.01751721813061764,-0.02717035640383174,0.0096531382732141
FeatureSensitivity[Logistic strict_time_series],holdout,2020-09,25,5,0.05384615384615384,0.2,-0.010464814943069745,-0.010365286670362833,-9.952827270691238e-05
FeatureSensitivity[Logistic strict_time_series],holdout,2020-10,25,5,-0.10461538461538461,0.0,0.02523563347531623,0.08653835697744494,-0.06130272350212871
FeatureSensitivity[Logistic strict_time_series],holdout,2020-11,25,5,0.052307692307692305,0.4,0.05559692730003898,0.034227768972566054,0.021369158327472923
FeatureSensitivity[Logistic strict_time_series],holdout,2020-12,25,5,0.04076923076923076,0.4,0.01091995925824647,0.0018480586135110454,0.009071900644735424
FeatureSensitivity[Logistic strict_time_series],holdout,2021-01,25,5,-0.4392307692307692,0.0,-0.031284552349321815,0.01824989714597555,-0.04953444949529737
FeatureSensitivity[Logistic strict_time_series],holdout,2021-02,25,5,-0.16538461538461538,0.0,0.004247788135968311,0.0201993859221808,-0.01595159778621249
FeatureSensitivity[Logistic strict_time_series],holdout,2021-03,25,5,0.30076923076923073,0.4,0.051234502665429595,0.03918025257496316,0.012054250090466435
FeatureSensitivity[Logistic strict_time_series],holdout,2021-04,25,5,0.1176923076923077,0.2,0.026750736312434097,0.019048148716519765,0.007702587595914332
FeatureSensitivity[Logistic strict_time_series],holdout,2021-05,25,5,-0.13,0.2,-0.013029759526090246,0.003434904352280941,-0.016464663878371186
FeatureSensitivity[Logistic strict_time_series],holdout,2021-06,25,5,0.0007692307692307692,0.2,0.0010487055801978284,0.009919165879813771,-0.008870460299615943
FeatureSensitivity[Logistic strict_time_series],holdout,2021-07,25,5,0.07999999999999999,0.2,-0.0006423089729378883,0.01039952364131544,-0.011041832614253328
FeatureSensitivity[Logistic strict_time_series],holdout,2021-08,25,5,-0.17615384615384613,0.0,-0.04726261437332959,-0.029154358658308763,-0.018108255715020827
FeatureSensitivity[Logistic strict_time_series],holdout,2021-09,25,5,0.5238461538461539,0.4,0.07665619583039543,0.04854006780562897,0.028116128024766457
FeatureSensitivity[Logistic strict_time_series],holdout,2021-10,25,5,-0.16692307692307692,0.2,-0.014353598626560049,-0.011524036532459677,-0.0028295620941003723
FeatureSensitivity[Logistic strict_time_series],holdout,2021-11,25,5,0.2646153846153846,0.2,0.04085736041500439,0.03087344878864287,0.009983911626361516
FeatureSensitivity[Logistic strict_time_series],holdout,2021-12,25,5,0.32076923076923075,0.4,-0.00904377763291624,-0.0287299337079912,0.01968615607507496
FeatureSensitivity[Logistic strict_time_series],holdout,2022-01,25,5,0.07999999999999999,0.0,-0.025312531023558814,-0.00896947976784169,-0.016343051255717125
FeatureSensitivity[Logistic strict_time_series],holdout,2022-02,25,5,-0.09923076923076923,0.2,0.019700512451971398,0.025654978274386373,-0.0059544658224149755
FeatureSensitivity[Logistic strict_time_series],holdout,2022-03,25,5,0.016153846153846154,0.4,-0.04449045201224981,-0.05953556928668284,0.015045117274433029
FeatureSensitivity[Logistic strict_time_series],holdout,2022-04,25,5,-0.4015384615384615,0.0,-0.014490733844827686,0.0105368777034843,-0.025027611548311984
FeatureSensitivity[Logistic strict_time_series],holdout,2022-05,25,5,0.06692307692307692,0.2,-0.06291951283329304,-0.07287354676954942,0.009954033936256379
FeatureSensitivity[Logistic strict_time_series],holdout,2022-06,25,5,0.1346153846153846,0.2,0.04392760564314768,0.056556064455858174,-0.012628458812710491
FeatureSensitivity[Logistic strict_time_series],holdout,2022-07,25,5,-0.03923076923076923,0.2,-0.050326356670392425,-0.039556208082165256,-0.010770148588227169
FeatureSensitivity[Logistic strict_time_series],holdout,2022-08,25,5,-0.13999999999999999,0.4,-0.03622921459140331,-0.05692393843887034,0.020694723847467032
FeatureSensitivity[Logistic strict_time_series],holdout,2022-09,25,5,-0.15307692307692308,0.0,0.03282878678136667,0.05320740473314304,-0.020378617951776368
FeatureSensitivity[Logistic strict_time_series],holdout,2022-10,25,5,0.1723076923076923,0.2,0.052855806542174436,0.056795269519961396,-0.00393946297778696
FeatureSensitivity[Logistic strict_time_series],holdout,2022-11,25,5,-0.43956902940353076,0.2,-0.05833711420472145,-0.030486276160725252,-0.0278508380439962
FeatureSensitivity[Logistic strict_time_series],holdout,2022-12,25,5,0.2630769230769231,0.6,0.08936399556375245,0.04535185405434916,0.04401214150940329
FeatureSensitivity[Logistic strict_time_series],holdout,2023-01,25,5,-0.09538461538461537,0.4,-0.03841632451749253,-0.03678857107262458,-0.0016277534448679506
FeatureSensitivity[Logistic strict_time_series],holdout,2023-02,25,5,-0.10153846153846155,0.6,0.0476627124881299,0.028008940352910162,0.019653772135219738
FeatureSensitivity[Logistic strict_time_series],holdout,2023-03,25,5,-0.03461538461538462,0.4,0.025616841701010085,0.008176745800769387,0.017440095900240697
FeatureSensitivity[Logistic strict_time_series],holdout,2023-04,25,5,-0.2630769230769231,0.2,-0.017561801404427445,-0.022281793395899748,0.004719991991472303
FeatureSensitivity[Logistic strict_time_series],holdout,2023-05,25,5,0.21999999999999997,0.2,0.03825733574782477,0.042138594906944514,-0.003881259159119743
FeatureSensitivity[Logistic strict_time_series],holdout,2023-06,25,5,-0.013846153846153848,0.4,0.019099596250864014,0.024872293356172737,-0.005772697105308724
FeatureSensitivity[Logistic strict_time_series],holdout,2023-07,25,5,-0.027692307692307697,0.2,-0.007872419311378786,-0.011716248217174666,0.00384382890579588
FeatureSensitivity[Logistic strict_time_series],holdout,2023-08,25,5,-0.5646153846153846,0.0,-0.08013237691945825,-0.052001299364702526,-0.028131077554755725
FeatureSensitivity[Logistic strict_time_series],holdout,2023-09,25,5,-0.14384615384615382,0.6,0.013267885940884105,-0.014257887335020989,0.027525773275905094
FeatureSensitivity[Logistic strict_time_series],holdout,2023-10,25,5,0.3253846153846154,0.4,0.09434558328687284,0.07028743057723308,0.024058152709639763
FeatureSensitivity[Logistic strict_time_series],holdout,2023-11,25,5,-0.3238461538461538,0.0,0.011066474844980956,0.03833098728499573,-0.027264512440014776
FeatureSensitivity[Logistic strict_time_series],holdout,2023-12,25,5,0.07384615384615385,0.4,0.0027334234245310896,-0.0016679543067350355,0.0044013777312661255
FeatureSensitivity[Logistic strict_time_series],holdout,2024-01,25,5,-0.07153846153846154,0.4,0.02172812179707282,0.022007474886037128,-0.0002793530889643077
FeatureSensitivity[Logistic strict_time_series],holdout,2024-02,25,5,-0.2623076923076923,0.2,0.026207954028588352,0.03547266530028931,-0.009264711271700955
FeatureSensitivity[Logistic strict_time_series],holdout,2024-03,25,5,-0.2784615384615384,0.0,-0.062243168076782984,-0.030383917288918552,-0.03185925078786443
FeatureSensitivity[Logistic strict_time_series],holdout,2024-04,25,5,0.02846153846153846,0.0,0.030360446309358257,0.03858236446372112,-0.008221918154362861
FeatureSensitivity[Logistic strict_time_series],holdout,2024-05,25,5,-0.07615384615384616,0.4,0.022892510524997634,0.005875083025781582,0.017017427499216052
FeatureSensitivity[Logistic strict_time_series],holdout,2024-06,25,5,0.23307692307692307,0.2,0.02435272180112478,0.03019920008451921,-0.005846478283394432
FeatureSensitivity[Logistic strict_time_series],holdout,2024-07,25,5,-0.09384615384615384,0.0,0.005473795982952767,0.01346176992920483,-0.007987973946252062
FeatureSensitivity[Logistic strict_time_series],holdout,2024-08,25,5,0.09384615384615384,0.4,0.04818368149473771,0.030435563845465946,0.017748117649271762
FeatureSensitivity[Logistic strict_time_series],holdout,2024-09,25,5,-0.006923076923076924,0.2,-0.016584523497512448,-0.01066599759797021,-0.0059185258995422384
FeatureSensitivity[Logistic strict_time_series],holdout,2024-10,25,5,-0.18230769230769234,0.0,0.011921470613373097,0.028550672077839304,-0.016629201464466205
FeatureSensitivity[Logistic strict_time_series],holdout,2024-11,25,5,-0.13,0.2,-0.033175517123214295,-0.03755691302642827,0.004381395903213972
FeatureSensitivity[Logistic strict_time_series],holdout,2024-12,25,5,0.07999999999999999,0.4,0.021858853712082717,0.016857384523768462,0.0050014691883142545
FeatureSensitivity[Logistic strict_time_series],holdout,2025-01,25,5,-0.12307692307692307,0.0,-0.007106183726577698,0.018716172746558474,-0.025822356473136174
FeatureSensitivity[Logistic strict_time_series],holdout,2025-02,25,5,-0.08538461538461539,0.4,-0.01934362911614864,-0.017615791094202037,-0.0017278380219466032
FeatureSensitivity[Logistic strict_time_series],holdout,2025-03,25,5,0.19307692307692306,0.4,0.002203008839231568,-0.011693658083292195,0.013896666922523764
FeatureSensitivity[Logistic strict_time_series],holdout,2025-04,25,5,-0.26076923076923075,0.2,0.01608776028751182,0.02881309536838109,-0.01272533508086927
FeatureSensitivity[Logistic strict_time_series],holdout,2025-05,25,5,0.08307692307692309,0.4,0.03767917054686811,0.030568322873782115,0.007110847673085997
FeatureSensitivity[Logistic strict_time_series],holdout,2025-06,25,5,0.4692307692307692,0.6,0.021418225080878806,0.006917590101351374,0.014500634979527433
FeatureSensitivity[Logistic strict_time_series],holdout,2025-07,25,5,0.08384615384615385,0.2,0.014628884544634069,0.02169048330474001,-0.007061598760105942
FeatureSensitivity[Logistic strict_time_series],holdout,2025-08,25,5,0.44076923076923075,0.4,0.05029174197631274,0.03573152856293321,0.014560213413379527
FeatureSensitivity[Logistic strict_time_series],holdout,2025-09,25,5,0.25076923076923074,0.2,0.026166316716747896,0.011074781320471088,0.015091535396276808
FeatureSensitivity[Logistic strict_time_series],holdout,2025-10,25,5,0.18,0.4,0.0349297197018323,0.013984397630838656,0.020945322070993644
FeatureSensitivity[Logistic strict_time_series],holdout,2025-11,25,5,0.06846153846153846,0.4,0.05965926943766464,0.020344476662243868,0.03931479277542077
FeatureSensitivity[Logistic strict_time_series],holdout,2025-12,25,5,-0.04769230769230769,0.2,0.020546567955710193,0.030385959678018475,-0.009839391722308282
FeatureSensitivity[Logistic strict_time_series],holdout,2026-01,25,5,0.022307692307692306,0.4,0.042746125832097845,0.032696402762136784,0.010049723069961061
FeatureSensitivity[Logistic strict_time_series],holdout,2026-02,25,5,0.06999999999999999,0.0,-0.044800102618687096,-0.036566787634927475,-0.008233314983759621
FeatureSensitivity[Logistic strict_time_series],holdout,2026-03,25,5,-0.02846153846153846,0.2,0.037978750298433075,0.05167545879192894,-0.013696708493495864
XGBoost[GPU allocation scorer],holdout,2020-01,25,5,-0.31769230769230766,0.0,-0.07619758160606242,-0.05404846589056889,-0.02214911571549353
XGBoost[GPU allocation scorer],holdout,2020-02,25,5,-0.48538461538461536,0.2,-0.19681716120564793,-0.14485390904387146,-0.05196325216177647
XGBoost[GPU allocation scorer],holdout,2020-03,25,5,-0.5438461538461539,0.0,0.006738645143533284,0.10528192565396917,-0.09854328051043588
XGBoost[GPU allocation scorer],holdout,2020-04,25,5,-0.1323076923076923,0.2,0.07397116737947558,0.05812336290824615,0.01584780447122943
XGBoost[GPU allocation scorer],holdout,2020-05,25,5,0.3946153846153846,0.4,0.03476487132259591,0.019992736416336275,0.014772134906259636
XGBoost[GPU allocation scorer],holdout,2020-06,25,5,0.5830769230769232,0.4,0.11073898372850355,0.05777397312960614,0.05296501059889741
XGBoost[GPU allocation scorer],holdout,2020-07,25,5,0.27153846153846156,0.6,0.05801513307056616,0.03652970801560354,0.02148542505496262
XGBoost[GPU allocation scorer],holdout,2020-08,25,5,-0.33153846153846156,0.2,-0.053454880682950415,-0.02717035640383174,-0.026284524279118676
XGBoost[GPU allocation scorer],holdout,2020-09,25,5,-0.09846153846153846,0.2,-0.018338401234400226,-0.010365286670362833,-0.007973114564037393
XGBoost[GPU allocation scorer],holdout,2020-10,25,5,0.24230769230769234,0.4,0.13014210202711796,0.08653835697744494,0.043603745049673015
XGBoost[GPU allocation scorer],holdout,2020-11,25,5,0.3446153846153846,0.6,0.07228349496969497,0.034227768972566054,0.03805572599712891
XGBoost[GPU allocation scorer],holdout,2020-12,25,5,0.23384615384615384,0.4,0.020396791458949924,0.0018480586135110454,0.018548732845438877
XGBoost[GPU allocation scorer],holdout,2021-01,25,5,-0.06307692307692309,0.0,-0.020561722904864067,0.01824989714597555,-0.038811620050839615
XGBoost[GPU allocation scorer],holdout,2021-02,25,5,0.15846153846153843,0.2,0.02283470256642397,0.0201993859221808,0.002635316644243168
XGBoost[GPU allocation scorer],holdout,2021-03,25,5,0.27615384615384614,0.2,0.041526702772667214,0.03918025257496316,0.0023464501977040544
XGBoost[GPU allocation scorer],holdout,2021-04,25,5,0.13692307692307693,0.4,0.023381523941656136,0.019048148716519765,0.004333375225136372
XGBoost[GPU allocation scorer],holdout,2021-05,25,5,-0.006923076923076924,0.4,0.0023599047653686924,0.003434904352280941,-0.0010749995869122485
XGBoost[GPU allocation scorer],holdout,2021-06,25,5,-0.26384615384615384,0.2,-0.007398586997490941,0.009919165879813771,-0.017317752877304714
XGBoost[GPU allocation scorer],holdout,2021-07,25,5,0.025384615384615387,0.2,0.00547216020443686,0.01039952364131544,-0.004927363436878581
XGBoost[GPU allocation scorer],holdout,2021-08,25,5,-0.10153846153846155,0.2,-0.00965198670860179,-0.029154358658308763,0.019502371949706974
XGBoost[GPU allocation scorer],holdout,2021-09,25,5,0.5523076923076923,0.4,0.06705053726427938,0.04854006780562897,0.01851046945865041
XGBoost[GPU allocation scorer],holdout,2021-10,25,5,-0.36,0.2,-0.03348959814362427,-0.011524036532459677,-0.021965561611164593
XGBoost[GPU allocation scorer],holdout,2021-11,25,5,0.36692307692307696,0.4,0.0401103305330345,0.03087344878864287,0.009236881744391627
XGBoost[GPU allocation scorer],holdout,2021-12,25,5,0.023846153846153843,0.4,0.02552465898019842,-0.0287299337079912,0.05425459268818962
XGBoost[GPU allocation scorer],holdout,2022-01,25,5,-0.02692307692307692,0.4,0.009695343001882285,-0.00896947976784169,0.018664822769723977
XGBoost[GPU allocation scorer],holdout,2022-02,25,5,0.29000000000000004,0.2,0.03010446675019023,0.025654978274386373,0.004449488475803856
XGBoost[GPU allocation scorer],holdout,2022-03,25,5,-0.19384615384615386,0.4,-0.07928802892288159,-0.05953556928668284,-0.019752459636198746
XGBoost[GPU allocation scorer],holdout,2022-04,25,5,0.02692307692307692,0.4,0.04049829972466901,0.0105368777034843,0.029961422021184708
XGBoost[GPU allocation scorer],holdout,2022-05,25,5,-0.1376923076923077,0.2,-0.09383050296077569,-0.07287354676954942,-0.02095695619122627
XGBoost[GPU allocation scorer],holdout,2022-06,25,5,0.4684615384615385,0.6,0.11100048473974619,0.056556064455858174,0.05444442028388802
XGBoost[GPU allocation scorer],holdout,2022-07,25,5,-0.06,0.4,-0.04273811415270303,-0.039556208082165256,-0.0031819060705377752
XGBoost[GPU allocation scorer],holdout,2022-08,25,5,-0.08076923076923077,0.2,-0.03430935311218482,-0.05692393843887034,0.022614585326685525
XGBoost[GPU allocation scorer],holdout,2022-09,25,5,-0.36,0.0,0.035034348566542084,0.05320740473314304,-0.018173056166600955
XGBoost[GPU allocation scorer],holdout,2022-10,25,5,0.07615384615384616,0.2,0.05499005839095492,0.056795269519961396,-0.0018052111290064732
XGBoost[GPU allocation scorer],holdout,2022-11,25,5,-0.16923076923076924,0.2,-0.03212746737787222,-0.030486276160725252,-0.0016411912171469673
XGBoost[GPU allocation scorer],holdout,2022-12,25,5,0.48384615384615387,0.6,0.08543955219751868,0.04535185405434916,0.04008769814316952
XGBoost[GPU allocation scorer],holdout,2023-01,25,5,-0.15384615384615383,0.4,-0.04012494509722464,-0.03678857107262458,-0.003336374024600061
XGBoost[GPU allocation scorer],holdout,2023-02,25,5,0.18230769230769234,0.4,0.05298339667304606,0.028008940352910162,0.024974456320135896
XGBoost[GPU allocation scorer],holdout,2023-03,25,5,-0.061538461538461535,0.2,0.013558724578634652,0.008176745800769387,0.005381978777865264
XGBoost[GPU allocation scorer],holdout,2023-04,25,5,-0.16153846153846155,0.2,-0.02942502591030711,-0.022281793395899748,-0.007143232514407363
XGBoost[GPU allocation scorer],holdout,2023-05,25,5,0.14692307692307693,0.2,0.027040436459832763,0.042138594906944514,-0.01509815844711175
XGBoost[GPU allocation scorer],holdout,2023-06,25,5,0.3423076923076923,0.4,0.03568656594715018,0.024872293356172737,0.010814272590977444
XGBoost[GPU allocation scorer],holdout,2023-07,25,5,0.0,0.4,-0.008704921156182798,-0.011716248217174666,0.003011327060991867
XGBoost[GPU allocation scorer],holdout,2023-08,25,5,-0.5453846153846154,0.0,-0.08098268033184522,-0.052001299364702526,-0.028981380967142693
XGBoost[GPU allocation scorer],holdout,2023-09,25,5,-0.28769230769230764,0.4,-0.014547849048312744,-0.014257887335020989,-0.00028996171329175556
XGBoost[GPU allocation scorer],holdout,2023-10,25,5,0.44461538461538463,0.4,0.0987670020150071,0.07028743057723308,0.02847957143777402
XGBoost[GPU allocation scorer],holdout,2023-11,25,5,-0.10230769230769231,0.0,-0.005806625447100933,0.03833098728499573,-0.04413761273209667
XGBoost[GPU allocation scorer],holdout,2023-12,25,5,-0.28307692307692306,0.4,0.00659059724866391,-0.0016679543067350355,0.008258551555398945
XGBoost[GPU allocation scorer],holdout,2024-01,25,5,0.18230769230769234,0.2,0.026071961374477447,0.022007474886037128,0.0040644864884403185
XGBoost[GPU allocation scorer],holdout,2024-02,25,5,0.1176923076923077,0.2,0.0359624430516821,0.03547266530028931,0.000489777751392792
XGBoost[GPU allocation scorer],holdout,2024-03,25,5,-0.24923076923076923,0.2,-0.04759345982007992,-0.030383917288918552,-0.017209542531161366
XGBoost[GPU allocation scorer],holdout,2024-04,25,5,0.33230769230769236,0.8,0.07658811713067407,0.03858236446372112,0.03800575266695295
XGBoost[GPU allocation scorer],holdout,2024-05,25,5,-0.18384615384615385,0.2,0.006356535454031942,0.005875083025781582,0.0004814524282503599
XGBoost[GPU allocation scorer],holdout,2024-06,25,5,0.10153846153846155,0.2,0.016155252196230242,0.03019920008451921,-0.014043947888288968
XGBoost[GPU allocation scorer],holdout,2024-07,25,5,-0.43,0.0,-0.008542373801818593,0.01346176992920483,-0.022004143731023423
XGBoost[GPU allocation scorer],holdout,2024-08,25,5,0.4415384615384615,0.4,0.052244415360627586,0.030435563845465946,0.02180885151516164
XGBoost[GPU allocation scorer],holdout,2024-09,25,5,0.22153846153846157,0.4,0.010105799156244521,-0.01066599759797021,0.02077179675421473
XGBoost[GPU allocation scorer],holdout,2024-10,25,5,-0.07769230769230769,0.0,0.0007194592861914373,0.028550672077839304,-0.027831212791647866
XGBoost[GPU allocation scorer],holdout,2024-11,25,5,-0.014615384615384615,0.2,-0.034059880364624553,-0.03755691302642827,0.003497032661803713
XGBoost[GPU allocation scorer],holdout,2024-12,25,5,0.20461538461538462,0.4,0.028223571608574714,0.016857384523768462,0.011366187084806252
XGBoost[GPU allocation scorer],holdout,2025-01,25,5,-0.08384615384615385,0.0,-0.0004856342717532547,0.018716172746558474,-0.01920180701831173
XGBoost[GPU allocation scorer],holdout,2025-02,25,5,-0.09538461538461537,0.2,-0.03491378074295213,-0.017615791094202037,-0.01729798964875009
XGBoost[GPU allocation scorer],holdout,2025-03,25,5,0.09307692307692307,0.4,0.008643118012397833,-0.011693658083292195,0.020336776095690026
XGBoost[GPU allocation scorer],holdout,2025-04,25,5,-0.5930769230769232,0.0,0.012045514356325704,0.02881309536838109,-0.016767581012055388
XGBoost[GPU allocation scorer],holdout,2025-05,25,5,0.09384615384615384,0.6,0.051629395349359064,0.030568322873782115,0.02106107247557695
XGBoost[GPU allocation scorer],holdout,2025-06,25,5,0.49615384615384617,0.6,0.018862846619586104,0.006917590101351374,0.01194525651823473
XGBoost[GPU allocation scorer],holdout,2025-07,25,5,0.10615384615384615,0.4,0.03100000494954802,0.02169048330474001,0.00930952164480801
XGBoost[GPU allocation scorer],holdout,2025-08,25,5,0.3646153846153847,0.8,0.09727287955365065,0.03573152856293321,0.06154135099071743
XGBoost[GPU allocation scorer],holdout,2025-09,25,5,0.1746153846153846,0.4,0.02769978285128234,0.011074781320471088,0.01662500153081125
XGBoost[GPU allocation scorer],holdout,2025-10,25,5,0.13692307692307693,0.4,0.029175858029498868,0.013984397630838656,0.015191460398660211
XGBoost[GPU allocation scorer],holdout,2025-11,25,5,0.07384615384615385,0.4,0.06132382429419545,0.020344476662243868,0.04097934763195159
XGBoost[GPU allocation scorer],holdout,2025-12,25,5,0.37,0.6,0.06538604683643472,0.030385959678018475,0.03500008715841624
XGBoost[GPU allocation scorer],holdout,2026-01,25,5,0.33,0.8,0.08636550467916952,0.032696402762136784,0.05366910191703274
XGBoost[GPU allocation scorer],holdout,2026-02,25,5,-0.05307692307692308,0.2,-0.039786474569292074,-0.036566787634927475,-0.003219686934364599
XGBoost[GPU allocation scorer],holdout,2026-03,25,5,-0.08307692307692309,0.2,0.03422784598387776,0.05167545879192894,-0.017447612808051183
XGBoost[GPU allocation scorer] Calibration Base,calibration,2018-01,25,5,-0.2884615384615385,0.4,-0.031222046468940202,-0.037044851348623814,0.0058228048796836115
XGBoost[GPU allocation scorer] Calibration Base,calibration,2018-02,25,5,-0.11384615384615385,0.0,-0.03191853759610215,-0.0045521861745841,-0.02736635142151805
XGBoost[GPU allocation scorer] Calibration Base,calibration,2018-03,25,5,-0.0007692307692307692,0.0,-0.004376755594108705,0.00228992288490812,-0.006666678479016825
XGBoost[GPU allocation scorer] Calibration Base,calibration,2018-04,25,5,0.32615384615384607,0.4,0.038257071082232995,0.01981230390781389,0.018444767174419105
XGBoost[GPU allocation scorer] Calibration Base,calibration,2018-05,25,5,-0.10999999999999999,0.2,-0.009202680286875676,-0.00564009703846875,-0.0035625832484069255
XGBoost[GPU allocation scorer] Calibration Base,calibration,2018-06,25,5,-0.13384615384615384,0.0,0.006424840196779957,0.0213855076754527,-0.01496066747867274
XGBoost[GPU allocation scorer] Calibration Base,calibration,2018-07,25,5,0.17153846153846153,0.4,0.03524168345684649,0.008831142689589032,0.026410540767257455
XGBoost[GPU allocation scorer] Calibration Base,calibration,2018-08,25,5,-0.021538461538461538,0.0,0.006975841103738167,0.0056396873650097,0.001336153738728467
XGBoost[GPU allocation scorer] Calibration Base,calibration,2018-09,25,5,-0.20615384615384616,0.2,-0.040146064254225025,-0.046873554572350914,0.006727490318125889
XGBoost[GPU allocation scorer] Calibration Base,calibration,2018-10,25,5,0.18846153846153846,0.4,0.03264373761325259,0.021760069137483712,0.010883668475768875
XGBoost[GPU allocation scorer] Calibration Base,calibration,2018-11,25,5,-0.2569230769230769,0.2,-0.06859656228019555,-0.069806447693552,0.001209885413356454
XGBoost[GPU allocation scorer] Calibration Base,calibration,2018-12,25,5,0.43999999999999995,0.4,0.11718553160355923,0.07806333908197752,0.03912219252158171
XGBoost[GPU allocation scorer] Calibration Base,calibration,2019-01,25,5,0.3915384615384615,0.6,0.039336323851979535,0.021543342437378068,0.017792981414601467
XGBoost[GPU allocation scorer] Calibration Base,calibration,2019-02,25,5,0.16153846153846155,0.2,0.021644009614584882,0.016645473004605595,0.004998536609979287
XGBoost[GPU allocation scorer] Calibration Base,calibration,2019-03,25,5,0.10230769230769231,0.2,0.015420091399943403,0.015699375083812316,-0.00027928368386891285
XGBoost[GPU allocation scorer] Calibration Base,calibration,2019-04,25,5,-0.06,0.2,0.012949460174890204,-0.03643841740585572,0.04938787758074592
XGBoost[GPU allocation scorer] Calibration Base,calibration,2019-05,25,5,0.5115384615384615,0.6,0.08976588384433652,0.060205452132774846,0.029560431711561676
XGBoost[GPU allocation scorer] Calibration Base,calibration,2019-06,25,5,0.32615384615384607,0.4,0.015800169439090905,-0.0011612216491693817,0.016961391088260287
XGBoost[GPU allocation scorer] Calibration Base,calibration,2019-07,25,5,0.041538461538461545,0.4,0.020322647924643,0.0027453952314486153,0.017577252693194385
XGBoost[GPU allocation scorer] Calibration Base,calibration,2019-08,25,5,0.2553846153846154,0.2,0.010208351566533325,0.014529071529012146,-0.004320719962478821
XGBoost[GPU allocation scorer] Calibration Base,calibration,2019-09,25,5,0.19538461538461538,0.4,0.030550426875844285,0.018755402402965127,0.011795024472879157
XGBoost[GPU allocation scorer] Calibration Base,calibration,2019-10,25,5,-0.16923076923076924,0.2,-0.00978537327961142,0.00786023303028296,-0.017645606309894382
XGBoost[GPU allocation scorer] Calibration Base,calibration,2019-11,25,5,0.22923076923076924,0.2,0.03218873051603723,0.03226637596450634,-7.764544846911026e-05
XGBoost[GPU allocation scorer] Calibration Base,calibration,2019-12,25,5,0.3861538461538461,0.6,0.031176647758524932,-0.007595678391578673,0.038772326150103606
XGBoost[GPU allocation scorer] Calibration Base,holdout,2020-01,25,5,-0.10846153846153846,0.2,-0.05751058887253659,-0.05404846589056889,-0.0034621229819676996
XGBoost[GPU allocation scorer] Calibration Base,holdout,2020-02,25,5,-0.2676923076923077,0.2,-0.18136054183256023,-0.14485390904387146,-0.036506632788688764
XGBoost[GPU allocation scorer] Calibration Base,holdout,2020-03,25,5,-0.53,0.0,0.006738645143533284,0.10528192565396917,-0.09854328051043588
XGBoost[GPU allocation scorer] Calibration Base,holdout,2020-04,25,5,-0.30846153846153845,0.2,0.05973267425327981,0.05812336290824615,0.0016093113450336635
XGBoost[GPU allocation scorer] Calibration Base,holdout,2020-05,25,5,0.3230769230769231,0.2,0.029201325868295713,0.019992736416336275,0.009208589451959438
XGBoost[GPU allocation scorer] Calibration Base,holdout,2020-06,25,5,0.653076923076923,0.6,0.12174828154420134,0.05777397312960614,0.0639743084145952
XGBoost[GPU allocation scorer] Calibration Base,holdout,2020-07,25,5,0.15615384615384614,0.6,0.06993763103038526,0.03652970801560354,0.033407923014781724
XGBoost[GPU allocation scorer] Calibration Base,holdout,2020-08,25,5,-0.39307692307692305,0.2,-0.053454880682950415,-0.02717035640383174,-0.026284524279118676
XGBoost[GPU allocation scorer] Calibration Base,holdout,2020-09,25,5,-0.14076923076923076,0.2,-0.024051626061829822,-0.010365286670362833,-0.01368633939146699
XGBoost[GPU allocation scorer] Calibration Base,holdout,2020-10,25,5,0.36076923076923073,0.6,0.1447374530253682,0.08653835697744494,0.058199096047923254
XGBoost[GPU allocation scorer] Calibration Base,holdout,2020-11,25,5,0.32923076923076927,0.6,0.07270029147419121,0.034227768972566054,0.03847252250162516
XGBoost[GPU allocation scorer] Calibration Base,holdout,2020-12,25,5,0.30153846153846153,0.4,0.023672899058348462,0.0018480586135110454,0.021824840444837415
XGBoost[GPU allocation scorer] Calibration Base,holdout,2021-01,25,5,0.1376923076923077,0.2,0.018952736255664248,0.01824989714597555,0.0007028391096886993
XGBoost[GPU allocation scorer] Calibration Base,holdout,2021-02,25,5,0.007692307692307692,0.2,0.019784575948629368,0.0201993859221808,-0.00041480997355143254
XGBoost[GPU allocation scorer] Calibration Base,holdout,2021-03,25,5,0.2376923076923077,0.2,0.04625643882152586,0.03918025257496316,0.007076186246562699
XGBoost[GPU allocation scorer] Calibration Base,holdout,2021-04,25,5,0.12230769230769231,0.4,0.023381523941656136,0.019048148716519765,0.004333375225136372
XGBoost[GPU allocation scorer] Calibration Base,holdout,2021-05,25,5,0.24230769230769234,0.4,0.02293091789210653,0.003434904352280941,0.01949601353982559
XGBoost[GPU allocation scorer] Calibration Base,holdout,2021-06,25,5,-0.2976923076923077,0.2,-0.0029924981233273584,0.009919165879813771,-0.01291166400314113
XGBoost[GPU allocation scorer] Calibration Base,holdout,2021-07,25,5,-0.05153846153846154,0.2,-0.0019616980050036537,0.01039952364131544,-0.012361221646319094
XGBoost[GPU allocation scorer] Calibration Base,holdout,2021-08,25,5,-0.09230769230769231,0.4,0.001623104893362437,-0.029154358658308763,0.0307774635516712
XGBoost[GPU allocation scorer] Calibration Base,holdout,2021-09,25,5,0.5969230769230769,0.6,0.07412180765639431,0.04854006780562897,0.02558173985076534
XGBoost[GPU allocation scorer] Calibration Base,holdout,2021-10,25,5,-0.39384615384615385,0.0,-0.04060232523872529,-0.011524036532459677,-0.029078288706265616
XGBoost[GPU allocation scorer] Calibration Base,holdout,2021-11,25,5,0.26076923076923075,0.4,0.0401103305330345,0.03087344878864287,0.009236881744391627
XGBoost[GPU allocation scorer] Calibration Base,holdout,2021-12,25,5,-0.005384615384615384,0.0,-0.05354809434565448,-0.0287299337079912,-0.024818160637663282
XGBoost[GPU allocation scorer] Calibration Base,holdout,2022-01,25,5,0.0015384615384615385,0.4,0.007818575011858075,-0.00896947976784169,0.016788054779699767
XGBoost[GPU allocation scorer] Calibration Base,holdout,2022-02,25,5,0.10538461538461538,0.2,0.005429969032267468,0.025654978274386373,-0.020225009242118903
XGBoost[GPU allocation scorer] Calibration Base,holdout,2022-03,25,5,-0.12076923076923077,0.4,-0.06908921684329176,-0.05953556928668284,-0.009553647556608924
XGBoost[GPU allocation scorer] Calibration Base,holdout,2022-04,25,5,-0.11923076923076922,0.4,0.037894399666655934,0.0105368777034843,0.027357521963171635
XGBoost[GPU allocation scorer] Calibration Base,holdout,2022-05,25,5,-0.04384615384615385,0.2,-0.09221227707893276,-0.07287354676954942,-0.019338730309383337
XGBoost[GPU allocation scorer] Calibration Base,holdout,2022-06,25,5,0.2123076923076923,0.6,0.10156500399887344,0.056556064455858174,0.04500893954301527
XGBoost[GPU allocation scorer] Calibration Base,holdout,2022-07,25,5,0.009230769230769232,0.4,-0.0384270937066312,-0.039556208082165256,0.0011291143755340557
XGBoost[GPU allocation scorer] Calibration Base,holdout,2022-08,25,5,-0.04769230769230769,0.4,-0.016969382386425404,-0.05692393843887034,0.03995455605244494
XGBoost[GPU allocation scorer] Calibration Base,holdout,2022-09,25,5,-0.4015384615384615,0.0,0.007263177293414613,0.05320740473314304,-0.045944227439728424
XGBoost[GPU allocation scorer] Calibration Base,holdout,2022-10,25,5,0.11846153846153845,0.2,0.057102361454079986,0.056795269519961396,0.0003070919341185904
XGBoost[GPU allocation scorer] Calibration Base,holdout,2022-11,25,5,-0.06846153846153846,0.2,-0.039881402923066966,-0.030486276160725252,-0.009395126762341714
XGBoost[GPU allocation scorer] Calibration Base,holdout,2022-12,25,5,0.13846153846153847,0.2,0.04931341095550936,0.04535185405434916,0.0039615569011602
XGBoost[GPU allocation scorer] Calibration Base,holdout,2023-01,25,5,-0.21999999999999997,0.2,-0.050976242771799615,-0.03678857107262458,-0.014187671699175036
XGBoost[GPU allocation scorer] Calibration Base,holdout,2023-02,25,5,0.28307692307692306,0.6,0.0667224343959966,0.028008940352910162,0.03871349404308643
XGBoost[GPU allocation scorer] Calibration Base,holdout,2023-03,25,5,-0.11230769230769232,0.2,0.009390394172911432,0.008176745800769387,0.001213648372142044
XGBoost[GPU allocation scorer] Calibration Base,holdout,2023-04,25,5,-0.07923076923076922,0.4,0.0038408066430504206,-0.022281793395899748,0.02612260003895017
XGBoost[GPU allocation scorer] Calibration Base,holdout,2023-05,25,5,0.11692307692307692,0.0,0.02748119075128428,0.042138594906944514,-0.014657404155660234
XGBoost[GPU allocation scorer] Calibration Base,holdout,2023-06,25,5,0.3223076923076923,0.2,0.027213766711427036,0.024872293356172737,0.0023414733552542984
XGBoost[GPU allocation scorer] Calibration Base,holdout,2023-07,25,5,-0.05846153846153846,0.4,-0.0031903317826248224,-0.011716248217174666,0.008525916434549844
XGBoost[GPU allocation scorer] Calibration Base,holdout,2023-08,25,5,-0.6738461538461539,0.0,-0.08254203836124145,-0.052001299364702526,-0.030540738996538926
XGBoost[GPU allocation scorer] Calibration Base,holdout,2023-09,25,5,-0.26692307692307693,0.4,-0.016160509936518498,-0.014257887335020989,-0.0019026226014975094
XGBoost[GPU allocation scorer] Calibration Base,holdout,2023-10,25,5,0.40461538461538454,0.2,0.08831480253145943,0.07028743057723308,0.01802737195422635
XGBoost[GPU allocation scorer] Calibration Base,holdout,2023-11,25,5,-0.13384615384615384,0.0,-0.005806625447100933,0.03833098728499573,-0.04413761273209667
XGBoost[GPU allocation scorer] Calibration Base,holdout,2023-12,25,5,-0.27307692307692305,0.2,-0.009806053594572938,-0.0016679543067350355,-0.008138099287837902
XGBoost[GPU allocation scorer] Calibration Base,holdout,2024-01,25,5,0.1992307692307692,0.6,0.0344474040737087,0.022007474886037128,0.012439929187671572
XGBoost[GPU allocation scorer] Calibration Base,holdout,2024-02,25,5,0.04692307692307692,0.2,0.03392883371189552,0.03547266530028931,-0.0015438315883937875
XGBoost[GPU allocation scorer] Calibration Base,holdout,2024-03,25,5,-0.35307692307692307,0.2,-0.04759345982007992,-0.030383917288918552,-0.017209542531161366
XGBoost[GPU allocation scorer] Calibration Base,holdout,2024-04,25,5,0.19615384615384615,0.4,0.04170834744196361,0.03858236446372112,0.0031259829782424933
XGBoost[GPU allocation scorer] Calibration Base,holdout,2024-05,25,5,-0.30000000000000004,0.2,-0.004010933835378117,0.005875083025781582,-0.0098860168611597
XGBoost[GPU allocation scorer] Calibration Base,holdout,2024-06,25,5,-0.009230769230769232,0.2,0.016155252196230242,0.03019920008451921,-0.014043947888288968
XGBoost[GPU allocation scorer] Calibration Base,holdout,2024-07,25,5,-0.3376923076923077,0.0,-0.008542373801818593,0.01346176992920483,-0.022004143731023423
XGBoost[GPU allocation scorer] Calibration Base,holdout,2024-08,25,5,0.2823076923076923,0.2,0.03410286153674578,0.030435563845465946,0.003667297691279832
XGBoost[GPU allocation scorer] Calibration Base,holdout,2024-09,25,5,0.13692307692307693,0.2,-0.00754326149142035,-0.01066599759797021,0.00312273610654986
XGBoost[GPU allocation scorer] Calibration Base,holdout,2024-10,25,5,0.07615384615384616,0.2,0.03295977118659654,0.028550672077839304,0.004409099108757239
XGBoost[GPU allocation scorer] Calibration Base,holdout,2024-11,25,5,-0.04538461538461538,0.2,-0.03796351057454557,-0.03755691302642827,-0.00040659754811730314
XGBoost[GPU allocation scorer] Calibration Base,holdout,2024-12,25,5,0.09999999999999999,0.2,0.015877894144080786,0.016857384523768462,-0.0009794903796876767
XGBoost[GPU allocation scorer] Calibration Base,holdout,2025-01,25,5,0.030769230769230767,0.0,0.012345291228559074,0.018716172746558474,-0.0063708815179994
XGBoost[GPU allocation scorer] Calibration Base,holdout,2025-02,25,5,-0.1323076923076923,0.2,-0.03491378074295213,-0.017615791094202037,-0.01729798964875009
XGBoost[GPU allocation scorer] Calibration Base,holdout,2025-03,25,5,0.07538461538461538,0.4,0.0038490230621045507,-0.011693658083292195,0.015542681145396746
XGBoost[GPU allocation scorer] Calibration Base,holdout,2025-04,25,5,-0.676923076923077,0.0,-0.0010237936236753731,0.02881309536838109,-0.029836888992056464
XGBoost[GPU allocation scorer] Calibration Base,holdout,2025-05,25,5,0.15307692307692308,0.6,0.051629395349359064,0.030568322873782115,0.02106107247557695
XGBoost[GPU allocation scorer] Calibration Base,holdout,2025-06,25,5,0.42076923076923073,0.6,0.018862846619586104,0.006917590101351374,0.01194525651823473
XGBoost[GPU allocation scorer] Calibration Base,holdout,2025-07,25,5,0.23615384615384616,0.4,0.04336039715619742,0.02169048330474001,0.021669913851457407
XGBoost[GPU allocation scorer] Calibration Base,holdout,2025-08,25,5,0.4592307692307693,0.8,0.09727287955365065,0.03573152856293321,0.06154135099071743
XGBoost[GPU allocation scorer] Calibration Base,holdout,2025-09,25,5,0.2346153846153846,0.4,0.027620251850609946,0.011074781320471088,0.016545470530138856
XGBoost[GPU allocation scorer] Calibration Base,holdout,2025-10,25,5,0.35846153846153844,0.4,0.048448493450527194,0.013984397630838656,0.03446409581968854
XGBoost[GPU allocation scorer] Calibration Base,holdout,2025-11,25,5,0.15923076923076923,0.4,0.06451363868560642,0.020344476662243868,0.044169162023362546
XGBoost[GPU allocation scorer] Calibration Base,holdout,2025-12,25,5,0.30538461538461537,0.4,0.04088656167513842,0.030385959678018475,0.010500601997119944
XGBoost[GPU allocation scorer] Calibration Base,holdout,2026-01,25,5,0.31999999999999995,0.6,0.08188511540593268,0.032696402762136784,0.0491887126437959
XGBoost[GPU allocation scorer] Calibration Base,holdout,2026-02,25,5,-0.030769230769230767,0.0,-0.055113785872797715,-0.036566787634927475,-0.01854699823787024
XGBoost[GPU allocation scorer] Calibration Base,holdout,2026-03,25,5,-0.03153846153846154,0.2,0.051479942256936397,0.05167545879192894,-0.00019551653499254307
XGBoost[GPU allocation scorer] Calibrated,calibration,2018-01,25,5,-0.2884615384615385,0.4,-0.031222046468940202,-0.037044851348623814,0.0058228048796836115
XGBoost[GPU allocation scorer] Calibrated,calibration,2018-02,25,5,-0.11384615384615385,0.0,-0.03191853759610215,-0.0045521861745841,-0.02736635142151805
XGBoost[GPU allocation scorer] Calibrated,calibration,2018-03,25,5,-0.0007692307692307692,0.0,-0.004376755594108705,0.00228992288490812,-0.006666678479016825
XGBoost[GPU allocation scorer] Calibrated,calibration,2018-04,25,5,0.32615384615384607,0.4,0.038257071082232995,0.01981230390781389,0.018444767174419105
XGBoost[GPU allocation scorer] Calibrated,calibration,2018-05,25,5,-0.10999999999999999,0.2,-0.009202680286875676,-0.00564009703846875,-0.0035625832484069255
XGBoost[GPU allocation scorer] Calibrated,calibration,2018-06,25,5,-0.13384615384615384,0.0,0.006424840196779957,0.0213855076754527,-0.01496066747867274
XGBoost[GPU allocation scorer] Calibrated,calibration,2018-07,25,5,0.17153846153846153,0.4,0.03524168345684649,0.008831142689589032,0.026410540767257455
XGBoost[GPU allocation scorer] Calibrated,calibration,2018-08,25,5,-0.021538461538461538,0.0,0.006975841103738167,0.0056396873650097,0.001336153738728467
XGBoost[GPU allocation scorer] Calibrated,calibration,2018-09,25,5,-0.20615384615384616,0.2,-0.040146064254225025,-0.046873554572350914,0.006727490318125889
XGBoost[GPU allocation scorer] Calibrated,calibration,2018-10,25,5,0.18846153846153846,0.4,0.03264373761325259,0.021760069137483712,0.010883668475768875
XGBoost[GPU allocation scorer] Calibrated,calibration,2018-11,25,5,-0.2569230769230769,0.2,-0.06859656228019555,-0.069806447693552,0.001209885413356454
XGBoost[GPU allocation scorer] Calibrated,calibration,2018-12,25,5,0.43999999999999995,0.4,0.11718553160355923,0.07806333908197752,0.03912219252158171
XGBoost[GPU allocation scorer] Calibrated,calibration,2019-01,25,5,0.3915384615384615,0.6,0.039336323851979535,0.021543342437378068,0.017792981414601467
XGBoost[GPU allocation scorer] Calibrated,calibration,2019-02,25,5,0.16153846153846155,0.2,0.021644009614584882,0.016645473004605595,0.004998536609979287
XGBoost[GPU allocation scorer] Calibrated,calibration,2019-03,25,5,0.10230769230769231,0.2,0.015420091399943403,0.015699375083812316,-0.00027928368386891285
XGBoost[GPU allocation scorer] Calibrated,calibration,2019-04,25,5,-0.06,0.2,0.012949460174890204,-0.03643841740585572,0.04938787758074592
XGBoost[GPU allocation scorer] Calibrated,calibration,2019-05,25,5,0.5115384615384615,0.6,0.08976588384433652,0.060205452132774846,0.029560431711561676
XGBoost[GPU allocation scorer] Calibrated,calibration,2019-06,25,5,0.32615384615384607,0.4,0.015800169439090905,-0.0011612216491693817,0.016961391088260287
XGBoost[GPU allocation scorer] Calibrated,calibration,2019-07,25,5,0.041538461538461545,0.4,0.020322647924643,0.0027453952314486153,0.017577252693194385
XGBoost[GPU allocation scorer] Calibrated,calibration,2019-08,25,5,0.2553846153846154,0.2,0.010208351566533325,0.014529071529012146,-0.004320719962478821
XGBoost[GPU allocation scorer] Calibrated,calibration,2019-09,25,5,0.19538461538461538,0.4,0.030550426875844285,0.018755402402965127,0.011795024472879157
XGBoost[GPU allocation scorer] Calibrated,calibration,2019-10,25,5,-0.16923076923076924,0.2,-0.00978537327961142,0.00786023303028296,-0.017645606309894382
XGBoost[GPU allocation scorer] Calibrated,calibration,2019-11,25,5,0.22923076923076924,0.2,0.03218873051603723,0.03226637596450634,-7.764544846911026e-05
XGBoost[GPU allocation scorer] Calibrated,calibration,2019-12,25,5,0.3861538461538461,0.6,0.031176647758524932,-0.007595678391578673,0.038772326150103606
XGBoost[GPU allocation scorer] Calibrated,holdout,2020-01,25,5,-0.10846153846153846,0.2,-0.05751058887253659,-0.05404846589056889,-0.0034621229819676996
XGBoost[GPU allocation scorer] Calibrated,holdout,2020-02,25,5,-0.2676923076923077,0.2,-0.18136054183256023,-0.14485390904387146,-0.036506632788688764
XGBoost[GPU allocation scorer] Calibrated,holdout,2020-03,25,5,-0.53,0.0,0.006738645143533284,0.10528192565396917,-0.09854328051043588
XGBoost[GPU allocation scorer] Calibrated,holdout,2020-04,25,5,-0.30846153846153845,0.2,0.05973267425327981,0.05812336290824615,0.0016093113450336635
XGBoost[GPU allocation scorer] Calibrated,holdout,2020-05,25,5,0.3230769230769231,0.2,0.029201325868295713,0.019992736416336275,0.009208589451959438
XGBoost[GPU allocation scorer] Calibrated,holdout,2020-06,25,5,0.653076923076923,0.6,0.12174828154420134,0.05777397312960614,0.0639743084145952
XGBoost[GPU allocation scorer] Calibrated,holdout,2020-07,25,5,0.15615384615384614,0.6,0.06993763103038526,0.03652970801560354,0.033407923014781724
XGBoost[GPU allocation scorer] Calibrated,holdout,2020-08,25,5,-0.39307692307692305,0.2,-0.053454880682950415,-0.02717035640383174,-0.026284524279118676
XGBoost[GPU allocation scorer] Calibrated,holdout,2020-09,25,5,-0.14076923076923076,0.2,-0.024051626061829822,-0.010365286670362833,-0.01368633939146699
XGBoost[GPU allocation scorer] Calibrated,holdout,2020-10,25,5,0.36076923076923073,0.6,0.1447374530253682,0.08653835697744494,0.058199096047923254
XGBoost[GPU allocation scorer] Calibrated,holdout,2020-11,25,5,0.32923076923076927,0.6,0.07270029147419121,0.034227768972566054,0.03847252250162516
XGBoost[GPU allocation scorer] Calibrated,holdout,2020-12,25,5,0.30153846153846153,0.4,0.023672899058348462,0.0018480586135110454,0.021824840444837415
XGBoost[GPU allocation scorer] Calibrated,holdout,2021-01,25,5,0.1376923076923077,0.2,0.018952736255664248,0.01824989714597555,0.0007028391096886993
XGBoost[GPU allocation scorer] Calibrated,holdout,2021-02,25,5,0.007692307692307692,0.2,0.019784575948629368,0.0201993859221808,-0.00041480997355143254
XGBoost[GPU allocation scorer] Calibrated,holdout,2021-03,25,5,0.2376923076923077,0.2,0.04625643882152586,0.03918025257496316,0.007076186246562699
XGBoost[GPU allocation scorer] Calibrated,holdout,2021-04,25,5,0.12230769230769231,0.4,0.023381523941656136,0.019048148716519765,0.004333375225136372
XGBoost[GPU allocation scorer] Calibrated,holdout,2021-05,25,5,0.24230769230769234,0.4,0.02293091789210653,0.003434904352280941,0.01949601353982559
XGBoost[GPU allocation scorer] Calibrated,holdout,2021-06,25,5,-0.2976923076923077,0.2,-0.0029924981233273584,0.009919165879813771,-0.01291166400314113
XGBoost[GPU allocation scorer] Calibrated,holdout,2021-07,25,5,-0.05153846153846154,0.2,-0.0019616980050036537,0.01039952364131544,-0.012361221646319094
XGBoost[GPU allocation scorer] Calibrated,holdout,2021-08,25,5,-0.09230769230769231,0.4,0.001623104893362437,-0.029154358658308763,0.0307774635516712
XGBoost[GPU allocation scorer] Calibrated,holdout,2021-09,25,5,0.5969230769230769,0.6,0.07412180765639431,0.04854006780562897,0.02558173985076534
XGBoost[GPU allocation scorer] Calibrated,holdout,2021-10,25,5,-0.39384615384615385,0.0,-0.04060232523872529,-0.011524036532459677,-0.029078288706265616
XGBoost[GPU allocation scorer] Calibrated,holdout,2021-11,25,5,0.26076923076923075,0.4,0.0401103305330345,0.03087344878864287,0.009236881744391627
XGBoost[GPU allocation scorer] Calibrated,holdout,2021-12,25,5,-0.005384615384615384,0.0,-0.05354809434565448,-0.0287299337079912,-0.024818160637663282
XGBoost[GPU allocation scorer] Calibrated,holdout,2022-01,25,5,0.0015384615384615385,0.4,0.007818575011858075,-0.00896947976784169,0.016788054779699767
XGBoost[GPU allocation scorer] Calibrated,holdout,2022-02,25,5,0.10538461538461538,0.2,0.005429969032267468,0.025654978274386373,-0.020225009242118903
XGBoost[GPU allocation scorer] Calibrated,holdout,2022-03,25,5,-0.12076923076923077,0.4,-0.06908921684329176,-0.05953556928668284,-0.009553647556608924
XGBoost[GPU allocation scorer] Calibrated,holdout,2022-04,25,5,-0.11923076923076922,0.4,0.037894399666655934,0.0105368777034843,0.027357521963171635
XGBoost[GPU allocation scorer] Calibrated,holdout,2022-05,25,5,-0.04384615384615385,0.2,-0.09221227707893276,-0.07287354676954942,-0.019338730309383337
XGBoost[GPU allocation scorer] Calibrated,holdout,2022-06,25,5,0.2123076923076923,0.6,0.10156500399887344,0.056556064455858174,0.04500893954301527
XGBoost[GPU allocation scorer] Calibrated,holdout,2022-07,25,5,0.009230769230769232,0.4,-0.0384270937066312,-0.039556208082165256,0.0011291143755340557
XGBoost[GPU allocation scorer] Calibrated,holdout,2022-08,25,5,-0.04769230769230769,0.4,-0.016969382386425404,-0.05692393843887034,0.03995455605244494
XGBoost[GPU allocation scorer] Calibrated,holdout,2022-09,25,5,-0.4015384615384615,0.0,0.007263177293414613,0.05320740473314304,-0.045944227439728424
XGBoost[GPU allocation scorer] Calibrated,holdout,2022-10,25,5,0.11846153846153845,0.2,0.057102361454079986,0.056795269519961396,0.0003070919341185904
XGBoost[GPU allocation scorer] Calibrated,holdout,2022-11,25,5,-0.06846153846153846,0.2,-0.039881402923066966,-0.030486276160725252,-0.009395126762341714
XGBoost[GPU allocation scorer] Calibrated,holdout,2022-12,25,5,0.13846153846153847,0.2,0.04931341095550936,0.04535185405434916,0.0039615569011602
XGBoost[GPU allocation scorer] Calibrated,holdout,2023-01,25,5,-0.21999999999999997,0.2,-0.050976242771799615,-0.03678857107262458,-0.014187671699175036
XGBoost[GPU allocation scorer] Calibrated,holdout,2023-02,25,5,0.28307692307692306,0.6,0.0667224343959966,0.028008940352910162,0.03871349404308643
XGBoost[GPU allocation scorer] Calibrated,holdout,2023-03,25,5,-0.11230769230769232,0.2,0.009390394172911432,0.008176745800769387,0.001213648372142044
XGBoost[GPU allocation scorer] Calibrated,holdout,2023-04,25,5,-0.07923076923076922,0.4,0.0038408066430504206,-0.022281793395899748,0.02612260003895017
XGBoost[GPU allocation scorer] Calibrated,holdout,2023-05,25,5,0.11692307692307692,0.0,0.02748119075128428,0.042138594906944514,-0.014657404155660234
XGBoost[GPU allocation scorer] Calibrated,holdout,2023-06,25,5,0.3223076923076923,0.2,0.027213766711427036,0.024872293356172737,0.0023414733552542984
XGBoost[GPU allocation scorer] Calibrated,holdout,2023-07,25,5,-0.05846153846153846,0.4,-0.0031903317826248224,-0.011716248217174666,0.008525916434549844
XGBoost[GPU allocation scorer] Calibrated,holdout,2023-08,25,5,-0.6738461538461539,0.0,-0.08254203836124145,-0.052001299364702526,-0.030540738996538926
XGBoost[GPU allocation scorer] Calibrated,holdout,2023-09,25,5,-0.26692307692307693,0.4,-0.016160509936518498,-0.014257887335020989,-0.0019026226014975094
XGBoost[GPU allocation scorer] Calibrated,holdout,2023-10,25,5,0.40461538461538454,0.2,0.08831480253145943,0.07028743057723308,0.01802737195422635
XGBoost[GPU allocation scorer] Calibrated,holdout,2023-11,25,5,-0.13384615384615384,0.0,-0.005806625447100933,0.03833098728499573,-0.04413761273209667
XGBoost[GPU allocation scorer] Calibrated,holdout,2023-12,25,5,-0.27307692307692305,0.2,-0.009806053594572938,-0.0016679543067350355,-0.008138099287837902
XGBoost[GPU allocation scorer] Calibrated,holdout,2024-01,25,5,0.1992307692307692,0.6,0.0344474040737087,0.022007474886037128,0.012439929187671572
XGBoost[GPU allocation scorer] Calibrated,holdout,2024-02,25,5,0.04692307692307692,0.2,0.03392883371189552,0.03547266530028931,-0.0015438315883937875
XGBoost[GPU allocation scorer] Calibrated,holdout,2024-03,25,5,-0.35307692307692307,0.2,-0.04759345982007992,-0.030383917288918552,-0.017209542531161366
XGBoost[GPU allocation scorer] Calibrated,holdout,2024-04,25,5,0.19615384615384615,0.4,0.04170834744196361,0.03858236446372112,0.0031259829782424933
XGBoost[GPU allocation scorer] Calibrated,holdout,2024-05,25,5,-0.30000000000000004,0.2,-0.004010933835378117,0.005875083025781582,-0.0098860168611597
XGBoost[GPU allocation scorer] Calibrated,holdout,2024-06,25,5,-0.009230769230769232,0.2,0.016155252196230242,0.03019920008451921,-0.014043947888288968
XGBoost[GPU allocation scorer] Calibrated,holdout,2024-07,25,5,-0.3376923076923077,0.0,-0.008542373801818593,0.01346176992920483,-0.022004143731023423
XGBoost[GPU allocation scorer] Calibrated,holdout,2024-08,25,5,0.2823076923076923,0.2,0.03410286153674578,0.030435563845465946,0.003667297691279832
XGBoost[GPU allocation scorer] Calibrated,holdout,2024-09,25,5,0.13692307692307693,0.2,-0.00754326149142035,-0.01066599759797021,0.00312273610654986
XGBoost[GPU allocation scorer] Calibrated,holdout,2024-10,25,5,0.07615384615384616,0.2,0.03295977118659654,0.028550672077839304,0.004409099108757239
XGBoost[GPU allocation scorer] Calibrated,holdout,2024-11,25,5,-0.04538461538461538,0.2,-0.03796351057454557,-0.03755691302642827,-0.00040659754811730314
XGBoost[GPU allocation scorer] Calibrated,holdout,2024-12,25,5,0.09999999999999999,0.2,0.015877894144080786,0.016857384523768462,-0.0009794903796876767
XGBoost[GPU allocation scorer] Calibrated,holdout,2025-01,25,5,0.030769230769230767,0.0,0.012345291228559074,0.018716172746558474,-0.0063708815179994
XGBoost[GPU allocation scorer] Calibrated,holdout,2025-02,25,5,-0.1323076923076923,0.2,-0.03491378074295213,-0.017615791094202037,-0.01729798964875009
XGBoost[GPU allocation scorer] Calibrated,holdout,2025-03,25,5,0.07538461538461538,0.4,0.0038490230621045507,-0.011693658083292195,0.015542681145396746
XGBoost[GPU allocation scorer] Calibrated,holdout,2025-04,25,5,-0.676923076923077,0.0,-0.0010237936236753731,0.02881309536838109,-0.029836888992056464
XGBoost[GPU allocation scorer] Calibrated,holdout,2025-05,25,5,0.15307692307692308,0.6,0.051629395349359064,0.030568322873782115,0.02106107247557695
XGBoost[GPU allocation scorer] Calibrated,holdout,2025-06,25,5,0.42076923076923073,0.6,0.018862846619586104,0.006917590101351374,0.01194525651823473
XGBoost[GPU allocation scorer] Calibrated,holdout,2025-07,25,5,0.23615384615384616,0.4,0.04336039715619742,0.02169048330474001,0.021669913851457407
XGBoost[GPU allocation scorer] Calibrated,holdout,2025-08,25,5,0.4592307692307693,0.8,0.09727287955365065,0.03573152856293321,0.06154135099071743
XGBoost[GPU allocation scorer] Calibrated,holdout,2025-09,25,5,0.2346153846153846,0.4,0.027620251850609946,0.011074781320471088,0.016545470530138856
XGBoost[GPU allocation scorer] Calibrated,holdout,2025-10,25,5,0.35846153846153844,0.4,0.048448493450527194,0.013984397630838656,0.03446409581968854
XGBoost[GPU allocation scorer] Calibrated,holdout,2025-11,25,5,0.15923076923076923,0.4,0.06451363868560642,0.020344476662243868,0.044169162023362546
XGBoost[GPU allocation scorer] Calibrated,holdout,2025-12,25,5,0.30538461538461537,0.4,0.04088656167513842,0.030385959678018475,0.010500601997119944
XGBoost[GPU allocation scorer] Calibrated,holdout,2026-01,25,5,0.31999999999999995,0.6,0.08188511540593268,0.032696402762136784,0.0491887126437959
XGBoost[GPU allocation scorer] Calibrated,holdout,2026-02,25,5,-0.030769230769230767,0.0,-0.055113785872797715,-0.036566787634927475,-0.01854699823787024
XGBoost[GPU allocation scorer] Calibrated,holdout,2026-03,25,5,-0.03153846153846154,0.2,0.051479942256936397,0.05167545879192894,-0.00019551653499254307
TabPFN[Direct allocation scorer],holdout,2020-01,25,5,-0.044239277602345625,0.2,-0.04320906562568292,-0.05404846589056889,0.010839400264885973
TabPFN[Direct allocation scorer],holdout,2020-02,25,5,-0.26774380183680485,0.2,-0.1669563924992145,-0.14485390904387146,-0.022102483455343047
TabPFN[Direct allocation scorer],holdout,2020-03,25,5,-0.3481438802619373,0.0,0.036890388042920844,0.10528192565396917,-0.06839153761104833
TabPFN[Direct allocation scorer],holdout,2020-04,25,5,-0.12307692307692307,0.2,0.056169142730125896,0.05812336290824615,-0.0019542201781202542
TabPFN[Direct allocation scorer],holdout,2020-05,25,5,0.1176923076923077,0.0,0.017667792492696587,0.019992736416336275,-0.0023249439236396885
TabPFN[Direct allocation scorer],holdout,2020-06,25,5,0.2692307692307692,0.2,0.07681828576551289,0.05777397312960614,0.01904431263590675
TabPFN[Direct allocation scorer],holdout,2020-07,25,5,0.20230769230769227,0.4,0.06567224378796202,0.03652970801560354,0.02914253577235848
TabPFN[Direct allocation scorer],holdout,2020-08,25,5,-0.46201193391667045,0.0,-0.08447799964898355,-0.02717035640383174,-0.05730764324515181
TabPFN[Direct allocation scorer],holdout,2020-09,25,5,0.044623966972800806,0.2,-0.014025069025948356,-0.010365286670362833,-0.003659782355585523
TabPFN[Direct allocation scorer],holdout,2020-10,25,5,0.15384615384615383,0.2,0.07075964599515512,0.08653835697744494,-0.01577871098228982
TabPFN[Direct allocation scorer],holdout,2020-11,25,5,0.28076923076923077,0.4,0.059902831362261134,0.034227768972566054,0.02567506238969508
TabPFN[Direct allocation scorer],holdout,2020-12,25,5,0.17195614859346517,0.4,0.010854102646370257,0.0018480586135110454,0.009006044032859211
TabPFN[Direct allocation scorer],holdout,2021-01,25,5,-0.06846153846153846,0.2,0.007192265092027039,0.01824989714597555,-0.01105763205394851
TabPFN[Direct allocation scorer],holdout,2021-02,25,5,-0.13348721154794724,0.0,-0.006317977582730405,0.0201993859221808,-0.026517363504911205
TabPFN[Direct allocation scorer],holdout,2021-03,25,5,0.20076923076923076,0.2,0.0380774961746825,0.03918025257496316,-0.0011027564002806592
TabPFN[Direct allocation scorer],holdout,2021-04,25,5,0.25076923076923074,0.6,0.03872255975266144,0.019048148716519765,0.019674411036141672
TabPFN[Direct allocation scorer],holdout,2021-05,25,5,0.09384615384615384,0.4,-0.005221198046793996,0.003434904352280941,-0.008656102399074937
TabPFN[Direct allocation scorer],holdout,2021-06,25,5,-0.16733987614800303,0.0,-0.023960895416745353,0.009919165879813771,-0.03388006129655913
TabPFN[Direct allocation scorer],holdout,2021-07,25,5,-0.06307692307692309,0.0,-0.009100405995353732,0.01039952364131544,-0.019499929636669175
TabPFN[Direct allocation scorer],holdout,2021-08,25,5,-0.08615384615384615,0.4,0.00651238731518069,-0.029154358658308763,0.035666745973489455
TabPFN[Direct allocation scorer],holdout,2021-09,25,5,0.4827851599212501,0.4,0.0626838942681367,0.04854006780562897,0.014143826462507725
TabPFN[Direct allocation scorer],holdout,2021-10,25,5,-0.17618773166847213,0.2,-0.014802634502229873,-0.011524036532459677,-0.003278597969770196
TabPFN[Direct allocation scorer],holdout,2021-11,25,5,-0.03230769230769231,0.2,0.025442675555128313,0.03087344878864287,-0.005430773233514558
TabPFN[Direct allocation scorer],holdout,2021-12,25,5,0.31352183692097113,0.8,0.04705884783604606,-0.0287299337079912,0.07578878154403726
TabPFN[Direct allocation scorer],holdout,2022-01,25,5,0.10999999999999999,0.6,0.015067469896052742,-0.00896947976784169,0.024036949663894434
TabPFN[Direct allocation scorer],holdout,2022-02,25,5,0.31384615384615383,0.2,0.036125157687094456,0.025654978274386373,0.010470179412708083
TabPFN[Direct allocation scorer],holdout,2022-03,25,5,-0.18692307692307694,0.6,-0.04004533746013352,-0.05953556928668284,0.01949023182654932
TabPFN[Direct allocation scorer],holdout,2022-04,25,5,-0.22153846153846157,0.4,0.04476280223957509,0.0105368777034843,0.034225924536090795
TabPFN[Direct allocation scorer],holdout,2022-05,25,5,-0.34852856963239254,0.0,-0.09656144602511654,-0.07287354676954942,-0.02368789925556712
TabPFN[Direct allocation scorer],holdout,2022-06,25,5,0.19657626830259664,0.6,0.10754251281490643,0.056556064455858174,0.05098644835904825
TabPFN[Direct allocation scorer],holdout,2022-07,25,5,-0.024615384615384615,0.4,-0.040714911380783494,-0.039556208082165256,-0.0011587032986182383
TabPFN[Direct allocation scorer],holdout,2022-08,25,5,-0.03153846153846154,0.2,-0.030623223549343947,-0.05692393843887034,0.026300714889526396
TabPFN[Direct allocation scorer],holdout,2022-09,25,5,-0.0503943075296285,0.2,0.06710413307603953,0.05320740473314304,0.013896728342896493
TabPFN[Direct allocation scorer],holdout,2022-10,25,5,-0.0015384615384615385,0.4,0.06249456536357565,0.056795269519961396,0.005699295843614255
TabPFN[Direct allocation scorer],holdout,2022-11,25,5,-0.09076923076923075,0.4,-0.010349861624304891,-0.030486276160725252,0.02013641453642036
TabPFN[Direct allocation scorer],holdout,2022-12,25,5,0.29692307692307696,0.2,0.0464026182649427,0.04535185405434916,0.0010507642105935383
TabPFN[Direct allocation scorer],holdout,2023-01,25,5,-0.26384615384615384,0.2,-0.05110042415809195,-0.03678857107262458,-0.014311853085467369
TabPFN[Direct allocation scorer],holdout,2023-02,25,5,0.31044432195732974,0.8,0.0819954344424814,0.028008940352910162,0.05398649408957124
TabPFN[Direct allocation scorer],holdout,2023-03,25,5,-0.11076923076923079,0.2,0.013154645246026142,0.008176745800769387,0.004977899445256754
TabPFN[Direct allocation scorer],holdout,2023-04,25,5,-0.37461538461538463,0.0,-0.049477711323718435,-0.022281793395899748,-0.027195917927818686
TabPFN[Direct allocation scorer],holdout,2023-05,25,5,0.06307692307692309,0.2,0.015135319369938793,0.042138594906944514,-0.02700327553700572
TabPFN[Direct allocation scorer],holdout,2023-06,25,5,0.3453846153846154,0.6,0.03647571902926561,0.024872293356172737,0.01160342567309287
TabPFN[Direct allocation scorer],holdout,2023-07,25,5,-0.061538461538461535,0.4,0.0022862206021057483,-0.011716248217174666,0.014002468819280415
TabPFN[Direct allocation scorer],holdout,2023-08,25,5,-0.5830769230769232,0.2,-0.06698512695202959,-0.052001299364702526,-0.01498382758732706
TabPFN[Direct allocation scorer],holdout,2023-09,25,5,-0.22538461538461538,0.6,-0.0005378842980505282,-0.014257887335020989,0.013720003036970461
TabPFN[Direct allocation scorer],holdout,2023-10,25,5,0.4061538461538462,0.4,0.07064928359384484,0.07028743057723308,0.00036185301661176283
TabPFN[Direct allocation scorer],holdout,2023-11,25,5,0.002307692307692308,0.4,0.02713659842372822,0.03833098728499573,-0.011194388861267512
TabPFN[Direct allocation scorer],holdout,2023-12,25,5,-0.5615384615384615,0.0,-0.015227344705086642,-0.0016679543067350355,-0.013559390398351606
TabPFN[Direct allocation scorer],holdout,2024-01,25,5,-0.07692307692307691,0.0,-0.0038516772264869823,0.022007474886037128,-0.02585915211252411
TabPFN[Direct allocation scorer],holdout,2024-02,25,5,0.34153846153846157,0.6,0.06316371232169922,0.03547266530028931,0.027691047021409912
TabPFN[Direct allocation scorer],holdout,2024-03,25,5,-0.09230769230769231,0.4,-0.02464798309043459,-0.030383917288918552,0.0057359341984839635
TabPFN[Direct allocation scorer],holdout,2024-04,25,5,0.36,0.6,0.06704171133479683,0.03858236446372112,0.028459346871075715
TabPFN[Direct allocation scorer],holdout,2024-05,25,5,-0.08270821464786356,0.2,0.002656401033806777,0.005875083025781582,-0.0032186819919748054
TabPFN[Direct allocation scorer],holdout,2024-06,25,5,0.13153846153846155,0.0,0.015445030073251131,0.03019920008451921,-0.014754170011268079
TabPFN[Direct allocation scorer],holdout,2024-07,25,5,-0.30538461538461537,0.0,-0.0033981767806059216,0.01346176992920483,-0.016859946709810752
TabPFN[Direct allocation scorer],holdout,2024-08,25,5,0.3069230769230769,0.4,0.041187713563011805,0.030435563845465946,0.010752149717545859
TabPFN[Direct allocation scorer],holdout,2024-09,25,5,0.3192307692307692,0.4,-0.0005445773409926246,-0.01066599759797021,0.010121420256977586
TabPFN[Direct allocation scorer],holdout,2024-10,25,5,-0.07615384615384616,0.0,0.003410359528287721,0.028550672077839304,-0.025140312549551583
TabPFN[Direct allocation scorer],holdout,2024-11,25,5,0.007692307692307692,0.4,-0.012873525525485574,-0.03755691302642827,0.02468338750094269
TabPFN[Direct allocation scorer],holdout,2024-12,25,5,0.1346153846153846,0.4,0.03219040103892827,0.016857384523768462,0.015333016515159809
TabPFN[Direct allocation scorer],holdout,2025-01,25,5,0.17772648915029288,0.4,0.026595320128505497,0.018716172746558474,0.007879147381947022
TabPFN[Direct allocation scorer],holdout,2025-02,25,5,0.10194268317062252,0.4,0.002919334381287575,-0.017615791094202037,0.02053512547548961
TabPFN[Direct allocation scorer],holdout,2025-03,25,5,-0.030769230769230767,0.4,-0.0022870143745238546,-0.011693658083292195,0.00940664370876834
TabPFN[Direct allocation scorer],holdout,2025-04,25,5,-0.07461538461538461,0.0,0.014333244673641965,0.02881309536838109,-0.014479850694739125
TabPFN[Direct allocation scorer],holdout,2025-05,25,5,0.22999999999999998,0.4,0.04625841962166903,0.030568322873782115,0.015690096747886916
TabPFN[Direct allocation scorer],holdout,2025-06,25,5,0.3730769230769231,0.8,0.021138195587733666,0.006917590101351374,0.014220605486382293
TabPFN[Direct allocation scorer],holdout,2025-07,25,5,0.39692307692307693,0.4,0.038250211315414416,0.02169048330474001,0.016559728010674405
TabPFN[Direct allocation scorer],holdout,2025-08,25,5,0.31692307692307686,0.4,0.06930805341326711,0.03573152856293321,0.0335765248503339
TabPFN[Direct allocation scorer],holdout,2025-09,25,5,0.1276923076923077,0.4,0.03229646846752869,0.011074781320471088,0.021221687147057605
TabPFN[Direct allocation scorer],holdout,2025-10,25,5,0.29846153846153844,0.4,0.03851727175722706,0.013984397630838656,0.024532874126388403
TabPFN[Direct allocation scorer],holdout,2025-11,25,5,0.20461538461538462,0.4,0.06703098093323534,0.020344476662243868,0.04668650427099147
TabPFN[Direct allocation scorer],holdout,2025-12,25,5,0.32076923076923075,0.6,0.06538604683643472,0.030385959678018475,0.03500008715841624
TabPFN[Direct allocation scorer],holdout,2026-01,25,5,0.28384615384615386,0.6,0.0668632352696549,0.032696402762136784,0.03416683250751812
TabPFN[Direct allocation scorer],holdout,2026-02,25,5,-0.08307692307692309,0.4,-0.05312562337848932,-0.036566787634927475,-0.016558835743561845
TabPFN[Direct allocation scorer],holdout,2026-03,25,5,0.09155607016833268,0.4,0.06984845733055844,0.05167545879192894,0.018172998538629505
TabPFN[Direct allocation scorer] Calibration Base,calibration,2018-01,25,5,-0.09424889576151894,0.2,-0.0429740238292667,-0.037044851348623814,-0.005929172480642883
TabPFN[Direct allocation scorer] Calibration Base,calibration,2018-02,25,5,0.2630769230769231,0.4,0.02393121080210516,-0.0045521861745841,0.028483396976689262
TabPFN[Direct allocation scorer] Calibration Base,calibration,2018-03,25,5,-0.17615384615384613,0.2,0.005474780445544991,0.00228992288490812,0.003184857560636871
TabPFN[Direct allocation scorer] Calibration Base,calibration,2018-04,25,5,0.24769230769230768,0.4,0.025820166834317582,0.01981230390781389,0.0060078629265036924
TabPFN[Direct allocation scorer] Calibration Base,calibration,2018-05,25,5,-0.25769230769230766,0.0,-0.015090851401357862,-0.00564009703846875,-0.009450754362889113
TabPFN[Direct allocation scorer] Calibration Base,calibration,2018-06,25,5,-0.22076923076923075,0.0,-0.010348445907632797,0.0213855076754527,-0.03173395358308549
TabPFN[Direct allocation scorer] Calibration Base,calibration,2018-07,25,5,-0.20153846153846153,0.0,-0.020251398217714177,0.008831142689589032,-0.02908254090730321
TabPFN[Direct allocation scorer] Calibration Base,calibration,2018-08,25,5,-0.031159839006869527,0.0,0.009518552838314553,0.0056396873650097,0.0038788654733048523
TabPFN[Direct allocation scorer] Calibration Base,calibration,2018-09,25,5,-0.07384615384615385,0.6,-0.02379718544782141,-0.046873554572350914,0.023076369124529504
TabPFN[Direct allocation scorer] Calibration Base,calibration,2018-10,25,5,-0.018461538461538463,0.2,0.011256824262764243,0.021760069137483712,-0.010503244874719469
TabPFN[Direct allocation scorer] Calibration Base,calibration,2018-11,25,5,-0.10076923076923076,0.4,-0.06112555508982431,-0.069806447693552,0.008680892603727688
TabPFN[Direct allocation scorer] Calibration Base,calibration,2018-12,25,5,0.20580881319352093,0.2,0.07540638720589517,0.07806333908197752,-0.00265695187608235
TabPFN[Direct allocation scorer] Calibration Base,calibration,2019-01,25,5,0.2323076923076923,0.4,0.033672609954668344,0.021543342437378068,0.012129267517290276
TabPFN[Direct allocation scorer] Calibration Base,calibration,2019-02,25,5,0.08230769230769232,0.6,0.029921486801540033,0.016645473004605595,0.013276013796934438
TabPFN[Direct allocation scorer] Calibration Base,calibration,2019-03,25,5,-0.03769230769230769,0.4,0.014562364936767968,0.015699375083812316,-0.001137010147044348
TabPFN[Direct allocation scorer] Calibration Base,calibration,2019-04,25,5,-0.3230769230769231,0.4,-0.020144981620904077,-0.03643841740585572,0.01629343578495164
TabPFN[Direct allocation scorer] Calibration Base,calibration,2019-05,25,5,0.34153846153846157,0.4,0.06016656356903245,0.060205452132774846,-3.8888563742393856e-05
TabPFN[Direct allocation scorer] Calibration Base,calibration,2019-06,25,5,0.2623076923076923,0.4,0.0082396008085027,-0.0011612216491693817,0.009400822457672082
TabPFN[Direct allocation scorer] Calibration Base,calibration,2019-07,25,5,-0.059230769230769226,0.6,0.05135110093342634,0.0027453952314486153,0.048605705701977725
TabPFN[Direct allocation scorer] Calibration Base,calibration,2019-08,25,5,0.016929589556345936,0.2,-0.017867905688842823,0.014529071529012146,-0.03239697721785497
TabPFN[Direct allocation scorer] Calibration Base,calibration,2019-09,25,5,0.3046153846153846,0.2,0.020566239671727438,0.018755402402965127,0.0018108372687623102
TabPFN[Direct allocation scorer] Calibration Base,calibration,2019-10,25,5,0.05307692307692308,0.2,-0.00978537327961142,0.00786023303028296,-0.017645606309894382
TabPFN[Direct allocation scorer] Calibration Base,calibration,2019-11,25,5,0.5015384615384615,0.6,0.05537898456519534,0.03226637596450634,0.023112608600689
TabPFN[Direct allocation scorer] Calibration Base,calibration,2019-12,25,5,-0.04731679256598706,0.4,-0.017758450314236618,-0.007595678391578673,-0.010162771922657944
TabPFN[Direct allocation scorer] Calibration Base,holdout,2020-01,25,5,-0.0503943075296285,0.4,-0.038217149649664696,-0.05404846589056889,0.015831316240904197
TabPFN[Direct allocation scorer] Calibration Base,holdout,2020-02,25,5,-0.16307692307692304,0.4,-0.14136536398294575,-0.14485390904387146,0.0034885450609257185
TabPFN[Direct allocation scorer] Calibration Base,holdout,2020-03,25,5,-0.3739180680824344,0.0,0.036890388042920844,0.10528192565396917,-0.06839153761104833
TabPFN[Direct allocation scorer] Calibration Base,holdout,2020-04,25,5,-0.17076923076923078,0.2,0.056169142730125896,0.05812336290824615,-0.0019542201781202542
TabPFN[Direct allocation scorer] Calibration Base,holdout,2020-05,25,5,0.11538461538461539,0.0,0.010539115871907877,0.019992736416336275,-0.009453620544428398
TabPFN[Direct allocation scorer] Calibration Base,holdout,2020-06,25,5,0.3142912156618815,0.4,0.09104684903288722,0.05777397312960614,0.03327287590328108
TabPFN[Direct allocation scorer] Calibration Base,holdout,2020-07,25,5,0.14846153846153848,0.4,0.05803451778561828,0.03652970801560354,0.02150480977001474
TabPFN[Direct allocation scorer] Calibration Base,holdout,2020-08,25,5,-0.3861538461538461,0.0,-0.08901142552678135,-0.02717035640383174,-0.06184106912294961
TabPFN[Direct allocation scorer] Calibration Base,holdout,2020-09,25,5,0.12846153846153846,0.2,-0.011712858044738029,-0.010365286670362833,-0.0013475713743751963
TabPFN[Direct allocation scorer] Calibration Base,holdout,2020-10,25,5,0.08847855520469125,0.2,0.06739594927373989,0.08653835697744494,-0.019142407703705053
TabPFN[Direct allocation scorer] Calibration Base,holdout,2020-11,25,5,0.19230769230769232,0.4,0.05461387045761483,0.034227768972566054,0.020386101485048776
TabPFN[Direct allocation scorer] Calibration Base,holdout,2020-12,25,5,0.216580115566266,0.4,0.01184810722050913,0.0018480586135110454,0.010000048606998085
TabPFN[Direct allocation scorer] Calibration Base,holdout,2021-01,25,5,-0.06039623116146316,0.2,0.008116250256500002,0.01824989714597555,-0.010133646889475547
TabPFN[Direct allocation scorer] Calibration Base,holdout,2021-02,25,5,-0.2288901754208317,0.0,-0.013554810189228505,0.0201993859221808,-0.033754196111409306
TabPFN[Direct allocation scorer] Calibration Base,holdout,2021-03,25,5,0.27076923076923076,0.2,0.03891670393965585,0.03918025257496316,-0.0002635486353073091
TabPFN[Direct allocation scorer] Calibration Base,holdout,2021-04,25,5,0.19769230769230767,0.6,0.03751957575215024,0.019048148716519765,0.018471427035630473
TabPFN[Direct allocation scorer] Calibration Base,holdout,2021-05,25,5,0.12923076923076923,0.6,-0.004160781053511276,0.003434904352280941,-0.007595685405792217
TabPFN[Direct allocation scorer] Calibration Base,holdout,2021-06,25,5,-0.24427775023903892,0.0,-0.023960895416745353,0.009919165879813771,-0.03388006129655913
TabPFN[Direct allocation scorer] Calibration Base,holdout,2021-07,25,5,-0.1434891351797819,0.0,-0.009100405995353732,0.01039952364131544,-0.019499929636669175
TabPFN[Direct allocation scorer] Calibration Base,holdout,2021-08,25,5,-0.14923076923076922,0.4,0.00651238731518069,-0.029154358658308763,0.035666745973489455
TabPFN[Direct allocation scorer] Calibration Base,holdout,2021-09,25,5,0.3400654034823785,0.2,0.04848236938841342,0.04854006780562897,-5.769841721555563e-05
TabPFN[Direct allocation scorer] Calibration Base,holdout,2021-10,25,5,-0.1453846153846154,0.2,-0.014802634502229873,-0.011524036532459677,-0.003278597969770196
TabPFN[Direct allocation scorer] Calibration Base,holdout,2021-11,25,5,-0.014233506706841636,0.0,0.009151457037634602,0.03087344878864287,-0.02172199175100827
TabPFN[Direct allocation scorer] Calibration Base,holdout,2021-12,25,5,0.08387842098371395,0.6,-0.00605879921847583,-0.0287299337079912,0.022671134489515368
TabPFN[Direct allocation scorer] Calibration Base,holdout,2022-01,25,5,0.13464127965931277,0.6,0.03679730972472337,-0.00896947976784169,0.04576678949256506
TabPFN[Direct allocation scorer] Calibration Base,holdout,2022-02,25,5,0.19153846153846155,0.2,0.013332665445558245,0.025654978274386373,-0.012322312828828128
TabPFN[Direct allocation scorer] Calibration Base,holdout,2022-03,25,5,-0.16426236118436158,0.4,-0.05585951676066936,-0.05953556928668284,0.003676052526013482
TabPFN[Direct allocation scorer] Calibration Base,holdout,2022-04,25,5,-0.26692307692307693,0.2,0.022922513427467383,0.0105368777034843,0.012385635723983083
TabPFN[Direct allocation scorer] Calibration Base,holdout,2022-05,25,5,-0.30538461538461537,0.2,-0.07814672667878216,-0.07287354676954942,-0.005273179909232734
TabPFN[Direct allocation scorer] Calibration Base,holdout,2022-06,25,5,0.13307692307692306,0.4,0.08007881026297055,0.056556064455858174,0.023522745807112375
TabPFN[Direct allocation scorer] Calibration Base,holdout,2022-07,25,5,-0.09461538461538462,0.4,-0.041928883843693865,-0.039556208082165256,-0.0023726757615286087
TabPFN[Direct allocation scorer] Calibration Base,holdout,2022-08,25,5,-0.019619157893214147,0.4,-0.019170570007850895,-0.05692393843887034,0.03775336843101945
TabPFN[Direct allocation scorer] Calibration Base,holdout,2022-09,25,5,-0.1853846153846154,0.0,0.0066573338191831645,0.05320740473314304,-0.04655007091395987
TabPFN[Direct allocation scorer] Calibration Base,holdout,2022-10,25,5,0.10846153846153846,0.4,0.06748642440320944,0.056795269519961396,0.010691154883248045
TabPFN[Direct allocation scorer] Calibration Base,holdout,2022-11,25,5,-0.07692307692307691,0.4,0.002345290203245853,-0.030486276160725252,0.0328315663639711
TabPFN[Direct allocation scorer] Calibration Base,holdout,2022-12,25,5,0.3592998720051375,0.0,0.03706642167466227,0.04535185405434916,-0.008285432379686888
TabPFN[Direct allocation scorer] Calibration Base,holdout,2023-01,25,5,-0.30846153846153845,0.2,-0.056751620333436816,-0.03678857107262458,-0.019963049260812236
TabPFN[Direct allocation scorer] Calibration Base,holdout,2023-02,25,5,0.2784615384615384,0.8,0.0819954344424814,0.028008940352910162,0.05398649408957124
TabPFN[Direct allocation scorer] Calibration Base,holdout,2023-03,25,5,-0.11384615384615385,0.2,0.013154645246026142,0.008176745800769387,0.004977899445256754
TabPFN[Direct allocation scorer] Calibration Base,holdout,2023-04,25,5,-0.24615384615384614,0.0,-0.05000230703175914,-0.022281793395899748,-0.02772051363585939
TabPFN[Direct allocation scorer] Calibration Base,holdout,2023-05,25,5,0.10886709183881577,0.2,0.015135319369938793,0.042138594906944514,-0.02700327553700572
TabPFN[Direct allocation scorer] Calibration Base,holdout,2023-06,25,5,0.27076923076923076,0.4,0.02524749535214481,0.024872293356172737,0.00037520199597207426
TabPFN[Direct allocation scorer] Calibration Base,holdout,2023-07,25,5,-0.027692307692307697,0.4,-0.0016103947276642882,-0.011716248217174666,0.010105853489510378
TabPFN[Direct allocation scorer] Calibration Base,holdout,2023-08,25,5,-0.4915384615384616,0.2,-0.06532566566327283,-0.052001299364702526,-0.013324366298570305
TabPFN[Direct allocation scorer] Calibration Base,holdout,2023-09,25,5,-0.12384615384615384,0.6,0.01356818741741348,-0.014257887335020989,0.027826074752434468
TabPFN[Direct allocation scorer] Calibration Base,holdout,2023-10,25,5,0.26692307692307693,0.2,0.05231316957254502,0.07028743057723308,-0.01797426100468806
TabPFN[Direct allocation scorer] Calibration Base,holdout,2023-11,25,5,-0.02308136222731076,0.4,0.028353370199811944,0.03833098728499573,-0.009977617085183788
TabPFN[Direct allocation scorer] Calibration Base,holdout,2023-12,25,5,-0.6038461538461538,0.0,-0.022383465284693503,-0.0016679543067350355,-0.020715510977958467
TabPFN[Direct allocation scorer] Calibration Base,holdout,2024-01,25,5,-0.005000961815917331,0.0,0.0023444001683368574,0.022007474886037128,-0.01966307471770027
TabPFN[Direct allocation scorer] Calibration Base,holdout,2024-02,25,5,0.34076923076923077,0.6,0.06754242833240794,0.03547266530028931,0.03206976303211863
TabPFN[Direct allocation scorer] Calibration Base,holdout,2024-03,25,5,-0.06846153846153846,0.4,-0.01362401578430994,-0.030383917288918552,0.016759901504608612
TabPFN[Direct allocation scorer] Calibration Base,holdout,2024-04,25,5,0.25,0.2,0.04766160290714796,0.03858236446372112,0.00907923844342684
TabPFN[Direct allocation scorer] Calibration Base,holdout,2024-05,25,5,-0.21923076923076923,0.0,-0.017766821030523693,0.005875083025781582,-0.023641904056305275
TabPFN[Direct allocation scorer] Calibration Base,holdout,2024-06,25,5,0.04923076923076923,0.0,0.015445030073251131,0.03019920008451921,-0.014754170011268079
TabPFN[Direct allocation scorer] Calibration Base,holdout,2024-07,25,5,-0.3192307692307692,0.0,-0.0033981767806059216,0.01346176992920483,-0.016859946709810752
TabPFN[Direct allocation scorer] Calibration Base,holdout,2024-08,25,5,0.3561538461538461,0.4,0.041187713563011805,0.030435563845465946,0.010752149717545859
TabPFN[Direct allocation scorer] Calibration Base,holdout,2024-09,25,5,0.35583766767104086,0.6,0.00780459041179955,-0.01066599759797021,0.01847058800976976
TabPFN[Direct allocation scorer] Calibration Base,holdout,2024-10,25,5,-0.18076923076923077,0.0,0.003410359528287721,0.028550672077839304,-0.025140312549551583
TabPFN[Direct allocation scorer] Calibration Base,holdout,2024-11,25,5,-0.15538461538461537,0.0,-0.052718316851669236,-0.03755691302642827,-0.01516140382524097
TabPFN[Direct allocation scorer] Calibration Base,holdout,2024-12,25,5,0.13307692307692306,0.4,0.033335144389068774,0.016857384523768462,0.016477759865300312
TabPFN[Direct allocation scorer] Calibration Base,holdout,2025-01,25,5,0.1746153846153846,0.4,0.03135731079361235,0.018716172746558474,0.012641138047053874
TabPFN[Direct allocation scorer] Calibration Base,holdout,2025-02,25,5,0.1992307692307692,0.6,0.02007367427536062,-0.017615791094202037,0.03768946536956266
TabPFN[Direct allocation scorer] Calibration Base,holdout,2025-03,25,5,-0.008461538461538461,0.4,-0.02751681890007194,-0.011693658083292195,-0.015823160816779744
TabPFN[Direct allocation scorer] Calibration Base,holdout,2025-04,25,5,-0.0042315830750069726,0.0,0.01758737240213213,0.02881309536838109,-0.01122572296624896
TabPFN[Direct allocation scorer] Calibration Base,holdout,2025-05,25,5,0.17153846153846153,0.4,0.04625841962166903,0.030568322873782115,0.015690096747886916
TabPFN[Direct allocation scorer] Calibration Base,holdout,2025-06,25,5,0.33153846153846156,0.6,0.01501816575111219,0.006917590101351374,0.008100575649760817
TabPFN[Direct allocation scorer] Calibration Base,holdout,2025-07,25,5,0.33307692307692305,0.2,0.031843763248334045,0.02169048330474001,0.010153279943594034
TabPFN[Direct allocation scorer] Calibration Base,holdout,2025-08,25,5,0.35,0.6,0.08336019514859094,0.03573152856293321,0.04762866658565773
TabPFN[Direct allocation scorer] Calibration Base,holdout,2025-09,25,5,0.18461538461538463,0.4,0.028744820822286556,0.011074781320471088,0.01767003950181547
TabPFN[Direct allocation scorer] Calibration Base,holdout,2025-10,25,5,0.22538461538461538,0.4,0.05635247842566386,0.013984397630838656,0.04236808079482521
TabPFN[Direct allocation scorer] Calibration Base,holdout,2025-11,25,5,0.1600307781093546,0.4,0.07188535018117712,0.020344476662243868,0.051540873518933245
TabPFN[Direct allocation scorer] Calibration Base,holdout,2025-12,25,5,0.22923076923076924,0.6,0.05618429379765426,0.030385959678018475,0.025798334119635783
TabPFN[Direct allocation scorer] Calibration Base,holdout,2026-01,25,5,0.3676923076923077,0.6,0.07487238138811055,0.032696402762136784,0.04217597862597376
TabPFN[Direct allocation scorer] Calibration Base,holdout,2026-02,25,5,-0.09923076923076923,0.2,-0.058394078688668236,-0.036566787634927475,-0.02182729105374076
TabPFN[Direct allocation scorer] Calibration Base,holdout,2026-03,25,5,-0.055010579975090644,0.2,0.02852077736053473,0.05167545879192894,-0.02315468143139421
