date,spy_return_1d,spy_return_5d,spy_return_20d,spy_return_60d,spy_return_126d,spy_return_252d,spy_rv_5d,spy_downside_rv_5d,spy_rv_10d,spy_downside_rv_10d,spy_rv_20d,spy_downside_rv_20d,spy_rv_60d,spy_downside_rv_60d,spy_rv_126d,spy_downside_rv_126d,spy_ma_distance_20d,spy_drawdown_20d,spy_ma_distance_60d,spy_drawdown_60d,spy_ma_distance_126d,spy_drawdown_126d,spy_ma_distance_200d,spy_drawdown_200d,spy_volume_change_5d,spy_volume_zscore_60d,spy_volume_volatility_20d,qqq_return_1d,qqq_return_5d,qqq_return_20d,qqq_return_60d,qqq_return_126d,qqq_return_252d,qqq_rv_5d,qqq_downside_rv_5d,qqq_rv_10d,qqq_downside_rv_10d,qqq_rv_20d,qqq_downside_rv_20d,qqq_rv_60d,qqq_downside_rv_60d,qqq_rv_126d,qqq_downside_rv_126d,qqq_ma_distance_20d,qqq_drawdown_20d,qqq_ma_distance_60d,qqq_drawdown_60d,qqq_ma_distance_126d,qqq_drawdown_126d,qqq_ma_distance_200d,qqq_drawdown_200d,qqq_volume_change_5d,qqq_volume_zscore_60d,qqq_volume_volatility_20d,iwm_return_1d,iwm_return_5d,iwm_return_20d,iwm_return_60d,iwm_return_126d,iwm_return_252d,iwm_rv_5d,iwm_downside_rv_5d,iwm_rv_10d,iwm_downside_rv_10d,iwm_rv_20d,iwm_downside_rv_20d,iwm_rv_60d,iwm_downside_rv_60d,iwm_rv_126d,iwm_downside_rv_126d,iwm_ma_distance_20d,iwm_drawdown_20d,iwm_ma_distance_60d,iwm_drawdown_60d,iwm_ma_distance_126d,iwm_drawdown_126d,iwm_ma_distance_200d,iwm_drawdown_200d,iwm_volume_change_5d,iwm_volume_zscore_60d,iwm_volume_volatility_20d,tlt_return_1d,tlt_return_5d,tlt_return_20d,tlt_return_60d,tlt_return_126d,tlt_return_252d,tlt_rv_5d,tlt_downside_rv_5d,tlt_rv_10d,tlt_downside_rv_10d,tlt_rv_20d,tlt_downside_rv_20d,tlt_rv_60d,tlt_downside_rv_60d,tlt_rv_126d,tlt_downside_rv_126d,tlt_ma_distance_20d,tlt_drawdown_20d,tlt_ma_distance_60d,tlt_drawdown_60d,tlt_ma_distance_126d,tlt_drawdown_126d,tlt_ma_distance_200d,tlt_drawdown_200d,tlt_volume_change_5d,tlt_volume_zscore_60d,tlt_volume_volatility_20d,ief_return_1d,ief_return_5d,ief_return_20d,ief_return_60d,ief_return_126d,ief_return_252d,ief_rv_5d,ief_downside_rv_5d,ief_rv_10d,ief_downside_rv_10d,ief_rv_20d,ief_downside_rv_20d,ief_rv_60d,ief_downside_rv_60d,ief_rv_126d,ief_downside_rv_126d,ief_ma_distance_20d,ief_drawdown_20d,ief_ma_distance_60d,ief_drawdown_60d,ief_ma_distance_126d,ief_drawdown_126d,ief_ma_distance_200d,ief_drawdown_200d,ief_volume_change_5d,ief_volume_zscore_60d,ief_volume_volatility_20d,gld_return_1d,gld_return_5d,gld_return_20d,gld_return_60d,gld_return_126d,gld_return_252d,gld_rv_5d,gld_downside_rv_5d,gld_rv_10d,gld_downside_rv_10d,gld_rv_20d,gld_downside_rv_20d,gld_rv_60d,gld_downside_rv_60d,gld_rv_126d,gld_downside_rv_126d,gld_ma_distance_20d,gld_drawdown_20d,gld_ma_distance_60d,gld_drawdown_60d,gld_ma_distance_126d,gld_drawdown_126d,gld_ma_distance_200d,gld_drawdown_200d,gld_volume_change_5d,gld_volume_zscore_60d,gld_volume_volatility_20d,hyg_return_1d,hyg_return_5d,hyg_return_20d,hyg_return_60d,hyg_return_126d,hyg_return_252d,hyg_rv_5d,hyg_downside_rv_5d,hyg_rv_10d,hyg_downside_rv_10d,hyg_rv_20d,hyg_downside_rv_20d,hyg_rv_60d,hyg_downside_rv_60d,hyg_rv_126d,hyg_downside_rv_126d,hyg_ma_distance_20d,hyg_drawdown_20d,hyg_ma_distance_60d,hyg_drawdown_60d,hyg_ma_distance_126d,hyg_drawdown_126d,hyg_ma_distance_200d,hyg_drawdown_200d,hyg_volume_change_5d,hyg_volume_zscore_60d,hyg_volume_volatility_20d,eem_return_1d,eem_return_5d,eem_return_20d,eem_return_60d,eem_return_126d,eem_return_252d,eem_rv_5d,eem_downside_rv_5d,eem_rv_10d,eem_downside_rv_10d,eem_rv_20d,eem_downside_rv_20d,eem_rv_60d,eem_downside_rv_60d,eem_rv_126d,eem_downside_rv_126d,eem_ma_distance_20d,eem_drawdown_20d,eem_ma_distance_60d,eem_drawdown_60d,eem_ma_distance_126d,eem_drawdown_126d,eem_ma_distance_200d,eem_drawdown_200d,eem_volume_change_5d,eem_volume_zscore_60d,eem_volume_volatility_20d,vnq_return_1d,vnq_return_5d,vnq_return_20d,vnq_return_60d,vnq_return_126d,vnq_return_252d,vnq_rv_5d,vnq_downside_rv_5d,vnq_rv_10d,vnq_downside_rv_10d,vnq_rv_20d,vnq_downside_rv_20d,vnq_rv_60d,vnq_downside_rv_60d,vnq_rv_126d,vnq_downside_rv_126d,vnq_ma_distance_20d,vnq_drawdown_20d,vnq_ma_distance_60d,vnq_drawdown_60d,vnq_ma_distance_126d,vnq_drawdown_126d,vnq_ma_distance_200d,vnq_drawdown_200d,vnq_volume_change_5d,vnq_volume_zscore_60d,vnq_volume_volatility_20d,spy_parkinson_rv_20d,spy_garman_klass_rv_20d,corr_spy_tlt_20d,corr_spy_tlt_60d,corr_spy_tlt_126d,relative_return_spy_tlt_20d,relative_return_spy_tlt_60d,corr_spy_gld_20d,corr_spy_gld_60d,corr_spy_gld_126d,relative_return_spy_gld_20d,relative_return_spy_gld_60d,corr_spy_hyg_20d,corr_spy_hyg_60d,corr_spy_hyg_126d,relative_return_spy_hyg_20d,relative_return_spy_hyg_60d,corr_spy_eem_20d,corr_spy_eem_60d,corr_spy_eem_126d,relative_return_spy_eem_20d,relative_return_spy_eem_60d,corr_qqq_tlt_20d,corr_qqq_tlt_60d,corr_qqq_tlt_126d,relative_return_qqq_tlt_20d,relative_return_qqq_tlt_60d,vix_close,vix_change_1d,vix_change_5d,vix_change_20d,vix_ma_distance_20d,vix_ma_distance_60d,vix_zscore_252d,treasury_10y_yield,treasury_10y_yield_change_5d,treasury_10y_yield_change_20d,treasury_2y_yield,treasury_2y_yield_change_5d,treasury_2y_yield_change_20d,yield_curve_10y_2y,yield_curve_10y_2y_change_5d,yield_curve_10y_2y_change_20d,high_yield_oas,high_yield_oas_change_5d,high_yield_oas_change_20d,investment_grade_oas,investment_grade_oas_change_5d,investment_grade_oas_change_20d,fed_funds_rate,fed_funds_rate_change_5d,fed_funds_rate_change_20d,computed_yield_curve_10y_2y,credit_spread_gap_hy_minus_ig,target_forward_rv_20d,target_forward_return_20d,spy_next_1d_return,target_high_vol_20d,spy_return_1d__is_missing,spy_return_5d__is_missing,spy_return_20d__is_missing,spy_return_60d__is_missing,spy_return_126d__is_missing,spy_return_252d__is_missing,spy_rv_5d__is_missing,spy_downside_rv_5d__is_missing,spy_rv_10d__is_missing,spy_downside_rv_10d__is_missing,spy_rv_20d__is_missing,spy_downside_rv_20d__is_missing,spy_rv_60d__is_missing,spy_downside_rv_60d__is_missing,spy_rv_126d__is_missing,spy_downside_rv_126d__is_missing,spy_ma_distance_20d__is_missing,spy_drawdown_20d__is_missing,spy_ma_distance_60d__is_missing,spy_drawdown_60d__is_missing,spy_ma_distance_126d__is_missing,spy_drawdown_126d__is_missing,spy_ma_distance_200d__is_missing,spy_drawdown_200d__is_missing,spy_volume_change_5d__is_missing,spy_volume_zscore_60d__is_missing,spy_volume_volatility_20d__is_missing,qqq_return_1d__is_missing,qqq_return_5d__is_missing,qqq_return_20d__is_missing,qqq_return_60d__is_missing,qqq_return_126d__is_missing,qqq_return_252d__is_missing,qqq_rv_5d__is_missing,qqq_downside_rv_5d__is_missing,qqq_rv_10d__is_missing,qqq_downside_rv_10d__is_missing,qqq_rv_20d__is_missing,qqq_downside_rv_20d__is_missing,qqq_rv_60d__is_missing,qqq_downside_rv_60d__is_missing,qqq_rv_126d__is_missing,qqq_downside_rv_126d__is_missing,qqq_ma_distance_20d__is_missing,qqq_drawdown_20d__is_missing,qqq_ma_distance_60d__is_missing,qqq_drawdown_60d__is_missing,qqq_ma_distance_126d__is_missing,qqq_drawdown_126d__is_missing,qqq_ma_distance_200d__is_missing,qqq_drawdown_200d__is_missing,qqq_volume_change_5d__is_missing,qqq_volume_zscore_60d__is_missing,qqq_volume_volatility_20d__is_missing,iwm_return_1d__is_missing,iwm_return_5d__is_missing,iwm_return_20d__is_missing,iwm_return_60d__is_missing,iwm_return_126d__is_missing,iwm_return_252d__is_missing,iwm_rv_5d__is_missing,iwm_downside_rv_5d__is_missing,iwm_rv_10d__is_missing,iwm_downside_rv_10d__is_missing,iwm_rv_20d__is_missing,iwm_downside_rv_20d__is_missing,iwm_rv_60d__is_missing,iwm_downside_rv_60d__is_missing,iwm_rv_126d__is_missing,iwm_downside_rv_126d__is_missing,iwm_ma_distance_20d__is_missing,iwm_drawdown_20d__is_missing,iwm_ma_distance_60d__is_missing,iwm_drawdown_60d__is_missing,iwm_ma_distance_126d__is_missing,iwm_drawdown_126d__is_missing,iwm_ma_distance_200d__is_missing,iwm_drawdown_200d__is_missing,iwm_volume_change_5d__is_missing,iwm_volume_zscore_60d__is_missing,iwm_volume_volatility_20d__is_missing,tlt_return_1d__is_missing,tlt_return_5d__is_missing,tlt_return_20d__is_missing,tlt_return_60d__is_missing,tlt_return_126d__is_missing,tlt_return_252d__is_missing,tlt_rv_5d__is_missing,tlt_downside_rv_5d__is_missing,tlt_rv_10d__is_missing,tlt_downside_rv_10d__is_missing,tlt_rv_20d__is_missing,tlt_downside_rv_20d__is_missing,tlt_rv_60d__is_missing,tlt_downside_rv_60d__is_missing,tlt_rv_126d__is_missing,tlt_downside_rv_126d__is_missing,tlt_ma_distance_20d__is_missing,tlt_drawdown_20d__is_missing,tlt_ma_distance_60d__is_missing,tlt_drawdown_60d__is_missing,tlt_ma_distance_126d__is_missing,tlt_drawdown_126d__is_missing,tlt_ma_distance_200d__is_missing,tlt_drawdown_200d__is_missing,tlt_volume_change_5d__is_missing,tlt_volume_zscore_60d__is_missing,tlt_volume_volatility_20d__is_missing,ief_return_1d__is_missing,ief_return_5d__is_missing,ief_return_20d__is_missing,ief_return_60d__is_missing,ief_return_126d__is_missing,ief_return_252d__is_missing,ief_rv_5d__is_missing,ief_downside_rv_5d__is_missing,ief_rv_10d__is_missing,ief_downside_rv_10d__is_missing,ief_rv_20d__is_missing,ief_downside_rv_20d__is_missing,ief_rv_60d__is_missing,ief_downside_rv_60d__is_missing,ief_rv_126d__is_missing,ief_downside_rv_126d__is_missing,ief_ma_distance_20d__is_missing,ief_drawdown_20d__is_missing,ief_ma_distance_60d__is_missing,ief_drawdown_60d__is_missing,ief_ma_distance_126d__is_missing,ief_drawdown_126d__is_missing,ief_ma_distance_200d__is_missing,ief_drawdown_200d__is_missing,ief_volume_change_5d__is_missing,ief_volume_zscore_60d__is_missing,ief_volume_volatility_20d__is_missing,gld_return_1d__is_missing,gld_return_5d__is_missing,gld_return_20d__is_missing,gld_return_60d__is_missing,gld_return_126d__is_missing,gld_return_252d__is_missing,gld_rv_5d__is_missing,gld_downside_rv_5d__is_missing,gld_rv_10d__is_missing,gld_downside_rv_10d__is_missing,gld_rv_20d__is_missing,gld_downside_rv_20d__is_missing,gld_rv_60d__is_missing,gld_downside_rv_60d__is_missing,gld_rv_126d__is_missing,gld_downside_rv_126d__is_missing,gld_ma_distance_20d__is_missing,gld_drawdown_20d__is_missing,gld_ma_distance_60d__is_missing,gld_drawdown_60d__is_missing,gld_ma_distance_126d__is_missing,gld_drawdown_126d__is_missing,gld_ma_distance_200d__is_missing,gld_drawdown_200d__is_missing,gld_volume_change_5d__is_missing,gld_volume_zscore_60d__is_missing,gld_volume_volatility_20d__is_missing,hyg_return_1d__is_missing,hyg_return_5d__is_missing,hyg_return_20d__is_missing,hyg_return_60d__is_missing,hyg_return_126d__is_missing,hyg_return_252d__is_missing,hyg_rv_5d__is_missing,hyg_downside_rv_5d__is_missing,hyg_rv_10d__is_missing,hyg_downside_rv_10d__is_missing,hyg_rv_20d__is_missing,hyg_downside_rv_20d__is_missing,hyg_rv_60d__is_missing,hyg_downside_rv_60d__is_missing,hyg_rv_126d__is_missing,hyg_downside_rv_126d__is_missing,hyg_ma_distance_20d__is_missing,hyg_drawdown_20d__is_missing,hyg_ma_distance_60d__is_missing,hyg_drawdown_60d__is_missing,hyg_ma_distance_126d__is_missing,hyg_drawdown_126d__is_missing,hyg_ma_distance_200d__is_missing,hyg_drawdown_200d__is_missing,hyg_volume_change_5d__is_missing,hyg_volume_zscore_60d__is_missing,hyg_volume_volatility_20d__is_missing,eem_return_1d__is_missing,eem_return_5d__is_missing,eem_return_20d__is_missing,eem_return_60d__is_missing,eem_return_126d__is_missing,eem_return_252d__is_missing,eem_rv_5d__is_missing,eem_downside_rv_5d__is_missing,eem_rv_10d__is_missing,eem_downside_rv_10d__is_missing,eem_rv_20d__is_missing,eem_downside_rv_20d__is_missing,eem_rv_60d__is_missing,eem_downside_rv_60d__is_missing,eem_rv_126d__is_missing,eem_downside_rv_126d__is_missing,eem_ma_distance_20d__is_missing,eem_drawdown_20d__is_missing,eem_ma_distance_60d__is_missing,eem_drawdown_60d__is_missing,eem_ma_distance_126d__is_missing,eem_drawdown_126d__is_missing,eem_ma_distance_200d__is_missing,eem_drawdown_200d__is_missing,eem_volume_change_5d__is_missing,eem_volume_zscore_60d__is_missing,eem_volume_volatility_20d__is_missing,vnq_return_1d__is_missing,vnq_return_5d__is_missing,vnq_return_20d__is_missing,vnq_return_60d__is_missing,vnq_return_126d__is_missing,vnq_return_252d__is_missing,vnq_rv_5d__is_missing,vnq_downside_rv_5d__is_missing,vnq_rv_10d__is_missing,vnq_downside_rv_10d__is_missing,vnq_rv_20d__is_missing,vnq_downside_rv_20d__is_missing,vnq_rv_60d__is_missing,vnq_downside_rv_60d__is_missing,vnq_rv_126d__is_missing,vnq_downside_rv_126d__is_missing,vnq_ma_distance_20d__is_missing,vnq_drawdown_20d__is_missing,vnq_ma_distance_60d__is_missing,vnq_drawdown_60d__is_missing,vnq_ma_distance_126d__is_missing,vnq_drawdown_126d__is_missing,vnq_ma_distance_200d__is_missing,vnq_drawdown_200d__is_missing,vnq_volume_change_5d__is_missing,vnq_volume_zscore_60d__is_missing,vnq_volume_volatility_20d__is_missing,spy_parkinson_rv_20d__is_missing,spy_garman_klass_rv_20d__is_missing,corr_spy_tlt_20d__is_missing,corr_spy_tlt_60d__is_missing,corr_spy_tlt_126d__is_missing,relative_return_spy_tlt_20d__is_missing,relative_return_spy_tlt_60d__is_missing,corr_spy_gld_20d__is_missing,corr_spy_gld_60d__is_missing,corr_spy_gld_126d__is_missing,relative_return_spy_gld_20d__is_missing,relative_return_spy_gld_60d__is_missing,corr_spy_hyg_20d__is_missing,corr_spy_hyg_60d__is_missing,corr_spy_hyg_126d__is_missing,relative_return_spy_hyg_20d__is_missing,relative_return_spy_hyg_60d__is_missing,corr_spy_eem_20d__is_missing,corr_spy_eem_60d__is_missing,corr_spy_eem_126d__is_missing,relative_return_spy_eem_20d__is_missing,relative_return_spy_eem_60d__is_missing,corr_qqq_tlt_20d__is_missing,corr_qqq_tlt_60d__is_missing,corr_qqq_tlt_126d__is_missing,relative_return_qqq_tlt_20d__is_missing,relative_return_qqq_tlt_60d__is_missing,vix_change_1d__is_missing,vix_change_5d__is_missing,vix_change_20d__is_missing,vix_ma_distance_20d__is_missing,vix_ma_distance_60d__is_missing,vix_zscore_252d__is_missing,treasury_10y_yield_change_5d__is_missing,treasury_10y_yield_change_20d__is_missing,treasury_2y_yield_change_5d__is_missing,treasury_2y_yield_change_20d__is_missing,yield_curve_10y_2y_change_5d__is_missing,yield_curve_10y_2y_change_20d__is_missing,fed_funds_rate_change_5d__is_missing,fed_funds_rate_change_20d__is_missing
2006-01-03,,,,,,,,,,,,,,,,,,,,,,,,,,,,,,,,,,,,,,,,,,,,,,,,,,,,,,,,,,,,,,,,,,,,,,,,,,,,,,,,,,,,,,,,,,,,,,,,,,,,,,,,,,,,,,,,,,,,,,,,,,,,,,,,,,,,,,,,,,,,,,,,,,,,,,,,,,,,,,,,,,,,,,,,,,,,,,,,,,,,,,,,,,,,,,,,,,,,,,,,,,,,,,,,,,,,,,,,,,,,,,,,,,,,,,,,,,,,,,,,,,,,,,,,,,,,,,,,,,,,,,,,,,,,,,,11.14,,,,,,,4.37,,,4.34,,,0.03,,,,,,,,,4.34,,,0.03000000000000025,,0.09815210089162686,0.013338510268866788,0.004735601487689589,0,1.0,1.0,1.0,1.0,1.0,1.0,1.0,1.0,1.0,1.0,1.0,1.0,1.0,1.0,1.0,1.0,1.0,1.0,1.0,1.0,1.0,1.0,1.0,1.0,1.0,1.0,1.0,1.0,1.0,1.0,1.0,1.0,1.0,1.0,1.0,1.0,1.0,1.0,1.0,1.0,1.0,1.0,1.0,1.0,1.0,1.0,1.0,1.0,1.0,1.0,1.0,1.0,1.0,1.0,1.0,1.0,1.0,1.0,1.0,1.0,1.0,1.0,1.0,1.0,1.0,1.0,1.0,1.0,1.0,1.0,1.0,1.0,1.0,1.0,1.0,1.0,1.0,1.0,1.0,1.0,1.0,1.0,1.0,1.0,1.0,1.0,1.0,1.0,1.0,1.0,1.0,1.0,1.0,1.0,1.0,1.0,1.0,1.0,1.0,1.0,1.0,1.0,1.0,1.0,1.0,1.0,1.0,1.0,1.0,1.0,1.0,1.0,1.0,1.0,1.0,1.0,1.0,1.0,1.0,1.0,1.0,1.0,1.0,1.0,1.0,1.0,1.0,1.0,1.0,1.0,1.0,1.0,1.0,1.0,1.0,1.0,1.0,1.0,1.0,1.0,1.0,1.0,1.0,1.0,1.0,1.0,1.0,1.0,1.0,1.0,1.0,1.0,1.0,1.0,1.0,1.0,1.0,1.0,1.0,1.0,1.0,1.0,1.0,1.0,1.0,1.0,1.0,1.0,1.0,1.0,1.0,1.0,1.0,1.0,1.0,1.0,1.0,1.0,1.0,1.0,1.0,1.0,1.0,1.0,1.0,1.0,1.0,1.0,1.0,1.0,1.0,1.0,1.0,1.0,1.0,1.0,1.0,1.0,1.0,1.0,1.0,1.0,1.0,1.0,1.0,1.0,1.0,1.0,1.0,1.0,1.0,1.0,1.0,1.0,1.0,1.0,1.0,1.0,1.0,1.0,1.0,1.0,1.0,1.0,1.0,1.0,1.0,1.0,1.0,1.0,1.0,1.0,1.0,1.0,1.0,1.0,1.0,1.0,1.0,1.0,1.0,1.0,1.0,1.0,1.0,1.0,1.0,1.0,1.0,1.0,1.0,1.0,1.0,1.0,1.0,1.0,1.0,1.0,1.0,1.0,1.0,1.0,1.0,1.0,1.0,1.0,1.0,1.0,1.0,1.0,1.0,1.0,1.0,1.0,1.0,1.0,1.0,1.0,1.0,1.0,1.0,1.0,1.0,1.0
2006-01-04,0.004735601487689589,,,,,,,,,,,,,,,,,,,,,,,,,,,0.01040891799753818,,,,,,,,,,,,,,,,,,,,,,,,,,,0.005436609180950569,,,,,,,,,,,,,,,,,,,,,,,,,,,0.002396808764528302,,,,,,,,,,,,,,,,,,,,,,,,,,,0.0017877801770773694,,,,,,,,,,,,,,,,,,,,,,,,,,,0.0033885600300291863,,,,,,,,,,,,,,,,,,,,,,,,,,,,,,,,,,,,,,,,,,,,,,,,,,,,,,0.009066411433130916,,,,,,,,,,,,,,,,,,,,,,,,,,,0.007406073847396,,,,,,,,,,,,,,,,,,,,,,,,,,,,,,,,,,,,,,,,,,,,,,,,,,,,,,11.37,0.02064631956912022,,,,,,4.36,,,4.31,,,0.05,,,,,,,,,4.22,,,0.05000000000000071,,0.10608911441696199,-0.003142187510609906,0.00062854196893114,0,0.0,1.0,1.0,1.0,1.0,1.0,1.0,1.0,1.0,1.0,1.0,1.0,1.0,1.0,1.0,1.0,1.0,1.0,1.0,1.0,1.0,1.0,1.0,1.0,1.0,1.0,1.0,0.0,1.0,1.0,1.0,1.0,1.0,1.0,1.0,1.0,1.0,1.0,1.0,1.0,1.0,1.0,1.0,1.0,1.0,1.0,1.0,1.0,1.0,1.0,1.0,1.0,1.0,1.0,0.0,1.0,1.0,1.0,1.0,1.0,1.0,1.0,1.0,1.0,1.0,1.0,1.0,1.0,1.0,1.0,1.0,1.0,1.0,1.0,1.0,1.0,1.0,1.0,1.0,1.0,1.0,0.0,1.0,1.0,1.0,1.0,1.0,1.0,1.0,1.0,1.0,1.0,1.0,1.0,1.0,1.0,1.0,1.0,1.0,1.0,1.0,1.0,1.0,1.0,1.0,1.0,1.0,1.0,0.0,1.0,1.0,1.0,1.0,1.0,1.0,1.0,1.0,1.0,1.0,1.0,1.0,1.0,1.0,1.0,1.0,1.0,1.0,1.0,1.0,1.0,1.0,1.0,1.0,1.0,1.0,0.0,1.0,1.0,1.0,1.0,1.0,1.0,1.0,1.0,1.0,1.0,1.0,1.0,1.0,1.0,1.0,1.0,1.0,1.0,1.0,1.0,1.0,1.0,1.0,1.0,1.0,1.0,1.0,1.0,1.0,1.0,1.0,1.0,1.0,1.0,1.0,1.0,1.0,1.0,1.0,1.0,1.0,1.0,1.0,1.0,1.0,1.0,1.0,1.0,1.0,1.0,1.0,1.0,1.0,0.0,1.0,1.0,1.0,1.0,1.0,1.0,1.0,1.0,1.0,1.0,1.0,1.0,1.0,1.0,1.0,1.0,1.0,1.0,1.0,1.0,1.0,1.0,1.0,1.0,1.0,1.0,0.0,1.0,1.0,1.0,1.0,1.0,1.0,1.0,1.0,1.0,1.0,1.0,1.0,1.0,1.0,1.0,1.0,1.0,1.0,1.0,1.0,1.0,1.0,1.0,1.0,1.0,1.0,1.0,1.0,1.0,1.0,1.0,1.0,1.0,1.0,1.0,1.0,1.0,1.0,1.0,1.0,1.0,1.0,1.0,1.0,1.0,1.0,1.0,1.0,1.0,1.0,1.0,1.0,1.0,0.0,1.0,1.0,1.0,1.0,1.0,1.0,1.0,1.0,1.0,1.0,1.0,1.0,1.0
2006-01-05,0.00062854196893114,,,,,,,,,,,,,,,,,,,,,,,,,,,0.0043129066135974,,,,,,,,,,,,,,,,,,,,,,,,,,,0.005408233404267326,,,,,,,,,,,,,,,,,,,,,,,,,,,-0.0011961329312218938,,,,,,,,,,,,,,,,,,,,,,,,,,,0.0002381875297348124,,,,,,,,,,,,,,,,,,,,,,,,,,,-0.018011240116588056,,,,,,,,,,,,,,,,,,,,,,,,,,,,,,,,,,,,,,,,,,,,,,,,,,,,,,0.005087871227508423,,,,,,,,,,,,,,,,,,,,,,,,,,,0.007678227248985703,,,,,,,,,,,,,,,,,,,,,,,,,,,,,,,,,,,,,,,,,,,,,,,,,,,,,,11.31,-0.005277044854881119,,,,,,4.36,,,4.32,,,0.04,,,,,,,,,4.24,,,0.040000000000000036,,0.10739610032040277,-0.008713932216832254,0.008321209745294267,0,0.0,1.0,1.0,1.0,1.0,1.0,1.0,1.0,1.0,1.0,1.0,1.0,1.0,1.0,1.0,1.0,1.0,1.0,1.0,1.0,1.0,1.0,1.0,1.0,1.0,1.0,1.0,0.0,1.0,1.0,1.0,1.0,1.0,1.0,1.0,1.0,1.0,1.0,1.0,1.0,1.0,1.0,1.0,1.0,1.0,1.0,1.0,1.0,1.0,1.0,1.0,1.0,1.0,1.0,0.0,1.0,1.0,1.0,1.0,1.0,1.0,1.0,1.0,1.0,1.0,1.0,1.0,1.0,1.0,1.0,1.0,1.0,1.0,1.0,1.0,1.0,1.0,1.0,1.0,1.0,1.0,0.0,1.0,1.0,1.0,1.0,1.0,1.0,1.0,1.0,1.0,1.0,1.0,1.0,1.0,1.0,1.0,1.0,1.0,1.0,1.0,1.0,1.0,1.0,1.0,1.0,1.0,1.0,0.0,1.0,1.0,1.0,1.0,1.0,1.0,1.0,1.0,1.0,1.0,1.0,1.0,1.0,1.0,1.0,1.0,1.0,1.0,1.0,1.0,1.0,1.0,1.0,1.0,1.0,1.0,0.0,1.0,1.0,1.0,1.0,1.0,1.0,1.0,1.0,1.0,1.0,1.0,1.0,1.0,1.0,1.0,1.0,1.0,1.0,1.0,1.0,1.0,1.0,1.0,1.0,1.0,1.0,1.0,1.0,1.0,1.0,1.0,1.0,1.0,1.0,1.0,1.0,1.0,1.0,1.0,1.0,1.0,1.0,1.0,1.0,1.0,1.0,1.0,1.0,1.0,1.0,1.0,1.0,1.0,0.0,1.0,1.0,1.0,1.0,1.0,1.0,1.0,1.0,1.0,1.0,1.0,1.0,1.0,1.0,1.0,1.0,1.0,1.0,1.0,1.0,1.0,1.0,1.0,1.0,1.0,1.0,0.0,1.0,1.0,1.0,1.0,1.0,1.0,1.0,1.0,1.0,1.0,1.0,1.0,1.0,1.0,1.0,1.0,1.0,1.0,1.0,1.0,1.0,1.0,1.0,1.0,1.0,1.0,1.0,1.0,1.0,1.0,1.0,1.0,1.0,1.0,1.0,1.0,1.0,1.0,1.0,1.0,1.0,1.0,1.0,1.0,1.0,1.0,1.0,1.0,1.0,1.0,1.0,1.0,1.0,0.0,1.0,1.0,1.0,1.0,1.0,1.0,1.0,1.0,1.0,1.0,1.0,1.0,1.0
2006-01-06,0.008321209745294267,,,,,,,,,,,,,,,,,,,,,,,,,,,0.018129353401192594,,,,,,,,,,,,,,,,,,,,,,,,,,,0.011920527495257183,,,,,,,,,,,,,,,,,,,,,,,,,,,-0.0018497159330832513,,,,,,,,,,,,,,,,,,,,,,,,,,,-0.0013082895877786216,,,,,,,,,,,,,,,,,,,,,,,,,,,0.02636608834719323,,,,,,,,,,,,,,,,,,,,,,,,,,,,,,,,,,,,,,,,,,,,,,,,,,,,,,0.02089346558108618,,,,,,,,,,,,,,,,,,,,,,,,,,,0.009403272083665426,,,,,,,,,,,,,,,,,,,,,,,,,,,,,,,,,,,,,,,,,,,,,,,,,,,,,,11.0,-0.027409372236958496,,,,,,4.38,,,4.36,,,0.02,,,,,,,,,4.22,,,0.019999999999999574,,0.10308360365244515,-0.014325136993694532,0.002569766933192108,0,0.0,1.0,1.0,1.0,1.0,1.0,1.0,1.0,1.0,1.0,1.0,1.0,1.0,1.0,1.0,1.0,1.0,1.0,1.0,1.0,1.0,1.0,1.0,1.0,1.0,1.0,1.0,0.0,1.0,1.0,1.0,1.0,1.0,1.0,1.0,1.0,1.0,1.0,1.0,1.0,1.0,1.0,1.0,1.0,1.0,1.0,1.0,1.0,1.0,1.0,1.0,1.0,1.0,1.0,0.0,1.0,1.0,1.0,1.0,1.0,1.0,1.0,1.0,1.0,1.0,1.0,1.0,1.0,1.0,1.0,1.0,1.0,1.0,1.0,1.0,1.0,1.0,1.0,1.0,1.0,1.0,0.0,1.0,1.0,1.0,1.0,1.0,1.0,1.0,1.0,1.0,1.0,1.0,1.0,1.0,1.0,1.0,1.0,1.0,1.0,1.0,1.0,1.0,1.0,1.0,1.0,1.0,1.0,0.0,1.0,1.0,1.0,1.0,1.0,1.0,1.0,1.0,1.0,1.0,1.0,1.0,1.0,1.0,1.0,1.0,1.0,1.0,1.0,1.0,1.0,1.0,1.0,1.0,1.0,1.0,0.0,1.0,1.0,1.0,1.0,1.0,1.0,1.0,1.0,1.0,1.0,1.0,1.0,1.0,1.0,1.0,1.0,1.0,1.0,1.0,1.0,1.0,1.0,1.0,1.0,1.0,1.0,1.0,1.0,1.0,1.0,1.0,1.0,1.0,1.0,1.0,1.0,1.0,1.0,1.0,1.0,1.0,1.0,1.0,1.0,1.0,1.0,1.0,1.0,1.0,1.0,1.0,1.0,1.0,0.0,1.0,1.0,1.0,1.0,1.0,1.0,1.0,1.0,1.0,1.0,1.0,1.0,1.0,1.0,1.0,1.0,1.0,1.0,1.0,1.0,1.0,1.0,1.0,1.0,1.0,1.0,0.0,1.0,1.0,1.0,1.0,1.0,1.0,1.0,1.0,1.0,1.0,1.0,1.0,1.0,1.0,1.0,1.0,1.0,1.0,1.0,1.0,1.0,1.0,1.0,1.0,1.0,1.0,1.0,1.0,1.0,1.0,1.0,1.0,1.0,1.0,1.0,1.0,1.0,1.0,1.0,1.0,1.0,1.0,1.0,1.0,1.0,1.0,1.0,1.0,1.0,1.0,1.0,1.0,1.0,0.0,1.0,1.0,1.0,1.0,1.0,1.0,1.0,1.0,1.0,1.0,1.0,1.0,1.0
2006-01-09,0.002569766933192108,,,,,,,0.0,,,,,,,,,,,,,,,,,,,,0.003982972747068603,,,,,,,0.0,,,,,,,,,,,,,,,,,,,,0.006608281967128482,,,,,,,0.0,,,,,,,,,,,,,,,,,,,,0.0006545507643880288,,,,,,,0.0137519341465296,,,,,,,,,,,,,,,,,,,,0.00047580204529862336,,,,,,,0.009294015655314262,,,,,,,,,,,,,,,,,,,,0.016381184538745375,,,,,,,0.12903265934280006,,,,,,,,,,,,,,,,,,,,,,,,,,,0.0,,,,,,,,,,,,,,,,,,,,0.009811214662458267,,,,,,,0.0,,,,,,,,,,,,,,,,,,,,0.008512872373862113,,,,,,,0.0,,,,,,,,,,,,,,,,,,,,,,,,,,,,,,,,,,,,,,,,,,,,,,,11.13,0.01181818181818195,,,,,,4.38,,,4.36,,,0.02,,,,,,,,,4.25,,,0.019999999999999574,,0.10620784621488026,-0.02554969856836109,0.0010094194697729542,0,0.0,1.0,1.0,1.0,1.0,1.0,1.0,0.0,1.0,1.0,1.0,1.0,1.0,1.0,1.0,1.0,1.0,1.0,1.0,1.0,1.0,1.0,1.0,1.0,1.0,1.0,1.0,0.0,1.0,1.0,1.0,1.0,1.0,1.0,0.0,1.0,1.0,1.0,1.0,1.0,1.0,1.0,1.0,1.0,1.0,1.0,1.0,1.0,1.0,1.0,1.0,1.0,1.0,1.0,0.0,1.0,1.0,1.0,1.0,1.0,1.0,0.0,1.0,1.0,1.0,1.0,1.0,1.0,1.0,1.0,1.0,1.0,1.0,1.0,1.0,1.0,1.0,1.0,1.0,1.0,1.0,0.0,1.0,1.0,1.0,1.0,1.0,1.0,0.0,1.0,1.0,1.0,1.0,1.0,1.0,1.0,1.0,1.0,1.0,1.0,1.0,1.0,1.0,1.0,1.0,1.0,1.0,1.0,0.0,1.0,1.0,1.0,1.0,1.0,1.0,0.0,1.0,1.0,1.0,1.0,1.0,1.0,1.0,1.0,1.0,1.0,1.0,1.0,1.0,1.0,1.0,1.0,1.0,1.0,1.0,0.0,1.0,1.0,1.0,1.0,1.0,1.0,0.0,1.0,1.0,1.0,1.0,1.0,1.0,1.0,1.0,1.0,1.0,1.0,1.0,1.0,1.0,1.0,1.0,1.0,1.0,1.0,1.0,1.0,1.0,1.0,1.0,1.0,1.0,0.0,1.0,1.0,1.0,1.0,1.0,1.0,1.0,1.0,1.0,1.0,1.0,1.0,1.0,1.0,1.0,1.0,1.0,1.0,1.0,0.0,1.0,1.0,1.0,1.0,1.0,1.0,0.0,1.0,1.0,1.0,1.0,1.0,1.0,1.0,1.0,1.0,1.0,1.0,1.0,1.0,1.0,1.0,1.0,1.0,1.0,1.0,0.0,1.0,1.0,1.0,1.0,1.0,1.0,0.0,1.0,1.0,1.0,1.0,1.0,1.0,1.0,1.0,1.0,1.0,1.0,1.0,1.0,1.0,1.0,1.0,1.0,1.0,1.0,1.0,1.0,1.0,1.0,1.0,1.0,1.0,1.0,1.0,1.0,1.0,1.0,1.0,1.0,1.0,1.0,1.0,1.0,1.0,1.0,1.0,1.0,1.0,1.0,1.0,1.0,1.0,0.0,1.0,1.0,1.0,1.0,1.0,1.0,1.0,1.0,1.0,1.0,1.0,1.0,1.0
2006-01-10,0.0010094194697729542,0.017363959589463906,,,,,0.0500233594372469,0.0,,,,,,,,,,,,,,,,,-0.38625682019528584,,,0.00070089163205167,0.038005864988593485,,,,,0.10841677979853798,0.0,,,,,,,,,,,,,,,,,-0.22844909575090722,,,0.008990076089816057,0.038941111186156174,,,,,0.043846497211095625,0.0,,,,,,,,,,,,,,,,,-0.32891478946574293,,,-0.00806256330634958,-0.00806256330634958,,,,,0.06322245428777178,0.05357356381675596,,,,,,,,,,,,,,,,,-0.4981690241976018,,,-0.004047035278624933,-0.0028602624111860875,,,,,0.03548887257378858,0.027953952777488557,,,,,,,,,,,,,,,,,-0.5308848080133556,,,-0.009890057068152158,0.017695829448558742,,,,,0.28841054435748814,0.13067523809281922,,,,,,,,,,,,,,,,,0.2375122110061869,,,,,,,,,,0.0,,,,,,,,,,,,,,,,,,,,-0.012014283213331978,0.03298749000835133,,,,,0.18875944312465406,0.08580945760941615,,,,,,,,,,,,,,,,,-0.6944157632077095,,,0.006051380196579137,0.03966339914907535,,,,,0.01977883180252854,0.0,,,,,,,,,,,,,,,,,-0.2190611664295875,,,,,,,,,,,,,,,,,,,,,,,,,,,,,,10.86,-0.0242587601078168,-0.02513464991023351,,,,,4.43,0.05999999999999961,,4.41,0.07000000000000028,,0.02,-0.009999999999999998,,,,,,,,4.24,-0.09999999999999964,,0.019999999999999574,,0.11218133174617524,-0.017687650687426504,0.0031809915315417214,0,0.0,0.0,1.0,1.0,1.0,1.0,0.0,0.0,1.0,1.0,1.0,1.0,1.0,1.0,1.0,1.0,1.0,1.0,1.0,1.0,1.0,1.0,1.0,1.0,0.0,1.0,1.0,0.0,0.0,1.0,1.0,1.0,1.0,0.0,0.0,1.0,1.0,1.0,1.0,1.0,1.0,1.0,1.0,1.0,1.0,1.0,1.0,1.0,1.0,1.0,1.0,0.0,1.0,1.0,0.0,0.0,1.0,1.0,1.0,1.0,0.0,0.0,1.0,1.0,1.0,1.0,1.0,1.0,1.0,1.0,1.0,1.0,1.0,1.0,1.0,1.0,1.0,1.0,0.0,1.0,1.0,0.0,0.0,1.0,1.0,1.0,1.0,0.0,0.0,1.0,1.0,1.0,1.0,1.0,1.0,1.0,1.0,1.0,1.0,1.0,1.0,1.0,1.0,1.0,1.0,0.0,1.0,1.0,0.0,0.0,1.0,1.0,1.0,1.0,0.0,0.0,1.0,1.0,1.0,1.0,1.0,1.0,1.0,1.0,1.0,1.0,1.0,1.0,1.0,1.0,1.0,1.0,0.0,1.0,1.0,0.0,0.0,1.0,1.0,1.0,1.0,0.0,0.0,1.0,1.0,1.0,1.0,1.0,1.0,1.0,1.0,1.0,1.0,1.0,1.0,1.0,1.0,1.0,1.0,0.0,1.0,1.0,1.0,1.0,1.0,1.0,1.0,1.0,1.0,0.0,1.0,1.0,1.0,1.0,1.0,1.0,1.0,1.0,1.0,1.0,1.0,1.0,1.0,1.0,1.0,1.0,1.0,1.0,1.0,0.0,0.0,1.0,1.0,1.0,1.0,0.0,0.0,1.0,1.0,1.0,1.0,1.0,1.0,1.0,1.0,1.0,1.0,1.0,1.0,1.0,1.0,1.0,1.0,0.0,1.0,1.0,0.0,0.0,1.0,1.0,1.0,1.0,0.0,0.0,1.0,1.0,1.0,1.0,1.0,1.0,1.0,1.0,1.0,1.0,1.0,1.0,1.0,1.0,1.0,1.0,0.0,1.0,1.0,1.0,1.0,1.0,1.0,1.0,1.0,1.0,1.0,1.0,1.0,1.0,1.0,1.0,1.0,1.0,1.0,1.0,1.0,1.0,1.0,1.0,1.0,1.0,1.0,1.0,1.0,1.0,0.0,0.0,1.0,1.0,1.0,1.0,0.0,1.0,0.0,1.0,0.0,1.0,0.0,1.0
2006-01-11,0.0031809915315417214,0.01578980999402635,,,,,0.04871514841874842,0.0,,,,,,,,,,,,,,,,,-0.04432982142444253,,,0.007695249711592078,0.03521807922554987,,,,,0.105535712454584,0.0,,,,,,,,,,,,,,,,,0.08614909657710412,,,-0.00169708090508347,0.03156970274810522,,,,,0.08042511670819485,0.012058314103261249,,,,,,,,,,,,,,,,,-0.006930646547094854,,,-0.001647678003410591,-0.01206484843161404,,,,,0.05269366845656568,0.0504391071414292,,,,,,,,,,,,,,,,,0.018059855521155743,,,-0.0025102581169802463,-0.007138358891785601,,,,,0.030218615467404005,0.027568873660380012,,,,,,,,,,,,,,,,,2.4220837043633128,,,0.00869399545073013,0.0230769148188108,,,,,0.2906870975926113,0.13067523809281922,,,,,,,,,,,,,,,,,-0.20393729079596812,,,,,,,,,,0.0,,,,,,,,,,,,,,,,,,,,0.01173768369456285,0.035722087847701145,,,,,0.191902827330529,0.08580945760941615,,,,,,,,,,,,,,,,,-0.20938675820186148,,,0.0015831788967506366,0.03365405404541155,,,,,0.04875893379437622,0.0,,,,,,,,,,,,,,,,,-0.44133333333333336,,,,,,,,,,,,,,,,,,,,,,,,,,,,,,10.94,0.007366482504604033,-0.03781882145998239,,,,,4.46,0.09999999999999964,,4.44,0.13000000000000078,,0.02,-0.030000000000000002,,,,,,,,4.24,0.020000000000000462,,0.019999999999999574,,0.1111640420298382,-0.022426445444649112,-0.003944369511936552,0,0.0,0.0,1.0,1.0,1.0,1.0,0.0,0.0,1.0,1.0,1.0,1.0,1.0,1.0,1.0,1.0,1.0,1.0,1.0,1.0,1.0,1.0,1.0,1.0,0.0,1.0,1.0,0.0,0.0,1.0,1.0,1.0,1.0,0.0,0.0,1.0,1.0,1.0,1.0,1.0,1.0,1.0,1.0,1.0,1.0,1.0,1.0,1.0,1.0,1.0,1.0,0.0,1.0,1.0,0.0,0.0,1.0,1.0,1.0,1.0,0.0,0.0,1.0,1.0,1.0,1.0,1.0,1.0,1.0,1.0,1.0,1.0,1.0,1.0,1.0,1.0,1.0,1.0,0.0,1.0,1.0,0.0,0.0,1.0,1.0,1.0,1.0,0.0,0.0,1.0,1.0,1.0,1.0,1.0,1.0,1.0,1.0,1.0,1.0,1.0,1.0,1.0,1.0,1.0,1.0,0.0,1.0,1.0,0.0,0.0,1.0,1.0,1.0,1.0,0.0,0.0,1.0,1.0,1.0,1.0,1.0,1.0,1.0,1.0,1.0,1.0,1.0,1.0,1.0,1.0,1.0,1.0,0.0,1.0,1.0,0.0,0.0,1.0,1.0,1.0,1.0,0.0,0.0,1.0,1.0,1.0,1.0,1.0,1.0,1.0,1.0,1.0,1.0,1.0,1.0,1.0,1.0,1.0,1.0,0.0,1.0,1.0,1.0,1.0,1.0,1.0,1.0,1.0,1.0,0.0,1.0,1.0,1.0,1.0,1.0,1.0,1.0,1.0,1.0,1.0,1.0,1.0,1.0,1.0,1.0,1.0,1.0,1.0,1.0,0.0,0.0,1.0,1.0,1.0,1.0,0.0,0.0,1.0,1.0,1.0,1.0,1.0,1.0,1.0,1.0,1.0,1.0,1.0,1.0,1.0,1.0,1.0,1.0,0.0,1.0,1.0,0.0,0.0,1.0,1.0,1.0,1.0,0.0,0.0,1.0,1.0,1.0,1.0,1.0,1.0,1.0,1.0,1.0,1.0,1.0,1.0,1.0,1.0,1.0,1.0,0.0,1.0,1.0,1.0,1.0,1.0,1.0,1.0,1.0,1.0,1.0,1.0,1.0,1.0,1.0,1.0,1.0,1.0,1.0,1.0,1.0,1.0,1.0,1.0,1.0,1.0,1.0,1.0,1.0,1.0,0.0,0.0,1.0,1.0,1.0,1.0,0.0,1.0,0.0,1.0,0.0,1.0,0.0,1.0
2006-01-12,-0.003944369511936552,0.011147610926697915,,,,,0.06983071773567393,0.028057616925097468,,,,,,,,,,,,,,,,,-0.14370448660360413,,,-0.004859478120161853,0.025763437705490944,,,,,0.13567566711272147,0.03458296812509688,,,,,,,,,,,,,,,,,0.06145365060928265,,,-0.003541837169386719,0.022386744687400206,,,,,0.10688697105913542,0.02506049438546976,,,,,,,,,,,,,,,,,0.0359180678382105,,,0.006711102702078753,-0.004243657213364838,,,,,0.08445984906439521,0.05311912629461137,,,,,,,,,,,,,,,,,0.38200264666960737,,,0.003594529251684797,-0.0038067694846612987,,,,,0.046733779100929136,0.027568873660380012,,,,,,,,,,,,,,,,,-0.38760175328741386,,,-0.0018338249836722387,0.03993122175190811,,,,,0.22614387558714508,0.06847664487800502,,,,,,,,,,,,,,,,,-0.5297449685452504,,,,,,,,,,0.0,,,,,,,,,,,,,,,,,,,,-0.013900321507468782,0.016155151277362778,,,,,0.24461090033240654,0.11390768712541542,,,,,,,,,,,,,,,,,0.6673907646474677,,,-0.0028444722553746526,0.022860101464062144,,,,,0.08105829884266054,0.020222524623946223,,,,,,,,,,,,,,,,,3.3717948717948714,,,,,,,,,,,,,,,,,,,,,,,,,,,,,,11.2,0.02376599634369292,-0.00972590627763048,,,,,4.42,0.05999999999999961,,4.39,0.0699999999999994,,0.03,-0.010000000000000002,,,,,,,,4.28,0.040000000000000036,,0.03000000000000025,,0.11111053788224917,-0.016770326995090623,-0.0009315748907225974,0,0.0,0.0,1.0,1.0,1.0,1.0,0.0,0.0,1.0,1.0,1.0,1.0,1.0,1.0,1.0,1.0,1.0,1.0,1.0,1.0,1.0,1.0,1.0,1.0,0.0,1.0,1.0,0.0,0.0,1.0,1.0,1.0,1.0,0.0,0.0,1.0,1.0,1.0,1.0,1.0,1.0,1.0,1.0,1.0,1.0,1.0,1.0,1.0,1.0,1.0,1.0,0.0,1.0,1.0,0.0,0.0,1.0,1.0,1.0,1.0,0.0,0.0,1.0,1.0,1.0,1.0,1.0,1.0,1.0,1.0,1.0,1.0,1.0,1.0,1.0,1.0,1.0,1.0,0.0,1.0,1.0,0.0,0.0,1.0,1.0,1.0,1.0,0.0,0.0,1.0,1.0,1.0,1.0,1.0,1.0,1.0,1.0,1.0,1.0,1.0,1.0,1.0,1.0,1.0,1.0,0.0,1.0,1.0,0.0,0.0,1.0,1.0,1.0,1.0,0.0,0.0,1.0,1.0,1.0,1.0,1.0,1.0,1.0,1.0,1.0,1.0,1.0,1.0,1.0,1.0,1.0,1.0,0.0,1.0,1.0,0.0,0.0,1.0,1.0,1.0,1.0,0.0,0.0,1.0,1.0,1.0,1.0,1.0,1.0,1.0,1.0,1.0,1.0,1.0,1.0,1.0,1.0,1.0,1.0,0.0,1.0,1.0,1.0,1.0,1.0,1.0,1.0,1.0,1.0,0.0,1.0,1.0,1.0,1.0,1.0,1.0,1.0,1.0,1.0,1.0,1.0,1.0,1.0,1.0,1.0,1.0,1.0,1.0,1.0,0.0,0.0,1.0,1.0,1.0,1.0,0.0,0.0,1.0,1.0,1.0,1.0,1.0,1.0,1.0,1.0,1.0,1.0,1.0,1.0,1.0,1.0,1.0,1.0,0.0,1.0,1.0,0.0,0.0,1.0,1.0,1.0,1.0,0.0,0.0,1.0,1.0,1.0,1.0,1.0,1.0,1.0,1.0,1.0,1.0,1.0,1.0,1.0,1.0,1.0,1.0,0.0,1.0,1.0,1.0,1.0,1.0,1.0,1.0,1.0,1.0,1.0,1.0,1.0,1.0,1.0,1.0,1.0,1.0,1.0,1.0,1.0,1.0,1.0,1.0,1.0,1.0,1.0,1.0,1.0,1.0,0.0,0.0,1.0,1.0,1.0,1.0,0.0,1.0,0.0,1.0,0.0,1.0,0.0,1.0
2006-01-13,-0.0009315748907225974,0.0018688900303172051,,,,,0.045928053975571016,0.027169583040341012,,,,,,,,,,,,,,,,,-0.2866970179324777,,,-0.00046535405826308995,0.007029304382430546,,,,,0.07495963757689296,0.033908143211832394,,,,,,,,,,,,,,,,,-0.4132684075711992,,,0.0004266617243064985,0.010773998735380541,,,,,0.0855499614391159,0.02506049438546976,,,,,,,,,,,,,,,,,-0.23233522238884274,,,0.005791956244569851,0.003379687348929572,,,,,0.09541081839096728,0.05570915672182052,,,,,,,,,,,,,,,,,-0.5886738711569071,,,0.004418181251102604,0.001905375139110932,,,,,0.05863510349928825,0.029839024096737835,,,,,,,,,,,,,,,,,-0.4628699050809604,,,0.018555912472356884,0.032017821424452864,,,,,0.1912356675414043,0.06847664487800502,,,,,,,,,,,,,,,,,-0.06125534580327441,,,,,,,,,,0.0,,,,,,,,,,,,,,,,,,,,0.0010596193085454786,-0.0035866393589542023,,,,,0.18984356134561226,0.11390768712541542,,,,,,,,,,,,,,,,,-0.13059347743648086,,,-0.012363628364059354,0.000803016237304055,,,,,0.13126842421558627,0.08553580364388692,,,,,,,,,,,,,,,,,0.19444444444444442,,,,,,,,,,,,,,,,,,,,,,,,,,,,,,11.23,0.00267857142857153,0.020909090909090988,,,,,4.36,-0.019999999999999574,,4.34,-0.020000000000000462,,0.02,0.0,,,,,,,,4.3,0.08000000000000007,,0.020000000000000462,,0.11116406216134182,-0.017640122958185955,-0.0027199929862194994,0,0.0,0.0,1.0,1.0,1.0,1.0,0.0,0.0,1.0,1.0,1.0,1.0,1.0,1.0,1.0,1.0,1.0,1.0,1.0,1.0,1.0,1.0,1.0,1.0,0.0,1.0,1.0,0.0,0.0,1.0,1.0,1.0,1.0,0.0,0.0,1.0,1.0,1.0,1.0,1.0,1.0,1.0,1.0,1.0,1.0,1.0,1.0,1.0,1.0,1.0,1.0,0.0,1.0,1.0,0.0,0.0,1.0,1.0,1.0,1.0,0.0,0.0,1.0,1.0,1.0,1.0,1.0,1.0,1.0,1.0,1.0,1.0,1.0,1.0,1.0,1.0,1.0,1.0,0.0,1.0,1.0,0.0,0.0,1.0,1.0,1.0,1.0,0.0,0.0,1.0,1.0,1.0,1.0,1.0,1.0,1.0,1.0,1.0,1.0,1.0,1.0,1.0,1.0,1.0,1.0,0.0,1.0,1.0,0.0,0.0,1.0,1.0,1.0,1.0,0.0,0.0,1.0,1.0,1.0,1.0,1.0,1.0,1.0,1.0,1.0,1.0,1.0,1.0,1.0,1.0,1.0,1.0,0.0,1.0,1.0,0.0,0.0,1.0,1.0,1.0,1.0,0.0,0.0,1.0,1.0,1.0,1.0,1.0,1.0,1.0,1.0,1.0,1.0,1.0,1.0,1.0,1.0,1.0,1.0,0.0,1.0,1.0,1.0,1.0,1.0,1.0,1.0,1.0,1.0,0.0,1.0,1.0,1.0,1.0,1.0,1.0,1.0,1.0,1.0,1.0,1.0,1.0,1.0,1.0,1.0,1.0,1.0,1.0,1.0,0.0,0.0,1.0,1.0,1.0,1.0,0.0,0.0,1.0,1.0,1.0,1.0,1.0,1.0,1.0,1.0,1.0,1.0,1.0,1.0,1.0,1.0,1.0,1.0,0.0,1.0,1.0,0.0,0.0,1.0,1.0,1.0,1.0,0.0,0.0,1.0,1.0,1.0,1.0,1.0,1.0,1.0,1.0,1.0,1.0,1.0,1.0,1.0,1.0,1.0,1.0,0.0,1.0,1.0,1.0,1.0,1.0,1.0,1.0,1.0,1.0,1.0,1.0,1.0,1.0,1.0,1.0,1.0,1.0,1.0,1.0,1.0,1.0,1.0,1.0,1.0,1.0,1.0,1.0,1.0,1.0,0.0,0.0,1.0,1.0,1.0,1.0,0.0,1.0,0.0,1.0,0.0,1.0,0.0,1.0
2006-01-17,-0.0027199929862194994,-0.0034171719214599605,,,,,0.045366049381615044,0.02787192259117277,,0.02252393061344511,,,,,,,,,,,,,,,0.1961798775024468,,,-0.006514563620902525,-0.003500084096581424,,,,,0.08819310019580494,0.04923152013498598,,0.03836544304630999,,,,,,,,,,,,,,,-0.034749804379909044,,,-0.004689929779429836,-0.0005709691833324371,,,,,0.08614416525453981,0.03347058611085131,,0.027838391952667865,,,,,,,,,,,,,,,0.21063731451109913,,,0.004455652504394392,0.007191140834606147,,,,,0.09908553054126602,0.05570915672182052,,0.039861400571252426,,,,,,,,,,,,,,,0.09840425531914887,,,0.0011887106093328992,0.0026193023733613874,,,,,0.058925141602504776,0.029839024096737835,,0.022617788474211146,,,,,,,,,,,,,,,1.119592875318066,,,-0.0032467588317915963,0.012087909631076865,,,,,0.17691947705525066,0.0652465189945874,,0.09653782395915281,,,,,,,,,,,,,,,-0.048904378777205104,,,,,,,,,,0.0,,0.0,,,,,,,,,,,,,,,,,,-0.017469503815504384,-0.030505405940899122,,,,,0.19409397336747125,0.13055426768485015,,0.11368629990202656,,,,,,,,,,,,,,,1.333837380108874,,,-0.0040122165568899915,-0.01162632118010698,,,,,0.1095792531900117,0.0811295538909007,,0.06300265905246481,,,,,,,,,,,,,,,0.20934959349593485,,,,,,,,,,,,,,,,,,,,,,,,,,,,,,11.91,0.060552092609082786,0.07008086253369261,,,,,4.34,-0.040000000000000036,,4.33,-0.03000000000000025,,0.01,-0.01,,,,,,,,4.32,0.07000000000000028,,0.009999999999999787,,0.11802610230264972,-0.004519231865299789,-0.0039743195158760125,0,0.0,0.0,1.0,1.0,1.0,1.0,0.0,0.0,1.0,0.0,1.0,1.0,1.0,1.0,1.0,1.0,1.0,1.0,1.0,1.0,1.0,1.0,1.0,1.0,0.0,1.0,1.0,0.0,0.0,1.0,1.0,1.0,1.0,0.0,0.0,1.0,0.0,1.0,1.0,1.0,1.0,1.0,1.0,1.0,1.0,1.0,1.0,1.0,1.0,1.0,1.0,0.0,1.0,1.0,0.0,0.0,1.0,1.0,1.0,1.0,0.0,0.0,1.0,0.0,1.0,1.0,1.0,1.0,1.0,1.0,1.0,1.0,1.0,1.0,1.0,1.0,1.0,1.0,0.0,1.0,1.0,0.0,0.0,1.0,1.0,1.0,1.0,0.0,0.0,1.0,0.0,1.0,1.0,1.0,1.0,1.0,1.0,1.0,1.0,1.0,1.0,1.0,1.0,1.0,1.0,0.0,1.0,1.0,0.0,0.0,1.0,1.0,1.0,1.0,0.0,0.0,1.0,0.0,1.0,1.0,1.0,1.0,1.0,1.0,1.0,1.0,1.0,1.0,1.0,1.0,1.0,1.0,0.0,1.0,1.0,0.0,0.0,1.0,1.0,1.0,1.0,0.0,0.0,1.0,0.0,1.0,1.0,1.0,1.0,1.0,1.0,1.0,1.0,1.0,1.0,1.0,1.0,1.0,1.0,0.0,1.0,1.0,1.0,1.0,1.0,1.0,1.0,1.0,1.0,0.0,1.0,0.0,1.0,1.0,1.0,1.0,1.0,1.0,1.0,1.0,1.0,1.0,1.0,1.0,1.0,1.0,1.0,1.0,1.0,0.0,0.0,1.0,1.0,1.0,1.0,0.0,0.0,1.0,0.0,1.0,1.0,1.0,1.0,1.0,1.0,1.0,1.0,1.0,1.0,1.0,1.0,1.0,1.0,0.0,1.0,1.0,0.0,0.0,1.0,1.0,1.0,1.0,0.0,0.0,1.0,0.0,1.0,1.0,1.0,1.0,1.0,1.0,1.0,1.0,1.0,1.0,1.0,1.0,1.0,1.0,0.0,1.0,1.0,1.0,1.0,1.0,1.0,1.0,1.0,1.0,1.0,1.0,1.0,1.0,1.0,1.0,1.0,1.0,1.0,1.0,1.0,1.0,1.0,1.0,1.0,1.0,1.0,1.0,1.0,1.0,0.0,0.0,1.0,1.0,1.0,1.0,0.0,1.0,0.0,1.0,0.0,1.0,0.0,1.0
2006-01-18,-0.0039743195158760125,-0.00837887217734179,,,,,0.047419357434603404,0.028506659836583865,0.06285465456510127,0.027153174547428313,,,,,,,,,,,,,,,0.6696233163110976,,,-0.011475216406591326,-0.015625076427456697,,,,,0.11475676575521951,0.07539415246617341,0.13768455416479722,0.06372894742137256,,,,,,,,,,,,,,,0.4344288332025592,,,-0.0021424467333156505,-0.01159800181658166,,,,,0.030880919707245467,0.028538965156548798,0.09078174141611671,0.027774410173433205,,,,,,,,,,,,,,,0.12585742350916118,,,-0.0003246079125819312,0.01504808809002367,,,,,0.059431264477125746,0.01135230133242987,0.06950910609986011,0.0396021377009331,,,,,,,,,,,,,,,-0.10988696523107744,,,0.0003555185498052005,0.007051324370862755,,,,,0.043683149292653975,0.01784346999484687,0.04100954405356281,0.022617788474211146,,,,,,,,,,,,,,,-0.103914590747331,,,-0.021534539682482756,0.00018494859931950103,,,,,0.23822805340278022,0.14712965570431102,0.25106974143732963,0.1312048669852181,,,,,,,,,,,,,,,-0.19917201698066866,,,,,,,,,,0.0,,0.0,,,,,,,,,,,,,,,,,,-0.0005388448293247583,-0.01924474165322343,,,,,0.18926704949522255,0.13747021980109556,0.1982295589987408,0.11313694147532859,,,,,,,,,,,,,,,1.527758224224506,,,-0.0001609918127850607,-0.01772953330024074,,,,,0.08606552835227484,0.08065337040822272,0.11178049510197632,0.06286953418357427,,,,,,,,,,,,,,,-0.40437158469945356,,,,,,,,,,,,,,,,,,,,,,,,,,,,,,12.25,0.028547439126784147,0.12799263351749546,,,,,4.34,-0.08999999999999986,,4.33,-0.08000000000000007,,0.01,-0.01,,,,,,,,4.24,0.0,,0.009999999999999787,,0.11786233605373106,0.0029729087201102455,0.003833941602358726,0,0.0,0.0,1.0,1.0,1.0,1.0,0.0,0.0,0.0,0.0,1.0,1.0,1.0,1.0,1.0,1.0,1.0,1.0,1.0,1.0,1.0,1.0,1.0,1.0,0.0,1.0,1.0,0.0,0.0,1.0,1.0,1.0,1.0,0.0,0.0,0.0,0.0,1.0,1.0,1.0,1.0,1.0,1.0,1.0,1.0,1.0,1.0,1.0,1.0,1.0,1.0,0.0,1.0,1.0,0.0,0.0,1.0,1.0,1.0,1.0,0.0,0.0,0.0,0.0,1.0,1.0,1.0,1.0,1.0,1.0,1.0,1.0,1.0,1.0,1.0,1.0,1.0,1.0,0.0,1.0,1.0,0.0,0.0,1.0,1.0,1.0,1.0,0.0,0.0,0.0,0.0,1.0,1.0,1.0,1.0,1.0,1.0,1.0,1.0,1.0,1.0,1.0,1.0,1.0,1.0,0.0,1.0,1.0,0.0,0.0,1.0,1.0,1.0,1.0,0.0,0.0,0.0,0.0,1.0,1.0,1.0,1.0,1.0,1.0,1.0,1.0,1.0,1.0,1.0,1.0,1.0,1.0,0.0,1.0,1.0,0.0,0.0,1.0,1.0,1.0,1.0,0.0,0.0,0.0,0.0,1.0,1.0,1.0,1.0,1.0,1.0,1.0,1.0,1.0,1.0,1.0,1.0,1.0,1.0,0.0,1.0,1.0,1.0,1.0,1.0,1.0,1.0,1.0,1.0,0.0,1.0,0.0,1.0,1.0,1.0,1.0,1.0,1.0,1.0,1.0,1.0,1.0,1.0,1.0,1.0,1.0,1.0,1.0,1.0,0.0,0.0,1.0,1.0,1.0,1.0,0.0,0.0,0.0,0.0,1.0,1.0,1.0,1.0,1.0,1.0,1.0,1.0,1.0,1.0,1.0,1.0,1.0,1.0,0.0,1.0,1.0,0.0,0.0,1.0,1.0,1.0,1.0,0.0,0.0,0.0,0.0,1.0,1.0,1.0,1.0,1.0,1.0,1.0,1.0,1.0,1.0,1.0,1.0,1.0,1.0,0.0,1.0,1.0,1.0,1.0,1.0,1.0,1.0,1.0,1.0,1.0,1.0,1.0,1.0,1.0,1.0,1.0,1.0,1.0,1.0,1.0,1.0,1.0,1.0,1.0,1.0,1.0,1.0,1.0,1.0,0.0,0.0,1.0,1.0,1.0,1.0,0.0,1.0,0.0,1.0,0.0,1.0,0.0,1.0
2006-01-19,0.003833941602358726,-0.007733446186318105,,,,,0.051655357875036674,0.028506659836583865,0.061463291427338466,0.027153174547428313,,,,,,,,,,,,,,,0.6437945196365242,,,0.007343862182403127,-0.01596833206182513,,,,,0.11269412668273457,0.07539415246617341,0.13339629663968475,0.06372894742137256,,,,,,,,,,,,,,,0.10254522068966887,,,0.01602761588338919,0.005950905822398989,,,,,0.13405649099774194,0.03337595476959092,0.1123955575796052,0.027774410173433205,,,,,,,,,,,,,,,-0.09419812293206531,,,-0.0029225775582252256,0.01375186798104111,,,,,0.0660365638520973,0.020325293249919246,0.07096104887930378,0.03961323592685264,,,,,,,,,,,,,,,0.24328433857070442,,,-0.0024922186615303765,0.007069536746127314,,,,,0.04358101099730722,0.017715081435223004,0.04260591843885903,0.02363034405333904,,,,,,,,,,,,,,,-0.717408274785324,,,0.02811171567121673,0.01943886662424532,,,,,0.3094906858566106,0.14712965570431102,0.28312809925485183,0.1312048669852181,,,,,,,,,,,,,,,0.25684760660410966,,,,,,,,,,0.0,,0.0,,,,,,,,,,,,,,,,,,0.032344772865294136,0.000731296987160901,,,,,0.3095698698916312,0.13747021980109556,0.2495341680226692,0.11313694147532859,,,,,,,,,,,,,,,0.9107038490440009,,,0.012570638824602076,-0.006953935607931561,,,,,0.14317706748414502,0.08065337040822272,0.12109986091771154,0.06286953418357427,,,,,,,,,,,,,,,0.4081145584725536,,,,,,,,,,,,,,,,,,,,,,,,,,,,,,11.98,-0.022040816326530543,0.09506398537477168,,,,,4.38,-0.08000000000000007,,4.37,-0.07000000000000028,,0.01,-0.01,,,,,,,,4.23,-0.009999999999999787,,0.009999999999999787,,0.12005196831234762,0.00662426341172373,-0.018237107794219387,0,0.0,0.0,1.0,1.0,1.0,1.0,0.0,0.0,0.0,0.0,1.0,1.0,1.0,1.0,1.0,1.0,1.0,1.0,1.0,1.0,1.0,1.0,1.0,1.0,0.0,1.0,1.0,0.0,0.0,1.0,1.0,1.0,1.0,0.0,0.0,0.0,0.0,1.0,1.0,1.0,1.0,1.0,1.0,1.0,1.0,1.0,1.0,1.0,1.0,1.0,1.0,0.0,1.0,1.0,0.0,0.0,1.0,1.0,1.0,1.0,0.0,0.0,0.0,0.0,1.0,1.0,1.0,1.0,1.0,1.0,1.0,1.0,1.0,1.0,1.0,1.0,1.0,1.0,0.0,1.0,1.0,0.0,0.0,1.0,1.0,1.0,1.0,0.0,0.0,0.0,0.0,1.0,1.0,1.0,1.0,1.0,1.0,1.0,1.0,1.0,1.0,1.0,1.0,1.0,1.0,0.0,1.0,1.0,0.0,0.0,1.0,1.0,1.0,1.0,0.0,0.0,0.0,0.0,1.0,1.0,1.0,1.0,1.0,1.0,1.0,1.0,1.0,1.0,1.0,1.0,1.0,1.0,0.0,1.0,1.0,0.0,0.0,1.0,1.0,1.0,1.0,0.0,0.0,0.0,0.0,1.0,1.0,1.0,1.0,1.0,1.0,1.0,1.0,1.0,1.0,1.0,1.0,1.0,1.0,0.0,1.0,1.0,1.0,1.0,1.0,1.0,1.0,1.0,1.0,0.0,1.0,0.0,1.0,1.0,1.0,1.0,1.0,1.0,1.0,1.0,1.0,1.0,1.0,1.0,1.0,1.0,1.0,1.0,1.0,0.0,0.0,1.0,1.0,1.0,1.0,0.0,0.0,0.0,0.0,1.0,1.0,1.0,1.0,1.0,1.0,1.0,1.0,1.0,1.0,1.0,1.0,1.0,1.0,0.0,1.0,1.0,0.0,0.0,1.0,1.0,1.0,1.0,0.0,0.0,0.0,0.0,1.0,1.0,1.0,1.0,1.0,1.0,1.0,1.0,1.0,1.0,1.0,1.0,1.0,1.0,0.0,1.0,1.0,1.0,1.0,1.0,1.0,1.0,1.0,1.0,1.0,1.0,1.0,1.0,1.0,1.0,1.0,1.0,1.0,1.0,1.0,1.0,1.0,1.0,1.0,1.0,1.0,1.0,1.0,1.0,0.0,0.0,1.0,1.0,1.0,1.0,0.0,1.0,0.0,1.0,0.0,1.0,0.0,1.0
2006-01-20,-0.018237107794219387,-0.021971813729075307,,,,,0.13253834044772791,0.11965377784334448,0.11436761491184697,0.08988584865646626,,,,,,,,,,,,,,,1.8378195570388947,,,-0.029868672800796747,-0.040698346581671374,,,,,0.22505157927684052,0.19733058899801703,0.20798045323610156,0.15250442163691572,,,,,,,,,,,,,,,1.287652919111189,,,-0.011408276570755382,-0.0019904730900128786,,,,,0.16082745992570754,0.07581094620349593,0.13492255084729296,0.057549994278061956,,,,,,,,,,,,,,,0.7627910763719263,,,0.002605795288722179,0.009617848749748248,,,,,0.05625851082238413,0.020325293249919246,0.07149991672085153,0.040405719150500743,,,,,,,,,,,,,,,0.34471752314075976,,,0.00166619721914385,0.005134527745877193,,,,,0.03946712573935923,0.017715081435223004,0.04343425966080214,0.02363034405333904,,,,,,,,,,,,,,,0.002044989775051187,,,-0.007015639298038057,0.014146618656007082,,,,,0.3176141979689301,0.14385261148044312,0.26330475498571554,0.11150599360848083,,,,,,,,,,,,,,,1.0179295031917848,,,,,,,,,,0.0,,0.0,,,,,,,,,,,,,,,,,,-0.02976508680654233,-0.01536886763150036,,,,,0.3714794259721282,0.21821516696904136,0.30117420867917094,0.1682912323176189,,,,,,,,,,,,,,,1.1517960171226505,,,-0.009708853345118396,-0.013790027306761377,,,,,0.15546439076699015,0.08944197612768492,0.13187133720280914,0.07271499217479628,,,,,,,,,,,,,,,-0.6407624633431085,,,,,,,,,,,,,,,,,,,,,,,,,,,,,,14.56,0.21535893155258767,0.30000000000000004,,,,,4.37,-0.04999999999999982,,4.37,-0.019999999999999574,,0.0,-0.03,,,,,,,,4.24,-0.040000000000000036,,0.0,,0.09857177685648391,0.022544685037915402,0.0035721285994447793,0,0.0,0.0,1.0,1.0,1.0,1.0,0.0,0.0,0.0,0.0,1.0,1.0,1.0,1.0,1.0,1.0,1.0,1.0,1.0,1.0,1.0,1.0,1.0,1.0,0.0,1.0,1.0,0.0,0.0,1.0,1.0,1.0,1.0,0.0,0.0,0.0,0.0,1.0,1.0,1.0,1.0,1.0,1.0,1.0,1.0,1.0,1.0,1.0,1.0,1.0,1.0,0.0,1.0,1.0,0.0,0.0,1.0,1.0,1.0,1.0,0.0,0.0,0.0,0.0,1.0,1.0,1.0,1.0,1.0,1.0,1.0,1.0,1.0,1.0,1.0,1.0,1.0,1.0,0.0,1.0,1.0,0.0,0.0,1.0,1.0,1.0,1.0,0.0,0.0,0.0,0.0,1.0,1.0,1.0,1.0,1.0,1.0,1.0,1.0,1.0,1.0,1.0,1.0,1.0,1.0,0.0,1.0,1.0,0.0,0.0,1.0,1.0,1.0,1.0,0.0,0.0,0.0,0.0,1.0,1.0,1.0,1.0,1.0,1.0,1.0,1.0,1.0,1.0,1.0,1.0,1.0,1.0,0.0,1.0,1.0,0.0,0.0,1.0,1.0,1.0,1.0,0.0,0.0,0.0,0.0,1.0,1.0,1.0,1.0,1.0,1.0,1.0,1.0,1.0,1.0,1.0,1.0,1.0,1.0,0.0,1.0,1.0,1.0,1.0,1.0,1.0,1.0,1.0,1.0,0.0,1.0,0.0,1.0,1.0,1.0,1.0,1.0,1.0,1.0,1.0,1.0,1.0,1.0,1.0,1.0,1.0,1.0,1.0,1.0,0.0,0.0,1.0,1.0,1.0,1.0,0.0,0.0,0.0,0.0,1.0,1.0,1.0,1.0,1.0,1.0,1.0,1.0,1.0,1.0,1.0,1.0,1.0,1.0,0.0,1.0,1.0,0.0,0.0,1.0,1.0,1.0,1.0,0.0,0.0,0.0,0.0,1.0,1.0,1.0,1.0,1.0,1.0,1.0,1.0,1.0,1.0,1.0,1.0,1.0,1.0,0.0,1.0,1.0,1.0,1.0,1.0,1.0,1.0,1.0,1.0,1.0,1.0,1.0,1.0,1.0,1.0,1.0,1.0,1.0,1.0,1.0,1.0,1.0,1.0,1.0,1.0,1.0,1.0,1.0,1.0,0.0,0.0,1.0,1.0,1.0,1.0,0.0,1.0,0.0,1.0,0.0,1.0,0.0,1.0
2006-01-23,0.0035721285994447793,-0.017562957593412087,,,,,0.14344319785854426,0.12191402282388662,0.10562434263063476,0.08988584865646626,,,,,,,,,,,,,,,0.4940332213470897,,,0.00024244016185170914,-0.04001904229903053,,,,,0.22665642022887048,0.19873643841360603,0.17815675810010648,0.15250442163691572,,,,,,,,,,,,,,,0.7249229930573731,,,0.0031341449888659945,0.0007104686135224192,,,,,0.16283298108998123,0.07581094620349593,0.12376348694722014,0.057549994278061956,,,,,,,,,,,,,,,0.47756940034803175,,,-0.00032434542093207064,0.0034782815246481302,,,,,0.04552905208175314,0.01979496758020086,0.07047830138188417,0.0407434124011653,,,,,,,,,,,,,,,0.4672097759674134,,,-0.00023781969130065583,0.0004752061647030903,,,,,0.025777624787389146,0.017370057395120164,0.04276767522790894,0.023895746998872792,,,,,,,,,,,,,,,-0.1777546777546778,,,0.010326081285254363,0.005952414127508687,,,,,0.29710894335073024,0.14385261148044312,0.23941363582846403,0.11150599360848083,,,,,,,,,,,,,,,0.14318255027380244,,,,,,,,,,0.0,,0.0,,,,,,,,,,,,,,,,,,0.029063617575252554,0.012175554291380841,,,,,0.4368211019649684,0.21821516696904136,0.31861169243225657,0.1682912323176189,,,,,,,,,,,,,,,1.4880322774112642,,,0.004499967469770105,0.003049213191482769,,,,,0.13416919924392992,0.06759381922161406,0.12519218502215357,0.07271499217479628,,,,,,,,,,,,,,,-0.0046511627906976605,,,,,,,,,,,,,,,,,,,,,,,,,,,,,,13.93,-0.04326923076923084,0.24042742653606397,,,,,4.36,0.0,,4.35,0.009999999999999787,,0.01,-0.01,,,,,,,,4.26,-0.040000000000000036,,0.010000000000000675,,0.09891661911652701,0.01637388257686001,0.0010283588966413237,0,0.0,0.0,1.0,1.0,1.0,1.0,0.0,0.0,0.0,0.0,1.0,1.0,1.0,1.0,1.0,1.0,1.0,1.0,1.0,1.0,1.0,1.0,1.0,1.0,0.0,1.0,1.0,0.0,0.0,1.0,1.0,1.0,1.0,0.0,0.0,0.0,0.0,1.0,1.0,1.0,1.0,1.0,1.0,1.0,1.0,1.0,1.0,1.0,1.0,1.0,1.0,0.0,1.0,1.0,0.0,0.0,1.0,1.0,1.0,1.0,0.0,0.0,0.0,0.0,1.0,1.0,1.0,1.0,1.0,1.0,1.0,1.0,1.0,1.0,1.0,1.0,1.0,1.0,0.0,1.0,1.0,0.0,0.0,1.0,1.0,1.0,1.0,0.0,0.0,0.0,0.0,1.0,1.0,1.0,1.0,1.0,1.0,1.0,1.0,1.0,1.0,1.0,1.0,1.0,1.0,0.0,1.0,1.0,0.0,0.0,1.0,1.0,1.0,1.0,0.0,0.0,0.0,0.0,1.0,1.0,1.0,1.0,1.0,1.0,1.0,1.0,1.0,1.0,1.0,1.0,1.0,1.0,0.0,1.0,1.0,0.0,0.0,1.0,1.0,1.0,1.0,0.0,0.0,0.0,0.0,1.0,1.0,1.0,1.0,1.0,1.0,1.0,1.0,1.0,1.0,1.0,1.0,1.0,1.0,0.0,1.0,1.0,1.0,1.0,1.0,1.0,1.0,1.0,1.0,0.0,1.0,0.0,1.0,1.0,1.0,1.0,1.0,1.0,1.0,1.0,1.0,1.0,1.0,1.0,1.0,1.0,1.0,1.0,1.0,0.0,0.0,1.0,1.0,1.0,1.0,0.0,0.0,0.0,0.0,1.0,1.0,1.0,1.0,1.0,1.0,1.0,1.0,1.0,1.0,1.0,1.0,1.0,1.0,0.0,1.0,1.0,0.0,0.0,1.0,1.0,1.0,1.0,0.0,0.0,0.0,0.0,1.0,1.0,1.0,1.0,1.0,1.0,1.0,1.0,1.0,1.0,1.0,1.0,1.0,1.0,0.0,1.0,1.0,1.0,1.0,1.0,1.0,1.0,1.0,1.0,1.0,1.0,1.0,1.0,1.0,1.0,1.0,1.0,1.0,1.0,1.0,1.0,1.0,1.0,1.0,1.0,1.0,1.0,1.0,1.0,0.0,0.0,1.0,1.0,1.0,1.0,0.0,1.0,0.0,1.0,0.0,1.0,0.0,1.0
2006-01-24,0.0010283588966413237,-0.013870394108936202,,,,,0.14721731075717395,0.1265929046876672,0.10420382792089432,0.08988584865646626,,,,,,,,,,,,,,,0.018096053900197084,,,0.004363297810379807,-0.02950802779176187,,,,,0.24411015021610735,0.21032974561908283,0.17860437467849674,0.15250442163691572,,,,,,,,,,,,,,,-6.66990755764374e-05,,,0.011219801714658972,0.016706523848286192,,,,,0.17179178107121884,0.0790368542128413,0.1312909684354685,0.057549994278061956,,,,,,,,,,,,,,,0.3628886689720867,,,-0.00487401893523054,-0.005842311813725853,,,,,0.04528785554607731,0.033981192339139786,0.07582936105388462,0.04355631186808583,,,,,,,,,,,,,,,-0.3385428131190843,,,-0.0016632808610672623,-0.0023747528131523588,,,,,0.026110695294046214,0.01807559948776962,0.04377228273617546,0.02353987717457757,,,,,,,,,,,,,,,-0.602641056422569,,,-0.0007172478967010232,0.008505270267443743,,,,,0.2952624048354387,0.14841366155179145,0.22954990918280216,0.11077193502352853,,,,,,,,,,,,,,,-0.3335607360049898,,,,,,,,,,0.0,,0.0,,,,,,,,,,,,,,,,,,0.015690533689247,0.04633610144186062,,,,,0.403125513361599,0.2135953551777859,0.32443816799502717,0.1682912323176189,,,,,,,,,,,,,,,-0.32884725744645404,,,0.0075202504553224525,0.014663443963237155,,,,,0.13403809363158442,0.06898592200568908,0.12349607922741257,0.07271499217479628,,,,,,,,,,,,,,,0.3411764705882352,,,,,,,,,,,,,,,,,,,,,,,,,,,,,,13.31,-0.044508255563531884,0.11754827875734675,,,,,4.4,0.0600000000000005,,4.37,0.040000000000000036,,0.03,0.019999999999999997,,,,,,,,4.28,-0.040000000000000036,,0.03000000000000025,,0.10065493319784176,0.02149401181008126,0.0008693232913226101,0,0.0,0.0,1.0,1.0,1.0,1.0,0.0,0.0,0.0,0.0,1.0,1.0,1.0,1.0,1.0,1.0,1.0,1.0,1.0,1.0,1.0,1.0,1.0,1.0,0.0,1.0,1.0,0.0,0.0,1.0,1.0,1.0,1.0,0.0,0.0,0.0,0.0,1.0,1.0,1.0,1.0,1.0,1.0,1.0,1.0,1.0,1.0,1.0,1.0,1.0,1.0,0.0,1.0,1.0,0.0,0.0,1.0,1.0,1.0,1.0,0.0,0.0,0.0,0.0,1.0,1.0,1.0,1.0,1.0,1.0,1.0,1.0,1.0,1.0,1.0,1.0,1.0,1.0,0.0,1.0,1.0,0.0,0.0,1.0,1.0,1.0,1.0,0.0,0.0,0.0,0.0,1.0,1.0,1.0,1.0,1.0,1.0,1.0,1.0,1.0,1.0,1.0,1.0,1.0,1.0,0.0,1.0,1.0,0.0,0.0,1.0,1.0,1.0,1.0,0.0,0.0,0.0,0.0,1.0,1.0,1.0,1.0,1.0,1.0,1.0,1.0,1.0,1.0,1.0,1.0,1.0,1.0,0.0,1.0,1.0,0.0,0.0,1.0,1.0,1.0,1.0,0.0,0.0,0.0,0.0,1.0,1.0,1.0,1.0,1.0,1.0,1.0,1.0,1.0,1.0,1.0,1.0,1.0,1.0,0.0,1.0,1.0,1.0,1.0,1.0,1.0,1.0,1.0,1.0,0.0,1.0,0.0,1.0,1.0,1.0,1.0,1.0,1.0,1.0,1.0,1.0,1.0,1.0,1.0,1.0,1.0,1.0,1.0,1.0,0.0,0.0,1.0,1.0,1.0,1.0,0.0,0.0,0.0,0.0,1.0,1.0,1.0,1.0,1.0,1.0,1.0,1.0,1.0,1.0,1.0,1.0,1.0,1.0,0.0,1.0,1.0,0.0,0.0,1.0,1.0,1.0,1.0,0.0,0.0,0.0,0.0,1.0,1.0,1.0,1.0,1.0,1.0,1.0,1.0,1.0,1.0,1.0,1.0,1.0,1.0,0.0,1.0,1.0,1.0,1.0,1.0,1.0,1.0,1.0,1.0,1.0,1.0,1.0,1.0,1.0,1.0,1.0,1.0,1.0,1.0,1.0,1.0,1.0,1.0,1.0,1.0,1.0,1.0,1.0,1.0,0.0,0.0,1.0,1.0,1.0,1.0,0.0,1.0,0.0,1.0,0.0,1.0,0.0,1.0
2006-01-25,0.0008693232913226101,-0.009074875613651723,,,,,0.1487697301381488,0.13066575938058958,0.10410279938127294,0.08988584865646626,,,,,,,,,,,,,,,0.16891575060345598,,,-0.004344342151781477,-0.022507235971487294,,,,,0.23909453580215145,0.20969715663463082,0.17719470919859526,0.14975004517221321,,,,,,,,,,,,,,,-0.17513772300715824,,,0.0025284801840046445,0.021465681960294747,,,,,0.1655286029600593,0.08145625553075865,0.1250321282241739,0.057549994278061956,,,,,,,,,,,,,,,0.06682861193047707,,,-0.010880626148612293,-0.0163400661538331,,,,,0.0812242798437944,0.07074558594204172,0.08523267496577921,0.0556848387827043,,,,,,,,,,,,,,,0.9361838932647484,,,-0.006189364133937225,-0.008901772541741404,,,,,0.046541069683723145,0.03976692564336437,0.0502468847697437,0.03205848403025896,,,,,,,,,,,,,,,-0.2414614773629865,,,0.007356896658529122,0.0382837008786292,,,,,0.2093496837307406,0.048957249047859704,0.2204889585518087,0.10820171187310251,,,,,,,,,,,,,,,1.191623587137475,,,,,,,,,,0.0,,0.0,,,,,,,,,,,,,,,,,,0.0005146272629521498,0.047438981605144814,,,,,0.4016118724418393,0.2145198329383086,0.31578800179600364,0.16988966403633593,,,,,,,,,,,,,,,-0.5362208525174514,,,0.0006352260838298207,0.01547146724149373,,,,,0.13300370830212524,0.06926279909728113,0.11936644202586444,0.07271499217479628,,,,,,,,,,,,,,,45.43730886850153,,,,,,,,,,,,,,,,,,,,,,,,,,,,,,12.87,-0.03305785123966953,0.050612244897959124,,,,,4.49,0.15000000000000036,,4.46,0.1299999999999999,,0.03,0.019999999999999997,,,,,,,,4.36,0.1200000000000001,,0.03000000000000025,,0.10105692338255426,0.019106051069046837,0.005526305796561992,0,0.0,0.0,1.0,1.0,1.0,1.0,0.0,0.0,0.0,0.0,1.0,1.0,1.0,1.0,1.0,1.0,1.0,1.0,1.0,1.0,1.0,1.0,1.0,1.0,0.0,1.0,1.0,0.0,0.0,1.0,1.0,1.0,1.0,0.0,0.0,0.0,0.0,1.0,1.0,1.0,1.0,1.0,1.0,1.0,1.0,1.0,1.0,1.0,1.0,1.0,1.0,0.0,1.0,1.0,0.0,0.0,1.0,1.0,1.0,1.0,0.0,0.0,0.0,0.0,1.0,1.0,1.0,1.0,1.0,1.0,1.0,1.0,1.0,1.0,1.0,1.0,1.0,1.0,0.0,1.0,1.0,0.0,0.0,1.0,1.0,1.0,1.0,0.0,0.0,0.0,0.0,1.0,1.0,1.0,1.0,1.0,1.0,1.0,1.0,1.0,1.0,1.0,1.0,1.0,1.0,0.0,1.0,1.0,0.0,0.0,1.0,1.0,1.0,1.0,0.0,0.0,0.0,0.0,1.0,1.0,1.0,1.0,1.0,1.0,1.0,1.0,1.0,1.0,1.0,1.0,1.0,1.0,0.0,1.0,1.0,0.0,0.0,1.0,1.0,1.0,1.0,0.0,0.0,0.0,0.0,1.0,1.0,1.0,1.0,1.0,1.0,1.0,1.0,1.0,1.0,1.0,1.0,1.0,1.0,0.0,1.0,1.0,1.0,1.0,1.0,1.0,1.0,1.0,1.0,0.0,1.0,0.0,1.0,1.0,1.0,1.0,1.0,1.0,1.0,1.0,1.0,1.0,1.0,1.0,1.0,1.0,1.0,1.0,1.0,0.0,0.0,1.0,1.0,1.0,1.0,0.0,0.0,0.0,0.0,1.0,1.0,1.0,1.0,1.0,1.0,1.0,1.0,1.0,1.0,1.0,1.0,1.0,1.0,0.0,1.0,1.0,0.0,0.0,1.0,1.0,1.0,1.0,0.0,0.0,0.0,0.0,1.0,1.0,1.0,1.0,1.0,1.0,1.0,1.0,1.0,1.0,1.0,1.0,1.0,1.0,0.0,1.0,1.0,1.0,1.0,1.0,1.0,1.0,1.0,1.0,1.0,1.0,1.0,1.0,1.0,1.0,1.0,1.0,1.0,1.0,1.0,1.0,1.0,1.0,1.0,1.0,1.0,1.0,1.0,1.0,0.0,0.0,1.0,1.0,1.0,1.0,0.0,1.0,0.0,1.0,0.0,1.0,0.0,1.0
2006-01-26,0.005526305796561992,-0.00740427440149205,,,,,0.15321421654329342,0.13066575938058958,0.10779314600097988,0.08988584865646626,,,,,,,,,,,,,,,-0.12555316789810922,,,0.007028411620938924,-0.022813338636938463,,,,,0.23812332256542101,0.20969715663463082,0.1760172412712624,0.14975004517221321,,,,,,,,,,,,,,,0.013561488469224336,,,0.014429366047101988,0.01985887784055973,,,,,0.15878660858712162,0.08145625553075865,0.14043129281430927,0.05871371029469838,,,,,,,,,,,,,,,0.45478051601589464,,,-0.004290833662799365,-0.017689909886142163,,,,,0.08141697622958176,0.0703293849760202,0.08754242999694975,0.05665860546451806,,,,,,,,,,,,,,,0.5574806359559723,,,-0.0021550850365241736,-0.008566805191700388,,,,,0.046278760457304516,0.039638840337729,0.04981619416971273,0.03173307880931768,,,,,,,,,,,,,,,-0.2900552486187845,,,-0.004631249097967416,0.005216782060286418,,,,,0.1191859254993943,0.05074779093102834,0.22234432759756745,0.10654011039390637,,,,,,,,,,,,,,,-0.18602453361558957,,,,,,,,,,0.0,,0.0,,,,,,,,,,,,,,,,,,0.0236747928967187,0.03864223537508793,,,,,0.3753666842132698,0.2145198329383086,0.33028204261566013,0.16988966403633593,,,,,,,,,,,,,,,-0.4264895453254386,,,0.0033328198460074177,0.00620718361265582,,,,,0.1050874834572981,0.06926279909728113,0.1204346823625296,0.07271499217479628,,,,,,,,,,,,,,,22.86949152542373,,,,,,,,,,,,,,,,,,,,,,,,,,,,,,12.42,-0.03496503496503489,0.03672787979966596,,,,,4.53,0.15000000000000036,,4.49,0.1200000000000001,,0.04,0.03,,,,,,,,4.37,0.13999999999999968,,0.040000000000000036,,0.09982284112972348,0.016096582803377668,0.009265409101647526,0,0.0,0.0,1.0,1.0,1.0,1.0,0.0,0.0,0.0,0.0,1.0,1.0,1.0,1.0,1.0,1.0,1.0,1.0,1.0,1.0,1.0,1.0,1.0,1.0,0.0,1.0,1.0,0.0,0.0,1.0,1.0,1.0,1.0,0.0,0.0,0.0,0.0,1.0,1.0,1.0,1.0,1.0,1.0,1.0,1.0,1.0,1.0,1.0,1.0,1.0,1.0,0.0,1.0,1.0,0.0,0.0,1.0,1.0,1.0,1.0,0.0,0.0,0.0,0.0,1.0,1.0,1.0,1.0,1.0,1.0,1.0,1.0,1.0,1.0,1.0,1.0,1.0,1.0,0.0,1.0,1.0,0.0,0.0,1.0,1.0,1.0,1.0,0.0,0.0,0.0,0.0,1.0,1.0,1.0,1.0,1.0,1.0,1.0,1.0,1.0,1.0,1.0,1.0,1.0,1.0,0.0,1.0,1.0,0.0,0.0,1.0,1.0,1.0,1.0,0.0,0.0,0.0,0.0,1.0,1.0,1.0,1.0,1.0,1.0,1.0,1.0,1.0,1.0,1.0,1.0,1.0,1.0,0.0,1.0,1.0,0.0,0.0,1.0,1.0,1.0,1.0,0.0,0.0,0.0,0.0,1.0,1.0,1.0,1.0,1.0,1.0,1.0,1.0,1.0,1.0,1.0,1.0,1.0,1.0,0.0,1.0,1.0,1.0,1.0,1.0,1.0,1.0,1.0,1.0,0.0,1.0,0.0,1.0,1.0,1.0,1.0,1.0,1.0,1.0,1.0,1.0,1.0,1.0,1.0,1.0,1.0,1.0,1.0,1.0,0.0,0.0,1.0,1.0,1.0,1.0,0.0,0.0,0.0,0.0,1.0,1.0,1.0,1.0,1.0,1.0,1.0,1.0,1.0,1.0,1.0,1.0,1.0,1.0,0.0,1.0,1.0,0.0,0.0,1.0,1.0,1.0,1.0,0.0,0.0,0.0,0.0,1.0,1.0,1.0,1.0,1.0,1.0,1.0,1.0,1.0,1.0,1.0,1.0,1.0,1.0,0.0,1.0,1.0,1.0,1.0,1.0,1.0,1.0,1.0,1.0,1.0,1.0,1.0,1.0,1.0,1.0,1.0,1.0,1.0,1.0,1.0,1.0,1.0,1.0,1.0,1.0,1.0,1.0,1.0,1.0,0.0,0.0,1.0,1.0,1.0,1.0,0.0,1.0,0.0,1.0,0.0,1.0,0.0,1.0
2006-01-27,0.009265409101647526,0.020401706992553503,,,,,0.055207376405506305,0.0,0.11915851384977662,0.09089690424003327,,,,,,,,,,,,,,,-0.4278665736470253,,,0.013478195400538517,0.020848772080067413,,,,,0.10681756917802404,0.030908957993311836,0.19598123505293913,0.1525742776726978,,,,,,,,,,,,,,,-0.4122567076100364,,,0.004972387875062045,0.036757629533568315,,,,,0.08320244238809728,0.0,0.1365100997761662,0.05911051223460771,,,,,,,,,,,,,,,-0.3292518452144513,,,0.0,-0.020242956175033577,,,,,0.07032938497602023,0.0703293849760202,0.07828656004862022,0.05665860546451806,,,,,,,,,,,,,,,0.2952765250415381,,,0.0007194972285007317,-0.009503833713631282,,,,,0.04223061449060137,0.039638840337729,0.0456898701815681,0.03173307880931768,,,,,,,,,,,,,,,0.16938775510204085,,,-0.004473872498593212,0.007789860493343959,,,,,0.10923219253886822,0.0378914710645007,0.2241621745864713,0.10591292725443766,,,,,,,,,,,,,,,-0.4105850961406211,,,,,,,,,,0.0,,0.0,,,,,,,,,,,,,,,,,,0.011463162569504304,0.08277732112622349,,,,,0.1731466466118026,0.0,0.31612599920496304,0.16648491300489981,,,,,,,,,,,,,,,-0.33552449487960145,,,0.011230464283527919,0.027483039596081893,,,,,0.0642242347096813,0.0,0.13145895072589403,0.07418742699596584,,,,,,,,,,,,,,,37.47142857142857,,,,,,,,,,,,,,,,,,,,,,,,,,,,,,11.97,-0.03623188405797095,-0.17788461538461542,,,,,4.52,0.14999999999999947,,4.51,0.13999999999999968,,0.01,0.01,,,,,,,,4.42,0.17999999999999972,,0.009999999999999787,,0.09473011103947566,0.007157467033647391,-0.0007784428659664,0,0.0,0.0,1.0,1.0,1.0,1.0,0.0,0.0,0.0,0.0,1.0,1.0,1.0,1.0,1.0,1.0,1.0,1.0,1.0,1.0,1.0,1.0,1.0,1.0,0.0,1.0,1.0,0.0,0.0,1.0,1.0,1.0,1.0,0.0,0.0,0.0,0.0,1.0,1.0,1.0,1.0,1.0,1.0,1.0,1.0,1.0,1.0,1.0,1.0,1.0,1.0,0.0,1.0,1.0,0.0,0.0,1.0,1.0,1.0,1.0,0.0,0.0,0.0,0.0,1.0,1.0,1.0,1.0,1.0,1.0,1.0,1.0,1.0,1.0,1.0,1.0,1.0,1.0,0.0,1.0,1.0,0.0,0.0,1.0,1.0,1.0,1.0,0.0,0.0,0.0,0.0,1.0,1.0,1.0,1.0,1.0,1.0,1.0,1.0,1.0,1.0,1.0,1.0,1.0,1.0,0.0,1.0,1.0,0.0,0.0,1.0,1.0,1.0,1.0,0.0,0.0,0.0,0.0,1.0,1.0,1.0,1.0,1.0,1.0,1.0,1.0,1.0,1.0,1.0,1.0,1.0,1.0,0.0,1.0,1.0,0.0,0.0,1.0,1.0,1.0,1.0,0.0,0.0,0.0,0.0,1.0,1.0,1.0,1.0,1.0,1.0,1.0,1.0,1.0,1.0,1.0,1.0,1.0,1.0,0.0,1.0,1.0,1.0,1.0,1.0,1.0,1.0,1.0,1.0,0.0,1.0,0.0,1.0,1.0,1.0,1.0,1.0,1.0,1.0,1.0,1.0,1.0,1.0,1.0,1.0,1.0,1.0,1.0,1.0,0.0,0.0,1.0,1.0,1.0,1.0,0.0,0.0,0.0,0.0,1.0,1.0,1.0,1.0,1.0,1.0,1.0,1.0,1.0,1.0,1.0,1.0,1.0,1.0,0.0,1.0,1.0,0.0,0.0,1.0,1.0,1.0,1.0,0.0,0.0,0.0,0.0,1.0,1.0,1.0,1.0,1.0,1.0,1.0,1.0,1.0,1.0,1.0,1.0,1.0,1.0,0.0,1.0,1.0,1.0,1.0,1.0,1.0,1.0,1.0,1.0,1.0,1.0,1.0,1.0,1.0,1.0,1.0,1.0,1.0,1.0,1.0,1.0,1.0,1.0,1.0,1.0,1.0,1.0,1.0,1.0,0.0,0.0,1.0,1.0,1.0,1.0,0.0,1.0,0.0,1.0,0.0,1.0,0.0,1.0
2006-01-30,-0.0007784428659664,0.015978177857787657,,,,,0.06525601190492102,0.005528548230724933,0.11913470627353072,0.0909790761935344,,,,,,,,,,,,,,,-0.49700227105199546,,,0.0019000164684344067,0.02254049667528646,,,,,0.10362312539810611,0.030908957993311836,0.19688745960408385,0.15300640936757315,,,,,,,,,,,,,,,-0.5156968950969592,,,-0.0028864196936527753,0.030535264957621155,,,,,0.1088651647465297,0.02052117766801418,0.13952279094192954,0.05837865559173249,,,,,,,,,,,,,,,-0.07585942190160322,,,-0.0009939454344405352,-0.020899214359150764,,,,,0.0681977041326359,0.06819770413263587,0.06842397755646494,0.055705690831333046,,,,,,,,,,,,,,,-0.5717656857301499,,,-0.0021587321576902463,-0.011406942744164095,,,,,0.03955594012157337,0.03629913645287355,0.03728837702713973,0.03114818987867978,,,,,,,,,,,,,,,0.5853350189633375,,,0.01887469381449214,0.016317013447064266,,,,,0.15737960047163824,0.0378914710645007,0.22480018589177664,0.10591292725443766,,,,,,,,,,,,,,,-0.20112710073462814,,,,,,,,,,0.0,,0.0,,,,,,,,,,,,,,,,,,-0.004672350709842399,0.0472804473261319,,,,,0.1801557813683194,0.0332481335871509,0.3201334566502988,0.16432014401815886,,,,,,,,,,,,,,,-0.36453882059036224,,,-0.0007819004348569303,0.022080321960300076,,,,,0.0783906467648501,0.0055531137000995445,0.10826320920216136,0.0502883434257807,,,,,,,,,,,,,,,29.810747663551403,,,,,,,,,,,,,,,,,,,,,,,,,,,,,,12.39,0.0350877192982455,-0.1105527638190954,,,,,4.54,0.17999999999999972,,4.52,0.16999999999999993,,0.02,0.01,,,,,,,,4.48,0.22000000000000064,,0.020000000000000462,,0.10102787732742854,-0.0016351493520102567,-0.007318007342166588,0,0.0,0.0,1.0,1.0,1.0,1.0,0.0,0.0,0.0,0.0,1.0,1.0,1.0,1.0,1.0,1.0,1.0,1.0,1.0,1.0,1.0,1.0,1.0,1.0,0.0,1.0,1.0,0.0,0.0,1.0,1.0,1.0,1.0,0.0,0.0,0.0,0.0,1.0,1.0,1.0,1.0,1.0,1.0,1.0,1.0,1.0,1.0,1.0,1.0,1.0,1.0,0.0,1.0,1.0,0.0,0.0,1.0,1.0,1.0,1.0,0.0,0.0,0.0,0.0,1.0,1.0,1.0,1.0,1.0,1.0,1.0,1.0,1.0,1.0,1.0,1.0,1.0,1.0,0.0,1.0,1.0,0.0,0.0,1.0,1.0,1.0,1.0,0.0,0.0,0.0,0.0,1.0,1.0,1.0,1.0,1.0,1.0,1.0,1.0,1.0,1.0,1.0,1.0,1.0,1.0,0.0,1.0,1.0,0.0,0.0,1.0,1.0,1.0,1.0,0.0,0.0,0.0,0.0,1.0,1.0,1.0,1.0,1.0,1.0,1.0,1.0,1.0,1.0,1.0,1.0,1.0,1.0,0.0,1.0,1.0,0.0,0.0,1.0,1.0,1.0,1.0,0.0,0.0,0.0,0.0,1.0,1.0,1.0,1.0,1.0,1.0,1.0,1.0,1.0,1.0,1.0,1.0,1.0,1.0,0.0,1.0,1.0,1.0,1.0,1.0,1.0,1.0,1.0,1.0,0.0,1.0,0.0,1.0,1.0,1.0,1.0,1.0,1.0,1.0,1.0,1.0,1.0,1.0,1.0,1.0,1.0,1.0,1.0,1.0,0.0,0.0,1.0,1.0,1.0,1.0,0.0,0.0,0.0,0.0,1.0,1.0,1.0,1.0,1.0,1.0,1.0,1.0,1.0,1.0,1.0,1.0,1.0,1.0,0.0,1.0,1.0,0.0,0.0,1.0,1.0,1.0,1.0,0.0,0.0,0.0,0.0,1.0,1.0,1.0,1.0,1.0,1.0,1.0,1.0,1.0,1.0,1.0,1.0,1.0,1.0,0.0,1.0,1.0,1.0,1.0,1.0,1.0,1.0,1.0,1.0,1.0,1.0,1.0,1.0,1.0,1.0,1.0,1.0,1.0,1.0,1.0,1.0,1.0,1.0,1.0,1.0,1.0,1.0,1.0,1.0,0.0,0.0,1.0,1.0,1.0,1.0,0.0,1.0,0.0,1.0,0.0,1.0,0.0,1.0
2006-01-31,-0.007318007342166588,0.007507163138100292,,,,,0.10025887711892324,0.05104305490415312,0.12404749814758725,0.09407555153912697,,0.06914036211940533,,,,,-0.0024173940132867777,-0.013997352479946046,,,,,,,0.3759413531338194,,,-0.004503624487963709,0.013513098769871279,,,,,0.12172670196470203,0.03856158708688256,0.19580010761384317,0.15287668086063153,,0.11300122542069008,,,,,-0.003629660254810041,-0.02800264842745226,,,,,,,0.2954350416704614,,,-0.002893743592240705,0.016152134675090135,,,,,0.11270527789422177,0.02516517316886229,0.136978132736125,0.05682864133477952,,0.04422889875228984,,,,,0.02544856903914461,-0.005771810727400406,,,,,,,0.03682289655322468,,,0.002765121273438531,-0.013383092458760126,,,,,0.08343055689421566,0.07380158243600161,0.06455618862395883,0.055705690831333046,,0.04813030501472158,,,,,-0.00975235685628062,-0.019147216073310047,,,,,,,1.2499168053244594,,,0.0014428669966373153,-0.0083311105644307,,,,,0.04793303655691994,0.040243875827439386,0.037743406460583245,0.03114818987867978,,0.027107684814895623,,,,,-0.006053821026881567,-0.011037673501462342,,,,,,,2.8625377643504533,,,0.0003528662254055348,0.017405369256606296,,,,,0.1558613672905616,0.039684050600052305,0.22306851024489247,0.10795821253012831,,0.09977479304212837,,,,,0.032608215952486086,0.0,,,,,,,0.465795092275745,,,,,,,,,,0.0,,0.0,,0.0,,,,,,,,,,,,,,,,0.00659198251257509,0.03789891384691968,,,,,0.17135002912919617,0.0332481335871509,0.2923346418608772,0.15057088363088253,,0.13002573065709128,,,,,0.0545535476411001,0.0,,,,,,,-0.0284650393049235,,,0.0026610431445113214,0.017150892332993495,,,,,0.07362089998996739,0.0055531137000995445,0.1020327114139176,0.04860557210645289,,0.05521279193687224,,,,,0.022134197203544037,0.0,,,,,,,4.31203007518797,,,0.08921138565570519,0.08894883656962808,,,,,,,,,,,,,,,,,,,,,,,,,,12.95,0.045197740112994156,-0.02704733283245686,,0.07593885011631762,,,4.53,0.1299999999999999,,4.54,0.16999999999999993,,-0.01,-0.04,,,,,,,,4.47,0.1899999999999995,,-0.009999999999999787,,0.10193863881957993,0.014666552744717842,0.006979950287497871,0,0.0,0.0,1.0,1.0,1.0,1.0,0.0,0.0,0.0,0.0,1.0,0.0,1.0,1.0,1.0,1.0,0.0,0.0,1.0,1.0,1.0,1.0,1.0,1.0,0.0,1.0,1.0,0.0,0.0,1.0,1.0,1.0,1.0,0.0,0.0,0.0,0.0,1.0,0.0,1.0,1.0,1.0,1.0,0.0,0.0,1.0,1.0,1.0,1.0,1.0,1.0,0.0,1.0,1.0,0.0,0.0,1.0,1.0,1.0,1.0,0.0,0.0,0.0,0.0,1.0,0.0,1.0,1.0,1.0,1.0,0.0,0.0,1.0,1.0,1.0,1.0,1.0,1.0,0.0,1.0,1.0,0.0,0.0,1.0,1.0,1.0,1.0,0.0,0.0,0.0,0.0,1.0,0.0,1.0,1.0,1.0,1.0,0.0,0.0,1.0,1.0,1.0,1.0,1.0,1.0,0.0,1.0,1.0,0.0,0.0,1.0,1.0,1.0,1.0,0.0,0.0,0.0,0.0,1.0,0.0,1.0,1.0,1.0,1.0,0.0,0.0,1.0,1.0,1.0,1.0,1.0,1.0,0.0,1.0,1.0,0.0,0.0,1.0,1.0,1.0,1.0,0.0,0.0,0.0,0.0,1.0,0.0,1.0,1.0,1.0,1.0,0.0,0.0,1.0,1.0,1.0,1.0,1.0,1.0,0.0,1.0,1.0,1.0,1.0,1.0,1.0,1.0,1.0,1.0,0.0,1.0,0.0,1.0,0.0,1.0,1.0,1.0,1.0,1.0,1.0,1.0,1.0,1.0,1.0,1.0,1.0,1.0,1.0,1.0,0.0,0.0,1.0,1.0,1.0,1.0,0.0,0.0,0.0,0.0,1.0,0.0,1.0,1.0,1.0,1.0,0.0,0.0,1.0,1.0,1.0,1.0,1.0,1.0,0.0,1.0,1.0,0.0,0.0,1.0,1.0,1.0,1.0,0.0,0.0,0.0,0.0,1.0,0.0,1.0,1.0,1.0,1.0,0.0,0.0,1.0,1.0,1.0,1.0,1.0,1.0,0.0,1.0,1.0,0.0,0.0,1.0,1.0,1.0,1.0,1.0,1.0,1.0,1.0,1.0,1.0,1.0,1.0,1.0,1.0,1.0,1.0,1.0,1.0,1.0,1.0,1.0,1.0,1.0,1.0,1.0,0.0,0.0,1.0,0.0,1.0,1.0,0.0,1.0,0.0,1.0,0.0,1.0,0.0,1.0
2006-02-01,0.006979950287497871,0.013658316267328274,0.013338510268866788,,,,0.10695007867140126,0.05104305490415312,0.12790966529644307,0.09509046041152293,0.09815210089162686,0.06914036211940533,,,,,0.0038819779167849067,-0.007115103016914759,,,,,,,-0.2756391335613355,,0.3551854050264113,0.003571343190334142,0.021570754764427713,0.02033398415852461,,,,0.10466718298185199,0.03204477524295956,0.18900550923912632,0.1501582348555128,0.16202218217593878,0.11300122542069008,,,,,-0.0010665837528681665,-0.024531312304890918,,,,,,,-0.10676233942123525,,0.3502657064366994,0.010366111979971837,0.024096274355598357,0.07420980698735735,,,,0.12285112062392534,0.02516517316886229,0.13749148164760946,0.057627313792952016,0.11439208253986977,0.04422889875228984,,,,,0.03238381050722672,0.0,,,,,,,0.07441095419589638,,0.2331207125952311,-0.003420510736370952,-0.005941851095478401,-0.015472909447486694,,,,0.04471782732545823,0.031757712602839716,0.0642691908441288,0.05452509418491679,0.06937965348487733,0.04789658615774428,,,,,-0.012373625971558666,-0.02250223355153058,,,,,,,-0.4833540888335409,,0.7358283241055126,-0.0030823897633309727,-0.005230831987799389,-0.00997389890507372,,,,0.03169957437664683,0.022290065391048094,0.03804701541762861,0.03086026018322431,0.04129877724853586,0.027596091232303752,,,,,-0.008622728080471043,-0.014086040852981374,,,,,,,3.9654450261780108,,0.5944673401917954,0.0,0.009975086914487452,0.06739461413855241,,,,0.15303030584289795,0.039684050600052305,0.17895965604017772,0.042076263492936486,0.21358210347977485,0.09977479304212837,,,,,0.02925294279898205,0.0,,,,,,,-0.5301543197537281,,0.3949990316564401,,,,,,,,0.0,,0.0,,0.0,,,,,,,,,,,,,,,,-0.0004963490956690908,0.03685016229852067,0.10027295983133477,,,,0.17405311520859534,0.03254639718757927,0.2922989283578531,0.15059479176541182,0.2495771332615665,0.12983712474115286,,,,,0.048991884450702905,-0.0004963490956690908,,,,,,,0.3278891957887995,,0.4032773306958715,0.004683863195357407,0.021266352935794375,0.059084447384025074,,,,0.06953043952905846,0.0055531137000995445,0.10050641722705965,0.04869651099631742,0.10421418155617339,0.05521279193687224,,,,,0.023988511358526532,0.0,,,,,,,-0.9672703325650313,,1.0190003683760316,0.07835021185324688,0.07740966499873292,-0.3721633149037475,,,0.02881141971635348,,0.3265753898887865,,,-0.05405610386968562,,,,,,,0.6953727855964361,,,-0.08693444956246799,,-0.24222647171000405,,,0.0358068936060113,,12.36,-0.0455598455598456,-0.03962703962703962,0.10951526032315972,0.021740927502686525,,,4.57,0.08000000000000007,0.20000000000000018,4.59,0.1299999999999999,0.25,-0.02,-0.05,-0.05,,,,,,,4.47,0.10999999999999943,0.1299999999999999,-0.019999999999999574,,0.09926169654558264,0.007555378357165576,-0.011605180618781241,0,0.0,0.0,0.0,1.0,1.0,1.0,0.0,0.0,0.0,0.0,0.0,0.0,1.0,1.0,1.0,1.0,0.0,0.0,1.0,1.0,1.0,1.0,1.0,1.0,0.0,1.0,0.0,0.0,0.0,0.0,1.0,1.0,1.0,0.0,0.0,0.0,0.0,0.0,0.0,1.0,1.0,1.0,1.0,0.0,0.0,1.0,1.0,1.0,1.0,1.0,1.0,0.0,1.0,0.0,0.0,0.0,0.0,1.0,1.0,1.0,0.0,0.0,0.0,0.0,0.0,0.0,1.0,1.0,1.0,1.0,0.0,0.0,1.0,1.0,1.0,1.0,1.0,1.0,0.0,1.0,0.0,0.0,0.0,0.0,1.0,1.0,1.0,0.0,0.0,0.0,0.0,0.0,0.0,1.0,1.0,1.0,1.0,0.0,0.0,1.0,1.0,1.0,1.0,1.0,1.0,0.0,1.0,0.0,0.0,0.0,0.0,1.0,1.0,1.0,0.0,0.0,0.0,0.0,0.0,0.0,1.0,1.0,1.0,1.0,0.0,0.0,1.0,1.0,1.0,1.0,1.0,1.0,0.0,1.0,0.0,0.0,0.0,0.0,1.0,1.0,1.0,0.0,0.0,0.0,0.0,0.0,0.0,1.0,1.0,1.0,1.0,0.0,0.0,1.0,1.0,1.0,1.0,1.0,1.0,0.0,1.0,0.0,1.0,1.0,1.0,1.0,1.0,1.0,1.0,0.0,1.0,0.0,1.0,0.0,1.0,1.0,1.0,1.0,1.0,1.0,1.0,1.0,1.0,1.0,1.0,1.0,1.0,1.0,1.0,0.0,0.0,0.0,1.0,1.0,1.0,0.0,0.0,0.0,0.0,0.0,0.0,1.0,1.0,1.0,1.0,0.0,0.0,1.0,1.0,1.0,1.0,1.0,1.0,0.0,1.0,0.0,0.0,0.0,0.0,1.0,1.0,1.0,0.0,0.0,0.0,0.0,0.0,0.0,1.0,1.0,1.0,1.0,0.0,0.0,1.0,1.0,1.0,1.0,1.0,1.0,0.0,1.0,0.0,0.0,0.0,0.0,1.0,1.0,0.0,1.0,0.0,1.0,1.0,0.0,1.0,1.0,1.0,1.0,1.0,1.0,0.0,1.0,1.0,0.0,1.0,0.0,1.0,1.0,0.0,1.0,0.0,0.0,0.0,0.0,1.0,1.0,0.0,0.0,0.0,0.0,0.0,0.0,0.0,0.0
2006-02-02,-0.011605180618781241,-0.003611717917582302,-0.003142187510609906,,,,0.1423485757566571,0.08416195999903375,0.1395697131734615,0.10364248460865676,0.10608911441696199,0.07685764975799222,,,,,-0.007613064003790693,-0.018637711580063443,,,,,,,0.17298650657839376,,0.3511703871636945,-0.017082121209329948,-0.002887954579774643,-0.0074270946116358205,,,,0.17944508004181522,0.11844369387271346,0.20162694406866574,0.1620092515681605,0.1702885921758821,0.12279690798891722,,,,,-0.017769662905091965,-0.04119438666400488,,,,,,,-0.16476999234462342,,0.348599008405451,-0.015047718146412703,-0.005661708912448216,0.05232432449779689,,,,0.15291321182769624,0.10003985352301571,0.15295841611768585,0.0874551087555002,0.1319775167166341,0.06528766280443035,,,,,0.014284658618509471,-0.015047718146412703,,,,,,,0.19904181296373724,,0.23100796061813425,0.001888133074754661,0.00022687009835187233,-0.015972516980660156,,,,0.03880480507471897,0.023572749751485707,0.0673062751928694,0.05625623133895726,0.06909451086054438,0.04789658615774428,,,,,-0.009713596454908657,-0.020656587688200445,,,,,,,-0.13820180604632903,,0.6756329050563404,0.0,-0.0030823897633309727,-0.0117406893105364,,,,0.03062872076439424,0.023400697415964806,0.03813174015438869,0.03181622359468625,0.040464929413419566,0.027596091232303752,,,,,-0.008038575328342512,-0.014086040852981374,,,,,,,0.22957198443579774,,0.6630457567988185,0.004938250009334899,0.019685011687459397,0.06904315868389355,,,,0.14157249227064816,0.03183260469131805,0.1256708920587394,0.042076263492936486,0.21366401162378781,0.09977479304212837,,,,,0.03089238776807468,0.0,,,,,,,0.18757691861140136,,0.3942012953813707,,,,,,,,0.0,,0.0,,0.0,,,,,,,,,,,,,,,,-0.025712263616222697,-0.013172538188210958,0.06235074252036821,,,,0.2298553270423309,0.17848538163448377,0.3056738777616481,0.1860492570024881,0.27173013494910947,0.15051756624742738,,,,,0.01896386872186362,-0.026195850453098246,,,,,,,0.803611566154901,,0.36558083524322865,-0.006992694706159264,0.010756280524831796,0.043947044272772295,,,,0.10666105872005845,0.04872687221715609,0.10010694563654138,0.05655191204362686,0.108398340586921,0.05822030256303303,,,,,0.014656432742083725,-0.006992694706159264,,,,,,,-0.9526379322587517,,1.0212624620253508,0.08040758683240475,0.07792459216082033,-0.42931488763221437,,,0.01283032947005025,,0.29134028266528,,,-0.07218534619450345,,,,,,,0.7444057897707079,,,-0.06549293003097811,,-0.3206579002367861,,,0.008545422369024336,,13.23,0.07038834951456319,0.0652173913043479,0.16358839050131935,0.08531583264971276,,,4.57,0.040000000000000036,0.20999999999999996,4.59,0.09999999999999964,0.28000000000000025,-0.02,-0.06,-0.07,,,,,,,4.48,0.11000000000000032,0.2600000000000007,-0.019999999999999574,,0.09071647798167938,0.01465730627917261,-0.004964278503316044,0,0.0,0.0,0.0,1.0,1.0,1.0,0.0,0.0,0.0,0.0,0.0,0.0,1.0,1.0,1.0,1.0,0.0,0.0,1.0,1.0,1.0,1.0,1.0,1.0,0.0,1.0,0.0,0.0,0.0,0.0,1.0,1.0,1.0,0.0,0.0,0.0,0.0,0.0,0.0,1.0,1.0,1.0,1.0,0.0,0.0,1.0,1.0,1.0,1.0,1.0,1.0,0.0,1.0,0.0,0.0,0.0,0.0,1.0,1.0,1.0,0.0,0.0,0.0,0.0,0.0,0.0,1.0,1.0,1.0,1.0,0.0,0.0,1.0,1.0,1.0,1.0,1.0,1.0,0.0,1.0,0.0,0.0,0.0,0.0,1.0,1.0,1.0,0.0,0.0,0.0,0.0,0.0,0.0,1.0,1.0,1.0,1.0,0.0,0.0,1.0,1.0,1.0,1.0,1.0,1.0,0.0,1.0,0.0,0.0,0.0,0.0,1.0,1.0,1.0,0.0,0.0,0.0,0.0,0.0,0.0,1.0,1.0,1.0,1.0,0.0,0.0,1.0,1.0,1.0,1.0,1.0,1.0,0.0,1.0,0.0,0.0,0.0,0.0,1.0,1.0,1.0,0.0,0.0,0.0,0.0,0.0,0.0,1.0,1.0,1.0,1.0,0.0,0.0,1.0,1.0,1.0,1.0,1.0,1.0,0.0,1.0,0.0,1.0,1.0,1.0,1.0,1.0,1.0,1.0,0.0,1.0,0.0,1.0,0.0,1.0,1.0,1.0,1.0,1.0,1.0,1.0,1.0,1.0,1.0,1.0,1.0,1.0,1.0,1.0,0.0,0.0,0.0,1.0,1.0,1.0,0.0,0.0,0.0,0.0,0.0,0.0,1.0,1.0,1.0,1.0,0.0,0.0,1.0,1.0,1.0,1.0,1.0,1.0,0.0,1.0,0.0,0.0,0.0,0.0,1.0,1.0,1.0,0.0,0.0,0.0,0.0,0.0,0.0,1.0,1.0,1.0,1.0,0.0,0.0,1.0,1.0,1.0,1.0,1.0,1.0,0.0,1.0,0.0,0.0,0.0,0.0,1.0,1.0,0.0,1.0,0.0,1.0,1.0,0.0,1.0,1.0,1.0,1.0,1.0,1.0,0.0,1.0,1.0,0.0,1.0,0.0,1.0,1.0,0.0,1.0,0.0,0.0,0.0,0.0,1.0,1.0,0.0,0.0,0.0,0.0,0.0,0.0,0.0,0.0
2006-02-03,-0.004964278503316044,-0.017659850212039196,-0.008713932216832254,,,,0.11238134211867819,0.07647717427139207,0.10494726162217245,0.0657104313822152,0.10739610032040277,0.07674961379364373,,,,,-0.012110790253198944,-0.02350946729243164,,,,,,,0.3081774393655581,,0.35009841224442334,-0.012309544323892196,-0.028259261056900464,-0.023855235993719637,,,,0.14256378933168407,0.12236886770557548,0.14460201027561745,0.09778663410810183,0.17446357611453894,0.1253018582009031,,,,,-0.028709079267020043,-0.05299684685936101,,,,,,,0.09260816526873494,,0.3502869992394706,-0.0030550786784300232,-0.013604232976655806,0.04346608276619435,,,,0.14305397410493667,0.09415098320679564,0.13825692856878125,0.07452469966117736,0.13296925347555957,0.0648057340248016,,,,,0.009060784629187246,-0.018056824861974463,,,,,,,0.47339572100453786,,0.2250526468653664,0.007094239925344636,0.007322719494606167,-0.007804792561169838,,,,0.06311946395718826,0.023572749751485707,0.07826032334994096,0.05625623133895726,0.07449210469161048,0.048364073056351195,,,,,-0.0022969160780581532,-0.0137088905519549,,,,,,,0.3969213853765805,,0.6993922031018182,0.003019403882466243,-0.0007912208078058036,-0.008992780872430606,,,,0.03987915940223652,0.023400697415964806,0.04140300927664514,0.03181622359468625,0.0423744364734947,0.027596091232303752,,,,,-0.004594086129889208,-0.011109168416955306,,,,,,,1.4764397905759163,,0.7039808361369082,-0.008424000457924352,0.015639024180846395,0.07948031783118781,,,,0.15823623137460938,0.06005779065496147,0.12884026857007427,0.047397911917940225,0.2032169950746613,0.08594253882128347,,,,,0.018375825180408256,-0.008424000457924352,,,,,,,0.17935315256452133,,0.3843331632593766,,,,,,,,0.0,,0.0,,0.0,,,,,,,,,,,,,,,,-0.01365375139607583,-0.03767769208252836,0.042541353430949336,,,,0.20046551759488834,0.17482518338154512,0.2648194650720996,0.1387369230988823,0.2779882542268736,0.1520189649330715,,,,,0.0029944714319352084,-0.03949193021947872,,,,,,,0.14932833489534514,,0.3328161138040231,-0.00876456770005496,-0.009229375436413778,0.02691243270485466,,,,0.09359698278565087,0.06745284735211086,0.09712589318126666,0.05285818539086118,0.11296485973804722,0.06271957958856696,,,,,0.004439647826095738,-0.015695974460056217,,,,,,,-0.9570314572171238,,1.0010578958624858,0.08800234943817527,0.08849853075823011,-0.4521791145506658,,,-0.0009091396556624165,,0.3484778452311641,,,-0.08819425004802006,,,,,,,0.7517424119697051,,,-0.05125528564778159,,-0.3782806040921034,,,-0.0160504434325498,,12.96,-0.020408163265306034,0.08270676691729317,0.14588859416445632,0.056019555917702135,,,4.54,0.020000000000000462,0.17999999999999972,4.59,0.08000000000000007,0.2699999999999996,-0.05,-0.060000000000000005,-0.09,,,,,,,4.51,0.08999999999999986,0.2699999999999996,-0.04999999999999982,,0.09040601176878349,0.015046915634182811,0.0026135770319772877,0,0.0,0.0,0.0,1.0,1.0,1.0,0.0,0.0,0.0,0.0,0.0,0.0,1.0,1.0,1.0,1.0,0.0,0.0,1.0,1.0,1.0,1.0,1.0,1.0,0.0,1.0,0.0,0.0,0.0,0.0,1.0,1.0,1.0,0.0,0.0,0.0,0.0,0.0,0.0,1.0,1.0,1.0,1.0,0.0,0.0,1.0,1.0,1.0,1.0,1.0,1.0,0.0,1.0,0.0,0.0,0.0,0.0,1.0,1.0,1.0,0.0,0.0,0.0,0.0,0.0,0.0,1.0,1.0,1.0,1.0,0.0,0.0,1.0,1.0,1.0,1.0,1.0,1.0,0.0,1.0,0.0,0.0,0.0,0.0,1.0,1.0,1.0,0.0,0.0,0.0,0.0,0.0,0.0,1.0,1.0,1.0,1.0,0.0,0.0,1.0,1.0,1.0,1.0,1.0,1.0,0.0,1.0,0.0,0.0,0.0,0.0,1.0,1.0,1.0,0.0,0.0,0.0,0.0,0.0,0.0,1.0,1.0,1.0,1.0,0.0,0.0,1.0,1.0,1.0,1.0,1.0,1.0,0.0,1.0,0.0,0.0,0.0,0.0,1.0,1.0,1.0,0.0,0.0,0.0,0.0,0.0,0.0,1.0,1.0,1.0,1.0,0.0,0.0,1.0,1.0,1.0,1.0,1.0,1.0,0.0,1.0,0.0,1.0,1.0,1.0,1.0,1.0,1.0,1.0,0.0,1.0,0.0,1.0,0.0,1.0,1.0,1.0,1.0,1.0,1.0,1.0,1.0,1.0,1.0,1.0,1.0,1.0,1.0,1.0,0.0,0.0,0.0,1.0,1.0,1.0,0.0,0.0,0.0,0.0,0.0,0.0,1.0,1.0,1.0,1.0,0.0,0.0,1.0,1.0,1.0,1.0,1.0,1.0,0.0,1.0,0.0,0.0,0.0,0.0,1.0,1.0,1.0,0.0,0.0,0.0,0.0,0.0,0.0,1.0,1.0,1.0,1.0,0.0,0.0,1.0,1.0,1.0,1.0,1.0,1.0,0.0,1.0,0.0,0.0,0.0,0.0,1.0,1.0,0.0,1.0,0.0,1.0,1.0,0.0,1.0,1.0,1.0,1.0,1.0,1.0,0.0,1.0,1.0,0.0,1.0,0.0,1.0,1.0,0.0,1.0,0.0,0.0,0.0,0.0,1.0,1.0,0.0,0.0,0.0,0.0,0.0,0.0,0.0,0.0
2006-02-06,0.0026135770319772877,-0.014325136993694532,-0.014325136993694532,,,,0.11998961536661842,0.07930367592050999,0.10420581935349774,0.0657104313822152,0.10308360365244515,0.07674961379364373,,,,,-0.008815468429474116,-0.02095733406420386,,,,,,,0.35011688065120916,,0.37458834837475874,-0.0026879114218295586,-0.032709082760684405,-0.04381405948706196,,,,0.13027975450601006,0.1141243707967924,0.14475797548695932,0.09573265760488398,0.15908345348861871,0.12434878747762929,,,,,-0.02916522210254635,-0.05554230745119637,,,,,,,0.0782350127728364,,0.3795457397956674,0.00891550790717921,-0.0019291623948270997,0.040367384861558664,,,,0.16498024538906852,0.09990853760595453,0.1422440516742906,0.07452469966117736,0.13048082753111243,0.0648057340248016,,,,,0.016050287307070032,-0.00930230271963095,,,,,,,-0.12172394330198821,,0.25792234234673567,0.0019814321457793937,0.010322866913065942,-0.003996501541757458,,,,0.059248617281045995,0.02432484274843173,0.07991432222663421,0.05662777217207199,0.07473726458809826,0.04887616483453432,,,,,-0.00011949640706454545,-0.011754621642597995,,,,,,,1.447649918962723,,0.6849313304832684,-0.0014452598192032928,-7.677067700651019e-05,-0.009128697178465983,,,,0.037890998395802865,0.021754232281278454,0.04119619477968681,0.030986481774319435,0.04241402682042169,0.027601351426480614,,,,,-0.005577398978598769,-0.012538372601420766,,,,,,,-0.5749601275917066,,0.7994349310077105,0.003893826915099652,0.0007057324508110696,0.0558451215902771,,,,0.08360933686321362,0.06005779065496147,0.12159769696118408,0.047397911917940225,0.18556742843476262,0.08594253882128347,,,,,0.01958460178477406,-0.004562975142540671,,,,,,,-0.12949712788471224,,0.37709290528326145,,,,,,,,0.0,,0.0,,0.0,,,,,,,,,,,,,,,,0.02376030038895749,-0.01018787559333223,0.04546897902698532,,,,0.30134400209411155,0.18496956577502977,0.2523935014053616,0.1387369230988823,0.28064170276231326,0.1520189649330715,,,,,0.024538221508740188,-0.01666996995547576,,,,,,,-0.18218497827436375,,0.3604258068910255,0.003789586674566303,-0.004696536068753532,0.02120137202243977,,,,0.10211372967508457,0.06950464809791673,0.09663773662782234,0.05285818539086118,0.10938374727568553,0.06271957958856696,,,,,0.0071919115260417055,-0.011965869041148158,,,,,,,-0.9243194054750891,,1.0014944523062321,0.08627928364074115,0.08637198595946526,-0.4333462174670803,,,-0.010328635451937074,,0.25779032364568766,,,-0.07017025858397163,,,,,,,0.7314303516564205,,,-0.059794116020679855,,-0.3821734125284864,,,-0.039817557945304505,,13.04,0.006172839506172645,0.05246166263115404,0.18545454545454532,0.053779950705078905,,,4.55,0.009999999999999787,0.16999999999999993,4.62,0.10000000000000053,0.2599999999999998,-0.07,-0.09000000000000001,-0.09000000000000001,,,,,,,4.51,0.02999999999999936,0.29000000000000004,-0.07000000000000028,,0.09047837020652455,0.010820972672527018,-0.008847188600722977,0,0.0,0.0,0.0,1.0,1.0,1.0,0.0,0.0,0.0,0.0,0.0,0.0,1.0,1.0,1.0,1.0,0.0,0.0,1.0,1.0,1.0,1.0,1.0,1.0,0.0,1.0,0.0,0.0,0.0,0.0,1.0,1.0,1.0,0.0,0.0,0.0,0.0,0.0,0.0,1.0,1.0,1.0,1.0,0.0,0.0,1.0,1.0,1.0,1.0,1.0,1.0,0.0,1.0,0.0,0.0,0.0,0.0,1.0,1.0,1.0,0.0,0.0,0.0,0.0,0.0,0.0,1.0,1.0,1.0,1.0,0.0,0.0,1.0,1.0,1.0,1.0,1.0,1.0,0.0,1.0,0.0,0.0,0.0,0.0,1.0,1.0,1.0,0.0,0.0,0.0,0.0,0.0,0.0,1.0,1.0,1.0,1.0,0.0,0.0,1.0,1.0,1.0,1.0,1.0,1.0,0.0,1.0,0.0,0.0,0.0,0.0,1.0,1.0,1.0,0.0,0.0,0.0,0.0,0.0,0.0,1.0,1.0,1.0,1.0,0.0,0.0,1.0,1.0,1.0,1.0,1.0,1.0,0.0,1.0,0.0,0.0,0.0,0.0,1.0,1.0,1.0,0.0,0.0,0.0,0.0,0.0,0.0,1.0,1.0,1.0,1.0,0.0,0.0,1.0,1.0,1.0,1.0,1.0,1.0,0.0,1.0,0.0,1.0,1.0,1.0,1.0,1.0,1.0,1.0,0.0,1.0,0.0,1.0,0.0,1.0,1.0,1.0,1.0,1.0,1.0,1.0,1.0,1.0,1.0,1.0,1.0,1.0,1.0,1.0,0.0,0.0,0.0,1.0,1.0,1.0,0.0,0.0,0.0,0.0,0.0,0.0,1.0,1.0,1.0,1.0,0.0,0.0,1.0,1.0,1.0,1.0,1.0,1.0,0.0,1.0,0.0,0.0,0.0,0.0,1.0,1.0,1.0,0.0,0.0,0.0,0.0,0.0,0.0,1.0,1.0,1.0,1.0,0.0,0.0,1.0,1.0,1.0,1.0,1.0,1.0,0.0,1.0,0.0,0.0,0.0,0.0,1.0,1.0,0.0,1.0,0.0,1.0,1.0,0.0,1.0,1.0,1.0,1.0,1.0,1.0,0.0,1.0,1.0,0.0,1.0,0.0,1.0,1.0,0.0,1.0,0.0,0.0,0.0,0.0,1.0,1.0,0.0,0.0,0.0,0.0,0.0,0.0,0.0,0.0
2006-02-07,-0.008847188600722977,-0.015843524089146688,-0.02554969856836109,,,,0.12403012205804431,0.08308675137847582,0.11333245358446707,0.0712396567980205,0.10620784621488026,0.07899372901940525,,,,,-0.01631775406445224,-0.029619109177892455,,,,,,,-0.023704018536545246,,0.3786490984888421,-0.004410314528515591,-0.032618416557891106,-0.051807764067171025,,,,0.13037829278183216,0.11427369368693875,0.142185845813791,0.09294030635412504,0.15751664914576158,0.1230949618596747,,,,,-0.030887921240341565,-0.05970766293421259,,,,,,,-0.135274354107068,,0.38570036891650805,-0.01615593891346978,-0.01520418730584272,0.016839709428889904,,,,0.20122706886977443,0.12954064727539757,0.16245920897118904,0.10024630253880888,0.14429876178231438,0.08071372932631504,,,,,-0.0011917119329354353,-0.025307954198607763,,,,,,,0.0980128316100366,,0.2796551378075748,-0.004723715186320421,0.002777587802980541,-0.009349769258825691,,,,0.07532901555762894,0.03623257133667458,0.07971654500058871,0.056451014426208236,0.0763508155093205,0.04933110093630429,,,,,-0.004375086357528035,-0.016422811344155797,,,,,,,-0.5851205442981807,,0.6795379523179166,-0.0012056186703750527,-0.002721237404216814,-0.010793976370351288,,,,0.0360964867081767,0.020218199437535056,0.04110154508841389,0.03107502312026823,0.042342826021684654,0.02717586923992991,,,,,-0.0062377828122225365,-0.013728874775691402,,,,,,,-0.10520140789988264,,0.8461527344998527,-0.03737663436100591,-0.037037076905843236,0.0,,,,0.28365540254700605,0.2619552640722613,0.2345756276551181,0.18740356109691858,0.2283371293972577,0.15010064257146058,,,,,-0.018524039076247334,-0.0417690608500455,,,,,,,1.0346788514875191,,0.44919024480416814,,,,,,,,0.0,,0.0,,0.0,,,,,,,,,,,,,,,,-0.02623621364723816,-0.042468826709469054,0.008148668533024317,,,,0.3319808964699727,0.20698596595710483,0.28323099374670846,0.1742530456434172,0.296880365974081,0.1667460540957237,,,,,-0.002743869662830911,-0.042468826709469054,,,,,,,0.2128154898787724,,0.3830562628143261,-0.007864076209453508,-0.015144421546020692,0.004618378566483949,,,,0.10608628489247944,0.06946149898807503,0.10161611915506504,0.06025563558779702,0.11007408643183468,0.06510949551183255,,,,,-0.0009581921945222005,-0.019735844744549702,,,,,,,-0.8384052842651568,,1.0038711766883435,0.08815629235578333,0.08775800070915236,-0.3604981428916285,,,-0.0161999293095354,,0.3438034436850307,,,-0.02554969856836109,,,,,,,0.750939890932647,,,-0.03369836710138541,,-0.3748871532822313,,,-0.042457994808345334,,13.59,0.04217791411042948,0.049420849420849455,0.22102425876010767,0.0874174834966992,,,4.57,0.040000000000000036,0.1900000000000004,4.61,0.07000000000000028,0.25,-0.04,-0.03,-0.06,,,,,,,4.47,0.0,0.21999999999999975,-0.040000000000000036,,0.08343116029117906,0.02199577590947155,0.00908575129867728,0,0.0,0.0,0.0,1.0,1.0,1.0,0.0,0.0,0.0,0.0,0.0,0.0,1.0,1.0,1.0,1.0,0.0,0.0,1.0,1.0,1.0,1.0,1.0,1.0,0.0,1.0,0.0,0.0,0.0,0.0,1.0,1.0,1.0,0.0,0.0,0.0,0.0,0.0,0.0,1.0,1.0,1.0,1.0,0.0,0.0,1.0,1.0,1.0,1.0,1.0,1.0,0.0,1.0,0.0,0.0,0.0,0.0,1.0,1.0,1.0,0.0,0.0,0.0,0.0,0.0,0.0,1.0,1.0,1.0,1.0,0.0,0.0,1.0,1.0,1.0,1.0,1.0,1.0,0.0,1.0,0.0,0.0,0.0,0.0,1.0,1.0,1.0,0.0,0.0,0.0,0.0,0.0,0.0,1.0,1.0,1.0,1.0,0.0,0.0,1.0,1.0,1.0,1.0,1.0,1.0,0.0,1.0,0.0,0.0,0.0,0.0,1.0,1.0,1.0,0.0,0.0,0.0,0.0,0.0,0.0,1.0,1.0,1.0,1.0,0.0,0.0,1.0,1.0,1.0,1.0,1.0,1.0,0.0,1.0,0.0,0.0,0.0,0.0,1.0,1.0,1.0,0.0,0.0,0.0,0.0,0.0,0.0,1.0,1.0,1.0,1.0,0.0,0.0,1.0,1.0,1.0,1.0,1.0,1.0,0.0,1.0,0.0,1.0,1.0,1.0,1.0,1.0,1.0,1.0,0.0,1.0,0.0,1.0,0.0,1.0,1.0,1.0,1.0,1.0,1.0,1.0,1.0,1.0,1.0,1.0,1.0,1.0,1.0,1.0,0.0,0.0,0.0,1.0,1.0,1.0,0.0,0.0,0.0,0.0,0.0,0.0,1.0,1.0,1.0,1.0,0.0,0.0,1.0,1.0,1.0,1.0,1.0,1.0,0.0,1.0,0.0,0.0,0.0,0.0,1.0,1.0,1.0,0.0,0.0,0.0,0.0,0.0,0.0,1.0,1.0,1.0,1.0,0.0,0.0,1.0,1.0,1.0,1.0,1.0,1.0,0.0,1.0,0.0,0.0,0.0,0.0,1.0,1.0,0.0,1.0,0.0,1.0,1.0,0.0,1.0,1.0,1.0,1.0,1.0,1.0,0.0,1.0,1.0,0.0,1.0,0.0,1.0,1.0,0.0,1.0,0.0,0.0,0.0,0.0,1.0,1.0,0.0,0.0,0.0,0.0,0.0,0.0,0.0,0.0
2006-02-08,0.00908575129867728,-0.013785451630464518,-0.017687650687426504,,,,0.13518508694786036,0.08308675137847582,0.12375502093063417,0.0712396567980205,0.11218133174617524,0.07899372901940525,,,,,-0.0064924014885637815,-0.02080246973889377,,,,,,,-0.06511540095341484,,0.3814130161833905,0.01156690787090553,-0.024911179724467325,-0.04151190811325256,,,,0.17426565894194587,0.11427369368693874,0.15632707965415454,0.09573781553566182,0.1650571348902594,0.1230949618596747,,,,,-0.017592762496812964,-0.04883138809965415,,,,,,,0.008288782947379447,,0.3856354576435349,0.006316238469170177,-0.01915156680332286,0.014145070171609708,,,,0.18583801084447688,0.12954064727539757,0.16513579585222046,0.10024630253880888,0.1426171624575827,0.08071372932631504,,,,,0.00441294867801334,-0.01915156680332286,,,,,,,0.02831077877491328,,0.27964588353491815,-0.0023170074243454852,0.003887954212571376,-0.0036116692036286535,,,,0.07197953828000311,0.03353135183367599,0.05884343832077478,0.030914905949852186,0.07128449587585935,0.04404512311190855,,,,,-0.006503100400681694,-0.018701766992688218,,,,,,,-0.5794632813755423,,0.6673812533292368,-0.0006037715664959364,-0.00024172128081301203,-0.007374038556384077,,,,0.02860660494601441,0.010621500227014977,0.029671370066270773,0.017865097604541427,0.04026684407135001,0.025338005463278076,,,,,-0.006471274329956311,-0.014324357237957885,,,,,,,-0.8692534795444959,,0.8883649376813715,0.0042125158124795,-0.032980580365477574,0.014243441328214645,,,,0.29214538527904577,0.2619552640722613,0.23158176583668702,0.18740356109691858,0.22567522783037194,0.14991920078486798,,,,,-0.015071192612516549,-0.037732497866869164,,,,,,,0.1435895254100279,,0.4735396416418604,,,,,,,,0.0,,0.0,,0.0,,,,,,,,,,,,,,,,0.0031089290594690233,-0.039014946157052255,0.023580517453223537,,,,0.3384923667790025,0.20895284423961144,0.28381911752734423,0.1742530456434172,0.29327716258852116,0.16766234424424445,,,,,-0.0007948302254737749,-0.03949193021947872,,,,,,,0.3126130471481974,,0.38214637035255417,-0.004438970189380775,-0.024087208107447244,-0.005857029551616488,,,,0.08105098602988466,0.05624630896221817,0.10414435015735682,0.05932266656709022,0.1090286453839006,0.06458809911931535,,,,,-0.005101415455091796,-0.024087208107447244,,,,,,,0.16498993963782693,,1.0044367526048164,0.09692475653075619,0.09923027130011641,-0.37223404578642477,,,-0.01407598148379785,,0.36073612434387137,,,-0.03193109201564115,,,,,,,0.7391385394872791,,,-0.04126816814065004,,-0.38761464216396574,,,-0.03790023890962391,,12.83,-0.05592347314201618,0.03802588996763756,0.1813996316758748,0.01857732613528107,,,4.56,-0.010000000000000675,0.1299999999999999,4.64,0.04999999999999982,0.22999999999999954,-0.08,-0.06,-0.1,,,,,,,4.48,0.010000000000000675,0.2400000000000002,-0.08000000000000007,,0.08225839040610053,0.006001724731126812,-0.0016584761047367946,0,0.0,0.0,0.0,1.0,1.0,1.0,0.0,0.0,0.0,0.0,0.0,0.0,1.0,1.0,1.0,1.0,0.0,0.0,1.0,1.0,1.0,1.0,1.0,1.0,0.0,1.0,0.0,0.0,0.0,0.0,1.0,1.0,1.0,0.0,0.0,0.0,0.0,0.0,0.0,1.0,1.0,1.0,1.0,0.0,0.0,1.0,1.0,1.0,1.0,1.0,1.0,0.0,1.0,0.0,0.0,0.0,0.0,1.0,1.0,1.0,0.0,0.0,0.0,0.0,0.0,0.0,1.0,1.0,1.0,1.0,0.0,0.0,1.0,1.0,1.0,1.0,1.0,1.0,0.0,1.0,0.0,0.0,0.0,0.0,1.0,1.0,1.0,0.0,0.0,0.0,0.0,0.0,0.0,1.0,1.0,1.0,1.0,0.0,0.0,1.0,1.0,1.0,1.0,1.0,1.0,0.0,1.0,0.0,0.0,0.0,0.0,1.0,1.0,1.0,0.0,0.0,0.0,0.0,0.0,0.0,1.0,1.0,1.0,1.0,0.0,0.0,1.0,1.0,1.0,1.0,1.0,1.0,0.0,1.0,0.0,0.0,0.0,0.0,1.0,1.0,1.0,0.0,0.0,0.0,0.0,0.0,0.0,1.0,1.0,1.0,1.0,0.0,0.0,1.0,1.0,1.0,1.0,1.0,1.0,0.0,1.0,0.0,1.0,1.0,1.0,1.0,1.0,1.0,1.0,0.0,1.0,0.0,1.0,0.0,1.0,1.0,1.0,1.0,1.0,1.0,1.0,1.0,1.0,1.0,1.0,1.0,1.0,1.0,1.0,0.0,0.0,0.0,1.0,1.0,1.0,0.0,0.0,0.0,0.0,0.0,0.0,1.0,1.0,1.0,1.0,0.0,0.0,1.0,1.0,1.0,1.0,1.0,1.0,0.0,1.0,0.0,0.0,0.0,0.0,1.0,1.0,1.0,0.0,0.0,0.0,0.0,0.0,0.0,1.0,1.0,1.0,1.0,0.0,0.0,1.0,1.0,1.0,1.0,1.0,1.0,0.0,1.0,0.0,0.0,0.0,0.0,1.0,1.0,0.0,1.0,0.0,1.0,1.0,0.0,1.0,1.0,1.0,1.0,1.0,1.0,0.0,1.0,1.0,0.0,1.0,0.0,1.0,1.0,0.0,1.0,0.0,0.0,0.0,0.0,1.0,1.0,0.0,0.0,0.0,0.0,0.0,0.0,0.0,0.0
2006-02-09,-0.0016584761047367946,-0.003860688258854772,-0.022426445444649112,,,,0.11001630988555,0.060604427488601946,0.11993905657745006,0.0695100190752741,0.1111640420298382,0.07832360305531189,,,,,-0.0070103765091313885,-0.01855526475329139,,,,,,,-0.2583331440003157,,0.3809702689213692,-0.00948913050795519,-0.01737866810256472,-0.05785715119304713,,,,0.1467619318149684,0.08036921570458326,0.15647470777296413,0.09620068601286394,0.162808878617566,0.12264439488874239,,,,,-0.02399879231711266,-0.05325647173202419,,,,,,,-0.1683619111214133,,0.384602706519289,-0.005160476667572689,-0.009305520967572312,0.010626713497098539,,,,0.15921505936081554,0.10683347929534068,0.14729682691392965,0.0977563763727183,0.14392067510788323,0.08080281091689166,,,,,-0.0012949643163043811,-0.024213212257259475,,,,,,,-0.2908729225043315,,0.2798938775178225,0.004535047573176021,0.006540152090832363,0.0025588935138567415,,,,0.07681802922456807,0.03353135183367599,0.0583332798549992,0.027678537333541305,0.07294730882083918,0.04452693387269539,,,,,-0.002124637288249187,-0.014251532822526447,,,,,,,0.6996203492786637,,0.7341805934883043,0.0009657104708931108,0.0007237557573080977,-0.0039150188626356774,,,,0.029515686471720506,0.010621500227014977,0.029065264767862236,0.0174534038190179,0.039700286726302124,0.025165810188827638,,,,,-0.005317415316304253,-0.013372479948838278,,,,,,,0.018987341772152,,0.8619729754064068,0.024621528889982258,-0.014040000763207217,0.03025860192216534,,,,0.3643414469871434,0.2619552640722613,0.26659498795172837,0.18948295183531444,0.23942763076231016,0.14991920078486798,,,,,0.007685894988999742,-0.014040000763207217,,,,,,,0.03617308331540969,,0.46827436354352575,,,,,,,,0.0,,0.0,,0.0,,,,,,,,,,,,,,,,0.002582625851668796,-0.011106388075734941,0.014318295639043521,,,,0.30105229183706883,0.1895781093094451,0.25253691780023085,0.1742530456434172,0.29072296037564666,0.16766234424424445,,,,,0.0010779115231824843,-0.037011297247727115,,,,,,,-0.3282639460955157,,0.38941435089453774,0.004777518758805721,-0.01251961759474085,-0.00268641867675834,,,,0.10192493678472526,0.06649376445664998,0.10579801468522333,0.05932266656709022,0.1103332526728784,0.06458809911931535,,,,,-0.00021366172855796783,-0.01942476643722224,,,,,,,-0.3448275862068966,,1.0045991460620785,0.09840375604632798,0.10095921551408303,-0.3608933684238819,,,-0.024985338958505854,,0.31903879684500774,,,-0.05268504736681445,,,,,,,0.7336685808444997,,,-0.036744741083692634,,-0.40112884034571844,,,-0.06041604470690387,,13.12,0.02260327357755254,-0.008314436885865528,0.19926873857404015,0.03266430539157805,,,4.54,-0.03000000000000025,0.08000000000000007,4.66,0.07000000000000028,0.21999999999999975,-0.12,-0.09999999999999999,-0.13999999999999999,,,,,,,4.52,0.03999999999999915,0.27999999999999936,-0.1200000000000001,,0.08800719686955791,0.017244840706257758,0.0018186839198359728,0,0.0,0.0,0.0,1.0,1.0,1.0,0.0,0.0,0.0,0.0,0.0,0.0,1.0,1.0,1.0,1.0,0.0,0.0,1.0,1.0,1.0,1.0,1.0,1.0,0.0,1.0,0.0,0.0,0.0,0.0,1.0,1.0,1.0,0.0,0.0,0.0,0.0,0.0,0.0,1.0,1.0,1.0,1.0,0.0,0.0,1.0,1.0,1.0,1.0,1.0,1.0,0.0,1.0,0.0,0.0,0.0,0.0,1.0,1.0,1.0,0.0,0.0,0.0,0.0,0.0,0.0,1.0,1.0,1.0,1.0,0.0,0.0,1.0,1.0,1.0,1.0,1.0,1.0,0.0,1.0,0.0,0.0,0.0,0.0,1.0,1.0,1.0,0.0,0.0,0.0,0.0,0.0,0.0,1.0,1.0,1.0,1.0,0.0,0.0,1.0,1.0,1.0,1.0,1.0,1.0,0.0,1.0,0.0,0.0,0.0,0.0,1.0,1.0,1.0,0.0,0.0,0.0,0.0,0.0,0.0,1.0,1.0,1.0,1.0,0.0,0.0,1.0,1.0,1.0,1.0,1.0,1.0,0.0,1.0,0.0,0.0,0.0,0.0,1.0,1.0,1.0,0.0,0.0,0.0,0.0,0.0,0.0,1.0,1.0,1.0,1.0,0.0,0.0,1.0,1.0,1.0,1.0,1.0,1.0,0.0,1.0,0.0,1.0,1.0,1.0,1.0,1.0,1.0,1.0,0.0,1.0,0.0,1.0,0.0,1.0,1.0,1.0,1.0,1.0,1.0,1.0,1.0,1.0,1.0,1.0,1.0,1.0,1.0,1.0,0.0,0.0,0.0,1.0,1.0,1.0,0.0,0.0,0.0,0.0,0.0,0.0,1.0,1.0,1.0,1.0,0.0,0.0,1.0,1.0,1.0,1.0,1.0,1.0,0.0,1.0,0.0,0.0,0.0,0.0,1.0,1.0,1.0,0.0,0.0,0.0,0.0,0.0,0.0,1.0,1.0,1.0,1.0,0.0,0.0,1.0,1.0,1.0,1.0,1.0,1.0,0.0,1.0,0.0,0.0,0.0,0.0,1.0,1.0,0.0,1.0,0.0,1.0,1.0,0.0,1.0,1.0,1.0,1.0,1.0,1.0,0.0,1.0,1.0,0.0,1.0,0.0,1.0,1.0,0.0,1.0,0.0,0.0,0.0,0.0,1.0,1.0,0.0,0.0,0.0,0.0,0.0,0.0,0.0,0.0
2006-02-10,0.0018186839198359728,0.0029297971215107577,-0.016770326995090623,,,,0.10407671160602115,0.06121504338991233,0.10785233435292561,0.0695100190752741,0.11111053788224917,0.0791165862667271,,,,,-0.00435976103316893,-0.01585352084631808,,,,,,,-0.250251044857997,,0.3776565682228383,0.0061412909075921895,0.0009774719062709547,-0.047442244310050286,,,,0.13452255003446179,0.06263331051911927,0.13977234641873706,0.09620068601286394,0.1657650126334881,0.1241553922065641,,,,,-0.015597608897739978,-0.046998761316099036,,,,,,,-0.15292474784093701,,0.38692344266919626,-0.00210298078409088,-0.008359392342763505,0.012086028854338515,,,,0.15890953292581358,0.10807944704612167,0.14281900372115103,0.09556106482562506,0.14346901416844476,0.08092215340600653,,,,,-0.003987906599618785,-0.026265273121252264,,,,,,,-0.2675914155387722,,0.27669700305572364,-0.0055063150135487016,-0.006053470215618972,-0.009608133107484429,,,,0.06887881209388308,0.040979457028036376,0.06617879185756806,0.03434464963703462,0.07123771255648782,0.04592572313450411,,,,,-0.007141319610801555,-0.019679374406928463,,,,,,,-0.3847566574839302,,0.7292732880188908,-0.0028955870477941348,-0.005177697311384621,-0.010356571883621157,,,,0.022256447690526055,0.017281286402226242,0.031323710736221415,0.019452867776060315,0.03814729810259016,0.025641147260859785,,,,,-0.007682634023279178,-0.016229345816895724,,,,,,,-0.6374207188160677,,0.8060090271936401,-0.02474189003378091,-0.03026547052163997,0.00661401080898627,,,,0.39799083521418915,0.28411060254875364,0.2958318142013255,0.21413041012964587,0.2572277604306883,0.16618615604032638,,,,,-0.017563349893328528,-0.03843451464203074,,,,,,,-0.1435298773248912,,0.4692680342393226,,,,,,,,0.0,,0.0,,0.0,,,,,,,,,,,,,,,,-0.0015453883399161317,0.0010332463518749613,0.02702678244476253,,,,0.283609318545659,0.1863042458241424,0.24075777442426902,0.17264010257351742,0.285683736643363,0.16629110495274274,,,,,-0.0017819596378103597,-0.03849948876043141,,,,,,,-0.20039412883935848,,0.3892811211752862,0.0009505234329441059,-0.0028413296779578046,0.0011091785352272954,,,,0.08637836918711668,0.0570439126083961,0.08558773554109042,0.05932266656709022,0.1099170766471866,0.06540951811483324,,,,,0.0006811825602139887,-0.018492706699956174,,,,,,,3.632098765432099,,1.0846760336037642,0.10146139891341013,0.10511658491716865,-0.3604452734364768,,,-0.007162193887606194,,0.25986440615616574,,,-0.023384337804076893,,,,,,,0.7251058811628369,,,-0.043797109439853155,,-0.43948411680596133,,,-0.03783411120256586,,12.87,-0.019054878048780477,-0.006944444444444531,0.14910714285714288,0.006372913164170768,,,4.59,0.04999999999999982,0.16999999999999993,4.69,0.10000000000000053,0.3000000000000007,-0.1,-0.05,-0.13,,,,,,,4.51,0.0,0.22999999999999954,-0.10000000000000053,,0.0880143381015021,0.017293780838856243,-0.001815382313214542,0,0.0,0.0,0.0,1.0,1.0,1.0,0.0,0.0,0.0,0.0,0.0,0.0,1.0,1.0,1.0,1.0,0.0,0.0,1.0,1.0,1.0,1.0,1.0,1.0,0.0,1.0,0.0,0.0,0.0,0.0,1.0,1.0,1.0,0.0,0.0,0.0,0.0,0.0,0.0,1.0,1.0,1.0,1.0,0.0,0.0,1.0,1.0,1.0,1.0,1.0,1.0,0.0,1.0,0.0,0.0,0.0,0.0,1.0,1.0,1.0,0.0,0.0,0.0,0.0,0.0,0.0,1.0,1.0,1.0,1.0,0.0,0.0,1.0,1.0,1.0,1.0,1.0,1.0,0.0,1.0,0.0,0.0,0.0,0.0,1.0,1.0,1.0,0.0,0.0,0.0,0.0,0.0,0.0,1.0,1.0,1.0,1.0,0.0,0.0,1.0,1.0,1.0,1.0,1.0,1.0,0.0,1.0,0.0,0.0,0.0,0.0,1.0,1.0,1.0,0.0,0.0,0.0,0.0,0.0,0.0,1.0,1.0,1.0,1.0,0.0,0.0,1.0,1.0,1.0,1.0,1.0,1.0,0.0,1.0,0.0,0.0,0.0,0.0,1.0,1.0,1.0,0.0,0.0,0.0,0.0,0.0,0.0,1.0,1.0,1.0,1.0,0.0,0.0,1.0,1.0,1.0,1.0,1.0,1.0,0.0,1.0,0.0,1.0,1.0,1.0,1.0,1.0,1.0,1.0,0.0,1.0,0.0,1.0,0.0,1.0,1.0,1.0,1.0,1.0,1.0,1.0,1.0,1.0,1.0,1.0,1.0,1.0,1.0,1.0,0.0,0.0,0.0,1.0,1.0,1.0,0.0,0.0,0.0,0.0,0.0,0.0,1.0,1.0,1.0,1.0,0.0,0.0,1.0,1.0,1.0,1.0,1.0,1.0,0.0,1.0,0.0,0.0,0.0,0.0,1.0,1.0,1.0,0.0,0.0,0.0,0.0,0.0,0.0,1.0,1.0,1.0,1.0,0.0,0.0,1.0,1.0,1.0,1.0,1.0,1.0,0.0,1.0,0.0,0.0,0.0,0.0,1.0,1.0,0.0,1.0,0.0,1.0,1.0,0.0,1.0,1.0,1.0,1.0,1.0,1.0,0.0,1.0,1.0,0.0,1.0,0.0,1.0,1.0,0.0,1.0,0.0,0.0,0.0,0.0,1.0,1.0,0.0,0.0,0.0,0.0,0.0,0.0,0.0,0.0
2006-02-13,-0.001815382313214542,-0.0015005590987611228,-0.017640122958185955,,,,0.10339328128967172,0.05857278103871834,0.10778674854792701,0.06854724975698845,0.11116406216134182,0.07886161477142732,,,,,-0.005279632746861496,-0.016570340576728793,,,,,,,0.1493411613226432,,0.38065478916394213,-0.011474705770070481,-0.007841616214281033,-0.05793417012850954,,,,0.15894143508538613,0.08461040292491648,0.14344090625582975,0.09658930479778316,0.16866068541778798,0.12477685423830849,,,,,-0.023972913023336706,-0.051756779339426795,,,,,,,0.21457529554973287,,0.3924256888347122,-0.006603095377545776,-0.023612282273237195,0.004974344188956037,,,,0.12941151705518628,0.09979358447484432,0.14453786556593806,0.0953566083976807,0.14574791421429925,0.08076132199312384,,,,,-0.010806894667941602,-0.03269493639526111,,,,,,,0.20383730846802717,,0.2736720636058036,0.00011064277340255835,-0.00790925770326667,-0.015202457679456494,,,,0.0645619859571273,0.040979457028036376,0.06588847162542932,0.03526684253024031,0.06737051818335194,0.04592572313450411,,,,,-0.006269842646145052,-0.019570909014088977,,,,,,,-0.7103694874851013,,0.7993745910762956,0.0,-0.003737839641625995,-0.014709762736792031,,,,0.022943641499040393,0.01910194339908798,0.030161809951237024,0.019302589538850088,0.03352157161559571,0.025641147260859785,,,,,-0.006947046267185786,-0.016229345816895724,,,,,,,0.23827392120075053,,0.8121883054006924,-0.01952910525542595,-0.052891395194557655,-0.03102448500381505,,,,0.3957819802909526,0.2625625980912011,0.2849748348577103,0.21850712976678555,0.2573164428410423,0.17190003738434512,,,,,-0.035261775193565104,-0.05721302821557128,,,,,,,0.48266381106737666,,0.46890599030725855,,,,,,,,0.0,,0.0,,0.0,,,,,,,,,,,,,,,,-0.024664799658580483,-0.046316836560193475,0.0006350803598089705,,,,0.23804151010730357,0.22008746226757686,0.2634662094437892,0.19285772344974497,0.30057273433983966,0.1774464863512742,,,,,-0.026432886949733225,-0.06221470624177816,,,,,,,0.8274088129875605,,0.37991665928958174,0.001425241150365908,-0.005190056612756955,0.015086148429167334,,,,0.08030272911374266,0.0570439126083961,0.08660842098886012,0.06022566420687244,0.09953917868210153,0.055098955465863894,,,,,0.0013617175903231082,-0.017093822116160617,,,,,,,-0.5420841683366733,,1.1586028969743856,0.1017863600213332,0.10551605489553063,-0.38131316948712757,,,-0.0024376652787294617,,0.2691633844459149,,,0.013384362045629095,,,,,,,0.699133848526144,,,-0.018275203317994926,,-0.4807640843189417,,,-0.04273171244905305,,13.35,0.037296037296037365,0.023773006134969465,0.18878005342831683,0.03532513862499531,,,4.58,0.03000000000000025,0.21999999999999975,4.68,0.05999999999999961,0.33999999999999986,-0.1,-0.03,-0.12000000000000001,,,,,,,4.44,-0.0699999999999994,0.14000000000000057,-0.09999999999999964,,0.09362774609814573,0.029822997212140434,0.010600178843827246,0,0.0,0.0,0.0,1.0,1.0,1.0,0.0,0.0,0.0,0.0,0.0,0.0,1.0,1.0,1.0,1.0,0.0,0.0,1.0,1.0,1.0,1.0,1.0,1.0,0.0,1.0,0.0,0.0,0.0,0.0,1.0,1.0,1.0,0.0,0.0,0.0,0.0,0.0,0.0,1.0,1.0,1.0,1.0,0.0,0.0,1.0,1.0,1.0,1.0,1.0,1.0,0.0,1.0,0.0,0.0,0.0,0.0,1.0,1.0,1.0,0.0,0.0,0.0,0.0,0.0,0.0,1.0,1.0,1.0,1.0,0.0,0.0,1.0,1.0,1.0,1.0,1.0,1.0,0.0,1.0,0.0,0.0,0.0,0.0,1.0,1.0,1.0,0.0,0.0,0.0,0.0,0.0,0.0,1.0,1.0,1.0,1.0,0.0,0.0,1.0,1.0,1.0,1.0,1.0,1.0,0.0,1.0,0.0,0.0,0.0,0.0,1.0,1.0,1.0,0.0,0.0,0.0,0.0,0.0,0.0,1.0,1.0,1.0,1.0,0.0,0.0,1.0,1.0,1.0,1.0,1.0,1.0,0.0,1.0,0.0,0.0,0.0,0.0,1.0,1.0,1.0,0.0,0.0,0.0,0.0,0.0,0.0,1.0,1.0,1.0,1.0,0.0,0.0,1.0,1.0,1.0,1.0,1.0,1.0,0.0,1.0,0.0,1.0,1.0,1.0,1.0,1.0,1.0,1.0,0.0,1.0,0.0,1.0,0.0,1.0,1.0,1.0,1.0,1.0,1.0,1.0,1.0,1.0,1.0,1.0,1.0,1.0,1.0,1.0,0.0,0.0,0.0,1.0,1.0,1.0,0.0,0.0,0.0,0.0,0.0,0.0,1.0,1.0,1.0,1.0,0.0,0.0,1.0,1.0,1.0,1.0,1.0,1.0,0.0,1.0,0.0,0.0,0.0,0.0,1.0,1.0,1.0,0.0,0.0,0.0,0.0,0.0,0.0,1.0,1.0,1.0,1.0,0.0,0.0,1.0,1.0,1.0,1.0,1.0,1.0,0.0,1.0,0.0,0.0,0.0,0.0,1.0,1.0,0.0,1.0,0.0,1.0,1.0,0.0,1.0,1.0,1.0,1.0,1.0,1.0,0.0,1.0,1.0,0.0,1.0,0.0,1.0,1.0,0.0,1.0,0.0,0.0,0.0,0.0,1.0,1.0,0.0,0.0,0.0,0.0,0.0,0.0,0.0,0.0
2006-02-14,0.010600178843827246,0.01809095625291346,-0.004519231865299789,,,,0.09326116272372492,0.015141175747190051,0.11798490180300285,0.06732455479391143,0.11802610230264972,0.0796285880135106,,,,,0.005494017079136659,-0.0061458103065180625,,,,,,,0.27744456038006904,,0.3988542870694696,0.010126179088669307,0.006644777350862663,-0.04215469866740129,,,,0.17508562142522532,0.09231339925401429,0.16003531885505148,0.10137630127884405,0.1742356797807056,0.12637989255720394,,,,,-0.011945912187442342,-0.03809968608674752,,,,,,,0.08031078589668716,,0.39554841242086625,0.011596920351416573,0.003930244017066098,0.02141933657763362,,,,0.12413706596478143,0.04790485128220421,0.1608799567207691,0.09832055783208754,0.1497701456229929,0.08165049625424452,,,,,-0.00038410342535488695,-0.021477176617115012,,,,,,,0.10184824647108437,,0.284205272783073,-0.0035437950582241085,-0.006733114100133442,-0.023045348781664088,,,,0.061394052117299494,0.037665601170033,0.0667193671933718,0.035259201527454,0.06510716401276341,0.04556685340401212,,,,,-0.008633602085253878,-0.022728118596216595,,,,,,,1.9807486631016045,,0.8567830450665281,-0.0014522331023850699,-0.003983828837603287,-0.017308769326402684,,,,0.023317703640187735,0.01939541667271685,0.02872693201625041,0.01872393575134546,0.03280927987167498,0.02524866441864025,,,,,-0.007522466183327636,-0.0176580101260555,,,,,,,-0.6630244755244755,,0.8024089584014316,0.014333589729460527,-0.0020145933833025653,-0.01393406924455809,,,,0.3393261104935791,0.1969431699560559,0.3008451559820522,0.21850712976678555,0.26322230356695736,0.1731387008302369,,,,,-0.020756559795044982,-0.04369950655973287,,,,,,,-0.6458831836190326,,0.4739290893424199,,,,,,,,0.0,,0.0,,0.0,,,,,,,,,,,,,,,,0.025288536341092183,0.004145387700952963,0.04418100093354549,,,,0.2820424802887528,0.1748768439751481,0.3011045593461267,0.19285772344974497,0.30538086031878475,0.174886466781865,,,,,-0.003916275860769036,-0.03849948876043141,,,,,,,0.15426391067206624,,0.2927897331584766,0.005533622134769933,0.008243751408642863,0.024815031445729385,,,,0.06270488833001535,0.03158371371312389,0.09105936421633569,0.06022566420687244,0.0992360957763055,0.05513142575235618,,,,,0.005676889273266816,-0.011654790733820586,,,,,,,-0.28321167883211684,,1.1562840387477995,0.10577809546623926,0.10856279316351707,-0.4008228703967307,,,0.0185261169163643,,0.31894313196829127,,,0.0094148373792583,,,,,,,0.7309144570093321,,,-0.04870023279884528,,-0.4944405902956045,,,-0.019109349885737204,,12.25,-0.08239700374531833,-0.09860191317144962,0.028547439126784147,-0.05123339658444026,,,4.62,0.04999999999999982,0.28000000000000025,4.69,0.08000000000000007,0.3600000000000003,-0.07,-0.030000000000000006,-0.08,,,,,,,4.45,-0.019999999999999574,0.1299999999999999,-0.07000000000000028,,0.0881286314213603,0.023561285384044783,0.003521922163256086,0,0.0,0.0,0.0,1.0,1.0,1.0,0.0,0.0,0.0,0.0,0.0,0.0,1.0,1.0,1.0,1.0,0.0,0.0,1.0,1.0,1.0,1.0,1.0,1.0,0.0,1.0,0.0,0.0,0.0,0.0,1.0,1.0,1.0,0.0,0.0,0.0,0.0,0.0,0.0,1.0,1.0,1.0,1.0,0.0,0.0,1.0,1.0,1.0,1.0,1.0,1.0,0.0,1.0,0.0,0.0,0.0,0.0,1.0,1.0,1.0,0.0,0.0,0.0,0.0,0.0,0.0,1.0,1.0,1.0,1.0,0.0,0.0,1.0,1.0,1.0,1.0,1.0,1.0,0.0,1.0,0.0,0.0,0.0,0.0,1.0,1.0,1.0,0.0,0.0,0.0,0.0,0.0,0.0,1.0,1.0,1.0,1.0,0.0,0.0,1.0,1.0,1.0,1.0,1.0,1.0,0.0,1.0,0.0,0.0,0.0,0.0,1.0,1.0,1.0,0.0,0.0,0.0,0.0,0.0,0.0,1.0,1.0,1.0,1.0,0.0,0.0,1.0,1.0,1.0,1.0,1.0,1.0,0.0,1.0,0.0,0.0,0.0,0.0,1.0,1.0,1.0,0.0,0.0,0.0,0.0,0.0,0.0,1.0,1.0,1.0,1.0,0.0,0.0,1.0,1.0,1.0,1.0,1.0,1.0,0.0,1.0,0.0,1.0,1.0,1.0,1.0,1.0,1.0,1.0,0.0,1.0,0.0,1.0,0.0,1.0,1.0,1.0,1.0,1.0,1.0,1.0,1.0,1.0,1.0,1.0,1.0,1.0,1.0,1.0,0.0,0.0,0.0,1.0,1.0,1.0,0.0,0.0,0.0,0.0,0.0,0.0,1.0,1.0,1.0,1.0,0.0,0.0,1.0,1.0,1.0,1.0,1.0,1.0,0.0,1.0,0.0,0.0,0.0,0.0,1.0,1.0,1.0,0.0,0.0,0.0,0.0,0.0,0.0,1.0,1.0,1.0,1.0,0.0,0.0,1.0,1.0,1.0,1.0,1.0,1.0,0.0,1.0,0.0,0.0,0.0,0.0,1.0,1.0,0.0,1.0,0.0,1.0,1.0,0.0,1.0,1.0,1.0,1.0,1.0,1.0,0.0,1.0,1.0,0.0,1.0,0.0,1.0,1.0,0.0,1.0,0.0,0.0,0.0,0.0,1.0,1.0,0.0,0.0,0.0,0.0,0.0,0.0,0.0,0.0
2006-02-15,0.003521922163256086,0.012477474824185597,0.0029729087201102455,,,,0.08022107572081116,0.015141175747190051,0.11365051513747014,0.06732455479391143,0.11786233605373106,0.08021381565720927,,,,,0.008884416222522562,-0.002645533208791684,,,,,,,0.4383732005883323,,0.39117603979891535,0.006357055662943756,0.0014602754903252357,-0.0248758622665588,,,,0.15930526531968664,0.09231339925401429,0.16361629977770906,0.10137630127884405,0.17301221102086933,0.12561139760278411,,,,,-0.004402083237871168,-0.03198483224899795,,,,,,,0.026098959155935297,,0.3823726444882225,0.008807557683174982,0.006415656267041214,0.03262789656698195,,,,0.13204307796481177,0.04790485128220421,0.15796308658156194,0.09832055783208754,0.15167135681978364,0.08243583739612477,,,,,0.006816062083709662,-0.012858780405866854,,,,,,,0.13472638087249256,,0.285081347048338,0.002445109494575437,-0.001992076037395374,-0.02033858184021453,,,,0.06580991805772154,0.040960826715836354,0.06575851134373052,0.03545119667955032,0.06631083644554824,0.04575941489113502,,,,,-0.005183354261290685,-0.02002067859813994,,,,,,,1.7523882307986245,,0.8549672282995211,0.0018178529267949273,-0.001570394518783269,-0.015872256864649437,,,,0.029969939955126923,0.02059248674883321,0.02771022418167142,0.01555550552032693,0.03392544190268581,0.02524866441864025,,,,,-0.004920432071767511,-0.015054580815584861,,,,,,,0.2129032258064516,,0.8003916528111731,-0.013397014763206982,-0.01951492748109762,-0.005733334104691901,,,,0.3473427123047681,0.18093238240993997,0.3034620082321835,0.21314680215554638,0.2559719995603627,0.1657901772621957,,,,,-0.03360630698621658,-0.05651107838841429,,,,,,,-0.10454063505645561,,0.4780794201431174,,,,,,,,0.0,,0.0,,0.0,,,,,,,,,,,,,,,,-0.005160276250740448,-0.004132361735476153,0.03935278838882139,,,,0.28394856578414973,0.16874031963281627,0.3005277968680706,0.1882260981176472,0.30636601179997375,0.17358055924465512,,,,,-0.010911866646793111,-0.04346109701365575,,,,,,,0.4345229892976896,,0.29771157181831565,0.008805141420899165,0.0216565833437814,0.0340051390896432,,,,0.05091191479199408,0.0,0.09973458768136112,0.06022566420687244,0.10258497666511639,0.05520337160725655,,,,,0.012842355917814796,-0.002952271393563799,,,,,,,9.343696027633852,,1.2748544333411835,0.10331630711689055,0.10492415369026228,-0.3677082460414099,,,0.023311490560324777,,0.27090831139467725,,,0.008706242824802146,,,,,,,0.7159714301168857,,,-0.036379879668711146,,-0.44729270294254964,,,-0.00453728042634427,,12.31,0.004897959183673528,-0.040530007794232215,0.004897959183673528,-0.04680785163962986,,,4.61,0.05000000000000071,0.27000000000000046,4.71,0.07000000000000028,0.3799999999999999,-0.1,-0.020000000000000004,-0.11,,,,,,,4.5,0.019999999999999574,0.2599999999999998,-0.09999999999999964,,0.08776463405369196,0.0220751685387528,0.007488430911494648,0,0.0,0.0,0.0,1.0,1.0,1.0,0.0,0.0,0.0,0.0,0.0,0.0,1.0,1.0,1.0,1.0,0.0,0.0,1.0,1.0,1.0,1.0,1.0,1.0,0.0,1.0,0.0,0.0,0.0,0.0,1.0,1.0,1.0,0.0,0.0,0.0,0.0,0.0,0.0,1.0,1.0,1.0,1.0,0.0,0.0,1.0,1.0,1.0,1.0,1.0,1.0,0.0,1.0,0.0,0.0,0.0,0.0,1.0,1.0,1.0,0.0,0.0,0.0,0.0,0.0,0.0,1.0,1.0,1.0,1.0,0.0,0.0,1.0,1.0,1.0,1.0,1.0,1.0,0.0,1.0,0.0,0.0,0.0,0.0,1.0,1.0,1.0,0.0,0.0,0.0,0.0,0.0,0.0,1.0,1.0,1.0,1.0,0.0,0.0,1.0,1.0,1.0,1.0,1.0,1.0,0.0,1.0,0.0,0.0,0.0,0.0,1.0,1.0,1.0,0.0,0.0,0.0,0.0,0.0,0.0,1.0,1.0,1.0,1.0,0.0,0.0,1.0,1.0,1.0,1.0,1.0,1.0,0.0,1.0,0.0,0.0,0.0,0.0,1.0,1.0,1.0,0.0,0.0,0.0,0.0,0.0,0.0,1.0,1.0,1.0,1.0,0.0,0.0,1.0,1.0,1.0,1.0,1.0,1.0,0.0,1.0,0.0,1.0,1.0,1.0,1.0,1.0,1.0,1.0,0.0,1.0,0.0,1.0,0.0,1.0,1.0,1.0,1.0,1.0,1.0,1.0,1.0,1.0,1.0,1.0,1.0,1.0,1.0,1.0,0.0,0.0,0.0,1.0,1.0,1.0,0.0,0.0,0.0,0.0,0.0,0.0,1.0,1.0,1.0,1.0,0.0,0.0,1.0,1.0,1.0,1.0,1.0,1.0,0.0,1.0,0.0,0.0,0.0,0.0,1.0,1.0,1.0,0.0,0.0,0.0,0.0,0.0,0.0,1.0,1.0,1.0,1.0,0.0,0.0,1.0,1.0,1.0,1.0,1.0,1.0,0.0,1.0,0.0,0.0,0.0,0.0,1.0,1.0,0.0,1.0,0.0,1.0,1.0,0.0,1.0,1.0,1.0,1.0,1.0,1.0,0.0,1.0,1.0,0.0,1.0,0.0,1.0,1.0,0.0,1.0,0.0,0.0,0.0,0.0,1.0,1.0,0.0,0.0,0.0,0.0,0.0,0.0,0.0,0.0
2006-02-16,0.007488430911494648,0.021753896866726352,0.00662426341172373,,,,0.07661796991852379,0.012899648364816314,0.0989608938222285,0.047247734290597976,0.12005196831234762,0.08021381565720927,,,,,0.016099550421856623,0.0,,,,,,,-0.016210037195699023,,0.39807136685756705,0.009232106971920784,0.020388463177686056,-0.02304801266987888,,,,0.14094515585853815,0.08193331432662464,0.14961548411559603,0.08192043062567483,0.17436590103213073,0.12561139760278411,,,,,0.005981710262475515,-0.015406652074858473,,,,,,,0.32790033421383047,,0.3830719604161821,0.008868768492161339,0.020608148265217396,0.02535208495725505,,,,0.1262260300641819,0.045650689799612836,0.14431062234091227,0.08183553473185198,0.1447511791348019,0.08243583739612477,,,,,0.014471380821778679,-0.0041040534602166945,,,,,,,-0.08719429060942796,,0.29205351785849526,0.0002223917325330227,-0.006276709722086937,-0.01724854589505387,,,,0.05093895352407938,0.040960826715836354,0.06508270157215895,0.03545119667955032,0.06605614665584233,0.04631562039596709,,,,,-0.004092479431564877,-0.01980273929900689,,,,,,,-0.6177626876340243,,0.8615654955115697,-0.00048502534216265936,-0.0030174546631365207,-0.013891986967631609,,,,0.02775571988564547,0.019562562735412393,0.02772834469860724,0.015074180911319728,0.0333384070797019,0.024973244197415118,,,,,-0.004705788845057346,-0.015532304304536448,,,,,,,1.5693581780538302,,0.8446429770244371,0.014136944939711071,-0.02954787893191191,-0.019248060656362642,,,,0.2989125363206605,0.18093238240993997,0.3152965720026354,0.21314680215554638,0.2402343978392735,0.1657901772621957,,,,,-0.01900100652999559,-0.043173027452363955,,,,,,,0.05472420885777374,,0.4781092294917338,,,,,,,,0.0,,0.0,,0.0,,,,,,,,,,,,,,,,0.025933961603286315,0.019062574009127475,0.032898457688324,,,,0.34238789759605354,0.16874031963281627,0.30807755753062266,0.1698148707676045,0.29901155466966894,0.17358055924465512,,,,,0.013101930704964238,-0.018654253831558276,,,,,,,0.10741462801081703,,0.3231003499409834,0.006701331419367129,0.02361271376378804,0.028011587837797114,,,,0.053780826345355796,0.0,0.09756427012775049,0.056720799239158834,0.09633762527235008,0.05520337160725655,,,,,0.01821528443893783,0.0,,,,,,,0.6567505720823799,,1.3652930165910058,0.1034934165066041,0.10426892011397412,-0.3363756013457747,,,0.023872809306777598,,0.2856987225732132,,,0.025872324068086372,,,,,,,0.744751745851521,,,-0.02627419427660027,,-0.4119346812697907,,,-0.005799466774825013,,11.48,-0.0674248578391552,-0.12499999999999989,-0.04173622704507507,-0.10935257380038022,,,4.59,0.04999999999999982,0.20999999999999996,4.69,0.03000000000000025,0.3200000000000003,-0.1,0.01999999999999999,-0.11,,,,,,,4.48,-0.03999999999999915,0.25,-0.10000000000000053,,0.0844773456825837,0.015325441035225262,-0.002709885027016523,0,0.0,0.0,0.0,1.0,1.0,1.0,0.0,0.0,0.0,0.0,0.0,0.0,1.0,1.0,1.0,1.0,0.0,0.0,1.0,1.0,1.0,1.0,1.0,1.0,0.0,1.0,0.0,0.0,0.0,0.0,1.0,1.0,1.0,0.0,0.0,0.0,0.0,0.0,0.0,1.0,1.0,1.0,1.0,0.0,0.0,1.0,1.0,1.0,1.0,1.0,1.0,0.0,1.0,0.0,0.0,0.0,0.0,1.0,1.0,1.0,0.0,0.0,0.0,0.0,0.0,0.0,1.0,1.0,1.0,1.0,0.0,0.0,1.0,1.0,1.0,1.0,1.0,1.0,0.0,1.0,0.0,0.0,0.0,0.0,1.0,1.0,1.0,0.0,0.0,0.0,0.0,0.0,0.0,1.0,1.0,1.0,1.0,0.0,0.0,1.0,1.0,1.0,1.0,1.0,1.0,0.0,1.0,0.0,0.0,0.0,0.0,1.0,1.0,1.0,0.0,0.0,0.0,0.0,0.0,0.0,1.0,1.0,1.0,1.0,0.0,0.0,1.0,1.0,1.0,1.0,1.0,1.0,0.0,1.0,0.0,0.0,0.0,0.0,1.0,1.0,1.0,0.0,0.0,0.0,0.0,0.0,0.0,1.0,1.0,1.0,1.0,0.0,0.0,1.0,1.0,1.0,1.0,1.0,1.0,0.0,1.0,0.0,1.0,1.0,1.0,1.0,1.0,1.0,1.0,0.0,1.0,0.0,1.0,0.0,1.0,1.0,1.0,1.0,1.0,1.0,1.0,1.0,1.0,1.0,1.0,1.0,1.0,1.0,1.0,0.0,0.0,0.0,1.0,1.0,1.0,0.0,0.0,0.0,0.0,0.0,0.0,1.0,1.0,1.0,1.0,0.0,0.0,1.0,1.0,1.0,1.0,1.0,1.0,0.0,1.0,0.0,0.0,0.0,0.0,1.0,1.0,1.0,0.0,0.0,0.0,0.0,0.0,0.0,1.0,1.0,1.0,1.0,0.0,0.0,1.0,1.0,1.0,1.0,1.0,1.0,0.0,1.0,0.0,0.0,0.0,0.0,1.0,1.0,0.0,1.0,0.0,1.0,1.0,0.0,1.0,1.0,1.0,1.0,1.0,1.0,0.0,1.0,1.0,0.0,1.0,0.0,1.0,1.0,0.0,1.0,0.0,0.0,0.0,0.0,1.0,1.0,0.0,0.0,0.0,0.0,0.0,0.0,0.0,0.0
2006-02-17,-0.002709885027016523,0.017135213822633277,0.022544685037915402,,,,0.09123931071524614,0.020328937379367883,0.09522554809265864,0.04416405979979023,0.09857177685648391,0.055059568250325736,,,,,0.012215297996329033,-0.002709885027016523,,,,,,,-0.3746176872266842,,0.3982376466844661,-0.00794423938707245,0.0061034788118714545,-0.0009694360956510328,,,,0.16179649826879866,0.08717585181577696,0.14053674335758273,0.07172319751458145,0.139324197323647,0.08348520677982352,,,,,-0.0019617229366332145,-0.023228497329694897,,,,,,,-0.20283224422110846,,0.36495881701475397,-0.002060380239104709,0.020651718355613857,0.03504757882642684,,,,0.12609454630058642,0.04563053217449336,0.1435898146227775,0.0820788545819877,0.13744814025127414,0.07659674642757068,,,,,0.01064892794805039,-0.006155977788671829,,,,,,,-0.4397876359181173,,0.29440324471877277,0.007978330036422898,0.007197489309624494,-0.011982402052336694,,,,0.06711167389410479,0.02520313295122501,0.06783391266988482,0.03545119667955032,0.07221869198442585,0.04631562039596709,,,,,0.004464639771062151,-0.011661839095514881,,,,,,,-0.2202558635394456,,0.8614135628915515,0.0033903171632296836,0.0032676812751302187,-0.012194646579174906,,,,0.03071298317459443,0.010027073879409886,0.02897390004793678,0.015074180911319728,0.03544815893268983,0.024973244197415118,,,,,-0.0007154290598194724,-0.011959671133171201,,,,,,,0.935860058309038,,0.8461004860917215,0.008070407612154273,0.003102722506017175,-0.004347856433870367,,,,0.2551285388775764,0.14855710172785064,0.32020673216545315,0.2195287750723752,0.2411431072090684,0.1671301892066125,,,,,-0.010870369888393072,-0.035451043769601065,,,,,,,-0.09273206117451371,,0.47836719963749524,,,,,,,,0.0,,0.0,,0.0,,,,,,,,,,,,,,,,-0.0013146898980871402,0.019298034034255007,0.06318635053547061,,,,0.3421654652940824,0.16916112699830985,0.297822595722791,0.16785526238409593,0.27481984964776923,0.15035101919774568,,,,,0.008737216098610778,-0.019944419170576655,,,,,,,-0.4006118806832668,,0.33572069545299005,0.010682960418486376,0.033565499641893703,0.04918013096456053,,,,0.05548703593397814,0.0,0.09102230467084459,0.0432767234022719,0.09216169940593588,0.04714494908311204,,,,,0.026616713311966356,0.0,,,,,,,-0.8496801705756929,,1.3658515474760455,0.0962468477213246,0.10225355664433289,-0.311555392753071,,,0.034527087090252095,,0.25966245078793826,,,0.02689254147178577,,,,,,,0.68961932051362,,,-0.04064166549755521,,-0.42474289127872894,,,0.01101296595668566,,12.01,0.04616724738675959,-0.06682206682206682,-0.17513736263736268,-0.05892493339601945,,,4.54,-0.04999999999999982,0.16999999999999993,4.66,-0.03000000000000025,0.29000000000000004,-0.12,-0.01999999999999999,-0.12,,,,,,,4.48,-0.02999999999999936,0.2400000000000002,-0.1200000000000001,,0.08396416518609877,0.01644794378118508,-0.0024841792095176007,0,0.0,0.0,0.0,1.0,1.0,1.0,0.0,0.0,0.0,0.0,0.0,0.0,1.0,1.0,1.0,1.0,0.0,0.0,1.0,1.0,1.0,1.0,1.0,1.0,0.0,1.0,0.0,0.0,0.0,0.0,1.0,1.0,1.0,0.0,0.0,0.0,0.0,0.0,0.0,1.0,1.0,1.0,1.0,0.0,0.0,1.0,1.0,1.0,1.0,1.0,1.0,0.0,1.0,0.0,0.0,0.0,0.0,1.0,1.0,1.0,0.0,0.0,0.0,0.0,0.0,0.0,1.0,1.0,1.0,1.0,0.0,0.0,1.0,1.0,1.0,1.0,1.0,1.0,0.0,1.0,0.0,0.0,0.0,0.0,1.0,1.0,1.0,0.0,0.0,0.0,0.0,0.0,0.0,1.0,1.0,1.0,1.0,0.0,0.0,1.0,1.0,1.0,1.0,1.0,1.0,0.0,1.0,0.0,0.0,0.0,0.0,1.0,1.0,1.0,0.0,0.0,0.0,0.0,0.0,0.0,1.0,1.0,1.0,1.0,0.0,0.0,1.0,1.0,1.0,1.0,1.0,1.0,0.0,1.0,0.0,0.0,0.0,0.0,1.0,1.0,1.0,0.0,0.0,0.0,0.0,0.0,0.0,1.0,1.0,1.0,1.0,0.0,0.0,1.0,1.0,1.0,1.0,1.0,1.0,0.0,1.0,0.0,1.0,1.0,1.0,1.0,1.0,1.0,1.0,0.0,1.0,0.0,1.0,0.0,1.0,1.0,1.0,1.0,1.0,1.0,1.0,1.0,1.0,1.0,1.0,1.0,1.0,1.0,1.0,0.0,0.0,0.0,1.0,1.0,1.0,0.0,0.0,0.0,0.0,0.0,0.0,1.0,1.0,1.0,1.0,0.0,0.0,1.0,1.0,1.0,1.0,1.0,1.0,0.0,1.0,0.0,0.0,0.0,0.0,1.0,1.0,1.0,0.0,0.0,0.0,0.0,0.0,0.0,1.0,1.0,1.0,1.0,0.0,0.0,1.0,1.0,1.0,1.0,1.0,1.0,0.0,1.0,0.0,0.0,0.0,0.0,1.0,1.0,0.0,1.0,0.0,1.0,1.0,0.0,1.0,1.0,1.0,1.0,1.0,1.0,0.0,1.0,1.0,0.0,1.0,0.0,1.0,1.0,0.0,1.0,0.0,0.0,0.0,0.0,1.0,1.0,0.0,0.0,0.0,0.0,0.0,0.0,0.0,0.0
2006-02-21,-0.0024841792095176007,0.01645371977626997,0.01637388257686001,,,,0.0937425343428936,0.02264581385486289,0.09770420795079766,0.04354722731091196,0.09891661911652701,0.05457145364588241,,,,,0.008880232429442803,-0.005187332396489719,,,,,,,-0.11188196227396208,,0.38320755662526007,-0.011162203016343963,0.006421538561579343,-0.012360261607511025,,,,0.16023432591167877,0.08544288534121927,0.15234601164099806,0.08085385296527915,0.14484354237912136,0.08629053028825509,,,,,-0.012492194423068925,-0.034131419143080155,,,,,,,0.20466683936576957,,0.34689455654266016,-0.004404374301545166,0.02291076349050636,0.027269231156322293,,,,0.11472477632139864,0.031096351432036366,0.13913909014210962,0.08019131536396144,0.13902318437686603,0.07604710373587853,,,,,0.00485567313472246,-0.010533238859843586,,,,,,,-0.28897916701640114,,0.2895369803432845,-0.0016488195568058472,0.00542555931935218,-0.013291430383951641,,,,0.07038410331149378,0.02499626104173548,0.06747918929469056,0.034298494992300255,0.07230420296097681,0.04589772960065055,,,,,0.003486228655347423,-0.008458639015448632,,,,,,,0.9812528577960677,,0.8686421911114268,-0.0012056535139810531,0.002058088069737396,-0.013150905427624426,,,,0.03340382296058455,0.010722043966294616,0.02870708550461385,0.01483662142871307,0.03547873830174143,0.02472371689678602,,,,,-0.001256026942859867,-0.011506763546136334,,,,,,,1.4878787878787878,,0.845786810969235,0.002911205423533403,0.026061014135682736,-0.011655038919556215,,,,0.18138073384016587,0.09575220851820075,0.319674590363534,0.2195287750723752,0.23829344939236163,0.1671301892066125,,,,,-0.007410232218591606,-0.03264304361695969,,,,,,,-0.34556598801460114,,0.47234990332667387,,,,,,,,0.0,,0.0,,0.0,,,,,,,,,,,,,,,,-0.00880829970170971,0.03586925921616668,0.024058637894779134,,,,0.2677132188798891,0.06134351171316556,0.2759910585903351,0.16490973114518284,0.26037030692564217,0.14954800225562548,,,,,-0.001320989133338224,-0.02857704245085546,,,,,,,-0.26492373722223506,,0.3476984501385097,-0.0012252917776727212,0.030829899142211126,0.043200212157625595,,,,0.0718481066047868,0.008704042282510998,0.09328712966958864,0.04273175556272915,0.09267491331415677,0.0468456564629556,,,,,0.023186512853627494,-0.0012252917776727212,,,,,,,0.33916849015317285,,1.3655232940559738,0.09729070545560996,0.103133548779974,-0.30492462844111956,,,0.02966531296081165,,0.23998937669834544,,,0.028028921496416226,,,,,,,0.7100722418875844,,,-0.007684755317919123,,-0.39419253637527624,,,0.0009311687764406162,,12.41,0.033305578684429626,-0.07041198501872659,-0.10911701363962667,-0.02175626675074882,,,4.57,-0.009999999999999787,0.20999999999999996,4.71,0.03000000000000025,0.3600000000000003,-0.14,-0.04000000000000001,-0.15000000000000002,,,,,,,4.54,0.09999999999999964,0.28000000000000025,-0.13999999999999968,,0.08699791209007865,0.012571974062039803,0.006071182852994461,0,0.0,0.0,0.0,1.0,1.0,1.0,0.0,0.0,0.0,0.0,0.0,0.0,1.0,1.0,1.0,1.0,0.0,0.0,1.0,1.0,1.0,1.0,1.0,1.0,0.0,1.0,0.0,0.0,0.0,0.0,1.0,1.0,1.0,0.0,0.0,0.0,0.0,0.0,0.0,1.0,1.0,1.0,1.0,0.0,0.0,1.0,1.0,1.0,1.0,1.0,1.0,0.0,1.0,0.0,0.0,0.0,0.0,1.0,1.0,1.0,0.0,0.0,0.0,0.0,0.0,0.0,1.0,1.0,1.0,1.0,0.0,0.0,1.0,1.0,1.0,1.0,1.0,1.0,0.0,1.0,0.0,0.0,0.0,0.0,1.0,1.0,1.0,0.0,0.0,0.0,0.0,0.0,0.0,1.0,1.0,1.0,1.0,0.0,0.0,1.0,1.0,1.0,1.0,1.0,1.0,0.0,1.0,0.0,0.0,0.0,0.0,1.0,1.0,1.0,0.0,0.0,0.0,0.0,0.0,0.0,1.0,1.0,1.0,1.0,0.0,0.0,1.0,1.0,1.0,1.0,1.0,1.0,0.0,1.0,0.0,0.0,0.0,0.0,1.0,1.0,1.0,0.0,0.0,0.0,0.0,0.0,0.0,1.0,1.0,1.0,1.0,0.0,0.0,1.0,1.0,1.0,1.0,1.0,1.0,0.0,1.0,0.0,1.0,1.0,1.0,1.0,1.0,1.0,1.0,0.0,1.0,0.0,1.0,0.0,1.0,1.0,1.0,1.0,1.0,1.0,1.0,1.0,1.0,1.0,1.0,1.0,1.0,1.0,1.0,0.0,0.0,0.0,1.0,1.0,1.0,0.0,0.0,0.0,0.0,0.0,0.0,1.0,1.0,1.0,1.0,0.0,0.0,1.0,1.0,1.0,1.0,1.0,1.0,0.0,1.0,0.0,0.0,0.0,0.0,1.0,1.0,1.0,0.0,0.0,0.0,0.0,0.0,0.0,1.0,1.0,1.0,1.0,0.0,0.0,1.0,1.0,1.0,1.0,1.0,1.0,0.0,1.0,0.0,0.0,0.0,0.0,1.0,1.0,0.0,1.0,0.0,1.0,1.0,0.0,1.0,1.0,1.0,1.0,1.0,1.0,0.0,1.0,1.0,0.0,1.0,0.0,1.0,1.0,0.0,1.0,0.0,0.0,0.0,0.0,1.0,1.0,0.0,0.0,0.0,0.0,0.0,0.0,0.0,0.0
2006-02-22,0.006071182852994461,0.011898491192201766,0.02149401181008126,,,,0.07539348196659207,0.02264581385486289,0.08059865334539902,0.018388543219543738,0.10065493319784176,0.05457145364588241,,,,,0.013922587297930056,0.0,,,,,,,-0.534689394972099,,0.38030273700186573,0.012514949659304886,0.008801548309607776,-0.004344342151781477,,,,0.1690378036513709,0.08544288534121927,0.16228590944244647,0.08391632948691703,0.1512278961946873,0.08629053028825509,,,,,8.457024688257597e-05,-0.022043622476151548,,,,,,,-0.024977660660396417,,0.3377455486838733,0.006774501397414756,0.018034409920355765,0.02275337789532883,,,,0.10048938491509181,0.031096351432036366,0.10900424148609819,0.040052226946265014,0.13573984468059136,0.07604710373587853,,,,,0.01052589167816853,-0.0038300949038042598,,,,,,,-0.37779242403219093,,0.2950083767553362,0.006828876575154963,0.015891597994112994,-0.0016875254421240271,,,,0.06568562926879568,0.011715118369590993,0.07080363345579271,0.030938984592686174,0.07511607748815317,0.0452594296870154,,,,,0.010425195225008954,0.0,,,,,,,-0.33141968664035404,,0.8469848406699534,0.0037439229903817317,0.007272510866762616,-0.007805920992339899,,,,0.03541466133212867,0.008394252977842012,0.033951300011633795,0.01511181886320785,0.038505773343518346,0.025038780143680304,,,,,0.002878672208916244,-0.0016266246305504106,,,,,,,0.5006485084306096,,0.8489529476706753,0.003991313950767461,0.015599164028966994,-0.00699801530328148,,,,0.16266289163537434,0.09575220851820075,0.2525688293309302,0.15509475392755004,0.23884268702173844,0.16743489705295497,,,,,-0.0030984313521276174,-0.028782018301576007,,,,,,,0.06222653004707834,,0.4659280524704187,,,,,,,,0.0,,0.0,,0.0,,,,,,,,,,,,,,,,0.005413873470319741,0.015789494764114842,0.013697309993379259,,,,0.21626241204832775,0.06134351171316556,0.23772516361091864,0.12495861129643852,0.2553754787399732,0.14954800225562548,,,,,0.0034050509703058562,-0.023317881472520563,,,,,,,-0.4227422985661847,,0.34490828055006156,0.011196098817955358,0.03663482713241706,0.04700623569911255,,,,0.07974425396011194,0.008704042282510998,0.08205514836017977,0.022496678713533686,0.09630796769846132,0.0468456564629556,,,,,0.03224476274498578,0.0,,,,,,,-0.048879837067209775,,1.3592852550705088,0.09791465078440828,0.10360608031828467,-0.22322258381758994,,,0.023181537252205286,,0.2476918512193003,,,0.02849202711336274,,,,,,,0.7224619932881606,,,0.007796701816702001,,-0.22970910129925162,,,-0.00265681670965745,,11.88,-0.04270749395648665,-0.03020408163265298,-0.1074380165289256,-0.05822664394149579,,,4.53,-0.08999999999999986,0.1299999999999999,4.68,-0.010000000000000675,0.3099999999999996,-0.15,-0.07999999999999999,-0.18,,,,,,,4.49,0.040000000000000036,0.20999999999999996,-0.14999999999999947,,0.0870183450973473,0.012596925142858817,-0.001470422828863116,0,0.0,0.0,0.0,1.0,1.0,1.0,0.0,0.0,0.0,0.0,0.0,0.0,1.0,1.0,1.0,1.0,0.0,0.0,1.0,1.0,1.0,1.0,1.0,1.0,0.0,1.0,0.0,0.0,0.0,0.0,1.0,1.0,1.0,0.0,0.0,0.0,0.0,0.0,0.0,1.0,1.0,1.0,1.0,0.0,0.0,1.0,1.0,1.0,1.0,1.0,1.0,0.0,1.0,0.0,0.0,0.0,0.0,1.0,1.0,1.0,0.0,0.0,0.0,0.0,0.0,0.0,1.0,1.0,1.0,1.0,0.0,0.0,1.0,1.0,1.0,1.0,1.0,1.0,0.0,1.0,0.0,0.0,0.0,0.0,1.0,1.0,1.0,0.0,0.0,0.0,0.0,0.0,0.0,1.0,1.0,1.0,1.0,0.0,0.0,1.0,1.0,1.0,1.0,1.0,1.0,0.0,1.0,0.0,0.0,0.0,0.0,1.0,1.0,1.0,0.0,0.0,0.0,0.0,0.0,0.0,1.0,1.0,1.0,1.0,0.0,0.0,1.0,1.0,1.0,1.0,1.0,1.0,0.0,1.0,0.0,0.0,0.0,0.0,1.0,1.0,1.0,0.0,0.0,0.0,0.0,0.0,0.0,1.0,1.0,1.0,1.0,0.0,0.0,1.0,1.0,1.0,1.0,1.0,1.0,0.0,1.0,0.0,1.0,1.0,1.0,1.0,1.0,1.0,1.0,0.0,1.0,0.0,1.0,0.0,1.0,1.0,1.0,1.0,1.0,1.0,1.0,1.0,1.0,1.0,1.0,1.0,1.0,1.0,1.0,0.0,0.0,0.0,1.0,1.0,1.0,0.0,0.0,0.0,0.0,0.0,0.0,1.0,1.0,1.0,1.0,0.0,0.0,1.0,1.0,1.0,1.0,1.0,1.0,0.0,1.0,0.0,0.0,0.0,0.0,1.0,1.0,1.0,0.0,0.0,0.0,0.0,0.0,0.0,1.0,1.0,1.0,1.0,0.0,0.0,1.0,1.0,1.0,1.0,1.0,1.0,0.0,1.0,0.0,0.0,0.0,0.0,1.0,1.0,0.0,1.0,0.0,1.0,1.0,0.0,1.0,1.0,1.0,1.0,1.0,1.0,0.0,1.0,1.0,0.0,1.0,0.0,1.0,1.0,0.0,1.0,0.0,0.0,0.0,0.0,1.0,1.0,0.0,0.0,0.0,0.0,0.0,0.0,0.0,0.0
2006-02-23,-0.001470422828863116,0.006864474243029051,0.019106051069046837,,,,0.07883559605445094,0.020714932956939196,0.07555770554894907,0.017921959914231657,0.10105692338255426,0.05406197521958217,,,,,0.011471759092650968,-0.001470422828863116,,,,,,,-0.491955779308376,,0.36072967912928994,-0.0026652219682559153,-0.0002426448944011783,-0.0026652219682559153,,,,0.16570889435287683,0.07980056281211216,0.153269338265933,0.08136028922229323,0.15073412930851732,0.08648201106341823,,,,,-0.002447930993077385,-0.0246500932975241,,,,,,,-0.2789810339463852,,0.340620762931927,-0.0006865360064424175,0.008453480442353278,0.019473502326941672,,,,0.09173813881131734,0.029642303051319787,0.1072422761528305,0.039213317590338866,0.1357791829875966,0.07572208331151481,,,,,0.008859118074070693,-0.004514001412187052,,,,,,,-0.050356031733210016,,0.30187101907931263,-0.002516624406554868,0.010863308929804694,0.006754213236805473,,,,0.07746050638967725,0.0187741274696878,0.07106514136552661,0.031138555204927563,0.06411726623437679,0.03026981173918916,,,,,0.007541695668246362,-0.002516624406554868,,,,,,,-0.599750104123282,,0.7966439609877445,-0.002406849642008546,0.0030248058056960847,-0.004029559231649271,,,,0.04425921939174711,0.016137291389882468,0.036453397679852194,0.017446580416355183,0.0328386304468066,0.017279933018327844,,,,,0.0006674162707429598,-0.002596151875430275,,,,,,,-0.025265957446808485,,0.8516189642561495,-0.012649092175810561,0.016369067998329045,-0.026718917283718113,,,,0.1578124049741997,0.09037242339646778,0.26135655753435466,0.15486959568458372,0.2408916489361307,0.1677870138998266,,,,,-0.014376695727782662,-0.04106704407488404,,,,,,,-0.495481833856125,,0.40269408450196564,,,,,,,,0.0,,0.0,,0.0,,,,,,,,,,,,,,,,-0.00030491953497668867,0.020747097710062556,0.012866964927113811,,,,0.20704647736448542,0.06054395040326739,0.23788984346645878,0.12468165126624854,0.25539909671766364,0.14939846255172978,,,,,0.002460381617687357,-0.023615690929921995,,,,,,,-0.5460760142166436,,0.3343245586287352,-0.0016684444380271612,0.025872308762385776,0.04459580946335029,,,,0.09891044761116143,0.012833621085756752,0.07448229622892157,0.009832698855420575,0.09717899717074677,0.046506175310312876,,,,,0.028260603778529347,-0.0016684444380271612,,,,,,,-0.9051594590081816,,1.168436628463498,0.0978919997311311,0.10373629786382609,-0.2499955378041755,,,0.012351837832241364,,0.2614723972484377,,,0.04582496835276495,,,,,,,0.7208398478488058,,,0.006239086141933026,,-0.32398510718836004,,,-0.009419435205061388,,11.87,-0.0008417508417509767,-0.035743298131600376,-0.0777000777000777,-0.055274782124238864,,,4.56,-0.05000000000000071,0.0699999999999994,4.72,0.009999999999999787,0.2599999999999998,-0.16,-0.06,-0.19,,,,,,,4.47,-0.03000000000000025,0.10999999999999943,-0.16000000000000014,,0.087236446397287,0.01198830308941301,0.0025569391595807733,0,0.0,0.0,0.0,1.0,1.0,1.0,0.0,0.0,0.0,0.0,0.0,0.0,1.0,1.0,1.0,1.0,0.0,0.0,1.0,1.0,1.0,1.0,1.0,1.0,0.0,1.0,0.0,0.0,0.0,0.0,1.0,1.0,1.0,0.0,0.0,0.0,0.0,0.0,0.0,1.0,1.0,1.0,1.0,0.0,0.0,1.0,1.0,1.0,1.0,1.0,1.0,0.0,1.0,0.0,0.0,0.0,0.0,1.0,1.0,1.0,0.0,0.0,0.0,0.0,0.0,0.0,1.0,1.0,1.0,1.0,0.0,0.0,1.0,1.0,1.0,1.0,1.0,1.0,0.0,1.0,0.0,0.0,0.0,0.0,1.0,1.0,1.0,0.0,0.0,0.0,0.0,0.0,0.0,1.0,1.0,1.0,1.0,0.0,0.0,1.0,1.0,1.0,1.0,1.0,1.0,0.0,1.0,0.0,0.0,0.0,0.0,1.0,1.0,1.0,0.0,0.0,0.0,0.0,0.0,0.0,1.0,1.0,1.0,1.0,0.0,0.0,1.0,1.0,1.0,1.0,1.0,1.0,0.0,1.0,0.0,0.0,0.0,0.0,1.0,1.0,1.0,0.0,0.0,0.0,0.0,0.0,0.0,1.0,1.0,1.0,1.0,0.0,0.0,1.0,1.0,1.0,1.0,1.0,1.0,0.0,1.0,0.0,1.0,1.0,1.0,1.0,1.0,1.0,1.0,0.0,1.0,0.0,1.0,0.0,1.0,1.0,1.0,1.0,1.0,1.0,1.0,1.0,1.0,1.0,1.0,1.0,1.0,1.0,1.0,0.0,0.0,0.0,1.0,1.0,1.0,0.0,0.0,0.0,0.0,0.0,0.0,1.0,1.0,1.0,1.0,0.0,0.0,1.0,1.0,1.0,1.0,1.0,1.0,0.0,1.0,0.0,0.0,0.0,0.0,1.0,1.0,1.0,0.0,0.0,0.0,0.0,0.0,0.0,1.0,1.0,1.0,1.0,0.0,0.0,1.0,1.0,1.0,1.0,1.0,1.0,0.0,1.0,0.0,0.0,0.0,0.0,1.0,1.0,0.0,1.0,0.0,1.0,1.0,0.0,1.0,1.0,1.0,1.0,1.0,1.0,0.0,1.0,1.0,0.0,1.0,0.0,1.0,1.0,0.0,1.0,0.0,0.0,0.0,0.0,1.0,1.0,0.0,0.0,0.0,0.0,0.0,0.0,0.0,0.0
2006-02-24,0.0025569391595807733,0.0019360366573661913,0.016096582803377668,,,,0.0605134523721685,0.020714932956939196,0.07287451787155391,0.018184554644266302,0.09982284112972348,0.05406197521958217,,,,,0.013244178481595537,0.0,,,,,,,-0.39726867034099833,,0.35980264722224053,0.0026723443591487595,-0.006740823930284856,-0.006979357821320753,,,,0.14836452545561954,0.07980056281211216,0.1436852616120013,0.07818294738803441,0.14878451005614257,0.08648201106341823,,,,,0.000569568998997072,-0.022043622476151548,,,,,,,-0.450359908954011,,0.34016079994234283,0.007970125521882032,0.007555207387070162,0.012982143952451786,,,,0.08748441057675238,0.029642303051319787,0.10462705719096918,0.03638142013341057,0.12917438264831763,0.07572208331151481,,,,,0.016237653518506923,0.0,,,,,,,-0.24010547986398645,,0.32120871468401646,-0.0015345980476613175,0.009087627323750569,0.009541022791267117,,,,0.08115026611872797,0.017605600020270205,0.06884192923979252,0.03025168152719012,0.06218774739470556,0.028348180793524122,,,,,0.00551752551094431,-0.004047360447315129,,,,,,,0.13534361851332388,,0.8018092858664162,-0.0012061329402742738,0.002301166013497502,-0.0030823897633309727,,,,0.045652796874215466,0.016005951066306177,0.0367145086896769,0.016850793465413613,0.03225604679460692,0.016723736873691778,,,,,-0.00038506855478848134,-0.003799153511409581,,,,,,,0.38315874294923447,,0.9179519852130738,0.01830161074616421,0.020542900265608344,-0.0042949476356352045,,,,0.17698371987034162,0.09037242339646778,0.24642260834394403,0.15486959568458372,0.2501591835371962,0.16921075913858405,,,,,0.0038791014555470404,-0.023517026383873874,,,,,,,-0.11847637450127924,,0.39538066794567894,,,,,,,,0.0,,0.0,,0.0,,,,,,,,,,,,,,,,0.0019309572564367716,-0.003134553488109648,-0.008647302068291562,,,,0.08362456307200894,0.06054395040326739,0.23784029929444325,0.12468165126624854,0.2409870220039754,0.14939846255172978,,,,,0.004836262111647338,-0.02173033456325213,,,,,,,-0.31515134306320636,,0.3362200775219149,-0.005317288561307643,0.013624813857090468,0.035589957352311075,,,,0.12114921832361797,0.034759638786719366,0.08987703016181205,0.02695408180030174,0.10062436348708273,0.04791460060542045,,,,,0.02099863176586192,-0.006976861398809264,,,,,,,-0.27486187845303867,,1.1684233157022126,0.09742492042970516,0.10301536394639235,-0.22131381451205687,,,0.006555560012110551,,0.28142146052280315,,,0.020391530439012873,,,,,,,0.7156804477998561,,,0.02474388487166923,,-0.2976713082468209,,,-0.01652038061258787,,11.46,-0.034540859309182714,-0.0017421602787456303,-0.07729468599033806,-0.08440858067351098,,,4.58,-0.009999999999999787,0.04999999999999982,4.74,0.04999999999999982,0.25,-0.16,-0.06,-0.2,,,,,,,4.48,0.0,0.11000000000000032,-0.16000000000000014,,0.08693466599584904,0.010182660343973193,0.00038639062345047215,0,0.0,0.0,0.0,1.0,1.0,1.0,0.0,0.0,0.0,0.0,0.0,0.0,1.0,1.0,1.0,1.0,0.0,0.0,1.0,1.0,1.0,1.0,1.0,1.0,0.0,1.0,0.0,0.0,0.0,0.0,1.0,1.0,1.0,0.0,0.0,0.0,0.0,0.0,0.0,1.0,1.0,1.0,1.0,0.0,0.0,1.0,1.0,1.0,1.0,1.0,1.0,0.0,1.0,0.0,0.0,0.0,0.0,1.0,1.0,1.0,0.0,0.0,0.0,0.0,0.0,0.0,1.0,1.0,1.0,1.0,0.0,0.0,1.0,1.0,1.0,1.0,1.0,1.0,0.0,1.0,0.0,0.0,0.0,0.0,1.0,1.0,1.0,0.0,0.0,0.0,0.0,0.0,0.0,1.0,1.0,1.0,1.0,0.0,0.0,1.0,1.0,1.0,1.0,1.0,1.0,0.0,1.0,0.0,0.0,0.0,0.0,1.0,1.0,1.0,0.0,0.0,0.0,0.0,0.0,0.0,1.0,1.0,1.0,1.0,0.0,0.0,1.0,1.0,1.0,1.0,1.0,1.0,0.0,1.0,0.0,0.0,0.0,0.0,1.0,1.0,1.0,0.0,0.0,0.0,0.0,0.0,0.0,1.0,1.0,1.0,1.0,0.0,0.0,1.0,1.0,1.0,1.0,1.0,1.0,0.0,1.0,0.0,1.0,1.0,1.0,1.0,1.0,1.0,1.0,0.0,1.0,0.0,1.0,0.0,1.0,1.0,1.0,1.0,1.0,1.0,1.0,1.0,1.0,1.0,1.0,1.0,1.0,1.0,1.0,0.0,0.0,0.0,1.0,1.0,1.0,0.0,0.0,0.0,0.0,0.0,0.0,1.0,1.0,1.0,1.0,0.0,0.0,1.0,1.0,1.0,1.0,1.0,1.0,0.0,1.0,0.0,0.0,0.0,0.0,1.0,1.0,1.0,0.0,0.0,0.0,0.0,0.0,0.0,1.0,1.0,1.0,1.0,0.0,0.0,1.0,1.0,1.0,1.0,1.0,1.0,0.0,1.0,0.0,0.0,0.0,0.0,1.0,1.0,0.0,1.0,0.0,1.0,1.0,0.0,1.0,1.0,1.0,1.0,1.0,1.0,0.0,1.0,1.0,0.0,1.0,0.0,1.0,1.0,0.0,1.0,0.0,0.0,0.0,0.0,1.0,1.0,0.0,0.0,0.0,0.0,0.0,0.0,0.0,0.0
2006-02-27,0.00038639062345047215,0.005046736449785039,0.007157467033647391,,,,0.05417763847309961,0.01813008274244778,0.07351610665678018,0.018184554644266302,0.09473011103947566,0.05406197521958217,,,,,0.013270731484302134,0.0,,,,,,,-0.11114801723240442,,0.3596306010347696,0.01114954434784643,0.012376121561651576,-0.009261003913213717,,,,0.15626763229796142,0.07716506874004068,0.15031972356506784,0.07818294738803441,0.14616839488657998,0.08648201106341823,,,,,0.012204093416239514,-0.011139854474690125,,,,,,,-0.20576200131588285,,0.34210308564454783,0.0027261656109889287,0.01238787371393113,0.010718019014984037,,,,0.0815866869118417,0.030485844601216512,0.10104474401387535,0.037073947626188604,0.12842500051106692,0.07572208331151481,,,,,0.018457816474763522,0.0,,,,,,,0.17231638418079087,,0.3157185870153817,-0.001647804463833169,-0.000549100901162558,0.00787749658748882,,,,0.061690166710574375,0.014488171272385905,0.06212967447257918,0.02039943709779948,0.06262870683359939,0.027936804574780753,,,,,0.003466964084070323,-0.005688495652536485,,,,,,,-0.389937106918239,,0.7968826737962907,-0.001932987976986933,-0.0030163608330535663,-0.005724797770336187,,,,0.039369031170779084,0.014481376099291012,0.03490895422888952,0.014245175943171769,0.03267576664901426,0.016740234003266193,,,,,-0.0020306745883101884,-0.005536089338168182,,,,,,,0.4442771084337349,,0.9163248745772075,-0.007548493413956692,0.004730752193624399,-0.007370121149379294,,,,0.18920702263465372,0.09289840821403536,0.21177182349608764,0.11878682014027882,0.2510984423696812,0.16917480370411053,,,,,-0.003330035953768684,-0.03088800167905592,,,,,,,-0.4164799348136077,,0.43148902902195496,,,,,,,,0.0,,0.0,,0.0,,,,,,,,,,,,,,,,0.009128717240008521,0.007289823054247746,-0.010935332677029286,,,,0.10745217810968918,0.06230377133545604,0.23991476132267228,0.12584515765432408,0.23961799663399228,0.14939846255172978,,,,,0.014577856155562952,-0.012799987403002255,,,,,,,-0.19419632307765022,,0.3317059698311807,0.0001528103757768573,0.003064013096673035,0.02424545425130953,,,,0.09876414369021273,0.034759638786719366,0.09064270548671026,0.02695408180030174,0.09434947145657478,0.04791460060542045,,,,,0.01992195847153022,-0.006825117159844463,,,,,,,-0.014184397163120588,,1.164779668418655,0.09613523949631124,0.10244389050922409,-0.22212095810676769,,,-0.0007200295538414281,,0.3172571560443897,,,0.014527588183026685,,,,,,,0.6974922718793922,,,0.018092799710676677,,-0.3269520072569881,,,-0.017138500500702536,,11.59,0.011343804537521818,-0.03497085761865115,-0.031746031746031855,-0.07261452290458092,,,4.59,0.04999999999999982,0.07000000000000028,4.74,0.08000000000000007,0.23000000000000043,-0.15,-0.03,-0.16,,,,,,,4.52,0.03999999999999915,0.09999999999999964,-0.15000000000000036,,0.0872150009403408,0.008319683912104692,-0.009501777720480775,0,0.0,0.0,0.0,1.0,1.0,1.0,0.0,0.0,0.0,0.0,0.0,0.0,1.0,1.0,1.0,1.0,0.0,0.0,1.0,1.0,1.0,1.0,1.0,1.0,0.0,1.0,0.0,0.0,0.0,0.0,1.0,1.0,1.0,0.0,0.0,0.0,0.0,0.0,0.0,1.0,1.0,1.0,1.0,0.0,0.0,1.0,1.0,1.0,1.0,1.0,1.0,0.0,1.0,0.0,0.0,0.0,0.0,1.0,1.0,1.0,0.0,0.0,0.0,0.0,0.0,0.0,1.0,1.0,1.0,1.0,0.0,0.0,1.0,1.0,1.0,1.0,1.0,1.0,0.0,1.0,0.0,0.0,0.0,0.0,1.0,1.0,1.0,0.0,0.0,0.0,0.0,0.0,0.0,1.0,1.0,1.0,1.0,0.0,0.0,1.0,1.0,1.0,1.0,1.0,1.0,0.0,1.0,0.0,0.0,0.0,0.0,1.0,1.0,1.0,0.0,0.0,0.0,0.0,0.0,0.0,1.0,1.0,1.0,1.0,0.0,0.0,1.0,1.0,1.0,1.0,1.0,1.0,0.0,1.0,0.0,0.0,0.0,0.0,1.0,1.0,1.0,0.0,0.0,0.0,0.0,0.0,0.0,1.0,1.0,1.0,1.0,0.0,0.0,1.0,1.0,1.0,1.0,1.0,1.0,0.0,1.0,0.0,1.0,1.0,1.0,1.0,1.0,1.0,1.0,0.0,1.0,0.0,1.0,0.0,1.0,1.0,1.0,1.0,1.0,1.0,1.0,1.0,1.0,1.0,1.0,1.0,1.0,1.0,1.0,0.0,0.0,0.0,1.0,1.0,1.0,0.0,0.0,0.0,0.0,0.0,0.0,1.0,1.0,1.0,1.0,0.0,0.0,1.0,1.0,1.0,1.0,1.0,1.0,0.0,1.0,0.0,0.0,0.0,0.0,1.0,1.0,1.0,0.0,0.0,0.0,0.0,0.0,0.0,1.0,1.0,1.0,1.0,0.0,0.0,1.0,1.0,1.0,1.0,1.0,1.0,0.0,1.0,0.0,0.0,0.0,0.0,1.0,1.0,0.0,1.0,0.0,1.0,1.0,0.0,1.0,1.0,1.0,1.0,1.0,1.0,0.0,1.0,1.0,0.0,1.0,0.0,1.0,1.0,0.0,1.0,0.0,0.0,0.0,0.0,1.0,1.0,0.0,0.0,0.0,0.0,0.0,0.0,0.0,0.0
2006-02-28,-0.009501777720480775,-0.002023842616890148,-0.0016351493520102567,,,,0.09249570215632592,0.06594711493823764,0.09300771616716111,0.04749313627256317,0.10102787732742854,0.059691732853023156,,,,,0.0037253540996549095,-0.009501777720480775,,,,,,,0.6013931372063639,,0.3649275079049538,-0.014861621943673242,0.00858864155521788,-0.02583592011265301,,,,0.1777376999780728,0.10320577566174455,0.1595756553061643,0.08936126575934374,0.1545768118627058,0.09290929114098821,,,,,-0.0015186178673659567,-0.024911179724467325,,,,,,,0.381464934771931,,0.3277719468249822,-0.013187889841278277,0.0034562107059048497,0.00027599745776973883,,,,0.1352480798453098,0.09314837126631284,0.12252298389878191,0.06665544974498562,0.13709489146167383,0.0839272302568507,,,,,0.005012572070504762,-0.013187889841278277,,,,,,,0.718610405432206,,0.34185457507056344,0.004949975050029698,0.006056962508150576,0.013874200681948334,,,,0.06866213694216097,0.017603749342727685,0.06556046937748805,0.02039943709779948,0.06440140069358742,0.02834597335825446,,,,,0.007738773035934177,-0.0007666785140589827,,,,,,,0.7175167320563121,,0.7515564556513563,0.003993852620912897,0.0021737191533572897,0.0004057990210839524,,,,0.05014697430763382,0.017467956323997714,0.04016974151277013,0.014245175943171769,0.0351885033884921,0.016516990647304747,,,,,0.0019347071287796336,-0.0015643470421681238,,,,,,,-0.4159561510353228,,0.951203639423772,0.015392945587303197,0.017235137542608303,-0.010762184316640888,,,,0.21579867016537263,0.09289840821403536,0.18848897531807843,0.08966993985857102,0.24792457236376436,0.16917480370411053,,,,,0.012569067159097447,-0.015970513420899057,,,,,,,0.021863628228837362,,0.44199318247934477,,,,,,,,0.0,,0.0,,0.0,,,,,,,,,,,,,,,,-0.02603271984349176,-0.010214341994356335,-0.032161294204508195,,,,0.22312580152962658,0.18673267050017642,0.24449725343822662,0.13240196304053647,0.2563700034906478,0.16635149148485867,,,,,-0.010209289013038969,-0.03849948876043141,,,,,,,1.1961639879457557,,0.45876572450957653,-0.003665665840298815,0.0006131586841984227,0.02128945934995974,,,,0.1030655241051918,0.037156085110479256,0.09743603974240041,0.02995302631780512,0.09570200491452995,0.04815110326227118,,,,,0.015108112751168079,-0.010465764401314304,,,,,,,-0.044117647058823484,,1.1650143936441666,0.10024389471522699,0.10647470034379491,-0.2921325039343635,,,-0.015509350033958591,,0.23014987896136266,,,0.009127034964630631,,,,,,,0.7346241276481961,,,0.03052614485249794,,-0.377354751551321,,,-0.039710120794601345,,12.34,0.06471095772217428,-0.005640612409347323,-0.004035512510088823,-0.012404961984793905,,,4.55,-0.020000000000000462,0.009999999999999787,4.69,-0.019999999999999574,0.17000000000000082,-0.14,0.0,-0.16,,,,,,,4.52,-0.020000000000000462,0.03999999999999915,-0.14000000000000057,,0.08281407747411008,0.01172847273692712,0.008890902767791031,0,0.0,0.0,0.0,1.0,1.0,1.0,0.0,0.0,0.0,0.0,0.0,0.0,1.0,1.0,1.0,1.0,0.0,0.0,1.0,1.0,1.0,1.0,1.0,1.0,0.0,1.0,0.0,0.0,0.0,0.0,1.0,1.0,1.0,0.0,0.0,0.0,0.0,0.0,0.0,1.0,1.0,1.0,1.0,0.0,0.0,1.0,1.0,1.0,1.0,1.0,1.0,0.0,1.0,0.0,0.0,0.0,0.0,1.0,1.0,1.0,0.0,0.0,0.0,0.0,0.0,0.0,1.0,1.0,1.0,1.0,0.0,0.0,1.0,1.0,1.0,1.0,1.0,1.0,0.0,1.0,0.0,0.0,0.0,0.0,1.0,1.0,1.0,0.0,0.0,0.0,0.0,0.0,0.0,1.0,1.0,1.0,1.0,0.0,0.0,1.0,1.0,1.0,1.0,1.0,1.0,0.0,1.0,0.0,0.0,0.0,0.0,1.0,1.0,1.0,0.0,0.0,0.0,0.0,0.0,0.0,1.0,1.0,1.0,1.0,0.0,0.0,1.0,1.0,1.0,1.0,1.0,1.0,0.0,1.0,0.0,0.0,0.0,0.0,1.0,1.0,1.0,0.0,0.0,0.0,0.0,0.0,0.0,1.0,1.0,1.0,1.0,0.0,0.0,1.0,1.0,1.0,1.0,1.0,1.0,0.0,1.0,0.0,1.0,1.0,1.0,1.0,1.0,1.0,1.0,0.0,1.0,0.0,1.0,0.0,1.0,1.0,1.0,1.0,1.0,1.0,1.0,1.0,1.0,1.0,1.0,1.0,1.0,1.0,1.0,0.0,0.0,0.0,1.0,1.0,1.0,0.0,0.0,0.0,0.0,0.0,0.0,1.0,1.0,1.0,1.0,0.0,0.0,1.0,1.0,1.0,1.0,1.0,1.0,0.0,1.0,0.0,0.0,0.0,0.0,1.0,1.0,1.0,0.0,0.0,0.0,0.0,0.0,0.0,1.0,1.0,1.0,1.0,0.0,0.0,1.0,1.0,1.0,1.0,1.0,1.0,0.0,1.0,0.0,0.0,0.0,0.0,1.0,1.0,0.0,1.0,0.0,1.0,1.0,0.0,1.0,1.0,1.0,1.0,1.0,1.0,0.0,1.0,1.0,0.0,1.0,0.0,1.0,1.0,0.0,1.0,0.0,0.0,0.0,0.0,1.0,1.0,0.0,0.0,0.0,0.0,0.0,0.0,0.0,0.0
2006-03-01,0.008890902767791031,0.0007731893361424547,0.014666552744717842,,,,0.10596057197783378,0.06594711493823764,0.08864865368128048,0.04749313627256317,0.10193863881957993,0.057654167736900686,,,,,0.01190879317320559,-0.0006953543345237234,,,,,,,0.14919424382245716,,0.33546867602845554,0.013626197704949439,0.00969558042773988,-0.008094598306236378,,,,0.18202720644236778,0.10320577566174455,0.1656135080789069,0.08936126575934374,0.1626769690147013,0.09456233980034831,,,,,0.012505015602073843,-0.011624426679507027,,,,,,,-0.11982096866951719,,0.309078389648283,0.018186122361644408,0.014830219398897837,0.021422875042575118,,,,0.1824914779657337,0.09314837126631284,0.1389865904615632,0.06665544974498562,0.15064476262959914,0.08486816650063127,,,,,0.02219293679327672,0.0,,,,,,,-0.08551806322127442,,0.34275129929977516,-0.006041560057680528,-0.006803606637451942,0.004969955005842186,,,,0.06310503307725189,0.035909964437131875,0.0715317673520218,0.030340816367263546,0.06814006976275651,0.03240261670730688,,,,,0.0014024344232037578,-0.006803606637451942,,,,,,,0.27656529516994643,,0.7311370664579118,-0.00197196407309419,-0.0035332262790972457,-0.0030054957391274506,,,,0.04221336720495709,0.015011992853610164,0.04092839690320806,0.01505894975741414,0.03544625250373801,0.016581244833485408,,,,,0.0001096660197779098,-0.0035332262790972457,,,,,,,0.9619706136560069,,0.9577563246657387,0.0005350237107213385,0.013733254778418358,-0.010582050806788312,,,,0.21661629709240188,0.09289840821403536,0.18062009385172512,0.08966993985857102,0.24793412095787892,0.16917480370411053,,,,,0.013659988797083855,-0.015444034313530253,,,,,,,0.11231326746095882,,0.4416089781837985,,,,,,,,0.0,,0.0,,0.0,,,,,,,,,,,,,,,,0.02765747151091924,0.011683500181856488,-0.01190681576308883,,,,0.30735596608297544,0.18673267050017642,0.25063517089010173,0.13240196304053647,0.2750242492432251,0.16635149148485867,,,,,0.01778957933636427,-0.011416133054737543,,,,,,,0.11604131534569984,,0.49324967359490973,0.0058250859580313286,-0.0047016424205371665,0.024512286841337882,,,,0.06828618589334397,0.037156085110479256,0.09764827273496654,0.02995302631780512,0.09704650473602552,0.04815110326227118,,,,,0.019775612087032934,-0.0047016424205371665,,,,,,,-0.09635974304068518,,1.1430735221642558,0.10005391875227096,0.10635176734078104,-0.346496981308122,,,0.009696597738875656,,0.23545837626264654,,,0.025248603551506155,,,,,,,0.8207179758437126,,,0.02657336850780667,,-0.4413406936645662,,,-0.013064553312078564,,11.54,-0.06482982171799034,-0.028619528619528767,-0.10888030888030886,-0.071189987524649,,,4.59,0.05999999999999961,0.05999999999999961,4.71,0.03000000000000025,0.16999999999999993,-0.12,0.03,-0.11,,,,,,,4.52,0.02999999999999936,0.04999999999999982,-0.1200000000000001,,0.07982860883283166,0.009098322030281603,-7.735342660686317e-05,0,0.0,0.0,0.0,1.0,1.0,1.0,0.0,0.0,0.0,0.0,0.0,0.0,1.0,1.0,1.0,1.0,0.0,0.0,1.0,1.0,1.0,1.0,1.0,1.0,0.0,1.0,0.0,0.0,0.0,0.0,1.0,1.0,1.0,0.0,0.0,0.0,0.0,0.0,0.0,1.0,1.0,1.0,1.0,0.0,0.0,1.0,1.0,1.0,1.0,1.0,1.0,0.0,1.0,0.0,0.0,0.0,0.0,1.0,1.0,1.0,0.0,0.0,0.0,0.0,0.0,0.0,1.0,1.0,1.0,1.0,0.0,0.0,1.0,1.0,1.0,1.0,1.0,1.0,0.0,1.0,0.0,0.0,0.0,0.0,1.0,1.0,1.0,0.0,0.0,0.0,0.0,0.0,0.0,1.0,1.0,1.0,1.0,0.0,0.0,1.0,1.0,1.0,1.0,1.0,1.0,0.0,1.0,0.0,0.0,0.0,0.0,1.0,1.0,1.0,0.0,0.0,0.0,0.0,0.0,0.0,1.0,1.0,1.0,1.0,0.0,0.0,1.0,1.0,1.0,1.0,1.0,1.0,0.0,1.0,0.0,0.0,0.0,0.0,1.0,1.0,1.0,0.0,0.0,0.0,0.0,0.0,0.0,1.0,1.0,1.0,1.0,0.0,0.0,1.0,1.0,1.0,1.0,1.0,1.0,0.0,1.0,0.0,1.0,1.0,1.0,1.0,1.0,1.0,1.0,0.0,1.0,0.0,1.0,0.0,1.0,1.0,1.0,1.0,1.0,1.0,1.0,1.0,1.0,1.0,1.0,1.0,1.0,1.0,1.0,0.0,0.0,0.0,1.0,1.0,1.0,0.0,0.0,0.0,0.0,0.0,0.0,1.0,1.0,1.0,1.0,0.0,0.0,1.0,1.0,1.0,1.0,1.0,1.0,0.0,1.0,0.0,0.0,0.0,0.0,1.0,1.0,1.0,0.0,0.0,0.0,0.0,0.0,0.0,1.0,1.0,1.0,1.0,0.0,0.0,1.0,1.0,1.0,1.0,1.0,1.0,0.0,1.0,0.0,0.0,0.0,0.0,1.0,1.0,0.0,1.0,0.0,1.0,1.0,0.0,1.0,1.0,1.0,1.0,1.0,1.0,0.0,1.0,1.0,0.0,1.0,0.0,1.0,1.0,0.0,1.0,0.0,0.0,0.0,0.0,1.0,1.0,0.0,0.0,0.0,0.0,0.0,0.0,0.0,0.0
2006-03-02,-7.735342660686317e-05,0.0021693888484415336,0.007555378357165576,,,,0.10507121685533176,0.06764324633339903,0.08792077820081849,0.04742069747171312,0.09926169654558264,0.05761456089326698,,,,,0.01144680414329513,-0.0007726539730901205,,,,,,,0.3965414801304372,,0.33842005096970934,0.0007196262142754595,0.013122379859186184,-0.010913165707396089,,,,0.17818338607133805,0.10629890761628902,0.16373388264959682,0.08936126575934374,0.16206804861560664,0.09456233980034831,,,,,0.013800334426101069,-0.0007193401965697177,,,,,,,0.05020363184805121,,0.3095665798656077,-0.004194009913630059,0.011268283486874475,0.006703417027114744,,,,0.18850690070716028,0.09147032308633533,0.1398406765963921,0.06638544223252733,0.14760047812735436,0.08391284106780078,,,,,0.017560997472260587,-0.004194009913630059,,,,,,,-0.05799324155387553,,0.35103906813791874,-0.006963127507344402,-0.011230999565331246,0.0013975120092892812,,,,0.07508727836047088,0.04888208306722459,0.08087029202535155,0.04032410259585524,0.0717630660707735,0.037117007465813735,,,,,-0.005639456484245131,-0.013719359764269967,,,,,,,4.688518903919528,,0.753777318369189,-0.003997245372137637,-0.005121826302636467,-0.00392042191237052,,,,0.04745943891242194,0.023141520740637102,0.04536408583795533,0.020598598701026035,0.03658656327972117,0.018343768889521463,,,,,-0.003692714115239415,-0.007516348478842083,,,,,,,0.5457025920873124,,0.9577474642584546,0.011408257072251793,0.038433424456007614,0.0007054835095079426,,,,0.17100799507392853,0.053792268819627946,0.1592403637566683,0.07064165141809993,0.25150097675052535,0.16917480370411053,,,,,0.02518703387393062,-0.004211966754959939,,,,,,,0.5901511096471364,,0.4419179641779513,,,,,,,,0.0,,0.0,,0.0,,,,,,,,,,,,,,,,0.0008031221383957288,0.012804829575558507,-0.01062217946553301,,,,0.30685942843474506,0.18726216444935403,0.247130512282789,0.13387778888954016,0.27506933391075844,0.16660899361512063,,,,,0.01916426720626685,0.0,,,,,,,0.1978979296723451,,0.49332320034787513,-0.0012196206600797455,-0.004254182289136099,0.01849229192887969,,,,0.06805876979328244,0.03764420271168516,0.09431008183312758,0.029212847281683177,0.09651120906883805,0.04767018219481801,,,,,0.017590956665588964,-0.0059155288603846,,,,,,,-0.5017605633802817,,1.0422921213845697,0.10025099352658279,0.10677086101122409,-0.2866134093373242,,,0.006157866347876295,,0.2339318061473589,,,0.006849894847657634,,,,,,,0.8426088623615929,,,0.018177557822698587,,-0.4137461436336466,,,-0.01231067771668537,,11.72,0.015597920277296451,-0.012636899747261898,-0.051779935275080846,-0.054266693564655966,,,4.64,0.08000000000000007,0.0699999999999994,4.72,0.0,0.1299999999999999,-0.08,0.08,-0.06,,,,,,,4.5,0.03000000000000025,0.03000000000000025,-0.08000000000000007,,0.0802030381503227,0.00739146466122742,-0.004638309202565805,0,0.0,0.0,0.0,1.0,1.0,1.0,0.0,0.0,0.0,0.0,0.0,0.0,1.0,1.0,1.0,1.0,0.0,0.0,1.0,1.0,1.0,1.0,1.0,1.0,0.0,1.0,0.0,0.0,0.0,0.0,1.0,1.0,1.0,0.0,0.0,0.0,0.0,0.0,0.0,1.0,1.0,1.0,1.0,0.0,0.0,1.0,1.0,1.0,1.0,1.0,1.0,0.0,1.0,0.0,0.0,0.0,0.0,1.0,1.0,1.0,0.0,0.0,0.0,0.0,0.0,0.0,1.0,1.0,1.0,1.0,0.0,0.0,1.0,1.0,1.0,1.0,1.0,1.0,0.0,1.0,0.0,0.0,0.0,0.0,1.0,1.0,1.0,0.0,0.0,0.0,0.0,0.0,0.0,1.0,1.0,1.0,1.0,0.0,0.0,1.0,1.0,1.0,1.0,1.0,1.0,0.0,1.0,0.0,0.0,0.0,0.0,1.0,1.0,1.0,0.0,0.0,0.0,0.0,0.0,0.0,1.0,1.0,1.0,1.0,0.0,0.0,1.0,1.0,1.0,1.0,1.0,1.0,0.0,1.0,0.0,0.0,0.0,0.0,1.0,1.0,1.0,0.0,0.0,0.0,0.0,0.0,0.0,1.0,1.0,1.0,1.0,0.0,0.0,1.0,1.0,1.0,1.0,1.0,1.0,0.0,1.0,0.0,1.0,1.0,1.0,1.0,1.0,1.0,1.0,0.0,1.0,0.0,1.0,0.0,1.0,1.0,1.0,1.0,1.0,1.0,1.0,1.0,1.0,1.0,1.0,1.0,1.0,1.0,1.0,0.0,0.0,0.0,1.0,1.0,1.0,0.0,0.0,0.0,0.0,0.0,0.0,1.0,1.0,1.0,1.0,0.0,0.0,1.0,1.0,1.0,1.0,1.0,1.0,0.0,1.0,0.0,0.0,0.0,0.0,1.0,1.0,1.0,0.0,0.0,0.0,0.0,0.0,0.0,1.0,1.0,1.0,1.0,0.0,0.0,1.0,1.0,1.0,1.0,1.0,1.0,0.0,1.0,0.0,0.0,0.0,0.0,1.0,1.0,0.0,1.0,0.0,1.0,1.0,0.0,1.0,1.0,1.0,1.0,1.0,1.0,0.0,1.0,1.0,0.0,1.0,0.0,1.0,1.0,0.0,1.0,0.0,0.0,0.0,0.0,1.0,1.0,0.0,0.0,0.0,0.0,0.0,0.0,0.0,0.0
2006-03-03,-0.004638309202565805,-0.005023078104856804,0.01465730627917261,,,,0.10830726060942673,0.06736002326561481,0.08352881500170771,0.048673497708560894,0.09071647798167938,0.04677884885117348,,,,,0.006023862887489351,-0.005407379367622145,,,,,,,0.9958588698494184,,0.3353306445104397,-0.005756723313337875,0.004605462893852108,0.0004833122626994868,,,,0.18781913169417883,0.10392761242245008,0.16069413541215152,0.08737410313145207,0.1511638007170751,0.08244912912001956,,,,,0.007939626800031796,-0.006471922467427782,,,,,,,0.9631306778966251,,0.3278957551412903,-0.005028008881357682,-0.0017723818400767755,0.016944395946181245,,,,0.18630001105412525,0.08618122898182047,0.13809206712401978,0.0659676928055626,0.13753626697397456,0.07240224926669629,,,,,0.011591443613602204,-0.009200931275893498,,,,,,,0.6689033167070366,,0.3447547838550626,-0.005786870107833519,-0.01544197651685253,-0.006273732751460592,,,,0.07853194578326857,0.048862695782866124,0.08581100505774082,0.04256466242210349,0.07432703933534948,0.03899866072401192,,,,,-0.01108508068066183,-0.019426837719185075,,,,,,,1.580399423512456,,0.7570992169585141,-0.0024326167133765786,-0.006343501741879587,-0.006343501741879587,,,,0.048542105572928505,0.022716720155519957,0.04672962170444308,0.02070602263495607,0.037425008253370085,0.018545716326983975,,,,,-0.005800940610402372,-0.00993068079728543,,,,,,,-0.7771628313428488,,0.8912173581223488,-0.008107206301766756,0.01150250533193753,-0.012285025773308034,,,,0.1702032067483964,0.06840297808787522,0.1643724154940374,0.07572574691512891,0.25240593939246797,0.16764290814515717,,,,,0.017519095969923404,-0.008107206301766756,,,,,,,-0.3702583669907248,,0.44371563776752926,,,,,,,,0.0,,0.0,,0.0,,,,,,,,,,,,,,,,-0.01665662523921585,-0.005984482387893397,-0.0014262844271271113,,,,0.33658380187327086,0.1952475990239061,0.23126066324904346,0.14685814021959973,0.26548066609765386,0.15524160244688529,,,,,0.0022601640856034777,-0.01665662523921585,,,,,,,1.096770181184958,,0.4950144888558277,-0.0054927210213423505,-0.0044298022495127265,0.020030761613783143,,,,0.0687975604888002,0.03862250723820331,0.0976278630571114,0.03483093210934238,0.09500250202732237,0.04585672901086029,,,,,0.010997031679593983,-0.011375757532003039,,,,,,,0.9104761904761904,,1.0800355660251093,0.10047722192427318,0.10904930884328987,-0.19662497945145255,,,0.020931039030633203,,0.31494192321905295,,,0.026942332052480644,,,,,,,0.8296234287072544,,,0.016083590706299722,,-0.35101605611331577,,,0.006757045014160079,,11.96,0.020477815699658786,0.04363001745200701,-0.09599395313681025,-0.02992943466623388,,,4.68,0.09999999999999964,0.10999999999999943,4.76,0.019999999999999574,0.16999999999999993,-0.08,0.08,-0.06,,,,,,,4.51,0.02999999999999936,0.02999999999999936,-0.08000000000000007,,0.07799422406216971,0.012320196346458978,-0.004582203468459278,0,0.0,0.0,0.0,1.0,1.0,1.0,0.0,0.0,0.0,0.0,0.0,0.0,1.0,1.0,1.0,1.0,0.0,0.0,1.0,1.0,1.0,1.0,1.0,1.0,0.0,1.0,0.0,0.0,0.0,0.0,1.0,1.0,1.0,0.0,0.0,0.0,0.0,0.0,0.0,1.0,1.0,1.0,1.0,0.0,0.0,1.0,1.0,1.0,1.0,1.0,1.0,0.0,1.0,0.0,0.0,0.0,0.0,1.0,1.0,1.0,0.0,0.0,0.0,0.0,0.0,0.0,1.0,1.0,1.0,1.0,0.0,0.0,1.0,1.0,1.0,1.0,1.0,1.0,0.0,1.0,0.0,0.0,0.0,0.0,1.0,1.0,1.0,0.0,0.0,0.0,0.0,0.0,0.0,1.0,1.0,1.0,1.0,0.0,0.0,1.0,1.0,1.0,1.0,1.0,1.0,0.0,1.0,0.0,0.0,0.0,0.0,1.0,1.0,1.0,0.0,0.0,0.0,0.0,0.0,0.0,1.0,1.0,1.0,1.0,0.0,0.0,1.0,1.0,1.0,1.0,1.0,1.0,0.0,1.0,0.0,0.0,0.0,0.0,1.0,1.0,1.0,0.0,0.0,0.0,0.0,0.0,0.0,1.0,1.0,1.0,1.0,0.0,0.0,1.0,1.0,1.0,1.0,1.0,1.0,0.0,1.0,0.0,1.0,1.0,1.0,1.0,1.0,1.0,1.0,0.0,1.0,0.0,1.0,0.0,1.0,1.0,1.0,1.0,1.0,1.0,1.0,1.0,1.0,1.0,1.0,1.0,1.0,1.0,1.0,0.0,0.0,0.0,1.0,1.0,1.0,0.0,0.0,0.0,0.0,0.0,0.0,1.0,1.0,1.0,1.0,0.0,0.0,1.0,1.0,1.0,1.0,1.0,1.0,0.0,1.0,0.0,0.0,0.0,0.0,1.0,1.0,1.0,0.0,0.0,0.0,0.0,0.0,0.0,1.0,1.0,1.0,1.0,0.0,0.0,1.0,1.0,1.0,1.0,1.0,1.0,0.0,1.0,0.0,0.0,0.0,0.0,1.0,1.0,0.0,1.0,0.0,1.0,1.0,0.0,1.0,1.0,1.0,1.0,1.0,1.0,0.0,1.0,1.0,0.0,1.0,0.0,1.0,1.0,0.0,1.0,0.0,0.0,0.0,0.0,1.0,1.0,0.0,0.0,0.0,0.0,0.0,0.0,0.0,0.0
2006-03-06,-0.004582203468459278,-0.009964805123587772,0.015046915634182811,,,,0.11002600825542515,0.06283693788450603,0.08555098020831083,0.05023179650681208,0.09040601176878349,0.046464308602835035,,,,,0.0006713173735091171,-0.009964805123587772,,,,,,,0.6029181284266536,,0.33936428147723646,-0.008685297911144474,-0.015101009803884846,0.004154500978398978,,,,0.17225990251909754,0.10037685742409579,0.16174477899866846,0.08833878423941036,0.14769491982003294,0.07853423221040251,,,,,-0.0010211151803318774,-0.015101009803884846,,,,,,,0.5333128031411194,,0.3238322712561732,-0.007784900597038624,-0.01223629207300403,0.012119690196563448,,,,0.19031166817341644,0.07791373197215813,0.14405975245609623,0.06995672921051993,0.1403322776309689,0.07427028719789583,,,,,0.003113480557499715,-0.016914203537549133,,,,,,,0.42539350952195876,,0.34923692642553966,-0.00873240878601289,-0.022428693288541912,-0.021890301612143448,,,,0.0860833144118701,0.0523877995354874,0.07972924166042865,0.04963015829134881,0.07472201296122113,0.04469590864230917,,,,,-0.018644198733252626,-0.027989603416814446,,,,,,,0.9558493948901838,,0.737068752138688,-0.003171018751278787,-0.007576061589163907,-0.012476138511592239,,,,0.050373902924792255,0.023928471002378913,0.04330682360569906,0.020324411281526913,0.03655403632459286,0.019314013022966522,,,,,-0.00833274894533309,-0.013070209173543068,,,,,,,0.21897810218978098,,0.9235879704636598,-0.018656703266432872,0.00018106340659507225,-0.022477884208206622,,,,0.22213647521827168,0.13172794379977515,0.19467771795491873,0.1080377160184673,0.25927265176692527,0.173073113753218,,,,,-0.00031676539026315176,-0.02661265582590777,,,,,,,1.3703962297085006,,0.4626284473976959,,,,,,,,0.0,,0.0,,0.0,,,,,,,,,,,,,,,,-0.015306274661759267,-0.030053524035537516,-0.0030992935756078976,,,,0.3343603380596659,0.18256725551454792,0.24251819015519735,0.1529211599528143,0.2666903298783336,0.1564205510285363,,,,,-0.01292927568500557,-0.03170794902012575,,,,,,,1.6481524926686215,,0.49544845528995696,0.018103734741995448,0.01343887255265619,0.04767958661557237,,,,0.151706423402592,0.03862250723820331,0.12190391557673633,0.03483093210934238,0.10530567380871893,0.03857471906526856,,,,,0.026894705634059823,0.0,,,,,,,0.07733812949640284,,1.0856680264725405,0.09571757408292683,0.10173390127598203,-0.024881617621327737,,,0.03693721724632626,,0.33702213322891716,,,0.037524799842389434,,,,,,,0.8307058542256434,,,0.01814620920979071,,-0.1553806702949548,,,0.026044802590542426,,12.74,0.06521739130434767,0.09922346850733388,-0.016975308641975384,0.034258808248092354,,,4.74,0.15000000000000036,0.20000000000000018,4.77,0.02999999999999936,0.17999999999999972,-0.03,0.12,0.020000000000000004,,,,,,,4.51,-0.009999999999999787,0.0,-0.02999999999999936,,0.07575929990564374,0.016196317172409103,-0.0015606022338858772,0,0.0,0.0,0.0,1.0,1.0,1.0,0.0,0.0,0.0,0.0,0.0,0.0,1.0,1.0,1.0,1.0,0.0,0.0,1.0,1.0,1.0,1.0,1.0,1.0,0.0,1.0,0.0,0.0,0.0,0.0,1.0,1.0,1.0,0.0,0.0,0.0,0.0,0.0,0.0,1.0,1.0,1.0,1.0,0.0,0.0,1.0,1.0,1.0,1.0,1.0,1.0,0.0,1.0,0.0,0.0,0.0,0.0,1.0,1.0,1.0,0.0,0.0,0.0,0.0,0.0,0.0,1.0,1.0,1.0,1.0,0.0,0.0,1.0,1.0,1.0,1.0,1.0,1.0,0.0,1.0,0.0,0.0,0.0,0.0,1.0,1.0,1.0,0.0,0.0,0.0,0.0,0.0,0.0,1.0,1.0,1.0,1.0,0.0,0.0,1.0,1.0,1.0,1.0,1.0,1.0,0.0,1.0,0.0,0.0,0.0,0.0,1.0,1.0,1.0,0.0,0.0,0.0,0.0,0.0,0.0,1.0,1.0,1.0,1.0,0.0,0.0,1.0,1.0,1.0,1.0,1.0,1.0,0.0,1.0,0.0,0.0,0.0,0.0,1.0,1.0,1.0,0.0,0.0,0.0,0.0,0.0,0.0,1.0,1.0,1.0,1.0,0.0,0.0,1.0,1.0,1.0,1.0,1.0,1.0,0.0,1.0,0.0,1.0,1.0,1.0,1.0,1.0,1.0,1.0,0.0,1.0,0.0,1.0,0.0,1.0,1.0,1.0,1.0,1.0,1.0,1.0,1.0,1.0,1.0,1.0,1.0,1.0,1.0,1.0,0.0,0.0,0.0,1.0,1.0,1.0,0.0,0.0,0.0,0.0,0.0,0.0,1.0,1.0,1.0,1.0,0.0,0.0,1.0,1.0,1.0,1.0,1.0,1.0,0.0,1.0,0.0,0.0,0.0,0.0,1.0,1.0,1.0,0.0,0.0,0.0,0.0,0.0,0.0,1.0,1.0,1.0,1.0,0.0,0.0,1.0,1.0,1.0,1.0,1.0,1.0,0.0,1.0,0.0,0.0,0.0,0.0,1.0,1.0,0.0,1.0,0.0,1.0,1.0,0.0,1.0,1.0,1.0,1.0,1.0,1.0,0.0,1.0,1.0,0.0,1.0,0.0,1.0,1.0,0.0,1.0,0.0,0.0,0.0,0.0,1.0,1.0,0.0,0.0,0.0,0.0,0.0,0.0,0.0,0.0
2006-03-07,-0.0015606022338858772,-0.0020273418918769215,0.010820972672527018,,,,0.0879137974691629,0.036780690471722846,0.0850732776435762,0.050340885168008095,0.09047837020652455,0.04594729389899899,,,,,-0.001424350885093184,-0.011509856260337625,,,,,,,-0.16955486136127795,,0.3070489609259611,-0.005841001217680719,-0.006082581081717886,0.0009797782945428768,,,,0.14198397481854863,0.0619315462499757,0.15362701966025524,0.08036945585858732,0.14894169870347052,0.07865144271455099,,,,,-0.006904421887443779,-0.020853806004912934,,,,,,,-0.17967568468739736,,0.275764070291511,-0.014452782646989237,-0.013502404633882747,-0.011322814959461969,,,,0.1950614701312861,0.08554802670956478,0.16079150789484808,0.08934011841058538,0.14652475998148318,0.08294299008812892,,,,,-0.010824322716496138,-0.031122528877163158,,,,,,,0.06879933618531853,,0.3319459153061029,0.0006780371763419613,-0.026584247289290208,-0.023162643812843164,,,,0.05691605685094368,0.0523877995354874,0.08112386013892336,0.05198558960900715,0.07414963444202886,0.04469590864230917,,,,,-0.01683412450009103,-0.027330544232140097,,,,,,,1.2747917226552001,,0.7345050862070155,0.0004898930243593114,-0.011039641942536038,-0.010562363000097275,,,,0.026976258495570574,0.023928471002378913,0.04398091834103024,0.022185927528052336,0.03662496228338831,0.019865181848976194,,,,,-0.007321247647538831,-0.01258671915348486,,,,,,,0.3587069864442127,,0.8691541362127327,-0.00506968643160588,-0.01997501227003129,-0.031205931235375406,,,,0.1764708392055935,0.12328609947006397,0.19602714864444318,0.10477319865985749,0.2589224482890751,0.17120609586538107,,,,,-0.0037890326558045473,-0.031547424437364135,,,,,,,0.28007238973700344,,0.4568239573306374,,,,,,,,0.0,,0.0,,0.0,,,,,,,,,,,,,,,,-0.035233069581704024,-0.03921589220542665,-0.060544900887948616,,,,0.3749442614741789,0.23537192310613667,0.29510071707929647,0.21194444876033222,0.2798100632896199,0.18606388440711955,,,,,-0.044775592431137046,-0.06582385022771053,,,,,,,0.5500921942224954,,0.5093859263839762,-0.012055045652620722,0.0049054683258649145,0.031142158785087304,,,,0.18269067018429885,0.08241290224682148,0.1400219290500238,0.061803627436375526,0.11689961496102139,0.05332165898978941,,,,,0.012963582609644142,-0.012055045652620722,,,,,,,-0.3418803418803419,,1.0883554058677058,0.09576243274306889,0.10181295889130981,-0.04498083214980856,,,0.03398361648537018,,0.3362497052407362,,,0.042026903907902424,,,,,,,0.8071735185485884,,,0.07136587356047563,,-0.1576302965940557,,,0.02414242210738604,,12.66,-0.006279434850863463,0.025931928687196182,-0.02914110429447847,0.0293519798357591,,,4.74,0.1900000000000004,0.1900000000000004,4.77,0.07999999999999918,0.14999999999999947,-0.03,0.11000000000000001,0.04000000000000001,,,,,,,4.51,-0.009999999999999787,0.0,-0.02999999999999936,,0.0776890476083217,0.02429638017631386,0.0021101796618758772,0,0.0,0.0,0.0,1.0,1.0,1.0,0.0,0.0,0.0,0.0,0.0,0.0,1.0,1.0,1.0,1.0,0.0,0.0,1.0,1.0,1.0,1.0,1.0,1.0,0.0,1.0,0.0,0.0,0.0,0.0,1.0,1.0,1.0,0.0,0.0,0.0,0.0,0.0,0.0,1.0,1.0,1.0,1.0,0.0,0.0,1.0,1.0,1.0,1.0,1.0,1.0,0.0,1.0,0.0,0.0,0.0,0.0,1.0,1.0,1.0,0.0,0.0,0.0,0.0,0.0,0.0,1.0,1.0,1.0,1.0,0.0,0.0,1.0,1.0,1.0,1.0,1.0,1.0,0.0,1.0,0.0,0.0,0.0,0.0,1.0,1.0,1.0,0.0,0.0,0.0,0.0,0.0,0.0,1.0,1.0,1.0,1.0,0.0,0.0,1.0,1.0,1.0,1.0,1.0,1.0,0.0,1.0,0.0,0.0,0.0,0.0,1.0,1.0,1.0,0.0,0.0,0.0,0.0,0.0,0.0,1.0,1.0,1.0,1.0,0.0,0.0,1.0,1.0,1.0,1.0,1.0,1.0,0.0,1.0,0.0,0.0,0.0,0.0,1.0,1.0,1.0,0.0,0.0,0.0,0.0,0.0,0.0,1.0,1.0,1.0,1.0,0.0,0.0,1.0,1.0,1.0,1.0,1.0,1.0,0.0,1.0,0.0,1.0,1.0,1.0,1.0,1.0,1.0,1.0,0.0,1.0,0.0,1.0,0.0,1.0,1.0,1.0,1.0,1.0,1.0,1.0,1.0,1.0,1.0,1.0,1.0,1.0,1.0,1.0,0.0,0.0,0.0,1.0,1.0,1.0,0.0,0.0,0.0,0.0,0.0,0.0,1.0,1.0,1.0,1.0,0.0,0.0,1.0,1.0,1.0,1.0,1.0,1.0,0.0,1.0,0.0,0.0,0.0,0.0,1.0,1.0,1.0,0.0,0.0,0.0,0.0,0.0,0.0,1.0,1.0,1.0,1.0,0.0,0.0,1.0,1.0,1.0,1.0,1.0,1.0,0.0,1.0,0.0,0.0,0.0,0.0,1.0,1.0,0.0,1.0,0.0,1.0,1.0,0.0,1.0,1.0,1.0,1.0,1.0,1.0,0.0,1.0,1.0,0.0,1.0,0.0,1.0,1.0,0.0,1.0,0.0,0.0,0.0,0.0,1.0,1.0,0.0,0.0,0.0,0.0,0.0,0.0,0.0,0.0
2006-03-08,0.0021101796618758772,-0.008734683828790724,0.02199577590947155,,,,0.04641955772781361,0.036780690471722846,0.07875843831299009,0.050340885168008095,0.08343116029117906,0.038425484378784756,,,,,-0.00039360653073272633,-0.00942396446305338,,,,,,,0.37109799019769096,,0.29030244455497933,0.0004898466072222885,-0.018963511158919588,0.005906468756322392,,,,0.06697013541957116,0.061931546249975704,0.13798934079710867,0.08036945585858732,0.1480044758129493,0.07999219830417204,,,,,-0.006707705833154831,-0.020374174563809744,,,,,,,0.28407789798461747,,0.2612322132798192,0.0034920070035293627,-0.027739201962440396,0.008421651292226828,,,,0.10348103313118587,0.08554802670956478,0.15716997133879249,0.08934011841058538,0.13472706627198494,0.07043972209601422,,,,,-0.0077813774932118385,-0.027739201962440396,,,,,,,0.9684814954524499,,0.31668961448643224,-0.0003383805989679578,-0.02099893858566959,-0.018858553873528194,,,,0.06637388507580655,0.0633108458931838,0.06563645648021163,0.05140258497356974,0.07298061819113466,0.04457645876086276,,,,,-0.01623759248526191,-0.027659676705180658,,,,,,,0.6601737668161436,,0.7006027062122625,0.0004892584561078106,-0.008600781082802822,-0.008883363547977918,,,,0.03331534472275006,0.02923295772587739,0.0368519385017091,0.022185927528052336,0.03670465560951068,0.02035569363395812,,,,,-0.006393330861118152,-0.012103618856157516,,,,,,,-0.6277533039647577,,0.8081318564501702,-0.017834386326292417,-0.03796786651251938,-0.011538411557219574,,,,0.194362876618421,0.13032219108402712,0.21287765446560622,0.11773361131409754,0.22949330903553278,0.1343764382569937,,,,,-0.020996760757896027,-0.04881918180864109,,,,,,,0.5732098910113677,,0.395308369093332,,,,,,,,0.0,,0.0,,0.0,,,,,,,,,,,,,,,,0.00590782426821268,-0.05955021176251318,-0.02953339609700978,,,,0.2618143695400766,0.23537192310613667,0.2955965147720541,0.21194444876033222,0.2671510204488336,0.17473238741375208,,,,,-0.03772538738324249,-0.06030490169930025,,,,,,,2.397141687915132,,0.49504158694325945,0.005185637686873745,0.004266604697020782,0.04470492759117639,,,,0.18168456255672377,0.08241290224682148,0.13026335092455482,0.061803627436375526,0.11202165608858826,0.049258969492837965,,,,,0.016003009305127325,-0.006931921064800117,,,,,,,0.7701421800947867,,1.0966102286221298,0.0956968079731212,0.10252022372031798,-0.1248470740193183,,,0.04085432978299974,,0.15070196035387015,,,0.03353418746669112,,,,,,,0.7833482679532481,,,0.05152917200648133,,-0.18180044094220207,,,0.024765022629850586,,12.32,-0.026856240126382325,0.06759098786828432,-0.0934510669610007,0.006906133791017899,,,4.73,0.14000000000000057,0.16000000000000014,4.72,0.009999999999999787,0.10999999999999943,0.01,0.13,0.05,,,,,,,4.51,-0.009999999999999787,0.040000000000000036,0.010000000000000675,,0.07803886448698616,0.025662552471649613,-0.006706260302591027,0,0.0,0.0,0.0,1.0,1.0,1.0,0.0,0.0,0.0,0.0,0.0,0.0,1.0,1.0,1.0,1.0,0.0,0.0,1.0,1.0,1.0,1.0,1.0,1.0,0.0,1.0,0.0,0.0,0.0,0.0,1.0,1.0,1.0,0.0,0.0,0.0,0.0,0.0,0.0,1.0,1.0,1.0,1.0,0.0,0.0,1.0,1.0,1.0,1.0,1.0,1.0,0.0,1.0,0.0,0.0,0.0,0.0,1.0,1.0,1.0,0.0,0.0,0.0,0.0,0.0,0.0,1.0,1.0,1.0,1.0,0.0,0.0,1.0,1.0,1.0,1.0,1.0,1.0,0.0,1.0,0.0,0.0,0.0,0.0,1.0,1.0,1.0,0.0,0.0,0.0,0.0,0.0,0.0,1.0,1.0,1.0,1.0,0.0,0.0,1.0,1.0,1.0,1.0,1.0,1.0,0.0,1.0,0.0,0.0,0.0,0.0,1.0,1.0,1.0,0.0,0.0,0.0,0.0,0.0,0.0,1.0,1.0,1.0,1.0,0.0,0.0,1.0,1.0,1.0,1.0,1.0,1.0,0.0,1.0,0.0,0.0,0.0,0.0,1.0,1.0,1.0,0.0,0.0,0.0,0.0,0.0,0.0,1.0,1.0,1.0,1.0,0.0,0.0,1.0,1.0,1.0,1.0,1.0,1.0,0.0,1.0,0.0,1.0,1.0,1.0,1.0,1.0,1.0,1.0,0.0,1.0,0.0,1.0,0.0,1.0,1.0,1.0,1.0,1.0,1.0,1.0,1.0,1.0,1.0,1.0,1.0,1.0,1.0,1.0,0.0,0.0,0.0,1.0,1.0,1.0,0.0,0.0,0.0,0.0,0.0,0.0,1.0,1.0,1.0,1.0,0.0,0.0,1.0,1.0,1.0,1.0,1.0,1.0,0.0,1.0,0.0,0.0,0.0,0.0,1.0,1.0,1.0,0.0,0.0,0.0,0.0,0.0,0.0,1.0,1.0,1.0,1.0,0.0,0.0,1.0,1.0,1.0,1.0,1.0,1.0,0.0,1.0,0.0,0.0,0.0,0.0,1.0,1.0,0.0,1.0,0.0,1.0,1.0,0.0,1.0,1.0,1.0,1.0,1.0,1.0,0.0,1.0,1.0,0.0,1.0,0.0,1.0,1.0,0.0,1.0,0.0,0.0,0.0,0.0,1.0,1.0,0.0,0.0,0.0,0.0,0.0,0.0,0.0,0.0
2006-03-09,-0.006706260302591027,-0.015306197628193075,0.006001724731126812,,,,0.05457932421606758,0.04270381607049521,0.08424431601111225,0.05494724066078706,0.08225839040610053,0.04212033149496219,,,,,-0.007391216955460744,-0.016067025206872865,,,,,,,-0.07138086781009301,,0.28993461342643373,-0.008563860162889236,-0.028064400799818423,-0.01411165325683017,,,,0.059342380417641054,0.05614345909933089,0.14317426123870966,0.08348845543021328,0.14498715720987262,0.08023667471115124,,,,,-0.014519561790589441,-0.02876355314480028,,,,,,,0.5539956911668922,,0.26130935688931645,-0.008768399174175046,-0.03220543273155463,-0.006694546399849899,,,,0.10464695638983569,0.08459707735061575,0.16145145462000046,0.08878602162893781,0.1366420241282847,0.07189289952747978,,,,,-0.01615547157475361,-0.036264372741035666,,,,,,,-0.14883160947846552,,0.33571038905589334,0.0003384951391558477,-0.013800518749528368,-0.016247079442536783,,,,0.06766440132336085,0.06460197136463873,0.06752522820651691,0.05405281536822597,0.07292980491149893,0.04534118184653111,,,,,-0.015104231159411396,-0.027330544232140097,,,,,,,-0.8279878048780488,,0.7774417510263597,0.0009771705039840484,-0.0036493570116927776,-0.007315518940663623,,,,0.030513699230974373,0.02474755748708189,0.03769623756388765,0.023338618382374835,0.037041810942208375,0.020696177152540445,,,,,-0.005057787772110078,-0.011138275651511154,,,,,,,3.476610767872904,,0.8505147042822144,0.00500278769050877,-0.044060626119945434,-0.010760534978748182,,,,0.15663084162639088,0.13032219108402712,0.20756971182191988,0.1178377850628004,0.2297276687521982,0.1343764382569937,,,,,-0.01557222520299062,-0.044060626119945434,,,,,,,-0.016261004660797496,,0.38972894682086856,,,,,,,,0.0,,0.0,,0.0,,,,,,,,,,,,,,,,-0.010144391395916053,-0.06983753656928648,-0.04235543817058107,,,,0.23772625280169293,0.20771194943934645,0.2953883439107217,0.20568252586953806,0.2682808239641687,0.1731867064210303,,,,,-0.0454764467407095,-0.06983753656928648,,,,,,,1.0581792486161818,,0.5065981627713668,0.008194612132132795,0.013732549160518248,0.057962141673697065,,,,0.18707238037371784,0.0852009065599683,0.13605095292972294,0.06332414147339205,0.1110532969077811,0.048564836009878064,,,,,0.021462562332992485,0.0,,,,,,,0.9717314487632509,,1.097980500853152,0.08866307152771163,0.0930191319337716,-0.11997379971573299,,,0.022248804173663594,,0.09687221956608638,,,0.016762259709874994,,,,,,,0.8048565084706886,,,0.048357162901707884,,-0.17730890469143998,,,0.0021354261857066126,,12.68,0.02922077922077926,0.0819112627986347,-0.011691348402182444,0.03696434412823035,,,4.74,0.10000000000000053,0.1800000000000006,4.72,0.0,0.08000000000000007,0.02,0.1,0.1,,,,,,,4.51,0.009999999999999787,0.02999999999999936,0.020000000000000462,,0.07275489304573174,0.03148365747292403,0.009499029155946026,0,0.0,0.0,0.0,1.0,1.0,1.0,0.0,0.0,0.0,0.0,0.0,0.0,1.0,1.0,1.0,1.0,0.0,0.0,1.0,1.0,1.0,1.0,1.0,1.0,0.0,1.0,0.0,0.0,0.0,0.0,1.0,1.0,1.0,0.0,0.0,0.0,0.0,0.0,0.0,1.0,1.0,1.0,1.0,0.0,0.0,1.0,1.0,1.0,1.0,1.0,1.0,0.0,1.0,0.0,0.0,0.0,0.0,1.0,1.0,1.0,0.0,0.0,0.0,0.0,0.0,0.0,1.0,1.0,1.0,1.0,0.0,0.0,1.0,1.0,1.0,1.0,1.0,1.0,0.0,1.0,0.0,0.0,0.0,0.0,1.0,1.0,1.0,0.0,0.0,0.0,0.0,0.0,0.0,1.0,1.0,1.0,1.0,0.0,0.0,1.0,1.0,1.0,1.0,1.0,1.0,0.0,1.0,0.0,0.0,0.0,0.0,1.0,1.0,1.0,0.0,0.0,0.0,0.0,0.0,0.0,1.0,1.0,1.0,1.0,0.0,0.0,1.0,1.0,1.0,1.0,1.0,1.0,0.0,1.0,0.0,0.0,0.0,0.0,1.0,1.0,1.0,0.0,0.0,0.0,0.0,0.0,0.0,1.0,1.0,1.0,1.0,0.0,0.0,1.0,1.0,1.0,1.0,1.0,1.0,0.0,1.0,0.0,1.0,1.0,1.0,1.0,1.0,1.0,1.0,0.0,1.0,0.0,1.0,0.0,1.0,1.0,1.0,1.0,1.0,1.0,1.0,1.0,1.0,1.0,1.0,1.0,1.0,1.0,1.0,0.0,0.0,0.0,1.0,1.0,1.0,0.0,0.0,0.0,0.0,0.0,0.0,1.0,1.0,1.0,1.0,0.0,0.0,1.0,1.0,1.0,1.0,1.0,1.0,0.0,1.0,0.0,0.0,0.0,0.0,1.0,1.0,1.0,0.0,0.0,0.0,0.0,0.0,0.0,1.0,1.0,1.0,1.0,0.0,0.0,1.0,1.0,1.0,1.0,1.0,1.0,0.0,1.0,0.0,0.0,0.0,0.0,1.0,1.0,0.0,1.0,0.0,1.0,1.0,0.0,1.0,1.0,1.0,1.0,1.0,1.0,0.0,1.0,1.0,0.0,1.0,0.0,1.0,1.0,0.0,1.0,0.0,0.0,0.0,0.0,1.0,1.0,0.0,0.0,0.0,0.0,0.0,0.0,0.0,0.0
2006-03-10,0.009499029155946026,-0.001320377606822687,0.017244840706257758,,,,0.10111390872017367,0.04736717013694153,0.098975662330908,0.05494724066078706,0.08800719686955791,0.042636641076823724,,,,,0.0011872424262646675,-0.006720617191816269,,,,,,,-0.17590272810871566,,0.29024284499982334,0.000986570504493578,-0.021472405187579313,-0.003684840315912985,,,,0.07586818791224476,0.06960534680458558,0.14203293317105717,0.08348845543021328,0.14125646433101674,0.07918663481704968,,,,,-0.0133673360900598,-0.027805359913443906,,,,,,,0.11072750814028498,,0.260329345695701,0.01544534974648748,-0.012291299036705228,0.013879505266756853,,,,0.1890121998394382,0.09918070153339548,0.17781426879845133,0.08878602162893781,0.14606773486390962,0.07286195430071926,,,,,-0.0016423439044512822,-0.021379138914870532,,,,,,,0.04921360376886508,,0.3403027932967553,-0.003723738044096425,-0.011754016133706635,-0.02433500478757844,,,,0.06328588588004828,0.060441168526519956,0.06752920498366127,0.053376588419931446,0.07076195356668631,0.04485043015525522,,,,,-0.01756953644106507,-0.030952510488913454,,,,,,,-0.1327694885502274,,0.7674892787714024,-0.0019536943077705926,-0.003171018751278787,-0.010210770783353196,,,,0.02897622497869617,0.02333733377416766,0.038064113415362116,0.023401901093740397,0.037099327810281316,0.02040534559510953,,,,,-0.0064927324001509135,-0.013070209173543068,,,,,,,4.339869281045751,,0.8494963917897969,-0.007558994003034503,-0.04353228502811268,-0.04182980529290936,,,,0.15687354800294226,0.13087951805532044,0.1804888695838319,0.11352488964543739,0.21108864206761177,0.1322423841385827,,,,,-0.020925571531141385,-0.051286566114369214,,,,,,,1.0914013149413435,,0.408865582953126,,,,,,,,0.0,,0.0,,0.0,,,,,,,,,,,,,,,,0.021035670515312077,-0.034183705393661,-0.024729501498955586,,,,0.34181463265742296,0.2344184696068658,0.32341498335216734,0.20568252586953806,0.2801079909601767,0.1731867064210303,,,,,-0.024191667393995586,-0.05027094546284694,,,,,,,0.2222573756228743,,0.5016672492859757,0.00903061220732182,0.028536639515011508,0.062440358761086445,,,,0.1747718759412088,0.08610236729076481,0.1365676588759874,0.062978374510984,0.11303099875477372,0.048564836009878064,,,,,0.027574769077259864,0.0,,,,,,,-0.3310069790628115,,1.0966785762403133,0.08931536184862139,0.09307462538498498,-0.14031280411912395,,,0.0415798454938362,,0.10006323911351374,,,0.05907464599916712,,,,,,,0.8332666970644154,,,0.041974342205213344,,-0.12568585001209612,,,0.020650164471665455,,11.85,-0.0654574132492114,-0.009197324414715768,-0.09679878048780488,-0.025853919191088925,,,4.76,0.08000000000000007,0.21999999999999975,4.74,-0.019999999999999574,0.08000000000000007,0.02,0.1,0.13999999999999999,,,,,,,4.51,0.0,-0.009999999999999787,0.019999999999999574,,0.07774105849026243,0.011394081255297506,0.0018668818927021213,0,0.0,0.0,0.0,1.0,1.0,1.0,0.0,0.0,0.0,0.0,0.0,0.0,1.0,1.0,1.0,1.0,0.0,0.0,1.0,1.0,1.0,1.0,1.0,1.0,0.0,1.0,0.0,0.0,0.0,0.0,1.0,1.0,1.0,0.0,0.0,0.0,0.0,0.0,0.0,1.0,1.0,1.0,1.0,0.0,0.0,1.0,1.0,1.0,1.0,1.0,1.0,0.0,1.0,0.0,0.0,0.0,0.0,1.0,1.0,1.0,0.0,0.0,0.0,0.0,0.0,0.0,1.0,1.0,1.0,1.0,0.0,0.0,1.0,1.0,1.0,1.0,1.0,1.0,0.0,1.0,0.0,0.0,0.0,0.0,1.0,1.0,1.0,0.0,0.0,0.0,0.0,0.0,0.0,1.0,1.0,1.0,1.0,0.0,0.0,1.0,1.0,1.0,1.0,1.0,1.0,0.0,1.0,0.0,0.0,0.0,0.0,1.0,1.0,1.0,0.0,0.0,0.0,0.0,0.0,0.0,1.0,1.0,1.0,1.0,0.0,0.0,1.0,1.0,1.0,1.0,1.0,1.0,0.0,1.0,0.0,0.0,0.0,0.0,1.0,1.0,1.0,0.0,0.0,0.0,0.0,0.0,0.0,1.0,1.0,1.0,1.0,0.0,0.0,1.0,1.0,1.0,1.0,1.0,1.0,0.0,1.0,0.0,1.0,1.0,1.0,1.0,1.0,1.0,1.0,0.0,1.0,0.0,1.0,0.0,1.0,1.0,1.0,1.0,1.0,1.0,1.0,1.0,1.0,1.0,1.0,1.0,1.0,1.0,1.0,0.0,0.0,0.0,1.0,1.0,1.0,0.0,0.0,0.0,0.0,0.0,0.0,1.0,1.0,1.0,1.0,0.0,0.0,1.0,1.0,1.0,1.0,1.0,1.0,0.0,1.0,0.0,0.0,0.0,0.0,1.0,1.0,1.0,0.0,0.0,0.0,0.0,0.0,0.0,1.0,1.0,1.0,1.0,0.0,0.0,1.0,1.0,1.0,1.0,1.0,1.0,0.0,1.0,0.0,0.0,0.0,0.0,1.0,1.0,0.0,1.0,0.0,1.0,1.0,0.0,1.0,1.0,1.0,1.0,1.0,1.0,0.0,1.0,1.0,0.0,1.0,0.0,1.0,1.0,0.0,1.0,0.0,0.0,0.0,0.0,1.0,1.0,0.0,0.0,0.0,0.0,0.0,0.0,0.0,0.0
2006-03-13,0.0018668818927021213,0.0051498403817522576,0.017293780838856243,,,,0.09382887553925308,0.04626108111034256,0.09967913314267637,0.05494724066078706,0.0880143381015021,0.042636641076823724,,,,,0.002201876101374456,-0.004866281897657365,,,,,,,-0.20876190012248075,,0.2968533798488781,0.002959545036102851,-0.009977770701550037,-0.006835512765870244,,,,0.07862448088405909,0.06471594097836254,0.12653479076334492,0.08348845543021328,0.13982090119237633,0.07918663481704968,,,,,-0.010110262458697061,-0.024928106092249935,,,,,,,-0.30539862021871644,,0.2867580913901004,0.0020736399927463456,-0.0024775335284101807,0.018123019502558346,,,,0.18438439988344257,0.10658384511182271,0.1774198338313182,0.08878602162893781,0.14576004004419044,0.0737662558088562,,,,,-0.00046210002376878556,-0.019349831559588693,,,,,,,0.1972270222185868,,0.34159425256540754,-0.0007936259452328009,-0.003839432494813222,-0.019711540781028658,,,,0.027811297074783053,0.025015617802604743,0.06804999010908575,0.05429717338263839,0.06892684073410466,0.04361710367823317,,,,,-0.017379424601569715,-0.03172157171875212,,,,,,,0.9939268935487566,,0.7733382217567168,-0.000854923744750824,-0.000854923744750824,-0.00818507865766116,,,,0.019185628842313056,0.013691903666147833,0.037668905944069506,0.023529526135479758,0.03604988168313425,0.01949254251018647,,,,,-0.0069353443130134584,-0.013913958886122568,,,,,,,-0.29597946963216426,,0.8592047180113305,0.008916951995335376,-0.016657580600589306,-0.008760714258362001,,,,0.1692173992808325,0.11750405105142064,0.18832044845710177,0.11784235826235896,0.19605715323224565,0.11520879400035,,,,,-0.011763828991613101,-0.04282693396708137,,,,,,,-0.5534425625920472,,0.4639015649595187,,,,,,,,0.0,,0.0,,0.0,,,,,,,,,,,,,,,,-0.0010566256973629784,-0.020207234529578955,-0.024252087923531285,,,,0.33453077722038566,0.24432656797809285,0.3157709186408563,0.20423964013291632,0.2801065519421472,0.17341245636182226,,,,,-0.02404045598237836,-0.051274453587403124,,,,,,,0.4718610883479879,,0.5014796235928015,-0.006563210389342267,0.0036169226072679805,0.05446504542551178,,,,0.1510223606501597,0.08710007858891552,0.14363554552849683,0.06502457078377882,0.11792700537663857,0.05134460824654532,,,,,0.01814635066036252,-0.006563210389342267,,,,,,,-0.058430717863105164,,0.9757107744910272,0.0853326384411824,0.08781794490722089,-0.13424483835662848,,,0.0370053216198849,,0.13246635140638563,,,0.026054495097218244,,,,,,,0.8334646615070684,,,0.04154586876238753,,-0.09039611180226766,,,0.012876028015158414,,11.37,-0.040506329113924044,-0.1075353218210362,-0.1165501165501166,-0.05951445469208816,,,4.77,0.02999999999999936,0.17999999999999972,4.74,-0.02999999999999936,0.04999999999999982,0.03,0.06,0.13,,,,,,,4.52,0.009999999999999787,0.009999999999999787,0.02999999999999936,,0.07767804200758131,0.011068160451552345,0.010478481358269676,0,0.0,0.0,0.0,1.0,1.0,1.0,0.0,0.0,0.0,0.0,0.0,0.0,1.0,1.0,1.0,1.0,0.0,0.0,1.0,1.0,1.0,1.0,1.0,1.0,0.0,1.0,0.0,0.0,0.0,0.0,1.0,1.0,1.0,0.0,0.0,0.0,0.0,0.0,0.0,1.0,1.0,1.0,1.0,0.0,0.0,1.0,1.0,1.0,1.0,1.0,1.0,0.0,1.0,0.0,0.0,0.0,0.0,1.0,1.0,1.0,0.0,0.0,0.0,0.0,0.0,0.0,1.0,1.0,1.0,1.0,0.0,0.0,1.0,1.0,1.0,1.0,1.0,1.0,0.0,1.0,0.0,0.0,0.0,0.0,1.0,1.0,1.0,0.0,0.0,0.0,0.0,0.0,0.0,1.0,1.0,1.0,1.0,0.0,0.0,1.0,1.0,1.0,1.0,1.0,1.0,0.0,1.0,0.0,0.0,0.0,0.0,1.0,1.0,1.0,0.0,0.0,0.0,0.0,0.0,0.0,1.0,1.0,1.0,1.0,0.0,0.0,1.0,1.0,1.0,1.0,1.0,1.0,0.0,1.0,0.0,0.0,0.0,0.0,1.0,1.0,1.0,0.0,0.0,0.0,0.0,0.0,0.0,1.0,1.0,1.0,1.0,0.0,0.0,1.0,1.0,1.0,1.0,1.0,1.0,0.0,1.0,0.0,1.0,1.0,1.0,1.0,1.0,1.0,1.0,0.0,1.0,0.0,1.0,0.0,1.0,1.0,1.0,1.0,1.0,1.0,1.0,1.0,1.0,1.0,1.0,1.0,1.0,1.0,1.0,0.0,0.0,0.0,1.0,1.0,1.0,0.0,0.0,0.0,0.0,0.0,0.0,1.0,1.0,1.0,1.0,0.0,0.0,1.0,1.0,1.0,1.0,1.0,1.0,0.0,1.0,0.0,0.0,0.0,0.0,1.0,1.0,1.0,0.0,0.0,0.0,0.0,0.0,0.0,1.0,1.0,1.0,1.0,0.0,0.0,1.0,1.0,1.0,1.0,1.0,1.0,0.0,1.0,0.0,0.0,0.0,0.0,1.0,1.0,0.0,1.0,0.0,1.0,1.0,0.0,1.0,1.0,1.0,1.0,1.0,1.0,0.0,1.0,1.0,0.0,1.0,0.0,1.0,1.0,0.0,1.0,0.0,0.0,0.0,0.0,1.0,1.0,0.0,0.0,0.0,0.0,0.0,0.0,0.0,0.0
2006-03-14,0.010478481358269676,0.017269837827839085,0.029822997212140434,,,,0.11015498517961705,0.04777008414201526,0.09927234095707203,0.04078896912123318,0.09362774609814573,0.0431023246408204,,,,,0.011220615012327295,0.0,,,,,,,0.13105204205837406,,0.30922186878560015,0.016960888549941266,0.012729238708019786,0.021733531058174993,,,,0.14522926058433241,0.061059201982254036,0.13898975943178515,0.06122499615311611,0.14580683875114636,0.07482937999464227,,,,,0.005602483383868817,-0.008390020371500384,,,,,,,0.22562890717754147,,0.29955270248132043,0.011039144236669518,0.02332414226384394,0.03620438273535309,,,,0.14703112202953716,0.06252397886523671,0.1740111680678862,0.08029278189677713,0.14709734981903405,0.07364261375534199,,,,,0.008790983066184976,-0.008524292904460773,,,,,,,-0.02367370442445571,,0.34168592182415236,0.006688879813184556,0.0021442747415296726,-0.013263684337643133,,,,0.060606281196166574,0.025015617802604743,0.07376335022507138,0.05429717338263839,0.07405954848859736,0.04361710367823317,,,,,-0.010148705400334856,-0.0252448736862797,,,,,,,-0.4657687991021324,,0.7104304407520111,0.005753560375628242,0.004401668404489412,-0.002478611626269056,,,,0.04682653094737943,0.013691903666147833,0.0443854762063697,0.023529526135479758,0.042152677547145294,0.01949254251018647,,,,,-0.0010977363343519508,-0.0082404533130096,,,,,,,-0.05832693783576359,,0.8686713516809126,0.01031113136500772,-0.0014559022737747895,0.021407254003159792,,,,0.19278318774638908,0.12562619277584908,0.17703123981461463,0.11784235826235896,0.18555050106777274,0.10374854201802937,,,,,-0.002617537308238771,-0.032957396744168754,,,,,,,-0.3907739316824007,,0.4625679813859643,,,,,,,,0.0,,0.0,,0.0,,,,,,,,,,,,,,,,0.031200327064893507,0.04726083404501624,0.0316366780507058,,,,0.26212118088274544,0.07088298575361912,0.33736537847162673,0.18947419075391764,0.2871642524064111,0.1619665523432739,,,,,0.004859149670895846,-0.021673906244510155,,,,,,,-0.36517713885251646,,0.4998229516412709,0.0072068401461165,0.02318436355007969,0.060552862865266954,,,,0.10165992419652199,0.046747747567960164,0.14260710706791876,0.06641947994389534,0.11889873125896236,0.05134460824654532,,,,,0.022490597542998314,0.0,,,,,,,0.1272727272727272,,0.8554389246715118,0.088277555753403,0.08834044934038365,0.02132464489880202,,,0.04308668154978357,,0.15639633268042102,,,0.008415743208980642,,,,,,,0.8667371657069474,,,-0.001813680838565368,,0.08557045763517122,,,0.034997215395818126,,10.74,-0.05540897097625319,-0.15165876777251186,-0.19550561797752808,-0.10193159963207621,,,4.71,-0.03000000000000025,0.1299999999999999,4.66,-0.10999999999999943,-0.019999999999999574,0.05,0.08,0.15000000000000002,,,,,,,4.51,0.0,0.0699999999999994,0.04999999999999982,,0.07478592118984392,-0.007899952829622525,0.004455348993966712,0,0.0,0.0,0.0,1.0,1.0,1.0,0.0,0.0,0.0,0.0,0.0,0.0,1.0,1.0,1.0,1.0,0.0,0.0,1.0,1.0,1.0,1.0,1.0,1.0,0.0,1.0,0.0,0.0,0.0,0.0,1.0,1.0,1.0,0.0,0.0,0.0,0.0,0.0,0.0,1.0,1.0,1.0,1.0,0.0,0.0,1.0,1.0,1.0,1.0,1.0,1.0,0.0,1.0,0.0,0.0,0.0,0.0,1.0,1.0,1.0,0.0,0.0,0.0,0.0,0.0,0.0,1.0,1.0,1.0,1.0,0.0,0.0,1.0,1.0,1.0,1.0,1.0,1.0,0.0,1.0,0.0,0.0,0.0,0.0,1.0,1.0,1.0,0.0,0.0,0.0,0.0,0.0,0.0,1.0,1.0,1.0,1.0,0.0,0.0,1.0,1.0,1.0,1.0,1.0,1.0,0.0,1.0,0.0,0.0,0.0,0.0,1.0,1.0,1.0,0.0,0.0,0.0,0.0,0.0,0.0,1.0,1.0,1.0,1.0,0.0,0.0,1.0,1.0,1.0,1.0,1.0,1.0,0.0,1.0,0.0,0.0,0.0,0.0,1.0,1.0,1.0,0.0,0.0,0.0,0.0,0.0,0.0,1.0,1.0,1.0,1.0,0.0,0.0,1.0,1.0,1.0,1.0,1.0,1.0,0.0,1.0,0.0,1.0,1.0,1.0,1.0,1.0,1.0,1.0,0.0,1.0,0.0,1.0,0.0,1.0,1.0,1.0,1.0,1.0,1.0,1.0,1.0,1.0,1.0,1.0,1.0,1.0,1.0,1.0,0.0,0.0,0.0,1.0,1.0,1.0,0.0,0.0,0.0,0.0,0.0,0.0,1.0,1.0,1.0,1.0,0.0,0.0,1.0,1.0,1.0,1.0,1.0,1.0,0.0,1.0,0.0,0.0,0.0,0.0,1.0,1.0,1.0,0.0,0.0,0.0,0.0,0.0,0.0,1.0,1.0,1.0,1.0,0.0,0.0,1.0,1.0,1.0,1.0,1.0,1.0,0.0,1.0,0.0,0.0,0.0,0.0,1.0,1.0,0.0,1.0,0.0,1.0,1.0,0.0,1.0,1.0,1.0,1.0,1.0,1.0,0.0,1.0,1.0,0.0,1.0,0.0,1.0,1.0,0.0,1.0,0.0,0.0,0.0,0.0,1.0,1.0,0.0,0.0,0.0,0.0,0.0,0.0,0.0,0.0
2006-03-15,0.004455348993966712,0.019650484262285772,0.023561285384044783,,,,0.10964374929176934,0.04777008414201526,0.0923718514083766,0.04078896912123318,0.0881286314213603,0.0431023246408204,,,,,0.014539911709146924,0.0,,,,,,,-0.19932556033371118,,0.2877259370566097,0.00846100840437658,0.02079791491280658,0.02004922591066194,,,,0.14908266916711435,0.061059201982254036,0.12763686068397467,0.06122499615311611,0.1445684764080567,0.07482937999464227,,,,,0.013101212092912151,0.0,,,,,,,-0.18839690309623047,,0.30327112888222185,0.009144295067744723,0.029088137188340468,0.03369209645114246,,,,0.14970564724075483,0.06252397886523671,0.15412620948367894,0.08029278189677713,0.14520307633545076,0.07364261375534199,,,,,0.016329516886535167,0.0,,,,,,,-0.3815371274384177,,0.3287158494489008,-0.005405112514844768,-0.0029350403813102055,-0.015106845653028,,,,0.0739284217313529,0.03900099550680112,0.07295916154805128,0.05345774578304142,0.07531149390596464,0.04488841197765621,,,,,-0.014755062148901543,-0.030513534818427113,,,,,,,-0.1803832193804339,,0.6446458889025157,-0.001825382005156917,0.0020779765493281754,-0.00285137698001825,,,,0.05076129320757159,0.015042965291559789,0.04427073294782734,0.023447654845186225,0.042329503037944013,0.01961320449412134,,,,,-0.0027789518374491395,-0.01005079334297454,,,,,,,0.4011834319526628,,0.8682814742427434,0.004556223890405997,0.021308091257565165,0.011561703688971026,,,,0.11176449516289035,0.05386738300020842,0.17986539321106826,0.11784235826235896,0.17951762146453162,0.10374854201802937,,,,,0.0013534065368556725,-0.028551334132174255,,,,,,,-0.29875895770325234,,0.4747001839564806,,,,,,,,0.0,,0.0,,0.0,,,,,,,,,,,,,,,,0.011589994170726037,0.053176598738089,0.017853320451481913,,,,0.26063857989033856,0.07088298575361912,0.31071264607393584,0.18947419075391764,0.2763835608819393,0.1619665523432739,,,,,0.01560007020726939,-0.01033511252081487,,,,,,,-0.537487142896856,,0.5049270515529665,0.0189326468741553,0.03717752493106974,0.07468503481272393,,,,0.14366936515481088,0.046747747567960164,0.16357229228763237,0.06641947994389534,0.13134032686024757,0.05134460824654532,,,,,0.03809100041083813,0.0,,,,,,,-0.23694779116465858,,0.8575336861916424,0.08446404993329369,0.08535661751106058,0.045529088454339416,,,0.038668131037072784,,0.07701952454268987,,,0.011999581695073758,,,,,,,0.8547059721498381,,,0.00570796493256287,,0.07390409086263298,,,0.03515607156368994,,11.35,0.056797020484171235,-0.07873376623376627,-0.07346938775510203,-0.04733926473056904,,,4.73,0.0,0.11000000000000032,4.69,-0.02999999999999936,0.0,0.04,0.03,0.11000000000000001,,,,,,,4.47,-0.040000000000000036,0.019999999999999574,0.040000000000000036,,0.07311167547434011,-0.010457987738910934,0.0020649006302591033,0,0.0,0.0,0.0,1.0,1.0,1.0,0.0,0.0,0.0,0.0,0.0,0.0,1.0,1.0,1.0,1.0,0.0,0.0,1.0,1.0,1.0,1.0,1.0,1.0,0.0,1.0,0.0,0.0,0.0,0.0,1.0,1.0,1.0,0.0,0.0,0.0,0.0,0.0,0.0,1.0,1.0,1.0,1.0,0.0,0.0,1.0,1.0,1.0,1.0,1.0,1.0,0.0,1.0,0.0,0.0,0.0,0.0,1.0,1.0,1.0,0.0,0.0,0.0,0.0,0.0,0.0,1.0,1.0,1.0,1.0,0.0,0.0,1.0,1.0,1.0,1.0,1.0,1.0,0.0,1.0,0.0,0.0,0.0,0.0,1.0,1.0,1.0,0.0,0.0,0.0,0.0,0.0,0.0,1.0,1.0,1.0,1.0,0.0,0.0,1.0,1.0,1.0,1.0,1.0,1.0,0.0,1.0,0.0,0.0,0.0,0.0,1.0,1.0,1.0,0.0,0.0,0.0,0.0,0.0,0.0,1.0,1.0,1.0,1.0,0.0,0.0,1.0,1.0,1.0,1.0,1.0,1.0,0.0,1.0,0.0,0.0,0.0,0.0,1.0,1.0,1.0,0.0,0.0,0.0,0.0,0.0,0.0,1.0,1.0,1.0,1.0,0.0,0.0,1.0,1.0,1.0,1.0,1.0,1.0,0.0,1.0,0.0,1.0,1.0,1.0,1.0,1.0,1.0,1.0,0.0,1.0,0.0,1.0,0.0,1.0,1.0,1.0,1.0,1.0,1.0,1.0,1.0,1.0,1.0,1.0,1.0,1.0,1.0,1.0,0.0,0.0,0.0,1.0,1.0,1.0,0.0,0.0,0.0,0.0,0.0,0.0,1.0,1.0,1.0,1.0,0.0,0.0,1.0,1.0,1.0,1.0,1.0,1.0,0.0,1.0,0.0,0.0,0.0,0.0,1.0,1.0,1.0,0.0,0.0,0.0,0.0,0.0,0.0,1.0,1.0,1.0,1.0,0.0,0.0,1.0,1.0,1.0,1.0,1.0,1.0,0.0,1.0,0.0,0.0,0.0,0.0,1.0,1.0,0.0,1.0,0.0,1.0,1.0,0.0,1.0,1.0,1.0,1.0,1.0,1.0,0.0,1.0,1.0,0.0,1.0,0.0,1.0,1.0,0.0,1.0,0.0,0.0,0.0,0.0,1.0,1.0,0.0,0.0,0.0,0.0,0.0,0.0,0.0,0.0
