date,Buy and hold SPY,Rule[SPY realized volatility 20d],Rule[VIX close],TabICL[Direct all-history] Calibration Base,TabPFN[Direct all-history] Calibration Base,XGBoost[Raw + TabICL embeddings] Calibrated,XGBoost[Raw + TabICL embeddings] Calibration Base,XGBoost[Raw + TabPFN embeddings] Calibrated,XGBoost[Raw + TabPFN embeddings] Calibration Base,XGBoost[Raw all-history incumbent] Calibrated,XGBoost[Raw all-history incumbent] Calibration Base,XGBoost[Raw] Calibrated,XGBoost[Raw] Calibration Base
2020-01-02,0.992427967058614,0.992427967058614,0.992427967058614,0.992427967058614,0.992427967058614,0.992427967058614,0.992427967058614,0.992427967058614,0.992427967058614,0.992427967058614,0.992427967058614,0.992427967058614,0.992427967058614
2020-01-03,0.9962140863208054,0.9962140863208054,0.9962140863208054,0.9962140863208054,0.9962140863208054,0.9962140863208054,0.9962140863208054,0.9962140863208054,0.9962140863208054,0.9942714052913568,0.9942714052913568,0.9962140863208054,0.9962140863208054
2020-01-06,0.9934129151967054,0.9934129151967054,0.9934129151967054,0.9934129151967054,0.9934129151967054,0.9934129151967054,0.9934129151967054,0.9934129151967054,0.9934129151967054,0.9928735509605139,0.9928735509605139,0.9934129151967054,0.9934129151967054
2020-01-07,0.998707294115567,0.998707294115567,0.998707294115567,0.998707294115567,0.998707294115567,0.998707294115567,0.998707294115567,0.998707294115567,0.998707294115567,0.995519303153226,0.995519303153226,0.998707294115567,0.998707294115567
2020-01-08,1.005479198033064,1.005479198033064,1.005479198033064,1.005479198033064,1.005479198033064,1.005479198033064,1.005479198033064,1.005479198033064,1.005479198033064,1.002219814393027,1.002219814393027,1.005479198033064,1.005479198033064
2020-01-09,1.0025857201433612,1.0025857201433612,1.0025857201433612,1.0025857201433612,1.0025857201433612,1.0025857201433612,1.0025857201433612,1.0025857201433612,1.0025857201433612,0.9993357160653429,0.9993357160653429,1.0025857201433612,1.0025857201433612
2020-01-10,1.0094806654844959,1.0094806654844959,1.0094806654844959,1.0094806654844959,1.0094806654844959,1.0094806654844959,1.0094806654844959,1.0094806654844959,1.0094806654844959,1.0027220465463353,1.0027220465463353,1.0094806654844959,1.0094806654844959
2020-01-13,1.0079416711697908,1.0079416711697908,1.0079416711697908,1.0079416711697908,1.0079416711697908,1.0079416711697908,1.0079416711697908,1.0079416711697908,1.0079416711697908,1.001143219918644,1.001143219918644,1.0079416711697908,1.0079416711697908
2020-01-14,1.010219736358309,1.010219736358309,1.010219736358309,1.010219736358309,1.010219736358309,1.010219736358309,1.010219736358309,1.010219736358309,1.010219736358309,1.0022245127073783,1.0022245127073783,1.010219736358309,1.010219736358309
2020-01-15,1.0186228385646154,1.0186228385646154,1.0186228385646154,1.0186228385646154,1.0186228385646154,1.0186228385646154,1.0186228385646154,1.0186228385646154,1.0186228385646154,1.006392811301655,1.006392811301655,1.0186228385646154,1.0186228385646154
2020-01-16,1.0217933395426253,1.0217933395426253,1.0217933395426253,1.0217933395426253,1.0217933395426253,1.0217933395426253,1.0217933395426253,1.0217933395426253,1.0217933395426253,1.0094749262302873,1.0094749262302873,1.0217933395426253,1.0217933395426253
2020-01-17,1.0197928113999064,1.0197928113999064,1.0197928113999064,1.0197928113999064,1.0197928113999064,1.0197928113999064,1.0197928113999064,1.0197928113999064,1.0197928113999064,1.0074985158142664,1.0074985158142664,1.0197928113999064,1.0197928113999064
2020-01-21,1.0199155444490486,1.0199155444490486,1.0199155444490486,1.0199155444490486,1.0199155444490486,1.0199155444490486,1.0199155444490486,1.0199155444490486,1.0199155444490486,1.0075087675978767,1.0075087675978767,1.0199155444490486,1.0199155444490486
2020-01-22,1.0210854144928407,1.0210854144928407,1.0210854144928407,1.0210854144928407,1.0210854144928407,1.0210854144928407,1.0210854144928407,1.0210854144928407,1.0210854144928407,1.008614031302841,1.008614031302841,1.0210854144928407,1.0210854144928407
2020-01-23,1.0120049163117877,1.0120049163117877,1.0120049163117877,1.0164941111315895,1.0120049163117877,1.0120049163117877,1.0120049163117877,1.0120049163117877,1.0120049163117877,0.9996444409564947,0.9996444409564947,1.0120049163117877,1.0120049163117877
2020-01-24,0.9957828759848326,0.9957828759848326,0.9957828759848326,1.0083471109554516,0.9957828759848326,0.9957828759848326,0.9957828759848326,0.9957828759848326,0.9957828759848326,0.9915825053474454,0.9915825053474454,0.9957828759848326,0.9957828759848326
2020-01-27,1.006217960532382,1.006217960532382,1.006217960532382,1.013630485278238,1.006217960532382,1.006217960532382,1.006217960532382,1.006217960532382,1.006217960532382,1.0019239939224915,1.0019239939224915,1.006217960532382,1.006217960532382
2020-01-28,1.0053868912674615,1.0053868912674615,1.0053868912674615,1.0132118895189974,1.0053868912674615,1.0053868912674615,1.0053868912674615,1.0053868912674615,1.0053868912674615,1.0010964711890524,1.0010964711890524,1.0053868912674615,1.0053868912674615
2020-01-29,1.0086500073855693,1.0086500073855693,1.0086500073855693,1.0148561461113923,1.0086500073855693,1.0086500073855693,1.0086500073855693,1.0086500073855693,1.0086500073855693,1.0043456621813873,1.0043456621813873,1.0086500073855693,1.0086500073855693
2020-01-30,0.9903348237757971,0.9903348237757971,0.9903348237757971,1.005642208413759,0.9903348237757971,0.9903348237757971,0.9903348237757971,0.9903348237757971,0.9903348237757971,0.9861086373701649,0.9861086373701649,0.9903348237757971,0.9903348237757971
2020-01-31,0.9976913029449458,0.9976913029449458,0.9976913029449458,1.009377301727759,0.9976913029449458,0.9976913029449458,0.9976913029449458,0.9976913029449458,0.9976913029449458,0.9934337232655323,0.9934337232655323,0.9976913029449458,0.9976913029449458
2020-02-03,1.0128975576842763,1.0128975576842763,1.0128975576842763,1.017069484837336,1.0128975576842763,1.0128975576842763,1.0128975576842763,1.0128975576842763,1.0128975576842763,1.0085750863485086,1.0085750863485086,1.0128975576842763,1.0128975576842763
2020-02-04,1.0245946134582238,1.0245946134582238,1.0245946134582238,1.0287638650245525,1.0245946134582238,1.0245946134582238,1.0245946134582238,1.0245946134582238,1.0245946134582238,1.0202222257336642,1.0202222257336642,1.0245946134582238,1.0245946134582238
2020-02-05,1.0280423431075374,1.0280423431075374,1.0280423431075374,1.032225624078327,1.0280423431075374,1.0280423431075374,1.0280423431075374,1.0280423431075374,1.0280423431075374,1.023655242431535,1.023655242431535,1.0280423431075374,1.0280423431075374
2020-02-06,1.0225630422829748,1.0225630422829748,1.0225630422829748,1.0267240270370508,1.0225630422829748,1.0225630422829748,1.0225630422829748,1.0225630422829748,1.0225630422829748,1.018199324150029,1.018199324150029,1.0225630422829748,1.0225630422829748
2020-02-07,1.0301965445404302,1.0301965445404302,1.0301965445404302,1.0343885913270658,1.0301965445404302,1.0301965445404302,1.0301965445404302,1.0301965445404302,1.0301965445404302,1.0258002509565427,1.0258002509565427,1.0301965445404302,1.0301965445404302
2020-02-10,1.0319821356599026,1.0319821356599026,1.0319821356599026,1.0361814483236704,1.0319821356599026,1.0319821356599026,1.0319821356599026,1.0319821356599026,1.0319821356599026,1.027578222187535,1.027578222187535,1.0319821356599026,1.0319821356599026
2020-02-11,1.038630998153762,1.038630998153762,1.038630998153762,1.0428573661816738,1.038630998153762,1.038630998153762,1.038630998153762,1.038630998153762,1.038630998153762,1.0341987111135769,1.0341987111135769,1.038630998153762,1.038630998153762
2020-02-12,1.0375228030090362,1.0375228030090362,1.0375228030090362,1.0417446616004526,1.0375228030090362,1.0375228030090362,1.0375228030090362,1.0375228030090362,1.0375228030090362,1.0330952451161486,1.0330952451161486,1.0375228030090362,1.0375228030090362
2020-02-13,1.0391850443303758,1.0391850443303758,1.0391850443303758,1.0434136668673972,1.0391850443303758,1.0391850443303758,1.0391850443303758,1.0391850443303758,1.0391850443303758,1.03475039293587,1.03475039293587,1.0391850443303758,1.0391850443303758
2020-02-14,1.036507325795907,1.036507325795907,1.036507325795907,1.0407250522360258,1.036507325795907,1.036507325795907,1.036507325795907,1.036507325795907,1.036507325795907,1.0320841013828592,1.0320841013828592,1.036507325795907,1.036507325795907
2020-02-18,1.0414625955614016,1.0414625955614016,1.0414625955614016,1.0457004858457961,1.0414625955614016,1.0414625955614016,1.0414625955614016,1.0414625955614016,1.0414625955614016,1.0370182248721487,1.0370182248721487,1.0414625955614016,1.0414625955614016
2020-02-19,1.0371844133961583,1.0371844133961583,1.0371844133961583,1.041404895022085,1.0371844133961583,1.0371844133961583,1.0371844133961583,1.0371844133961583,1.0371844133961583,1.032758299557895,1.032758299557895,1.0371844133961583,1.0371844133961583
2020-02-20,1.0265027320438416,1.0265027320438416,1.0265027320438416,1.0306797480726198,1.0265027320438416,1.0265027320438416,1.0265027320438416,1.0265027320438416,1.0265027320438416,1.0221222015531863,1.0221222015531863,1.0265027320438416,1.0265027320438416
2020-02-21,0.9924588045081474,0.9924588045081474,0.9924588045081474,0.996497289945082,0.9924588045081474,0.9924588045081474,0.9924588045081474,0.9924588045081474,0.9924588045081474,0.9882235541594114,0.9882235541594114,0.9924588045081474,0.9924588045081474
2020-02-24,0.9623850958083581,0.9623850958083581,0.9773723272180272,0.9813494231861456,0.9773723272180272,0.9623850958083581,0.9623850958083581,0.9623850958083581,0.9623850958083581,0.9582781829630832,0.9582781829630832,0.9623850958083581,0.9623850958083581
2020-02-25,0.9588450593934418,0.9588450593934418,0.9755747445017358,0.9795445257968537,0.9755747445017358,0.9588450593934418,0.9588450593934418,0.9588450593934418,0.9588450593934418,0.9564678042786157,0.9564678042786157,0.9588450593934418,0.9588450593934418
2020-02-26,0.9157820002012658,0.9157820002012658,0.9536675382449469,0.9575481753528904,0.9536675382449469,0.9157820002012658,0.9157820002012658,0.9157820002012658,0.9157820002012658,0.9349896575918526,0.9349896575918526,0.9157820002012658,0.9157820002012658
2020-02-27,0.9119341032485094,0.9138122626248776,0.9516639967833606,0.9555364811367735,0.9516639967833606,0.9138122626248776,0.9138122626248776,0.9119341032485094,0.9119341032485094,0.9330253561240821,0.9330253561240821,0.9138122626248776,0.9138122626248776
2020-02-28,0.9514266997422297,0.9335992290461911,0.9722705746537817,0.9762269107139424,0.9722705746537817,0.9335992290461911,0.9335992290461911,0.9514266997422297,0.9514266997422297,0.9532283476431835,0.9532283476431835,0.9335992290461911,0.9335992290461911
2020-03-02,0.9241849996160737,0.9202336012776109,0.9583513187387546,0.9622510149544699,0.9583513187387546,0.9068212935475783,0.9068212935475783,0.9241849996160737,0.9241849996160737,0.9395817047618759,0.9395817047618759,0.9068212935475783,0.9068212935475783
2020-03-03,0.9630315515420729,0.9395738320706503,0.9784926563942025,0.9824743111742756,0.9784926563942025,0.944937991483632,0.944937991483632,0.9630315515420729,0.9630315515420729,0.9593285679429021,0.9593285679429021,0.9258343014509278,0.9258343014509278
2020-03-04,0.9310187840156342,0.9239573350764243,0.9622292962346539,0.9661447726072591,0.9622292962346539,0.9135266839311152,0.9135266839311152,0.9310187840156342,0.9310187840156342,0.9433837308408095,0.9433837308408095,0.8950117405545475,0.8950117405545475
2020-03-05,0.9156278129535996,0.9163202170875798,0.9542758351940973,0.9581589475668674,0.9542758351940973,0.898424880403439,0.898424880403439,0.9156278129535996,0.9156278129535996,0.9355860408526765,0.9355860408526765,0.8875691264466347,0.8875691264466347
2020-03-06,0.8441225003291898,0.8805405243674795,0.9170140837705789,0.9207455716730989,0.9170140837705789,0.8282630187452988,0.8282630187452988,0.8441225003291898,0.8441225003291898,0.8990540726272886,0.8990540726272886,0.8529120818677818,0.8529120818677818
2020-03-09,0.887801537575792,0.9033222665589214,0.9407394863662055,0.9445675170092731,0.9407394863662055,0.8711214086491939,0.8711214086491939,0.8659198128274743,0.8659198128274743,0.9223148057019801,0.9223148057019801,0.8749790085149518,0.8749790085149518
2020-03-10,0.8445224620496358,0.8813044219482814,0.9178096233519704,0.9215443484417664,0.9178096233519704,0.8286554659337461,0.8286554659337461,0.8448136267077212,0.8448136267077212,0.899834031314123,0.899834031314123,0.8536520108749601,0.8536520108749601
2020-03-11,0.763720943284688,0.8391440656595577,0.8739029098917158,0.8774589710187484,0.8739029098917158,0.7889723284165517,0.7889723284165517,0.8043989384200723,0.8043989384200723,0.8567872447371819,0.8567872447371819,0.8128145067971855,0.8128145067971855
2020-03-12,0.8290086037512114,0.8750117168762778,0.9112562632097019,0.9149643215508356,0.9112562632097019,0.822695482107743,0.822695482107743,0.8387814738428471,0.8387814738428471,0.8934090208049346,0.8934090208049346,0.8475567500266329,0.8475567500266329
2020-03-13,0.7382953633530425,0.8271381798194578,0.8613997188416254,0.8649049023355092,0.8613997188416254,0.7776842646696887,0.7776842646696887,0.7928901615368344,0.7928901615368344,0.8445289326421268,0.8445289326421268,0.8011853258530123,0.8011853258530123
2020-03-16,0.7781575466794185,0.8494676805835318,0.8846541473631641,0.8882539571231477,0.8846541473631641,0.7986787028492206,0.7986787028492206,0.8142950995506111,0.8142950995506111,0.8673279158190745,0.8673279158190745,0.822814200909541,0.822814200909541
2020-03-17,0.7387571541598025,0.827962164001099,0.8622578339180574,0.8657665092296607,0.8622578339180574,0.7784589835111511,0.7784589835111511,0.7936800282928678,0.7936800282928678,0.8453702412631208,0.8453702412631208,0.8019834561426937,0.8019834561426937
2020-03-18,0.7403269345282916,0.8288418297637803,0.8631739370059522,0.8666863400984592,0.8631739370059522,0.7792860547774723,0.7792860547774723,0.7945232711097125,0.7945232711097125,0.8462684021820149,0.8462684021820149,0.802835520909997,0.802835520909997
2020-03-19,0.7084231259902036,0.8109826855047707,0.8445750351310313,0.8480117560954502,0.8445750351310313,0.7624946941444408,0.7624946941444408,0.7774035925337259,0.7774035925337259,0.8280337656884423,0.8280337656884423,0.7855367373914637,0.7855367373914637
2020-03-20,0.6903100304663725,0.8006150067039207,0.8337779085783169,0.8371706941792267,0.8337779085783169,0.752746890378049,0.752746890378049,0.7674651920104152,0.7674651920104152,0.8174481042774682,0.8174481042774682,0.7754943619806086,0.7754943619806086
2020-03-23,0.7528543400266706,0.8368841543389914,0.8715493890125712,0.8750958732586764,0.8715493890125712,0.7868475353451728,0.7868475353451728,0.8022325997166482,0.8022325997166482,0.8544798183095441,0.8544798183095441,0.8106255040018339,0.8106255040018339
2020-03-24,0.7641247082905767,0.8431483093767997,0.8780730165272946,0.881646046534891,0.8780730165272946,0.7927371616775206,0.7927371616775206,0.808237384673986,0.808237384673986,0.860875678514111,0.860875678514111,0.8166931106213902,0.8166931106213902
2020-03-25,0.8087418721477291,0.8677639813130618,0.9037083135095015,0.9073856579461339,0.9037083135095015,0.8158810827250059,0.8158810827250059,0.831833833942161,0.831833833942161,0.8860089000891781,0.8860089000891781,0.8405364243778047,0.8405364243778047
2020-03-26,0.7846528900703519,0.8548404814219708,0.890249499197405,0.8938720774056047,0.890249499197405,0.8037302683206272,0.8037302683206272,0.8194454372192519,0.8194454372192519,0.8728136809162389,0.8728136809162389,0.8280184210695001,0.8280184210695001
2020-03-27,0.8101352109091388,0.8687213449791192,0.9047053328865433,0.9083867343663661,0.9047053328865433,0.8167812064006195,0.8167812064006195,0.8327515575466928,0.8327515575466928,0.8869863925260795,0.8869863925260795,0.8414637491458593,0.8414637491458593
2020-03-30,0.7980596768379201,0.8622469478300816,0.8979627546572717,0.9016167194275175,0.8979627546572717,0.8106939081608889,0.8106939081608889,0.826545235644741,0.826545235644741,0.8803758698260253,0.8803758698260253,0.8351924971155326,0.8351924971155326
2020-03-31,0.7621431451793207,0.842844313730101,0.8777564288385816,0.8813281705964646,0.8777564288385816,0.7924513416818613,0.7924513416818613,0.8079459761000641,0.8079459761000641,0.8605652912955083,0.8605652912955083,0.816398653350283,0.816398653350283
2020-04-01,0.779729948231118,0.8525688235171771,0.8878837451695583,0.8914966967180463,0.8878837451695583,0.8015944309836828,0.8015944309836828,0.8172678383040604,0.8172678383040604,0.8704942609299893,0.8704942609299893,0.825818040258792,0.825818040258792
2020-04-02,0.7684596313629611,0.8464072538514561,0.8814669522960462,0.8850537928115586,0.8814669522960462,0.7958012565279428,0.7958012565279428,0.8113613911265882,0.8113613911265882,0.8642031429763635,0.8642031429763635,0.8198498002224365,0.8198498002224365
2020-04-03,0.8200739667064508,0.8748321352990132,0.9110692430431335,0.9147765403670686,0.9110692430431335,0.8225266375660802,0.8225266375660802,0.838609327919372,0.838609327919372,0.8932256634875363,0.8932256634875363,0.8473828031239167,0.8473828031239167
2020-04-06,0.820910072754795,0.8752781026564133,0.9115336831640827,0.9152428703746873,0.9115336831640827,0.8229459408999948,0.8229459408999948,0.8390368298031883,0.8390368298031883,0.893681007401682,0.893681007401682,0.8478147775041059,0.8478147775041059
2020-04-07,0.8484665718449361,0.8899688714994192,0.9268329698608893,0.9306044124983588,0.9268329698608893,0.8367583606913278,0.8367583606913278,0.8531193209337194,0.8531193209337194,0.9086806527250112,0.9086806527250112,0.8620445987234384,0.8620445987234384
2020-04-08,0.8613781091730006,0.896740420719204,0.9338850087297976,0.9376851473253698,0.9338850087297976,0.8431250445225741,0.8431250445225741,0.8596104911948985,0.8596104911948985,0.9155945751801042,0.9155945751801042,0.8686036791776465,0.8686036791776465
2020-04-09,0.8535136858142904,0.8926467792414942,0.9296218013190269,0.9334045921909809,0.9296218013190269,0.8392761585201058,0.8392761585201058,0.8556863487339088,0.8556863487339088,0.9114148640361398,0.9114148640361398,0.8646384825983273,0.8646384825983273
2020-04-13,0.8786862958682652,0.9058101588470274,0.9433304315912833,0.9471690052357445,0.9433304315912833,0.8516525104270286,0.8516525104270286,0.8683046928467149,0.8683046928467149,0.9248550064445711,0.9248550064445711,0.8773888389908808,0.8773888389908808
2020-04-14,0.8600156078611241,0.8961866453422331,0.9333082949887778,0.937106086837025,0.9333082949887778,0.8426043789223889,0.8426043789223889,0.8590796451297376,0.8590796451297376,0.9150291565602808,0.9150291565602808,0.868067279436137,0.868067279436137
2020-04-15,0.8641649408830677,0.8983485693860256,0.9355597697833353,0.9393667232694543,0.9355597697833353,0.844637043296116,0.844637043296116,0.861152053762461,0.861152053762461,0.9172365355082045,0.9172365355082045,0.870161369470614,0.870161369470614
2020-04-16,0.887510740426694,0.910483212108142,0.9481970510551976,0.952055427810622,0.9481970510551976,0.8560461656563465,0.8560461656563465,0.8727842562926728,0.8727842562926728,0.9296263116255872,0.9296263116255872,0.8819152673326989,0.8819152673326989
2020-04-17,0.8718745088493718,0.9024627309447577,0.939844347253492,0.9436687354216734,0.939844347253492,0.840921477036867,0.840921477036867,0.8650958666615388,0.8650958666615388,0.9214371981721764,0.9214371981721764,0.8741464422788408,0.8741464422788408
2020-04-20,0.84540153494433,0.8887618645447855,0.9255759665248949,0.9293422941997649,0.9255759665248949,0.8281128618685905,0.8281128618685905,0.8519622906302162,0.8519622906302162,0.9074482681973002,0.9074482681973002,0.8608754636455895,0.8608754636455895
2020-04-21,0.8641649408830677,0.8986247515623854,0.9358473919181488,0.9396555157881643,0.9358473919181488,0.837302706663084,0.837302706663084,0.8614168004949541,0.8614168004949541,0.9175185244724509,0.9175185244724509,0.8704288859658748,0.8704288859658748
2020-04-22,0.8641026492350106,0.8985923637541606,0.9358136625491276,0.9396216491685438,0.9358136625491276,0.8372725289949947,0.8372725289949947,0.8613857537181014,0.8613857537181014,0.9174854557038001,0.9174854557038001,0.8703975143797005,0.8703975143797005
2020-04-23,0.8761475514396929,0.9048551944218337,0.942335910835942,0.946170437604534,0.942335910835942,0.8431079848516223,0.8431079848516223,0.867389269141429,0.867389269141429,0.9238799636930732,0.9238799636930732,0.8764638381834658,0.8764638381834658
2020-04-24,0.8887803182239771,0.9113785389349216,0.949129463916405,0.9529916348200037,0.949129463916405,0.8491861771202058,0.8491861771202058,0.8736425117204037,0.8736425117204037,0.9305404628857202,0.9305404628857202,0.8827825017718286,0.8827825017718286
2020-04-27,0.8846928142883476,0.9092828223172377,0.9469469389776594,0.9508002288121993,0.9469469389776594,0.8472334719522983,0.8472334719522983,0.8716335691663392,0.8716335691663392,0.928400683388854,0.928400683388854,0.8807525417939188,0.8807525417939188
2020-04-28,0.9078529723857838,0.9211847692868705,0.9593418858238411,0.9632456128272614,0.9593418858238411,0.8583232314930939,0.8583232314930939,0.8830427108135243,0.8830427108135243,0.9405528712770025,0.9405528712770025,0.8922810451248036,0.8922810451248036
2020-04-29,0.8994004274687257,0.9168964341290063,0.9548759201733507,0.9587614743950299,0.9548759201733507,0.8502889159659545,0.8502889159659545,0.878931936049403,0.878931936049403,0.9361743729776334,0.9361743729776334,0.8881272637075677,0.8881272637075677
2020-04-30,0.8755898047691353,0.904759529152716,0.9422362829407107,0.9460704043062751,0.9422362829407107,0.8277784657311361,0.8277784657311361,0.8672975649346413,0.8672975649346413,0.9237822870417106,0.9237822870417106,0.876371174573345,0.876371174573345
2020-05-01,0.8780050966080762,0.9060074070374653,0.9435358501536598,0.9473752596815539,0.9435358501536598,0.8288787795560095,0.8288787795560095,0.868493773889514,0.868493773889514,0.925056401819371,0.925056401819371,0.8775798981870173,0.8775798981870173
2020-05-04,0.8861170932907889,0.9101927637676221,0.9478945718262538,0.9517517177417122,0.9478945718262538,0.8327078358656512,0.8327078358656512,0.8725058340927895,0.8725058340927895,0.9293297565481026,0.9293297565481026,0.8816339322982147,0.8816339322982147
2020-05-05,0.8801104720792081,0.9071078536564932,0.9446818792348439,0.9485259521520228,0.9446818792348439,0.8270216185243269,0.8270216185243269,0.8695486560347369,0.8695486560347369,0.9261799855581848,0.9261799855581848,0.8786458164393245,0.8786458164393245
2020-05-06,0.8907307869069536,0.9125809001058743,0.9503816290320702,0.9542488952107183,0.9503816290320702,0.831970112603026,0.831970112603026,0.8747950886009324,0.8747950886009324,0.9317681039511788,0.9317681039511788,0.8839471368352869,0.8839471368352869
2020-05-07,0.9054689291623698,0.9201307385772939,0.9582441952818835,0.9621434555938424,0.9582441952818835,0.8456943949359559,0.8456943949359559,0.8820323227067108,0.8820323227067108,0.9394766793518212,0.9394766793518212,0.8912600864045864,0.8912600864045864
2020-05-08,0.9056546734000582,0.9202251145283101,0.9583424804531575,0.9622421407043693,0.9583424804531575,0.845867877267205,0.845867877267205,0.8821227909801773,0.8821227909801773,0.9395730395769002,0.9395730395769002,0.8913515011511336,0.8913515011511336
2020-05-11,0.8876035611497889,0.9110543525780044,0.948791849182236,0.9526526462734598,0.948791849182236,0.8290084092493079,0.8290084092493079,0.8733317484414556,0.8733317484414556,0.9302094604430036,0.9302094604430036,0.8824684873080538,0.8824684873080538
2020-05-12,0.8719055518819018,0.9029979745415124,0.9404017615948987,0.944228417977831,0.9404017615948987,0.8143467041129583,0.8143467041129583,0.8656089482629531,0.8656089482629531,0.9219836953772378,0.9219836953772378,0.8746648917059614,0.8746648917059614
2020-05-13,0.8823400196804604,0.9084012566213089,0.9460288572578925,0.9498784112601356,0.9460288572578925,0.8240923404867475,0.8240923404867475,0.8707885050838147,0.8707885050838147,0.9275005825902194,0.9275005825902194,0.8798986367069749,0.8798986367069749
2020-05-14,0.8863956582515722,0.9104889705933749,0.948203048067162,0.9520614492254589,0.948203048067162,0.8278802460647425,0.8278802460647425,0.8727897763453051,0.8727897763453051,0.9296321911841738,0.9296321911841738,0.881920845135756,0.881920845135756
2020-05-15,0.913395181607394,0.9243556722169161,0.9626441332101382,0.9665612976256892,0.9626441332101382,0.8530973958007181,0.8530973958007181,0.8860823211201969,0.8860823211201969,0.943790443102798,0.943790443102798,0.8953524556330351,0.8953524556330351
2020-05-18,0.9040135043358998,0.9196085448095035,0.957700371316638,0.9615974187154223,0.957700371316638,0.8443350499840148,0.8443350499840148,0.8815317506003826,0.8815317506003826,0.9389435063511015,0.9389435063511015,0.8907542773460604,0.8907542773460604
2020-05-19,0.9193708625779431,0.9274196880044598,0.9658350659978044,0.9697652148672539,0.9658350659978044,0.8586785921730705,0.8586785921730705,0.896463112798638,0.896463112798638,0.9469188804616172,0.9469188804616172,0.8983203327629457,0.8983203327629457
2020-05-20,0.913023693132017,0.924218319467096,0.9625010910643833,0.9664176734168604,0.9625010910643833,0.8527504311382198,0.8527504311382198,0.8902740942963544,0.8902740942963544,0.9436502024827527,0.9436502024827527,0.8952194125571545,0.8952194125571545
2020-05-21,0.9147575801277721,0.9250958925998727,0.9634150148419096,0.967335316107302,0.9634150148419096,0.8543698555784586,0.8543698555784586,0.8919647784334361,0.8919647784334361,0.9445462267737618,0.9445462267737618,0.8960694503543422,0.8960694503543422
2020-05-22,0.9260280511831767,0.9307948158487865,0.9693499976586694,0.9732944493891138,0.9693499976586694,0.8648963064514453,0.8648963064514453,0.9029544257850003,0.9029544257850003,0.9503649710731304,0.9503649710731304,0.9015895602846914,0.9015895602846914
2020-05-26,0.9398062236346233,0.9377193639082602,0.9765613728521563,0.9805351689075912,0.9765613728521563,0.8777649128048721,0.8777649128048721,0.9163892907206433,0.9163892907206433,0.9574351092004417,0.9574351092004417,0.9082968389822184,0.9082968389822184
2020-05-27,0.9380723366388682,0.9368543454768753,0.975660523814151,0.9796306541600327,0.975660523814151,0.8761454883646334,0.8761454883646334,0.9146986065835616,0.9146986065835616,0.9565519035760408,0.9565519035760408,0.9065756700988606,0.9065756700988606
2020-05-28,0.9422524557145958,0.9389416912858018,0.977834331210307,0.9818133071520686,0.977834331210307,0.8800496568663376,0.8800496568663376,0.9187745706052928,0.9187745706052928,0.9586831362661489,0.9586831362661489,0.9085502251261014,0.9085502251261014
2020-05-29,0.9460605723574543,0.9408390593741384,0.9798102916697661,0.9837973081342206,0.9798102916697661,0.883606380676957,0.883606380676957,0.9224878012921831,0.9224878012921831,0.9606203969144506,0.9606203969144506,0.9103861796052817,0.9103861796052817
2020-06-01,0.9538940040793836,0.9485822147386272,0.9838667322637933,0.9878702550821543,0.9838667322637933,0.8909226883789535,0.8909226883789535,0.9301260492192986,0.9301260492192986,0.9645973908352367,0.9645973908352367,0.9178787061539312,0.9178787061539312
2020-06-02,0.966588856928728,0.9612063758929204,0.9904136040000867,0.9944437671646711,0.9904136040000867,0.9027794904772418,0.9027794904772418,0.9425045873751988,0.9425045873751988,0.9710160400159352,0.9710160400159352,0.9300942511288853,0.9300942511288853
2020-06-03,0.9640500097086573,0.9586816663249826,0.9891128912889835,0.9931377616300093,0.9891128912889835,0.900408245264445,0.900408245264445,0.9400290000203387,0.9400290000203387,0.9697408021750648,0.9697408021750648,0.9276512608264879,0.9276512608264879
2020-06-04,0.9887583105641602,0.9832523782150961,1.001788218632951,1.0058646670592883,1.001788218632951,0.9234854275607168,0.9234854275607168,0.9641216498948191,0.9641216498948191,0.9821678792201858,0.9821678792201858,0.9514266731086932,0.9514266731086932
2020-06-05,1.0007096725052584,0.9951371886140998,1.00784264743587,1.0119437323735048,1.00784264743587,0.9346478203054216,0.9346478203054216,0.9757752225323701,0.9757752225323701,0.98810373011826,0.98810373011826,0.9629267984772972,0.9629267984772972
2020-06-08,0.9932476264672077,0.9877166952186233,1.0040850299965132,1.008170824543013,1.0040850299965132,0.9276783812602062,0.9276783812602062,0.9684991065584961,0.9684991065584961,0.9844197068060573,0.9844197068060573,0.9557464900432617,0.9557464900432617
2020-06-09,0.9877054172455974,0.984911635757916,1.0012836896437953,1.0053580850549688,1.0012836896437953,0.9225020409979134,0.9225020409979134,0.963094991273991,0.963094991273991,0.9816732315910089,0.9816732315910089,0.9504135329140514,0.9504135329140514
2020-06-10,0.9307654029719699,0.9280834340024243,0.9724222970743085,0.9763792505190728,0.9724222970743085,0.8693209219468973,0.8693209219468973,0.9075737380819936,0.9075737380819936,0.9533770985320712,0.9533770985320712,0.8956233503504192,0.8956233503504192
2020-06-11,0.9419117018972538,0.9335941204520366,0.9782448757660995,0.982225522284214,0.9782448757660995,0.8797313979133266,0.8797313979133266,0.9184423072714997,0.9184423072714997,0.9590856401768441,0.9590856401768441,0.9009412983709411,0.9009412983709411
2020-06-12,0.9507048978401555,0.9379518941243139,0.9828110675096696,0.9868102946467225,0.9828110675096696,0.8879441109982081,0.8879441109982081,0.9270164051978995,0.9270164051978995,0.9635624016095299,0.9635624016095299,0.9093069689493755,0.9093069689493755
2020-06-15,0.9690041487676689,0.946978784123256,0.9922696841527282,0.996307400026435,0.9922696841527282,0.9050353368177851,0.9050353368177851,0.9448596979496003,0.9448596979496003,0.9728357682511808,0.9728357682511808,0.9268093889250627,0.9268093889250627
2020-06-16,0.964979039271595,0.945011974537661,0.9902088084932024,0.9942381383096739,0.9902088084932024,0.9012759449378426,0.9012759449378426,0.9409348811699083,0.9409348811699083,0.9708152554938886,0.9708152554938886,0.9229595506378303,0.9229595506378303
2020-06-17,0.9653506305384704,0.9451939257420602,0.9903994618289976,0.9944295674466577,0.9903994618289976,0.9016230056060582,0.9016230056060582,0.9412972135836829,0.9412972135836829,0.9710021748237444,0.9710021748237444,0.923314961164628,0.923314961164628
2020-06-18,0.9598335024424803,0.9424929610361265,0.987569318809325,0.9915879080886569,0.987569318809325,0.8964700907387986,0.8964700907387986,0.9359175544842292,0.9359175544842292,0.968227461051092,0.968227461051092,0.9180380734177915,0.9180380734177915
2020-06-19,0.9659909187822786,0.9455160486568759,0.9907369908299651,0.994768469911137,0.9907369908299651,0.9022210252194235,0.9022210252194235,0.9419215479143611,0.9419215479143611,0.9713330932123714,0.9713330932123714,0.9239273684043023,0.9239273684043023
2020-06-22,0.970438295753961,0.9476926044709065,0.9930176441944737,0.997058403646133,0.9930176441944737,0.9063748085862348,0.9063748085862348,0.9462581106292637,0.9462581106292637,0.973569079258716,0.973569079258716,0.9281810867590549,0.9281810867590549
2020-06-23,0.9456834303496631,0.9356052811598972,0.9803522237171064,0.984341445396197,0.9803522237171064,0.883254135700004,0.883254135700004,0.9221200564440116,0.9221200564440116,0.9611517150510764,0.9611517150510764,0.9045041585359328,0.9045041585359328
2020-06-24,0.9558219614242012,0.9406205235296584,0.9856073287370143,0.9896179343415595,0.9856073287370143,0.8927233716135461,0.8927233716135461,0.9320059680997289,0.9320059680997289,0.9663038971754835,0.9663038971754835,0.914201212776351,0.914201212776351
2020-06-25,0.933119636660835,0.9294498905738936,0.9739024409183659,0.9778654173228054,0.9739024409183659,0.8715197408913353,0.8715197408913353,0.909869311878032,0.909869311878032,0.9548282532903519,0.9548282532903519,0.8924874484257316,0.8924874484257316
2020-06-26,0.9468340783832462,0.9362801435539894,0.9810593625737097,0.9850514617223348,0.9810593625737097,0.8843288237000059,0.8843288237000059,0.9232420340483803,0.9232420340483803,0.9618450043693039,0.9618450043693039,0.9056047022252753,0.9056047022252753
2020-06-29,0.9589623444931668,0.942276682437469,0.987342696312204,0.9913603634256484,0.987342696312204,0.8956564422842679,0.8956564422842679,0.9350681029747575,0.9350681029747575,0.9680052770273222,0.9680052770273222,0.91720484956866,0.91720484956866
2020-06-30,0.965679871707987,0.9455770045484011,0.9908008620425469,0.9948326010266595,0.9908008620425469,0.9019305119187263,0.9019305119187263,0.9416182511276165,0.9416182511276165,0.971395713487034,0.971395713487034,0.9236298657060756,0.9236298657060756
2020-07-01,0.9709980982544877,0.9481807622090301,0.9935291489216608,0.9975719897739607,0.9935291489216608,0.9068976557229161,0.9068976557229161,0.9468039646611909,0.9468039646611909,0.9740705660038864,0.9740705660038864,0.9287165129634644,0.9287165129634644
2020-07-02,0.9859874629321012,0.9554993281519492,1.001197737952781,1.0052717836117524,1.001197737952781,0.9208974974438633,0.9208974974438633,0.9614198428282327,0.9614198428282327,0.981588963291074,0.981588963291074,0.9430531738899437,0.9430531738899437
2020-07-06,0.9758181971995282,0.950571919366052,0.996034667309968,1.000087703547182,0.996034667309968,0.9113995558208338,0.9113995558208338,0.9515039623228007,0.9515039623228007,0.9765270130213498,0.9765270130213498,0.933326723315497,0.933326723315497
2020-07-07,0.9832819906930526,0.9542072648265346,0.9998438794616413,1.0039124160377417,0.9998438794616413,0.9183706269632441,0.9183706269632441,0.958781782211207,0.958781782211207,0.9802616205470943,0.9802616205470943,0.9404655099714608,0.9404655099714608
2020-07-08,0.9776841712707839,0.9514911162493849,0.9969978263758211,1.0010547818728,0.9969978263758211,0.9131423476078657,0.9131423476078657,0.9533234423524689,0.9533234423524689,0.9774713083119768,0.9774713083119768,0.9351114445583626,0.9351114445583626
2020-07-09,0.9876668704336807,0.9563487430008442,1.0020877775375727,1.0061654449205746,1.0020877775375727,0.9224660388539072,0.9224660388539072,0.963057404924014,0.963057404924014,0.9824615711688248,0.9824615711688248,0.9446594525031722,0.9446594525031722
2020-07-10,0.9791147205546303,0.9480199575251556,0.9977492677008993,1.0018092809417707,0.9977492677008993,0.9144784591762083,0.9144784591762083,0.9547183469728011,0.9547183469728011,0.9782080324208086,0.9782080324208086,0.9364797013499099,0.9364797013499099
2020-07-13,0.9918030975395727,0.9603053765448128,1.0042141990206266,1.0083005191780843,1.0042141990206266,0.9263292129143037,0.9263292129143037,0.9670905706219053,0.9670905706219053,0.9845463460139405,0.9845463460139405,0.9486155698441994,0.9486155698441994
2020-07-14,1.0009150499191497,0.9691279511895537,1.0088271872150933,1.0129322784142905,1.0088271872150933,0.934839639728684,0.934839639728684,0.9759754826050453,0.9759754826050453,0.9890689873742171,0.9890689873742171,0.9573307472018712,0.9573307472018712
2020-07-15,0.997618629355546,0.9659362184772498,1.0071659479893835,1.0112642793206748,1.0071659479893835,0.9317608323790268,0.9317608323790268,0.9727611981853114,0.9727611981853114,0.9874402840446657,0.9874402840446657,0.9541778674829567,0.9541778674829567
2020-07-16,1.0005107709557692,0.9687365113330728,1.0086258578441092,1.0127301297994957,1.0086258578441092,0.9344620492423514,0.9344620492423514,0.9755812769664906,0.9755812769664906,0.9888716011027014,0.9888716011027014,0.9569440723465752,0.9569440723465752
2020-07-17,1.0085962474318835,0.9765652089356525,1.012701386505839,1.01682224248776,1.012701386505839,0.942013762963287,0.942013762963287,0.9834652895073198,0.9834652895073198,0.9928673092453412,0.9928673092453412,0.9646774711369989,0.9646774711369989
2020-07-20,1.010742225544901,0.9786430349930529,1.013778742789881,1.0179039827196734,1.013778742789881,0.944018074324377,0.944018074324377,0.9855577967832183,0.9855577967832183,0.9939235651654856,0.9939235651654856,0.9667300037975677,0.9667300037975677
2020-07-21,1.0164954657128171,0.9842135635379923,1.0166640049452509,1.0208009855026072,1.0166640049452509,0.9493915143243867,0.9493915143243867,0.9911676848050621,0.9911676848050621,0.9967523185481127,0.9967523185481127,0.9722327222442809,0.9722327222442809
2020-07-22,1.0043671996028967,0.9724704673706018,1.0105988664314716,1.0147111668978763,1.0105988664314716,0.9380638957401247,0.9380638957401247,0.979341615878685,0.979341615878685,0.9908059676922559,0.9908059676922559,0.9606325749008963,0.9606325749008963
2020-07-23,0.9978985306058097,0.9662072306128203,1.0073444642773783,1.011443522022125,1.0073444642773783,0.9320222559473677,0.9320222559473677,0.9730341252012751,0.9730341252012751,0.9876153040346445,0.9876153040346445,0.9544455805851618,0.9544455805851618
2020-07-24,1.0051756547381594,0.9732532475565219,1.0110174683382882,1.0151314721677915,1.0110174683382882,0.9388189807070726,0.9388189807070726,0.9801299269255279,0.9801299269255279,0.9912163711482044,0.9912163711482044,0.96140582629599,0.96140582629599
2020-07-27,0.9988003204216597,0.9670803813529445,1.0078112753062074,1.0119122325852552,1.0078112753062074,0.9328645141056683,0.9328645141056683,0.9739134453301947,0.9739134453301947,0.9880729724216885,0.9880729724216885,0.9553081024528233,0.9553081024528233
2020-07-28,1.011084315651723,0.9789742609890786,1.0140086846609815,1.0181348602637645,1.0140086846609815,0.9443375813517136,0.9443375813517136,0.9858913631104774,0.9858913631104774,0.9941490035522443,0.9941490035522443,0.9670571977763182,0.9670571977763182
2020-07-29,1.0074768480138274,0.9754813594474554,1.0121997338851494,1.016318548556344,1.0121997338851494,0.9409682607013591,0.9409682607013591,0.9823737819039987,0.9823737819039987,0.9923754816500432,0.9923754816500432,0.9636068153591768,0.9636068153591768
2020-07-30,1.015438152359821,0.9831898283832082,1.0161990467012603,1.020334135263615,1.0161990467012603,0.9484039995157373,0.9484039995157373,0.9901367162827699,0.9901367162827699,0.9962964666585292,0.9962964666585292,0.9712214490275058,0.9712214490275058
2020-07-31,1.0224975640984664,0.990025047051795,1.0197313974714237,1.0238808597761229,1.0197313974714237,0.9549973841660976,0.9549973841660976,0.9970202303023548,0.9970202303023548,0.9997596352205708,0.9997596352205708,0.977973462512675,0.977973462512675
2020-08-03,1.0264473274261807,0.9938493736435279,1.0217009364802538,1.0258584131776598,1.0217009364802538,0.9586864038552234,0.9586864038552234,1.0008715782966258,1.0008715782966258,1.001690600184387,1.001690600184387,0.9817512355395636,0.9817512355395636
2020-08-04,1.0328221477851882,1.0000217422118949,1.0248736077692049,1.0290439946113328,1.0248736077692049,0.964640390428041,0.964640390428041,1.0070875587406258,1.0070875587406258,1.0048011337017249,1.0048011337017249,0.9878484678052382,0.9878484678052382
2020-08-05,1.0397260359866873,1.006706376465822,1.0282989859061276,1.0324833112005714,1.0282989859061276,0.9710885184280525,0.9710885184280525,1.0138194243668384,1.0138194243668384,1.0081594247234136,1.0081594247234136,0.9944517299412938,0.9944517299412938
2020-08-06,1.0404724050568899,1.0074290423183287,1.028668068977743,1.032853896134635,1.028668068977743,0.9717856159417219,0.9717856159417219,1.0145471963326524,1.0145471963326524,1.0085212791862255,1.0085212791862255,0.9951655987753404,0.9951655987753404
2020-08-07,1.0435826702168114,1.010440531557435,1.030205558314565,1.0343976417797975,1.030205558314565,0.9746905569372605,0.9746905569372605,1.0175799637395662,1.0175799637395662,1.0100286563076402,1.0100286563076402,0.9981404291266116,0.9981404291266116
2020-08-10,1.0349680231067069,1.002099468742253,1.025953447969582,1.0301282288670641,1.025953447969582,0.9666446057834135,0.9666446057834135,1.009179965786258,1.009179965786258,1.0058598248899167,1.0058598248899167,0.9899009021503083,0.9899009021503083
2020-08-11,1.0493980992412861,1.0160712739628297,1.0331056430298196,1.0373095274381594,1.0331056430298196,0.9801220803962661,0.9801220803962661,1.0232504910727056,1.0232504910727056,1.0128719419456238,1.0128719419456238,1.0037026284498705,1.0037026284498705
2020-08-12,1.0475010821375004,1.014234502401335,1.0321718605709689,1.0363719452580062,1.0321718605709689,0.978350294882595,0.978350294882595,1.0214007415025228,1.0214007415025228,1.011956447911851,1.011956447911851,1.0018882159264813,1.0018882159264813
2020-08-13,1.047532227961529,1.0142646590950837,1.03218720558764,1.0363873527161873,1.03218720558764,0.9783793846149516,0.9783793846149516,1.0214311112733039,1.0214311112733039,1.0119714923915126,1.0119714923915126,1.0019180055225032,1.0019180055225032
2020-08-14,1.0508598971406595,1.0174866480281786,1.0338266671046432,1.0380334854838569,1.0338266671046432,0.9814873777026827,0.9814873777026827,1.0246758656940855,1.0246758656940855,1.0135788445356768,1.0135788445356768,1.005100773152938,1.005100773152938
2020-08-17,1.0531298418008004,1.0196845036983213,1.0349432428389018,1.03915460475667,1.0349432428389018,0.9836074719588952,0.9836074719588952,1.0268892506715086,1.0268892506715086,1.014673551780689,1.014673551780689,1.0072718743046043,1.0072718743046043
2020-08-18,1.0487450648516705,1.0154389786645268,1.0327887149285075,1.0369913097019368,1.0327887149285075,0.9795121560739494,0.9795121560739494,1.022613728188968,1.022613728188968,1.0125612209815105,1.0125612209815105,1.0030780300883912,1.0030780300883912
2020-08-19,1.052010442382744,1.018600654210124,1.0343965628112297,1.0386057001940143,1.0343965628112297,0.9825619696969671,0.9825619696969671,1.0257977430681873,1.0257977430681873,1.0141375786544293,1.0141375786544293,1.0062012185267821,1.0062012185267821
2020-08-20,1.0557422877337572,1.022213983472658,1.0362312442214674,1.0404478472382137,1.0362312442214674,0.9860474572653136,0.9860474572653136,1.0294366028972572,1.0294366028972572,1.0159363272484154,1.0159363272484154,1.0097705626970148,1.0097705626970148
2020-08-21,1.066440415725825,1.0325723599036585,1.0414814528229706,1.0509389700510314,1.0414814528229706,0.9960393483041023,0.9960393483041023,1.0398681681243684,1.0398681681243684,1.0210837088523224,1.0210837088523224,1.0200028465108457,1.0200028465108457
2020-08-24,1.070171849910844,1.036185291058024,1.0433035046876693,1.0546161652711208,1.0433035046876693,0.9995244518495793,0.9995244518495793,1.0435066270323718,1.0435066270323718,1.0228700752544173,1.0228700752544173,1.0235717974190846,1.0235717974190846
2020-08-25,1.0809012265184386,1.0465739237098153,1.0485335040652226,1.0651895830026692,1.0485335040652226,1.009545528626442,1.009545528626442,1.0539686622605307,1.0539686622605307,1.0279976434384233,1.0279976434384233,1.0338339691444358,1.0338339691444358
2020-08-26,1.08326430027617,1.048861950880078,1.0496796596744356,1.0675183078563821,1.0496796596744356,1.0117526040625726,1.0117526040625726,1.0562728558594974,1.0562728558594974,1.0291213512271744,1.0291213512271744,1.036094144137673,1.036094144137673
2020-08-27,1.0902618315327517,1.0556372542693355,1.0530699524340592,1.074414125178428,1.0530699524340592,1.018288193271089,1.018288193271089,1.0630960312585864,1.0630960312585864,1.032445244029786,1.032445244029786,1.0427869716927918,1.0427869716927918
2020-08-28,1.0863123765795326,1.0518132262587288,1.0511625884323863,1.0705220782721092,1.0511625884323863,1.0145994615991152,1.0145994615991152,1.0592449839551152,1.0592449839551152,1.0305752363559282,1.0305752363559282,1.0390094936123986,1.0390094936123986
2020-08-31,1.0965439339601626,1.0617198494457507,1.056112835972501,1.0806049129218998,1.056112835972501,1.024155582686858,1.024155582686858,1.0692216040021094,1.0692216040021094,1.035428531730797,1.035428531730797,1.0487955233788895,1.0487955233788895
2020-09-01,1.112404045421096,1.077076274875675,1.063750499533027,1.0962344867432403,1.063750499533027,1.0389686888394665,1.0389686888394665,1.0846865327575563,1.0846865327575563,1.0429166092325224,1.0429166092325224,1.0639650148925066,1.0639650148925066
2020-09-02,1.074121613238558,1.0400096176497569,1.0454464684909164,1.0585085160694991,1.0454464684909164,1.003213471538705,1.003213471538705,1.0473579750266426,1.0473579750266426,1.0249710684331481,1.0249710684331481,1.027349570445973,1.027349570445973
2020-09-03,1.065351750965803,1.0315182690010418,1.0411785990852538,1.0541343975003612,1.0411785990852538,0.9950225517516615,0.9950225517516615,1.0388066293707618,1.0388066293707618,1.0207867866009377,1.0207867866009377,1.0189615870670516,1.0189615870670516
2020-09-04,1.036243048853407,1.0033340021721515,1.0269544906351107,1.0397332928250973,1.0269544906351107,0.967835460701407,0.967835460701407,1.0104232220132172,1.0104232220132172,1.006841261817926,1.006841261817926,0.9911204075927418,0.9911204075927418
2020-09-08,1.0567062664061655,1.0231473480732376,1.0370943864741715,1.049999363411273,1.0370943864741715,0.98694779888261,0.98694779888261,1.0303765623374723,1.0303765623374723,1.016782564586843,1.016782564586843,1.0106925654412218,1.0106925654412218
2020-09-09,1.0383580867253928,1.0053818705898874,1.028090562633103,1.0408835014177178,1.028090562633103,0.969810874341575,0.969810874341575,1.0124855599788678,1.0124855599788678,1.0079550834861746,1.0079550834861746,0.9931433472882855,0.9931433472882855
2020-09-10,1.0388865378188938,1.0055874357580117,1.028352175456746,1.041148369593525,1.028352175456746,0.9703044397344649,0.9703044397344649,1.0130008437794806,1.0130008437794806,1.008211572539844,1.008211572539844,0.993648787265676,0.993648787265676
2020-09-11,1.052570142091772,1.0122099397715778,1.035124601371344,1.0480050674908628,1.035124601371344,0.9830847208279309,0.9830847208279309,1.0263434968698477,1.0263434968698477,1.021440733579245,1.021440733579245,1.006736546415693,1.006736546415693
2020-09-14,1.0578881630552757,1.0147669920115714,1.0377395407990346,1.0506525456473772,1.0377395407990346,0.988051672620686,0.988051672620686,1.0315290099428889,1.0315290099428889,1.0266014758584778,1.0266014758584778,1.011822997042085,1.011822997042085
2020-09-15,1.0536896443013266,1.0127533017200834,1.035680264083443,1.0485676445345578,1.035680264083443,0.9841303190955762,0.9841303190955762,1.029430480872665,1.029430480872665,1.022527126886867,1.022527126886867,1.0078073005090136,1.0078073005090136
2020-09-16,1.0444222711761022,1.0082996360787806,1.0311257752462406,1.0439564823856773,1.0311257752462406,0.9754747316365647,0.9754747316365647,1.020324999541918,1.020324999541918,1.0135338332099535,1.0135338332099535,0.9989434701177269,0.9989434701177269
2020-09-17,1.0323980300626072,1.0024954521421396,1.0251901947429933,1.0379470430991777,1.0251901947429933,0.9642442708382597,0.9642442708382597,1.0085781858754463,1.0085781858754463,1.001865204989801,1.001865204989801,0.9874428180587459,0.9874428180587459
2020-09-18,1.0209077907835293,0.9969167352684731,1.0194851854824434,1.0321710441448317,1.0194851854824434,0.9535125597415814,0.9535125597415814,0.997353053368496,0.997353053368496,0.9907147856791236,0.9907147856791236,0.9764529150140704,0.9764529150140704
2020-09-21,1.0313051508511497,1.001993247734926,1.0246766213068925,1.037427079065042,1.0246766213068925,0.9632235380514077,0.9632235380514077,1.0075105219508977,1.0075105219508977,0.9957101807573013,0.9957101807573013,0.9863975276795167,0.9863975276795167
2020-09-22,1.0073880361591712,0.9903745782233436,1.0127949254510347,1.025397534553369,1.0127949254510347,0.9408853117615693,0.9408853117615693,0.9841452311957924,0.9841452311957924,0.984164366905073,0.984164366905073,0.9635218707685389,0.9635218707685389
2020-09-23,1.0100733612645247,0.9916945649728125,1.0141447943904445,1.026764200447577,1.0141447943904445,0.943393365121588,0.943393365121588,0.9867685995521608,0.9867685995521608,0.9854760765876304,0.9854760765876304,0.9660902648493309,0.9660902648493309
2020-09-24,1.0264033326648463,0.9997109846235528,1.0223426917527945,1.0350641074994729,1.0223426917527945,0.9586453134081977,0.9586453134081977,1.0027218002080507,1.0027218002080507,0.9934422287323768,0.9934422287323768,0.981709156506238,0.981709156506238
2020-09-25,1.0434511998903013,1.008013247285465,1.0308329031118446,1.0436599659271106,1.0308329031118446,0.974567765624771,0.974567765624771,1.0193763331484633,1.0193763331484633,1.0016924314902043,1.0016924314902043,0.9898128345973578,0.9898128345973578
2020-09-28,1.0377683718988195,1.0052683341078958,1.0280258499037211,1.0408179834421687,1.0280258499037211,0.9692600895411452,0.9692600895411452,1.0138246213286108,1.0138246213286108,0.9989647304778682,0.9989647304778682,0.9843726404101538,0.9843726404101538
2020-09-29,1.0456367527302197,1.0090793165509413,1.0319231063197971,1.0447637349661378,1.0319231063197971,0.9766090391870401,0.9766090391870401,1.0215114601578457,1.0215114601578457,1.0027518158956648,1.0027518158956648,0.9918361737230704,0.9918361737230704
2020-09-30,1.0523497571191083,1.012318469087927,1.0352355876014816,1.048117434766698,1.0352355876014816,0.9828788845699351,0.9828788845699351,1.0280695797891943,1.0280695797891943,1.005970657105816,1.005970657105816,0.998203777549042,0.998203777549042
2020-10-01,1.0423585262618404,1.0075128864110126,1.0303212149428604,1.0431419106192181,1.0303212149428604,0.9735472248493536,0.9735472248493536,1.0183088700636298,1.0183088700636298,1.0011952081627304,1.0011952081627304,0.9887266200577989,0.9887266200577989
2020-10-02,1.0608423907205595,1.0164458644428707,1.039456419964037,1.0523907886210333,1.039456419964037,0.9908108769372891,0.9908108769372891,1.0363662684128032,1.0363662684128032,1.0100721713467733,1.0100721713467733,1.0062594442938284,1.0062594442938284
2020-10-05,1.0457616444008293,1.0092210578347043,1.0320680563781677,1.0449104886955964,1.0246277199713,0.9767256861336189,0.9767256861336189,1.0216334702846637,1.0216334702846637,1.0028926683810437,1.0028926683810437,0.9919546394104937,0.9919546394104937
2020-10-06,1.0639647852772973,1.0267376907650585,1.0410504475018727,1.054004651275982,1.0334941242781166,0.9937271466074747,0.9937271466074747,1.0394166220031051,1.0394166220031051,1.0116211375423778,1.0116211375423778,1.009221183982035,1.009221183982035
2020-10-07,1.073394260595568,1.0358372378998673,1.0456636450604908,1.0632931538558392,1.0426018761537874,1.0025341350827452,1.0025341350827452,1.0486285372076334,1.0486285372076334,1.016103925262373,1.016103925262373,1.0181654896364316,1.0181654896364316
2020-10-08,1.0829798761999752,1.0450874621238444,1.0503326330181366,1.0727885646492645,1.0519125098884032,1.0114869562426685,1.0114869562426685,1.0579929901756482,1.0579929901756482,1.0251271220421314,1.0251271220421314,1.027257901775763,1.027257901775763
2020-10-09,1.100402418437259,1.0619004065290516,1.0587812963147099,1.0900471531881946,1.0688352529016572,1.027759349298978,1.027759349298978,1.0750135534965142,1.0750135534965142,1.0333217809494937,1.0333217809494937,1.0437840114252528,1.0437840114252528
2020-10-12,1.093221095981459,1.0549703515714661,1.0553264466289904,1.0829334100993817,1.0618599405299216,1.0210521018678422,1.0210521018678422,1.0679979209945634,1.0679979209945634,1.0299500067761242,1.0299500067761242,1.0369721856470997,1.0369721856470997
2020-10-13,1.086351951306434,1.0483415515972938,1.0520109278981857,1.0761289070626812,1.0584708025265712,1.0146364238002945,1.0146364238002945,1.0612872635997281,1.0612872635997281,1.0234269221187184,1.0234269221187184,1.0304564753361931,1.0304564753361931
2020-10-14,1.0850093915452557,1.0470459666982626,1.0513608680633333,1.074798981372645,1.05781675099836,1.0133824931260025,1.0133824931260025,1.0599756798414015,1.0599756798414015,1.0221621277742237,1.0221621277742237,1.0291829935720482,1.0291829935720482
2020-10-15,1.0843537873681792,1.046413301474618,1.051043231837284,1.0741495467159534,1.057497164326604,1.0127701686607522,1.0127701686607522,1.0593352019905014,1.0593352019905014,1.021544498317889,1.021544498317889,1.0285611218400432,1.0285611218400432
2020-10-16,1.0678679840562166,1.0305043204094975,1.0430535460934394,1.0578188819817318,1.0494584179058626,0.9973726757066418,0.9973726757066418,1.0432297648306974,1.0432297648306974,1.0060136062143432,1.0060136062143432,1.01292355359754,1.01292355359754
2020-10-19,1.072145446680971,1.0346321187712915,1.0451425789259836,1.062056091823204,1.0515602784475444,1.0013677616226755,1.0013677616226755,1.0474085363593133,1.0474085363593133,1.007978154590669,1.007978154590669,1.0169809302648216,1.0169809302648216
2020-10-20,1.0701159313356907,1.0326736141968735,1.0441533787626558,1.0600456750998237,1.0495171517368915,0.9994722247393417,0.9994722247393417,1.0454258466935602,1.0454258466935602,1.0070241295846487,1.0070241295846487,1.0150558384685366,1.0150558384685366
2020-10-21,1.0759858398543407,1.0383381403173222,1.047017126807751,1.0658603452268818,1.0552740697390002,1.0049546312285422,1.0049546312285422,1.0511603226539956,1.0511603226539956,1.0097860450667202,1.0097860450667202,1.020623725777433,1.020623725777433
2020-10-22,1.0796387413345485,1.0418632303224424,1.0487944041057666,1.0694788713157577,1.0588566561156911,1.0083663864059649,1.0083663864059649,1.0547289431286648,1.0547289431286648,1.0115001238222625,1.0115001238222625,1.0240886765049746,1.0240886765049746
2020-10-23,1.05968752823554,1.0226100907931124,1.0391037919351176,1.049715407807462,1.0392894861182953,0.989732252702876,0.989732252702876,1.0352380513142043,1.0352380513142043,0.9927575051282856,0.9927575051282856,1.0051640023200001,1.0051640023200001
2020-10-26,1.0560342155893383,1.019084604008297,1.0373126172149085,1.0460964744218428,1.0374460268299368,0.986320113502584,0.986320113502584,1.031669029160105,1.031669029160105,0.9893349362563695,0.9893349362563695,1.001698661581965,1.001698661581965
2020-10-27,1.0199401116171767,0.9842533976794593,1.0195855071910656,1.010342031662976,1.0197166369081299,0.9526087619184602,0.9526087619184602,0.9964077008303377,0.9964077008303377,0.9723782720317736,0.9723782720317736,0.9674616879061287,0.9674616879061287
2020-10-28,1.0303060174862733,0.9892057914546375,1.0247666581589787,1.0154256936551067,1.0248984542280613,0.9622903624787779,0.9622903624787779,1.0065344409363557,1.0065344409363557,0.9773195335442041,0.9773195335442041,0.9772942424596419,0.9772942424596419
2020-10-29,1.019565436605348,0.9840497287748717,1.0194252406629973,1.0101329643076253,1.0195563497680538,0.952258821078724,0.952258821078724,0.9960416704498843,0.9960416704498843,0.9722254259109447,0.9722254259109447,0.9671062908438588,0.9671062908438588
2020-10-30,1.0309929730703749,0.9895644626777863,1.0251382232204644,1.0157938718225883,1.0252700670768302,0.9629319686878194,0.9629319686878194,1.007205546843782,1.007205546843782,0.9776738949880326,0.9776738949880326,0.9779458524917818,0.9779458524917818
2020-11-02,1.0491963195298397,1.0069868637289143,1.0341882103365496,1.024761366394894,1.034321218119081,0.9799336211731099,0.9799336211731099,1.0249888994019383,1.0249888994019383,0.9863048639178407,0.9863048639178407,0.9952125920685699,0.9952125920685699
2020-11-03,1.0726450133634087,1.0181891876092606,1.0457448476688913,1.0362126625373698,1.045879341759901,1.00183434940899,1.00183434940899,1.0478965768665838,1.0478965768665838,0.9973264241111385,0.9973264241111385,1.0174547930145146,1.0174547930145146
2020-11-04,1.0935645223777606,1.0281179234086835,1.0559422888050436,1.0463171518440255,1.056078094397209,1.0213728569695042,1.0213728569695042,1.0683334237383475,1.0683334237383475,1.0070517194602606,1.0070517194602606,1.0372979419118578,1.0372979419118578
2020-11-05,1.0933148418280398,1.0280005544546613,1.0558217434482096,1.0461977052835763,1.055957533536939,1.021139659082064,1.021139659082064,1.0680895039045695,1.0680895039045695,1.0069367554038346,1.0069367554038346,1.0370611080396346,1.0370611080396346
2020-11-06,1.1070529255950934,1.0344592419202325,1.0624552249485224,1.0592914272294114,1.062591868174675,1.033970823205725,1.033970823205725,1.0815106178545248,1.0815106178545248,1.0132631039379554,1.0132631039379554,1.050092333656201,1.050092333656201
2020-11-09,1.1054292310856704,1.0337006305871632,1.061676083014396,1.0584616408663787,1.0609802543008646,1.032454316894484,1.032454316894484,1.0799243857860363,1.0799243857860363,1.0117263061089528,1.0117263061089528,1.0485521822170742,1.0485521822170742
2020-11-10,1.1136411411048708,1.0375401602135128,1.0656195233623091,1.0623931416396275,1.0688619658889598,1.0401241176477585,1.0401241176477585,1.087946827778913,1.087946827778913,1.0154336290094481,1.0154336290094481,1.0563415692973726,1.0563415692973726
2020-11-11,1.1028379602013931,1.0325076889659575,1.0604508563383255,1.05203398633415,1.0584931776391928,1.0300341087658393,1.0300341087658393,1.0773929015992467,1.0773929015992467,1.0055323652935706,1.0055323652935706,1.0460942385839427,1.0460942385839427
2020-11-12,1.118106095422787,1.039654916202034,1.0677915118355572,1.0592637768540485,1.0731473857371503,1.0442943179922364,1.0442943179922364,1.0923087651275418,1.0923087651275418,1.0194533624634419,1.0194533624634419,1.060576790749724,1.060576790749724
2020-11-13,1.1320629194985294,1.046143692546387,1.0744558965219784,1.0724331350923761,1.086543010116081,1.0573297822824153,1.0573297822824153,1.1059435725341789,1.1059435725341789,1.0321787480879128,1.0321787480879128,1.0738155019488722,1.0738155019488722
2020-11-16,1.1259742706711904,1.0433304206614318,1.0715664879380085,1.0666651970759342,1.0806991840261606,1.0516430756266966,1.0516430756266966,1.0999954031170618,1.0999954031170618,1.029351421557473,1.029351421557473,1.068040129057394,1.068040129057394
2020-11-17,1.1124237813887974,1.0370524629623006,1.0651186273658837,1.0538284603072838,1.0676935558407954,1.0389871219371973,1.0389871219371973,1.0867575554069768,1.0867575554069768,1.0169122682559602,1.0169122682559602,1.0551868457285212,1.0551868457285212
2020-11-18,1.1171069620579104,1.0392354008537117,1.0673606429760518,1.0582649611772228,1.0698876068547356,1.0433611424196065,1.0433611424196065,1.0913326841129998,1.0913326841129998,1.0211933560541144,1.0211933560541144,1.0596290652503375,1.0596290652503375
2020-11-19,1.1094572187437006,1.0356771542714303,1.0637060981474102,1.051018157078433,1.0662244099338178,1.0362163969345124,1.0362163969345124,1.083859438320589,1.083859438320589,1.0142004114988326,1.0142004114988326,1.0523729200173793,1.0523729200173793
2020-11-20,1.116107725901535,1.0387812750123306,1.0668942269459105,1.0573183583467425,1.0694200865900805,1.0424278708412593,1.0424278708412593,1.0903565026786,1.0903565026786,1.0171894523502152,1.0171894523502152,1.0586812422483274,1.0586812422483274
2020-11-23,1.1340924348438095,1.0471506189619442,1.0754900737887036,1.074355748638822,1.0865990104057124,1.0592253191657492,1.0592253191657492,1.1079262621999322,1.1079262621999322,1.0335293550012925,1.0335293550012925,1.0757405937451574,1.0757405937451574
2020-11-24,1.1323440542467738,1.0463434458567735,1.07466105583587,1.0726994614725183,1.0849238483393917,1.0575923579193642,1.0575923579193642,1.1062182208443407,1.1062182208443407,1.0319360080965494,1.0319360080965494,1.0740821716238542,1.0740821716238542
2020-11-25,1.1354972862530448,1.0492048752888394,1.0761573570812581,1.0756866015226991,1.087945029569708,1.0605374293047545,1.0605374293047545,1.1092987003918815,1.1092987003918815,1.0348096343914461,1.0348096343914461,1.077073162099079,1.077073162099079
2020-11-27,1.13047067918763,1.0445602665319154,1.0737753962258285,1.0709247637474382,1.0831289263181858,1.055842653720683,1.055842653720683,1.104388068942074,1.104388068942074,1.0302287503307226,1.0302287503307226,1.0723051863125042,1.0723051863125042
2020-11-30,1.1428347489949813,1.0559847256454122,1.0796473901663937,1.0826375739787568,1.0949752146845353,1.0673905094205431,1.0673905094205431,1.116466870657319,1.116466870657319,1.041496464231788,1.041496464231788,1.0840330943621672,1.0840330943621672
2020-12-01,1.1452391449350872,1.0582063988920374,1.0807831185837982,1.0849153218244272,1.0972789195403942,1.069636179155048,1.069636179155048,1.1188157915432406,1.1188157915432406,1.0436876558038293,1.0436876558038293,1.086313778225969,1.086313778225969
2020-12-02,1.1449271727373094,1.0579181351023959,1.0806359116505053,1.084619782313008,1.0969800120872057,1.0693448018028946,1.0693448018028946,1.11851101727584,1.11851101727584,1.0434033470345956,1.0434033470345956,1.0860178577639692,1.0860178577639692
2020-12-03,1.154793409132469,1.0670345843021227,1.0852920197486093,1.0939663289108865,1.106433071091947,1.07855971857118,1.07855971857118,1.1281496164547293,1.1281496164547293,1.0523947172478922,1.0523947172478922,1.0953764520651654,1.0953764520651654
2020-12-04,1.1524203645993885,1.0648418799042094,1.084176908476804,1.0917182810820143,1.1041594047116143,1.0763433305804666,1.0763433305804666,1.1258313236253341,1.1258313236253341,1.050232097067817,1.050232097067817,1.0931255065014986,1.0931255065014986
2020-12-07,1.1557927480803425,1.067957978227294,1.0857632481532336,1.0949130291184708,1.1073905598102,1.0794930861552445,1.0794930861552445,1.1291258983089865,1.1291258983089865,1.0517162579672499,1.0517162579672499,1.0963243725697989,1.0963243725697989
2020-12-08,1.1454263282537538,1.0583793571658222,1.0808940890062622,1.0850926455312786,1.0974582640123072,1.0698110055663401,1.0698110055663401,1.118998656103681,1.118998656103681,1.0469997842367107,1.0469997842367107,1.086491330503169,1.086491330503169
2020-12-09,1.1450517560334235,1.0580332506585886,1.0807173544189412,1.0847378033633668,1.097099378094871,1.0694611607323212,1.0694611607323212,1.1186327261430853,1.1186327261430853,1.0466050490375616,1.0466050490375616,1.0861360309435224,1.0861360309435224
2020-12-10,1.1437091962722452,1.0567927190748954,1.0800837902042213,1.083465961004669,1.095813041934708,1.0682072300580292,1.0682072300580292,1.1173211423847587,1.1173211423847587,1.0453779168863029,1.0453779168863029,1.0848625491793775,1.0848625491793775
2020-12-11,1.138588534985754,1.0520612037718355,1.077665892687662,1.0786150231790133,1.0909068232566068,1.0634246092425839,1.0634246092425839,1.1123186267653724,1.1123186267653724,1.0406975083994254,1.0406975083994254,1.0800053584923976,1.0800053584923976
2020-12-14,1.1539815618777574,1.0662844335902315,1.084950587534402,1.0931972445414662,1.1056552223060219,1.0778014654155594,1.0778014654155594,1.127356500420485,1.127356500420485,1.0547671079439471,1.0547671079439471,1.0946063763456024,1.0946063763456024
2020-12-15,1.1557927480803425,1.0679579782272943,1.0858020082154358,1.0949130291184708,1.1073905598102003,1.0794930861552445,1.0794930861552445,1.1291258983089865,1.1291258983089865,1.0564225760172326,1.0564225760172326,1.0963243725697993,1.0963243725697993
2020-12-16,1.1622556607535166,1.073929740174552,1.0888377789325945,1.1010355171715116,1.1135828191880497,1.08552934962783,1.08552934962783,1.1354396964271272,1.1354396964271272,1.0623298347936083,1.0623298347936083,1.1024547525130541,1.1024547525130541
2020-12-17,1.1576151385562579,1.069641875666028,1.0866640851176403,1.0966394277998393,1.1091366323761243,1.0811951715181205,1.0811951715181205,1.1309062419619516,1.1309062419619516,1.0580882850678157,1.0580882850678157,1.0980529965799462,1.0980529965799462
2020-12-18,1.1534756221224156,1.0658169428579036,1.084721183850808,1.0927179544343144,1.1051704702517904,1.0773289252747689,1.0773289252747689,1.1268622338820513,1.1268622338820513,1.0543046667489013,1.0543046667489013,1.094126468433259,1.094126468433259
2020-12-21,1.1515318348868377,1.0640208742377641,1.083807221236041,1.0908765533928186,1.1033080847691563,1.0755134571597038,1.0755134571597038,1.1249632943774224,1.1249632943774224,1.0525279981186046,1.0525279981186046,1.0922826938248844,1.0922826938248844
2020-12-22,1.1525666369016745,1.0649770362049213,1.0842941925303864,1.0918568487013716,1.104299551435136,1.0764799467162536,1.0764799467162536,1.1259742210825043,1.1259742210825043,1.0534738322328931,1.0534738322328931,1.0932642527345886,1.0932642527345886
2020-12-23,1.1570507104383012,1.0691203414093815,1.086403421940199,1.0961047301203652,1.1085958413298447,1.0806680041241583,1.0806680041241583,1.130354836524621,1.130354836524621,1.0575723840921964,1.0575723840921964,1.0975176096748915,1.0975176096748915
2020-12-24,1.1669906483378454,1.0783048911485396,1.091069934155488,1.1055210961019961,1.1181195153737742,1.0899517569917827,1.0899517569917827,1.1400654367413114,1.1400654367413114,1.0666577281720313,1.0666577281720313,1.1069461133570613,1.1069461133570613
2020-12-28,1.1647642872730446,1.0762477229706655,1.0900291736216148,1.1034120054008985,1.115986389664183,1.087872369159726,1.087872369159726,1.1378904430485162,1.1378904430485162,1.0646227802152046,1.0646227802152046,1.1048343040369775,1.1048343040369775
2020-12-29,1.1664261174283903,1.0777832619120613,1.0908067744506942,1.104986301045418,1.11757862584069,1.0894244935921034,1.0894244935921034,1.1395139308841236,1.1395139308841236,1.066141733242492,1.066141733242492,1.1064106289493831,1.1064106289493831
2020-12-30,1.1723525612711847,1.0832593241169337,1.0935778908529803,1.1106005779913426,1.123256882583221,1.0949597032258456,1.0949597032258456,1.1453036377661638,1.1453036377661638,1.071558646509533,1.071558646509533,1.1120321427011461,1.1120321427011461
2020-12-31,1.156392433682265,1.068512090566263,1.0861340368268886,1.0954811271447047,1.1079651318305963,1.0800531835102567,1.0800531835102567,1.1297117477574266,1.1297117477574266,1.0569707031874678,1.0569707031874678,1.0968932028746783,1.0968932028746783
2021-01-04,1.1643565133987168,1.0758709379777467,1.0898741417428714,1.1030257104283117,1.1155956925087305,1.0874915144790034,1.0874915144790034,1.1374920774739596,1.1374920774739596,1.060557535565532,1.060557535565532,1.1044475111299743,1.1044475111299743
2021-01-05,1.1713178620478464,1.082303257129608,1.09313216185829,1.1096203800598936,1.1222655144040463,1.093993309675013,1.093993309675013,1.1442928114809392,1.1442928114809392,1.0668452724653277,1.0668452724653277,1.111050681294065,1.111050681294065
2021-01-06,1.1887204627344319,1.0983833426605225,1.1012526486735532,1.1261063238105666,1.1389393304912983,1.1102470776221567,1.1102470776221567,1.1612938933494572,1.1612938933494572,1.0826956943470758,1.0826956943470758,1.1275578754346163,1.1275578754346163
2021-01-07,1.1954936001499104,1.1046417537402806,1.104390028634805,1.1325226959642547,1.1454288230466512,1.1165730863497008,1.1165730863497008,1.1679107585974218,1.1679107585974218,1.088864719737697,1.088864719737697,1.1339825182952732,1.1339825182952732
2021-01-08,1.1874350550463886,1.0971956198633337,1.1006678101066099,1.1248886231218358,1.137707752994718,1.1090465261267106,1.1090465261267106,1.16003814303188,1.16003814303188,1.0815249351880019,1.0815249351880019,1.1263386051290782,1.1263386051290782
2021-01-11,1.1876856607195951,1.0974271806933653,1.1007839569208528,1.1251260285020137,1.1379478638253187,1.109280588065607,1.109280588065607,1.1602829666443752,1.1602829666443752,1.0817531887529617,1.0817531887529617,1.126576316524912,1.126576316524912
2021-01-12,1.190884429359677,1.1003828580804682,1.1022663159815702,1.1281563066093805,1.1410126747102518,1.1122681899837827,1.1122681899837827,1.1634079321887723,1.1634079321887723,1.0846666517094774,1.0846666517094774,1.1296105006623003,1.1296105006623003
2021-01-13,1.1867137671018062,1.0965291463832956,1.1003361620519154,1.1242053279812658,1.1370166710840015,1.1083728540080744,1.1083728540080744,1.1593334968920608,1.1593334968920608,1.0808679806082957,1.0808679806082957,1.1256544292207247,1.1256544292207247
2021-01-14,1.1780595452648008,1.088532604380822,1.0963240095406437,1.116006954819679,1.1287248699970676,1.1002899406530482,1.1002899406530482,1.15087894825252,1.15087894825252,1.0729856491312246,1.0729856491312246,1.1174454883519633,1.1174454883519633
2021-01-15,1.1873093410437914,1.0970794595289903,1.1006280250874876,1.1247695309233297,1.1375873036321973,1.108929111134393,1.108929111134393,1.1599153295462026,1.1599153295462026,1.0814104339123882,1.0814104339123882,1.1262193594206678,1.1262193594206678
2021-01-19,1.2037401509040864,1.1122616057296673,1.1082436519430914,1.1403348715303592,1.1533300254649375,1.1242752410297219,1.1242752410297219,1.1759670420822637,1.1759670420822637,1.096375741272754,1.096375741272754,1.1418047637596553,1.1418047637596553
2021-01-20,1.2048377585244723,1.1132758003740801,1.1087489174178302,1.141374664249613,1.1543816675687748,1.1253003900795717,1.1253003900795717,1.1770393253202556,1.1770393253202556,1.0973754506930333,1.0973754506930333,1.142845896772253,1.142845896772253
2021-01-21,1.2005733504200204,1.1093354670702673,1.106786762000727,1.1373348777024161,1.1502958439763604,1.1213174968896413,1.1213174968896413,1.1728733071135375,1.1728733071135375,1.0934913951573795,1.0934913951573795,1.1388009029381425,1.1388009029381425
2021-01-22,1.2053081324213524,1.1137104280845909,1.108969216757948,1.1418202618786921,1.154832343188475,1.1257397122421595,1.1257397122421595,1.177498846588007,1.177498846588007,1.0978038708379292,1.0978038708379292,1.1432920687769026,1.1432920687769026
2021-01-25,1.2034268424168284,1.1119721072022117,1.1081037564467244,1.1400380661165845,1.1530298376832837,1.1239826156032426,1.1239826156032426,1.1756609623567156,1.1756609623567156,1.0960903775049122,1.0960903775049122,1.1415075757635513,1.1415075757635513
2021-01-26,1.1740141858435331,1.0847946730986653,1.0945623120949883,1.1121746788816531,1.1248489217861175,1.0965116356467879,1.0965116356467879,1.1469269247620557,1.1469269247620557,1.0693011048125227,1.0693011048125227,1.1136082726083048,1.1136082726083048
2021-01-27,1.1841112919441983,1.09412444700071,1.0992692023235215,1.1217399344556924,1.134523182154899,1.1059421812562384,1.1059421812562384,1.1567910669408075,1.1567910669408075,1.078497626318856,1.078497626318856,1.1231858578016434,1.1231858578016434
2021-01-28,1.1604056193645194,1.0722202931610527,1.0882656269144821,1.0992829240490976,1.1118102536715795,1.0838014387269865,1.0838014387269865,1.133632339832504,1.133632339832504,1.0569063183215324,1.0569063183215324,1.1006999002972144,1.1006999002972144
2021-01-29,1.179721272628648,1.090068048342386,1.097323046646843,1.1175811530870936,1.1303170076867692,1.1018419690797079,1.1018419690797079,1.1525023356682695,1.1525023356682695,1.0744991631308718,1.0744991631308718,1.1190217157617457,1.1190217157617457
2021-02-01,1.1964025853706513,1.1054816603932627,1.1050811456761747,1.1333838016971969,1.1462997418633052,1.1174220649082156,1.1174220649082156,1.1687987713969685,1.1687987713969685,1.089692630432914,1.089692630432914,1.1348447339939436,1.1348447339939436
2021-02-02,1.1973435387474085,1.106351105773948,1.1055157108669933,1.1342751917095635,1.147201290076316,1.1183009012448262,1.1183009012448262,1.1697180147721866,1.1697180147721866,1.0905496579692726,1.0905496579692726,1.1357372730084894,1.1357372730084894
2021-02-03,1.210952002434924,1.1189253907317287,1.1117981059860458,1.1471668491650147,1.160239859704049,1.1310110021589104,1.1310110021589104,1.183012499281881,1.183012499281881,1.1029443508369794,1.1029443508369794,1.1486455478169564,1.1486455478169564
2021-02-04,1.2157183414262782,1.1233295105544279,1.1139861393071104,1.1516821281122973,1.1648065943653,1.1354626912666546,1.1354626912666546,1.1876688676525915,1.1876688676525915,1.1072855688655368,1.1072855688655368,1.1531666469610982,1.1531666469610982
2021-02-05,1.224498380057379,1.1314423078710765,1.118008798587776,1.1599996908494945,1.1732189433015594,1.1436631156197155,1.1436631156197155,1.1962463301976674,1.1962463301976674,1.1152824952415048,1.1152824952415048,1.1614949310408933,1.1614949310408933
2021-02-08,1.2236830378917205,1.1306889278449026,1.1176365809801778,1.1592272956585297,1.172437745964264,1.142901598269705,1.142901598269705,1.1954497998882694,1.1954497998882694,1.1145398753574762,1.1145398753574762,1.1607215402321345,1.1607215402321345
2021-02-09,1.223149652806294,1.1301960774974724,1.1173930004675932,1.158722005864541,1.171926697933096,1.1424034246023824,1.1424034246023824,1.194928721247893,1.194928721247893,1.1140540641398484,1.1140540641398484,1.1602155991193446,1.1602155991193446
2021-02-10,1.2251253054063895,1.132021589865483,1.1182954167752124,1.1605935938083565,1.1738196143252815,1.1442486544898256,1.1442486544898256,1.1968587909083355,1.1968587909083355,1.115853503647038,1.115853503647038,1.1620895995409712,1.1620895995409712
2021-02-11,1.2311771548772856,1.137613527465203,1.1210574834374758,1.1663266708214746,1.179618024969918,1.1499009910987334,1.1499009910987334,1.2027710100164808,1.2027710100164808,1.1213655744579532,1.1213655744579532,1.1678300664932746,1.1678300664932746
2021-02-12,1.2301107958724267,1.1366282066896702,1.1205719928897944,1.1653164807419147,1.178596322854802,1.1489050277869575,1.1489050277869575,1.2017292544151577,1.2017292544151577,1.1203943265158312,1.1203943265158312,1.1668185742781885,1.1668185742781885
2021-02-16,1.2303931641186527,1.1368891162877413,1.1207006048609536,1.1655839756473083,1.1788668661081492,1.1491687554925145,1.1491687554925145,1.2020051077636091,1.2020051077636091,1.1206515096753655,1.1206515096753655,1.167086413984651,1.167086413984651
2021-02-17,1.2251565540219167,1.1320504637343631,1.1183157281101805,1.160623196448051,1.1738495543140028,1.1442778402278997,1.1442778402278997,1.1968893185450045,1.1968893185450045,1.1158819651251957,1.1158819651251957,1.162119240338483,1.162119240338483
2021-02-18,1.222993101354164,1.1300514232135765,1.1173283346471055,1.1585737005347585,1.1717767025290744,1.1422572078948605,1.1422572078948605,1.1947757818049767,1.1947757818049767,1.1139114758792112,1.1139114758792112,1.1600671026239162,1.1600671026239162
2021-02-19,1.213586034582554,1.1213592489226893,1.1130311794799181,1.1496621374615947,1.1627635840822879,1.133471148665972,1.133471148665972,1.1855857581293754,1.1855857581293754,1.1053434474744264,1.1053434474744264,1.1511440525414194,1.1511440525414194
2021-02-22,1.2150600646702423,1.122721259711309,1.1137071272085244,1.151058525136637,1.1641758848660515,1.1348478706527532,1.1348478706527532,1.1870257788853975,1.1870257788853975,1.1066860053585625,1.1066860053585625,1.1525422401608847,1.1525422401608847
2021-02-23,1.228449171300078,1.135092857707938,1.1198432615092802,1.1637423798516042,1.1770042836519052,1.147353095366015,1.147353095366015,1.2001059674192653,1.2001059674192653,1.118880906139467,1.118880906139467,1.1652424443710296,1.1652424443710296
2021-02-24,1.1988488174506238,1.1077419904314476,1.1063515527878192,1.1357011820243001,1.148643530848801,1.1197068089696813,1.1197068089696813,1.1711885631648777,1.1711885631648777,1.0919206773315662,1.0919206773315662,1.1371651014254662,1.1371651014254662
2021-02-25,1.1926712539771305,1.1020338924973843,1.103501086222786,1.1298490128126761,1.142724670841644,1.113937057368456,1.113937057368456,1.165153530571055,1.165153530571055,1.0862941052450374,1.0862941052450374,1.1313053887647524,1.1313053887647524
2021-02-26,1.2215819796635232,1.1287475400820441,1.1168756926334118,1.1572369076475217,1.1704246756699734,1.1409392414070967,1.1409392414070967,1.193397218001722,1.193397218001722,1.1126262154445232,1.1126262154445232,1.1587285866099675,1.1587285866099675
2021-03-01,1.2120499184298053,1.1199398703156367,1.1125181760402294,1.1482069340155818,1.1612917972683015,1.1320364392259121,1.1320364392259121,1.1840850837794454,1.1840850837794454,1.1039443411271088,1.1039443411271088,1.149686973337424,1.149686973337424
2021-03-02,1.1959953254538156,1.105105350299503,1.1051500692390446,1.132997993610132,1.1459095371418777,1.1170416902560798,1.1170416902560798,1.1684009079216997,1.1684009079216997,1.0893216949840332,1.0893216949840332,1.1344584286000574,1.1344584286000574
2021-03-03,1.181194994341841,1.09142977419151,1.0983120044886856,1.1189772486308236,1.131729013010118,1.103218403049337,1.103218403049337,1.1539420551647197,1.1539420551647197,1.0758414401451577,1.0758414401451577,1.1204196108733406,1.1204196108733406
2021-03-04,1.2029250143214245,1.111508415663157,1.1084146301837148,1.1292140109997817,1.1525490251012522,1.123513915691146,1.123513915691146,1.1751707126125805,1.1751707126125805,1.0956333086352916,1.0956333086352916,1.141031567956143,1.141031567956143
2021-03-05,1.1969359704560776,1.1059745107406926,1.1056553792902137,1.1235354939243736,1.1468107898944735,1.1179202385755382,1.1179202385755382,1.1693198500373452,1.1693198500373452,1.0901784416505416,1.0901784416505416,1.135350675106733,1.135350675106733
2021-03-08,1.2140250570724085,1.121764907784488,1.1135482996346926,1.1395766154597886,1.163184221226462,1.1338811890847684,1.1338811890847684,1.1860146513406005,1.1860146513406005,1.1057433125178813,1.1057433125178813,1.1515604862459337,1.1515604862459337
2021-03-09,1.2215819796635232,1.1287475400820441,1.1170140428880069,1.1430663889054642,1.1704246756699737,1.1409392414070967,1.1409392414070967,1.1933972180017218,1.1933972180017218,1.1126262154445232,1.1126262154445232,1.1587285866099675,1.1587285866099675
2021-03-10,1.2339676356855478,1.1401919449602278,1.122676762188595,1.1488611809615898,1.1822916462653739,1.1525072583076,1.1525072583076,1.205497107887034,1.205497107887034,1.123907165732754,1.123907165732754,1.170476970210543,1.170476970210543
2021-03-11,1.235629568632392,1.1417275788814554,1.1234327842453244,1.1503510477288075,1.1838839809286856,1.1540594787456946,1.1540594787456946,1.207120696142499,1.207120696142499,1.1254208669789685,1.1254208669789685,1.1720533926255723,1.1720533926255723
2021-03-12,1.2429984855728524,1.1485364930665718,1.1267826890571917,1.1572113896454124,1.1909443030058442,1.160941936610992,1.160941936610992,1.2143195948843202,1.2143195948843202,1.132132532920249,1.132132532920249,1.1790431606914191,1.1790431606914191
2021-03-15,1.2414306068470846,1.14708776569148,1.126072045147629,1.1557517200318932,1.1894420837691115,1.1594775614042716,1.1594775614042716,1.2127878907984342,1.2127878907984342,1.130704496978357,1.130704496978357,1.1775559531767952,1.1775559531767952
2021-03-16,1.2456639719190064,1.1509994150860765,1.127992037307522,1.1596929141158885,1.1934981643464144,1.1634314608675627,1.1634314608675627,1.2169235822081983,1.2169235822081983,1.1345602782824202,1.1345602782824202,1.1815715012186407,1.1815715012186407
2021-03-17,1.2275399804963403,1.1342527610952922,1.1197860851126045,1.1428197726409983,1.1761331678616411,1.1465039247960653,1.1465039247960653,1.1992177537800035,1.1992177537800035,1.1180528081976826,1.1180528081976826,1.1643800336671124,1.1643800336671124
2021-03-18,1.2252684939637226,1.1321538967712392,1.1187500377935113,1.1407050555938896,1.173956806444653,1.1443823904540926,1.1443823904540926,1.196998675769782,1.196998675769782,1.1159839208808315,1.1159839208808315,1.1622254206953586,1.1622254206953586
2021-03-19,1.2350520859941332,1.141193982186165,1.1232165665615734,1.1498134207774702,1.1833306820581708,1.1535201186256294,1.1535201186256294,1.2065565373832707,1.2065565373832707,1.1248948913727566,1.1248948913727566,1.1715056228873464,1.1715056228873464
2021-03-22,1.2253311967777736,1.1322118344686631,1.1143197552591917,1.1407634308947645,1.1740168833957059,1.1444409539416753,1.1444409539416753,1.1970599318828343,1.1970599318828343,1.1160410310837132,1.1160410310837132,1.1622848972956288,1.1622848972956288
2021-03-23,1.2191023403465566,1.1264563415985105,1.1114317691912126,1.1349644667847252,1.1680488784728515,1.1386232954874929,1.1386232954874929,1.1909747897801373,1.1909747897801373,1.1103677409787616,1.1103677409787616,1.1563765308258414,1.1563765308258414
2021-03-24,1.2259605891227467,1.132793395979034,1.114558034853498,1.1413493849394494,1.1712759958438759,1.1450287969490016,1.1450287969490016,1.1976748026700812,1.1976748026700812,1.1166142864480482,1.1166142864480482,1.1628819058586681,1.1628819058586681
2021-03-25,1.2457168067492066,1.1510482347196433,1.1235385238224138,1.1597421024841668,1.1900924135727298,1.1634808078062797,1.1634808078062797,1.216975198014934,1.216975198014934,1.1346084006500938,1.1346084006500938,1.1816216175670646,1.1816216175670646
2021-03-26,1.2450877227787287,1.150466958148768,1.1229149626627262,1.1591564355311255,1.1894914197860924,1.1628932528161053,1.1628932528161053,1.2163606284872592,1.2163606284872592,1.134035426155609,1.134035426155609,1.1810249015118952,1.1810249015118952
2021-03-29,1.241784620767726,1.147414876232345,1.1213693223980628,1.1560813012388007,1.1863358095998502,1.1598082050948206,1.1598082050948206,1.2131337367875372,1.2131337367875372,1.1310269355664295,1.1310269355664295,1.1778917522117625,1.1778917522117625
2021-03-30,1.2468178064890414,1.152065563698507,1.123641882376429,1.1607671153492036,1.1911442509009442,1.1645091250448023,1.1645091250448023,1.2180507951082225,1.2180507951082225,1.1356111996387261,1.1356111996387261,1.1826659681662344,1.1826659681662344
2021-03-31,1.2602820537042398,1.1645065919522128,1.1297089244121332,1.1733021106941484,1.2040072855637665,1.1770845299374462,1.1770845299374462,1.231204390557896,1.231204390557896,1.1416860887792835,1.1416860887792835,1.19543744679408,1.19543744679408
2021-04-01,1.2783713016004319,1.1812211427598345,1.1458675272663188,1.190142906510521,1.2212888029775624,1.1939796160764797,1.1939796160764797,1.2488762770742683,1.2488762770742683,1.149879589043316,1.149879589043316,1.2125959584589012,1.2125959584589012
2021-04-05,1.2776165036273568,1.1805237058546159,1.1451909644508753,1.189440201864086,1.2205677086351967,1.1932746460939878,1.1932746460939878,1.2481388940609162,1.2481388940609162,1.1491431633778946,1.1491431633778946,1.2118799966953213,1.2118799966953213
2021-04-06,1.2790952621239737,1.1818900857155004,1.1465164489480797,1.1908169019925912,1.221980436840191,1.194655784343767,1.194655784343767,1.2495835341303818,1.2495835341303818,1.1497507356756889,1.1497507356756889,1.213282669435463,1.213282669435463
2021-04-07,1.2851665391880758,1.1874999745034385,1.1519584353475567,1.1964691622727266,1.2277806160908356,1.2003262660332539,1.2003262660332539,1.2555147325915876,1.2555147325915876,1.1551505862103095,1.1551505862103095,1.2190415643835877,1.2190415643835877
2021-04-08,1.2945097724391519,1.1961331663187516,1.1603332381678952,1.2051675605891785,1.236706650443188,1.209052705711669,1.209052705711669,1.2646423955357045,1.2646423955357045,1.1635485961475265,1.1635485961475265,1.227904065336957,1.227904065336957
2021-04-09,1.2949817910000072,1.1965693137065718,1.1607563317874672,1.2056070021983887,1.2371575921863642,1.2094935639657345,1.2094935639657345,1.2651035235211754,1.2651035235211754,1.1639728621867114,1.1639728621867114,1.228351797383581,1.228351797383581
2021-04-12,1.2988199227604114,1.2001157656477344,1.1641966394227454,1.209180240492442,1.2408243416960456,1.2130783214458196,1.2130783214458196,1.2688531005789934,1.2688531005789934,1.1674227031355617,1.1674227031355617,1.2319924478384778,1.2319924478384778
2021-04-13,1.294384058436555,1.1960170059844084,1.1602205544795814,1.2050505228957848,1.2365865498874598,1.2089352907193516,1.2089352907193516,1.2645195820500268,1.2645195820500268,1.1634356002054702,1.1634356002054702,1.2277848196285466,1.2277848196285466
2021-04-14,1.3082887672225862,1.2088650228175586,1.1726840337942852,1.217995580805073,1.2498703784025271,1.2219220801108346,1.2219220801108346,1.2781034765889299,1.2781034765889299,1.1759336166224048,1.1759336166224048,1.2409740969976342,1.2409740969976342
2021-04-15,1.3126617231493949,1.2129056548237969,1.1766037308247361,1.2220667317064262,1.2540480708324493,1.2260063553382852,1.2260063553382852,1.2823755381651287,1.2823755381651287,1.179864175385253,1.179864175385253,1.2451220536020484,1.2451220536020484
2021-04-16,1.3062124817455139,1.2069465251941742,1.1708229562634198,1.2160625927683932,1.2478868043018267,1.2199828606261072,1.2199828606261072,1.2760750958880307,1.2760750958880307,1.1740673819260865,1.1740673819260865,1.239004641507705,1.239004641507705
2021-04-19,1.2966492746877674,1.1981100765387185,1.1622509800228105,1.207159402412806,1.2387506185273494,1.211050968712566,1.211050968712566,1.2667325344489426,1.2667325344489426,1.1654716521883783,1.1654716521883783,1.2299334849402732,1.2299334849402732
2021-04-20,1.3089179539845626,1.2094463943682656,1.1732480050585277,1.218581343455329,1.2504714703907636,1.2225097311067263,1.2225097311067263,1.2787181465364619,1.2787181465364619,1.1764991506872677,1.1764991506872677,1.241570910555427,1.241570910555427
2021-04-21,1.2969636110900093,1.1984005248644924,1.162532735312151,1.2074520444948977,1.2390509190174699,1.2113445541962184,1.2113445541962184,1.2670396183730652,1.2670396183730652,1.1657541882397344,1.1657541882397344,1.2302316479626112,1.2302316479626112
2021-04-22,1.3110257964516572,1.2113940508000254,1.1751373686828621,1.2205437105368755,1.252485192382395,1.22447842434668,1.22447842434668,1.2807773561336022,1.2807773561336022,1.1783937498596377,1.1783937498596377,1.243570299350738,1.243570299350738
2021-04-23,1.3137629284722265,1.2139231737623242,1.1775907957085507,1.2230919359658923,1.255100104563862,1.2270348645882425,1.2270348645882425,1.283451336098132,1.283451336098132,1.1808539754893006,1.1808539754893006,1.246166599206465,1.246166599206465
2021-04-26,1.3134798406855115,1.2136615993054303,1.1773370501013423,1.2228283858370237,1.2548296573598752,1.226770464842664,1.226770464842664,1.2831747798106783,1.2831747798106783,1.180599526736706,1.180599526736706,1.2458980769816388,1.2458980769816388
2021-04-27,1.3131023903032246,1.213312833362905,1.1769987226250642,1.222476985665199,1.2544690610878928,1.2264179318485593,1.2264179318485593,1.2828060380940733,1.2828060380940733,1.1802602617332463,1.1802602617332463,1.2455400473485372,1.2455400473485372
2021-04-28,1.3214703378170631,1.2210448565336975,1.1844993285241268,1.2302674088100076,1.2624633586677592,1.2342334692807693,1.2342334692807693,1.2909809174305793,1.2909809174305793,1.1877816522933324,1.1877816522933324,1.253477443411147,1.253477443411147
2021-04-29,1.3127876427349887,1.2130220051178036,1.1767165987872747,1.222183960794249,1.254168367791376,1.2261239623420375,1.2261239623420375,1.282498552490521,1.282498552490521,1.1799773561121698,1.1799773561121698,1.2452414943157055,1.2452414943157055
2021-04-30,1.3156188289766346,1.2156380346262383,1.1792543312706962,1.2248197491745785,1.2568731344360413,1.2287682478149742,1.2287682478149742,1.2852644166246296,1.2852644166246296,1.1825221208154073,1.1825221208154073,1.247927009071838,1.247927009071838
2021-05-03,1.3075026178424858,1.208138617063628,1.1719793691595979,1.2172636885082009,1.249119332572429,1.2211878283845514,1.2211878283845514,1.2773354655190512,1.2773354655190512,1.1752269993167246,1.1752269993167246,1.2402283969339192,1.2402283969339192
2021-05-04,1.3079113168402996,1.2085162568750334,1.172103938770345,1.2176441806332488,1.2495097821305452,1.2215695471167303,1.2215695471167303,1.277734734872325,1.277734734872325,1.1755943516189458,1.1755943516189458,1.2406160673645326,1.2406160673645326
2021-05-05,1.3183559609972042,1.2181671575885373,1.1767839994127354,1.2273679746035955,1.2594880466175085,1.231324688056537,1.231324688056537,1.2879383965891598,1.2879383965891598,1.1849823464450706,1.1849823464450706,1.2505233089275651,1.2505233089275651
2021-05-06,1.3279507250449731,1.2270327650523687,1.185289588291062,1.2363005440040493,1.2686543802829167,1.2402860537253042,1.2402860537253042,1.297311786924489,1.297311786924489,1.1936064406588307,1.1936064406588307,1.2596243988003788,1.2596243988003788
2021-05-07,1.314800917023515,1.2148822801042687,1.173552458108515,1.2240582864384106,1.2560917443118138,1.2280043303220303,1.2280043303220303,1.2844653758187954,1.2844653758187954,1.181786954248815,1.181786954248815,1.2471511806974944,1.2471511806974944
2021-05-10,1.303066650727131,1.2040397624204702,1.1682569507580352,1.2131338752143292,1.244881442562244,1.217044701652366,1.217044701652366,1.2730018465702275,1.2730018465702275,1.1712398039942034,1.1712398039942034,1.2360206712213646,1.2360206712213646
2021-05-11,1.2753829471576652,1.1784598890885127,1.1558471177308043,1.1873607970891464,1.2184338860878374,1.1911885378617173,1.1911885378617173,1.2459568709780986,1.2459568709780986,1.1463567671023902,1.1463567671023902,1.2097613621916,1.2097613621916
2021-05-12,1.2907033004602686,1.1926159681657962,1.1627893409457593,1.2016237970372066,1.233070147026037,1.2054975179925274,1.2054975179925274,1.2609237477939848,1.2609237477939848,1.1601272120671586,1.1601272120671586,1.2242934456900652,1.2242934456900652
2021-05-13,1.3105224264837763,1.2109289345634933,1.1717168258599053,1.220075081277228,1.2520042991514861,1.224008284348823,1.224008284348823,1.280285600091605,1.280285600091605,1.1779413041292617,1.1779413041292617,1.2430928290039787,1.2430928290039787
2021-05-14,1.3071876646912528,1.2078475988588628,1.168676683638064,1.216970472242822,1.2488184428727136,1.2208936668665946,1.2208936668665946,1.277027779075784,1.277027779075784,1.1749439089107876,1.1749439089107876,1.2399296488958407,1.2399296488958407
2021-05-17,1.2959256225387208,1.1974414185225482,1.1635838976487454,1.2064856940223798,1.2380592792695182,1.2103750884624305,1.2103750884624305,1.266025578652402,1.266025578652402,1.1648212094802208,1.1648212094802208,1.2292470664715813,1.2292470664715813
2021-05-18,1.2925280551406482,1.194302050140662,1.1620585961010266,1.2033226139898843,1.2348134218136813,1.207201811486902,1.207201811486902,1.262706401103671,1.262706401103671,1.1617673624869338,1.1617673624869338,1.2260243122605499,1.2260243122605499
2021-05-19,1.3064327639266795,1.2071500669738122,1.1683091708204012,1.2162676718991723,1.2480972503287486,1.220188600878385,1.220188600878385,1.2762902956425741,1.2762902956425741,1.1742653789038684,1.1742653789038684,1.2392135896296372,1.2392135896296372
2021-05-20,1.3053631155938703,1.2061617068436605,1.1678308913439215,1.215271846684573,1.247075364488267,1.219189565383654,1.219189565383654,1.2752453266058121,1.2752453266058121,1.1733039432758725,1.1733039432758725,1.2381989773306026,1.2381989773306026
2021-05-21,1.31867070856544,1.2184579858336386,1.1737836480810995,1.2276609994745449,1.2597887399140248,1.2316186575630583,1.2316186575630583,1.2882458821927119,1.2882458821927119,1.185265252066147,1.185265252066147,1.2508218619603964,1.2508218619603964
2021-05-24,1.315744748562229,1.2157543849202455,1.1711204845713292,1.2249369782624013,1.2569934313949676,1.228885854818726,1.228885854818726,1.2853874309500222,1.2853874309500222,1.182635301542324,1.182635301542324,1.248046449785495,1.248046449785495
2021-05-25,1.3183559609972044,1.2181671575885376,1.1734446772960265,1.2273679746035955,1.259488046617508,1.2313246880565365,1.2313246880565365,1.2879383965891598,1.2879383965891598,1.1849823464450704,1.1849823464450704,1.250523308927565,1.250523308927565
2021-05-26,1.3190480561562286,1.2188066567963323,1.1740606986169488,1.2280123039491555,1.2601492379844081,1.2319710945514457,1.2319710945514457,1.2886145234894595,1.2886145234894595,1.1856044246771764,1.1856044246771764,1.2511797940908747,1.2511797940908747
2021-05-27,1.3214073266285173,1.2209866338967785,1.1761606423801756,1.2302087464174893,1.2624031610874962,1.2341746177760342,1.2341746177760342,1.2909193600579545,1.2909193600579545,1.1877250157336592,1.1877250157336592,1.2534176743030065,1.2534176743030065
2021-05-28,1.3202437268661302,1.2199114622003229,1.1751249433822788,1.2291254539487921,1.2612915189854155,1.2330878330556463,1.2330878330556463,1.289782607271471,1.289782607271471,1.186679133424519,1.186679133424519,1.25231394460619,1.25231394460619
2021-06-01,1.3223198067602056,1.2218297698640435,1.1769728243593567,1.2310582505910428,1.2632748966829177,1.235026860528939,1.235026860528939,1.2918107871326552,1.2918107871326552,1.188545183335977,1.188545183335977,1.2542832050908723,1.2542832050908723
2021-06-02,1.3174120266669922,1.2172949577927292,1.172604498506478,1.2264891870823902,1.2585862613327548,1.2304430675541227,1.2304430675541227,1.2870162410380752,1.2870162410380752,1.184133906759131,1.184133906759131,1.2496279423369407,1.2496279423369407
2021-06-03,1.3294609377401139,1.2284282087417973,1.183329015241149,1.2377065274802068,1.2700971581772424,1.2416965697245914,1.2416965697245914,1.298787155470338,1.298787155470338,1.1949638702423895,1.1949638702423895,1.2610569073432787,1.2610569073432787
2021-06-04,1.3281712128091359,1.227236496791671,1.1821810545232505,1.2365058145292578,1.268865022713037,1.2404919859890167,1.2404919859890167,1.2975271875187475,1.2975271875187475,1.1938046224214725,1.1938046224214725,1.2598335419275581,1.2598335419275581
2021-06-07,1.3284541978043525,1.227497976268733,1.1824329343237108,1.2367692689609118,1.2691353717154246,1.2407562897288777,1.2407562897288777,1.2978036433863438,1.2978036433863438,1.1940589787816371,1.1940589787816371,1.260101966649761,1.260101966649761
2021-06-08,1.3264725832973472,1.2256669550704757,1.1806691352705787,1.2349244180588317,1.267242241287517,1.2389054915098285,1.2389054915098285,1.2958677493741684,1.2958677493741684,1.1922778375134742,1.1922778375134742,1.2582223110759776,1.2582223110759776
2021-06-09,1.3326383257485193,1.231364130323877,1.1861571505524555,1.2406646240791377,1.2731326678077564,1.2446642024535586,1.2446642024535586,1.3018912336843829,1.3018912336843829,1.1978198126503252,1.1978198126503252,1.2640708109350012,1.2640708109350012
2021-06-10,1.3348405308111857,1.233398978241268,1.1881172932495352,1.2427148412036404,1.2752365388673834,1.2467210289420383,1.2467210289420383,1.3040426287106743,1.3040426287106743,1.19979922807356,1.19979922807356,1.2661597071385875,1.2661597071385875
2021-06-11,1.337828988045451,1.2361603268924215,1.19077726471295,1.2454970463222301,1.278091553958708,1.2495122031625188,1.2495122031625188,1.3069621352267018,1.3069621352267018,1.2024853531949058,1.2024853531949058,1.2689944009085123,1.2689944009085123
2021-06-14,1.3353753549775904,1.233893158306344,1.1885933305186216,1.24321275381094,1.2757474817876244,1.247220546689404,1.247220546689404,1.3045651132290554,1.3045651132290554,1.2002799458875582,1.2002799458875582,1.266667013288105,1.266667013288105
2021-06-15,1.3279194764294464,1.2270038911834888,1.1819569885474688,1.2362714520508267,1.268624526996783,1.2402568679872294,1.2402568679872294,1.2972812592878205,1.2972812592878205,1.1935783533600692,1.1935783533600692,1.2595947580028672,1.2595947580028672
2021-06-16,1.3274790148586135,1.2265969026040442,1.181564941709484,1.2358613894864832,1.268203733144538,1.23984548348839,1.23984548348839,1.2968509601985907,1.2968509601985907,1.1931824517969363,1.1931824517969363,1.2591769592616253,1.2591769592616253
2021-06-17,1.3095707827911816,1.210049611280297,1.1656251498619052,1.2191891164649318,1.251095148746799,1.2231194634176077,1.2231194634176077,1.279355913051211,1.279355913051211,1.1770859350110623,1.1770859350110623,1.2421901497166004,1.2421901497166004
2021-06-18,1.3283187186094034,1.2273727928503648,1.1739104670508966,1.236643140032136,1.26900594200778,1.2406297541934121,1.2406297541934121,1.2976712900142076,1.2976712900142076,1.1939372055587179,1.1939372055587179,1.2599734581921285,1.2599734581921285
2021-06-21,1.3354200692794138,1.2339344745331957,1.180127637225237,1.2432543820992694,1.2757901994832437,1.2472623091764508,1.2472623091764508,1.3046087958670523,1.3046087958670523,1.2003201365946676,1.2003201365946676,1.2667094269292816,1.2667094269292816
2021-06-22,1.3338103544137792,1.232447090366544,1.1787051118006995,1.2417557637194285,1.2742523624409658,1.2457588596427693,1.2457588596427693,1.3030362208991786,1.3030362208991786,1.1988732711387369,1.1988732711387369,1.2651825358469364,1.2651825358469364
2021-06-23,1.3417010410003416,1.2397381221780923,1.1856782115254247,1.249101864697085,1.2817907099961006,1.2531286425293289,1.2531286425293289,1.3107448508374828,1.3107448508374828,1.2059656836457011,1.2059656836457011,1.2726672272291293,1.2726672272291293
2021-06-24,1.3464665576597084,1.2441414821621368,1.1898895589843639,1.2535384832608019,1.2863434343330764,1.2575795635913345,1.2575795635913345,1.315400415849334,1.315400415849334,1.210249089099239,1.210249089099239,1.2771875463522842,1.2771875463522842
2021-06-25,1.3491810755506202,1.2466497095614304,1.1922884128420388,1.256065655302618,1.2889367421627362,1.2601148825750805,1.2601148825750805,1.318052303445222,1.318052303445222,1.2126889883942722,1.2126889883942722,1.2797623956308648,1.2797623956308648
2021-06-28,1.3499069891126323,1.2473204571339012,1.1929299118553263,1.2567414690317644,1.2896302418557481,1.2607928749509973,1.2607928749509973,1.318761468478627,1.318761468478627,1.213341463735893,1.213341463735893,1.280450959157271,1.280450959157271
2021-06-29,1.3510435547109287,1.2483706491345823,1.1939343092767254,1.2577995931330352,1.2907160569372593,1.2618544101677225,1.2618544101677225,1.3198718108425975,1.3198718108425975,1.2143630468359075,1.2143630468359075,1.281529045664135,1.281529045664135
2021-06-30,1.3585233836782105,1.2552820465582568,1.2005443289170399,1.2647631923441387,1.2978618927006966,1.2688404582020392,1.2688404582020392,1.3271790626106217,1.3271790626106217,1.221086166799618,1.221086166799618,1.2886240190606237,1.2886240190606237
2021-07-01,1.3689074836425317,1.2648770041508057,1.2097208896394032,1.2744306206551161,1.3077823164457762,1.2785390517743276,1.2785390517743276,1.3373235770314107,1.3373235770314107,1.2304197424843928,1.2304197424843928,1.2984738315784776,1.2984738315784776
2021-07-02,1.3664139674732747,1.2625729833899733,1.2075173378036157,1.272109197624581,1.3054001420542325,1.2762101450828816,1.2762101450828816,1.3348875921290686,1.3348875921290686,1.2281784869141523,1.2281784869141523,1.2961086129401935,1.2961086129401935
2021-07-06,1.37124300927868,1.2670350409100963,1.2117848232390787,1.2766049570668891,1.3100135549794667,1.2807203976782087,1.2807203976782087,1.3396052166128318,1.3396052166128318,1.2325189908895142,1.2325189908895142,1.3006891886846057,1.3006891886846057
2021-07-07,1.3600697789808036,1.2567109231484934,1.2019108980413533,1.2662028612398175,1.2993392375579143,1.270284768213834,1.270284768213834,1.328689778946298,1.328689778946298,1.222476118518585,1.222476118518585,1.2900908485269587,1.2900908485269587
2021-07-08,1.3745884613870414,1.2701262545172383,1.2147412416597043,1.2797195186116082,1.313209624224548,1.2838449997550412,1.2838449997550412,1.3428734812938286,1.3428734812938286,1.2355259949207225,1.2355259949207225,1.3038625090655767,1.3038625090655767
2021-07-09,1.379512071371015,1.2746756934826562,1.2190922981929049,1.2843033194913014,1.317913382620976,1.288443577610329,1.288443577610329,1.3476834920464578,1.3476834920464578,1.2399514999318093,1.2399514999318093,1.3085327872235109,1.3085327872235109
2021-07-12,1.3748095659001944,1.270330556135531,1.2149366345197412,1.2799253633201033,1.313420855864263,1.2840515080530581,1.2840515080530581,1.3430894844072316,1.3430894844072316,1.235724731037945,1.235724731037945,1.3040722372084963,1.3040722372084963
2021-07-13,1.3768609758346433,1.2722260686396094,1.2167494914736043,1.2818351926308622,1.3153806651779756,1.2859674941541872,1.2859674941541872,1.3450935635026247,1.3450935635026247,1.2375686067661702,1.2375686067661702,1.3060180970635642,1.3060180970635642
2021-07-14,1.372158264780826,1.2678807413328206,1.2125936461241413,1.2774570450652352,1.3108879420180644,1.2815752325854817,1.2815752325854817,1.3404993550236837,1.3404993550236837,1.2333416530874455,1.2333416530874455,1.301557352043303,1.301557352043303
2021-07-15,1.3613954809362367,1.2579358780397645,1.203082437658228,1.2674370682158587,1.300605743581813,1.2715229539504804,1.2715229539504804,1.3299848938480003,1.3299848938480003,1.2236677036900494,1.2236677036900494,1.291348339860867,1.291348339860867
2021-07-16,1.341290491755556,1.2393587727297137,1.1853154039554634,1.2487196500221758,1.2813984928092006,1.252745195694238,1.252745195694238,1.310343773926775,1.310343773926775,1.2055966682797379,1.2055966682797379,1.2722778017512955,1.2722778017512955
2021-07-19,1.3605116796326142,1.2571192414455836,1.193749141831023,1.2666142635651645,1.299761406232547,1.2706974967927158,1.2706974967927158,1.3291214839135317,1.3291214839135317,1.2228733135757397,1.2228733135757397,1.2905100123049278,1.2905100123049278
2021-07-20,1.3715270221888805,1.2672974701854764,1.1985817191327734,1.2768693684706884,1.3102848859978453,1.2809856614752428,1.2809856614752428,1.339882676679002,1.339882676679002,1.23277427117398,1.23277427117398,1.3009585884330421,1.3009585884330421
2021-07-21,1.3743990166554083,1.2699512066871523,1.2010316349199692,1.2795431486451936,1.3130286386773624,1.283668061217967,1.283668061217967,1.3426884074965233,1.3426884074965233,1.2353557156719814,1.2353557156719814,1.3036828117306616,1.3036828117306616
2021-07-22,1.38853891238988,1.2830165373755582,1.2133879171100548,1.2927071617813706,1.3265371524512253,1.296874511690744,1.296874511690744,1.3565020626693025,1.3565020626693025,1.2480651259690676,1.2480651259690676,1.317095175102074,1.317095175102074
2021-07-23,1.3919473756867877,1.2861659736196196,1.216366435136073,1.2958803857186083,1.3297934192765695,1.3000579652723114,1.3000579652723114,1.3598318847229245,1.3598318847229245,1.251128766559949,1.251128766559949,1.3203282645911854,1.3203282645911854
2021-07-26,1.3856035983603103,1.2803042932974673,1.2108228650653317,1.289974432122703,1.3237329075866477,1.2941329724261332,1.2941329724261332,1.3536344732195837,1.3536344732195837,1.2454267677341022,1.2454267677341022,1.314310890188444,1.314310890188444
2021-07-27,1.3850354697484097,1.2797793397668744,1.210514091630245,1.2894455136178893,1.3231901473482908,1.2936023488263466,1.2936023488263466,1.3530794526673846,1.3530794526673846,1.2449161147727401,1.2449161147727401,1.3137719931889469,1.3137719931889469
2021-07-28,1.3907797670559614,1.2850870977097222,1.2154740531183617,1.2947933610585438,1.3286779473121229,1.2989674363289472,1.2989674363289472,1.3586912155620001,1.3586912155620001,1.2500792809460335,1.2500792809460335,1.3192207322920564,1.3192207322920564
2021-07-29,1.3840255432761968,1.278846162919023,1.2095711891655467,1.2885052884849433,1.3222253166369,1.2926590926533954,1.2926590926533954,1.3520928275678088,1.3520928275678088,1.2440083591466533,1.2440083591466533,1.312814029914104,1.312814029914104
2021-07-30,1.3811214778621541,1.2761627927098123,1.207033176862708,1.2858016507794987,1.319450925058456,1.2899467391268584,1.2899467391268584,1.3492557657547588,1.3492557657547588,1.2413980882104494,1.2413980882104494,1.3100593857979856,1.3100593857979856
2021-08-02,1.3923578221400752,1.2865452280881664,1.211882835129674,1.2962625046963037,1.3301855382618706,1.3004413161016852,1.3004413161016852,1.360232861213775,1.360232861213775,1.2514976895334822,1.2514976895334822,1.3207175925663965,1.3207175925663965
2021-08-03,1.385508824598745,1.2802167218925087,1.2058609985355817,1.2898861992908888,1.3236423657122556,1.2940444551547379,1.2940444551547379,1.3535418861110027,1.3535418861110027,1.2453415819135165,1.2453415819135165,1.314220992769675,1.314220992769675
2021-08-04,1.3942832096974316,1.288324295318406,1.213497679434891,1.2980550092220253,1.3320249524150574,1.3022395991933449,1.3022395991933449,1.3621138255639182,1.3621138255639182,1.2532282921423605,1.2532282921423605,1.3225439142051838,1.3225439142051838
2021-08-05,1.3965869727605607,1.2904529833096572,1.2155027320035736,1.3001997751945025,1.3342258466546186,1.304391279330565,1.304391279330565,1.3643644354093831,1.3643644354093831,1.2552989912865697,1.2552989912865697,1.3247291430006831,1.3247291430006831
2021-08-06,1.3954509211197565,1.2894032662081352,1.2145139830749156,1.2991421295793044,1.333140522581103,1.3033302241424265,1.3033302241424265,1.3632545951447,1.3632545951447,1.254277870148706,1.254277870148706,1.323651544006936,1.323651544006936
2021-08-09,1.3971867611539819,1.2910071906284575,1.216024750642618,1.3007581684413971,1.3347988529855057,1.304951472691295,1.304951472691295,1.3649503852776808,1.3649503852776808,1.2558381011164137,1.2558381011164137,1.3252980708081852,1.3252980708081852
2021-08-10,1.4006588523884265,1.2942154193884292,1.2190466436314171,1.3039906289544407,1.3381159066007073,1.308194353811901,1.308194353811901,1.3683423672230723,1.3683423672230723,1.2589589326215493,1.2589589326215493,1.328591514421177,1.328591514421177
2021-08-11,1.4048566516018866,1.2980942057612084,1.222700147861288,1.307898711802202,1.3421262635057227,1.3121150352969895,1.3121150352969895,1.3724433133621543,1.3724433133621543,1.2627320546834457,1.2627320546834457,1.3325733265553286,1.3325733265553286
2021-08-12,1.4074130761681913,1.3004563541791283,1.2249251013408142,1.3102787015280413,1.3445685372759302,1.314502697487453,1.314502697487453,1.3749407552172639,1.3749407552172639,1.2650298544209295,1.2650298544209295,1.3349982167991297,1.3349982167991297
2021-08-13,1.4107269712865305,1.3035184089778948,1.2278093102361276,1.3133638840278938,1.3477344586300806,1.3175978258090595,1.3175978258090595,1.3781781910020197,1.3781781910020197,1.2680084939760858,1.2680084939760858,1.3381416038747187,1.3381416038747187
2021-08-16,1.4014792313375088,1.2949734534263635,1.2197606506165442,1.3047543884237582,1.338899653563314,1.3089605754420615,1.3089605754420615,1.3691438181054862,1.3691438181054862,1.2596963166064652,1.2596963166064652,1.3293696828584822,1.3293696828584822
2021-08-17,1.386140272773687,1.2808001829995164,1.2064105718859934,1.2904740672798647,1.3242456181356728,1.2946342182764112,1.2946342182764112,1.354158765295399,1.354158765295399,1.245909148611842,1.245909148611842,1.3148199513851826,1.3148199513851826
2021-08-18,1.3882863536782026,1.2827831719287215,1.207284159253369,1.2924720337252233,1.3262958711221782,1.2966386256432183,1.2966386256432183,1.3562553310795153,1.3562553310795153,1.2478381177682225,1.2478381177682225,1.3168556111563958,1.3168556111563958
2021-08-19,1.3993329448499958,1.2929902745374946,1.2120873378267663,1.3027562305839704,1.3368492041736102,1.3069559760638194,1.3069559760638194,1.3670470514816546,1.3670470514816546,1.257767162665224,1.257767162665224,1.327333828082022,1.327333828082022
2021-08-20,1.4116423295801748,1.3043642043804513,1.2226889918043229,1.3142160677234547,1.3486089438702773,1.3184527567220499,1.3184527567220499,1.379072429832729,1.379072429832729,1.268831248566447,1.268831248566447,1.3390098647360396,1.3390098647360396
2021-08-23,1.413883184246256,1.306434764714615,1.224629900117313,1.3163022670006277,1.3507497387311749,1.3205456813602527,1.3205456813602527,1.3812615827254267,1.3812615827254267,1.2708454035434131,1.2708454035434131,1.3411354219260219,1.3411354219260219
2021-08-24,1.4168501580573463,1.3091762625809134,1.2271997339497052,1.3190644714013764,1.3535842296882823,1.323316790385807,1.323316790385807,1.3841601014912441,1.3841601014912441,1.2735122186468602,1.2735122186468602,1.3439497376476572,1.3439497376476572
2021-08-25,1.4084859110374517,1.301447658684067,1.219955071090241,1.3112774933562914,1.3455934673659844,1.3155047091594216,1.3155047091594216,1.375988837269607,1.375988837269607,1.265994154214259,1.265994154214259,1.3360158516794896,1.3360158516794896
2021-08-26,1.4210793086778317,1.3130840178024044,1.2308627977442628,1.3230017418995752,1.3576245380810303,1.3272667536146867,1.3272667536146867,1.3882916756868524,1.3882916756868524,1.2773135203999482,1.2773135203999482,1.3479612880819438,1.3479612880819438
2021-08-27,1.4273289289917344,1.3188586965985891,1.2362758841902026,1.3288200368469536,1.3635950971061546,1.3331038052237736,1.3331038052237736,1.3943971026007569,1.3943971026007569,1.2829308877597903,1.2829308877597903,1.3538893500816567,1.3538893500816567
2021-08-30,1.425213993911247,1.316904486558432,1.2344440406792039,1.3268510666576032,1.3615745992041834,1.331128487589323,1.331128487589323,1.3923309640334516,1.3923309640334516,1.2810299135097407,1.2810299135097407,1.3518832336053315,1.3518832336053315
2021-08-31,1.42597156725478,1.3176044879191104,1.235100210140981,1.327556355128831,1.3622983449897255,1.3318360497261834,1.3318360497261834,1.3930710583829553,1.3930710583829553,1.2817108457198434,1.2817108457198434,1.352601827939743,1.352601827939743
2021-09-01,1.4303584000338785,1.3216579422026475,1.238899849777379,1.331640425154148,1.3664892946355292,1.335933285725476,1.335933285725476,1.3973566766399117,1.3973566766399117,1.2856538774607598,1.2856538774607598,1.3567629473983152,1.3567629473983152
2021-09-02,1.4300113759351312,1.3213372902903477,1.23859927608634,1.3313173513578298,1.3661577660368873,1.3356091704237065,1.3356091704237065,1.397017659201116,1.397017659201116,1.2853419606166205,1.2853419606166205,1.3564337785417382,1.3564337785417382
2021-09-03,1.4248984240110234,1.3166128984746759,1.2341707109305398,1.3265572762089368,1.3612731202948734,1.3308337500370622,1.3308337500370622,1.3920226750710394,1.3920226750710394,1.2807462687492228,1.2807462687492228,1.3515839005515127,1.3515839005515127
2021-09-07,1.423162378393801,1.3150087840946898,1.2326670411829208,1.324941045952415,1.3596145934872723,1.329212309476759,1.329212309476759,1.3903266840983435,1.3903266840983435,1.2791858529966549,1.2791858529966549,1.3499371787450165,1.3499371787450165
2021-09-08,1.4170708514045054,1.3093801842798787,1.2273908867087873,1.3192699333210134,1.3537950685216003,1.3235229146609546,1.3235229146609546,1.3843757029252173,1.3843757029252173,1.273710585194362,1.273710585194362,1.3441590757800832,1.3441590757800832
2021-09-09,1.4058980322726227,1.299056446437603,1.2177135890862114,1.3088682202828,1.3431211439064443,1.3130876692194493,1.3130876692194493,1.3734606669381133,1.3734606669381133,1.2636680823931532,1.2636680823931532,1.3335611256329296,1.3335611256329296
2021-09-10,1.4094959403011629,1.30238093051175,1.219210861039126,1.312217814186452,1.3465583962789736,1.3164480613380904,1.3164480613380904,1.3769755627890399,1.3769755627890399,1.2669020022327755,1.2669020022327755,1.3369739124569555,1.3369739124569555
2021-09-13,1.4018895749992966,1.2953526129150776,1.2159211164843864,1.3051364117042386,1.339291674347015,1.3093438302657174,1.3093438302657174,1.3695446941764786,1.3695446941764786,1.2600651471875675,1.2600651471875675,1.3297589133310694,1.3297589133310694
2021-09-14,1.4135990685445559,1.3061722404594023,1.2209991984955981,1.3160377598996136,1.3504783095111959,1.3202803215575007,1.3202803215575007,1.380984022239398,1.380984022239398,1.2705900308665166,1.2705900308665166,1.3408659246749615,1.3408659246749615
2021-09-15,1.4113580082954775,1.3041014901655748,1.219002427984639,1.3139513692280114,1.3483373182471001,1.3181872049078631,1.3181872049078631,1.3787946685069856,1.3787946685069856,1.2685756911046902,1.2685756911046902,1.3387401724797323,1.3387401724797323
2021-09-16,1.3976100565445735,1.291398317575984,1.2071282001376538,1.3011522495709107,1.3352032471706963,1.3053468242353368,1.3053468242353368,1.365363914250714,1.365363914250714,1.256218573143713,1.256218573143713,1.3256995866113201,1.3256995866113201
2021-09-17,1.3743061959323124,1.2698654398989984,1.1970039681904718,1.279456734060456,1.3129399626333529,1.283581368055201,1.283581368055201,1.342597728365234,1.342597728365234,1.2352722853075673,1.2352722853075673,1.3035947668617371,1.3035947668617371
2021-09-20,1.3730079393069634,1.2686658446228292,1.1964385853315165,1.278248078240699,1.31169967643642,1.2823688158450863,1.2823688158450863,1.3413294255654737,1.3413294255654737,1.2341053689149488,1.2341053689149488,1.3023633087282749,1.3023633087282749
2021-09-21,1.3864012603882354,1.2810413367925637,1.202274052727086,1.2907170425076049,1.3244949519958469,1.2948779767927594,1.2948779767927594,1.3544137313134976,1.3544137313134976,1.2461437329919567,1.2461437329919567,1.3150675105459788,1.3150675105459788
2021-09-22,1.4032462171957616,1.2966061567357334,1.20957794629226,1.306399423541859,1.3405877390522498,1.3106109137232862,1.3106109137232862,1.3708700354552779,1.3708700354552779,1.261284542480503,1.261284542480503,1.3310457529546194,1.3310457529546194
2021-09-23,1.4055577924127725,1.2987420631942048,1.2115100118033526,1.308551462502642,1.3427960966133445,1.3127698902950249,1.3127698902950249,1.37312827720991,1.37312827720991,1.2633622634494026,1.2633622634494026,1.3332383919494966,1.3332383919494966
2021-09-24,1.4015364862021409,1.295026357192699,1.2080438770339355,1.3048076917722617,1.3389543518540246,1.3090140506266243,1.3090140506266243,1.3691997519660926,1.3691997519660926,1.2597477791900498,1.2597477791900498,1.329423991819712,1.329423991819712
2021-09-27,1.3732927745491519,1.2689290337368642,1.1836994213147967,1.2785132552222147,1.3119717930675916,1.2826348476878595,1.2826348476878595,1.3416076889905042,1.3416076889905042,1.2343613883388553,1.2343613883388553,1.3026334884976984,1.3026334884976984
2021-09-28,1.3756043497661625,1.2710649401953356,1.1846364588162477,1.2806652941829977,1.314180150628686,1.2847938242595982,1.2847938242595982,1.3438659307451364,1.3438659307451364,1.236439109307755,1.236439109307755,1.3048261274925756,1.3048261274925756
2021-09-29,1.3587913611146525,1.2555296589798688,1.1773969937252755,1.2650126749824682,1.2981179042696105,1.269090745107167,1.269090745107167,1.327440857179027,1.327440857179027,1.2213270338649806,1.2213270338649806,1.2888782083998105,1.2888782083998105
2021-09-30,1.3749393915627277,1.2704505156631472,1.1843931533448626,1.2800462289020786,1.3135448844839546,1.2841727632740692,1.2841727632740692,1.343216314687207,1.343216314687207,1.2358414226772048,1.2358414226772048,1.3041953830218418,1.3041953830218418
2021-10-01,1.357208063664118,1.2540666846300006,1.1767561391274732,1.2635386507867665,1.2966053050383075,1.267611969042844,1.267611969042844,1.3258940901145215,1.3258940901145215,1.219903913263595,1.219903913263595,1.2873763754916774,1.2873763754916774
2021-10-04,1.3713297653033647,1.2671152038881701,1.1828781920181872,1.2766857255159683,1.3100964371291253,1.2808014265036505,1.2808014265036505,1.3396899709725296,1.3396899709725296,1.2325969701005468,1.2325969701005468,1.300771480898749,1.300771480898749
2021-10-05,1.377029142726096,1.2723814556445026,1.1853362693647174,1.2819917532738645,1.3155413229941402,1.2861245595077693,1.2861245595077693,1.3452578503894335,1.3452578503894335,1.2377197607818706,1.2377197607818706,1.3061776113554353,1.3061776113554353
2021-10-06,1.3889343512843928,1.283381924788655,1.1904602260990549,1.2930753089657412,1.3269149340030528,1.2972438456853845,1.2972438456853845,1.3568883778609628,1.3568883778609628,1.2484205596477989,1.2484205596477989,1.317470267694269,1.317470267694269
2021-10-07,1.386401260388235,1.2810413367925633,1.1893746658066693,1.2907170425076047,1.3244949519958464,1.2948779767927592,1.2948779767927592,1.3544137313134974,1.3544137313134974,1.246143732991956,1.246143732991956,1.3150675105459781,1.3150675105459781
2021-10-08,1.3763641845226613,1.2717670311123144,1.1807045270643586,1.2813726879929457,1.3149060568494089,1.2855034985222402,1.2855034985222402,1.3446082343315042,1.3446082343315042,1.2371220741513207,1.2371220741513207,1.3055468668847015,1.3055468668847015
2021-10-11,1.372976176733944,1.2686364958547895,1.1791923022756603,1.2782185078014032,1.3116693321422903,1.2823391500784254,1.2823391500784254,1.3412983958295175,1.3412983958295175,1.2340768196540364,1.2340768196540364,1.3023331804176455,1.3023331804176455
2021-10-12,1.377915822191675,1.2732007516739752,1.1813135305964544,1.2828172374465663,1.3163884099881817,1.2869527048256197,1.2869527048256197,1.3461240720799112,1.3461240720799112,1.2385167378842248,1.2385167378842248,1.307018668984829,1.307018668984829
2021-10-13,1.401093043677853,1.294616614198131,1.201124739215566,1.3043948539886965,1.3385307101554047,1.308599881961982,1.308599881961982,1.3687665407009966,1.3687665407009966,1.2593491982464429,1.2593491982464429,1.3290033655023912,1.3290033655023912
2021-10-14,1.411763623548338,1.3044762805820247,1.2102723811384544,1.3143289904366224,1.348724821757242,1.3185660434685214,1.3185660434685214,1.3791909252645356,1.3791909252645356,1.2689402716340068,1.2689402716340068,1.3391249178316433,1.3391249178316433
2021-10-15,1.415943125875075,1.308338160544736,1.2138553720503749,1.318220039180194,1.3527176987776135,1.3224696359359218,1.3224696359359218,1.3832739966689889,1.3832739966689889,1.272696947843339,1.272696947843339,1.3430893744988308,1.3430893744988308
2021-10-18,1.4268670867892246,1.318431952214121,1.2232202316957888,1.3283900692619839,1.3631538773212908,1.332672451535726,1.332672451535726,1.3939459161811745,1.3939459161811745,1.2825157685711883,1.2825157685711883,1.3534512707947484,1.3534512707947484
2021-10-19,1.4324711764928981,1.3236101576663355,1.2280244884967477,1.333607385701993,1.368507730303918,1.3379065872398626,1.3379065872398626,1.39942070639021,1.39942070639021,1.2875529114697761,1.2875529114697761,1.3587670163195489,1.3587670163195489
2021-10-20,1.4362073390868455,1.3270623896143103,1.2312274144848336,1.3370856923592136,1.3720770638272684,1.3413961070483376,1.3413961070483376,1.4030706669494244,1.4030706669494244,1.2909110991279313,1.2909110991279313,1.3623109441720391,1.3623109441720391
2021-10-21,1.4347192265638702,1.325687366588728,1.2299516899537988,1.3357002837841845,1.3706553992767538,1.3400062322782795,1.3400062322782795,1.4016168886729297,1.4016168886729297,1.2895735339168515,1.2895735339168515,1.3608993986931686,1.3608993986931686
2021-10-22,1.4424133758054076,1.3327967969617938,1.236547706573058,1.342863411687623,1.378005985374364,1.3471924522332683,1.3471924522332683,1.4091335158437643,1.4091335158437643,1.2964892920973956,1.2964892920973956,1.368197665059433,1.368197665059433
2021-10-25,1.4437116324307564,1.333996392237963,1.2376606720235634,1.3440720675073796,1.3792462715712968,1.348405004443383,1.348405004443383,1.4104018186435243,1.4104018186435243,1.2976562084900138,1.2976562084900138,1.3694291231928952,1.3694291231928952
2021-10-26,1.4373154314400725,1.328086272201571,1.2321773564924703,1.3381173083320541,1.373135677065822,1.3424310486813569,1.3424310486813569,1.4041531930128774,1.4041531930128774,1.2919070895247977,1.2919070895247977,1.363362022452223,1.363362022452223
2021-10-27,1.4511840604101498,1.3409009511137444,1.2440666121205153,1.3510287765190354,1.3863850368195971,1.3553841400660505,1.3553841400660505,1.417701840181811,1.417701840181811,1.3043726761987546,1.3043726761987546,1.3765170764004993,1.3765170764004993
2021-10-28,1.4541288312575762,1.3436219333363648,1.2465910962239264,1.3537703103214416,1.389198316231294,1.3581345118566575,1.3581345118566575,1.4205786682584163,1.4205786682584163,1.3070195345372924,1.3070195345372924,1.3793103315554816,1.3793103315554816
2021-10-29,1.4566301595807147,1.345933172564417,1.248735427282723,1.3560990063402822,1.391587953944371,1.3604707149826218,1.3604707149826218,1.4230222850699255,1.4230222850699255,1.309267811932223,1.309267811932223,1.3816829603931433,1.3816829603931433
2021-11-01,1.4625193929010722,1.3513748520701623,1.2537841311272055,1.361581786853451,1.3972142181629674,1.365971170546684,1.365971170546684,1.428775639963564,1.428775639963564,1.3145612514320082,1.3145612514320082,1.3872691781952378,1.3872691781952378
2021-11-02,1.4714484792049172,1.3596253701429823,1.2614388307965338,1.369894621092484,1.4057445982724504,1.3743108031899007,1.3743108031899007,1.4374987113019617,1.4374987113019617,1.322587012268207,1.322587012268207,1.395738841078954,1.395738841078954
2021-11-03,1.4783826908984574,1.3660326146192374,1.2673833704897766,1.3763502594887602,1.4123691799477387,1.3807872528765301,1.3807872528765301,1.444272934466571,1.444272934466571,1.3288197132127555,1.3288197132127555,1.4023162705504688,1.4023162705504688
2021-11-04,1.4835120894623162,1.3707722032080039,1.2717806855290226,1.381125646191981,1.4172695379456124,1.3855780341779502,1.3855780341779502,1.4492839857738415,1.4492839857738415,1.333430187868975,1.333430187868975,1.4071817489604372,1.4071817489604372
2021-11-05,1.484778686306144,1.3719425446959654,1.2728665097793097,1.3823048272696563,1.418479578050015,1.3867610166271214,1.3867610166271214,1.4505213592575028,1.4505213592575028,1.3345686473931113,1.3345686473931113,1.408383176285894,1.408383176285894
2021-11-08,1.4798710090044291,1.367407827604483,1.268659271262371,1.377735859458218,1.4137910409014511,1.3821773196580225,1.3821773196580225,1.4457269135827802,1.4457269135827802,1.3301574632086954,1.3301574632086954,1.4037280110345858,1.4037280110345858
2021-11-09,1.4679655948631356,1.356407168500667,1.2584530344101934,1.3666521123719124,1.4024172334893403,1.3710578414689727,1.3710578414689727,1.4340961852715362,1.4340961852715362,1.3194564795579071,1.3194564795579071,1.3924351596905056,1.3924351596905056
2021-11-10,1.468440388794449,1.356845880343947,1.2588600642926864,1.3670941378059154,1.402870826675693,1.3715012918774068,1.3715012918774068,1.4345600245931587,1.4345600245931587,1.3198832401927056,1.3198832401927056,1.3928855243079612,1.3928855243079612
2021-11-11,1.4795225458247039,1.3670858459745374,1.2683605418184112,1.3774114459008964,1.4134581374804218,1.3818518602762104,1.3818518602762104,1.44538649026598,1.44538649026598,1.3298442528705343,1.3298442528705343,1.4033974771412814,1.4033974771412814
2021-11-12,1.480029410703532,1.3675541915253522,1.2687950653842421,1.3778833288658388,1.413942369565701,1.3823252644684572,1.3823252644684572,1.445881660583131,1.445881660583131,1.3302998399435353,1.3302998399435353,1.4038782625772357,1.4038782625772357
2021-11-15,1.4858864702848766,1.372966142343731,1.273816187424607,1.3833361561508537,1.4195378966837717,1.3877956702429892,1.3877956702429892,1.4516035840613837,1.4516035840613837,1.335564360612688,1.335564360612688,1.4094339620582081,1.4094339620582081
2021-11-16,1.482277357983006,1.3696313054679132,1.2707221787205136,1.3799761312508159,1.416089940336938,1.3844248135011572,1.3844248135011572,1.4480777424459936,1.4480777424459936,1.332320369998181,1.332320369998181,1.4060105474482325,1.4060105474482325
2021-11-17,1.4873117772023023,1.3742831326920573,1.275038070159105,1.3846630937277933,1.4208995600572214,1.389126885519747,1.389126885519747,1.4529960058049682,1.4529960058049682,1.3368454740489546,1.3368454740489546,1.410785933434185,1.410785933434185
2021-11-18,1.484651944388563,1.3718254345633039,1.2727578568576576,1.3821868326041176,1.4183584954782955,1.3866426415776307,1.3866426415776307,1.4503975415732508,1.4503975415732508,1.334454727526754,1.334454727526754,1.40826295555125,1.40826295555125
2021-11-19,1.4804725448533247,1.3679636495804246,1.2691749540665171,1.3782958795577607,1.4143657166595234,1.3827391451159479,1.3827391451159479,1.446314570588655,1.446314570588655,1.330698143709852,1.330698143709852,1.404298596386686,1.404298596386686
2021-11-22,1.4824355540991114,1.3697774794291184,1.2699529165859675,1.3801234092640071,1.4162410725979893,1.384572566300157,1.384572566300157,1.4482322886066294,1.4482322886066294,1.33246256194816,1.33246256194816,1.4061606039856351,1.4061606039856351
2021-11-23,1.4863935407467015,1.3734346778542093,1.2716482539222236,1.383808230510225,1.420022325172249,1.3882692664466707,1.3882692664466707,1.4520989552182497,1.4520989552182497,1.336020132470549,1.336020132470549,1.409914942499409,1.409914942499409
2021-11-24,1.4532421517919976,1.342802637306892,1.2432227978040162,1.35294482614874,1.3883512292372522,1.357306366538807,1.357306366538807,1.4197124465679387,1.4197124465679387,1.3062225574349386,1.3062225574349386,1.3784692739260873,1.3784692739260873
2021-11-26,1.4710684590351695,1.359274229704661,1.2507856809618165,1.3695408284902957,1.4053815469604896,1.3739558700528622,1.3739558700528622,1.43712745908892,1.43712745908892,1.3141686863165944,1.3141686863165944,1.386854900439481,1.386854900439481
2021-11-29,1.4424451383784265,1.3328261457298323,1.2386170971684716,1.3428929821269184,1.3780363296684928,1.3472221179999284,1.3472221179999284,1.40916454557972,1.40916454557972,1.288532535205422,1.288532535205422,1.3733625329443304,1.3733625329443304
2021-11-30,1.4264236442649358,1.3180222092195517,1.2317383272232028,1.327977231478418,1.370314380829098,1.3322582828710823,1.3322582828710823,1.3935127049160771,1.3935127049160771,1.2813121288195137,1.2813121288195137,1.3657354422662087,1.3657354422662087
2021-12-01,1.448270949344244,1.338209222679331,1.2411710659193527,1.3483167174587103,1.3808083446851038,1.3526633380363862,1.3526633380363862,1.4148559414213038,1.4148559414213038,1.2911245071731279,1.2911245071731279,1.3761943402888188,1.3761943402888188
2021-12-02,1.43566922559249,1.3265651701946146,1.2357712148388391,1.3365847174410481,1.3687245874624838,1.3408935171180159,1.3408935171180159,1.402544968995604,1.402544968995604,1.2855073281584268,1.2855073281584268,1.3641509612324834,1.3641509612324834
2021-12-03,1.4526722757246233,1.342276069119158,1.2430890146297626,1.3524142807912791,1.376761253844091,1.356774110841825,1.356774110841825,1.4191557188781627,1.4191557188781627,1.2931196476106608,1.2931196476106608,1.3803069996626178,1.3803069996626178
2021-12-06,1.4827205949242968,1.3700408585028174,1.255945574271396,1.3803887776399522,1.4051705263012775,1.3848387901543644,1.3848387901543644,1.4485107528713748,1.4485107528713748,1.3064936455123526,1.3064936455123526,1.4088584534299287,1.4088584534299287
2021-12-07,1.486646716207369,1.373668613180037,1.2576083941804226,1.3840439327496599,1.408891301428124,1.3885057285285,1.3885057285285,1.4523462893271815,1.4523462893271815,1.3098878077525653,1.3098878077525653,1.412588993882245,1.412588993882245
2021-12-08,1.4766096403417954,1.3643943074997882,1.2533630308658035,1.3746995782350009,1.3993791902287283,1.3791312502579811,1.3791312502579811,1.4425407923451883,1.4425407923451883,1.3010441173461833,1.3010441173461833,1.403051917760595,1.403051917760595
2021-12-09,1.4905097235103966,1.3772380502405055,1.2592623050861222,1.3876403297696343,1.4125522635970469,1.3921137193921835,1.3921137193921835,1.4561201679905056,1.4561201679905056,1.313291512285949,1.313291512285949,1.4162595643950997,1.4162595643950997
2021-12-10,1.4773062583267509,1.365037985820184,1.2480443486554782,1.375348118258001,1.4000393733164265,1.3797818810044535,1.3797818810044535,1.4432213377192162,1.4432213377192162,1.301657909039399,1.301657909039399,1.4037138335256254,1.4037138335256254
2021-12-13,1.4671423377520971,1.3556464750274415,1.243688651272645,1.3658856733805882,1.3904070517097384,1.3702889316787263,1.3702889316787263,1.4332919226331136,1.4332919226331136,1.292702455470935,1.292702455470935,1.394056231499586,1.394056231499586
2021-12-14,1.4900662809861087,1.3768283072459375,1.2534049028281147,1.387227491986069,1.4121320142477285,1.391699550727541,1.391699550727541,1.4556869567254094,1.4556869567254094,1.3129007940677797,1.3129007940677797,1.415838212084292,1.415838212084292
2021-12-15,1.4769265465314982,1.3646871303213581,1.247878501822527,1.3749946127474562,1.3996795214164768,1.3794272358845672,1.3794272358845672,1.4428503867657472,1.4428503867657472,1.3013233441117407,1.3013233441117407,1.403353037179746,1.403353037179746
2021-12-16,1.4612073622149315,1.350162529496526,1.2412378086137497,1.360360307606945,1.3847824905296398,1.3647457535704437,1.3647457535704437,1.4274938809029036,1.4274938809029036,1.2874731350071764,1.2874731350071764,1.388416908430183,1.388416908430183
2021-12-17,1.445669913267614,1.3358058530143915,1.2346385847179768,1.3458951951417568,1.370057689788745,1.350234009364593,1.350234009364593,1.4123149173480551,1.4123149173480551,1.2737830533503922,1.2737830533503922,1.3736534618515768,1.3736534618515768
2021-12-20,1.4713434262935068,1.3595283007548393,1.2456014986916728,1.3697968185392149,1.3943884126060393,1.3742126853467695,1.3742126853467695,1.437396082207634,1.437396082207634,1.2964040441534976,1.2964040441534976,1.3980480416392942,1.3980480416392942
2021-12-21,1.4860551511338227,1.373122004247784,1.2518287826085215,1.383493195279929,1.4083306767166432,1.3879532156251577,1.3879532156251577,1.4517683730474806,1.4517683730474806,1.3093665784188693,1.3093665784188693,1.4120268977884343,1.4120268977884343
2021-12-22,1.4953014520018661,1.3816656300816696,1.2595551252142974,1.3921013511230609,1.4170933724676602,1.3965891219121127,1.3965891219121127,1.4608013400660096,1.4608013400660096,1.3175135151737967,1.3175135151737967,1.4208125915904175,1.4208125915904175
2021-12-23,1.5164628294120568,1.3913731533211129,1.2773802409044588,1.4118022495906661,1.4371479558696367,1.4163535309255484,1.4163535309255484,1.481474474862384,1.481474474862384,1.3361588530087156,1.3361588530087156,1.4409198090612116,1.4409198090612116
2021-12-27,1.51522388348131,1.390166836651545,1.2763366247862198,1.4106488110637043,1.4359738099708572,1.4151963740143438,1.4151963740143438,1.4802641143203803,1.4802641143203803,1.335067214927215,1.335067214927215,1.4397425815688234,1.4397425815688234
2021-12-28,1.5171620171844733,1.3919450089919543,1.2779691960887498,1.4124531820440298,1.4378105743383578,1.4170065618149543,1.4170065618149543,1.4821575307328485,1.4821575307328485,1.3367749089475163,1.3367749089475163,1.4415841665990214,1.4415841665990214
2021-12-29,1.5129679184649572,1.3880970647950095,1.2744363308389042,1.4085485442959922,1.4338358376784393,1.4130893365356905,1.4130893365356905,1.4780601997086353,1.4780601997086353,1.333079479012945,1.333079479012945,1.437598998081273,1.437598998081273
2021-12-30,1.509154765038675,1.3845986250633822,1.271224351786204,1.404998560425074,1.4302221219013613,1.409527908444921,1.409527908444921,1.4743350246761808,1.4743350246761808,1.3297197008439128,1.3297197008439128,1.4339757979603376,1.4339757979603376
2021-12-31,1.5178930703214075,1.3926157256021368,1.2785849928059918,1.4131337806339037,1.4385033915317638,1.4176893544767386,1.4176893544767386,1.4828717167591268,1.4828717167591268,1.3374190415315728,1.3374190415315728,1.4422788021192958,1.4422788021192958
2022-01-03,1.5173845607786045,1.392149185237883,1.2781566538914537,1.4126603665135287,1.4380214783349445,1.4172144141930143,1.4172144141930143,1.4823749397242565,1.4823749397242565,1.3369709926151883,1.3369709926151883,1.4417956241217147,1.4417956241217147
2022-01-04,1.4882472826296411,1.3654167147201157,1.2536131025037462,1.3855340340774054,1.410408154144451,1.3900006335533368,1.3900006335533368,1.4539099269277407,1.4539099269277407,1.3112980704728043,1.3112980704728043,1.4141098276401447,1.4141098276401447
2022-01-05,1.4868496266252966,1.3641344124494952,1.2529617697138955,1.3842328390511796,1.409083599113695,1.3886952438145457,1.3886952438145457,1.4525445181258136,1.4525445181258136,1.3100665925839663,1.3100665925839663,1.4127817962609028,1.4127817962609028
2022-01-06,1.4809709808292788,1.3587409530939913,1.250484814980814,1.3787599153511094,1.4035124214856194,1.3832046768393704,1.3832046768393704,1.4468015064774937,1.4468015064774937,1.3048869043834337,1.3048869043834337,1.4071959968508239,1.4071959968508239
2022-01-07,1.4791284432196683,1.357050486946983,1.2488665105582288,1.3770445427803146,1.401766253292172,1.381483774355894,1.381483774355894,1.445001480532466,1.445001480532466,1.303263440298899,1.303263440298899,1.405445245768018,1.405445245768018
2022-01-10,1.4926007081717454,1.3694108359060626,1.2544915586054557,1.3895870025079944,1.414533884427792,1.394066667694491,1.394066667694491,1.4581629087310217,1.4581629087310217,1.3151338836336532,1.3151338836336532,1.4182463860702141,1.4182463860702141
2022-01-11,1.4966358912346667,1.3731129803449444,1.2578202990470368,1.3933436923623386,1.418358017125252,1.3978354681347336,1.3978354681347336,1.4621049906555965,1.4621049906555965,1.3186892926212401,1.3186892926212401,1.4220805553592866,1.4220805553592866
2022-01-12,1.4760142719828058,1.3541933398122683,1.2404892357963677,1.3741452999683312,1.3988149611533334,1.3785751851430963,1.3785751851430963,1.4419591605307611,1.4419591605307611,1.3005195369290208,1.3005195369290208,1.4024862078430704,1.4024862078430704
2022-01-13,1.476617966453168,1.3547472091389843,1.2406808933302094,1.374707329709379,1.3993870808632425,1.3791390267210857,1.3791390267210857,1.4425489263536426,1.4425489263536426,1.3010514535018785,1.3010514535018785,1.4030598291043994,1.4030598291043994
2022-01-14,1.45046780924899,1.3307553213956695,1.229694977833483,1.3503619583280562,1.3746046435738135,1.354715172227563,1.354715172227563,1.417002114615007,1.417002114615007,1.2780104904276441,1.2780104904276441,1.3782123493015652,1.3782123493015652
2022-01-18,1.435406798896961,1.316937352086902,1.223310675930024,1.3363404024523038,1.3603313624745716,1.347614057615982,1.347614057615982,1.4022885970995003,1.4022885970995003,1.2647401999023422,1.2647401999023422,1.3639016073962538,1.3639016073962538
2022-01-19,1.41951944768894,1.3023612428977553,1.2165407601263798,1.3215495366687902,1.3527351447959588,1.3401562352611402,1.3401562352611402,1.386767804349847,1.386767804349847,1.2576777722245196,1.2576777722245196,1.3488056890360092,1.3488056890360092
2022-01-20,1.3916532892097362,1.2767949818290205,1.204599987608862,1.2956065959877825,1.339457576818062,1.3270021336743392,1.3270021336743392,1.359544583510721,1.359544583510721,1.2329257950137715,1.2329257950137715,1.3223276910420252,1.3223276910420252
2022-01-21,1.397563389204278,1.2822172993513854,1.2071578468240098,1.298292919181844,1.3423017939369455,1.3298199027852933,1.3298199027852933,1.3653183236354245,1.3653183236354245,1.235482155231417,1.235482155231417,1.3279433777509235,1.3279433777509235
2022-01-24,1.3805005144200504,1.2665626869066076,1.1997887416570223,1.2903674792038182,1.334107701415092,1.3217020060723155,1.3217020060723155,1.3486491293958223,1.3486491293958223,1.2279401440869837,1.2279401440869837,1.3117304948504853,1.3117304948504853
2022-01-25,1.3770372632544718,1.2633852707043758,1.1982837912007969,1.2887489116517972,1.332434268481286,1.3200441341753968,1.3200441341753968,1.3452657835581725,1.3452657835581725,1.2263998820259239,1.2263998820259239,1.3100195441560945,1.3100195441560945
2022-01-26,1.370237400049398,1.2571466254292352,1.1953252053736547,1.2855669656947906,1.3291444625344184,1.3167849197094648,1.3167849197094648,1.3386228091472676,1.3386228091472676,1.2233718770274296,1.2233718770274296,1.3067850805965602,1.3067850805965602
2022-01-27,1.4042678618987956,1.2883684270485942,1.2101684248032314,1.3015307824681999,1.345649412670426,1.3331363924441966,1.3331363924441966,1.3551785276424781,1.3551785276424781,1.2385633723067537,1.2385633723067537,1.3230123780812881,1.3230123780812881
2022-01-28,1.4295603268399564,1.3115734110524033,1.2210666812141728,1.3132518089826524,1.3577677525956307,1.345142045490364,1.345142045490364,1.3795190787895493,1.3795190787895493,1.2497173414039016,1.2497173414039016,1.334926858607851,1.334926858607851
2022-01-31,1.4392197467402466,1.32043560320306,1.2251920040769633,1.3176885754553973,1.362354914327513,1.3496865517972958,1.3496865517972958,1.3888403741503024,1.3888403741503024,1.253939459327382,1.253939459327382,1.3394368533318837,1.3394368533318837
2022-02-01,1.4532003156521296,1.3332623039109235,1.2311427566573396,1.3240885835067322,1.368971866605071,1.3562419738895726,1.3562419738895726,1.4023315582466793,1.4023315582466793,1.2600298381809805,1.2600298381809805,1.3459424926804042,1.3459424926804042
2022-02-02,1.4190429063021535,1.3019240322390369,1.216673778549345,1.3085272616176113,1.3528830549207553,1.3403027699887748,1.3403027699887748,1.3693698167967907,1.3693698167967907,1.2303498908954573,1.2303498908954573,1.3142388766059074,1.3142388766059074
2022-02-03,1.4257155136321535,1.3080459245384453,1.2195342933149353,1.31160373258216,1.3560638105373775,1.343453948169409,1.343453948169409,1.3725208658541728,1.3725208658541728,1.2331810419960598,1.2331810419960598,1.317263064171974,1.317263064171974
2022-02-04,1.4211402640364068,1.3038482872607136,1.2175774955775405,1.3094992052799395,1.3538879450362855,1.3412983157608063,1.3412983157608063,1.370318594266114,1.370318594266114,1.2312023474353542,1.2312023474353542,1.3151494562171546,1.3151494562171546
2022-02-07,1.4328330025674194,1.3145759807142414,1.2225864365164865,1.3148862990810881,1.3594576478102522,1.3468162265874735,1.3468162265874735,1.375955890398105,1.375955890398105,1.2362673390803174,1.2362673390803174,1.3205597943484075,1.3205597943484075
2022-02-08,1.4538042157054887,1.3338163618531087,1.2315334389563934,1.3245087605894938,1.3694062866374297,1.3566723543061143,1.3566723543061143,1.3860252649150293,1.3860252649150293,1.2453144596509043,1.2453144596509043,1.330223775028369,1.330223775028369
2022-02-09,1.42768582107433,1.3098536151998597,1.220470850193531,1.3126109953581846,1.357105216996003,1.344485670723774,1.344485670723774,1.3735749107178379,1.3735749107178379,1.234128079068954,1.234128079068954,1.3182746731037054,1.3182746731037054
2022-02-10,1.3995331826889625,1.2968735741562327,1.2084375743851585,1.2996692605074565,1.3437247897826003,1.3312296663762238,1.3312296663762238,1.3600320999727,1.3600320999727,1.2219601493261512,1.2219601493261512,1.305277097020562,1.305277097020562
2022-02-11,1.394957727510219,1.2947536576782082,1.2064622185928486,1.2975447740993467,1.3415282886119726,1.3290535901865133,1.3290535901865133,1.3578089422826758,1.3578089422826758,1.2199626890434623,1.2199626890434623,1.3031434438399407,1.3031434438399407
2022-02-14,1.4174541609022016,1.30519388064861,1.2161905051227064,1.3080075031871092,1.3523456779826475,1.3397703900494637,1.3397703900494637,1.3687576104131502,1.3687576104131502,1.22979983637543,1.22979983637543,1.3136513177010607,1.3136513177010607
2022-02-15,1.4190429063021537,1.3059253402016322,1.216872085213187,1.308740539556507,1.3531035624470285,1.340521227044019,1.340521227044019,1.3695246924878923,1.3695246924878923,1.2304890434365106,1.2304890434365106,1.3143875169890893,1.3143875169890893
2022-02-16,1.3887303101599804,1.2919772110599566,1.2038751025596204,1.294762342260893,1.3386515393105767,1.3262035914056136,1.3262035914056136,1.3402013933541497,1.3402013933541497,1.217346622842528,1.217346622842528,1.300349006314092,1.300349006314092
2022-02-17,1.3797381098760908,1.2877943550514586,1.1999774825682497,1.2905704692181326,1.334317572281935,1.321909925377053,1.321909925377053,1.335795398507661,1.335795398507661,1.2134053879722906,1.2134053879722906,1.2961390461014477,1.2961390461014477
2022-02-18,1.3649310973167172,1.2808842077370346,1.1935385498721929,1.2836454256139571,1.3271577870627147,1.3148167180765835,1.3148167180765835,1.3286276834533046,1.3286276834533046,1.2068944027749147,1.2068944027749147,1.2891841221934452,1.2891841221934452
2022-02-22,1.340719176607201,1.269523683042137,1.1829527185470563,1.2722604108959261,1.3153868488913487,1.30315523634018,1.30315523634018,1.3168437083546791,1.3168437083546791,1.1961901146089442,1.1961901146089442,1.2777499832072807,1.2777499832072807
2022-02-23,1.3608959142537957,1.2790763346099694,1.1918539586676198,1.2818336552325051,1.3252846022079767,1.3129609517260667,1.3129609517260667,1.326752423948752,1.326752423948752,1.2051909607738325,1.2051909607738325,1.2873645343522693,1.2873645343522693
2022-02-24,1.3909225444472977,1.2931870214326469,1.2050024139193194,1.295974760636718,1.3399050556294498,1.3274454514380096,1.3274454514380096,1.3413890702840763,1.3413890702840763,1.2184865489641863,1.2184865489641863,1.301566656054729,1.301566656054729
2022-02-25,1.387363902771163,1.2915327275800244,1.2034609291590304,1.2943169006024438,1.3381909982967601,1.3257473329032496,1.3257473329032496,1.337890089349595,1.337890089349595,1.2169278147872675,1.2169278147872675,1.29990164265589,1.29990164265589
2022-02-28,1.3662338767679978,1.2816974853399765,1.1942963687015573,1.2844604564094535,1.3280004453586547,1.3156515406017781,1.3156515406017781,1.3276349333800326,1.3276349333800326,1.2076607016963659,1.2076607016963659,1.29000266969861,1.29000266969861
2022-03-01,1.3913673232610653,1.293486636420133,1.2052815976546827,1.296275021507926,1.340215494591349,1.3277530036680654,1.3277530036680654,1.3398466206057111,1.3398466206057111,1.2187688568021626,1.2187688568021626,1.3018682124969936,1.3018682124969936
2022-03-02,1.384440512555413,1.290266876644629,1.2022813987372636,1.2930483208565817,1.3368794168782192,1.324447947711054,1.324447947711054,1.336511461097368,1.336511461097368,1.215735085265389,1.215735085265389,1.2986275892191173,1.2986275892191173
2022-03-03,1.373192655629666,1.2850255040132614,1.1973974441596407,1.287795649333619,1.3314486929606324,1.319067723394317,1.319067723394317,1.3310822319041629,1.3310822319041629,1.2107964785955239,1.2107964785955239,1.2933522533737356,1.2933522533737356
2022-03-04,1.3327120272529012,1.2660847386117844,1.1797482815466611,1.2688140530906706,1.311823668197536,1.2996251892037938,1.2996251892037938,1.3114626086314476,1.3114626086314476,1.1929498195382606,1.1929498195382606,1.2742887549948188,1.2742887549948188
2022-03-07,1.3226076229558466,1.261285115057837,1.1752759524306424,1.26400408292906,1.3068506521074674,1.2946984165485564,1.2946984165485564,1.306490961288624,1.306490961288624,1.1884274444728988,1.1884274444728988,1.2694580306866579,1.2694580306866579
2022-03-08,1.3580680173401,1.2781932542650585,1.1910310970631754,1.2809486712204083,1.324369619456787,1.3120544772813976,1.3120544772813976,1.3240051068079197,1.3240051068079197,1.2043588912401184,1.2043588912401184,1.2864757317950952,1.2864757317950952
2022-03-09,1.351935682125922,1.2753074232891526,1.1883420557764193,1.2780566192230922,1.3213795341479935,1.3090921963900062,1.3090921963900062,1.3210158444747517,1.3210158444747517,1.2016397592287023,1.2016397592287023,1.2835712011193328,1.2835712011193328
2022-03-10,1.334745448675122,1.26719948124068,1.1807870079926086,1.2699311987839936,1.312978682328847,1.3007694630077575,1.3007694630077575,1.3126173048626388,1.3126173048626388,1.1940001694693647,1.1940001694693647,1.2754107209686543,1.2754107209686543
2022-03-11,1.324990946638771,1.262569047800171,1.1764723316303878,1.2652907834610345,1.3081809685613361,1.296016362561404,1.296016362561404,1.3078209115930677,1.3078209115930677,1.1896372113127915,1.1896372113127915,1.2707502830974402,1.2707502830974402
2022-03-14,1.3541277108302423,1.2764510960943596,1.189407739601085,1.2792027574578642,1.322564523595216,1.310266166773287,1.310266166773287,1.3222005077716033,1.3222005077716033,1.2027173681951278,1.2027173681951278,1.2847222847321615,1.2847222847321615
2022-03-15,1.3841547521897377,1.2906033985504914,1.2025949726458944,1.2933855682068656,1.337228096068098,1.3247933845781448,1.3247933845781448,1.3368600443185887,1.3368600443185887,1.2160521681071819,1.2160521681071819,1.2989662917303884,1.2989662917303884
2022-03-16,1.4014717275581192,1.2986766819849092,1.2101177252450899,1.3014762553179076,1.3455930371864537,1.3330805411885747,1.3330805411885747,1.3452226831137863,1.3452226831137863,1.2236591012945528,1.2236591012945528,1.307091888685016,1.307091888685016
2022-03-17,1.4168216848122748,1.3057887168420699,1.2167447784313048,1.3086036216762846,1.3529620033939598,1.3403809843303158,1.3403809843303158,1.352589621125121,1.352589621125121,1.2303603120750433,1.2303603120750433,1.3142500083331117,1.3142500083331117
2022-03-18,1.4164075378650436,1.305597871227337,1.2165669469014275,1.3084123646533075,1.352764263237442,1.340185082933994,1.340185082933994,1.3523919353935816,1.3523919353935816,1.2301804905870244,1.2301804905870244,1.3140579260708607,1.3140579260708607
2022-03-21,1.4329814334911728,1.313236507096232,1.2236846912868233,1.3160674672237114,1.3606788545913715,1.3480260775243376,1.3480260775243376,1.3603043483762944,1.3603043483762944,1.2373778834655675,1.2373778834655675,1.321746059016769,1.321746059016769
2022-03-22,1.4145270701925075,1.3047803809271787,1.215805202645786,1.3075931120792312,1.3519172400552137,1.3393459361110251,1.3393459361110251,1.351545145341636,1.351545145341636,1.2294102223132615,1.2294102223132615,1.3132351385709093,1.3132351385709093
2022-03-23,1.4358501386297509,1.3146147354419695,1.2249689359134868,1.317448666633284,1.3621068731978525,1.3494408171700891,1.3494408171700891,1.3617319739423153,1.3617319739423153,1.238676498958029,1.238676498958029,1.3231332180506217,1.3231332180506217
2022-03-24,1.442862060696115,1.317824672128332,1.2279599815948066,1.3206655230197324,1.365432772950189,1.352735789809851,1.352735789809851,1.3650569582911942,1.3650569582911942,1.2417010148327912,1.2417010148327912,1.3263639545873893,1.3263639545873893
2022-03-25,1.4531250722752689,1.3225114853164281,1.2323271930743867,1.3253624396287955,1.3702889032557373,1.3575467635863938,1.3575467635863938,1.3699117520205368,1.3699117520205368,1.2461170959815768,1.2461170959815768,1.3310811375374823,1.3310811375374823
2022-03-28,1.471101660689166,1.330691870163467,1.239949743659955,1.333560459032294,1.3787648149621499,1.3659438588837036,1.3659438588837036,1.3783853308608203,1.3783853308608203,1.2538249439078766,1.2538249439078766,1.33931452990389,1.33931452990389
2022-03-29,1.4620177703886643,1.3265834324887138,1.232231193433741,1.329443164747798,1.3745079547246866,1.3574410092037947,1.3574410092037947,1.3741296422595666,1.3741296422595666,1.2499538286237173,1.2499538286237173,1.33517947024329,1.33517947024329
2022-03-30,1.439515375089772,1.316374492009527,1.2226867445324614,1.319212216729768,1.3639302032208644,1.3365481891555742,1.3365481891555742,1.3635548021213957,1.3635548021213957,1.2403346038349592,1.2403346038349592,1.3249043775450688,1.3249043775450688
2022-03-31,1.4435952724545165,1.3182399367675006,1.2244194236386554,1.3210816828500027,1.3658630395552696,1.338375394810699,1.338375394810699,1.3654871064719183,1.3654871064719183,1.2420922918628736,1.2420922918628736,1.3267819100716485,1.3267819100716485
2022-04-01,1.4559620148408272,1.323886371752575,1.2296639959484514,1.326740289924582,1.3717134592218718,1.3441080762760722,1.3441080762760722,1.3713359158992502,1.3713359158992502,1.2474125626086254,1.2474125626086254,1.3324649330067317,1.3324649330067317
2022-04-04,1.4375711766882002,1.3070976395194032,1.2140701353232217,1.3183609964767236,1.3630501287355035,1.3270629045252897,1.3270629045252897,1.3626749698631873,1.3626749698631873,1.2395342792761455,1.2395342792761455,1.3240494844314277,1.3240494844314277
2022-04-05,1.423196402379784,1.2940275154992202,1.207939476995135,1.3117696213543346,1.3562353225229966,1.3203616695547442,1.3203616695547442,1.3558620393227192,1.3558620393227192,1.2333370120378067,1.2333370120378067,1.317429668724033,1.317429668724033
2022-04-06,1.4303676512687367,1.300547903948264,1.2109827795982888,1.3150745153324142,1.3596522441205843,1.3236882104805001,1.3236882104805001,1.3592780204644672,1.3592780204644672,1.2364443016088351,1.2364443016088351,1.3207488227186301,1.3207488227186301
2022-04-07,1.4265429851946287,1.2970703634421072,1.209363753626417,1.3133163236957204,1.3578344541957141,1.3219185027459777,1.3219185027459777,1.3574607308587006,1.3574607308587006,1.234791234801608,1.234791234801608,1.3189830448047526,1.3189830448047526
2022-04-08,1.4021601222232,1.2749004819423253,1.19902836556124,1.3020925427472465,1.3462302152144325,1.3106212063986638,1.3106212063986638,1.345859685768178,1.345859685768178,1.2242385400041282,1.2242385400041282,1.3077108352825404,1.3077108352825404
2022-04-11,1.3969650398918354,1.2701769037553452,1.1968071317028501,1.2996803795943312,1.3437362857786415,1.308193243655836,1.308193243655836,1.3433664427486345,1.3433664427486345,1.2219706035866857,1.2219706035866857,1.3052882640842742,1.3052882640842742
2022-04-12,1.4129651533736496,1.2847248516436034,1.2036609359772121,1.3071233122983619,1.3514315152397003,1.3156849273261217,1.3156849273261217,1.3510595542145103,1.3510595542145103,1.2289685125430694,1.2289685125430694,1.3127633116894188,1.3127633116894188
2022-04-13,1.395370846542466,1.2687273989254704,1.1961669154142391,1.2989851326101156,1.343017471664851,1.307493442826568,1.307493442826568,1.3426478264775255,1.3426478264775255,1.221316926428607,1.221316926428607,1.304590017235753,1.304590017235753
2022-04-14,1.3959447314782794,1.2692491982333038,1.1964128938131628,1.2992522544298448,1.3432936482445155,1.307762314285497,1.307762314285497,1.3429239270437756,1.3429239270437756,1.2215680766470842,1.2215680766470842,1.304858291637558,1.304858291637558
2022-04-18,1.4184790949331878,1.2897383494889927,1.2060695809238247,1.3097389957243684,1.3541358637755547,1.318317743393186,1.318317743393186,1.3537631584194516,1.3537631584194516,1.2314278004611239,1.2314278004611239,1.3153902813137444,1.3153902813137444
2022-04-19,1.4174272295296093,1.2887819510800618,1.2056224037778895,1.3092533808350686,1.3536337877590883,1.3178289477422132,1.3178289477422132,1.3532612205917929,1.3532612205917929,1.2309712211907855,1.2309712211907855,1.3149025710845068,1.3149025710845068
2022-04-20,1.3962318281334336,1.269510238080479,1.1966083075872953,1.2994644652710192,1.3435130525011303,1.3079759151007542,1.3079759151007542,1.343143270912697,1.343143270912697,1.221767599094102,1.221767599094102,1.3050714181299214,1.3050714181299214
2022-04-21,1.3579204087483345,1.2346759518503774,1.1801913481010768,1.281636362837777,1.3250806220957383,1.2900310391785283,1.2900310391785283,1.324715913754179,1.324715913754179,1.2050054647776987,1.2050054647776987,1.2871663906767357,1.2871663906767357
2022-04-22,1.3657930040311708,1.2418340327008803,1.183612450243753,1.2853515306485652,1.3289217247802854,1.293770541217205,1.293770541217205,1.3285559592334766,1.3285559592334766,1.208498497313584,1.208498497313584,1.290897588761021,1.290897588761021
2022-04-25,1.3262385270553871,1.2058695084214088,1.1664732603104193,1.2667391174297367,1.3096783974201751,1.275036217299349,1.275036217299349,1.309317928307327,1.309317928307327,1.1909989472916656,1.1909989472916656,1.2722048663638366,1.2722048663638366
2022-04-26,1.329967597035942,1.209260129107346,1.1681131841738142,1.2685200032657447,1.3115196508208151,1.27682876787945,1.27682876787945,1.3111586749308977,1.3111586749308977,1.1926733513790957,1.1926733513790957,1.2739934363983711,1.2739934363983711
2022-04-27,1.363561606182946,1.239805155865048,1.1828660266796496,1.2845409471924392,1.3280836645773695,1.2929546484659005,1.2929546484659005,1.3277181296939191,1.3277181296939191,1.2077363798186278,1.2077363798186278,1.2900835077846868,1.2900835077846868
2022-04-28,1.313170643858189,1.2168344189045213,1.1610093840771545,1.2608055859953091,1.3035437341472424,1.269063821427711,1.269063821427711,1.3031849535074056,1.3031849535074056,1.1854201903125139,1.1854201903125139,1.2662457328202872,1.2662457328202872
2022-04-29,1.3210752072970415,1.220496755137743,1.1645037023412979,1.2646002633227273,1.3074670415216794,1.272883353767756,1.272883353767756,1.3071071810509989,1.3071071810509989,1.1889879783756447,1.1889879783756447,1.2700567834903078,1.2700567834903078
2022-05-02,1.32713086005338,1.2232940616417665,1.1671726760741703,1.2674986524636171,1.3104636787873245,1.2758007272629077,1.2758007272629077,1.3101029935376916,1.3101029935376916,1.1917130686236237,1.1917130686236237,1.2729676786532658,1.2729676786532658
2022-05-03,1.3675463186201313,1.2419207065158249,1.1849447814294112,1.2867983842436452,1.3304176230845475,1.2952268716561033,1.2952268716561033,1.330051445814421,1.330051445814421,1.2098588414325224,1.2098588414325224,1.2923506852662516,1.2923506852662516
2022-05-04,1.3189395083338684,1.2198498620587588,1.1638864869473815,1.2639299943076059,1.3067740520675082,1.2722086945124647,1.2722086945124647,1.3064143823316634,1.3064143823316634,1.1883577857176397,1.1883577857176397,1.269383622386275,1.269383622386275
2022-05-05,1.3110668102595335,1.2162092441231647,1.160412890604775,1.2601578200837669,1.30287401059544,1.2684118126705928,1.2684118126705928,1.302515414286852,1.302515414286852,1.1848111552648684,1.1848111552648684,1.2655951719166332,1.2655951719166332
2022-05-06,1.2690901544144133,1.1967394518605927,1.1418363191570104,1.2399844731916576,1.2820168378242482,1.248106331014849,1.248106331014849,1.2816639821360907,1.2816639821360907,1.1658440020592404,1.1658440020592404,1.2453347807012252,1.2453347807012252
2022-05-09,1.272022281907531,1.1981219354598445,1.1431553781901276,1.2414169138075737,1.2834978345854906,1.2495481540700408,1.2495481540700408,1.2831445712754392,1.2831445712754392,1.167190794971956,1.167190794971956,1.2467734020379082,1.2467734020379082
2022-05-10,1.2518149123944,1.1886052418389914,1.1340752844423319,1.2315563277730501,1.2733029994078084,1.2396229815188655,1.2396229815188655,1.272952542071498,1.272952542071498,1.1579197876862368,1.1579197876862368,1.2368702693678018,1.2368702693678018
2022-05-11,1.2505081240746803,1.1879848404396256,1.1334833453622335,1.2309135077330122,1.2726383893801536,1.2389759510285487,1.2389759510285487,1.2722881149676721,1.2722881149676721,1.157315402789261,1.157315402789261,1.2362246756761885,1.2362246756761885
2022-05-12,1.280405134188644,1.2021859456168271,1.1470329426770767,1.245627779828341,1.2878514384064725,1.253786601125791,1.253786601125791,1.287496976833008,1.287496976833008,1.1711498872024826,1.1711498872024826,1.2510024371798056,1.2510024371798056
2022-05-13,1.275209949065781,1.1997470384409585,1.144705925891485,1.2431007410272628,1.285238739326073,1.2512430103030545,1.2512430103030545,1.2848849968583993,1.2848849968583993,1.1687739437185898,1.1687739437185898,1.248464494665845,1.248464494665845
2022-05-16,1.3014414143452284,1.2120866233093324,1.1564794043575988,1.2558862254688643,1.2984576196332456,1.264112239250398,1.264112239250398,1.29810023886928,1.29810023886928,1.1807949654909802,1.1807949654909802,1.2613051461477605,1.2613051461477605
2022-05-17,1.2489780726203399,1.1876559750996176,1.1331695674645055,1.23057275861277,1.2722860897190937,1.2386329700126915,1.2386329700126915,1.2719359122717506,1.2719359122717506,1.1569950275534173,1.1569950275534173,1.2358824562854578,1.2358824562854578
2022-05-18,1.2413285348891272,1.1840189940379067,1.129699441145956,1.2268043526838084,1.268389944277651,1.2348398811479053,1.2348398811479053,1.2680408391852414,1.2680408391852414,1.153451940083704,1.153451940083704,1.2320977903702006,1.2320977903702006
2022-05-19,1.2418704516689245,1.1842774428459515,1.1299460330296025,1.2270721407212064,1.2686668096580926,1.235109423188207,1.235109423188207,1.268317628362687,1.268317628362687,1.1537037166857287,1.1537037166857287,1.2323667338642825,1.2323667338642825
2022-05-20,1.2651059559347202,1.1953564098743372,1.1405167273541574,1.238551454011031,1.2805352428864014,1.2466639256053662,1.2466639256053662,1.2801827949847775,1.2801827949847775,1.164496665175038,1.164496665175038,1.2438955783034296,1.2438955783034296
2022-05-23,1.2554482834899034,1.190793803632851,1.1361634410072907,1.2338239747857624,1.2756475139685879,1.2419054815454889,1.2419054815454889,1.2752964113402083,1.2752964113402083,1.1600518487932225,1.1600518487932225,1.239147700865,1.239147700865
2022-05-24,1.266540308504009,1.1960542013848878,1.1411825060988183,1.2392744607083221,1.2812827576979386,1.2473916679729238,1.2473916679729238,1.2809301040542016,1.2809301040542016,1.165176442252662,1.165176442252662,1.24462170464314,1.24462170464314
2022-05-25,1.2918475754209455,1.208003628781053,1.152583726450381,1.2516556890631987,1.2940836786506362,1.2598539929693704,1.2598539929693704,1.2937275017475796,1.2937275017475796,1.176817378996414,1.176817378996414,1.2570563557468308,1.2570563557468308
2022-05-26,1.323561014103915,1.2228312097352803,1.1667310585471504,1.267019075078132,1.3099678449309133,1.2753180086612022,1.2753180086612022,1.3096072961520293,1.3096072961520293,1.1912621658659852,1.1912621658659852,1.2724860319785736,1.2724860319785736
2022-05-27,1.3161346367158244,1.2194006138093427,1.1634578489788543,1.2634645121569017,1.306292791238996,1.2717401634688676,1.2717401634688676,1.3059332539628952,1.3059332539628952,1.1879201354202396,1.1879201354202396,1.2689161317647386,1.2689161317647386
2022-05-31,1.3054891379709601,1.2144690789413803,1.1587525594417927,1.258354772809904,1.3010098445397662,1.2665969554959418,1.2665969554959418,1.3006517613146091,1.3006517613146091,1.1831159148041135,1.1831159148041135,1.263784344821669,1.263784344821669
2022-06-01,1.3303500842016522,1.2260328865565575,1.1697858511931638,1.2703364467419385,1.3133976671764886,1.278657109001119,1.278657109001119,1.3130361743910572,1.3130361743910572,1.1943811870638033,1.1943811870638033,1.2758177174978425,1.2758177174978425
2022-06-02,1.3085169643491292,1.2159723305896717,1.1601868460161873,1.2599123455132049,1.3026202150524124,1.268164730249606,1.268164730249606,1.302261688597199,1.302261688597199,1.184580357975116,1.184580357975116,1.2653486381679386,1.2653486381679386
2022-06-03,1.312501265620321,1.217823586719512,1.1619531715783866,1.261830498084622,1.3046033881866237,1.2700954466577528,1.2700954466577528,1.304244315893087,1.304244315893087,1.1863838214206421,1.1863838214206421,1.267275067218884,1.267275067218884
2022-06-06,1.3250910655582555,1.2236644021602692,1.1675260263826472,1.2678823754970838,1.3108604090695175,1.2761869636697176,1.2761869636697176,1.3104996146258931,1.3104996146258931,1.192073848300056,1.192073848300056,1.2733530573818412,1.2733530573818412
2022-06-07,1.3106844258853216,1.2170124472189339,1.1611792449394487,1.260990047488007,1.303734448422042,1.2692494911371641,1.2692494911371641,1.3033756152909948,1.3033756152909948,1.1855936225848704,1.1855936225848704,1.2664309902307809,1.2664309902307809
2022-06-08,1.2795126983991525,1.2025404737969718,1.1473712060740298,1.2459951191334884,1.2882312295930352,1.2541563464913956,1.2541563464913956,1.2878766634878078,1.2878766634878078,1.1714952627574877,1.1714952627574877,1.2513713614872533,1.2513713614872533
2022-06-09,1.2424122656572232,1.1851061911894716,1.1307367606659324,1.2279308364686816,1.2695546130384023,1.235973743364798,1.235973743364798,1.2692051873885828,1.2692051873885828,1.1545110697683125,1.1545110697683125,1.2332291347277533,1.2332291347277533
2022-06-10,1.1952403218977414,1.1626081186313137,1.1092708381395253,1.204619780243801,1.2454533704552255,1.2125100004825757,1.2125100004825757,1.245110578306844,1.245110578306844,1.1325938154244009,1.1325938154244009,1.209817495534398,1.209817495534398
2022-06-13,1.1916384050007618,1.1608563295767014,1.107599416375207,1.2028046890602946,1.2435767522315697,1.2106830205110666,1.2106830205110666,1.2432344765938885,1.2432344765938885,1.1308872511768382,1.1308872511768382,1.2079945725625107,1.2079945725625107
2022-06-14,1.2086268587401159,1.1691311359148866,1.1154945972320265,1.2113785113422166,1.252441205591735,1.219313001049064,1.219313001049064,1.2520964901477283,1.2520964901477283,1.1389484321820906,1.1389484321820906,1.2166053893284223,1.2166053893284223
2022-06-15,1.168626061078088,1.149784313663701,1.0970353542678761,1.1913325780692958,1.2317157654419586,1.1991357675675554,1.1991357675675554,1.2313767543609764,1.2313767543609764,1.1201010743504558,1.1201010743504558,1.1964729614987992,1.1964729614987992
2022-06-16,1.1711453779134544,1.1510236626201076,1.098217845284057,1.1926167117714321,1.2330434280568936,1.2004283123035233,1.2004283123035233,1.2327040515569154,1.2327040515569154,1.1213084278349912,1.1213084278349912,1.1977626360043394,1.1977626360043394
2022-06-17,1.2006273159567011,1.1655113636978915,1.1120408902634673,1.2076279361116713,1.248563495264678,1.2155378596731867,1.2155378596731867,1.2482198471016193,1.2482198471016193,1.1354221092874592,1.1354221092874592,1.2128386310478023,1.2128386310478023
2022-06-21,1.198450603185649,1.1644548395640284,1.1110328365670379,1.206533233735556,1.2474316852227558,1.2144359870322416,1.2144359870322416,1.247088348573243,1.247088348573243,1.134392860755057,1.134392860755057,1.2117392052300067,1.2117392052300067
2022-06-22,1.2101984379598278,1.1701621348921913,1.116478296796263,1.2124467661922982,1.2535456716028028,1.2203882529335428,1.2203882529335428,1.2532006521712797,1.2532006521712797,1.1399528145244215,1.1399528145244215,1.2176782535039186,1.2176782535039186
2022-06-23,1.2486752488659236,1.1887640871759932,1.1342268423897486,1.2317209130979634,1.273473163762571,1.2397886448722835,1.2397886448722835,1.2731226595911038,1.2731226595911038,1.1580745322157247,1.1580745322157247,1.2370355648484614,1.2370355648484614
2022-06-24,1.2439059289211145,1.1864938426605394,1.1320607504830416,1.2293686317010941,1.2710411459242144,1.237420956109049,1.237420956109049,1.270691311128767,1.270691311128767,1.1558628971372331,1.1558628971372331,1.234673133785129,1.234673133785129
2022-06-27,1.218489394641332,1.1743721215867888,1.1204951408165595,1.2168088837154802,1.258055653972899,1.224778942184111,1.224778942184111,1.257709393237139,1.257709393237139,1.1440541147105356,1.1440541147105356,1.2220591927709585,1.2220591927709585
2022-06-28,1.2174969427238542,1.1738938622482067,1.1200388227082863,1.21631334213951,1.257543314779973,1.224280154826994,1.224280154826994,1.2571971950578043,1.2571971950578043,1.1435882022845285,1.1435882022845285,1.2215615130232025,1.2215615130232025
2022-06-29,1.207605830786071,1.1691254249786245,1.1154891482978992,1.211372594037258,1.2524350877049746,1.2193070449859507,1.2193070449859507,1.2520903739448233,1.2520903739448233,1.138942868681383,1.138942868681383,1.2165994464913685,1.2165994464913685
2022-06-30,1.220377880050747,1.175307958692747,1.1213880442758186,1.2177785379531012,1.2590581770579647,1.2257549476253364,1.2257549476253364,1.2587116403929324,1.2587116403929324,1.1449657919141156,1.1449657919141156,1.2230330308902821,1.2230330308902821
2022-07-01,1.2226827738203592,1.1764178444239002,1.12244701148541,1.2189285301853345,1.2602471511434994,1.2269124722691522,1.2269124722691522,1.2599002872313851,1.2599002872313851,1.1460470244419012,1.1460470244419012,1.2241879851298705,1.2241879851298705
2022-07-05,1.2268120111043568,1.178404340238173,1.1243423723052306,1.220986809422247,1.2623752008858269,1.2289842331678789,1.2289842331678789,1.2620277512603009,1.2620277512603009,1.147982236176239,1.147982236176239,1.2262551454673902,1.2262551454673902
2022-07-06,1.2451862998257344,1.1872289773390803,1.1327621591932875,1.230130330988001,1.2718286649071413,1.238187644501421,1.238187644501421,1.2714786133590397,1.2714786133590397,1.1565790533183888,1.1565790533183888,1.2354381196659432,1.2354381196659432
2022-07-07,1.244161776960742,1.1867405591668614,1.132296148310878,1.2296242634817995,1.2713054429813408,1.2376782622695732,1.2376782622695732,1.2709555354421378,1.2709555354421378,1.1561032443227943,1.1561032443227943,1.2349298685704813,1.2349298685704813
2022-07-08,1.2299492076368705,1.1799622475441516,1.1258288070852327,1.2226010128038451,1.2640441217147749,1.2306090095289348,1.2306090095289348,1.263696212744106,1.263696212744106,1.1494999239951,1.1494999239951,1.2278763138430355,1.2278763138430355
2022-07-11,1.2190653354071144,1.1747414797846107,1.120847553870542,1.217191588931418,1.2584513319361013,1.2251641541067204,1.2251641541067204,1.2581049622959841,1.2581049622959841,1.1444139374262259,1.1444139374262259,1.2224435492903072,1.2224435492903072
2022-07-12,1.212663480884016,1.17165693466738,1.117904519246375,1.2139955816081207,1.2551469879778818,1.2219472130397813,1.2219472130397813,1.2548015278083169,1.2548015278083169,1.1414090240188726,1.1414090240188726,1.2192337517766065,1.2192337517766065
2022-07-13,1.2097185044535927,1.1702342390426128,1.1165470930054842,1.2125214758768803,1.2536229137583725,1.2204634519641198,1.2204634519641198,1.2532778730671184,1.2532778730671184,1.140023057208543,1.140023057208543,1.2177532855472033,1.2177532855472033
2022-07-14,1.2328301449637633,1.1814128863667117,1.1272128945664328,1.224104071479973,1.2655981303114099,1.2321219131903276,1.2321219131903276,1.2652497936234472,1.2652497936234472,1.1509131126117256,1.1509131126117256,1.2293858579440182,1.2293858579440182
2022-07-15,1.222650805664343,1.1765354899661769,1.1225592597719936,1.2190504269319793,1.260373179884224,1.2270351674355082,1.2270351674355082,1.260026281284611,1.260026281284611,1.1461616328051658,1.1461616328051658,1.2243104078388096,1.2243104078388096
2022-07-18,1.2556859374343066,1.2082657928131588,1.1377246254243765,1.2355193530151083,1.2774003612690918,1.2436119644468944,1.2436119644468944,1.277048776196082,1.277048776196082,1.161645857897882,1.161645857897882,1.2408503943430986,1.2408503943430986
2022-07-19,1.2636885639626747,1.2120555858524362,1.1413500483896135,1.2394564043334313,1.2814708687557514,1.247574803322837,1.247574803322837,1.2811181633373,1.2811181633373,1.1653475072043866,1.1653475072043866,1.2448044333219042,1.2448044333219042
2022-07-20,1.2765570316528911,1.2243376587846166,1.1471613798520397,1.2457672570021383,1.2879956435067494,1.253926991870522,1.253926991870522,1.2876411422430198,1.2876411422430198,1.1712810248336467,1.1712810248336467,1.2511425161722425,1.2511425161722425
2022-07-21,1.2647128812446702,1.2129780101190824,1.1418395839633448,1.2399880186290335,1.28202050344306,1.2481098996747224,1.2481098996747224,1.2816676467459982,1.2816676467459982,1.1658473355097698,1.1658473355097698,1.2453383414365173,1.2453383414365173
2022-07-22,1.2662492029804158,1.213654099378503,1.1425331140908515,1.2407411621184907,1.2827991766084559,1.248867976229451,1.248867976229451,1.2824461055934167,1.2824461055934167,1.1665554474570217,1.1665554474570217,1.2460947346031717,1.2460947346031717
2022-07-25,1.2512683699971732,1.1992348296596804,1.1357745322415076,1.233401636817554,1.2752108598021827,1.2414803772773737,1.2414803772773737,1.27485987735624,1.27485987735624,1.159654763025035,1.159654763025035,1.2387235405852606,1.2387235405852606
2022-07-26,1.2837593235743738,1.2303746587426476,1.150520528578532,1.249415146103325,1.2917671869021272,1.2575987745262451,1.2575987745262451,1.2914116475782873,1.2914116475782873,1.1747108013516137,1.1747108013516137,1.2548061452515291,1.2548061452515291
2022-07-27,1.2998605838906572,1.2458063540013937,1.15773560004469,1.2572503992310313,1.299868035465561,1.2654853483061757,1.2654853483061757,1.2995102665060327,1.2995102665060327,1.1820775733242015,1.1820775733242015,1.262675206071634,1.262675206071634
2022-07-28,1.3188109161693153,1.2639686436005806,1.1661747644380014,1.2664149639228812,1.3093432559221845,1.2747099405976028,1.2747099405976028,1.3089828790519518,1.3089828790519518,1.1906941753934,1.1906941753934,1.2718793141935452,1.2718793141935452
2022-07-29,1.3149055587689287,1.260225689068114,1.1644480842935607,1.2645398645471184,1.3074045953790132,1.2728225593821367,1.2728225593821367,1.3070447520956883,1.3070447520956883,1.1889311909304805,1.1889311909304805,1.2699961241049644,1.2699961241049644
2022-08-01,1.306230675840736,1.2519115479932204,1.1606069526092966,1.2603685629620642,1.3030918971289152,1.2686239359078622,1.2686239359078622,1.3027332408503658,1.3027332408503658,1.1850092975206394,1.1850092975206394,1.2658068241121256,1.2658068241121256
2022-08-02,1.3266855672821207,1.2715158302092502,1.169694202534146,1.2702369202929504,1.3132947670304216,1.2785569306571376,1.2785569306571376,1.3129333025666956,1.3129333025666956,1.194287611445634,1.194287611445634,1.2757177616103252,1.2757177616103252
2022-08-03,1.3257893282071866,1.2706568609104694,1.1692991105561037,1.2698078676257376,1.3128511705535524,1.2781250677089597,1.2781250677089597,1.312489828183028,1.312489828183028,1.1938842124600402,1.1938842124600402,1.275286857658877,1.275286857658877
2022-08-04,1.3235485763326038,1.2685092898880908,1.1683109787623933,1.268734799567636,1.3117417281787807,1.277044971090105,1.277044971090105,1.311380691165441,1.311380691165441,1.1928753046983815,1.1928753046983815,1.274209159507243,1.274209159507243
2022-08-05,1.3220120490138614,1.2670366584993795,1.1676328239263127,1.267998352974502,1.3109803178926294,1.2763037007958256,1.2763037007958256,1.3106194904459216,1.3106194904459216,1.1921828913157912,1.1921828913157912,1.273469535280983,1.273469535280983
2022-08-08,1.3167622816053244,1.2620052007602665,1.1653144635343788,1.2654807146396285,1.3083773379306691,1.2737695720120406,1.2737695720120406,1.3080172269147123,1.3080172269147123,1.1898157862305867,1.1898157862305867,1.2709410337945293,1.2709410337945293
2022-08-09,1.3444197733426868,1.2885125657570695,1.1775526919514847,1.2787708972708727,1.3221180244306854,1.2871468049056944,1.2871468049056944,1.321754131499197,1.321754131499197,1.2023113295554368,1.2023113295554368,1.284288561146996,1.284288561146996
2022-08-10,1.3444197733426868,1.2885125657570695,1.1775526919514847,1.2787708972708727,1.3221180244306854,1.2871468049056944,1.2871468049056944,1.321754131499197,1.321754131499197,1.2023113295554368,1.2023113295554368,1.284288561146996,1.284288561146996
2022-08-11,1.3671793529706864,1.310325696539215,1.1875200417294487,1.2895950046811804,1.333309041942957,1.2980418098662134,1.2980418098662134,1.3329420688536509,1.3329420688536509,1.212488247875608,1.212488247875608,1.2951593726124058,1.2951593726124058
2022-08-12,1.3728129438344137,1.315725016574652,1.1899666856328412,1.292251953317983,1.3360560544767894,1.3007161614298575,1.3007161614298575,1.3356883253139518,1.3356883253139518,1.2149863336976205,1.2149863336976205,1.2978277854994078,1.2978277854994078
2022-08-15,1.3755022778082067,1.318302515572702,1.191132255148239,1.2935177110078293,1.3373647181786918,1.3019902097912548,1.3019902097912548,1.3369966288260209,1.3369966288260209,1.2161764098983083,1.2161764098983083,1.2990990047035067,1.2990990047035067
2022-08-16,1.3657387301199926,1.308944981466109,1.18690482609787,1.288926907320794,1.3326182977571717,1.2973693364899248,1.2973693364899248,1.332251514784725,1.332251514784725,1.21186009702595,1.21186009702595,1.2944883925334034,1.2944883925334034
2022-08-17,1.3697082294154082,1.3127494105762147,1.1886296867051793,1.2908000307585406,1.334554915382982,1.2992547288250451,1.2992547288250451,1.3341875993859098,1.3341875993859098,1.2136212236950548,1.2136212236950548,1.2963695981581547,1.2963695981581547
2022-08-18,1.3513019725380144,1.2951085712004993,1.180643232774429,1.2821270898966646,1.325587983571522,1.2905249804836305,1.2905249804836305,1.3252231355864146,1.3252231355864146,1.2054668505535857,1.2054668505535857,1.2876592351336416,1.2876592351336416
2022-08-19,1.3231643417114198,1.268141033523962,1.1683511973534602,1.2687784752045204,1.3117868843102478,1.2770889328009851,1.2770889328009851,1.311425834868368,1.311425834868368,1.192916368905554,1.192916368905554,1.274253023596558,1.274253023596558
2022-08-22,1.319963517241369,1.265073314176017,1.1669380368773907,1.2672438445231737,1.3102002334965777,1.27554425033877,1.27554425033877,1.309839620756267,1.309839620756267,1.1914734960197195,1.1914734960197195,1.2727117712628953,1.2727117712628953
2022-08-23,1.324188864576412,1.2691229519780216,1.16880578490977,1.269272137476488,1.3122972804954776,1.27758582854472,1.27758582854472,1.3119360905747899,1.3119360905747899,1.1933805143938723,1.1933805143938723,1.2747488159314562,1.2747488159314562
2022-08-24,1.3428832460239444,1.2870399343683583,1.1770561568037277,1.2782316817429702,1.3215605308483604,1.2866040575336855,1.2866040575336855,1.321196791358524,1.321196791358524,1.2018043545064638,1.2018043545064638,1.2837470190021474,1.2837470190021474
2022-08-25,1.2974280230799775,1.2434749503478046,1.1571350839243477,1.256598264899138,1.2991937954149106,1.2648289425156956,1.2648289425156956,1.2988362120297294,1.2988362120297294,1.1814644310503977,1.1814644310503977,1.2620202578986899,1.2620202578986899
2022-08-26,1.2888489418283346,1.235252627071565,1.1533093780942287,1.2524437151193162,1.2948984168142406,1.260647180570431,1.260647180570431,1.294542015666864,1.294542015666864,1.1775582878310438,1.1775582878310438,1.2578477819920766,1.2578477819920766
2022-08-29,1.2747003088164954,1.2216923598205764,1.146979019814763,1.2455692219502137,1.2877908955630974,1.2537276596954716,1.2537276596954716,1.287436450653134,1.287436450653134,1.1710948305848685,1.1710948305848685,1.250943626635082,1.250943626635082
2022-08-30,1.2650009030233105,1.212396300291623,1.1426152431401568,1.240830350686264,1.2828913884450546,1.2489577489794317,1.2489577489794317,1.2825382920501065,1.2825382920501065,1.1666393033108968,1.1666393033108968,1.246184308003396,1.246184308003396
2022-08-31,1.268970402318726,1.2162007294017287,1.1444079732448296,1.2427771774399081,1.2849042077443755,1.250917327384763,1.250917327384763,1.284550557351447,1.284550557351447,1.1684697264676822,1.1684697264676822,1.24813953496045,1.24813953496045
2022-09-01,1.2555897245917627,1.2033764822942419,1.1383743595962466,1.236224936005686,1.2781298617539447,1.2443221689830284,1.2443221689830284,1.2777780758969923,1.2777780758969923,1.1623092530575032,1.1623092530575032,1.24155902179597,1.24155902179597
2022-09-02,1.2508522700114713,1.1988360330406345,1.136226764439035,1.2338927412725478,1.2757186114668566,1.2419746984505167,1.2419746984505167,1.2753674892699702,1.2753674892699702,1.160116503631968,1.160116503631968,1.2392167640666698,1.2392167640666698
2022-09-06,1.2733237250693321,1.2203730208081587,1.146432873219729,1.2449761305529914,1.287177699854565,1.2531306835689573,1.2531306835689573,1.2868234237174188,1.2868234237174188,1.1705372009829869,1.1705372009829869,1.2503479761563345,1.2503479761563345
2022-09-07,1.2816466499068522,1.2243004116738616,1.1501796323695086,1.249044947679027,1.2913844396794427,1.257226151314352,1.257226151314352,1.2910290057009701,1.2910290057009701,1.1743627376283408,1.1743627376283408,1.254434349488351,1.254434349488351
2022-09-08,1.3015573631554738,1.243259021211614,1.15911380187956,1.2587470663517846,1.3014154358491195,1.2669918185477145,1.2669918185477145,1.3010572409911079,1.3010572409911079,1.1834847525458236,1.1834847525458236,1.2641783310388428,1.2641783310388428
2022-09-09,1.3155460525957339,1.2498779177489214,1.1653426794762807,1.2655113559226816,1.308409017876391,1.2738004139944974,1.2738004139944974,1.3080488981410094,1.3080488981410094,1.1898445954268588,1.1898445954268588,1.2709718072891463,1.2709718072891463
2022-09-12,1.2583425837115942,1.1954673815052572,1.1400065676870925,1.237997442849015,1.2799624521350623,1.2461062856883218,1.2461062856883218,1.2796101618854054,1.2796101618854054,1.1639757791443863,1.1639757791443863,1.2433391766839959,1.2433391766839959
2022-09-13,1.26314448856141,1.1976885929376795,1.1421817317231262,1.2403595761829047,1.2824046558664026,1.2484838909184426,1.2484838909184426,1.2820516934372135,1.2820516934372135,1.1661966770982868,1.1661966770982868,1.2457115021936653,1.2457115021936653
2022-09-14,1.248803532655982,1.1908896877232353,1.1356979216764698,1.2333184410831612,1.2751248439409906,1.2413966366136362,1.2413966366136362,1.274773885169609,1.274773885169609,1.1595765416843364,1.1595765416843364,1.2386399858764032,1.2386399858764032
2022-09-15,1.2392766109971864,1.1863471346063823,1.131365893120762,1.2286140468925242,1.2702609825826017,1.2366614287946138,1.2366614287946138,1.269911362515281,1.269911362515281,1.1551534300494306,1.1551534300494306,1.2339152930803319,1.2339152930803319
2022-09-16,1.2488869993527187,1.1909470990480844,1.1357526722742657,1.233377897845944,1.275186316138956,1.2414564828162744,1.2414564828162744,1.2748353404482844,1.2748353404482844,1.159632443440988,1.159632443440988,1.2386996991843051,1.2386996991843051
2022-09-19,1.234551696979705,1.184111978343022,1.129234325143401,1.2262992569781244,1.267867727093968,1.2343314770818352,1.2343314770818352,1.267518765733918,1.267518765733918,1.1529770447832635,1.1529770447832635,1.2315905152683977,1.2315905152683977
2022-09-20,1.2130163640981748,1.173784243309726,1.1193852288468635,1.2156035676943115,1.2568094807606973,1.2235657313823478,1.2235657313823478,1.256463563015212,1.256463563015212,1.142920866283442,1.142920866283442,1.2208486760303456,1.2208486760303456
2022-09-21,1.2028272596064022,1.168854462203776,1.1146839183778383,1.210498149441765,1.2515310016301862,1.2184268728069008,1.2184268728069008,1.2511865367060142,1.2511865367060142,1.1381207083972593,1.1381207083972593,1.215721228826464,1.215721228826464
2022-09-22,1.1826740612129512,1.1590624676834775,1.1053457337076602,1.2003572879149869,1.2410463903237958,1.2082195889681455,1.2082195889681455,1.2407048111298487,1.2407048111298487,1.1285861836977067,1.1285861836977067,1.2055366113263224,1.2055366113263224
2022-09-23,1.1709742300685457,1.153329343231671,1.099878310828991,1.1944199049782382,1.2349077449922703,1.2022433163669723,1.2022433163669723,1.2345678553673356,1.2345678553673356,1.1230038055031473,1.1230038055031473,1.1995736096619198,1.1995736096619198
2022-09-26,1.1679851560852899,1.151857326749388,1.0984745149301463,1.1928954438195822,1.2333316084226118,1.2007088700374895,1.2007088700374895,1.23299215260536,1.23299215260536,1.1215704940894835,1.1215704940894835,1.1980425707305888,1.1980425707305888
2022-09-27,1.1909667653499285,1.1631894634953248,1.1092814639558943,1.204631319417229,1.2454653007777001,1.2125216152372122,1.2125216152372122,1.2451225053456791,1.2451225053456791,1.1326046646539039,1.1326046646539039,1.2098290844972601,1.2098290844972601
2022-09-28,1.1660885501474976,1.151040477211256,1.0976955222725202,1.192049491747485,1.2324569806963233,1.1998573770069343,1.1998573770069343,1.232117765607086,1.232117765607086,1.1207751227194327,1.1207751227194327,1.1971929685291378,1.1971929685291378
2022-09-29,1.1480569682819326,1.1421410327424852,1.0892085224341213,1.1828329798472819,1.2229280521512305,1.190580497254635,1.190580497254635,1.2225914597550342,1.2225914597550342,1.112109679440855,1.112109679440855,1.187936689056116,1.187936689056116
2022-09-30,1.1783669946366446,1.1572179521635786,1.1035867022339272,1.198447056405715,1.2390714067558766,1.2062968455048433,1.2062968455048433,1.2387303711461983,1.2387303711461983,1.126790167702525,1.126790167702525,1.2036181375154655,1.2036181375154655
2022-10-03,1.2148805907139566,1.1751470816584793,1.1206849064712614,1.2170149609451386,1.2582687167039464,1.224986369212897,1.224986369212897,1.2579223973259022,1.2579223973259022,1.1442478702835714,1.1442478702835714,1.222266159186387,1.222266159186387
2022-10-04,1.212051974259772,1.1737790293590706,1.119380256536679,1.2155981679821795,1.2568038980118628,1.2235602963022782,1.2235602963022782,1.2564579818029444,1.2564579818029444,1.1429157894279345,1.1429157894279345,1.2208432530194377,1.2208432530194377
2022-10-05,1.199548827555026,1.1677248618337903,1.1136066693213198,1.2093283039206222,1.2503215012790263,1.2172493648357818,1.2172493648357818,1.2499773692514795,1.2499773692514795,1.1370208096375194,1.1370208096375194,1.214546335634635,1.214546335634635
2022-10-06,1.1660885501474976,1.1514385728078298,1.0980751681341971,1.1924617706055773,1.2328832347739997,1.2002723562780895,1.2002723562780895,1.2325439023647935,1.2325439023647935,1.1211627508262958,1.1211627508262958,1.1976070262955296,1.1976070262955296
2022-10-07,1.1571850589267654,1.1470427560309178,1.0938830754247926,1.1879093406446184,1.2281764888516555,1.195690108049489,1.195690108049489,1.2278384519028693,1.2278384519028693,1.1168825172592434,1.1168825172592434,1.1930349534271525,1.1930349534271525
2022-10-10,1.1498567446281904,1.1434107138760121,1.0904193602131396,1.1841478968983044,1.2242875415933958,1.1919040269694194,1.1919040269694194,1.2239505750183524,1.2239505750183524,1.1133459756931734,1.1133459756931734,1.1892572797350949,1.1892572797350949
2022-10-11,1.1460639439186002,1.1415249446324947,1.0886209869190364,1.1821949418869095,1.2222683863037518,1.1899382801664493,1.1899382801664493,1.2219319754705738,1.2219319754705738,1.1115097906960614,1.1115097906960614,1.1872958980779724,1.1872958980779724
2022-10-12,1.176309725586785,1.1565879410854192,1.1029858890104398,1.1977945994327555,1.2383968331274366,1.2056401149600084,1.2056401149600084,1.238055983183917,1.238055983183917,1.1261767220788317,1.1261767220788317,1.2029628653093174,1.2029628653093174
2022-10-13,1.1495033474565397,1.1434094673317692,1.0904181714399719,1.1841466059424597,1.224286206877385,1.1919027275578562,1.1919027275578562,1.2239492406697017,1.2239492406697017,1.113344761925452,1.113344761925452,1.1892559832090106,1.1892559832090106
2022-10-14,1.1790422319899243,1.158100612122528,1.104428455329331,1.1993611635776893,1.2400164998690433,1.207216940048955,1.207216940048955,1.239675204136821,1.239675204136821,1.1276496190801233,1.1276496190801233,1.2045361888936557,1.2045361888936557
2022-10-17,1.1928954422352351,1.1649041899883859,1.1109167214734363,1.2064071378050334,1.2473013149563486,1.2143090651774897,1.2143090651774897,1.2469580141892742,1.2469580141892742,1.1342743042832124,1.1342743042832124,1.2116125652184742,1.2116125652184742
2022-10-18,1.1844416638201958,1.1607764845968471,1.1069803145309716,1.2021323714423522,1.2428816447320787,1.210006299234672,1.210006299234672,1.2425395604121934,1.2425395604121934,1.130255132404948,1.130255132404948,1.207319354016308,1.207319354016308
2022-10-19,1.1745097436575302,1.155909744543761,1.1023391234780904,1.197092240255303,1.2376706657348915,1.2049331553528704,1.2049331553528704,1.2373300156579314,1.2373300156579314,1.1255163579758711,1.1255163579758711,1.202257475579739,1.202257475579739
2022-10-20,1.2030521674049977,1.1699549518827197,1.115733405877887,1.2116378471226286,1.2527093322048717,1.2195740354703717,1.2195740354703717,1.2523645429630819,1.2523645429630819,1.1391922618998407,1.1391922618998407,1.216865844095566,1.216865844095566
2022-10-21,1.217773451854669,1.177113095189638,1.1225598051326084,1.2190510191698367,1.2603737921974607,1.2270357635525044,1.2270357635525044,1.2600268934293173,1.2600268934293173,1.1461621896322625,1.1461621896322625,1.224311002632066,1.224311002632066
2022-10-24,1.2372195475303231,1.1865114992340278,1.1315226402720204,1.2287842674666263,1.270436973207373,1.2368327643079204,1.2368327643079204,1.2700873047013015,1.2700873047013015,1.1553134728883807,1.1553134728883807,1.2340862481252566,1.2340862481252566
2022-10-25,1.2278980032854188,1.1820417511366608,1.1272600425881814,1.2241552721765434,1.2656510665832197,1.2321734492497898,1.2321734492497898,1.2653027153253507,1.2653027153253507,1.1509612519443453,1.1509612519443453,1.2294372795622839,1.2294372795622839
2022-10-26,1.2213412419741652,1.1788858026778304,1.1242503565168676,1.2208868842867928,1.2622718885388235,1.2288836535260497,1.2288836535260497,1.2619244673484538,1.2619244673484538,1.1478882857096464,1.1478882857096464,1.2261547891731481,1.2261547891731481
2022-10-27,1.2503977260053518,1.1929090237576052,1.137623671610357,1.2354097215733744,1.2772870135963625,1.2435016149227962,1.2435016149227962,1.2769354597205798,1.2769354597205798,1.1615427814791481,1.1615427814791481,1.2407402898616307,1.2407402898616307
2022-10-28,1.2413656426200659,1.1886006131017175,1.1335149341865112,1.2309478118193111,1.2726738562889668,1.239010479805492,1.239010479805492,1.2723235721147577,1.2723235721147577,1.157347655784457,1.157347655784457,1.2362591277783808,1.2362591277783808
2022-10-31,1.2359338314677846,1.1860001488049017,1.1310349883714343,1.2282546987579555,1.2698894534472638,1.2362997269414944,1.2362997269414944,1.2695399356377013,1.2695399356377013,1.1548155678613177,1.1548155678613177,1.2335543944239102,1.2335543944239102
2022-11-01,1.2049164968122785,1.171118056179735,1.1168426061224024,1.2128423902412733,1.2539547063150918,1.2207864683071243,1.2207864683071243,1.253609574302969,1.253609574302969,1.1403247836373742,1.1403247836373742,1.2180755845987203,1.2180755845987203
2022-11-02,1.1925096657415746,1.1650886491937267,1.1110926319194663,1.2065981688819831,1.2474988215078355,1.214501347501758,1.214501347501758,1.2471554663800788,1.2471554663800788,1.1344539133348448,1.1344539133348448,1.211804420559782,1.211804420559782
2022-11-03,1.2096733789857759,1.1734731713713307,1.119088573533135,1.2152814129539673,1.2564764057823932,1.2232414665389708,1.2232414665389708,1.2561305797107427,1.2561305797107427,1.1426179736425373,1.1426179736425373,1.2205251312508811,1.2205251312508811
2022-11-04,1.2212447207571262,1.1790857025559192,1.1244409920378815,1.2210939061533508,1.2624859279275926,1.2290920313790759,1.2290920313790759,1.262138447826128,1.262138447826128,1.14808292943837,1.14808292943837,1.2263627043014131,1.2263627043014131
2022-11-07,1.2278339641818883,1.1822665894743005,1.1274744607961844,1.2243881210045517,1.2658918084026762,1.2324078232300206,1.2324078232300206,1.2655433908842733,1.2655433908842733,1.1511801784030138,1.1511801784030138,1.2296711330906411,1.2296711330906411
2022-11-08,1.202538107121279,1.1700880508740905,1.1158603363983506,1.2117756881353097,1.2528518456822744,1.2197127793371865,1.2197127793371865,1.2525070172158117,1.2525070172158117,1.139321861198337,1.139321861198337,1.21700427986715,1.21700427986715
2022-11-09,1.2686225558879916,1.202238642773268,1.146520909562244,1.2450717341837072,1.2872765442086562,1.2532269134003342,1.2532269134003342,1.2869222408661,1.2869222408661,1.1706270883338807,1.1706270883338807,1.2504439922993316,1.2504439922993316
2022-11-10,1.2809006920026436,1.208056468425884,1.152069108165747,1.2510968360368402,1.2935058819078942,1.2592914794739307,1.2592914794739307,1.2931498640346268,1.2931498640346268,1.176291940603515,1.176291940603515,1.2564950913712907,1.2564950913712907
2022-11-11,1.270004484793074,1.2029181959263007,1.1471689688338322,1.245775498305583,1.2880041641697184,1.248516130260567,1.248516130260567,1.2876496605608048,1.2876496605608048,1.1712887733775987,1.1712887733775987,1.251150793035413,1.251150793035413
2022-11-14,1.2808363445246176,1.2080480365382091,1.1520610670537892,1.2510881037397434,1.2934968536078204,1.2591647159604478,1.2591647159604478,1.2931408382194556,1.2931408382194556,1.1762837304231342,1.1762837304231342,1.25648632139592,1.25648632139592
2022-11-15,1.2710650874740201,1.2034400520970487,1.1476666395875907,1.2463159470521055,1.288562932773683,1.2495587876454932,1.2495587876454932,1.2882082753721869,1.2882082753721869,1.171796907909261,1.171796907909261,1.251693573719996,1.251693573719996
2022-11-16,1.2671759711303878,1.2015989511096503,1.145910864399897,1.2444092517275402,1.286591605258265,1.245735474778786,1.245735474778786,1.2862374904347653,1.2862374904347653,1.1700042166651705,1.1700042166651705,1.2497786513518392,1.2497786513518392
2022-11-17,1.2729294168813008,1.204326802070001,1.1485122931453557,1.2472342899561935,1.2895124051996616,1.251391572777341,1.251391572777341,1.2891574864702824,1.2891574864702824,1.1726603417584034,1.1726603417584034,1.2526158791067135,1.2526158791067135
2022-11-18,1.2683012296638554,1.2021374230529682,1.1464243808684764,1.2449669082296884,1.287168164917626,1.2468416940453868,1.2468416940453868,1.2868138914048255,1.2868138914048255,1.1705285300757775,1.1705285300757775,1.2503387140403839,1.2503387140403839
2022-11-21,1.2853685244825162,1.2102258934147088,1.1541379911835783,1.253343552817451,1.295828756754183,1.2551686108712474,1.2551686108712474,1.2954720995448488,1.2954720995448488,1.178404322927351,1.178404322927351,1.2587515023262426,1.2587515023262426
2022-11-22,1.2934683917684124,1.214039067977452,1.1577744442241418,1.257292582316809,1.2999116484521818,1.2630154122096213,1.2630154122096213,1.2995538674888396,1.2995538674888396,1.1821172342220636,1.1821172342220636,1.2627175711697558,1.2627175711697558
2022-11-23,1.2931789309087938,1.2139032251557549,1.1576448970361306,1.2571518997172242,1.299766197065204,1.262732766317958,1.262732766317958,1.2994084561351498,1.2994084561351498,1.1819849632392683,1.1819849632392683,1.2623718560523598,1.2623718560523598
2022-11-25,1.2725437431791384,1.2042181304105444,1.148408657872448,1.2471217465669842,1.2893960468717376,1.242583406424624,1.242583406424624,1.289041160168223,1.289041160168223,1.172554527501759,1.172554527501759,1.2522369370258895,1.2522369370258895
2022-11-28,1.2703580875477216,1.2031839788726135,1.1474224340731876,1.246050750507691,1.2882887467313389,1.240449209125463,1.240449209125463,1.2879341647953917,1.2879341647953917,1.1715475678510932,1.1715475678510932,1.2511615481726777,1.2511615481726777
2022-11-29,1.3103751262665035,1.222134485954167,1.165494680167099,1.26567642204763,1.3085796793291062,1.2795241003052238,1.2795241003052238,1.3082195126217475,1.3082195126217475,1.1899997920086502,1.1899997920086502,1.2708677163025344,1.2708677163025344
2022-11-30,1.309410736428101,1.221684762033211,1.165065798695017,1.2652106754626784,1.3080981451026894,1.2785824157329277,1.2785824157329277,1.3077381109303223,1.3077381109303223,1.18956189308791,1.18956189308791,1.27040005941292,1.27040005941292
2022-12-01,1.307900215358465,1.2209801013327273,1.164393795484916,1.2644809092672262,1.3073436416629516,1.2771074578572201,1.2771074578572201,1.3069838151562114,1.3069838151562114,1.1888757606723293,1.1888757606723293,1.2696673000108376,1.2696673000108376
2022-12-02,1.284372063696599,1.2099978395886983,1.153920506508969,1.2531073739403666,1.2955845720053356,1.2655564960506267,1.2655564960506267,1.2952279820041495,1.2952279820041495,1.178182265528073,1.178182265528073,1.2582471150288435,1.2582471150288435
2022-12-05,1.2658580813288358,1.2012768936492868,1.145603732688064,1.2440757200754915,1.2862467677194744,1.2472504587361377,1.2472504587361377,1.2858927478072761,1.2858927478072761,1.1696906273546228,1.1696906273546228,1.2491784169621454,1.2491784169621454
2022-12-06,1.263704599436432,1.200255085566535,1.1446292802867235,1.2430175072412575,1.2851526841234133,1.2451286321919164,1.2451286321919164,1.284798965341129,1.284798965341129,1.1686956866014389,1.1686956866014389,1.2481158637656269,1.2481158637656269
2022-12-07,1.2736044486515827,1.2049564787450224,1.149112787463614,1.2478864006119745,1.2901866207716388,1.2548829574651361,1.2548829574651361,1.28983151647465,1.28983151647465,1.1732734617717244,1.1732734617717244,1.2530047273733989,1.2530047273733989
2022-12-08,1.2640901703470957,1.2004557519708217,1.1448206468092887,1.2432253229436383,1.2853675442570494,1.2455085353598099,1.2455085353598099,1.2850137663377723,1.2850137663377723,1.1688910767013896,1.1688910767013896,1.24832453184421,1.24832453184421
2022-12-09,1.2823152058127325,1.2177033146449379,1.1530733796361579,1.252187431080356,1.2946334453889403,1.263465669876134,1.263465669876134,1.294277117170928,1.294277117170928,1.1773173273866946,1.1773173273866946,1.2573233989342207,1.2573233989342207
2022-12-12,1.2920218070108085,1.2269208302754588,1.1574375263753958,1.256926704218366,1.2995333680035663,1.2730295878031421,1.2730295878031421,1.2991756911561796,1.2991756911561796,1.1817732325060932,1.1817732325060932,1.2620821106593652,1.2620821106593652
2022-12-13,1.2837613794043425,1.2190766200288814,1.1537375389433915,1.2529086791391877,1.2953791419485836,1.2648905852771197,1.2648905852771197,1.2950226084889045,1.2950226084889045,1.1779954509774049,1.1779954509774049,1.2580476052617213,1.2580476052617213
2022-12-14,1.2523584738381728,1.1892560096016886,1.1396263841895402,1.2375845801417953,1.2795355944172377,1.2339492902372073,1.2339492902372073,1.2791834216536917,1.2791834216536917,1.1635876020975822,1.1635876020975822,1.242660652990221,1.242660652990221
2022-12-15,1.237572739118977,1.1752152822552373,1.1328989919341979,1.230278925380478,1.2719822962769538,1.2266033976945598,1.2266033976945598,1.2716322024441475,1.2716322024441475,1.1567187630364977,1.1567187630364977,1.235325033379334,1.235325033379334
2022-12-16,1.2270787550428193,1.1652500575308924,1.1280957898251582,1.225062857248044,1.2665894165130591,1.2214029128598942,1.2214029128598942,1.2662408069886053,1.2662408069886053,1.1518145711873222,1.1518145711873222,1.230087571038983,1.230087571038983
2022-12-19,1.228757956961402,1.1668446496662328,1.1288676639232285,1.2259010788747413,1.2674560517512314,1.2222386302522001,1.2222386302522001,1.267107203698574,1.267107203698574,1.152602674326522,1.152602674326522,1.2309292307127506,1.2309292307127506
2022-12-20,1.247130703810303,1.1842916507121726,1.137307242970375,1.2350660938625824,1.2769317377677514,1.240452786297875,1.240452786297875,1.276580281676251,1.276580281676251,1.161219699767861,1.161219699767861,1.2401318368959586,1.2401318368959586
2022-12-21,1.2293390373021065,1.1673964511685027,1.129194784860546,1.2262563179543924,1.2678233325449932,1.2315425642575084,1.2315425642575084,1.2674743834038684,1.2674743834038684,1.1529366731460737,1.1529366731460737,1.231285926839844,1.231285926839844
2022-12-22,1.2364103728545712,1.1706955977748885,1.1324424305406855,1.229783119607342,1.271469683931241,1.2385649976868058,1.2385649976868058,1.2711197311872071,1.2711197311872071,1.156252602210057,1.156252602210057,1.234827194010868,1.234827194010868
2022-12-23,1.2315348692918693,1.1683874116406145,1.1302096657459724,1.2273584343601804,1.268962807933605,1.233680997850313,1.233680997850313,1.2686135451691638,1.2686135451691638,1.1539728924125554,1.1539728924125554,1.2323925636826618,1.2323925636826618
2022-12-27,1.2162293179650419,1.1538082393913365,1.1231865263771708,1.2197316111244259,1.261077454512865,1.218348774375076,1.218348774375076,1.2607303620723427,1.2607303620723427,1.1468020880062038,1.1468020880062038,1.2247344582937778,1.2247344582937778
2022-12-28,1.2381218513036654,1.1641350155327292,1.1332953924071998,1.2307093990161833,1.272427361889585,1.2292531990667812,1.2292531990667812,1.27207714555922,1.27207714555922,1.157123498028816,1.157123498028816,1.2357572726442898,1.2357572726442898
2022-12-29,1.2348605854325296,1.1610104273982838,1.131802818158033,1.2290885284386746,1.2707515478635016,1.225953830944712,1.225953830944712,1.2704017927755273,1.2704017927755273,1.1555995416553633,1.1555995416553633,1.234129753909345,1.234129753909345
2022-12-30,1.2296619053987194,1.156122651564183,1.1294204112764872,1.2265013384076877,1.2680766585773164,1.2233119416550156,1.2233119416550156,1.2677276397120438,1.2677276397120438,1.1531670434708903,1.1531670434708903,1.231531952268226,1.231531952268226
2023-01-03,1.2391551114460255,1.1650481216458943,1.1337800733231063,1.2312357413649888,1.2729715459243185,1.2326949592690044,1.2326949592690044,1.2726211798155525,1.2726211798155525,1.1576183696047522,1.1576183696047522,1.2362857738371442,1.2362857738371442
2023-01-04,1.2250122347580992,1.1517510519185135,1.1273099746162847,1.2242094961826677,1.265707128647196,1.2186258143800925,1.2186258143800925,1.265358761959094,1.265358761959094,1.151012233818453,1.151012233818453,1.222113831535493,1.222113831535493
2023-01-05,1.2531042261593848,1.1781630172270114,1.1402357157701097,1.2382462876792548,1.2802197321811206,1.2465713523327893,1.2465713523327893,1.2798673711190325,1.2798673711190325,1.1642097451810995,1.1642097451810995,1.2501393567284447,1.2501393567284447
2023-01-06,1.2523940396966344,1.1774953030750035,1.1399126061864135,1.237895404754793,1.279856955205287,1.2458648683222833,1.2458648683222833,1.2795046939920587,1.2795046939920587,1.1638798420558967,1.1638798420558967,1.2494308505809386,1.2494308505809386
2023-01-09,1.261176750906695,1.1857527690723788,1.1439095603827414,1.2422359227960862,1.2843446059252148,1.2546017921644674,1.2546017921644674,1.2839911095541974,1.2839911095541974,1.1679608342244894,1.1679608342244894,1.2581927817222356,1.2581927817222356
2023-01-10,1.2771279356352496,1.2007500019727402,1.1511435633475546,1.250091734706162,1.2924667101621932,1.2704698177470861,1.2704698177470861,1.2921109783051858,1.2921109783051858,1.1753469357400137,1.1753469357400137,1.2741062256316296,1.2741062256316296
2023-01-11,1.281777811858867,1.2051217949066284,1.1532391541399203,1.2523674549658006,1.2948195716327282,1.275095452527698,1.275095452527698,1.2944631921862908,1.2944631921862908,1.177486587382776,1.177486587382776,1.2787451001559587,1.2787451001559587
2023-01-12,1.286750556179097,1.2097971469882163,1.1576555620253317,1.2547967773845943,1.2973312419904877,1.2800422721797817,1.2800422721797817,1.296974171244883,1.296974171244883,1.1797706570886883,1.1797706570886883,1.2837060788645858,1.2837060788645858
2023-01-13,1.2843932387452786,1.2075808076268038,1.1555347456591647,1.2536473882100478,1.2961428914047834,1.2776972442722796,1.2776972442722796,1.2957861477346517,1.2957861477346517,1.1786899915608953,1.1786899915608953,1.2813543388905289,1.2813543388905289
2023-01-17,1.2641150458897195,1.1885153409402538,1.1463550910900322,1.2437510018292592,1.28591104233886,1.2575247687805209,1.2575247687805209,1.2855571148299805,1.2855571148299805,1.1693853244835681,1.1693853244835681,1.261124124641104,1.261124124641104
2023-01-18,1.2549126369915118,1.1798632770441018,1.1421825166376303,1.2392239196923907,1.2812305034682883,1.2483703352821065,1.2483703352821065,1.2808778642067356,1.2808778642067356,1.1651289231574187,1.1651289231574187,1.251943488824707,1.251943488824707
2023-01-19,1.2782905074826525,1.2018430468503218,1.152821422551915,1.2507667217369796,1.2931645775609628,1.2716263286978493,1.2716263286978493,1.2928086536265397,1.2928086536265397,1.1759815643167093,1.1759815643167093,1.2752660468110035,1.2752660468110035
2023-01-20,1.2936281297569947,1.2162634110615338,1.1597375106497965,1.2582704102252473,1.3009226222750117,1.2868839905435006,1.2868839905435006,1.3005645630564602,1.3005645630564602,1.1830365963808211,1.1830365963808211,1.2905673799671102,1.2905673799671102
2023-01-23,1.2922397249875102,1.2149580390755486,1.1591151582696582,1.2575951819279212,1.3002245054314037,1.2855028240172444,1.2855028240172444,1.299866638358924,1.299866638358924,1.1824017409632916,1.1824017409632916,1.2891822601908234,1.2891822601908234
2023-01-24,1.2927240785281788,1.215413426119153,1.1593323863582605,1.2578308660147497,1.3004681786178458,1.2859846524522573,1.2859846524522573,1.3001102444780177,1.3001102444780177,1.182623333156541,1.182623333156541,1.2896654677414168,1.2896654677414168
2023-01-25,1.3069314054856296,1.2287710917031422,1.1657030475608068,1.2647427873858559,1.307614396793197,1.3001179116087314,1.3001179116087314,1.3072544957652146,1.3072544957652146,1.1891219807182059,1.1891219807182059,1.30383917988175,1.30383917988175
2023-01-26,1.3099343563211756,1.2315944527158447,1.1683232112742055,1.2661957941749613,1.3091166568693344,1.3031052070035674,1.3031052070035674,1.3087563423670532,1.3087563423670532,1.1904881101227698,1.1904881101227698,1.3068350256761117,1.3068350256761117
2023-01-27,1.2934989208434506,1.2161419294159883,1.1536645372243453,1.2582524651154146,1.3009040688709492,1.2867554552415459,1.2867554552415459,1.3005460147589407,1.3005460147589407,1.1830197242351472,1.1830197242351472,1.290438476764416,1.290438476764416
2023-01-30,1.312517506677076,1.234023119185661,1.1620881397839862,1.267502640017982,1.3104678015097835,1.3056748904865627,1.3056748904865627,1.310107115125435,1.310107115125435,1.1917168177563258,1.1917168177563258,1.3094120642470815,1.3094120642470815
2023-01-31,1.326466621390435,1.247138014766778,1.1682633339000326,1.2742379938837975,1.3174314669841216,1.3195512835503473,1.3195512835503473,1.3170688639564807,1.3170688639564807,1.1980494550400782,1.1980494550400782,1.3233281750786094,1.3233281750786094
2023-02-01,1.3457762099561557,1.2652928040102291,1.1852115185249803,1.2835126378891302,1.3270204981669536,1.3387602044276905,1.3387602044276905,1.326655255903932,1.326655255903932,1.2067695546208577,1.2067695546208577,1.3425920767751396,1.3425920767751396
2023-02-02,1.3314719506156723,1.2518440030310534,1.172613901767539,1.276691408065283,1.3199680457549228,1.3245305182308478,1.3245305182308478,1.3196047445724515,1.3196047445724515,1.2003561760272285,1.2003561760272285,1.3283216615957127,1.3283216615957127
2023-02-03,1.3233345644328438,1.2441932687526398,1.165447387927256,1.2727901125783887,1.315934506132727,1.3164355551091669,1.3164355551091669,1.3155723151208534,1.3155723151208534,1.1929600954821749,1.1929600954821749,1.3202035286298455,1.3202035286298455
2023-02-06,1.3406420829833685,1.2604657206768464,1.1730103939663385,1.281113343557327,1.3245398737730443,1.333652843467676,1.333652843467676,1.3241753142642594,1.3241753142642594,1.208562483221093,1.208562483221093,1.3374700972485092,1.3374700972485092
2023-02-07,1.3259825762242623,1.2466829176555023,1.1601252373887478,1.274109054359845,1.3172981567335968,1.319069761882165,1.319069761882165,1.3169355903975801,1.3169355903975801,1.1953472260570364,1.1953472260570364,1.3228452751728916,1.3228452751728916
2023-02-08,1.314487197370262,1.235875013610437,1.1550384775968565,1.2685862192397623,1.3115881113503278,1.3132860836970885,1.3132860836970885,1.3112271166176894,1.3112271166176894,1.184984367998425,1.184984367998425,1.3113770946130556,1.3113770946130556
2023-02-09,1.317554701266831,1.2387590671238575,1.1563861837737608,1.270066413637409,1.3131184806267686,1.3148184341783673,1.3148184341783673,1.3127570646832005,1.3127570646832005,1.1863077660106258,1.1863077660106258,1.3144373407346186,1.3144373407346186
2023-02-10,1.3330215324547174,1.253300912980615,1.1631736172955858,1.2775210957080079,1.3208258577284633,1.3225357891939142,1.3225357891939142,1.3204623204462584,1.3204623204462584,1.1932708249015103,1.1932708249015103,1.3298675770934196,1.3298675770934196
2023-02-13,1.3324083811664984,1.2527244308679029,1.1629061042117745,1.2772272843604455,1.3205220869128906,1.3222316251188724,1.3222316251188724,1.320158633238995,1.320158633238995,1.1926622913490394,1.1926622913490394,1.329255876533299,1.329255876533299
2023-02-14,1.3367349781275089,1.2567922780776537,1.1666241480146047,1.281310835880403,1.3226660868039688,1.3243784006164805,1.3243784006164805,1.3223020430266246,1.3223020430266246,1.1965351047583523,1.1965351047583523,1.3335722366801626,1.3335722366801626
2023-02-15,1.318329851956598,1.2394878603530213,1.1505612297925365,1.263668829061992,1.3135603790129926,1.3152609046430004,1.3152609046430004,1.3131988414435967,1.3131988414435967,1.1800603510253047,1.1800603510253047,1.315210657402493,1.315210657402493
2023-02-16,1.3150362067634522,1.2363911897988686,1.149066451236301,1.262027104120325,1.3119195143152,1.313617915693808,1.313617915693808,1.3115584283689226,1.3115584283689226,1.1785272479951472,1.1785272479951472,1.311924805039142,1.311924805039142
2023-02-17,1.2886553854367655,1.2115880589799461,1.1375407926321317,1.2493683988420974,1.298760365493236,1.3004417311343184,1.3004417311343184,1.2984029014030654,1.2984029014030654,1.1667060842134627,1.1667060842134627,1.2856064012584838,1.2856064012584838
2023-02-21,1.2868795595096452,1.2099184353455432,1.1367570010709658,1.2485075555087044,1.2978654899678537,1.299545697109646,1.299545697109646,1.2975082721785973,1.2975082721785973,1.1659021971009385,1.1659021971009385,1.2846563087945275,1.2846563087945275
2023-02-22,1.293725062140028,1.2163545464567203,1.1397804670136151,1.2518282476792075,1.3013174608845586,1.3030021369225748,1.3030021369225748,1.300959292992669,1.300959292992669,1.1690031813764463,1.1690031813764463,1.2880731468645727,1.2880731468645727
2023-02-23,1.2799048479657178,1.2033608425888203,1.1336926162689727,1.245141921890728,1.2943668009087654,1.296042478673369,1.296042478673369,1.2940105460806022,1.2940105460806022,1.1627592448516533,1.1627592448516533,1.2742489056012394,1.2742489056012394
2023-02-24,1.284264029831735,1.2074593259812583,1.1356232177126393,1.247262313924226,1.2965710195643414,1.2982495508942458,1.2982495508942458,1.296214158058428,1.296214158058428,1.164739344787503,1.164739344787503,1.278588824096679,1.278588824096679
2023-02-27,1.2795173240165834,1.2029964942962932,1.133524556843019,1.2449573411378672,1.2941749230236912,1.2958503523845923,1.2958503523845923,1.2938187210070051,1.2938187210070051,1.1603761713799252,1.1603761713799252,1.2738630941334077,1.2738630941334077
2023-02-28,1.2746094411318716,1.1983821246477517,1.1313506098133428,1.2425696810757172,1.2916928702857915,1.2933650863994273,1.2933650863994273,1.291337351416472,1.291337351416472,1.158092707771021,1.158092707771021,1.2689768993474415,1.2689768993474415
2023-03-01,1.284522344867325,1.20770219262824,1.1357499847607648,1.24740154299185,1.2967157528511144,1.29839447155167,1.29839447155167,1.2963588515095592,1.2963588515095592,1.1625960721579465,1.1625960721579465,1.2788459976294806,1.2788459976294806
2023-03-02,1.3051232002365003,1.227071025174271,1.1448574250731465,1.257404303503235,1.307113957984002,1.3088061381246385,1.3088061381246385,1.3067541946942107,1.3067541946942107,1.1719187879639414,1.1719187879639414,1.299355817129222,1.299355817129222
2023-03-03,1.3060275598398117,1.2279213000489804,1.1455934887698853,1.2578399503666546,1.3075668275139865,1.309259593936194,1.309259593936194,1.3072069395787262,1.3072069395787262,1.1726722502348363,1.1726722502348363,1.3002561803371753,1.3002561803371753
2023-03-06,1.2860075792283443,1.2090986033653026,1.1280327878022813,1.2384957413487219,1.2975450395594357,1.29922483184848,1.29922483184848,1.2971879099692931,1.2971879099692931,1.154696461334802,1.154696461334802,1.280324668690144,1.280324668690144
2023-03-07,1.2881065816265729,1.2110720760797336,1.128896965312315,1.239444543704043,1.2986039563939225,1.3002851195489322,1.3002851195489322,1.2982465353529837,1.2982465353529837,1.1565811396840713,1.1565811396840713,1.2824143955265164,1.2824143955265164
2023-03-08,1.2643409816033009,1.1887277646927674,1.1184828760871752,1.2280106516267657,1.2866243179631782,1.2882899723661616,1.2882899723661616,1.2862701941360026,1.2862701941360026,1.145853834532383,1.145853834532383,1.2587538164852357,1.2587538164852357
2023-03-09,1.2460974436679442,1.171575271508149,1.1104134212973498,1.2191509930243982,1.2773417826760802,1.2789954199769804,1.2789954199769804,1.276990213725939,1.276990213725939,1.1375869080454488,1.1375869080454488,1.2496094192291274,1.2496094192291274
2023-03-10,1.2443215149493256,1.1699055512296368,1.1096221448628933,1.2182822306046346,1.276431553718115,1.278084012643284,1.278084012643284,1.2760802352946876,1.2760802352946876,1.136776267886371,1.136776267886371,1.2487189522492206,1.2487189522492206
2023-03-13,1.2648900937879892,1.1892440375253086,1.1187931470088577,1.2283513059227427,1.2869812318878597,1.2886473483489918,1.2886473483489918,1.2866270098255403,1.2866270098255403,1.1461716982502408,1.1461716982502408,1.2590395863892312,1.2590395863892312
2023-03-14,1.2569791572762332,1.1818062102199554,1.1152945420315392,1.2245100989898199,1.2829566819023364,1.2846175882105824,1.2846175882105824,1.2826035675363534,1.2826035675363534,1.1425874771463838,1.1425874771463838,1.2551024133958508,1.2551024133958508
2023-03-15,1.2790329704759156,1.2025411072526893,1.1250785139256665,1.235252169304957,1.2942114775137725,1.2958869541978486,1.2958869541978486,1.2938552654360174,1.2938552654360174,1.152610877550208,1.152610877550208,1.2661128561749826,1.2661128561749826
2023-03-16,1.2640777325757855,1.1884802591285335,1.1185009599374287,1.2280305063435506,1.2866451203572031,1.2883108016908134,1.2883108016908134,1.2862909908044842,1.2862909908044842,1.1458723609216543,1.1458723609216543,1.2512453825321384,1.2512453825321384
2023-03-17,1.276232621683803,1.199908231779661,1.1238784991444315,1.2339346427115938,1.2928310646058399,1.2945047542174926,1.2945047542174926,1.2924752324657989,1.2924752324657989,1.1513814966021654,1.1513814966021654,1.2571985693264045,1.2571985693264045
2023-03-20,1.2929901029261532,1.2156635410743417,1.131257002306044,1.2420356880375802,1.3013187775613657,1.3030034553039422,1.3030034553039422,1.3009606093070807,1.3009606093070807,1.1589405628351865,1.1589405628351865,1.2654523473154053,1.2654523473154053
2023-03-21,1.2709493442467732,1.1949409178435044,1.121615102288496,1.231449602030711,1.2902274114804244,1.291897730421842,1.291897730421842,1.2898722959564122,1.2898722959564122,1.1490627110204716,1.1490627110204716,1.2546666770522252,1.2546666770522252
2023-03-22,1.2743850472907687,1.1981711505568804,1.1231311093735021,1.2331140645702199,1.291971319790042,1.2936438963823633,1.2936438963823633,1.2916157242817203,1.2916157242817203,1.1506158170792873,1.1506158170792873,1.256362520455057,1.256362520455057
2023-03-23,1.2827477524381865,1.2060337287231506,1.1268161864738457,1.2371600039654824,1.296210374238026,1.2978884386791367,1.2978884386791367,1.295853611994268,1.295853611994268,1.1543910735595189,1.1543910735595189,1.2645441409617444,1.2645441409617444
2023-03-24,1.285146289262881,1.2082888223724422,1.1278696711175655,1.2383166514130848,1.2974222291445154,1.2991018624440975,1.2991018624440975,1.2970651333560768,1.2970651333560768,1.155470338557165,1.155470338557165,1.265663163219871,1.265663163219871
2023-03-27,1.2822614458590476,1.2055765054414675,1.1266037734496146,1.2369267903313026,1.2959660291807427,1.2976437772945348,1.2976437772945348,1.2956093341892554,1.2956093341892554,1.1541734624690645,1.1541734624690645,1.2642426089769823,1.2642426089769823
2023-03-28,1.3008990863994387,1.223099532141616,1.134791353380685,1.2459161415152689,1.3053844473521814,1.307074388481042,1.307074388481042,1.305025160083957,1.305025160083957,1.1625614047971384,1.1625614047971384,1.2734304775579381,1.2734304775579381
2023-03-29,1.30851634760014,1.230261247226346,1.1381136718592546,1.2495637990404806,1.3092062097036086,1.3109010984579719,1.3109010984579719,1.308845870553268,1.308845870553268,1.1659650254064449,1.1659650254064449,1.2808232280347396,1.2808232280347396
2023-03-30,1.3269591982509796,1.2476011333391368,1.1540978806120807,1.2583697717616718,1.3184324966510352,1.320139329688794,1.320139329688794,1.3180696181051625,1.3180696181051625,1.1741818577246317,1.1741818577246317,1.298875758710489,1.298875758710489
2023-03-31,1.3320155120594446,1.252355057081686,1.1584955147350822,1.2607672503207334,1.3209444082633637,1.3251036497516568,1.3251036497516568,1.320580838351922,1.320580838351922,1.1764189392975568,1.1764189392975568,1.3038250619316467,1.3038250619316467
2023-04-03,1.3246252144873079,1.2454067321905633,1.1520679419986048,1.257269751581147,1.3172799718641872,1.32136142000396,1.32136142000396,1.31691741053328,1.31691741053328,1.1731554314959605,1.1731554314959605,1.2965911708076712,1.2965911708076712
2023-04-04,1.321157029329804,1.2421459599386093,1.1490515529904717,1.2556238353462292,1.3155554950851216,1.3196316001219153,1.3196316001219153,1.3151934083902896,1.3151934083902896,1.1716196309500928,1.1716196309500928,1.2931963854715893,1.2931963854715893
2023-04-05,1.326310995061791,1.246991695585111,1.1512353829390194,1.2580729924395853,1.318121551878399,1.3222056075619415,1.3222056075619415,1.3177587589153583,1.3177587589153583,1.1739049336411376,1.1739049336411376,1.2982412739348714,1.2982412739348714
2023-04-06,1.3276719545011908,1.2482712635938802,1.1523591313355992,1.2587184618358618,1.3187978299063219,1.3228839809634811,1.3228839809634811,1.3184348508080121,1.3184348508080121,1.1745072196081339,1.1745072196081339,1.2995734303619526,1.2995734303619526
2023-04-10,1.3280287437922902,1.2486067152976896,1.1526688082826546,1.2588875914413225,1.3189750321667297,1.3230617322657416,1.3230617322657416,1.3186120042961857,1.3186120042961857,1.1746650340429625,1.1746650340429625,1.299922668651862,1.299922668651862
2023-04-11,1.3226156406927256,1.243517339851331,1.1502620106663701,1.256321951068293,1.3162869322787403,1.320365303593802,1.320365303593802,1.3131713536374305,1.3131713536374305,1.1722710410791617,1.1722710410791617,1.294624127140795,1.294624127140795
2023-04-12,1.3401834273173108,1.2600344946605984,1.1579012510261655,1.2646655677960488,1.3250287947108568,1.3291342517320128,1.3291342517320128,1.3218268659951646,1.3218268659951646,1.1800564501134418,1.1800564501134418,1.3118201134310654,1.3118201134310654
2023-04-13,1.3369098264663617,1.2569566697077834,1.1550150069157066,1.2631209992711303,1.3234105030272398,1.3275109459483392,1.3275109459483392,1.3202124849092893,1.3202124849092893,1.1786152168760662,1.1786152168760662,1.308615794266922,1.308615794266922
2023-04-14,1.3417071056987475,1.2614670502945848,1.1591595867490496,1.2675903434824671,1.3257849226015481,1.3298927224024009,1.3298927224024009,1.324883837875924,1.324883837875924,1.180729849512823,1.180729849512823,1.313311545056339,1.313311545056339
2023-04-17,1.342582169725002,1.2622897815981082,1.1599155929226355,1.2684170684099105,1.326217262375032,1.3303264017334593,1.3303264017334593,1.325747929733653,1.325747929733653,1.1814408873619417,1.1814408873619417,1.3141680894418182,1.3141680894418182
2023-04-18,1.3423553088879359,1.2620764880486102,1.1597195979003045,1.268202739511183,1.3261052145745105,1.330214006765064,1.330214006765064,1.3255239134373993,1.3255239134373993,1.1812819992040071,1.1812819992040071,1.3139460298319565,1.3139460298319565
2023-04-19,1.3350297699598188,1.2551890489464246,1.1533907436812552,1.2612818680582067,1.3224867853449973,1.3265843662277326,1.3265843662277326,1.3182902272711934,1.3182902272711934,1.1747764099456508,1.1747764099456508,1.3067755268159162,1.3067755268159162
2023-04-20,1.3360670389706182,1.2561642846546186,1.1542868858517774,1.2622618376626744,1.3230005471316246,1.3270997198491505,1.3270997198491505,1.3193144902732306,1.3193144902732306,1.1751740501483312,1.1751740501483312,1.3077908433193663,1.3077908433193663
2023-04-21,1.33746089168952,1.2574747787784033,1.155491096319747,1.2635786930621968,1.3236906576784535,1.3277919686281454,1.3277919686281454,1.3206908658859176,1.3206908658859176,1.1763412924601473,1.1763412924601473,1.309155196880637,1.309155196880637
2023-04-24,1.3162304383923749,1.2375140010621526,1.1371491770097217,1.2435210236402245,1.3131847233134457,1.3172534827728042,1.3172534827728042,1.2997266149516433,1.2997266149516433,1.1576684033863365,1.1576684033863365,1.2883740596983908,1.2883740596983908
2023-04-25,1.310655233099764,1.2322722178552328,1.1323325127500075,1.240825233903228,1.310403571090384,1.314463713453294,1.314463713453294,1.294221315506148,1.294221315506148,1.1551587308183904,1.1551587308183904,1.2829168466853973,1.2829168466853973
2023-04-26,1.3367479298563119,1.2568044552354407,1.1548751373370156,1.2531764898775155,1.3234474144084674,1.3275479716954506,1.3275479716954506,1.3199868436698705,1.3199868436698705,1.178098024820243,1.178098024820243,1.3084573239970845,1.3084573239970845
2023-04-27,1.3481572722261144,1.2675314681609184,1.1647321683762686,1.2638098787546528,1.329095324654732,1.3332133813748352,1.3332133813748352,1.331253127676522,1.331253127676522,1.188153266657653,1.188153266657653,1.319625201838768,1.319625201838768
2023-04-28,1.3467960044122191,1.2662516102198211,1.1635561094362008,1.2625337785946242,1.3284243144082555,1.3325402920763876,1.3325402920763876,1.3299089283963734,1.3299089283963734,1.1869535588541231,1.1869535588541231,1.3182927435635536,1.3182927435635536
2023-05-01,1.3316589283513416,1.2520197986660948,1.1504785258437833,1.2483437529534696,1.3209590190619522,1.3250518663276984,1.3250518663276984,1.3149616516467948,1.3149616516467948,1.173613003757254,1.173613003757254,1.3034760248738264,1.3034760248738264
2023-05-02,1.3225185027266957,1.2434260111679252,1.1425817114460857,1.2439970580934643,1.316425528011849,1.3205043287506548,1.3205043287506548,1.3059358351105594,1.3059358351105594,1.1655573957148544,1.1655573957148544,1.2945290449788927,1.2945290449788927
2023-05-03,1.3131511134734852,1.2346188334761483,1.1344888132199753,1.2395914468868972,1.3117634116337697,1.3158277673141026,1.3158277673141026,1.296685900775444,1.296685900775444,1.1573017608786622,1.1573017608786622,1.285359904858053,1.285359904858053
2023-05-04,1.3374608916895203,1.257474778778403,1.1449332303292,1.2510654474200897,1.3239054557905827,1.3280074322687683,1.3280074322687683,1.3206908658859178,1.3206908658859178,1.1679562002799198,1.1679562002799198,1.3091551968806372,1.3091551968806372
2023-05-05,1.3378176809806197,1.2578102304822125,1.1451814130960454,1.2513366360588858,1.3240820423704183,1.3281845659828373,1.3281845659828373,1.3210431815018202,1.3210431815018202,1.1682093736472927,1.1682093736472927,1.3095044351705465,1.3095044351705465
2023-05-08,1.3319507534154245,1.2522941712927484,1.1401592815342039,1.245848966469969,1.3211786970404071,1.3222934746976232,1.3222934746976232,1.315249817602873,1.315249817602873,1.1630862542016394,1.1630862542016394,1.3037616738237119,1.3037616738237119
2023-05-09,1.3381740591057254,1.2581452956095842,1.1454864752960052,1.2516699767005701,1.3242651846159097,1.3284716584512133,1.3284716584512133,1.3213950911072172,1.3213950911072172,1.1685205702118395,1.1685205702118395,1.3098532709962785,1.3098532709962785
2023-05-10,1.3358403837165491,1.255951184393339,1.1434888326292365,1.249487157955788,1.3231104749392977,1.3261549033224989,1.3261549033224989,1.3190906769822295,1.3190906769822295,1.16648275780777,1.16648275780777,1.3075689849415937,1.3075689849415937
2023-05-11,1.334090050081043,1.2543055284980733,1.1419905346364718,1.2478499717871694,1.3222436480354227,1.3252197741367358,1.3252197741367358,1.3173622902615192,1.3173622902615192,1.1649543311850112,1.1649543311850112,1.305855694938547,1.305855694938547
2023-05-12,1.3386925394238773,1.258632768497517,1.1459302981216748,1.2499400637465286,1.3245244582020017,1.3275057179855063,1.3275057179855063,1.3219070703542963,1.3219070703542963,1.168973317679845,1.168973317679845,1.3103607783239368,1.3103607783239368
2023-05-15,1.3297463897312907,1.250221638366158,1.1382723306030997,1.241524527798454,1.320098724239345,1.3185679517557434,1.3185679517557434,1.313073093781776,1.313073093781776,1.161161359385744,1.161161359385744,1.3016039627528087,1.3016039627528087
2023-05-16,1.3458883554809578,1.26539824273361,1.1520899676474854,1.24899796607312,1.3281111499760887,1.3345742209813745,1.3345742209813745,1.329012660206106,1.329012660206106,1.175256849351187,1.175256849351187,1.3174043038920185,1.3174043038920185
2023-05-17,1.358853755554207,1.2775882541875427,1.1631884419675107,1.260967538188281,1.3345082230806513,1.3474306281506638,1.3474306281506638,1.3418154909697528,1.3418154909697528,1.1865784981184202,1.1865784981184202,1.3300953074129431,1.3300953074129431
2023-05-18,1.356876355498638,1.2757291114545601,1.161495773510451,1.259132581873157,1.3335372368270935,1.345469850997059,1.345469850997059,1.339862884947536,1.339862884947536,1.1848517925192885,1.1848517925192885,1.328159756567946,1.328159756567946
2023-05-19,1.3574273179302985,1.2762471238810709,1.1619674012554133,1.259643855244736,1.3338079795943818,1.3460161817941336,1.3460161817941336,1.3404069390245275,1.3404069390245275,1.185332904023751,1.185332904023751,1.3286990585656164,1.3286990585656164
2023-05-22,1.3421931039033912,1.2619239836439393,1.1489268061169537,1.2455070511337536,1.3187721516485615,1.3309100333276378,1.3309100333276378,1.3253637422930913,1.3253637422930913,1.1720300811657536,1.1720300811657536,1.3137872577139864,1.3137872577139864
2023-05-23,1.332469336525075,1.2527817408247905,1.140603192350125,1.2364837438331455,1.3139291680724352,1.3212680082509864,1.3212680082509864,1.3157618983525787,1.3157618983525787,1.1635390914292536,1.1635390914292536,1.3042692817674149,1.3042692817674149
2023-05-24,1.3440082989744155,1.2636306219722515,1.1454848789944712,1.2417757912504288,1.3196183719122099,1.3327099690637456,1.3327099690637456,1.3271561771709999,1.3271561771709999,1.1736151461018176,1.1736151461018176,1.3155640364410128,1.3155640364410128
2023-05-25,1.3614140861974529,1.2799954656650672,1.1529022684876011,1.2498166959151238,1.3281633327635092,1.34996943551886,1.34996943551886,1.3443437183857418,1.3443437183857418,1.1888142304604261,1.1888142304604261,1.3326014518454012,1.3326014518454012
2023-05-26,1.3619327720986019,1.280483131841219,1.1532838682432653,1.250054780090161,1.3284163416026684,1.3504837611162552,1.3504837611162552,1.3448559006380738,1.3448559006380738,1.1892671574476497,1.1892671574476497,1.3331091604051484,1.3331091604051484
2023-05-30,1.3543805779164155,1.2733825924777542,1.14688867466353,1.2430604693860217,1.3247331722230544,1.3429950540282223,1.3429950540282223,1.3373984011808668,1.3373984011808668,1.1826724292117605,1.1826724292117605,1.325716799011335,1.325716799011335
2023-05-31,1.3672486344406383,1.285481081960063,1.1577853373395892,1.2548708664368227,1.3310263595359972,1.3557549359615362,1.3557549359615362,1.3501051089574034,1.3501051089574034,1.1939090756292314,1.1939090756292314,1.3383125191382685,1.3383125191382685
2023-06-01,1.387020476374862,1.3040704797635922,1.1745281214294818,1.273017608583105,1.340650374557156,1.3753605670224454,1.3753605670224454,1.369629037624419,1.369629037624419,1.2111742466687576,1.2111742466687576,1.3576659146513093,1.3576659146513093
2023-06-02,1.3843626993910914,1.3015716496703345,1.1722775174469904,1.270578281292949,1.3380144183855534,1.3727251324908862,1.3727251324908862,1.3670045857186937,1.3670045857186937,1.2088534222173803,1.2088534222173803,1.3550643862088159,1.3550643862088159
2023-06-05,1.387376957291466,1.3044056415350735,1.1748299892594356,1.2733447893938363,1.3409277593280737,1.3757140512023436,1.3757140512023436,1.3699810487324426,1.3699810487324426,1.2114855329929137,1.2114855329929137,1.3580148510930856,1.3580148510930856
2023-06-06,1.3825797808505786,1.2998953575923815,1.1707677430783212,1.2689419055253222,1.3362911917231606,1.370957201954458,1.370957201954458,1.365244022665445,1.365244022665445,1.2072965417985555,1.2072965417985555,1.3533192009197128,1.3533192009197128
2023-06-07,1.3909424859979966,1.307757935758652,1.1778492768654338,1.2766172579007073,1.3443739146027023,1.3792496064930382,1.3792496064930382,1.3735018703310617,1.3735018703310617,1.214599024551737,1.214599024551737,1.3615049198231588,1.3615049198231588
2023-06-08,1.393438160788721,1.3101043580913487,1.17996261280645,1.2789078066042077,1.3467860345298421,1.381724301534488,1.381724301534488,1.375966252595105,1.375966252595105,1.216778298099656,1.216778298099656,1.3639477767637258,1.3639477767637258
2023-06-09,1.4060795620588744,1.3219897473123783,1.1906673439470281,1.2905101777935144,1.359004203348969,1.3942594335783336,1.3942594335783336,1.3884491470806404,1.3884491470806404,1.2278170245791904,1.2278170245791904,1.3763216385128862,1.3763216385128862
2023-06-12,1.4153497105545567,1.3307054996766405,1.1985173002263063,1.299018388357231,1.367963988492887,1.403451653093886,1.403451653093886,1.3976030599312719,1.3976030599312719,1.2359119051609901,1.2359119051609901,1.3853955958557789,1.3853955958557789
2023-06-13,1.4170347715885507,1.3322897865624224,1.199944208916165,1.3005649497846574,1.3695926339052023,1.4051225487574013,1.4051225487574013,1.399266992484279,1.399266992484279,1.2373833344320078,1.2373833344320078,1.3870449946706689,1.3870449946706689
2023-06-14,1.4346028665876314,1.348807231304018,1.2148208614009897,1.3166890767633324,1.386572551395522,1.4225429585574,1.4225429585574,1.4166148063459558,1.4166148063459558,1.252724149213293,1.252724149213293,1.4042412828090725,1.4042412828090725
2023-06-15,1.4297164671260945,1.344213060274346,1.2106830612186066,1.312204303349341,1.3818497479449496,1.4176976363371523,1.4176976363371523,1.4117896759993258,1.4117896759993258,1.2484572466782866,1.2484572466782866,1.3994582979092112,1.3994582979092112
2023-06-16,1.4222987242238732,1.3372389314060074,1.2044017209034559,1.3053962442822171,1.3746803500989844,1.4103422502719876,1.4103422502719876,1.404464941977325,1.404464941977325,1.2419799240110239,1.2419799240110239,1.3921975423013964,1.3921975423013964
2023-06-20,1.415011320941679,1.330387347268418,1.1982307521016793,1.298707811878302,1.3676369281197192,1.4031161081341905,1.4031161081341905,1.397268913285478,1.397268913285478,1.235616416528026,1.235616416528026,1.3850643678378067,1.3850643678378067
2023-06-21,1.420119236082363,1.3351897863538977,1.20255613163053,1.303395894014071,1.3725738309336502,1.4081810838745306,1.4081810838745306,1.4023127817917937,1.4023127817917937,1.2400767510205166,1.2400767510205166,1.3900641803132237,1.3900641803132237
2023-06-22,1.4093829724443723,1.325095599056926,1.1934646699133544,1.2935420721748478,1.3621970159894607,1.3975350740308674,1.3975350740308674,1.3917111369821833,1.3917111369821833,1.2307016291349577,1.2307016291349577,1.3795551363298884,1.3795551363298884
2023-06-23,1.4036244899100356,1.3196814994029038,1.1885883902992163,1.288256894493774,1.3566313266926076,1.391824999854952,1.391824999854952,1.3860248583539874,1.3860248583539874,1.2256732060768432,1.2256732060768432,1.373918524909834,1.373918524909834
2023-06-26,1.4190128911846092,1.334149605804171,1.2016192794235547,1.3023804825187142,1.371504526317488,1.4070840394027189,1.4070840394027189,1.4012203090248803,1.4012203090248803,1.239110668348403,1.239110668348403,1.3889812498279763,1.3889812498279763
2023-06-27,1.4197286283882753,1.3348225387380879,1.202225365265529,1.3030373913956232,1.3721963007337603,1.407793759801978,1.407793759801978,1.4019270718118375,1.4019270718118375,1.239735664506159,1.239735664506159,1.389681839344726,1.389681839344726
2023-06-28,1.4253242891890765,1.340083554122783,1.20696376753173,1.3081731300904809,1.3776046195472909,1.4133423809960717,1.4133423809960717,1.4074525702799674,1.4074525702799674,1.244621908343552,1.244621908343552,1.3951590749505436,1.3951590749505436
2023-06-29,1.4421439592879854,1.3558973331036648,1.2212066542524564,1.3236103471836502,1.3938611693046103,1.4300206574875816,1.4300206574875816,1.4240613435195217,1.4240613435195217,1.2593091834114056,1.2593091834114056,1.4116227776700965,1.4116227776700965
2023-06-30,1.4438035280303654,1.3574576522503097,1.2226119760848098,1.3251335115980831,1.3954651759038803,1.4316662751589933,1.4316662751589933,1.4257001034212056,1.4257001034212056,1.2607583522993808,1.2607583522993808,1.4132472237059899,1.4132472237059899
2023-07-03,1.4416563164193665,1.355438853448559,1.2207937185588866,1.3231627849673562,1.3933898526550634,1.4295371139612156,1.4295371139612156,1.423579815060334,1.423579815060334,1.2588833638261125,1.2588833638261125,1.4111454551557405,1.4111454551557405
2023-07-05,1.4303671373112452,1.3448248174869977,1.211234048347674,1.31280149323744,1.3824786337779242,1.4183428367001152,1.4183428367001152,1.4124321876238324,1.4124321876238324,1.2490254250035193,1.2490254250035193,1.4000951974698925,1.4000951974698925
2023-07-06,1.4267557635964088,1.3414294199906167,1.2081759392156786,1.3094869478442988,1.3789881683798353,1.4147618217945896,1.4147618217945896,1.4088660958538817,1.4088660958538817,1.245871900659064,1.245871900659064,1.3965602539840432,1.3965602539840432
2023-07-07,1.4303671373112452,1.344824817486998,1.211234048347674,1.31280149323744,1.3824786337779245,1.4183428367001152,1.4183428367001152,1.4124321876238326,1.4124321876238326,1.2490254250035195,1.2490254250035195,1.4000951974698927,1.4000951974698927
2023-07-10,1.4394764171118626,1.353389321820012,1.2189477811108398,1.3211620573280327,1.391282936089519,1.4273755398542085,1.4273755398542085,1.4214272488642978,1.4214272488642978,1.2569798317971694,1.2569798317971694,1.409011690703391,1.409011690703391
2023-07-11,1.4510584491990512,1.3642786968493215,1.228755439052023,1.3317921316789905,1.4024772032665231,1.438860208242336,1.438860208242336,1.4328640572831406,1.4328640572831406,1.2670934957459221,1.2670934957459221,1.420348603499568,1.420348603499568
2023-07-12,1.462575311476226,1.3751067995132562,1.238507911236519,1.342362392698344,1.413608482510177,1.4502802546667795,1.4502802546667795,1.4442365130369061,1.4442365130369061,1.2771502521025422,1.2771502521025422,1.4316217257236323,1.4316217257236323
2023-07-13,1.461664270425516,1.3742502427714345,1.237736442212044,1.3415262325122108,1.4127279429939597,1.449376872231244,1.449376872231244,1.4433368952599708,1.4433368952599708,1.2763547126876074,1.2763547126876074,1.4307299657226338,1.4307299657226338
2023-07-14,1.4667396006611935,1.379022045674227,1.2420342288625514,1.3461844079821779,1.4176333518412159,1.4544095369897423,1.4544095369897423,1.448348587433748,1.448348587433748,1.2807865933840321,1.2807865933840321,1.4356978829119948,1.4356978829119948
2023-07-17,1.4776382748667256,1.389268930664088,1.251263219752543,1.35618729143644,1.4281671398685174,1.4652165921056772,1.4652165921056772,1.4591106063929193,1.4591106063929193,1.2903035354518766,1.2903035354518766,1.4463659002453895,1.4463659002453895
2023-07-18,1.4809243134889865,1.392358449554143,1.2540458353200046,1.3592032418855315,1.431343162350119,1.4684750068297212,1.4684750068297212,1.4623554423506167,1.4623554423506167,1.2931729706337156,1.2931729706337156,1.449582393950898,1.449582393950898
2023-07-19,1.471098885318709,1.3831206257107742,1.2457256685397433,1.3501853915468527,1.4218466882220417,1.4587321755668186,1.4587321755668186,1.452653212312689,1.452653212312689,1.2845932086438736,1.2845932086438736,1.4399649087364728,1.4399649087364728
2023-07-20,1.471098885318709,1.3831206257107742,1.2457256685397433,1.3501853915468527,1.4218466882220417,1.4587321755668186,1.4587321755668186,1.452653212312689,1.452653212312689,1.2845932086438736,1.2845932086438736,1.4399649087364728,1.4399649087364728
2023-07-21,1.4776708597717325,1.3892995668467751,1.2512908126308864,1.356217198102242,1.4281986338351926,1.465248903087519,1.465248903087519,1.4591427827254577,1.4591427827254577,1.2903319892479428,1.2903319892479428,1.4463977955314458,1.4463977955314458
2023-07-24,1.4817050149196695,1.3930924615652156,1.2547069328311053,1.3599197754084562,1.4320977259996364,1.469249145337889,1.469249145337889,1.4631263547973983,1.4631263547973983,1.293854694864386,1.293854694864386,1.4503465728076717,1.4503465728076717
2023-07-25,1.4819326980887233,1.393306528267589,1.2548997348043889,1.3601287446978938,1.4323177863661511,1.4694749145012322,1.4694749145012322,1.4633511831146624,1.4633511831146624,1.2940535123984132,1.2940535123984132,1.450569437345888,1.450569437345888
2023-07-26,1.4721074755014427,1.3840688977124391,1.2465797421116882,1.3511110830448034,1.422821510938179,1.4597322870931047,1.4597322870931047,1.4536491560819873,1.4536491560819873,1.285473929927789,1.285473929927789,1.4409521533635512,1.4409521533635512
2023-07-27,1.486519768706791,1.3976192716506193,1.258784063498645,1.3643387918948005,1.4367512824635444,1.4740234241690395,1.4740234241690395,1.467880737813494,1.467880737813494,1.2980590349518906,1.2980590349518906,1.4550594283246265,1.4550594283246265
2023-07-28,1.4893502354079478,1.4002804638477089,1.261180901031979,1.3669366150794287,1.4394869855120112,1.4768300967116221,1.4768300967116221,1.4706757141314106,1.4706757141314106,1.3005306555464577,1.3005306555464577,1.4578299917216138,1.4578299917216138
2023-07-31,1.4850883970909572,1.396273502426895,1.2575719788584765,1.363025068483777,1.4353678329810526,1.4726040852979088,1.4726040852979088,1.466467313742206,1.466467313742206,1.2968091323959876,1.2968091323959876,1.4536583499071714,1.4536583499071714
2023-08-01,1.4644295673166596,1.3768501626031493,1.2400780939886908,1.3440642423652345,1.4154006581090763,1.4521189228101423,1.4521189228101423,1.4460675189128103,1.4460675189128103,1.2787694256900424,1.2787694256900424,1.4334367385475082,1.4334367385475082
2023-08-02,1.4602328988096824,1.37290447354771,1.2365243575718754,1.340212509101187,1.4113444935114678,1.447957533360113,1.447957533360113,1.4419234711886826,1.4419234711886826,1.2751048101317046,1.2751048101317046,1.4293288873051784,1.4293288873051784
2023-08-03,1.4536283394516523,1.366694896229022,1.2309316206023888,1.3341507958799956,1.4049610539316422,1.4446106162321737,1.4446106162321737,1.4354017244433754,1.4354017244433754,1.2693375757315692,1.2693375757315692,1.422864105224149,1.422864105224149
2023-08-04,1.4663167164365944,1.378624451808058,1.2416761307505473,1.3457962817263103,1.4172246257248085,1.45714804911926,1.45714804911926,1.4479310056291317,1.4479310056291317,1.2804173223524355,1.2804173223524355,1.4352839485055733,1.4352839485055733
2023-08-07,1.4599401486221133,1.3726292311240713,1.236276456885685,1.3399438208229395,1.4110615445616554,1.450811353065267,1.450811353065267,1.4416343917089676,1.4416343917089676,1.2748491747651542,1.2748491747651542,1.4290423328108934,1.4290423328108934
2023-08-08,1.4501798902618495,1.3634526796460773,1.2280114758621108,1.330985783815865,1.4016280583669283,1.4411121241953129,1.4411121241953129,1.4319965143361169,1.4319965143361169,1.2663263203674444,1.2663263203674444,1.4194886381685807,1.4194886381685807
2023-08-09,1.450700323618472,1.3639419887720892,1.2284521785215845,1.3314634413835498,1.4021310676832555,1.4416293033570848,1.4416293033570848,1.4325104221330958,1.4325104221330958,1.2667807732680216,1.2667807732680216,1.4199980572010815,1.4199980572010815
2023-08-10,1.4498544523777754,1.363146704395642,1.2277358952537967,1.330687094529021,1.4013135161003882,1.4411369308271111,1.4411369308271111,1.4316751570212372,1.4316751570212372,1.266042141445219,1.266042141445219,1.4191700877721953,1.4191700877721953
2023-08-11,1.4578579012381314,1.3706715113994767,1.2345132110288886,1.3380327188382284,1.4090490105460836,1.445114594139359,1.445114594139359,1.4395782530079204,1.4395782530079204,1.2730309143648004,1.2730309143648004,1.427004153600668,1.427004153600668
2023-08-14,1.4408755121971852,1.354704744793377,1.220132534004005,1.322446157101637,1.3926351896554938,1.4366976221472394,1.4366976221472394,1.4228088011109261,1.4228088011109261,1.2582015498358339,1.2582015498358339,1.4103811756829223,1.4103811756829223
2023-08-15,1.43030207029273,1.3447636417657325,1.2111789496347667,1.31274177424863,1.382415745194627,1.4314262303047622,1.4314262303047622,1.4123679364613817,1.4123679364613817,1.2489686071709967,1.2489686071709967,1.4000315075138239,1.4000315075138239
2023-08-16,1.4194032932956993,1.334516660131762,1.2019498717009947,1.3027387964515735,1.371881857817273,1.4259725588056364,1.4259725588056364,1.401605815999584,1.401605815999584,1.239451575343543,1.239451575343543,1.3893633895643847,1.3893633895643847
2023-08-17,1.4200865483858571,1.335159053527101,1.2025284517084058,1.3033658930054748,1.3725422376169227,1.426315767467273,1.426315767467273,1.4022805039566288,1.4022805039566288,1.240048207464842,1.240048207464842,1.3900321844111225,1.3900321844111225
2023-08-18,1.4293260650150033,1.343846005946755,1.2103524689411655,1.3118459894164816,1.381472416445165,1.4309557903823928,1.4309557903823928,1.4114041690246217,1.4114041690246217,1.2481163396831476,1.2481163396831476,1.3990761581728015,1.3990761581728015
2023-08-21,1.4254546288091032,1.340206098853532,1.2070741390451036,1.3082927567536893,1.3777305954139913,1.4290178651631145,1.4290178651631145,1.407581275610121,1.407581275610121,1.2447357235278171,1.2447357235278171,1.395286656094768,1.395286656094768
2023-08-22,1.4413309813267907,1.3551329748422332,1.2205182249943525,1.3228641900233065,1.3930754097385765,1.436975884633842,1.436975884633842,1.4232585592480804,1.4232585592480804,1.2585992746634969,1.2585992746634969,1.4108270053753993,1.4108270053753993
2023-08-23,1.421355406642651,1.3363520284138264,1.2036029201319778,1.3045304604586652,1.37376861466625,1.4169888189500188,1.4169888189500188,1.4035334523757297,1.4035334523757297,1.2411562000788505,1.2411562000788505,1.391274188862474,1.391274188862474
2023-08-24,1.43137562470248,1.345772992844553,1.2120880348758383,1.3137270903925966,1.3834533571440093,1.4219126868358787,1.4219126868358787,1.4134280298905042,1.4134280298905042,1.2499060565278264,1.2499060565278264,1.4010823414809266,1.4010823414809266
2023-08-25,1.4404525251810874,1.3543070542830986,1.2197743488482211,1.3220579365029757,1.392226364189034,1.4264211330204228,1.4264211330204228,1.4223911178036834,1.4223911178036834,1.257832189044628,1.257832189044628,1.409967140660457,1.409967140660457
2023-08-28,1.461273868314425,1.3738831884438432,1.2374058499346035,1.3411679185793515,1.412350611494175,1.436730394639277,1.436730394639277,1.4429513882852665,1.4429513882852665,1.276013805692468,1.276013805692468,1.4303478259862241,1.4303478259862241
2023-08-29,1.4672926189228221,1.3795419909829258,1.2425025244003685,1.346691972215665,1.418167855124218,1.4425762181313622,1.4425762181313622,1.448894671563265,1.448894671563265,1.2812695000806755,1.2812695000806755,1.436239197230551,1.436239197230551
2023-08-30,1.4651453045203249,1.3775230955370659,1.2406841798306651,1.3447211512421435,1.4160924325253486,1.4404650750301533,1.4404650750301533,1.4467742816997669,1.4467742816997669,1.2793944218477982,1.2793944218477982,1.4341373280642573,1.4341373280642573
2023-08-31,1.467878016506461,1.3800923791860935,1.2429982387289686,1.3472292544293654,1.41873365367379,1.443151754749906,1.443151754749906,1.449472729020068,1.449472729020068,1.2817806810541668,1.2817806810541668,1.4368122056030757,1.4368122056030757
2023-09-01,1.4615341363884853,1.3741278913289037,1.2376262447862303,1.3414067945345909,1.4126021658273646,1.4369147366726347,1.4369147366726347,1.4432083929350688,1.4432083929350688,1.2762410770225607,1.2762410770225607,1.4306025858104965,1.4306025858104965
2023-09-05,1.4517090165927033,1.3648903574178632,1.2293063391373098,1.332389227224295,1.4031059897494451,1.4272551200597658,1.4272551200597658,1.43350646740502,1.43350646740502,1.2676615843115457,1.2676615843115457,1.4209854024442041,1.4209854024442041
2023-09-06,1.4472520800116657,1.3606999654773633,1.2255322078688673,1.3282986180050078,1.3987982708186466,1.422873260139933,1.422873260139933,1.4291054150310896,1.4291054150310896,1.2637696974231147,1.2637696974231147,1.4166227913776017,1.4166227913776017
2023-09-07,1.4494315681531758,1.3627491105294727,1.227377797141793,1.3302989682731536,1.4009047899839806,1.4250160350166647,1.4250160350166647,1.4312575752166206,1.4312575752166206,1.2656728704136218,1.2656728704136218,1.4187561533657742,1.4187561533657742
2023-09-08,1.458963937761389,1.3717114020168746,1.235449802104523,1.339047847305202,1.4101180171120877,1.4343878327902688,1.4343878327902688,1.4406704212669543,1.4406704212669543,1.2739967277580864,1.2739967277580864,1.4280867822377818,1.4280867822377818
2023-09-11,1.45096069448403,1.3641867883012588,1.2286726604169917,1.3317024116815837,1.4023827213664977,1.4265194033638922,1.4265194033638922,1.432767528285524,1.432767528285524,1.267008134357723,1.267008134357723,1.420252917641398,1.420252917641398
2023-09-12,1.4526525397569217,1.3657774536982628,1.2301053139963478,1.3332551997334356,1.404017923882285,1.428182749668478,1.428182749668478,1.4344381600118674,1.4344381600118674,1.2684854877629375,1.2684854877629375,1.4219089571152146,1.4219089571152146
2023-09-13,1.4651776838423347,1.377553538431534,1.240711598621448,1.3447508692223569,1.4161237277919183,1.4404969089256479,1.4404969089256479,1.4468062550270524,1.4468062550270524,1.2794226961246458,1.2794226961246458,1.4341690221182246,1.4341690221182246
2023-09-14,1.4475249914400348,1.3609565555878829,1.2257633091054667,1.3285490981239496,1.3990620452083067,1.4231415744019582,1.4231415744019582,1.4293749045039275,1.4293749045039275,1.2640080091851196,1.2640080091851196,1.4168899269753281,1.4168899269753281
2023-09-15,1.448373843634186,1.3617546426435032,1.226482116642882,1.3293281809195139,1.3998824779426993,1.4239761277638434,1.4239761277638434,1.4302131131919487,1.4302131131919487,1.2647492440365844,1.2647492440365844,1.4177208142695001,1.4177208142695001
2023-09-18,1.4453700704666526,1.3589305084779255,1.2239385232960238,1.326571295783648,1.3969792707055446,1.421022952861808,1.421022952861808,1.427247003446083,1.427247003446083,1.2621262887411733,1.2621262887411733,1.4147806122217532,1.4147806122217532
2023-09-19,1.4320825218372797,1.346437614385059,1.2126866349527097,1.3143758857891927,1.3841365874557574,1.407959231690724,1.407959231690724,1.4141260634515986,1.4141260634515986,1.250523333359204,1.250523333359204,1.4017742780178624,1.4017742780178624
2023-09-20,1.4084123123245638,1.3241829887316379,1.1926427154963262,1.292651193168004,1.361258853442734,1.396253090155953,1.396253090155953,1.3907526476819907,1.3907526476819907,1.2298540291467785,1.2298540291467785,1.378605019023171,1.378605019023171
2023-09-21,1.4052456146319965,1.3212056736526236,1.1899611577577502,1.2911333513759073,1.358198176372204,1.3946834108084545,1.3946834108084545,1.3876256562734326,1.3876256562734326,1.2270888048710367,1.2270888048710367,1.3755053405451427,1.3755053405451427
2023-09-22,1.411154789503052,1.3267614535710608,1.1949650435537547,1.2964981180064796,1.3639095128461727,1.3976157907705105,1.3976157907705105,1.3934607377517907,1.3934607377517907,1.232248815516006,1.232248815516006,1.3812894550862016,1.3812894550862016
2023-09-25,1.3904232861393546,1.3072697863619525,1.1774096187313228,1.2774510543573216,1.3438720974870064,1.3873494908992825,1.3873494908992825,1.3729891805655978,1.3729891805655978,1.2141456487664684,1.2141456487664684,1.3609967081831889,1.3609967081831889
2023-09-26,1.390978360230953,1.3077916645528402,1.1778796551447455,1.277642168897609,1.344408587771061,1.387626414396633,1.387626414396633,1.3735372947476414,1.3735372947476414,1.2146303506552927,1.2146303506552927,1.361540034822633,1.361540034822633
2023-09-27,1.399042353283892,1.3153733949371251,1.1847082397064124,1.2813456404499708,1.3522025993977391,1.391648694715901,1.391648694715901,1.3815001757812175,1.3815001757812175,1.2216719919845993,1.2216719919845993,1.3654186221601865,1.3654186221601865
2023-09-28,1.395647047298785,1.3121811433587527,1.1818330966005306,1.278171902819657,1.3489209678102208,1.3899600134793237,1.3899600134793237,1.3781474425317586,1.3781474425317586,1.218707142338349,1.218707142338349,1.3620366459583872,1.3620366459583872
2023-09-29,1.395091973207187,1.311659265167865,1.181363060187108,1.277663550719291,1.3483844775261664,1.3896836073516667,1.3896836073516667,1.377599328349715,1.377599328349715,1.218222440449525,1.218222440449525,1.3614949393317426,1.3614949393317426
2023-10-02,1.3764171221443589,1.294101253300105,1.1655492073201867,1.2690481967511824,1.330334858019474,1.3803823803035014,1.3803823803035014,1.3591586357106196,1.3591586357106196,1.20191518395769,1.20191518395769,1.3523143058061733,1.3523143058061733
2023-10-03,1.3864402183661444,1.3035249237658955,1.1697347058446745,1.2736688135618421,1.335112103416189,1.3854083659578662,1.3854083659578662,1.3690560552989306,1.3690560552989306,1.2062312730575064,1.2062312730575064,1.3572380953286676,1.3572380953286676
2023-10-04,1.385917729179553,1.303033681757695,1.1692353968316611,1.2734288182942608,1.334860530493072,1.3851473157947805,1.3851473157947805,1.3685401174494256,1.3685401174494256,1.2060039849320063,1.2060039849320063,1.3569823532421912,1.3569823532421912
2023-10-05,1.4023723866674869,1.3185042775060136,1.1831174387253187,1.2809883705675047,1.3427847645081852,1.393370071075221,1.393370071075221,1.3847884548629732,1.3847884548629732,1.2131632780427481,1.2131632780427481,1.3650379107149242,1.3650379107149242
2023-10-06,1.4113507100990865,1.3269456572436222,1.1906920395399312,1.2850889675317687,1.347083179119524,1.3978304153022465,1.3978304153022465,1.3936542017575266,1.3936542017575266,1.2208695813429766,1.2208695813429766,1.3694075603084668,1.3694075603084668
2023-10-09,1.4186968073268922,1.3338524251676924,1.1968896057637228,1.2884334192099791,1.3505889711019643,1.4014682772685587,1.4014682772685587,1.4009081884489933,1.4009081884489933,1.2272242220306808,1.2272242220306808,1.3764668725648694,1.3764668725648694
2023-10-10,1.4245080218999309,1.339316103249849,1.201792261696556,1.293646631930972,1.3560536753699572,1.4043385991140909,1.4043385991140909,1.4066465379244837,1.4066465379244837,1.232251133522001,1.232251133522001,1.3821051064058447,1.3821051064058447
2023-10-11,1.4158234765708844,1.3311509323769732,1.1944655080297844,1.2857598860214696,1.3477864635106211,1.400057808120345,1.400057808120345,1.398070885535908,1.398070885535908,1.2247386866552101,1.2247386866552101,1.3736790714088083,1.3736790714088083
2023-10-12,1.408771671403124,1.3245208565381827,1.1885162225562613,1.2793558897897463,1.3443626078956727,1.3965711676422614,1.3965711676422614,1.3911075008635507,1.3911075008635507,1.218638619279135,1.218638619279135,1.3701894393868859,1.3701894393868859
2023-10-13,1.423593794312769,1.3384565505406352,1.1947091703158237,1.2860221716973803,1.3514348355014119,1.403918046458416,1.403918046458416,1.405743773566133,1.405743773566133,1.2249885244497594,1.2249885244497594,1.3773975330376698,1.3773975330376698
2023-10-16,1.4235284189197586,1.3383950848870418,1.1945945704838787,1.285898812867955,1.3514038046751145,1.4038858105444887,1.4038858105444887,1.4056792178958033,1.4056792178958033,1.2249603970068963,1.2249603970068963,1.3773659060716723,1.3773659060716723
2023-10-17,1.4045598925458758,1.3205609607986586,1.17867658927946,1.268764201980074,1.3424000719887665,1.3945324163061632,1.3945324163061632,1.3869485322533563,1.3869485322533563,1.216799093976775,1.216799093976775,1.368189200791832,1.368189200791832
2023-10-18,1.3922187452426775,1.3089578690212555,1.1734394421575878,1.2631267736565026,1.3365025815662652,1.3884058957996135,1.3884058957996135,1.374762126939256,1.374762126939256,1.2114533992374974,1.2114533992374974,1.3621784124462344,1.3621784124462344
2023-10-19,1.375111053365128,1.2928732932457685,1.1662297847377345,1.2553660737952779,1.3282910578969012,1.3798754761556185,1.3798754761556185,1.3578689433407967,1.3578689433407967,1.204010182591771,1.204010182591771,1.3538091354766453,1.3538091354766453
2023-10-20,1.3727278324737018,1.2906325995687813,1.165219181564853,1.2542782290549803,1.3271400195893668,1.3786797370717483,1.3786797370717483,1.3555156049499304,1.3555156049499304,1.202966840596366,1.202966840596366,1.3526359843312246,1.3526359843312246
2023-10-23,1.383077291703047,1.3003631150819916,1.1696116722420198,1.2590064428664784,1.3321428982370669,1.3838769033969316,1.3838769033969316,1.3657352953767574,1.3657352953767574,1.2075016274552335,1.2075016274552335,1.3577349743279359,1.3577349743279359
2023-10-24,1.3632272254385076,1.2817001711111913,1.1527668057224527,1.249971748468594,1.3225833729081242,1.3739461322103954,1.3739461322103954,1.3461341232111244,1.3461341232111244,1.1988365342376262,1.1988365342376262,1.3479917989566932,1.3479917989566932
2023-10-25,1.3469031131535976,1.2663523133818408,1.1458072018023355,1.2424877873232307,1.3146646638761204,1.3657198987120123,1.3657198987120123,1.3300146941329831,1.3300146941329831,1.1916587351770727,1.1916587351770727,1.3399209619477608,1.3399209619477608
2023-10-26,1.3407979148950089,1.2606122331467327,1.1432103631489807,1.2396718333762082,1.3116851294396261,1.3626246535284836,1.3626246535284836,1.326933869904916,1.326933869904916,1.1889579793603453,1.1889579793603453,1.3368841870514667,1.3368841870514667
2023-10-27,1.356828043494369,1.2756836887231318,1.1500442823152535,1.247082382978525,1.3195261624070855,1.3707701943986117,1.3707701943986117,1.3348660572767497,1.3348660572767497,1.1960653700777129,1.1960653700777129,1.3448758557447178,1.3448758557447178
2023-10-30,1.365349355923886,1.2836953887502427,1.1536556045768975,1.250998420335528,1.3236696847726148,1.3750746311883533,1.3750746311883533,1.3431826981323665,1.3431826981323665,1.1998212058866153,1.1998212058866153,1.3490989801858226,1.3490989801858226
2023-10-31,1.3799104912189815,1.2973857033588683,1.1659013921643844,1.2576692248345458,1.3307280003906525,1.3824070577423022,1.3824070577423022,1.3575074311457,1.3575074311457,1.2062191138041158,1.2062191138041158,1.356292894582797,1.356292894582797
2023-11-01,1.4063556600236942,1.3222493333902898,1.1882452031011357,1.269720468434361,1.343479308112214,1.3956535647554227,1.3956535647554227,1.3835232585480897,1.3835232585480897,1.2177773519228223,1.2177773519228223,1.382217631465225,1.382217631465225
2023-11-02,1.4191863004424832,1.3343126444167683,1.1990859508321077,1.2755125049817102,1.349607807610051,1.408316783797586,1.408316783797586,1.3961455915368606,1.3961455915368606,1.228826642191849,1.228826642191849,1.3948280527931711,1.3948280527931711
2023-11-03,1.4224509584330676,1.3373820613320633,1.2018442958989681,1.2783828840126754,1.3511601083586897,1.4115564378444618,1.4115564378444618,1.3993572473004547,1.3993572473004547,1.2301785807363714,1.2301785807363714,1.39803667772608,1.39803667772608
2023-11-06,1.4264994015992885,1.3411883895817136,1.2052648695909802,1.2820212944759057,1.3530828793599412,1.4155738740735613,1.4155738740735613,1.4033399633662345,1.4033399633662345,1.2336182878168478,1.2336182878168478,1.402015635313694,1.402015635313694
2023-11-07,1.4275441743894741,1.3421706803098954,1.2061476094921,1.2829602510316571,1.3535783805054855,1.4166106449719378,1.4166106449719378,1.4043677741087146,1.4043677741087146,1.2345217938534725,1.2345217938534725,1.4030424761140117,1.4030424761140117
2023-11-08,1.416411238358988,1.331703543394658,1.1967412706756202,1.2729548763044614,1.3483003296427647,1.405562975853521,1.405562975853521,1.393415583015143,1.393415583015143,1.2248941743333341,1.2248941743333341,1.3921006205729651,1.3921006205729651
2023-11-09,1.4385140831034282,1.352484539667587,1.2154162047545485,1.2928191101058206,1.3588203227238342,1.4274965353964524,1.4274965353964524,1.415159584659432,1.415159584659432,1.2440084294525082,1.2440084294525082,1.41382410246288,1.41382410246288
2023-11-10,1.4371428445141838,1.3511953072478755,1.2142576303467423,1.29158675272155,1.357457109812724,1.426135799093388,1.426135799093388,1.4138106083405924,1.4138106083405924,1.2428226000026288,1.2428226000026288,1.4124763991692715,1.4124763991692715
2023-11-13,1.4650245245096527,1.3774095387084926,1.2378151652227056,1.316644532234026,1.3837928250743246,1.4538039339153275,1.4538039339153275,1.441239624952561,1.441239624952561,1.2669343173289074,1.2669343173289074,1.439879531093922,1.439879531093922
2023-11-14,1.4681260523922066,1.3803255814221325,1.240435679885879,1.31943193248557,1.3867223815144,1.45688170726408,1.45688170726408,1.4442907990506382,1.4442907990506382,1.2696164786475892,1.2696164786475892,1.4429278258074192,1.4429278258074192
2023-11-15,1.4699216142870282,1.382013760725545,1.2419527696726524,1.3210456370424242,1.388418384294874,1.4586635169898619,1.4586635169898619,1.446057209720615,1.446057209720615,1.27116925742049,1.27116925742049,1.4446925695205193,1.4446925695205193
2023-11-16,1.4717498638783548,1.383732672855754,1.2434974776499566,1.3226887186343756,1.389212402391388,1.4604777640578004,1.4604777640578004,1.4478557773972929,1.4478557773972929,1.272750304091821,1.272750304091821,1.4464894398938417,1.4464894398938417
2023-11-17,1.4830789260878723,1.3943842067317718,1.2530695256096218,1.3328703555721553,1.3998366568618554,1.471720057229159,1.471720057229159,1.4590009105310704,1.4590009105310704,1.2825475310025418,1.2825475310025418,1.457624055396223,1.457624055396223
2023-11-20,1.4798468530022946,1.391345425999164,1.2503387118836364,1.3299656319414495,1.3967859936076867,1.4685127385202197,1.4685127385202197,1.4558213106515145,1.4558213106515145,1.2797524758756633,1.2797524758756633,1.454447456096303,1.454447456096303
2023-11-21,1.4855602100688143,1.3967170988891493,1.255165989449954,1.3351003312017582,1.40217867130998,1.4741823371106935,1.4741823371106935,1.4614419104831298,1.4614419104831298,1.2846933133931446,1.2846933133931446,1.4600627517833606,1.4600627517833606
2023-11-22,1.4864742320729791,1.3975764583101442,1.2559382565889503,1.3359217796171203,1.4030413910776887,1.475089358640442,1.475089358640442,1.462341093198806,1.462341093198806,1.2854837478360477,1.2854837478360477,1.4609610859427884,1.4609610859427884
2023-11-24,1.4837971302875013,1.3950594591243148,1.2536763441544,1.3335158189187741,1.4005145496887763,1.4724327607186276,1.4724327607186276,1.4597074545745286,1.4597074545745286,1.284261912097207,1.284261912097207,1.4583299326760164,1.4583299326760164
2023-11-27,1.485266123591766,1.3964406000920884,1.2549175125848318,1.334836030266496,1.4011377947777743,1.4738905030355012,1.4738905030355012,1.4611525985454836,1.4611525985454836,1.2848976365204734,1.2848976365204734,1.4597737128685921,1.4597737128685921
2023-11-28,1.4842214535930784,1.3954584060080157,1.2540348595333675,1.333897166091358,1.400645045837035,1.472853834141345,1.472853834141345,1.460124888925666,1.460124888925666,1.284445766653203,1.284445766653203,1.4587469730955078,1.4587469730955078
2023-11-29,1.4900656642371173,1.400953106849297,1.2589726967114643,1.3391494658726695,1.4034026076097694,1.4786532841046673,1.4786532841046673,1.4658742179067474,1.4658742179067474,1.2869745576240494,1.2869745576240494,1.4644908764506885,1.4644908764506885
2023-11-30,1.4988806519776892,1.4092409190970314,1.2664205757906108,1.3470716577651354,1.4075537591590204,1.4874007580481141,1.4874007580481141,1.4745460929591023,1.4745460929591023,1.290781324406268,1.290781324406268,1.4731545678784765,1.4731545678784765
2023-12-01,1.491012271146289,1.4018431024529796,1.2597724951913358,1.3400001989425157,1.4038592792138964,1.4795926409723523,1.4795926409723523,1.4668054565064623,1.4668054565064623,1.2873933431760458,1.2873933431760458,1.4654212362431056,1.4654212362431056
2023-12-04,1.4907185958352343,1.4015669902323562,1.2595243657248365,1.3397362675297075,1.4037210245467557,1.4793012149140423,1.4793012149140423,1.4665165490594665,1.4665165490594665,1.287266558290427,1.287266558290427,1.4651326014372705,1.4651326014372705
2023-12-05,1.4847112550831643,1.3959189151894194,1.2544486981430523,1.33433735971475,1.4008926468305134,1.4733398842525967,1.4733398842525967,1.4606067384128676,1.4606067384128676,1.2846728263560434,1.2846728263560434,1.4592283678626776,1.4592283678626776
2023-12-06,1.496040111709685,1.4065702557772184,1.2640205724034062,1.3445188118913027,1.4062372927644466,1.4845819734155143,1.4845819734155143,1.4717516693013202,1.4717516693013202,1.289574073723822,1.289574073723822,1.4703627813105922,1.4703627813105922
2023-12-07,1.5024719813503291,1.412617470992075,1.2694549290634691,1.3502992516400711,1.4092601846241228,1.4909645815081185,1.4909645815081185,1.4780791165443814,1.4780791165443814,1.2923461826630223,1.2923461826630223,1.4766842573591432,1.4766842573591432
2023-12-08,1.5083159864113713,1.4181119785451375,1.2743925925422546,1.3555513666601557,1.4146711706891477,1.4967638274629997,1.4967638274629997,1.483828243280138,1.483828243280138,1.2948595332365598,1.2948595332365598,1.4824279586598572,1.4824279586598572
2023-12-11,1.5152050726370947,1.4245890667587102,1.2802132564711273,1.361742715377832,1.4211325433482747,1.5036001503289194,1.5036001503289194,1.4906054841263623,1.4906054841263623,1.2978166055791696,1.2978166055791696,1.489198803842589,1.489198803842589
2023-12-12,1.5360997061088228,1.4442341081694736,1.2978673596962809,1.380521107447953,1.440729919402677,1.5243347522626887,1.5243347522626887,1.511160889994666,1.511160889994666,1.3067650320254667,1.3067650320254667,1.5097348116310736,1.5097348116310736
2023-12-13,1.5410295863742016,1.4488691596574317,1.3020326691864141,1.3849516816720617,1.4429697855680896,1.5292268746836004,1.5292268746836004,1.5160107328920835,1.5160107328920835,1.3088619646390365,1.3088619646390365,1.5145800777451264,1.5145800777451264
2023-12-14,1.5384922810266075,1.4464835964604184,1.299888872283694,1.3837422725559942,1.4417818606295578,1.5267090025018284,1.5267090025018284,1.5135146210889172,1.5135146210889172,1.3077844439698991,1.3077844439698991,1.5120863215157836,1.5120863215157836
2023-12-15,1.5471465028636129,1.454620257321014,1.3072009185012359,1.3914568180873885,1.4458369671180131,1.5352969418442264,1.5352969418442264,1.5220283402969943,1.5220283402969943,1.3114626738943118,1.3114626738943118,1.5205920063505278,1.5205920063505278
2023-12-18,1.5565543919672105,1.463465512791904,1.3151497463947923,1.3999179892904914,1.4502328901360828,1.5446327761322067,1.5446327761322067,1.5312834908671205,1.5312834908671205,1.3154500452830808,1.3154500452830808,1.5298384228605897,1.5298384228605897
2023-12-19,1.5349846239337013,1.443185712870446,1.2969252146306227,1.380518791645512,1.4401846749255411,1.5232282104774082,1.5232282104774082,1.51006391135098,1.51006391135098,1.3063356987228667,1.3063356987228667,1.5086388682031078,1.5086388682031078
2023-12-20,1.5495392833643946,1.4568699389001778,1.3092226047879607,1.3869947761694807,1.4470125600828292,1.5376713960918074,1.5376713960918074,1.5243822736365706,1.5243822736365706,1.3125290087080648,1.3125290087080648,1.5229437182897045,1.5229437182897045
2023-12-21,1.55265324901826,1.4597976755510578,1.3118536282594808,1.3897127414354942,1.448466523677423,1.540761511951255,1.540761511951255,1.5274456835768202,1.5274456835768202,1.3138478427307638,1.3138478427307638,1.5260042372984435,1.5260042372984435
2023-12-22,1.5592094963720216,1.465961830138317,1.3173930730030106,1.3955809547595484,1.4515246774599486,1.5472675451508089,1.5472675451508089,1.5338954892416052,1.5338954892416052,1.3166217754963685,1.3166217754963685,1.5324479562994135,1.5324479562994135
2023-12-26,1.562028861591346,1.4686125847715887,1.3197751853611293,1.398104446576239,1.452837002134774,1.5500653169139607,1.5500653169139607,1.5366690816308954,1.5366690816308954,1.3178121343447071,1.3178121343447071,1.5352189312572166,1.5352189312572166
2023-12-27,1.5626188847924152,1.4691673219596806,1.3202737023851778,1.3982985934726901,1.453111391283307,1.5506508211403167,1.5506508211403167,1.5372495257141143,1.5372495257141143,1.3180610221063334,1.3180610221063334,1.5357988275769554,1.5357988275769554
2023-12-28,1.558094928154392,1.4649139180598365,1.3164513621856313,1.394180447547319,1.4510079311919308,1.5461615133866315,1.5461615133866315,1.532799016211232,1.532799016211232,1.3141791848128428,1.3141791848128428,1.5313525180076148,1.5313525180076148
2023-12-29,1.5493753309243763,1.4567157915456475,1.3090840795870278,1.3863781681425746,1.44694777910847,1.5375086993599196,1.5375086993599196,1.5242209829897528,1.5242209829897528,1.310436192469716,1.310436192469716,1.5227825798524257,1.5227825798524257
2024-01-02,1.5367223142148987,1.444819481540253,1.2983934080612047,1.3750562722939443,1.4410395094783224,1.5249525918269815,1.5249525918269815,1.511773389961923,1.511773389961923,1.2996689570668272,1.2996689570668272,1.5103467335838017,1.5103467335838017
2024-01-03,1.531772081232828,1.440165294518629,1.2942109023392314,1.3706268130166575,1.4387185041664643,1.520040272570387,1.520040272570387,1.5069035247773142,1.5069035247773142,1.2954823424276478,1.2954823424276478,1.505481464077535,1.505481464077535
2024-01-04,1.5338701585075705,1.442137897436075,1.2959835906628994,1.3725041686649133,1.440617189481404,1.522122280717452,1.522122280717452,1.508967539443269,1.508967539443269,1.297256772250321,1.297256772250321,1.5075435309385428,1.5075435309385428
2024-01-05,1.5557677286296179,1.462725895422485,1.3144850859792798,1.39209807373533,1.461183477801655,1.543852137831806,1.543852137831806,1.5305095991303823,1.5305095991303823,1.3157764435400288,1.3157764435400288,1.5290652614433498,1.5290652614433498
2024-01-08,1.553407533033843,1.4605068500260088,1.3124909310334303,1.3899861751002998,1.4589667723478377,1.5415100189221613,1.5415100189221613,1.5281877216748443,1.5281877216748443,1.3137803295251154,1.3137803295251154,1.5267455751371621,1.5267455751371621
2024-01-09,1.5621925056568695,1.4687664421937916,1.3199134500130958,1.3978469522852752,1.467217654927214,1.5502277076331874,1.5502277076331874,1.5368300689097254,1.5368300689097254,1.3212101404292815,1.3212101404292815,1.5353797666127962,1.5353797666127962
2024-01-10,1.5615042137832877,1.4681193132370909,1.319331904718143,1.3972310699952981,1.4665712083561255,1.5495446873719192,1.5495446873719192,1.5361529515610783,1.5361529515610783,1.3206280238209518,1.3206280238209518,1.5347032882579235,1.5347032882579235
2024-01-11,1.5625860943044119,1.4691364924887746,1.3202459973449916,1.398199134676004,1.4675873150109502,1.5506182817939396,1.5506182817939396,1.5372172675847504,1.5372172675847504,1.3215430144575513,1.3215430144575513,1.5357665998894998,1.5357665998894998
2024-01-12,1.5568494035677454,1.4637428813859503,1.3153990049068172,1.3930659544607522,1.4621993913720799,1.5449255282453853,1.5449255282453853,1.5315737129087292,1.5315737129087292,1.3166912603066736,1.3166912603066736,1.5301283710204596,1.5301283710204596
2024-01-16,1.5481953873137368,1.4556064138135734,1.3080871323885868,1.3853223567915223,1.4540715035554823,1.5363377929114286,1.5363377929114286,1.5230601959459773,1.5230601959459773,1.3093722045636502,1.3093722045636502,1.521622888240182,1.521622888240182
2024-01-17,1.5619632806153392,1.4685509258297769,1.3197197752807566,1.3976418421438999,1.467002365821251,1.5500002382212061,1.5500002382212061,1.536604565372168,1.536604565372168,1.3210162754297927,1.3210162754297927,1.5351544758823055,1.5351544758823055
2024-01-18,1.5814346629996106,1.4868578329014608,1.3361713581722912,1.4150647989332044,1.4852899685952954,1.5693224897162779,1.5693224897162779,1.5557598268543662,1.5557598268543662,1.3374840204491292,1.3374840204491292,1.5542916605970796,1.5542916605970796
2024-01-19,1.5847785732354955,1.4900017624251216,1.338996664323741,1.4180569236009526,1.4884305829029536,1.5726407890172514,1.5726407890172514,1.559049448190811,1.559049448190811,1.340312102197274,1.340312102197274,1.557578177526943,1.557578177526943
2024-01-22,1.589400490171536,1.4943472681612466,1.3429017722452248,1.4221926062900994,1.4927715063830047,1.5772273067931872,1.5772273067931872,1.563596327591134,1.563596327591134,1.3442210465188003,1.3442210465188003,1.5621207660497178,1.5621207660497178
2024-01-23,1.5911379748697365,1.4959808435428346,1.344369791976495,1.423747304370667,1.494403359189323,1.5789514841343189,1.5789514841343189,1.5653056039567521,1.5653056039567521,1.3456905084409325,1.3456905084409325,1.5638284293759446,1.5638284293759446
2024-01-24,1.5997920939152432,1.5041174077593207,1.3516817513443808,1.4314909940175387,1.5025313435481205,1.587539321472496,1.587539321472496,1.5738192220421665,1.5738192220421665,1.3530096511189331,1.3530096511189331,1.5723340131834553,1.5723340131834553
2024-01-25,1.597759597616508,1.5022064637836867,1.3499644731010862,1.4296723201047974,1.5006224146278497,1.5855223920181862,1.5855223920181862,1.5718197236349387,1.5718197236349387,1.3512906858118088,1.3512906858118088,1.5703364016973593,1.5703364016973593
2024-01-26,1.6104129227004809,1.5141030637214095,1.3606554051758764,1.4409944918863533,1.512506469819199,1.5980788055637862,1.5980788055637862,1.5842676200307562,1.5842676200307562,1.3619921207185546,1.3619921207185546,1.5827725510476836,1.5827725510476836
2024-01-29,1.6091671925308368,1.5129318337593043,1.3596028741977502,1.4398798148445027,1.5113364748976008,1.5968426164140983,1.5968426164140983,1.5830421144829288,1.5830421144829288,1.3609385557280604,1.3609385557280604,1.5815482020060612,1.5815482020060612
2024-01-30,1.5829100293767786,1.4882449658040184,1.3374179112813795,1.4163849540269977,1.4866756387916564,1.5707865562948296,1.5707865562948296,1.557211240430401,1.557211240430401,1.3387317981790214,1.3387317981790214,1.5557417044781265,1.5557417044781265
2024-01-31,1.6036274503051893,1.5077233927701357,1.3549222857000074,1.4349228637910783,1.5061335261138988,1.591345302952251,1.591345302952251,1.5775923108284142,1.5775923108284142,1.356253368993784,1.356253368993784,1.576103541316223,1.576103541316223
2024-02-01,1.6205095148436537,1.5235958347254377,1.3691861257630085,1.450028903781619,1.5219892308703626,1.608098068129917,1.608098068129917,1.5942002924401795,1.5942002924401795,1.3705312219336956,1.3705312219336956,1.5926958500215516,1.5926958500215516
2024-02-02,1.6146088716669689,1.5180480762680828,1.3642006081239006,1.444749019227581,1.516447322422519,1.6022426178494746,1.6022426178494746,1.5883954471173405,1.5883954471173405,1.3655408064939463,1.3655408064939463,1.586896482715232,1.586896482715232
2024-02-05,1.6192965751620136,1.522455434234239,1.3681612998250692,1.448943567607526,1.5208500329105594,1.606894418326607,1.606894418326607,1.5930070450217158,1.5930070450217158,1.369505389200976,1.369505389200976,1.5915037286673854,1.5915037286673854
2024-02-06,1.6328021445595866,1.535153310483193,1.3795723023957454,1.4610283260178452,1.5335345194819705,1.6202965488653633,1.6202965488653633,1.6062933494129978,1.6062933494129978,1.3809276020049235,1.3809276020049235,1.6047774948098616,1.6047774948098616
2024-02-07,1.6335234325041688,1.5358314621990186,1.380181726430196,1.461673733130863,1.5342119560992535,1.6210123124814504,1.6210123124814504,1.6070029271363333,1.6070029271363333,1.381537624740982,1.381537624740982,1.605486402906657,1.605486402906657
2024-02-08,1.6429640093042714,1.5447074504967053,1.3881581725142833,1.4701211437156998,1.5430785848301236,1.6303805841115877,1.6303805841115877,1.6162902347131605,1.6162902347131605,1.389521906930681,1.389521906930681,1.6147649460769413,1.6147649460769413
2024-02-09,1.6422430297341846,1.5440295887132078,1.3875490090287996,1.4694760125356074,1.5424014378394406,1.6296651265081625,1.6296651265081625,1.6155809603578126,1.6155809603578126,1.3889121449995543,1.3889121449995543,1.6140563410618463,1.6140563410618463
2024-02-12,1.6196240688760564,1.5227633423668625,1.3684380028283125,1.449236608374531,1.5211576163597065,1.6072194037735006,1.6072194037735006,1.5933292218247008,1.5933292218247008,1.3697823640388103,1.3697823640388103,1.5918256014330103,1.5918256014330103
2024-02-13,1.6343428863297649,1.536601909039344,1.3808740918858955,1.462406978891869,1.534981590517521,1.6218254901282292,1.6218254901282292,1.6078090770024347,1.6078090770024347,1.3822306703804095,1.3822306703804095,1.6062917920113533,1.6062917920113533
2024-02-14,1.6456193192920794,1.547203961131337,1.3904016728218132,1.4724971101605455,1.5455724629400935,1.6330155571386311,1.6330155571386311,1.6189024353329706,1.6189024353329706,1.391767611265564,1.391767611265564,1.6173746815702321,1.6173746815702321
2024-02-15,1.6374242670786239,1.5394990095075367,1.3834775840165405,1.4651641926622754,1.5378756360464216,1.6248832706497405,1.6248832706497405,1.610840431058646,1.610840431058646,1.3848367201964045,1.3848367201964045,1.6093202853871034,1.6093202853871034
2024-02-16,1.6284096582480736,1.5310235143993016,1.3758610429059126,1.4570979374253574,1.5294090781922827,1.6159377045098504,1.6159377045098504,1.6019721757955574,1.6019721757955574,1.3772126965528404,1.3772126965528404,1.600460399072045,1.600460399072045
2024-02-20,1.6298846134592477,1.5324102607254215,1.377107248616378,1.4584177246085832,1.5307943622198434,1.6174013630715196,1.6174013630715196,1.603423184880942,1.603423184880942,1.378460126542823,1.378460126542823,1.6019100388441578,1.6019100388441578
2024-02-21,1.6636158492566748,1.5641242185210102,1.405607136852538,1.4886003717442662,1.5624748782287767,1.6508742520762538,1.6508742520762538,1.6366067888524467,1.6366067888524467,1.4069880132298946,1.4069880132298946,1.6350623275401264,1.6350623275401264
2024-02-22,1.6647631051708096,1.5652028634262878,1.4065764658604485,1.4896269342052033,1.5635523857227909,1.6520127211825884,1.6520127211825884,1.637735418889521,1.637735418889521,1.4079582945120883,1.4079582945120883,1.6361898924921479,1.6361898924921479
2024-02-23,1.6586659246490996,1.5594703214317147,1.4014248916795322,1.4841711883999054,1.5578258885885792,1.6459622388323214,1.6459622388323214,1.631737227035826,1.631737227035826,1.4028016593956474,1.4028016593956474,1.63019736111556,1.63019736111556
2024-02-26,1.6617474081894568,1.562367518544017,1.4040284706598327,1.4869284941479535,1.5607200306596798,1.649020121358053,1.649020121358053,1.6347686822146996,1.6347686822146996,1.4054077961466196,1.4054077961466196,1.6332259555185433,1.6332259555185433
2024-02-27,1.6595510622422018,1.5603025238579618,1.4021727540652607,1.4849632078740678,1.5586572134726357,1.646840597176076,1.646840597176076,1.6326079942833167,1.6326079942833167,1.4035502564856008,1.4035502564856008,1.6310673066224015,1.6310673066224015
2024-02-28,1.6655171836033957,1.5659118446130198,1.4072135949350861,1.4903016821859787,1.5642606193018689,1.6527610241450532,1.6527610241450532,1.6384772547422202,1.6384772547422202,1.4085960495059218,1.4085960495059218,1.6369310282763994,1.6369310282763994
2024-02-29,1.6811535179722161,1.5806130566062166,1.420424904019961,1.504293045134669,1.5789463291367345,1.6682776001730315,1.6682776001730315,1.653859730806158,1.653859730806158,1.4218203374553393,1.4218203374553393,1.6522989879401058,1.6522989879401058
2024-03-01,1.6793507606725036,1.5789181122151448,1.4189017347572848,1.5026799412515124,1.5772531720334266,1.6664886501518066,1.6664886501518066,1.6520862415498005,1.6520862415498005,1.4202956718225903,1.4202956718225903,1.6505271723206676,1.6505271723206676
2024-03-04,1.66256706759805,1.563138158672561,1.4047210098148435,1.4876619238642432,1.5614898581623466,1.6498335030132731,1.6498335030132731,1.6355750343261257,1.6355750343261257,1.4131273289557047,1.4131273289557047,1.6340315466777062,1.6340315466777062
2024-03-05,1.670991653227531,1.5710589165927042,1.4118390339014228,1.4952002274368141,1.5694022637885812,1.6581935649268071,1.6581935649268071,1.6438628455059954,1.6438628455059954,1.4167076393143558,1.4167076393143558,1.6423115366730259,1.6423115366730259
2024-03-06,1.6875783977909657,1.586653700021632,1.4258533549034325,1.5100420156622558,1.5849806028044928,1.6746532719786333,1.6746532719786333,1.6601803017081636,1.6601803017081636,1.4237389634053488,1.4237389634053488,1.6586135941367852,1.6586135941367852
2024-03-07,1.6774493235342844,1.5771303894790258,1.417295189825081,1.5009785388321581,1.5754673344181345,1.6646017760787866,1.6646017760787866,1.6502156745373644,1.6502156745373644,1.4194662262983377,1.4194662262983377,1.6486583705571614,1.6486583705571614
2024-03-08,1.6760068504366186,1.575774182691484,1.416076428605835,1.4996878165837642,1.5741125577257684,1.663170350850833,1.663170350850833,1.6487966202133557,1.6487966202133557,1.418855912229306,1.418855912229306,1.647240655390804,1.647240655390804
2024-03-11,1.694036479263713,1.5927255594843917,1.4313098582257135,1.5158206949681676,1.5910460596028462,1.6810618911474955,1.6810618911474955,1.6665335352301829,1.6665335352301829,1.4264875771744578,1.4264875771744578,1.6649608321298544,1.6649608321298544
2024-03-12,1.6913809636929082,1.5902288555615411,1.4290661842188723,1.5134445445680385,1.5885519884084767,1.678426714112011,1.678426714112011,1.6639211323650478,1.6639211323650478,1.424180138037083,1.424180138037083,1.662350894582097,1.662350894582097
2024-03-13,1.688037464623017,1.587085312614318,1.4262412254660457,1.5104527878108578,1.5854117602696185,1.67510882282792,1.67510882282792,1.6606319155192533,1.6606319155192533,1.4213648379544288,1.4213648379544288,1.6590647817611672,1.6590647817611672
2024-03-14,1.6764463868839654,1.5761874329033794,1.4164477977338543,1.5000811129804104,1.5745253721728971,1.663606520898202,1.663606520898202,1.649229020718555,1.649229020718555,1.411604894423813,1.411604894423813,1.6476726478408392,1.6476726478408392
2024-03-15,1.686409761245155,1.5855549531415947,1.4248659611671246,1.5089963218518099,1.5838830145328824,1.6734935859944102,1.6734935859944102,1.6590306381572724,1.6590306381572724,1.4199942757504498,1.4199942757504498,1.657465015520216,1.657465015520216
2024-03-18,1.6957812621583033,1.5943659965977486,1.4327840442825428,1.5173819234613086,1.5926847669053636,1.6827933107882913,1.6827933107882913,1.6682499913048445,1.6682499913048445,1.4278852865579508,1.4278852865579508,1.6666756683896529,1.6666756683896529
2024-03-19,1.7114662169058878,1.6091129212547028,1.4460364332545912,1.5314167918346044,1.6074161412008214,1.6983581348126227,1.6983581348126227,1.6836802983881836,1.6836802983881836,1.4410923649731813,1.4410923649731813,1.6820914139347594,1.6820914139347594
2024-03-20,1.7171220107332787,1.6144304734434105,1.4508150750136843,1.5364775856457027,1.6127280861283046,1.7039706110395494,1.7039706110395494,1.6892442695287528,1.6892442695287528,1.4434014620311983,1.4434014620311983,1.6876501343711106,1.6876501343711106
2024-03-21,1.7138667067690527,1.611369851142073,1.4480646332654976,1.5335647457052484,1.6096706911970322,1.7007402393767501,1.7007402393767501,1.6860418159274535,1.6860418159274535,1.440592904868566,1.440592904868566,1.6844507029164413,1.6844507029164413
2024-03-22,1.7091319247677208,1.606918230173801,1.4440641644219923,1.529328071565326,1.6052237643813996,1.6960417209665741,1.6960417209665741,1.681383903843616,1.681383903843616,1.4366130776566373,1.4366130776566373,1.6797971864913892,1.6797971864913892
2024-03-25,1.7059747866845087,1.603949902996963,1.4413966640950542,1.5265030702728597,1.6022585672511114,1.6929087633344664,1.6929087633344664,1.6782780223850822,1.6782780223850822,1.4339593411061797,1.4339593411061797,1.6766942360446206,1.6766942360446206
2024-03-26,1.720311630929999,1.6174293401588262,1.4535100198318418,1.5393316518730003,1.6157237905937878,1.7071358020053726,1.7071358020053726,1.6923821057486623,1.6923821057486623,1.4460101943123749,1.4460101943123749,1.6907850094236345,1.6907850094236345
2024-03-27,1.7199825953434795,1.617119982364561,1.4532320140837618,1.539037231441367,1.615414759011641,1.7068092864951696,1.7068092864951696,1.6920584121057383,1.6920584121057383,1.4457336230192182,1.4457336230192182,1.6904616212495085,1.6904616212495085
2024-03-28,1.7169904376152703,1.6143067689833481,1.4507039074543147,1.536359854264106,1.612604512112326,1.7038400456371563,1.7038400456371563,1.689114832520648,1.689114832520648,1.4432185609222177,1.4432185609222177,1.6875208195123534,1.6875208195123534
2024-04-01,1.706073672106012,1.6040428746302284,1.4414802134638929,1.5265915527643408,1.6023514408474953,1.6930068913947023,1.6930068913947023,1.6783753023864854,1.6783753023864854,1.4340424593767254,1.4340424593767254,1.6767914242431552,1.6767914242431552
2024-04-02,1.7079479722886417,1.6058050833214592,1.4430638300869767,1.5282686730862407,1.6041117913219916,1.6948668363534787,1.6948668363534787,1.6802191730159999,1.6802191730159999,1.4356179048498336,1.4356179048498336,1.6786335548170426,1.6786335548170426
2024-04-03,1.6871004173232007,1.5862043049128116,1.4254495040041597,1.5096143196275498,1.5845316815745702,1.6741789523527528,1.6741789523527528,1.6597100813271584,1.6597100813271584,1.418094465221504,1.418094465221504,1.6581438175014567,1.6581438175014567
2024-04-04,1.704725150437924,1.6027750005586996,1.4403408328300094,1.5253848980806182,1.6010849037259138,1.682840116240956,1.682840116240956,1.6770486741760764,1.6770486741760764,1.4329089577225789,1.4329089577225789,1.675466047968129,1.675466047968129
2024-04-05,1.7056788499604882,1.6036716646059321,1.4411466239361281,1.5262382666419094,1.6019806222573594,1.6833108442685794,1.6833108442685794,1.6779868902395092,1.6779868902395092,1.433710591105243,1.433710591105243,1.6764033786396506,1.6764033786396506
2024-04-08,1.7076517271901257,1.6055265549981002,1.4428135293790831,1.5280035935223646,1.6038335567016395,1.6851736839525466,1.6851736839525466,1.6799277375024393,1.6799277375024393,1.435368895644311,1.435368895644311,1.6783423943303724,1.6783423943303724
2024-04-09,1.690552772589944,1.5894501939719141,1.4283664365424336,1.512703480707473,1.5877741479032108,1.6682998051302302,1.6682998051302302,1.6631063870726266,1.6631063870726266,1.4209963469621976,1.4209963469621976,1.6615369181625612,1.6615369181625612
2024-04-10,1.7033113561683237,1.6014457574776866,1.4391463026647195,1.5241198375943064,1.5936862163978815,1.6745117104762146,1.6745117104762146,1.6756578330749279,1.6756578330749279,1.4262874192126256,1.4262874192126256,1.6740765193998912,1.6740765193998912
2024-04-11,1.679800370686698,1.579340833549763,1.4192816151515681,1.5030822514570619,1.582687307314023,1.662954980001998,1.662954980001998,1.6525285520759323,1.6525285520759323,1.4164438217152282,1.4164438217152282,1.6509690654395761,1.6509690654395761
2024-04-12,1.6587557644187396,1.5595547883833503,1.401500798278664,1.4842515768589015,1.5627802030250033,1.6525381967323358,1.6525381967323358,1.6318256082429217,1.6318256082429217,1.4075711892736442,1.4075711892736442,1.630285658917555,1.630285658917555
2024-04-15,1.655730405036533,1.5567103589547935,1.4001526437046214,1.4828238213022655,1.5612769079276914,1.6510311870672658,1.6510311870672658,1.6288493660378176,1.6288493660378176,1.4062875739292582,1.4062875739292582,1.6273122253840102,1.6273122253840102
2024-04-16,1.645931497072854,1.547497469291656,1.391796282902241,1.4784360133272798,1.5566569502703145,1.6461456384906308,1.6461456384906308,1.6192095448592307,1.6192095448592307,1.402126243538308,1.402126243538308,1.6176815012780799,1.6176815012780799
2024-04-17,1.6425446199906195,1.5443131425302563,1.3889323466193009,1.4769149047453027,1.5550553630356247,1.644451979627264,1.644451979627264,1.6158776542498268,1.6158776542498268,1.400683647279264,1.400683647279264,1.6143527549646535,1.6143527549646535
2024-04-18,1.628207981328126,1.530833898656612,1.3768093145032883,1.4704694191655243,1.5482688603833736,1.6372753362829047,1.6372753362829047,1.6017737731315715,1.6017737731315715,1.3945708467236173,1.3945708467236173,1.6002621836401063,1.6002621836401063
2024-04-19,1.6432021772061665,1.5449313748982392,1.389488375646038,1.4772402085107688,1.5553978779384658,1.6448141849373885,1.6448141849373885,1.6165245359223617,1.6165245359223617,1.4009921604259743,1.4009921604259743,1.6149990261767384,1.6149990261767384
2024-04-22,1.6627015188780148,1.5632645691676863,1.405976978790327,1.4946962718842782,1.5646265763537628,1.6545734203570155,1.6545734203570155,1.635707302768782,1.635707302768782,1.4093047178199083,1.4093047178199083,1.6341636902989984,1.6341636902989984
2024-04-23,1.6619124913359578,1.5625227289837502,1.4053097787263538,1.4939869704780209,1.563805858506613,1.6541808351623204,1.6541808351623204,1.634931085210805,1.634931085210805,1.4085654733564257,1.4085654733564257,1.6333882052553899,1.6333882052553899
2024-04-24,1.6555990375015213,1.5565868477829499,1.3999711351712176,1.488311450366983,1.5578651028138955,1.6510387941730829,1.6510387941730829,1.628720131275038,1.628720131275038,1.4032144617146105,1.4032144617146105,1.62718311257972,1.62718311257972
2024-04-25,1.6712838894576074,1.5713336757957945,1.4132342136706422,1.5024114493611733,1.5726240407884329,1.658859618682452,1.658859618682452,1.6441503372357142,1.6441503372357142,1.4165082669150817,1.4165082669150817,1.642598757097593,1.642598757097593
2024-04-26,1.6772027267295169,1.5768985402605173,1.4182391702735122,1.507732226364001,1.5781934750694875,1.6617970370952837,1.6617970370952837,1.64997308126983,1.64997308126983,1.4215248185488714,1.4215248185488714,1.648416006224225,1.648416006224225
2024-04-29,1.650633694169179,1.5519184540772402,1.395772451079214,1.4838478229009506,1.553192875465528,1.6486345437116268,1.6486345437116268,1.6238354010590295,1.6238354010590295,1.3990060504909392,1.3990060504909392,1.6223029920701426,1.6223029920701426
2024-04-30,1.6452738370658084,1.546879140279563,1.3912401669552241,1.4790295447317898,1.5481494234289703,1.6459578609317982,1.6459578609317982,1.6185625620640327,1.6185625620640327,1.394463266380891,1.394463266380891,1.6170351290387612,1.6170351290387612
2024-05-01,1.6606628550893725,1.5613478265454865,1.4042530888907985,1.4928636019011745,1.5626299912491015,1.6536555689416328,1.6536555689416328,1.6337017370017992,1.6337017370017992,1.4075063354774036,1.4075063354774036,1.632160017178898,1.632160017178898
2024-05-02,1.6812472638187965,1.5807011960340094,1.4216592225034688,1.5113680891091816,1.5819992535494838,1.6639043446110777,1.6639043446110777,1.6539519546744317,1.6539519546744317,1.4249527940466002,1.4249527940466002,1.6523911247769696,1.6523911247769696
2024-05-03,1.6986090562804996,1.5970246760479916,1.4363403184395342,1.5269755846043729,1.5983361382575119,1.6724956929894375,1.6724956929894375,1.6710318757524656,1.6710318757524656,1.4396679018182952,1.4396679018182952,1.6694549275805943,1.6694549275805943
2024-05-06,1.7004836648376245,1.5987871746715505,1.4379254835732858,1.5286607760772644,1.6001000842289883,1.67341858773271,1.67341858773271,1.6728760497499677,1.6728760497499677,1.441256739319301,1.441256739319301,1.6712973612361819,1.6712973612361819
2024-05-07,1.7006477200691414,1.5989414186701907,1.4380642083390625,1.5288082545874764,1.6002544548914042,1.6734993097882969,1.6734993097882969,1.6730374415194482,1.6730374415194482,1.4413957854700719,1.4413957854700719,1.6714586007006946,1.6714586007006946
2024-05-08,1.7104467308243188,1.6081544049774377,1.446350231645275,1.5376171386100284,1.609475006819621,1.6783206015649177,1.6783206015649177,1.6826773638206975,1.6826773638206975,1.4497010050858747,1.4497010050858747,1.6810894258338585,1.6810894258338585
2024-05-09,1.7126499638019694,1.610225874818824,1.448213280911976,1.5395977491287516,1.6115481777332925,1.6794015271587406,1.6794015271587406,1.6848448269704732,1.6848448269704732,1.4515683704966638,1.4515683704966638,1.6832548435546382,1.6832548435546382
2024-05-10,1.7128801139669858,1.6104422609798237,1.448407895417348,1.5398046441064235,1.611764741588649,1.6795143682374123,1.6795143682374123,1.6850712406119936,1.6850712406119936,1.4517634358673253,1.4517634358673253,1.6834810435302296,1.6834810435302296
2024-05-13,1.7207389351890308,1.6178310897216992,1.45505329845161,1.5468693822140316,1.6191596379698119,1.68336723658827,1.68336723658827,1.6928024726570137,1.6928024726570137,1.458424234370473,1.458424234370473,1.691204979632894,1.691204979632894
2024-05-14,1.7420469960675014,1.6378648337405648,1.4730713508306135,1.5660244011964073,1.639209833517943,1.7041283520893904,1.7041283520893904,1.7137645938742212,1.7137645938742212,1.476484029344072,1.476484029344072,1.7121473189541296,1.7121473189541296
2024-05-15,1.7384626565167558,1.6344948536449624,1.4700404406911216,1.5628022360014888,1.6358370860251872,1.7006220318433067,1.7006220318433067,1.710238446629998,1.710238446629998,1.4748912392035776,1.4748912392035776,1.7086244993253346,1.7086244993253346
2024-05-16,1.7409617234269288,1.6368444652332703,1.4721536465216731,1.565048788345018,1.6381886270932653,1.7030667022712618,1.7030667022712618,1.712696940802684,1.712696940802684,1.4759513286677315,1.4759513286677315,1.7110806734238513,1.7110806734238513
2024-05-17,1.74296739114457,1.6387301850963445,1.473849635011543,1.5658720398815575,1.6400758954924237,1.705028713187281,1.705028713187281,1.7146700461949778,1.7146700461949778,1.4768015104646326,1.4768015104646326,1.7130519168020288,1.7130519168020288
2024-05-20,1.74724248956486,1.642749613607274,1.477464649427989,1.5696344705054353,1.644098624721667,1.709210756750075,1.709210756750075,1.7188757377317498,1.7188757377317498,1.4786126378088806,1.4786126378088806,1.7172536394392985,1.7172536394392985
2024-05-21,1.7422112568820152,1.638019271027424,1.4732102494369488,1.5651146649860002,1.639364397627304,1.7042890374852393,1.7042890374852393,1.7139261878890266,1.7139261878890266,1.4764837849813421,1.4764837849813421,1.7123087604731095,1.7123087604731095
2024-05-22,1.729485669374636,1.6260547302807764,1.4624495188585402,1.5536826394209682,1.6273900317080847,1.6918404442398944,1.6918404442398944,1.7014072022614142,1.7014072022614142,1.471091464292681,1.471091464292681,1.6998015889777023,1.6998015889777023
2024-05-23,1.7409290357304235,1.6368137324064733,1.4721260058728527,1.5639627822162245,1.6381578690289489,1.6973529931370333,1.6973529931370333,1.7126647837959825,1.7126647837959825,1.480751577287154,1.480751577287154,1.7110485467636287,1.7110485467636287
2024-05-24,1.7421454703230108,1.6379574187973927,1.473154620458191,1.5650555656615925,1.6393024946047812,1.6984541123106802,1.6984541123106802,1.713861469384974,1.713861469384974,1.4817862187944597,1.4817862187944597,1.7122441030437308,1.7122441030437308
2024-05-28,1.7299459697046686,1.6264875026027754,1.4628387478692841,1.55409615000643,1.633480861887059,1.6865605636109162,1.6865605636109162,1.7018600295444548,1.7018600295444548,1.4714099028091578,1.4714099028091578,1.7002539889288848,1.7002539889288848
2024-05-29,1.7184702240268712,1.61569805758261,1.4531348809669893,1.543786919262442,1.6225633517722953,1.6808822631589884,1.6808822631589884,1.690570594371173,1.690570594371173,1.4616491784119023,1.4616491784119023,1.688975207564436,1.688975207564436
2024-05-30,1.7341221827034552,1.6304139594804392,1.466370144977035,1.5578478489939593,1.6373417832964496,1.68853706548123,1.68853706548123,1.7059684410798233,1.7059684410798233,1.474961991296467,1.474961991296467,1.7043585233676197,1.7043585233676197
2024-05-31,1.7355361825560522,1.631743395849671,1.4675658203392046,1.5591181150979383,1.638676868599737,1.6892254803995987,1.6892254803995987,1.707359484426297,1.707359484426297,1.476164672433403,1.476164672433403,1.7057482539903244,1.7057482539903244
2024-06-03,1.7374760637146893,1.633567263482714,1.469206179850317,1.5608608064263978,1.6405084860643808,1.6901695392774987,1.6901695392774987,1.7092678713145386,1.7092678713145386,1.4778146432400512,1.4778146432400512,1.7076548399391236,1.7076548399391236
2024-06-04,1.7581264645861145,1.6529826784894872,1.4866681162823039,1.5794120843578412,1.6600063994904661,1.7002136139141677,1.7002136139141677,1.7295830097365485,1.7295830097365485,1.495378893726083,1.495378893726083,1.7279508070210408,1.7279508070210408
2024-06-05,1.7580935713066124,1.6529517523744717,1.486640301792925,1.5793825346956376,1.659907870408604,1.7000967934616824,1.7000967934616824,1.7295506504845224,1.7295506504845224,1.4952901360505222,1.4952901360505222,1.7279184783063515,1.7279184783063515
2024-06-06,1.7559561248879658,1.6509421347631164,1.4848328815049814,1.5774623607085676,1.6588988330653154,1.6980298580824487,1.6980298580824487,1.7274479058387988,1.7274479058387988,1.4943811677799188,1.4943811677799188,1.72581771801495,1.72581771801495
2024-06-07,1.7613814601758453,1.6560430108584965,1.4894205338468909,1.58233620811828,1.663941347837882,1.7005681375387598,1.7005681375387598,1.73278515996986,1.73278515996986,1.4989236021732517,1.4989236021732517,1.7311499353940099,1.7311499353940099
2024-06-10,1.7656236653166333,1.6600315132544106,1.4930077337739582,1.5861471911156053,1.6679488730102332,1.7026160070827616,1.7026160070827616,1.7369584922546062,1.7369584922546062,1.5025336897974015,1.5025336897974015,1.7353193293165905,1.7353193293165905
2024-06-11,1.7801248731681358,1.6736654843472423,1.505269925257144,1.5991743443834674,1.6816478700096096,1.7165145972162648,1.7165145972162648,1.7512242707556547,1.7512242707556547,1.514874118716454,1.514874118716454,1.7495716452418173,1.7495716452418173
2024-06-12,1.7837090071358845,1.677035271154626,1.5083006615560772,1.602394149451331,1.6850337286892687,1.7199706571628177,1.7199706571628177,1.7547502157545527,1.7547502157545527,1.5179241922633124,1.5179241922633124,1.7530942628161457,1.7530942628161457
2024-06-13,1.7847940741934603,1.6780554463737019,1.509218192024459,1.6033689189332732,1.6860587695353877,1.7210169508646591,1.7210169508646591,1.7558176665807648,1.7558176665807648,1.5183099883842117,1.5183099883842117,1.7541607062919575,1.7541607062919575
2024-06-14,1.7989994481124405,1.691411275719612,1.5212302269437943,1.616130309926691,1.6926842309380572,1.7347147155880116,1.7347147155880116,1.769792414058903,1.769792414058903,1.5243521871515027,1.5243521871515027,1.7681222658394478,1.7681222658394478
2024-06-17,1.8035701748822557,1.695708652689244,1.5250952240835318,1.6202364201752752,1.6969002078997433,1.7391221138208737,1.7391221138208737,1.7742889343732602,1.7742889343732602,1.5262886517112195,1.5262886517112195,1.7726145427999873,1.7726145427999873
2024-06-18,1.7986705153174194,1.6911020145694564,1.5209520820500066,1.615834813304655,1.6922903327476708,1.7343975367469835,1.7343975367469835,1.7694688215386418,1.7694688215386418,1.5242154596349684,1.5242154596349684,1.7677989786925554,1.7677989786925554
2024-06-20,1.796259026763921,1.6888347437623776,1.5189129322974262,1.6136684536943509,1.6910712862347717,1.732072219368696,1.732072219368696,1.7670964838744756,1.7670964838744756,1.5231936971435411,1.5231936971435411,1.765428879796899,1.765428879796899
2024-06-21,1.7904200584863026,1.6833449717706768,1.5139755127515788,1.6084230192824278,1.6854896905131798,1.7264418984668948,1.7264418984668948,1.7613523121491856,1.7613523121491856,1.5207180297855007,1.5207180297855007,1.759690128830622,1.759690128830622
2024-06-24,1.7973149010359388,1.6898274720543773,1.5198057774064846,1.6146169978510876,1.6919804500307807,1.7330903634483963,1.7330903634483963,1.7681352158645147,1.7681352158645147,1.523646144706931,1.523646144706931,1.7664666315384243,1.7664666315384243
2024-06-25,1.7995582226979827,1.691936633098439,1.521702725582116,1.6166322848133754,1.694092298317979,1.7352535231442083,1.7352535231442083,1.7703421168526972,1.7703421168526972,1.5245970154752475,1.5245970154752475,1.7686714498802316,1.7686714498802316
2024-06-26,1.802394856889046,1.6946036239420939,1.524101377609917,1.6191805738076614,1.696762687125417,1.737988794174525,1.737988794174525,1.7731326978493014,1.7731326978493014,1.5269239999062578,1.5269239999062578,1.7714593974132467,1.7714593974132467
2024-06-27,1.7953024490794003,1.687935373680081,1.5181040521781801,1.6128091125803912,1.6900859409688866,1.7311498236516307,1.7311498236516307,1.7661554363764904,1.7661554363764904,1.5209155674807666,1.5209155674807666,1.7644887203628419,1.7644887203628419
2024-06-28,1.798997186699475,1.6914091495492045,1.5212283146976495,1.6161282783874147,1.6935641427116954,1.7347125349834795,1.7347125349834795,1.7697901893603265,1.7697901893603265,1.5240456161068405,1.5240456161068405,1.768120043240313,1.768120043240313
2024-07-01,1.8111039693862205,1.7027918927571217,1.53146578519462,1.6270044009322406,1.7049613884625308,1.7463866987010723,1.7463866987010723,1.7817004165591972,1.7817004165591972,1.5343020463087935,1.5343020463087935,1.7800190307906285,1.7800190307906285
2024-07-02,1.819186259325883,1.7103908257928842,1.5383001529160991,1.6342651223064517,1.712570003158546,1.7541801792986855,1.7541801792986855,1.7896514892726698,1.7896514892726698,1.541149071218958,1.541149071218958,1.7879626000987132,1.7879626000987132
2024-07-03,1.829676542908097,1.7202537437360053,1.5471707151006622,1.643689063639358,1.7224454872632817,1.7642956072494007,1.7642956072494007,1.799971461479781,1.799971461479781,1.5455155089591062,1.5455155089591062,1.7982728333765186,1.7982728333765186
2024-07-05,1.8317876747031419,1.7222386204553481,1.548955883797103,1.6455855978966651,1.7244328928773984,1.7663313006984747,1.7663313006984747,1.8020483187238838,1.8020483187238838,1.546407138395835,1.546407138395835,1.8003477306961686,1.8003477306961686
2024-07-08,1.8335690513711778,1.7239134628716597,1.5504622122375213,1.6471858967903807,1.7261098691795036,1.7680490223594176,1.7680490223594176,1.8038007744664242,1.8038007744664242,1.5471590633142263,1.5471590633142263,1.8020985326510586,1.8020985326510586
2024-07-09,1.8517125731785484,1.7409719213378088,1.565804336897729,1.6634851210911292,1.743190061512569,1.7855442107569799,1.7855442107569799,1.821649733393392,1.821649733393392,1.554813782994328,1.554813782994328,1.8199306475647206,1.8199306475647206
2024-07-10,1.8357463808912207,1.7259605783974714,1.5523033575938368,1.6491418997428726,1.7281595928974032,1.7701485480502483,1.7701485480502483,1.8059427547052296,1.8059427547052296,1.5481106757762184,1.5481106757762184,1.8042384915090208,1.8042384915090208
2024-07-11,1.8473254320249544,1.7368471507476075,1.5620945793768368,1.6595439348947192,1.7390600356283303,1.7813138379647668,1.7813138379647668,1.817333818154406,1.817333818154406,1.5529930639051246,1.5529930639051246,1.8156188052430406,1.8156188052430406
2024-07-12,1.8524057990440554,1.741623689211762,1.5663905272613867,1.664107880222071,1.7438426597919345,1.786212665164447,1.786212665164447,1.8223317046298433,1.8223317046298433,1.5551285227165448,1.5551285227165448,1.8206119752267969,1.8206119752267969
2024-07-15,1.8633907153167821,1.7519516586094293,1.5756793498299826,1.673976174600364,1.7541837878646866,1.796805050797358,1.796805050797358,1.8331382790892974,1.8331382790892974,1.5597395417017437,1.5597395417017437,1.8314083515517416,1.8314083515517416
2024-07-16,1.8372639945742493,1.727387432029002,1.5535866485975494,1.6505052472827928,1.7295882644567964,1.7716119319280421,1.7716119319280421,1.8074357296955856,1.8074357296955856,1.5488049376216217,1.5488049376216217,1.8057300575829964,1.8057300575829964
2024-07-17,1.8231445543479683,1.71411239715857,1.541647279031716,1.6378210547818817,1.7162963161095834,1.7579970301769081,1.7579970301769081,1.7935455207633657,1.7935455207633657,1.5428536266495736,1.5428536266495736,1.7918529568026318,1.7918529568026318
2024-07-18,1.8110379772442193,1.7027298472388714,1.531409982375304,1.6269451169224443,1.7048992638932319,1.7463230646960908,1.7463230646960908,1.7816354958098202,1.7816354958098202,1.5377309729504236,1.5377309729504236,1.779954171306783,1.779954171306783
2024-07-19,1.8297096417705958,1.7202848631392393,1.5471987034305996,1.6437187979869499,1.722476646315173,1.7643275233702789,1.7643275233702789,1.8000040229771328,1.8000040229771328,1.5535079763916693,1.5535079763916693,1.7983053641456745,1.7983053641456745
2024-07-22,1.8268397031340367,1.717586559604131,1.5447718892323028,1.6411405899596827,1.71977490492136,1.7615601379823083,1.7615601379823083,1.7971806782378523,1.7971806782378523,1.5510712659640329,1.5510712659640329,1.7954846837890368,1.7954846837890368
2024-07-23,1.785438371305708,1.6786612116515687,1.5097630083351656,1.6039477229416865,1.6807999629017987,1.7216382249195228,1.7216382249195228,1.7564515034298276,1.7564515034298276,1.5159196234518868,1.5159196234518868,1.7547939449909336,1.7547939449909336
2024-07-24,1.776136151862511,1.6699153063251662,1.5018970707388517,1.595591078470498,1.6720429145789288,1.7126684072952463,1.7126684072952463,1.7473003069568356,1.7473003069568356,1.5080216095958916,1.5080216095958916,1.745651384476811,1.745651384476811
2024-07-25,1.796027951475419,1.6886174878043927,1.5187175355095408,1.61346086731737,1.6907689241622084,1.7318494012328733,1.7318494012328733,1.7668691601289928,1.7668691601289928,1.524910666011167,1.524910666011167,1.765201770576207,1.765201770576207
2024-07-26,1.7970840313304335,1.6896104093846112,1.5196105544591576,1.6144095961594955,1.691763110805476,1.7328677435493494,1.7328677435493494,1.7679080943643568,1.7679080943643568,1.525807326574689,1.525807326574689,1.766239724372199,1.766239724372199
2024-07-29,1.7879791715642492,1.681050060748302,1.5119115037991164,1.6062302496615288,1.683191855587052,1.7240882332296898,1.7240882332296898,1.7589510534035215,1.7589510534035215,1.5180768801979583,1.5180768801979583,1.757291136146212,1.757291136146212
2024-07-30,1.8170416175023456,1.7083744430938688,1.5364866482086044,1.6323384843307747,1.7105510514235707,1.752112173255182,1.752112173255182,1.7875416660405663,1.7875416660405663,1.5427522388163861,1.5427522388163861,1.7858547679009737,1.7858547679009737
2024-07-31,1.7913108496118193,1.6841824896229414,1.514728763892068,1.6092232610719797,1.6863282754314746,1.7273008584157539,1.7273008584157539,1.7622286411431192,1.7622286411431192,1.5317517961498974,1.5317517961498974,1.7605656308353004,1.7605656308353004
2024-08-01,1.7579595311926417,1.6528257284557826,1.486526957748707,1.5941622292840147,1.6549315631939725,1.6951413027768059,1.6951413027768059,1.7294187865325166,1.7294187865325166,1.5174924223779995,1.5174924223779995,1.727786738793993,1.727786738793993
2024-08-02,1.7067612444391047,1.604689327078162,1.4648060485019379,1.570948277683215,1.606733832116283,1.64577251528916,1.64577251528916,1.6790517118764943,1.6790517118764943,1.4953949250213567,1.4953949250213567,1.6774671954073939,1.6774671954073939
2024-08-05,1.7224967726039238,1.6194838006369525,1.4715584565810695,1.5781899762363953,1.6140601568868496,1.6609457563336203,1.6609457563336203,1.6945317713098234,1.6945317713098234,1.502288340558201,1.502288340558201,1.692932646351335,1.692932646351335
2024-08-06,1.7109837136121913,1.6086592738050665,1.4666405549658494,1.5729157154698272,1.6086660191160276,1.6498441004240834,1.6498441004240834,1.6832056286100245,1.6832056286100245,1.4972677406469188,1.4972677406469188,1.6816171921011607,1.6816171921011607
2024-08-07,1.7505371626729902,1.6458472506025197,1.4835929935015946,1.5910965552796406,1.6272600854816894,1.6879841622290053,1.6879841622290053,1.7221169213128182,1.7221169213128182,1.5145741892235176,1.5145741892235176,1.7204917643243614,1.7204917643243614
2024-08-08,1.7582561874571512,1.6493936546165193,1.4868639583604497,1.5946045395732855,1.6343541547949612,1.695427358444058,1.695427358444058,1.7297106265367272,1.7297106265367272,1.5179134601494246,1.5179134601494246,1.7280783033895966,1.7280783033895966
2024-08-09,1.7591800774451665,1.6498269982596887,1.4872546007294256,1.595023488523804,1.6352129394540216,1.6963182345137957,1.6963182345137957,1.7306195170280112,1.7306195170280112,1.518312260124795,1.518312260124795,1.728986336163431,1.728986336163431
2024-08-12,1.7881109502652544,1.663393243032969,1.4994840405282444,1.6081390934249666,1.6485772546783182,1.7242153030028768,1.7242153030028768,1.7590806926569513,1.7590806926569513,1.530797081736305,1.530797081736305,1.7574206530594358,1.7574206530594358
2024-08-13,1.7937519421168693,1.6660170141497974,1.504139520693712,1.6131319172566332,1.6536956277339543,1.7296547218897342,1.7296547218897342,1.7646301021341089,1.7646301021341089,1.5332117008803996,1.5332117008803996,1.762964825574177,1.762964825574177
2024-08-14,1.8244970848844952,1.68029488885216,1.5299206686999303,1.6407812091874558,1.6820401869648574,1.7593012299238608,1.7593012299238608,1.7948760927576153,1.7948760927576153,1.54635142536787,1.54635142536787,1.7931822731397609,1.7931822731397609
2024-08-15,1.8285879809395733,1.6821786714542597,1.5333510641113666,1.6444601766308793,1.6858116654847985,1.7632459435223728,1.7632459435223728,1.798900572483041,1.798900572483041,1.5480850436340245,1.5480850436340245,1.7972029549747706,1.7972029549747706
2024-08-16,1.8460717869099295,1.690220637661449,1.5480120007295692,1.6601834685664518,1.7019303342987293,1.780104990106898,1.780104990106898,1.8161005261615593,1.8161005261615593,1.5554859504568397,1.5554859504568397,1.814386677104446,1.814386677104446
2024-08-19,1.843069658406371,1.6888462979446497,1.5454945845682944,1.6574836363348666,1.699162612261104,1.777210138472189,1.777210138472189,1.8131471376781985,1.8131471376781985,1.5542211652134208,1.5542211652134208,1.8114360757256505,1.8114360757256505
2024-08-20,1.8494034649574993,1.6917482028447117,1.550805758608746,1.6631796666863634,1.7050018746220705,1.783317615292962,1.783317615292962,1.8193781139011567,1.8193781139011567,1.5568917469120644,1.5568917469120644,1.817661171793534,1.817661171793534
2024-08-21,1.8348884830452052,1.6783859856313772,1.5386343109164466,1.6501262560940984,1.691620223814395,1.7693213059854915,1.7693213059854915,1.8050987849633222,1.8050987849633222,1.5507821402269846,1.5507821402269846,1.803395318219031,1.803395318219031
2024-08-22,1.854384946555097,1.6962195441428292,1.554982948980851,1.6676595430681713,1.7095944016845712,1.7881210906035578,1.7881210906035578,1.8242787203751902,1.8242787203751902,1.5590209971624616,1.5590209971624616,1.8225571535787557,1.8225571535787557
2024-08-23,1.8499642953730102,1.6921759420057305,1.5512760394611709,1.663684024854395,1.705518915347856,1.783858405216915,1.783858405216915,1.8199298391482024,1.8199298391482024,1.5571627292697008,1.5571627292697008,1.8182123763789861,1.8182123763789861
2024-08-26,1.8525046844655577,1.6944996545857487,1.5534062669147677,1.6659686120546757,1.7078609506295745,1.7863080170535308,1.7863080170535308,1.8224289846312463,1.8224289846312463,1.5582318848265546,1.5582318848265546,1.8207091634253312,1.8207091634253312
2024-08-27,1.8417500211493458,1.6846622849815986,1.544388010964294,1.656296878607376,1.697946012400835,1.7759376566093394,1.7759376566093394,1.811848924935975,1.811848924935975,1.553708749357472,1.553708749357472,1.8101390881032111,1.8101390881032111
2024-08-28,1.8419153098788439,1.6848134757976814,1.5445266127990995,1.6564455237566051,1.6980983953713378,1.7760970389769561,1.7760970389769561,1.8120115301774065,1.8120115301774065,1.5537784685219194,1.5537784685219194,1.8103015398945248,1.8103015398945248
2024-08-29,1.8594982068537003,1.7008966809309016,1.5592706415620488,1.6722579288289046,1.714308418155147,1.793051635687341,1.793051635687341,1.8293089661026536,1.8293089661026536,1.561194641944021,1.561194641944021,1.8275826522772016,1.8275826522772016
2024-08-30,1.8212316045619228,1.66589393847668,1.5271824205108122,1.6378445430800461,1.6790296756421403,1.7561524369795538,1.7561524369795538,1.79166362801272,1.79166362801272,1.5451307344223222,1.5451307344223222,1.7899728399889847,1.7899728399889847
2024-09-03,1.8175035624963525,1.662483870990555,1.525542998160705,1.6360863255194822,1.6755927194392852,1.752557611290051,1.752557611290051,1.7879961112862077,1.7879961112862077,1.543549301187718,1.543549301187718,1.7863087842878909,1.7863087842878909
2024-09-04,1.8130829113142657,1.6584402688534563,1.5236877353713214,1.6340966273702886,1.67151723310257,1.7482949259034082,1.7482949259034082,1.7836472300592199,1.7836472300592199,1.541672140343661,1.541672140343661,1.7819640070881213,1.7819640070881213
2024-09-05,1.782568638252145,1.6305286389411056,1.5108658662421204,1.620345664745716,1.6433855172496201,1.7188710377683278,1.7188710377683278,1.7536283609358716,1.7536283609358716,1.5286989320118343,1.5286989320118343,1.7519734666887625,1.7519734666887625
2024-09-06,1.8025268411730477,1.64878455388654,1.519323932567772,1.6294166163166777,1.6617853818757031,1.7381160621844876,1.7381160621844876,1.7732625393480566,1.7732625393480566,1.5372568306630683,1.5372568306630683,1.7715891163809376,1.7715891163809376
2024-09-09,1.810378055824208,1.6559661176504705,1.522632770485401,1.6329652180125458,1.6690235729745806,1.7456867246462786,1.7456867246462786,1.7809862883160457,1.7809862883160457,1.5406047234865792,1.5406047234865792,1.7793055764683303,1.7793055764683303
2024-09-10,1.8289506293460844,1.6729545871974003,1.5304430753511942,1.6413414702745068,1.6861459982708278,1.7635956331946072,1.7635956331946072,1.7992573332366295,1.7992573332366295,1.548507215013985,1.548507215013985,1.7975593790542204,1.7975593790542204
2024-09-11,1.844356196800898,1.6870461730108042,1.5432577399002105,1.6482541218056577,1.7003486976210624,1.778450704214161,1.778450704214161,1.8144127889230715,1.8144127889230715,1.5550288870515985,1.5550288870515985,1.812700532578935,1.812700532578935
2024-09-12,1.8539887881200943,1.695857175109756,1.5513177725199563,1.6525583224728266,1.7092291753361162,1.7877390883368953,1.7877390883368953,1.8238889936336011,1.8238889936336011,1.559089642177017,1.559089642177017,1.822167794621218,1.822167794621218
2024-09-13,1.8567269480556483,1.698361790133893,1.5536089169967975,1.65377865590169,1.711753539495476,1.7903794039516794,1.7903794039516794,1.826582699119452,1.826582699119452,1.5602409535607487,1.5602409535607487,1.8248589580646322,1.8248589580646322
2024-09-16,1.8574857548971624,1.699055876330611,1.5542438456148633,1.6541165888863336,1.71245309862996,1.791111095890576,1.791111095890576,1.8273291866146297,1.8273291866146297,1.5605597730595482,1.5605597730595482,1.8256047411016199,1.8256047411016199
2024-09-17,1.8519767473295494,1.6940167466060223,1.5496342053606467,1.6491280361173561,1.7073742348730443,1.7857989450136813,1.7857989450136813,1.821909618636227,1.821909618636227,1.5582455869138856,1.5582455869138856,1.8201902875545692,1.8201902875545692
2024-09-18,1.88357978794319,1.7229242802024205,1.5760779243754321,1.6772695667157616,1.7365097072083104,1.8162726951125647,1.8162726951125647,1.8529995790016403,1.8529995790016403,1.5715409208429627,1.5715409208429627,1.8512509084101425,1.8512509084101425
2024-09-19,1.8803237644384747,1.7199459715642134,1.5733534596089924,1.6743701784509653,1.733507914314254,1.8131330210599372,1.8131330210599372,1.849796417541703,1.849796417541703,1.57018260987317,1.57018260987317,1.8480507697648394,1.8480507697648394
2024-09-20,1.8850223638323542,1.7242438149741277,1.5772849940348654,1.6785541359450882,1.7378396466411679,1.817663722567249,1.817663722567249,1.8544187344483116,1.8544187344483116,1.5721444153873478,1.5721444153873478,1.8526687246037332,1.8526687246037332
2024-09-23,1.890415833755716,1.7291772615660814,1.5817979586230422,1.6833568541624724,1.742811993943578,1.8228644643762326,1.8228644643762326,1.8597246405539725,1.8597246405539725,1.574393543509715,1.574393543509715,1.8579696235404377,1.8579696235404377
2024-09-24,1.8862464049958265,1.7253634544255663,1.5783092056284618,1.6796441067576022,1.7389681145595421,1.818844024329425,1.818844024329425,1.855622903114334,1.855622903114334,1.572657332459617,1.572657332459617,1.8538717568991072,1.8538717568991072
2024-09-25,1.8937248976736283,1.7322040866601958,1.5845668047450658,1.6863034732753757,1.745862685850557,1.826055283516976,1.826055283516976,1.8629799813078018,1.8629799813078018,1.5757749278899758,1.5757749278899758,1.8612218922381771,1.8612218922381771
2024-09-26,1.8909785144181988,1.7296919497049104,1.5822687794379016,1.6838579038960717,1.7433307404488838,1.8234070384311665,1.8234070384311665,1.8602781860089443,1.8602781860089443,1.574632290466346,1.574632290466346,1.8585226466160907,1.8585226466160907
2024-09-27,1.8985563036834976,1.7366234092581567,1.5886094645806574,1.6906056909550686,1.750316855240835,1.830714045981353,1.830714045981353,1.867732948694466,1.867732948694466,1.5777873320431033,1.5777873320431033,1.865970374262629,1.865970374262629
2024-09-30,1.8815480111849436,1.7210657990639306,1.5743778432233468,1.675460332328782,1.7346365717636862,1.8143135210588892,1.8143135210588892,1.8510007884530504,1.8510007884530504,1.570719996617802,1.570719996617802,1.84925400411468,1.84925400411468
2024-10-01,1.8823421783019227,1.7217922295645869,1.5746313824254132,1.6761675135932665,1.7353687302401188,1.8150793097231965,1.8150793097231965,1.8517820621441565,1.8517820621441565,1.571051482756843,1.571051482756843,1.850034540519959,1.850034540519959
2024-10-02,1.8789009245170114,1.7186444894272621,1.5716739467253034,1.6731031834907015,1.7321961698629493,1.8117610243357152,1.8117610243357152,1.848396677646247,1.848396677646247,1.569615403035619,1.569615403035619,1.846652350800062,1.846652350800062
2024-10-03,1.8959750035745697,1.7342622750706755,1.5787364753849134,1.688307123013865,1.7479371032786069,1.8282249850263848,1.8282249850263848,1.865193556391715,1.865193556391715,1.5767471621219264,1.5767471621219264,1.8634333783773895,1.8634333783773895
2024-10-04,1.8788347267920136,1.7185839378815178,1.5716003105874352,1.6730442364632194,1.7321351408623253,1.8116971920939584,1.8116971920939584,1.8483315546515446,1.8483315546515446,1.5696199893680856,1.5696199893680856,1.84658728926175,1.84658728926175
2024-10-07,1.8966038819620508,1.734837514755249,1.579032047234061,1.6888671197749467,1.7485168787845369,1.8288313913230756,1.8288313913230756,1.86581222484139,1.86581222484139,1.577042361530829,1.577042361530829,1.864051462991355,1.864051462991355
2024-10-08,1.9097404298802094,1.7468536117165319,1.5845005138838655,1.7005648095547308,1.760627723849401,1.8414985230498622,1.8414985230498622,1.878735498874004,1.878735498874004,1.5825039375479002,1.5825039375479002,1.8769625413659112,1.8769625413659112
2024-10-09,1.906398472682795,1.743796698897824,1.5831141126709494,1.697588899993389,1.7575467069731676,1.838275986025016,1.838275986025016,1.8754477988681482,1.8754477988681482,1.5811192832929875,1.5811192832929875,1.8736779439534823,1.8736779439534823
2024-10-10,1.9178142909169993,1.754238831766305,1.5878540826229874,1.707754333189239,1.768071177083918,1.849283875939674,1.849283875939674,1.8866782795291446,1.8866782795291446,1.5858532805667231,1.5858532805667231,1.8848978264408565,1.8848978264408565
2024-10-11,1.9334992456645839,1.7685859751904756,1.5943472607032803,1.7217213004617882,1.782531449141756,1.8644083507373264,1.8644083507373264,1.9021085866124836,1.9021085866124836,1.5923382768095304,1.5923382768095304,1.900313571985963,1.900313571985963
2024-10-14,1.9184760625839823,1.754844159175472,1.588153265322804,1.708343620398759,1.768681277559102,1.8499220001204675,1.8499220001204675,1.8873293072308452,1.8873293072308452,1.586152086276382,1.586152086276382,1.885548239769511,1.885548239769511
2024-10-15,1.9268147145207644,1.7624715854082238,1.5916047176395856,1.7157689321431968,1.776368846796116,1.8579626819773072,1.8579626819773072,1.8955325798647966,1.8955325798647966,1.5895991895330277,1.5895991895330277,1.8937437709977052,1.8937437709977052
2024-10-16,1.9269800032502626,1.7626227762243065,1.5916729842766577,1.7159161166466,1.7765212297666189,1.8581220643449239,1.8581220643449239,1.895695185106228,1.895695185106228,1.5896673701495836,1.5896673701495836,1.8939062227890189,1.8939062227890189
2024-10-17,1.9343925037860634,1.7694030449614702,1.594734322959174,1.722516719202194,1.7833549615880675,1.8652696895274936,1.8652696895274936,1.9029873425503185,1.9029873425503185,1.592724851341164,1.592724851341164,1.9011914986442437,1.9011914986442437
2024-10-18,1.9312158353181472,1.7664973229588452,1.592035706037208,1.7196879941442553,1.7804263276823369,1.862206534870264,1.862206534870264,1.8998622477858942,1.8998622477858942,1.5914170612201262,1.5914170612201262,1.8980693530231285,1.8980693530231285
2024-10-21,1.9301899761636752,1.765558962048083,1.5911900188936912,1.7187744982835829,1.7794805677037195,1.8612173333598077,1.8612173333598077,1.898853043613329,1.898853043613329,1.5909943819599992,1.5909943819599992,1.8970611012337573,1.8970611012337573
2024-10-22,1.9125528052776402,1.7494261121692833,1.5766504706513158,1.7030691428962146,1.7632205087206407,1.8442104021406531,1.8442104021406531,1.8815022149222387,1.8815022149222387,1.5837255016580918,1.5837255016580918,1.8797266464718432,1.8797266464718432
2024-10-23,1.9166893407580277,1.753209831585205,1.5782766552635248,1.7067525998526465,1.7670340631354224,1.848199124303358,1.848199124303358,1.885571593109851,1.885571593109851,1.5854381698549451,1.5854381698549451,1.8837921843984844,1.8837921843984844
2024-10-24,1.9160277746740415,1.7526046922243166,1.5780042756232602,1.7061634957084293,1.766424152191296,1.84756119835934,1.84756119835934,1.8849207676534752,1.8849207676534752,1.5851645542775197,1.5851645542775197,1.8831419731242967,1.8831419731242967
2024-10-25,1.9219506208143904,1.7580223631339484,1.5804432477135575,1.7114376070803692,1.7718845419676421,1.8532723998656035,1.8532723998656035,1.8907474554714319,1.8907474554714319,1.5876145933338994,1.5876145933338994,1.8889631623130316,1.8889631623130316
2024-10-28,1.9250608859743121,1.7608673455425505,1.5817220520484248,1.714207202045523,1.7747519573416908,1.8562715240443006,1.8562715240443006,1.8938072249958287,1.8938072249958287,1.5888992003117146,1.5888992003117146,1.8920200443413682,1.8920200443413682
2024-10-29,1.9192373364214603,1.7555405019515355,1.579329598693818,1.7090215112148066,1.769383111066281,1.8506560709006725,1.8506560709006725,1.888078221669926,1.888078221669926,1.5864958910722724,1.5864958910722724,1.8862964474601016,1.8862964474601016
2024-10-30,1.8816142089099428,1.7211263506096757,1.5638496687896921,1.6755192793562654,1.734697600764311,1.8143773533006466,1.8143773533006466,1.8510659114477537,1.8510659114477537,1.5709457201596941,1.5709457201596941,1.8493190656529934,1.8493190656529934
2024-10-31,1.889555674496737,1.72839046756796,1.5671498294360149,1.6825909089358095,1.7420189959975798,1.8220350417069449,1.8220350417069449,1.8588784461134895,1.8588784461134895,1.5742608554611535,1.5742608554611535,1.857124227651315,1.857124227651315
2024-11-01,1.8854855423243446,1.7246674877460617,1.5654619969403025,1.6789665820721629,1.7382666601144803,1.8181103500227727,1.8181103500227727,1.8548743931659053,1.8548743931659053,1.5725653643353743,1.5725653643353743,1.8531239533174526,1.8531239533174526
2024-11-04,1.9082844910962482,1.745521853806709,1.5749266380291451,1.6992683410807272,1.7592854648977845,1.8400946102047615,1.8400946102047615,1.8773031974811973,1.8773031974811973,1.5820729517384986,1.5820729517384986,1.8755315916319786,1.8755315916319786
2024-11-05,1.955735102608012,1.7889252770157376,1.594507374656554,1.7415216436061494,1.8030311283576397,1.8858496403908307,1.8858496403908307,1.9239834409821541,1.9239834409821541,1.601742537003819,1.601742537003819,1.9221677831159036,1.9221677831159036
2024-11-06,1.9708571711101168,1.8027575442528003,1.6067566450268211,1.7549873780797962,1.8169724643791143,1.9004313428967734,1.9004313428967734,1.9388600003651957,1.9388600003651957,1.60793500661154,1.60793500661154,1.9370303035308902,1.9370303035308902
2024-11-07,1.9793942106388962,1.8105664370745072,1.6137165329338663,1.762589347841378,1.8248429310869432,1.9086633232421084,1.9086633232421084,1.9472584397379298,1.9472584397379298,1.611417502682886,1.611417502682886,1.9454208173195542,1.9454208173195542
2024-11-08,1.9812802290523484,1.8122915919833915,1.6152541241215372,1.764268788928715,1.8265816890115594,1.9104819474218535,1.9104819474218535,1.9491138383509783,1.9491138383509783,1.6121852029887385,1.6121852029887385,1.9472744649980496,1.9472744649980496
2024-11-11,1.9751256908745065,1.8066619906636536,1.6102365889803434,1.7587883629605872,1.8209076977330285,1.904547333069441,1.904547333069441,1.9430592200515624,1.9430592200515624,1.6096812019806903,1.6096812019806903,1.9412255604252222,1.9412255604252222
2024-11-12,1.9760855578869774,1.80753998807695,1.6110191280314918,1.7596430948590802,1.8217926182420794,1.9054729005749163,1.9054729005749163,1.94400350347475,1.94400350347475,1.6100723365534202,1.6100723365534202,1.9421689527307482,1.9421689527307482
2024-11-13,1.963379089598309,1.7959172881147283,1.6006600808834224,1.7483283776926284,1.8100782721502149,1.893220480182774,1.893220480182774,1.931503326662378,1.931503326662378,1.6048958569710394,1.6048958569710394,1.9296805723007542,1.9296805723007542
2024-11-14,1.9382307383379669,1.7729139063249841,1.5801576918258413,1.725934548404351,1.7868935064379246,1.8689707701287412,1.8689707701287412,1.9067632627711188,1.9067632627711188,1.5946175350307685,1.5946175350307685,1.9049638555395476,1.9049638555395476
2024-11-15,1.9461722039247609,1.7801780232832682,1.5866320334422082,1.7330061779838948,1.7942149016711932,1.8766284585350395,1.8766284585350395,1.9145757974368547,1.9145757974368547,1.5978843288206048,1.5978843288206048,1.9127690175378689,1.9127690175378689
2024-11-18,1.9532864035320767,1.7866854339680236,1.5924319400314124,1.7393411527852127,1.800773623927717,1.8834884421561515,1.8834884421561515,1.9215744969141328,1.9215744969141328,1.6008048484030208,1.6008048484030208,1.919761112361755,1.919761112361755
2024-11-19,1.9539483807820568,1.7872909494254694,1.592971622135653,1.7399306230600355,1.8013839139339591,1.8841267645737207,1.8841267645737207,1.922225726861159,1.922225726861159,1.6010761082626566,1.6010761082626566,1.9204117277448765,1.9204117277448765
2024-11-20,1.9644376364492864,1.7968855487018054,1.6015230694407934,1.7492709809364366,1.8110541675670286,1.8942412013405578,1.8942412013405578,1.9325446878416443,1.9325446878416443,1.605373585311548,1.605373585311548,1.930720950750348,1.930720950750348
2024-11-21,1.9705263880681239,1.802454974572356,1.606486971577839,1.7546928260076875,1.8166675089070508,1.9001123799247648,1.9001123799247648,1.9385345876370077,1.9385345876370077,1.6078615036946615,1.6078615036946615,1.9367051978937966,1.9367051978937966
2024-11-22,1.9772103024629528,1.8085688002097717,1.611936084799287,1.7606446451303708,1.8228295426595174,1.9065574539744572,1.9065574539744572,1.9451099876487192,1.9451099876487192,1.6105883914731023,1.6105883914731023,1.9432743927186542,1.9432743927186542
2024-11-25,1.9875342694006841,1.8180122086700248,1.620352779181505,1.7698378185033687,1.832347413322084,1.9165125083736776,1.9165125083736776,1.9552663433877733,1.9552663433877733,1.6147932201863529,1.6147932201863529,1.953421163932812,1.953421163932812
2024-11-26,1.9815119210898415,1.8125035223934975,1.6154430128580215,1.7644751035249029,1.826795290513744,1.9107053602680033,1.9107053602680033,1.9493417688324377,1.9493417688324377,1.6123467599235866,1.6123467599235866,1.9475021803821424,1.9475021803821424
2024-11-27,1.993821614194516,1.8237632891778095,1.6254785859498229,1.7754365046570668,1.838143841663979,1.9225751836831555,1.9225751836831555,1.9614516121672447,1.9614516121672447,1.6173549290851577,1.6173549290851577,1.9596005956911975,1.9596005956911975
2024-11-29,1.9973952634294234,1.8270321324066234,1.628392031297031,1.7786187288145965,1.8414384600423972,1.9260211335541508,1.9260211335541508,1.9649672426545597,1.9649672426545597,1.6188043714935836,1.6188043714935836,1.9631129084877188,1.9631129084877188
2024-12-02,1.998321414830405,1.8278792899022116,1.6291470834335537,1.7794434380034403,1.8422922974579627,1.9269141902284208,1.9269141902284208,1.9658783578444208,1.9658783578444208,1.6191796747607998,1.6191796747607998,1.9640231638606884,1.9640231638606884
2024-12-03,2.010730198939579,1.8392296959568615,1.639263441237853,1.7904930766115246,1.8537322025780762,1.9388795637694325,1.9388795637694325,1.9780856834259564,1.9780856834259564,1.6242069068339182,1.6242069068339182,1.9762189694227448,1.9762189694227448
2024-12-04,2.0074211350216666,1.8362028708627471,1.636565701129203,1.7875464574986213,1.8506815106710972,1.935688744628689,1.935688744628689,1.9748303426721268,1.9748303426721268,1.622870426068507,1.622870426068507,1.9729667007250051,1.9729667007250051
2024-12-05,2.011226887460061,1.8396840205982246,1.6396683704191712,1.7909353623829445,1.8541901096138158,1.939358503819385,1.939358503819385,1.9785743081315512,1.9785743081315512,1.6244087786775976,1.6244087786775976,1.9767071330145527,1.9767071330145527
2024-12-06,2.000869410493837,1.8302099602685418,1.6312243567254652,1.7817123493656,1.8446413453888213,1.929371136825735,1.929371136825735,1.9683849864044956,1.9683849864044956,1.6202260639839476,1.6202260639839476,1.9665274269223052,1.9665274269223052
2024-12-09,1.9946486745909973,1.8245198074030595,1.6261528533738474,1.77617297636999,1.8389063251096665,1.9233726902315655,1.9233726902315655,1.9622652451103773,1.9622652451103773,1.6177074092446426,1.6177074092446426,1.9604134608111659,1.9604134608111659
2024-12-10,2.0100686328555932,1.8386245565959731,1.6387240943398886,1.7899039724673074,1.85312229163395,1.9382416378254146,1.9382416378254146,1.9774348579695809,1.9774348579695809,1.623960385283141,1.623960385283141,1.975568758148557,1.975568758148557
2024-12-11,1.9997115670553631,1.829150872362848,1.6302804158524584,1.7806813255805685,1.8435739064710714,1.928254667305316,1.928254667305316,1.9672459407331757,1.9672459407331757,1.6197765817322518,1.6197765817322518,1.9653894561652434,1.9653894561652434
2024-12-12,1.9993143807053753,1.8287875630883805,1.6299566065899143,1.7803276434156747,1.8432077324673262,1.9278716738547745,1.9278716738547745,1.9668552027649602,1.9668552027649602,1.6196157202463024,1.6196157202463024,1.9649990869353706,1.9649990869353706
2024-12-13,2.007851625817151,1.8365966439583659,1.6369166621000972,1.787929796242559,1.8510783887062126,1.9361038524368848,1.9361038524368848,1.9752538443830192,1.9752538443830192,1.6230736697624135,1.6230736697624135,1.973389802778501,1.973389802778501
2024-12-16,1.999579171605367,1.8290297692713589,1.6301724794316104,1.7805634315256038,1.8434518484698228,1.928127002821802,1.928127002821802,1.9671156947437705,1.9671156947437705,1.6197300953561131,1.6197300953561131,1.9652593330886192,1.9652593330886192
2024-12-17,1.9399845668844207,1.7745181461906587,1.5815875141958027,1.7274962785020265,1.788510395892351,1.8706619280617487,1.8706619280617487,1.9084886176400884,1.9084886176400884,1.5955932229186314,1.5955932229186314,1.9066875821958864,1.9066875821958864
2024-12-18,1.9393889929424355,1.7739733703272362,1.5812656616747538,1.7269659383199887,1.7881464346352762,1.8702812489958274,1.8702812489958274,1.90790271293309,1.90790271293309,1.5953482999017683,1.5953482999017683,1.906102230405544,1.906102230405544
2024-12-19,1.962682985570846,1.7952805566430172,1.590761949113904,1.7477085185775512,1.798885144099569,1.8815132189063775,1.8815132189063775,1.9308185239913758,1.9308185239913758,1.6049291605936908,1.6049291605936908,1.9289964158761437,1.9289964158761437
2024-12-20,1.9744357543369502,1.806030900640304,1.600208074349396,1.758173995804592,1.8042711084378782,1.8871465763957793,1.8871465763957793,1.9423804847403152,1.9423804847403152,1.6097344096963493,1.6097344096963493,1.9405474656346162,1.9405474656346162
2024-12-23,1.996381739254765,1.8261050543925843,1.6179944936785124,1.7777162168720886,1.8142984052102473,1.8976344563413072,1.8976344563413072,1.963970173201505,1.963970173201505,1.6186805622868514,1.6186805622868514,1.9621167799663568,1.9621167799663568
2024-12-24,1.9965147514537513,1.8262267216289094,1.6181022952083104,1.777834660122961,1.8143588455097526,1.8976976728411747,1.8976976728411747,1.9641010259268854,1.9641010259268854,1.6187344859069719,1.6187344859069719,1.9622475092063814,1.9622475092063814
2024-12-26,1.9754982072648684,1.8070027341446766,1.60106915364769,1.7591200772891524,1.8048093160551415,1.8877095054686657,1.8877095054686657,1.9434256885807595,1.9434256885807595,1.6102145877122902,1.6102145877122902,1.9415916831190794,1.9415916831190794
2024-12-27,1.9529547981580966,1.7863821120944654,1.5827985438307945,1.7390458684518937,1.7945115201315816,1.876938701551956,1.876938701551956,1.9212482752046451,1.9212482752046451,1.6010271012172383,1.6010271012172383,1.9194351985067952,1.9194351985067952
2024-12-30,1.9458498497856407,1.7798831635822518,1.5770402426409655,1.732719131589199,1.7912472582765868,1.8735245025686083,1.8735245025686083,1.9142586767669991,1.9142586767669991,1.598114792415268,1.598114792415268,1.9124521961339151,1.9124521961339151
2024-12-31,1.941068606027012,1.7755097247642961,1.5731652191811318,1.7284615818433746,1.7890465772284734,1.8712227377804538,1.8712227377804538,1.9095550572396747,1.9095550572396747,1.5961513890268593,1.5961513890268593,1.9077530153993645,1.9077530153993645
2025-01-02,1.9653387067246473,1.7977097643073914,1.5928352494752658,1.7500733561583466,1.8002312258409117,1.8829211301331568,1.8829211301331568,1.9334311291018358,1.9334311291018358,1.6061301076615506,1.6061301076615506,1.9316065554783677,1.9316065554783677
2025-01-03,1.9766601623632802,1.8080655830159449,1.6020108758214433,1.7601547623802392,1.8105115580238824,1.8936736681484116,1.8936736681484116,1.9445687791585826,1.9445687791585826,1.6107562137626377,1.6107562137626377,1.9427336949654774,1.9427336949654774
2025-01-06,1.9543157575974963,1.7876269916995249,1.5839015517554669,1.7402577607560328,1.7900453171111055,1.8722673527174243,1.8722673527174243,1.9225871392572265,1.9225871392572265,1.6016521225524716,1.6016521225524716,1.9207727990770633,1.9207727990770633
2025-01-07,1.9571713054242732,1.7902389822908051,1.586215868987143,1.7428005378110916,1.7926608412377658,1.8750030155443822,1.8750030155443822,1.9253963268237455,1.9253963268237455,1.602822249288652,1.602822249288652,1.9235793356210247,1.9235793356210247
2025-01-08,1.927290227992568,1.7629065410768807,1.56199834695765,1.7161923621884363,1.7652914243362652,1.8463764409891126,1.8463764409891126,1.8960003733019004,1.8960003733019004,1.5905867194687746,1.5905867194687746,1.894211122979434,1.894211122979434
2025-01-10,1.9302785824353348,1.7656400108562076,1.5631312231122834,1.7188533994290651,1.7665717435917272,1.847715569066007,1.847715569066007,1.898940211348475,1.898940211348475,1.591819859351054,1.591819859351054,1.8971481867089532,1.8971481867089532
2025-01-13,1.932934509172133,1.7680694065688605,1.5642066020877237,1.7212184200751632,1.7677870824472093,1.8489867320024183,1.8489867320024183,1.9015530187042604,1.9015530187042604,1.5929149750931773,1.5929149750931773,1.899758528365644,1.899758528365644
2025-01-14,1.9680945467979332,1.800230551483497,1.5925812765930627,1.7525273465415765,1.7838650871696426,1.865803246674365,1.865803246674365,1.9361422276856504,1.9361422276856504,1.6074025198582,1.6074025198582,1.9343150956059272,1.9343150956059272
2025-01-15,1.9643095582422245,1.7967683946241693,1.5895184654513175,1.7491569312528301,1.7803452106938655,1.8621216919404149,1.8621216919404149,1.9324186890040675,1.9324186890040675,1.6058568623713738,1.6058568623713738,1.9305950708175275,1.9305950708175275
2025-01-16,1.9840311351337085,1.8148078660008082,1.6054771571479989,1.7667183857446793,1.7982197940652889,1.880817307392068,1.880817307392068,1.9518200830469892,1.9518200830469892,1.6139182265934964,1.6139182265934964,1.9499781558184064,1.9499781558184064
2025-01-17,2.0021921314958147,1.8314198628937606,1.6201730277389834,1.7828901915234292,1.8146799506424616,1.8980335272751452,1.8980335272751452,1.9696862328265958,1.9696862328265958,1.6213047949096047,1.6213047949096047,1.967827445361747,1.967827445361747
2025-01-21,2.01344738940945,1.8417151300565695,1.6292807776921778,1.7929126507178395,1.8248811149332853,1.9087032609845909,1.9087032609845909,1.98075875988864,1.98075875988864,1.6258618509823621,1.6258618509823621,1.9788895233105446,1.9788895233105446
2025-01-22,2.0244366229251116,1.8517670627467278,1.6381732608148134,1.8026982234105042,1.8348411689261561,1.919120809492385,1.919120809492385,1.9915695814999228,1.9915695814999228,1.6302987624305154,1.6302987624305154,1.9896901427792928,1.9896901427792928
2025-01-23,2.018526728513567,1.8463612388786548,1.633390976751387,1.7974356451526372,1.8294847564568733,1.9135183612760953,1.9135183612760953,1.9857556351374517,1.9857556351374517,1.6279191143259195,1.6279191143259195,1.983881683021967,1.983881683021967
2025-01-24,1.9899741284077532,1.8202439656417537,1.61028622479699,1.772010437516288,1.8036062055747348,1.8864511325924893,1.8864511325924893,1.9576665909068123,1.9576665909068123,1.6164054388270108,1.6164054388270108,1.9558191463448888,1.9558191463448888
2025-01-27,2.0070724662589443,1.8358839409820549,1.6241221925694596,1.7872359787451748,1.81910322526619,1.9026599758856617,1.9026599758856617,1.9744873346006495,1.9744873346006495,1.623349711594939,1.623349711594939,1.9726240163492996,1.9726240163492996
2025-01-28,1.9980751264001324,1.8276540080643167,1.6168415489532262,1.7792241257707582,1.8109485172368942,1.8941306981806516,1.8941306981806516,1.9656360679448748,1.9656360679448748,1.6197111212324924,1.6197111212324924,1.9637811026094532,1.9637811026094532
2025-01-29,2.0087989522668113,1.8374631704266602,1.6255192643183256,1.7887733611575853,1.820668019920138,1.9042966461510946,1.9042966461510946,1.9761857908413714,1.9761857908413714,1.6240576795247508,1.6240576795247508,1.9743208697615522,1.9743208697615522
2025-01-30,1.9981084308456283,1.8276844718854675,1.6168684988964643,1.779253782349802,1.8109787026064987,1.894162270052883,1.894162270052883,1.965668831687551,1.965668831687551,1.619736185979415,1.619736185979415,1.9638138354330759,1.9638138354330759
2025-01-31,1.9846618637681623,1.81538479811989,1.6059875424927863,1.767280030093486,1.7987914527933568,1.881415224083465,1.881415224083465,1.9524405717045907,1.9524405717045907,1.6142860585147727,1.6142860585147727,1.9505980589225733,1.9505980589225733
2025-02-03,1.9979756242296387,1.8275629926974208,1.6167610318388594,1.779135522164232,1.8108583337869644,1.8940363723401576,1.8940363723401576,1.9655381812074955,1.9655381812074955,1.6197006377667167,1.6197006377667167,1.963683308247518,1.963683308247518
2025-02-04,2.0060766222220177,1.8349730351199838,1.6233163559950956,1.786349210418702,1.8182006454491237,1.9017159379283197,1.9017159379283197,1.973507658245558,1.973507658245558,1.6229842593123656,1.6229842593123656,1.971645264512082,1.971645264512082
2025-02-05,2.0130487639784835,1.8413505044441505,1.6289582101616884,1.7925576870958266,1.8245198221452401,1.908325372958314,1.908325372958314,1.9803666062031482,1.9803666062031482,1.6258046092927927,1.6258046092927927,1.9784977396994041,1.9784977396994041
2025-02-06,1.994622359967395,1.8244957372233837,1.614047571813168,1.7761495440112394,1.8078191142584403,1.8908575525378857,1.8908575525378857,1.9622393577087556,1.9622393577087556,1.6183637233316617,1.6183637233316617,1.9603875978394145,1.9603875978394145
2025-02-07,2.008168223632358,1.836886238307578,1.6250088789735384,1.7882117168087788,1.82009636119207,1.9036987294596979,1.9036987294596979,1.9755653021837698,1.9755653021837698,1.62385903281895,1.62385903281895,1.9737009666573853,1.9737009666573853
2025-02-10,2.00969549971624,1.8382832489701137,1.6262447501359971,1.7895717089428345,1.8214806026167163,1.9051465531560425,1.9051465531560425,1.9770677827044085,1.9770677827044085,1.624476531152813,1.624476531152813,1.975202029291301,1.975202029291301
2025-02-11,2.0032212799782374,1.832361232576982,1.6210058142565862,1.7838066164289461,1.815612715829133,1.899009137104719,1.899009137104719,1.9706986729243638,1.9706986729243638,1.6218599113655374,1.6218599113655374,1.9688389300225877,1.9688389300225877
2025-02-12,2.0243702196171167,1.851706323152704,1.638119527286011,1.8026390933177194,1.8347809845163892,1.9190578606360227,1.9190578606360227,1.991504256259895,1.991504256259895,1.630421276430649,1.630421276430649,1.989624879186514,1.989624879186514
2025-02-13,2.024270717446623,1.8516153077858084,1.6380390101716442,1.8025504897111932,1.8346908010664593,1.9189635347955285,1.9189635347955285,1.991406369522516,1.991406369522516,1.6303812070662975,1.6303812070662975,1.9895270848245792,1.9895270848245792
2025-02-14,2.0302139163036634,1.8570515954750324,1.642848244178309,1.8078427245481041,1.8400773989053467,1.9245975548840497,1.9245975548840497,1.9972530796276635,1.9972530796276635,1.6327745825281033,1.6327745825281033,1.995368277405528,1.995368277405528
2025-02-18,2.0349947488962985,1.8614246581964309,1.646716891894418,1.8120999081633231,1.844410490079145,1.9291296776540716,1.9291296776540716,2.0019562946643377,2.0019562946643377,1.6346970454463923,1.6346970454463923,2.000067054031145,2.000067054031145
2025-02-19,2.0265284299184487,1.8536804539826004,1.6398659501509305,1.804560912865884,1.8367370709985447,1.9211037959118638,1.9211037959118638,1.9936274276834598,1.9936274276834598,1.6312965780431217,1.6312965780431217,1.991746046979063,1.991746046979063
2025-02-20,1.9918667254771056,1.8219751380955564,1.6118177135466993,1.7736957366933124,1.8053215544178216,1.8882452724428793,1.8882452724428793,1.9595284613702657,1.9595284613702657,1.617345744931301,1.617345744931301,1.9576792597663222,1.9576792597663222
2025-02-21,1.9828027767273022,1.8136842775355164,1.6044831700439892,1.765624570560808,1.7971064756493165,1.8796528509934063,1.8796528509934063,1.950611667229138,1.950611667229138,1.6136658955831327,1.6136658955831327,1.9487708803792299,1.9487708803792299
2025-02-24,1.9729417826985631,1.8046643537989182,1.596503657837974,1.7568436602495807,1.7881689976341628,1.8703048483794795,1.8703048483794795,1.940910767962352,1.940910767962352,1.609653305438643,1.609653305438643,1.9390791358243236,1.9390791358243236
2025-02-25,1.9739378323184866,1.8055754477092678,1.5968268341211012,1.7577306116413562,1.7890717637806715,1.8712490812249218,1.8712490812249218,1.9418906465627688,1.9418906465627688,1.6100596262376525,1.6100596262376525,1.9400580897160078,1.9400580897160078
2025-02-26,1.9424297710494085,1.7767547924176337,1.5840825326284598,1.7296736572128166,1.7605145408402867,1.8413801412129205,1.8413801412129205,1.910894123537581,1.910894123537581,1.5972097136112806,1.5972097136112806,1.9090908180240997,1.9090908180240997
2025-02-27,1.9727427783575755,1.8044823230651275,1.5964429036709518,1.743083571441812,1.7879886307343036,1.8556560999486453,1.8556560999486453,1.940714994487594,1.940714994487594,1.609672514182757,1.609672514182757,1.9388835471004537,1.9388835471004537
2025-02-28,1.9381801649207326,1.7728676464484217,1.582457999110939,1.7278140886869409,1.7566629249446264,1.8394004772800778,1.8394004772800778,1.9067135104211288,1.9067135104211288,1.5955717176982989,1.5955717176982989,1.9049141501407143,1.9049141501407143
2025-03-03,1.9152383359659917,1.7518825868340708,1.573092388678859,1.7175882036000742,1.7358696771936555,1.8285141799448779,1.8285141799448779,1.8841441456048482,1.8841441456048482,1.5861284951086299,1.5861284951086299,1.8823660839717566,1.8823660839717566
2025-03-04,1.9358229502784128,1.7707114848847343,1.5815460363243432,1.7268183578985572,1.7451112808942735,1.8383404398030208,1.8383404398030208,1.904394565522806,1.904394565522806,1.5946521975399737,1.5946521975399737,1.9025973936242955,1.9025973936242955
2025-03-05,1.901459957931548,1.7392794031466559,1.5675089431246239,1.711491892735935,1.7140463754469208,1.822024154665788,1.822024154665788,1.8705894616670744,1.8705894616670744,1.5804987799322074,1.5804987799322074,1.8688241915518264,1.8688241915518264
2025-03-06,1.9121173804902323,1.7490278259149765,1.5719017795610974,1.7162882315256538,1.7187641706806793,1.8271302525479451,1.8271302525479451,1.8810738593235434,1.8810738593235434,1.5849280194965116,1.5849280194965116,1.8792986951111468,1.8792986951111468
2025-03-07,1.861187071173139,1.7024414975405047,1.550967540725663,1.6934310859861688,1.6958740511333477,1.8027969375866462,1.8027969375866462,1.8309704114488716,1.8309704114488716,1.5638203000902924,1.5638203000902924,1.8292425297220318,1.8292425297220318
2025-03-10,1.8457153059933273,1.6882893601813562,1.5445210620338428,1.6863924683973261,1.688825279545564,1.7953037491486772,1.7953037491486772,1.8157498327677268,1.8157498327677268,1.5573203998811294,1.5573203998811294,1.8140363146590048,1.8140363146590048
2025-03-11,1.8555096911310747,1.6972483562756526,1.5486191030713203,1.6908669334665725,1.6933061995348284,1.8000671859315078,1.8000671859315078,1.82538520454916,1.82538520454916,1.5614524010976165,1.5614524010976165,1.8236625935666655,1.8236625935666655
2025-03-12,1.830774561694478,1.6746229515261155,1.538297062139509,1.6795967653129742,1.6820197728938138,1.788069163218017,1.788069163218017,1.8010516537614794,1.8010516537614794,1.5510448221356627,1.5510448221356627,1.7993520062837427,1.7993520062837427
2025-03-13,1.8685909372230702,1.7092138682499625,1.554184550581165,1.696943593082663,1.6993916254170969,1.806536290837696,1.806536290837696,1.8382540745893052,1.8382540745893052,1.5670639690811152,1.5670639690811152,1.8365193192896503,1.8365193192896503
2025-03-14,1.8830000438919665,1.7223939840564595,1.560176876275989,1.7034863416202766,1.7059438126066735,1.8203765539652186,1.8203765539652186,1.8524292471846804,1.8524292471846804,1.5731059527592097,1.5731059527592097,1.850681114813747,1.850681114813747
2025-03-17,1.8626479439490262,1.7037777686090172,1.551745417174957,1.6942804139867245,1.6967246043852413,1.8007013098353724,1.8007013098353724,1.8324075667294826,1.8324075667294826,1.5646046227472314,1.5646046227472314,1.830678328763168,1.830678328763168
2025-03-18,1.8829336405839716,1.7223332444624362,1.5601952793428826,1.703506435094019,1.7059639350675158,1.8203123590516965,1.8203123590516965,1.8523639219446526,1.8523639219446526,1.5731245083310292,1.5731245083310292,1.8506158512209678,1.8506158512209678
2025-03-19,1.8774889804943846,1.7173529738490836,1.5579395617789948,1.7010435194342206,1.7034974663743714,1.817589550725203,1.817589550725203,1.847007656753026,1.847007656753026,1.5708500977937028,1.5708500977937028,1.8452646407220281,1.8452646407220281
2025-03-20,1.8781081964810118,1.7179193752645576,1.5581964743608727,1.7013240306255313,1.703778382234682,1.8178892809815794,1.8178892809815794,1.847616819672418,1.847616819672418,1.5711091393921501,1.5711091393921501,1.8458732287760533,1.8458732287760533
2025-03-21,1.9117419859379141,1.7486844497580523,1.5721488260542782,1.7165579703823683,1.7190342986660871,1.8341669654746922,1.8341669654746922,1.8807045593597955,1.8807045593597955,1.5851771132466759,1.5851771132466759,1.878929743654755,1.878929743654755
2025-03-24,1.9163377938333497,1.7506989251708438,1.5758496480761175,1.720598730031376,1.7230808875661772,1.8363716246503234,1.8363716246503234,1.8852257536038226,1.8852257536038226,1.5870824879118528,1.5870824879118528,1.883446671260245,1.883446671260245
2025-03-25,1.8934599011906408,1.7402487054369717,1.5570366187731683,1.7102421535467898,1.7025101616287694,1.8254100099976094,1.8254100099976094,1.8627192870836675,1.8627192870836675,1.5776089225283356,1.5776089225283356,1.8609614440304645,1.8609614440304645
2025-03-26,1.8884311355037589,1.7379377763882395,1.5529013464514352,1.7079710711086016,1.7001642212291281,1.8229859926690686,1.8229859926690686,1.8577721641848466,1.8577721641848466,1.575513967781224,1.575513967781224,1.8560189897178772,1.8560189897178772
2025-03-27,1.8504015704073933,1.7204383249764308,1.5216287404597135,1.6907733571411006,1.6658410008269207,1.8046301831363378,1.8046301831363378,1.8203600149548262,1.8203600149548262,1.5596499762722125,1.5596499762722125,1.8186421462298896,1.8186421462298896
2025-03-28,1.8628233062453716,1.7262129716099412,1.526660001817829,1.6964484333894618,1.6713490996379963,1.8106874195164462,1.8106874195164462,1.8325800819918472,1.8325800819918472,1.5648849372436024,1.5648849372436024,1.830850681223355,1.830850681223355
2025-03-31,1.8680845863017341,1.731002104515302,1.5288159190735027,1.6988441223094244,1.6737093438049186,1.8132444343381606,1.8132444343381606,1.837755944353428,1.837755944353428,1.5670948349518872,1.5670948349518872,1.8360216591379017,1.8360216591379017
2025-04-01,1.879906430954793,1.7419564467992399,1.5336533403634538,1.704219540384969,1.679005231368556,1.8189818335378423,1.8189818335378423,1.8493858595316224,1.8493858595316224,1.5720533769342095,1.5720533769342095,1.8476405991972218,1.8476405991972218
2025-04-02,1.7872631259860885,1.656111428299538,1.49586350364924,1.6622268837256369,1.6376338654504328,1.774161387700176,1.774161387700176,1.758246632935978,1.758246632935978,1.5333173478350304,1.5333173478350304,1.7565873804383225,1.7565873804383225
2025-04-03,1.6826315569283445,1.6075518386558736,1.4520774088075306,1.613571091401208,1.58969794644868,1.7222291100579812,1.7222291100579812,1.6553137735714198,1.6553137735714198,1.4884349246386916,1.4884349246386916,1.6537516585292227,1.6537516585292227
2025-04-04,1.6796343624167116,1.6061201094314494,1.450784149322938,1.612134001267196,1.58828211838441,1.7206952461484442,1.7206952461484442,1.6537567405849627,1.6537567405849627,1.4871092841653861,1.4871092841653861,1.6521960949105001,1.6521960949105001
2025-04-07,1.6533266258454187,1.5935419597798837,1.4394224958356636,1.599508754495649,1.5758436649607637,1.7072198141532278,1.7072198141532278,1.6408055299947868,1.6408055299947868,1.4754631544552697,1.4754631544552697,1.6392571063420343,1.6392571063420343
2025-04-08,1.8269579133572484,1.6772183301520183,1.5150061032482758,1.68349843931897,1.6585907036242782,1.7968653717107237,1.7968653717107237,1.7269636950772145,1.7269636950772145,1.5529392451379969,1.5529392451379969,1.7253339642017274,1.7253339642017274
2025-04-09,1.746902455288008,1.6404713200756589,1.481813081480642,1.6466138352092698,1.6222518154765955,1.7180386952784672,1.7180386952784672,1.6512035348864147,1.6512035348864147,1.5189151273095878,1.5189151273095878,1.649645298665127,1.649645298665127
2025-04-10,1.7780721269442081,1.6551066399395093,1.4950329458943077,1.6613039549788846,1.6367245916407756,1.733280123688444,1.733280123688444,1.6806656676255214,1.6806656676255214,1.5324659943452832,1.5324659943452832,1.6642799811030473,1.6642799811030473
2025-04-11,1.795321773881109,1.6631349996301097,1.5022848425088822,1.66936237573809,1.644663786263681,1.741687676375229,1.741687676375229,1.6969703433167909,1.6969703433167909,1.539899465953292,1.539899465953292,1.6723528375533416,1.6723528375533416
2025-04-14,1.7902934193602207,1.6608059373650879,1.5001810355787293,1.6670245926255685,1.6423605911748358,1.7392486085632946,1.7392486085632946,1.6922174524301705,1.6922174524301705,1.537742983323273,1.537742983323273,1.6700108665836886,1.6700108665836886
2025-04-15,1.7504987186525731,1.6423477130047075,1.4835079990047921,1.6484972540288794,1.6241073686937988,1.719918571071814,1.719918571071814,1.654602787524693,1.654602787524693,1.5206524826475507,1.5206524826475507,1.6514503384893704,1.6514503384893704
2025-04-16,1.7529963464817677,1.6435193714896597,1.48456634050018,1.6496732996249546,1.6252660144324178,1.7211455689671236,1.7211455689671236,1.6569635901487392,1.6569635901487392,1.5217373231900555,1.5217373231900555,1.652628490829613,1.652628490829613
2025-04-17,1.711270296309854,1.6239592703260368,1.466897995174884,1.6300399584016354,1.6059231528808182,1.680091596092032,1.680091596092032,1.6175233790870673,1.6175233790870673,1.5036265929471382,1.5036265929471382,1.6132088354219427,1.6132088354219427
2025-04-21,1.7557939199034223,1.6450852582658726,1.4859807824844524,1.6512450496449211,1.626814510059531,1.7018638014833884,1.7018638014833884,1.6596079067268954,1.6596079067268954,1.523187180363989,1.523187180363989,1.634114311162465,1.634114311162465
2025-04-22,1.7830003625456117,1.6578307511204624,1.4974935945712728,1.664038266212682,1.6394184481287126,1.7281494909774364,1.7281494909774364,1.6853239243136138,1.6853239243136138,1.5349882534244799,1.5349882534244799,1.6593535937322905,1.6593535937322905
2025-04-23,1.8205307721255326,1.6752786071082504,1.5132539805835699,1.681551453253895,1.6566725236532136,1.7645253434865835,1.7645253434865835,1.7207983406306275,1.7207983406306275,1.5511432523413449,1.5511432523413449,1.694281360051852,1.694281360051852
2025-04-24,1.833684794598427,1.6813308674665117,1.5187208963788335,1.687626375453536,1.6626575660210825,1.7772747055833937,1.7772747055833937,1.7332317586153985,1.7332317586153985,1.5567470502865326,1.5567470502865326,1.7065231828360434,1.7065231828360434
2025-04-25,1.8343841879538407,1.6816515091712427,1.519010527210366,1.6879482177562293,1.662974646594971,1.7779525833317895,1.7779525833317895,1.7338928377599376,1.7338928377599376,1.5570439329749417,1.5570439329749417,1.7071740749514446,1.7071740749514446
2025-04-28,1.8459393914599356,1.6869480619714716,1.5237948237293506,1.6932646027567126,1.6682123744910873,1.7891523113165266,1.7891523113165266,1.7448150233793116,1.7448150233793116,1.561948020033587,1.561948020033587,1.7179279530026925,1.7179279530026925
2025-04-29,1.846672089260845,1.687282857128066,1.524097239161176,1.6936006515068875,1.668543451324892,1.7898624689577032,1.7898624689577032,1.7455075824831146,1.7455075824831146,1.5622580074266477,1.5622580074266477,1.7186098399807317,1.7186098399807317
2025-04-30,1.8597592972597505,1.6932616721631328,1.5294978129001344,1.699601853377606,1.6744558640725824,1.8025470720103545,1.8025470720103545,1.7578778462286218,1.7578778462286218,1.5677938022247733,1.5677938022247733,1.7307894817133342,1.7307894817133342
2025-05-01,1.8873660099968816,1.705829263205984,1.5408499289548894,1.712216502005207,1.686883876154191,1.8293045127638266,1.8293045127638266,1.783972206288714,1.783972206288714,1.5794301557014965,1.5794301557014965,1.7564817355982918,1.7564817355982918
2025-05-02,1.876542887542706,1.700938214277529,1.536431917987156,1.7073071392289603,1.682047148497529,1.8188143446444738,1.8188143446444738,1.7737419968109345,1.7737419968109345,1.5749015253530556,1.5749015253530556,1.7464091705461453,1.7464091705461453
2025-05-05,1.860858343961115,1.6938298130444602,1.5300110060171201,1.7001721215829038,1.6750176950323201,1.8036123084721192,1.8036123084721192,1.758916684884326,1.758916684884326,1.56831984481298,1.56831984481298,1.7318123121803928,1.7318123121803928
2025-05-06,1.8686840663206612,1.697391460249962,1.5332281883940044,1.7037471048776092,1.6785397856501225,1.811197286241205,1.811197286241205,1.7663136980283667,1.7663136980283667,1.5716175798921443,1.5716175798921443,1.7390953395951063,1.7390953395951063
2025-05-07,1.8817046654285747,1.7033049943062102,1.5385697948061945,1.7096827813340256,1.6843876424466613,1.8238173295082944,1.8238173295082944,1.778621001855346,1.778621001855346,1.5770929309232624,1.5770929309232624,1.7512129916024324,1.7512129916024324
2025-05-08,1.8793071565188646,1.7022198907363382,1.5375896370643796,1.7085936147457894,1.6833145903215416,1.8214935757452755,1.8214935757452755,1.7763548334298271,1.7763548334298271,1.5760882317207794,1.5760882317207794,1.7489817441451112,1.7489817441451112
2025-05-09,1.9414133687127937,1.7583887185234879,1.562996305669738,1.7368259016347392,1.7111291742156665,1.8816891995062492,1.8816891995062492,1.835058739193194,1.835058739193194,1.6021310395225976,1.6021310395225976,1.8067810405232465,1.8067810405232465
2025-05-12,1.954234141147732,1.764106853062378,1.5732399246619533,1.7425607569733346,1.7167791810877087,1.8941155634166544,1.8941155634166544,1.847177163264591,1.847177163264591,1.607421143577637,1.607421143577637,1.8187127233547438,1.8187127233547438
2025-05-13,1.9567315633939297,1.7652340771771202,1.5752504536480807,1.7436742136232273,1.7178761638975935,1.8965361568580157,1.8965361568580157,1.8495377715679013,1.8495377715679013,1.6084482490913659,1.6084482490913659,1.8210369553999795,1.8210369553999795
2025-05-14,1.9662891169192616,1.7695451741852597,1.5829446825388496,1.7479326566154123,1.7220716022738887,1.9057996890517,1.9057996890517,1.8585717425936574,1.8585717425936574,1.6123764399891383,1.6123764399891383,1.8299317156718762,1.8299317156718762
2025-05-15,1.9787437460367419,1.7806651345166615,1.5929711780144478,1.753468427721796,1.7275254704094327,1.9178711734001144,1.9178711734001144,1.870344081433889,1.870344081433889,1.6174828992542158,1.6174828992542158,1.8415226463406664,1.8415226463406664
2025-05-16,1.9809083294109777,1.7826130361350374,1.5947137578378703,1.7544275030476173,1.728470356001442,1.9199691671722654,1.9199691671722654,1.8723900844652976,1.8723900844652976,1.6183675960722979,1.6183675960722979,1.8435371210858331,1.8435371210858331
2025-05-19,1.974247851477794,1.7766192934593663,1.5893517955319305,1.7514780163157164,1.7255645075849904,1.9135135871333109,1.9135135871333109,1.8660944812540166,1.8660944812540166,1.615646848852101,1.615646848852101,1.8373385312108295,1.8373385312108295
2025-05-20,1.9409804109213464,1.7466820306722468,1.5625701194918307,1.7367212088687454,1.711026030402546,1.8812695609000991,1.8812695609000991,1.834649499722765,1.834649499722765,1.6020344659225294,1.6020344659225294,1.8063781073089504,1.8063781073089504
2025-05-21,1.9417464131677518,1.747371353630749,1.5628003228512788,1.7370639048433898,1.7113636561136483,1.8820119984340562,1.8820119984340562,1.8353735387858314,1.8353735387858314,1.6023505850324415,1.6023505850324415,1.8070909891496276,1.8070909891496276
2025-05-22,1.9284924773583698,1.7354441794131885,1.5574666564617115,1.7311354959287497,1.705522959333981,1.8691657966589037,1.8691657966589037,1.8228456809232694,1.8228456809232694,1.5968819379284414,1.5968819379284414,1.794756181777522,1.794756181777522
2025-05-23,1.968587123658477,1.7715252226965226,1.5736570423325915,1.7491312273670958,1.7232524399034042,1.9080270016535708,1.9080270016535708,1.860743859782857,1.860743859782857,1.6134820588093828,1.6134820588093828,1.8320703611939078,1.8320703611939078
2025-05-27,1.957197825630871,1.761276030023142,1.5644739369060459,1.744071411472117,1.7182674851155297,1.8969880753569452,1.8969880753569452,1.8499784909975934,1.8499784909975934,1.6088146433292327,1.6088146433292327,1.8214708834769129,1.8214708834769129
2025-05-28,1.9649236346539294,1.7682284607210776,1.5674835019599858,1.7475136702134546,1.7216588148693974,1.9044762134476887,1.9044762134476887,1.8572810642638424,1.8572810642638424,1.6119899469508416,1.6119899469508416,1.828660926303712,1.828660926303712
2025-05-29,1.9627261580001913,1.7662509585462443,1.566607002654891,1.7465365023417225,1.720696104414738,1.9023463382999517,1.9023463382999517,1.8552039699146423,1.8552039699146423,1.6110885607055923,1.6110885607055923,1.826615839348532,1.826615839348532
2025-05-30,1.9737820004068447,1.7762000755785377,1.5753532146709532,1.751455536066486,1.7255423599360722,1.9130620671515748,1.9130620671515748,1.8656541504657957,1.8656541504657957,1.6156261119981452,1.6156261119981452,1.8369049857865203,1.8369049857865203
2025-06-02,1.9850374639034762,1.7863288309878318,1.584336643741831,1.7564493610806229,1.7304623001929365,1.9239712761012848,1.9239712761012848,1.8762930164517955,1.8762930164517955,1.6202326543427534,1.6202326543427534,1.8473799100740247,1.8473799100740247
2025-06-03,1.984504798358539,1.7858494869766997,1.5839115023744517,1.7562136980079888,1.730230123808136,1.9234549970753905,1.9234549970753905,1.8757895314243114,1.8757895314243114,1.62001526748597,1.62001526748597,1.8468841835981271,1.8468841835981271
2025-06-04,1.974913940387711,1.7772187047276284,1.5762566605871204,1.751969919873023,1.7260491333192194,1.9141591849889252,1.9141591849889252,1.8667240804392913,1.8667240804392913,1.616100604151852,1.616100604151852,1.837958428463592,1.837958428463592
2025-06-05,1.9951942918647372,1.7954689278114484,1.5924432084872455,1.7609653917833654,1.7349115152120371,1.9338156471064252,1.9338156471064252,1.8858934324235632,1.8858934324235632,1.6243984564288985,1.6243984564288985,1.8568323865470955,1.8568323865470955
2025-06-06,1.996992526338518,1.7970871532322796,1.5938784503013967,1.7617589557704798,1.7356933382425896,1.9355585620579878,1.9355585620579878,1.8875931559030703,1.8875931559030703,1.6251304776950521,1.6251304776950521,1.8585059178032426,1.8585059178032426
2025-06-09,2.008315009892135,1.807276219775356,1.60291537072147,1.7716596316958955,1.740613827182127,1.9465327293104544,1.9465327293104544,1.8982953704490702,1.8982953704490702,1.6297375337715017,1.6297375337715017,1.8690432144686486,1.8690432144686486
2025-06-10,2.002587262015833,1.8021218378787305,1.598343829371971,1.7666068289020145,1.7381316973611085,1.9409811855279584,1.9409811855279584,1.8928814004179109,1.8928814004179109,1.6274135144687503,1.6274135144687503,1.8637126720738255,1.8637126720738255
2025-06-11,2.010545790991369,1.8092836925136022,1.6046958450469937,1.7700288553632093,1.7415854723199138,1.948694884350972,1.948694884350972,1.9004039447575338,1.9004039447575338,1.6306472855647074,1.6306472855647074,1.8711192962864662,1.8711192962864662
2025-06-12,1.9880679628606046,1.7890559672549489,1.5867554044120493,1.7601344265529781,1.7318500414987783,1.9269085470857348,1.9269085470857348,1.8791574984240618,1.8791574984240618,1.6215319971711146,1.6215319971711146,1.8502002512477829,1.8502002512477829
2025-06-13,2.0069830376552966,1.8060775822423085,1.594224500024395,1.7685076499409396,1.740088711825975,1.9452417328578218,1.9452417328578218,1.8970363663992558,1.8970363663992558,1.6292458680199626,1.6292458680199626,1.8678036112894354,1.8678036112894354
2025-06-16,1.9898328928888898,1.7906442221123673,1.5874129873078968,1.7609514918549154,1.7326539770139981,1.9286191821445169,1.9286191821445169,1.8808257419443053,1.8808257419443053,1.6222847223669192,1.6222847223669192,1.851842787641292,1.851842787641292
2025-06-17,1.989533152879427,1.7903744870416491,1.5872934267192822,1.7608188607131952,1.7325234771812428,1.9283286631094902,1.9283286631094902,1.8805424223109315,1.8805424223109315,1.6221625353129783,1.6221625353129783,1.8515638338775486,1.8515638338775486
2025-06-18,1.9848606625261522,1.7861697279968731,1.5854295187935892,1.75875118741792,1.7304890302502542,1.9237999137075101,1.9237999137075101,1.8761259006186668,1.8761259006186668,1.6202576817078187,1.6202576817078187,1.8472153694452047,1.8472153694452047
2025-06-20,2.0044660850243945,1.8038125846628825,1.593259543375157,1.7674372027009095,1.7390354660800245,1.9428022098497064,1.9428022098497064,1.894657297626007,1.894657297626007,1.628259713539483,1.628259713539483,1.8654612032445044,1.8654612032445044
2025-06-23,2.0266098407852153,1.8237396792700151,1.6020600789531054,1.777199826781107,1.7486412102001134,1.964264751894149,1.964264751894149,1.9155879727631604,1.9155879727631604,1.6372535762147309,1.6372535762147309,1.8860693430252433,1.8860693430252433
2025-06-24,2.027745481260026,1.8247616384817076,1.602877713753506,1.777697766743329,1.7491311485430199,1.965365456386253,1.965365456386253,1.9166614005099079,1.9166614005099079,1.6377123057124512,1.6377123057124512,1.8871262295759417,1.8871262295759417
2025-06-25,2.043610115546891,1.8390381718645974,1.615418276151635,1.7846519247485126,1.7559735570819248,1.9807420430899405,1.9807420430899405,1.931656937401424,1.931656937401424,1.6441188560012678,1.6441188560012678,1.901890689791515,1.901890689791515
2025-06-26,2.0537634485972047,1.8481751236290904,1.6234442100851936,1.7890852961712234,1.7603356866821267,1.9905830266989248,1.9905830266989248,1.9412540499206767,1.9412540499206767,1.6482031199693035,1.6482031199693035,1.9113399137172722,1.9113399137172722
2025-06-27,2.0635831204435693,1.8570118147490184,1.631206393901838,1.7933623784529136,1.7645440386212141,2.0001006136043094,2.0001006136043094,1.950535779885083,1.950535779885083,1.6521434018419083,1.6521434018419083,1.92047861503771,1.92047861503771
2025-06-30,2.0629151812866797,1.856410738449455,1.630678406144688,1.7930721413058865,1.7642584654243376,1.9994532224213177,1.9994532224213177,1.949904431813182,1.949904431813182,1.65187601952521,1.65187601952521,1.919856995848134,1.919856995848134
2025-07-01,2.072266946232127,1.8648263616537764,1.638070722268112,1.8011109795281668,1.7682574011589065,2.008517296758993,2.008517296758993,1.958743887782006,1.958743887782006,1.6556202249083867,1.6556202249083867,1.9285602384811371,1.9285602384811371
2025-07-02,2.0885992818369123,1.879523777948795,1.6509809898516876,1.8153062303053913,1.7752255606819554,2.0243471967717928,2.0243471967717928,1.9741815043483684,1.9741815043483684,1.6621445159019865,1.6621445159019865,1.9437599660578326,1.9437599660578326
2025-07-03,2.073035004308501,1.865517534647057,1.6386778513111138,1.8017785372657393,1.7619077881990133,2.009261726878924,2.009261726878924,1.9594698700524347,1.9594698700524347,1.6496750793487809,1.6496750793487809,1.9292750335849402,1.9292750335849402
2025-07-07,2.0718995694166877,1.8644957604388426,1.6377803208762907,1.8007916739400935,1.7609427627292449,2.0081612216454174,2.0081612216454174,1.9583966366264236,1.9583966366264236,1.6487715255538113,1.6487715255538113,1.9282183383605547,1.9282183383605547
2025-07-08,2.0843239778336256,1.8756764456232422,1.6476014781872694,1.811590349494214,1.771502479235754,2.020203414980012,2.020203414980012,1.9701404103184343,1.9701404103184343,1.6586585930169633,1.6586585930169633,1.9397811440613955,1.9397811440613955
2025-07-09,2.0902024180466467,1.8809664350691384,1.6522482254719577,1.8166995962683439,1.7764986657797623,2.0259010153144112,2.0259010153144112,1.9756968174492255,1.9756968174492255,1.6633365247955911,1.6633365247955911,1.9452519286433405,1.9452519286433405
2025-07-10,2.0828544705718692,1.8743540407635073,1.6464398726199845,1.8103131271419208,1.770253519963999,2.018779114525711,2.018779114525711,1.9687514056961049,1.9687514056961049,1.6574891918714914,1.6574891918714914,1.9384135435790657,1.9384135435790657
2025-07-11,2.086828801067712,1.8779305279974745,1.649581472903526,1.8137674168053983,1.7736313712009286,2.0226311817308797,2.0226311817308797,1.9725080141682476,1.9725080141682476,1.6606518755514392,1.6606518755514392,1.9421122638538841,1.9421122638538841
2025-07-14,2.0779114329946897,1.869905817141869,1.64253253570619,1.8060168856424046,1.7660523480655543,2.0139881408095364,2.0139881408095364,1.964079157915006,1.964079157915006,1.6535556326742709,1.6535556326742709,1.933813293719365,1.933813293719365
2025-07-15,2.0848582880425384,1.8761572696621973,1.648023835891435,1.8120547452543725,1.7719565985904397,2.0207212880746854,2.0207212880746854,1.9706454499118082,1.9706454499118082,1.659083785179398,1.659083785179398,1.940278401147794,1.940278401147794
2025-07-16,2.097616974412417,1.8876387705015958,1.6581092308426497,1.8231439585176188,1.7828004236274297,2.0330874758886726,2.0330874758886726,1.982705189120874,1.982705189120874,1.6692368635914223,1.6692368635914223,1.952152303432892,1.952152303432892
2025-07-17,2.0960806526766715,1.8862562395115565,1.656894810248872,1.8218086643599958,1.7814946775952771,2.0315984163902123,2.0315984163902123,1.9812530302592806,1.9812530302592806,1.6680142929758495,1.6680142929758495,1.9507225218989732,1.9507225218989732
2025-07-18,2.100055188755511,1.8898329117490018,1.6600365730401878,1.8252631327059514,1.7848727035607004,2.035450682853979,2.035450682853979,1.9850098330521597,1.9850098330521597,1.671177140254167,1.671177140254167,1.9544214335001044,1.9544214335001044
2025-07-21,2.1003557510969615,1.8901033868336314,1.6602741594055166,1.8255243664886953,1.7851281566182418,2.0357419989233954,2.0357419989233954,1.9852939299684784,1.9852939299684784,1.671213171805288,1.671213171805288,1.954701152569098,1.954701152569098
2025-07-22,2.1182246140204897,1.9061835191221672,1.6743990100906438,1.8410550901060208,1.8003152078189166,2.0530611576932527,2.0530611576932527,2.0021838997171706,2.0021838997171706,1.678322129196765,1.678322129196765,1.9713308530060252,1.9713308530060252
2025-07-23,2.1189258576228753,1.9068145659851439,1.6749533241071535,1.841664576038264,1.800911206710349,2.0537408287690253,2.0537408287690253,2.0028467277483357,2.0028467277483357,1.6785999355842585,1.6785999355842585,1.9719834670582397,1.9719834670582397
2025-07-24,2.1278769413073872,1.9148696174111186,1.6820289125793968,1.8494444111276398,1.8085188853186627,2.0624165481003445,2.0624165481003445,2.011307452602314,2.011307452602314,1.682145432101321,1.682145432101321,1.9803138147080224,1.9803138147080224
2025-07-25,2.127342631098475,1.9143887933721635,1.6816065548752315,1.8489800153674816,1.8080647659639772,2.0618986750056707,2.0618986750056707,2.0108024130089404,2.0108024130089404,1.6816389378674816,1.6816389378674816,1.979816557621624,1.979816557621624
2025-07-28,2.1217312431984117,1.9093391234440062,1.6771709051887391,1.8441028771321921,1.803295551733065,2.05645991158931,2.05645991158931,2.005498428514468,2.005498428514468,1.6793369883683003,1.6793369883683003,1.974594305919722,1.974594305919722
2025-07-29,2.1190594865708525,1.9069348182457526,1.6750589541601384,1.8417807196489233,1.801024780231144,2.0538703468573436,2.0538703468573436,2.0029730362268636,2.0029730362268636,1.6771383428841768,1.6771383428841768,1.9721078291614176,1.9721078291614176
2025-07-30,2.1111106199961704,1.8997816587743401,1.668775591085281,1.8348719616394904,1.7942689030287915,2.046166013188408,2.046166013188408,1.9954596249618417,1.9954596249618417,1.6739089044014006,1.6739089044014006,1.9647101972854681,1.9647101972854681
2025-07-31,2.0765083290409283,1.8686431684054832,1.6414234201498499,1.8047973777304855,1.7648598260972101,2.0126282008822,2.0126282008822,1.9627529188904689,1.9627529188904689,1.646388900127052,1.646388900127052,1.9325074916359999,1.9325074916359999
2025-08-01,2.1080708698041817,1.8970461973507193,1.6538160144746863,1.8184234302567135,1.7916853675234512,2.043219775567074,2.043219775567074,1.9925863985564463,1.9925863985564463,1.6588189833643958,1.6588189833643958,1.9618812464276436,1.9618812464276436
2025-08-04,2.097383020961958,1.8874282365437933,1.6453485317636243,1.8091131630792732,1.782601582601793,2.0328607196048183,2.0328607196048183,1.9824840521230838,1.9824840521230838,1.65461390496671,1.65461390496671,1.9519345740891756,1.9519345740891756
2025-08-05,2.1134483042537857,1.9018853333210732,1.6579513754084878,1.8229703914354523,1.7962557407287254,2.0484317826995797,2.0484317826995797,1.9976692460531271,1.9976692460531271,1.6609508116871847,1.6609508116871847,1.966885768785828,1.966885768785828
2025-08-06,2.1116780290675816,1.9002922683732308,1.656562635417114,1.821443427543008,1.7947511536709353,2.046715966917265,2.046715966917265,1.9959959501937428,1.9959959501937428,1.6602551854914749,1.6602551854914749,1.9652382579081922,1.9652382579081922
2025-08-07,2.128143993620345,1.915109936928858,1.6694798042557053,1.8356462664701287,1.8016587680936635,2.062675385018383,2.062675385018383,2.0115598752386328,2.0115598752386328,1.6667281663759979,1.6667281663759979,1.9805623475880656,1.9805623475880656
2025-08-08,2.1239357096740434,1.9113229157370872,1.6661785027084488,1.8320163801760474,1.7980060072099646,2.058596561529359,2.058596561529359,2.0075821297686987,2.0075821297686987,1.6650802362062267,1.6650802362062267,1.9766458979695298,1.9766458979695298
2025-08-11,2.146547372335782,1.9316710782598268,1.68391682975191,1.8515202362441192,1.8171477849547584,2.0805126161415117,2.0805126161415117,2.0289550789014346,2.0289550789014346,1.6739435535925147,1.6739435535925147,1.9976894964377037,1.9976894964377037
2025-08-12,2.153895114227563,1.9382832875619798,1.6896809635379624,1.8578580850978936,1.8233679751425667,2.0876343176716143,2.0876343176716143,2.035900296333819,2.035900296333819,1.6768085509673047,1.6768085509673047,2.004527690175666,2.004527690175666
2025-08-13,2.154095352066532,1.9384634809494143,1.6898380454972701,1.8580308017198006,1.8235374853757143,2.0878283955454937,2.0878283955454937,2.036089564730874,2.036089564730874,1.6768864936021137,1.6768864936021137,2.00471404200412,2.00471404200412
2025-08-14,2.1490521955698676,1.9339251606340588,1.6858818057192657,1.853680789962101,1.819268229185425,2.08294038289238,2.08294038289238,2.031322682751248,2.031322682751248,1.6749235347650628,1.6749235347650628,2.0000206162301923,2.0000206162301923
2025-08-15,2.148584494251947,1.93350427772193,1.6855149048389526,1.853277370747688,1.8188722992260713,2.0824870695832676,2.0824870695832676,2.030880603076402,2.030880603076402,1.6744752725722685,1.6744752725722685,1.9995853488690702,1.9995853488690702
2025-08-18,2.1369281439113834,1.923014765530811,1.6763707672508774,1.8432230999617514,1.8090046804280928,2.0711893063686038,2.0711893063686038,2.0198628116548196,2.0198628116548196,1.6653910264251284,1.6653910264251284,1.9887373382720326,1.9887373382720326
2025-08-19,2.1312501471203285,1.9179051544758272,1.6719165099263205,1.8383255020352132,1.8041980037039642,2.065685983166681,2.065685983166681,2.01449586724182,2.01449586724182,1.6609659431901884,1.6609659431901884,1.9834530968448543,1.9834530968448543
2025-08-20,2.1226999502797486,1.9102108598316776,1.6652090780088609,1.830950466814361,1.796959881941536,2.0573988181003156,2.0573988181003156,2.0064140678234246,2.0064140678234246,1.6543024430004223,1.6543024430004223,1.975495835504605,1.975495835504605
2025-08-21,2.155298012598328,1.9395457512948886,1.690781504903789,1.8590681654140055,1.8245555909854811,2.0889940583403535,2.0889940583403535,2.0372263410376217,2.0372263410376217,1.6797073779388711,1.6797073779388711,2.0058333009327196,2.0058333009327196
2025-08-22,2.14581220753891,1.9310095058230032,1.6833401099505911,1.8508861144372,1.8165254352691982,2.0798000673971657,2.0798000673971657,2.028260187948798,2.028260187948798,1.6723147219577217,1.6723147219577217,1.9970053135439134,1.9970053135439134
2025-08-25,2.1547968012519148,1.9390947128158689,1.6903883161801834,1.8586358418778568,1.8241312932971716,2.088508265879863,2.088508265879863,2.0367525870827756,2.0367525870827756,1.6793167644870162,1.6793167644870162,2.0053668473826467,2.0053668473826467
2025-08-26,2.1597065343835986,1.943512965874094,1.6942398884103533,1.862870768329994,1.828287600677078,2.0932669597032567,2.0932669597032567,2.041393354904611,2.041393354904611,1.6831431100396008,1.6831431100396008,2.0099361023797093,2.0099361023797093
2025-08-27,2.1673548386168298,1.9503956502608768,1.7002398064104796,1.869467869443756,1.8347622302497546,2.1006799773027756,2.1006799773027756,2.048622669253314,2.048622669253314,1.689103730322358,1.689103730322358,2.017054015186665,2.017054015186665
2025-08-28,2.1544294244364752,1.9387641116009349,1.6901001175546362,1.8583189583015243,1.8238202924895384,2.0881521907662877,2.0881521907662877,2.0364053359271934,2.0364053359271934,1.6839826367139739,1.6839826367139739,2.005024947262064,2.005024947262064
2025-08-29,2.1384644656471288,1.92439729652085,1.6775759761645386,1.8445482655834256,1.81030524508139,2.072678365867063,2.072678365867063,2.0213149705164137,2.0213149705164137,1.6777432321894685,1.6777432321894685,1.990167119805951,1.990167119805951
2025-09-02,2.1500540015137037,1.9348266825816651,1.6866676993411405,1.8545449050530176,1.8201163024566036,2.0839113700375678,2.0839113700375678,2.0322696076987325,2.0322696076987325,1.682289547004777,1.682289547004777,2.0009529493514,2.0009529493514
2025-09-03,2.1680227777737193,1.9509967265604404,1.7007637892501004,1.8700440052800764,1.8353276704422563,2.101327368485767,2.101327368485767,2.049254017325216,2.049254017325216,1.6893192970606847,1.6893192970606847,2.0176756343762414,2.0176756343762414
2025-09-04,2.1617438618827602,1.9453463503396753,1.6958381247725085,1.8646280801606903,1.8300122889835382,2.0952416124036097,2.0952416124036097,2.043319073400315,2.043319073400315,1.686873037296267,1.686873037296267,2.0118321461373885,2.0118321461373885
2025-09-05,2.1670542762753793,1.9501251751762474,1.7000040221964063,1.8668251172682213,1.834507790864887,2.1003886612333598,2.1003886612333598,2.0483385723369967,2.0483385723369967,1.6889449744516656,1.6889449744516656,2.016774296117672,2.016774296117672
2025-09-08,2.1720643339095442,1.9546337099316675,1.7039342966813422,1.8689830930819364,1.8387490273965141,2.1052445932522903,2.1052445932522903,2.053074168678095,2.053074168678095,1.6908973278734452,1.6908973278734452,2.021436918355274,2.021436918355274
2025-09-09,2.1783434553835,1.9602842711559103,1.7088601224340463,1.871684571967948,1.844064582890379,2.1113305485930454,2.1113305485930454,2.0590093069237323,2.0590093069237323,1.6933413967612654,1.6933413967612654,2.0272805979204396,2.0272805979204396
2025-09-10,2.19644606617449,1.9765747523987713,1.7230612024410648,1.8794616691116743,1.8516347120943988,2.12887626438816,2.12887626438816,2.076120219349479,2.076120219349479,1.7003774544054542,1.7003774544054542,2.0441278363747712,2.0441278363747712
2025-09-11,2.1957111069606143,1.975913364965426,1.7224846439148584,1.8791472230407893,1.8509225494761388,2.128163914902412,2.128163914902412,2.0754255227175777,2.0754255227175777,1.7000929702798417,1.7000929702798417,2.043443844807294,2.043443844807294
2025-09-12,2.2074007617466735,1.986432847719958,1.731654908071114,1.8841493798044666,1.860776598841066,2.139493958009856,2.139493958009856,2.086474794098424,2.086474794098424,1.7046184973092804,1.7046184973092804,2.0543228502669697,2.0543228502669697
2025-09-15,2.2043616283036753,1.9836979413067706,1.7292707780870842,1.8828523381682127,1.8582146950447607,2.1365483181643143,2.1365483181643143,2.083602150655237,2.083602150655237,1.7034450440849038,1.7034450440849038,2.051494473388083,2.051494473388083
2025-09-16,2.2016228516191307,1.981233324974735,1.7271222710420158,1.8816826770704138,1.8559059835265046,2.1338937951295915,2.1338937951295915,2.0810134098076327,2.0810134098076327,1.7023868339640598,1.7023868339640598,2.048945624251877,2.048945624251877
2025-09-17,2.2119098136174222,1.990490528999836,1.7351921551075566,1.890380652020445,1.8645776024238547,2.1438642968268935,2.1438642968268935,2.0907368308054126,2.0907368308054126,1.706363988510421,1.706363988510421,2.058519210280812,2.058519210280812
2025-09-18,2.2228651259385974,2.0003491793314567,1.743786344562943,1.8997434706676126,1.8738126217975488,2.1544825882243823,2.1544825882243823,2.101091988516566,2.101091988516566,1.710589692088535,1.710589692088535,2.068714798151948,2.068714798151948
2025-09-19,2.233381518561416,2.0098128472378485,1.7520362116537276,1.9087311721646798,1.8826776442419924,2.1646754625163966,2.1646754625163966,2.111032271455941,2.111032271455941,1.714636098820242,1.714636098820242,2.0785019043457234,2.0785019043457234
2025-09-22,2.221224162457436,1.9988724815711874,1.7424990466171588,1.8983410420530449,1.8724293358540929,2.15289210609984,2.15289210609984,2.0995409204002486,2.0995409204002486,1.709969309588565,1.709969309588565,2.0671876315249254,2.0671876315249254
2025-09-23,2.2141570413564073,1.9925128020163114,1.7369550533592941,1.8923012166891795,1.8664719520414843,2.146042392555205,2.146042392555205,2.092860950772772,2.092860950772772,1.7072490618094003,1.7072490618094003,2.0606105982036365,2.0606105982036365
2025-09-24,2.203942033407027,1.9833203492084608,1.7289416155830322,1.8835710897785514,1.8578609883784374,2.1361416313669968,2.1361416313669968,2.0832055420326605,2.0832055420326605,1.7033108671799733,1.7033108671799733,2.051103976384105,2.051103976384105
2025-09-25,2.2165687354929027,1.9946830778150735,1.7388469717008117,1.8943623404773893,1.868504942194664,2.148379895161445,2.148379895161445,2.095140527329088,2.095140527329088,1.7081901241099455,1.7081901241099455,2.0628550471765257,2.0628550471765257
2025-09-26,2.2227981058816115,2.0002888681976745,1.7437337688763572,1.8996861928264261,1.8737561257793118,2.154417629921626,2.154417629921626,2.101028639956566,2.101028639956566,1.710590444209888,1.710590444209888,2.0686524257740464,2.0686524257740464
2025-09-29,2.231171090178874,2.00782368984391,1.7503021816470785,1.906842057598928,1.8771915328054631,2.162533034077023,2.162533034077023,2.1089429349003606,2.1089429349003606,1.7138122273512626,1.7138122273512626,2.076444763832851,2.076444763832851
2025-09-30,2.238773960569793,2.0146654884620863,1.756266457847403,1.9133397542944852,1.8834943337026309,2.169902015526514,2.169902015526514,2.1161293043663645,2.1161293043663645,1.716732194425119,1.716732194425119,2.0835203935247266,2.0835203935247266
2025-10-01,2.241352382516765,2.016985802081392,1.7582891703049357,1.9155433698900637,1.885663575981016,2.1724011168552555,2.1724011168552555,2.118566475039736,2.118566475039736,1.7177207846189346,1.7177207846189346,2.085920008137119,2.085920008137119
2025-10-02,2.241319283654266,2.0169560165214566,1.7582632050118674,1.9155150823672693,1.8856357297039614,2.172369036221072,2.172369036221072,2.1185351894012086,2.1185351894012086,1.7177081015164237,1.7177081015164237,2.0858892046007935,2.0858892046007935
2025-10-03,2.249357167666601,2.0241892824987824,1.7645687393496612,1.9223845579338397,1.8923980510721885,2.1801596488626873,2.1801596488626873,2.1261327415450038,2.1261327415450038,1.7207881487430123,1.7207881487430123,2.093369680770091,2.093369680770091
2025-10-06,2.2410176933978314,2.016684616419438,1.7580266144222327,1.915257332081931,1.8853819999621029,2.172076723858669,2.172076723858669,2.1182501208812092,2.1182501208812092,1.7175982443795064,1.7175982443795064,2.0856085289002375,2.0856085289002375
2025-10-07,2.2543809993615573,2.0287102124872187,1.7685098192671163,1.9266781119371204,1.896624631646012,2.1850289312076443,2.1850289312076443,2.1308813573754275,2.1308813573754275,1.722719308557184,1.722719308557184,2.098045121870636,2.098045121870636
2025-10-08,2.2478500387164133,2.0228330220025987,1.7633864315019356,1.9210965093027452,1.8911300941958653,2.1786988840850596,2.1786988840850596,2.12470817622795,2.12470817622795,1.7202239424212018,1.7202239424212018,2.0919670675725586,2.0919670675725586
2025-10-09,2.1870955347270242,1.968160239215317,1.7157259265117115,1.8691734434717688,1.8400169554751502,2.11981338560207,2.11981338560207,2.0672819293050724,2.0672819293050724,1.696976984089375,1.696976984089375,2.0354257416996444,2.0354257416996444
2025-10-10,2.220654491973059,1.9983598369340405,1.728803253600121,1.8834203532651916,1.8682503130767314,2.1359706823949605,2.1359706823949605,2.09900245764025,2.09900245764025,1.7229306768366937,1.7229306768366937,2.0666574663127637,2.0666574663127637
2025-10-13,2.217941618746122,1.995918531040215,1.7266048126384488,1.8822699085044443,1.8659679561077016,2.13325446501665,2.13325446501665,2.0964382012054066,2.0964382012054066,1.7208258502993132,1.7208258502993132,2.064132724291943,2.064132724291943
2025-10-14,2.2277884275480755,2.00477964261922,1.730351213458654,1.8864481861800289,1.8700167481822216,2.1427252953872022,2.1427252953872022,2.1057455815069908,2.1057455815069908,1.7245597118811886,1.7245597118811886,2.0732966806856417,2.0732966806856417
2025-10-15,2.2126166079607237,1.9911265709567147,1.7244591421764983,1.880024584372134,1.8571879461025969,2.128132777890983,2.128132777890983,2.0914049054964554,2.0914049054964554,1.7127287829658597,1.7127287829658597,2.0591769901434667,2.0591769901434667
2025-10-16,2.225176084406617,2.0024288034260675,1.7293534162003275,1.8853603764836475,1.8623660650078027,2.1402126987419297,2.1402126987419297,2.103276347912147,2.103276347912147,1.717504128029442,1.717504128029442,2.070865497231673,2.070865497231673
2025-10-17,2.2483189735323146,2.0232550149355943,1.738346465031549,1.8951646985911672,1.8816424391487558,2.1624719282651528,2.1624719282651528,2.125151421827213,2.125151421827213,1.7264355577456014,1.7264355577456014,2.0924034828915565,2.0924034828915565
2025-10-20,2.248285257920825,2.0232246743652254,1.7382334796037537,1.895150488722052,1.8816142221892462,2.162439500009087,2.162439500009087,2.125119553226477,2.125119553226477,1.7264226130008362,1.7264226130008362,2.092372105376293,2.092372105376293
2025-10-21,2.2365968366327467,2.0127063016315603,1.7291967236427066,1.8902242194155994,1.8718320561348702,2.1511973750175897,2.1511973750175897,2.114071447770048,2.114071447770048,1.7219349362812282,1.7219349362812282,2.0814942478744927,2.0814942478744927
2025-10-22,2.2498596125109946,2.0246414309986687,1.7394506720608764,1.8958286313889903,1.8829318165546394,2.1639537413807326,2.1639537413807326,2.126607661424267,2.126607661424267,1.727040379685862,1.727040379685862,2.0938372822780393,2.0938372822780393
2025-10-23,2.268246750169678,2.0411879570548868,1.7536664563612918,1.911227634249642,1.8983202107106036,2.1816388071992985,2.1816388071992985,2.1439875137489093,2.1439875137489093,1.7410683879704287,1.7410683879704287,2.1109493163489836,2.1109493163489836
2025-10-24,2.295006872125623,2.06526930475734,1.7743557081980985,1.9337757474892034,1.9207160458842907,2.207377153585162,2.207377153585162,2.169281661017346,2.169281661017346,1.7512516462779717,1.7512516462779717,2.1358536884787322,2.1358536884787322
2025-10-27,2.301102407983358,2.070754657875855,1.779068395107694,1.938911853856816,1.925817465698067,2.213239945001887,2.213239945001887,2.1750432708455603,2.1750432708455603,1.7535773075505932,1.7535773075505932,2.141526513646763,2.141526513646763
2025-10-28,2.302207622174629,2.0717492365728245,1.7799228775638825,1.9398431087584107,1.926742431395162,2.214302959054377,2.214302959054377,2.1760879391233505,2.1760879391233505,1.7539984271233404,1.7539984271233404,2.1425550839031993,2.1425550839031993
2025-10-29,2.2768876091118853,2.0489638382327726,1.7603470278114508,1.918508433127791,1.9055518389127228,2.1899497342157024,2.1899497342157024,2.1521550086119676,2.1521550086119676,1.734619998312448,1.734619998312448,2.1189909525930815,2.1189909525930815
2025-10-30,2.284356439388833,2.0556850145833847,1.7661214600349113,1.9248016791424742,1.9118025836626216,2.1971333838672917,2.1971333838672917,2.1592146809579718,2.1592146809579718,1.7403100386598715,1.7403100386598715,2.125941837529154,2.125941837529154
2025-10-31,2.288643461622943,2.0595428921071757,1.7694359173747358,1.9284139296006133,1.9153904388861185,2.2012567157193312,2.2012567157193312,2.163266851269869,2.163266851269869,1.7435760560384796,1.7435760560384796,2.1299315651254087,2.1299315651254087
2025-11-03,2.261514934936574,2.0351300181723992,1.7484618380525332,1.9055553980605202,1.8926862818133998,2.1751640313159712,2.1751640313159712,2.137624481242169,2.137624481242169,1.7229085076155324,1.7229085076155324,2.104684336243515,2.104684336243515
2025-11-04,2.2693519643609488,2.0421825357518566,1.7545209388174807,1.912158889151237,1.899245176407699,2.1827018212517886,2.1827018212517886,2.1450321820267004,2.1450321820267004,1.728879056145236,1.728879056145236,2.1119778866054206,2.1119778866054206
2025-11-05,2.245003330958502,2.020271278844688,1.7356960990363084,1.891642699273972,1.878867542057472,2.159282886107685,2.159282886107685,2.122017416993844,2.122017416993844,1.7103293366674543,1.7103293366674543,2.089317772122249,2.089317772122249
2025-11-06,2.247213553758047,2.0222602512351484,1.7364637172155901,1.8935050358526635,1.8807173013970304,2.161408716479395,2.161408716479395,2.124106559228688,2.124106559228688,1.7120131688660547,1.7120131688660547,2.0913747213088087,2.0913747213088087
2025-11-07,2.2822800511202628,2.053816479457011,1.7500119846371474,1.9230521117120232,1.910064831887946,2.1951362778535004,2.1951362778535004,2.157252041522392,2.157252041522392,1.7387281667218324,1.7387281667218324,2.1240094417720856,2.1240094417720856
2025-11-10,2.2875045318201828,2.058517972839838,1.7539305234518239,1.9274542658813365,1.9144372562295144,2.2001612734107767,2.2001612734107767,2.1621903143913435,2.1621903143913435,1.7427083757873176,1.7427083757873176,2.12887161735371,2.12887161735371
2025-11-11,2.2887772961539175,2.0596633293712623,1.7549064079508687,1.9285266987488536,1.9155024464510013,2.2013854400772503,2.2013854400772503,2.1633933540691332,2.1633933540691332,1.7436780162990406,1.7436780162990406,2.1300561185549,2.1300561185549
2025-11-12,2.250797276559802,2.0254852318611842,1.7257854533381967,1.896524685302924,1.8837165577273425,2.1648556028192387,2.1648556028192387,2.1274939583020585,2.1274939583020585,1.7147433858585208,1.7147433858585208,2.094709921589723,2.094709921589723
2025-11-13,2.250429077412375,2.025153890632339,1.7255580068100145,1.8962144402268906,1.883408407882942,2.1645702898969836,2.1645702898969836,2.127145929863531,2.127145929863531,1.7144628776762407,1.7144628776762407,2.09436725616389,2.09436725616389
2025-11-14,2.2294629010577296,2.0062864959463815,1.71751990557766,1.8785483130162808,1.8658615883791252,2.1442957904764137,2.1442957904764137,2.107328323903309,2.107328323903309,1.6984900432476238,1.6984900432476238,2.0748550335016156,2.0748550335016156
2025-11-17,2.2107410742801124,1.9894387842282093,1.7103085027451483,1.862773277651041,1.850193089283639,2.1351852560240627,2.1351852560240627,2.0896321174201393,2.0896321174201393,1.6842270401009454,1.6842270401009454,2.0574315201937896,2.0574315201937896
2025-11-18,2.2192816087198386,1.9971243837088997,1.7136121344639843,1.8699695429741345,1.857340754825754,2.143327143980252,2.143327143980252,2.0977047837639335,2.0977047837639335,1.690733545637775,1.690733545637775,2.0653797891973475,2.0653797891973475
2025-11-19,2.1854545712458617,1.9666835414550483,1.7005524079153982,1.8414668376136059,1.8290305417060782,2.110657830030395,2.110657830030395,2.065730861188756,2.065730861188756,1.6649628156943184,1.6649628156943184,2.0338985750726226,2.0338985750726226
2025-11-20,2.2072243715353435,1.986274114735956,1.7090221987747458,1.8598100993871498,1.8472499227630839,2.1210646637750474,2.1210646637750474,2.0863080669067693,2.0863080669067693,1.681547881549252,1.681547881549252,2.054158692290777,2.054158692290777
2025-11-21,2.2397114190356033,2.0155091043211235,1.7215993264257905,1.8871837274692942,1.8744386837968847,2.152177515774973,2.152177515774973,2.1170154069234206,2.1170154069234206,1.7062977559192292,1.7062977559192292,2.084392841510098,2.084392841510098
2025-11-24,2.26077791989273,2.034466780704276,1.7296959216785381,1.9049343882349594,1.8920694659607056,2.172420681521873,2.172420681521873,2.1369278414029065,2.1369278414029065,1.7223470213880208,1.7223470213880208,2.103998431412912,2.103998431412912
2025-11-25,2.276385369850488,2.048511874736364,1.7415505224274757,1.9180852456790198,1.905131509448809,2.1874181506565944,2.1874181506565944,2.1516802830534414,2.1516802830534414,1.728206079967253,1.728206079967253,2.118523542411446,2.118523542411446
2025-11-26,2.28881080618241,2.059693484938153,1.751056612838112,1.928554934342038,1.9155304913558795,2.19935796775534,2.19935796775534,2.163425028349133,2.163425028349133,1.7329227054779162,1.7329227054779162,2.1300873047438498,2.1300873047438498
2025-11-28,2.278361433616577,2.0502901281655435,1.7430623116569104,1.919750279554416,1.9067852985634808,2.1893169845737543,2.1893169845737543,2.153548093969758,2.153548093969758,1.7289669492991142,1.7289669492991142,2.120362570927976,2.120362570927976
2025-12-01,2.282581435793701,2.054087694555552,1.7462908278359164,1.9233060588261857,1.9103170639772205,2.193372057796553,2.193372057796553,2.157536915721655,2.157536915721655,1.732082909569774,1.732082909569774,2.124289926146329,2.124289926146329
2025-12-02,2.2904854852750614,2.0612005232687918,1.7523378274722126,1.9299660211032714,1.9169320483812764,2.200967195916928,2.200967195916928,2.165007965066186,2.165007965066186,1.738080710484289,1.738080710484289,2.131645848886136,2.131645848886136
2025-12-03,2.2921599587847155,2.0627073765959523,1.7536188848248702,1.9313769346400067,1.9183334333520423,2.2025762265302515,2.2025762265302515,2.1665907074625035,2.1665907074625035,1.7393513450838345,1.7393513450838345,2.1332042017021093,2.1332042017021093
2025-12-04,2.2965140010758107,2.066625565253525,1.7569499485046662,1.9350456562845146,1.9219773783852958,2.206760101221422,2.206760101221422,2.1707062263344006,2.1707062263344006,1.7426553070462376,1.7426553070462376,2.137256301676265,2.137256301676265
2025-12-05,2.289614635700243,2.060416848536582,1.7516715832799648,1.92923224212947,1.9162032249636995,2.2001303814690414,2.2001303814690414,2.16418482242766,2.16418482242766,1.73741988689145,1.73741988689145,2.1308353906260424,2.1308353906260424
2025-12-08,2.287638366351157,2.058638410103925,1.750159636769087,1.927567035029576,1.9145492637943966,2.198231350003617,2.198231350003617,2.162316817190607,2.162316817190607,1.7359202416605808,1.7359202416605808,2.1289961707832,2.1289961707832
2025-12-09,2.3028105971045023,2.072291851773386,1.7617671645386994,1.940351176211234,1.9272470676283429,2.212810609462659,2.212810609462659,2.1766578818426146,2.1766578818426146,1.7474333299455473,1.7474333299455473,2.143116243978,2.143116243978
2025-12-10,2.308169117918393,2.077113967423777,1.765866705348647,1.944866272753285,1.9317316715894248,2.217959704973559,2.217959704973559,2.1817228518315654,2.1817228518315654,1.751499516665885,1.751499516665885,2.1481031643154274,2.1481031643154274
2025-12-11,2.2833515497000443,2.0547807175836117,1.7468800041211288,1.923954957795935,1.9109615806255311,2.194112073594897,2.194112073594897,2.1582648411994456,2.1582648411994456,1.7326672922843105,1.7326672922843105,2.125006634513258,2.125006634513258
2025-12-12,2.2799018670122604,2.0516763592251404,1.7442408215087781,1.9210482507184128,1.908074503914733,2.1907972137187066,2.1907972137187066,2.1550041392460755,2.1550041392460755,1.7300495822069168,1.7300495822069168,2.1217961789881468,2.1217961789881468
2025-12-15,2.2736724966235515,2.046070568842539,1.7394750365065828,1.9157993752025606,1.9028610765360743,2.1848113037599197,2.1848113037599197,2.149116026618598,2.149116026618598,1.72532257189374,1.72532257189374,2.115998800390626,2.115998800390626
2025-12-16,2.248653868234246,2.023556385601028,1.7203345140278798,1.8947186466861035,1.88192271614291,2.1607704701787,2.1607704701787,2.1254679703064783,2.1254679703064783,1.7063377777591442,1.7063377777591442,2.092715153454752,2.092715153454752
2025-12-17,2.2656342014452227,2.0388369328582576,1.7333253320880537,1.9090262973282386,1.8961337404578733,2.1770871666229086,2.1770871666229086,2.1415180858333307,2.1415180858333307,1.7192229018087517,1.7192229018087517,2.1085179415687034,2.1085179415687034
2025-12-18,2.2861686535064027,2.0573158202407114,1.7490352317335864,1.926328653092913,1.9133192452362622,2.1968190774616096,2.1968190774616096,2.160927618247541,2.160927618247541,1.7348049848463203,1.7348049848463203,2.127628378974557,2.127628378974557
2025-12-19,2.30041123794782,2.0701326761832948,1.7599315328182734,1.9383294730943232,1.925239018028121,2.210505023669154,2.210505023669154,2.1743899645304703,2.1743899645304703,1.7401220686868206,1.7401220686868206,2.1408832745838655,2.1408832745838655
2025-12-22,2.3109251635746757,2.079594124047952,1.7679752203725547,1.9471885203743378,1.9340382359747026,2.220608037005753,2.220608037005753,2.1843279156210107,2.1843279156210107,1.7479882118768773,1.7479882118768773,2.1506680848618895,2.1506680848618895
2025-12-23,2.319054120854632,2.086909346565969,1.7741942859074156,1.9540379902523064,1.9408414481452434,2.228419292927353,2.228419292927353,2.1920115518509404,2.1920115518509404,1.7541369707048067,1.7541369707048067,2.1582333185876603,2.1582333185876603
2025-12-24,2.3188189339061918,2.0866977025872986,1.7740143559367048,1.9538398214265207,1.940644617647201,2.2281932977129095,2.2281932977129095,2.1917892489287323,2.1917892489287323,1.7539590748473637,1.7539590748473637,2.1580144412860673,2.1580144412860673
2025-12-26,2.310555525346271,2.079261487794762,1.7676924283381685,1.9468770627268182,1.9337288817478844,2.220252845226409,2.220252845226409,2.1839785269373304,2.1839785269373304,1.747708616814218,1.747708616814218,2.1503240801518686,2.1503240801518686
2025-12-29,2.3077341042969772,2.076722500064627,1.7655338978154094,1.944499729715381,1.931367603989899,2.2175416928461447,2.2175416928461447,2.1813116691537755,2.1813116691537755,1.7455744885383904,1.7455744885383904,2.1476983178380054,2.1476983178380054
2025-12-30,2.29063617761178,2.061336130818062,1.7524531147698796,1.9300929946603527,1.9170581644259141,2.201111998794714,2.201111998794714,2.165150402165819,2.165150402165819,1.7326415841049863,1.7326415841049863,2.1317860910732573,2.1317860910732573
2025-12-31,2.2948350047402246,2.0651146418498514,1.7556654309602642,1.933630931808822,1.920572208212645,2.2051467245462826,2.2051467245462826,2.169119208881888,2.169119208881888,1.7358175849724817,1.7358175849724817,2.1356937396814146,2.1356937396814146
2026-01-02,2.31011886706088,2.07886854040779,1.767358362553387,1.946509133892929,1.933363437711309,2.2198332527128795,2.2198332527128795,2.1835657896936502,2.1835657896936502,1.7473783276523223,1.7473783276523223,2.1499177030639465,2.1499177030639465
2026-01-05,2.3238575675769244,2.0912319528261416,1.777869166821455,1.9521999318145615,1.9448615046022044,2.2330350081244443,2.2330350081244443,2.196551855852163,2.196551855852163,1.7577703069890327,1.7577703069890327,2.1627036578811185,2.1627036578811185
2026-01-06,2.316366945502306,2.0844911661068766,1.7721384601668895,1.9458096849079705,1.9385925220614033,2.225837139563725,2.225837139563725,2.189471585508122,2.189471585508122,1.7521043861308239,1.7521043861308239,2.1557324923559125,2.1557324923559125
2026-01-07,2.3161317585538663,2.084279522128206,1.7719585301961787,1.945612121632028,1.938395691563361,2.2256111443492816,2.2256111443492816,2.189249282585914,2.189249282585914,1.751926490273381,1.751926490273381,2.15551361505432,2.15551361505432
2026-01-08,2.3314491309030148,2.0980635762530357,1.7836770986644992,1.9584791207584775,1.9512149659669034,2.2403298728829717,2.2403298728829717,2.2037275376776764,2.2037275376776764,1.76351258000284,1.76351258000284,2.1697687646258026,2.1697687646258026
2026-01-09,2.3351105640775933,2.1013584881937017,1.7864782811630668,1.9599190473026746,1.9542792589477922,2.243848207471467,2.243848207471467,2.2071883899893288,2.2071883899893288,1.7662820950562128,1.7662820950562128,2.1731762862528727,2.1731762862528727
2026-01-12,2.3304415686352655,2.097156874208049,1.7829062623127034,1.9579596426303734,1.9503717262196074,2.239361688839276,2.239361688839276,2.2027751717495794,2.2027751717495794,1.7627504579772035,1.7627504579772035,2.1688310743678425,2.1688310743678425
2026-01-13,2.3189868952146493,2.0868488504287095,1.7741428548755784,1.9531477244559539,1.9407851862808556,2.2283546946449033,2.2283546946449033,2.1919480089702055,2.1919480089702055,1.7540861211021987,1.7540861211021987,2.158170754883447,2.158170754883447
2026-01-14,2.325301993713061,2.092531787261578,1.7789742262394754,1.9558071444568474,1.9460703604407068,2.234422982229934,2.234422982229934,2.1979171533446773,2.1979171533446773,1.7588628736799368,1.7588628736799368,2.1640479165533146,2.1640479165533146
2026-01-15,2.3233536836515514,2.0907785093019093,1.777483670004836,1.9549877844880736,1.9444397987012412,2.2325508173284647,2.2325508173284647,2.196075575727747,2.196075575727747,1.7573891682245288,1.7573891682245288,2.162234717088983,2.162234717088983
2026-01-16,2.2760576705534477,2.048216979192657,1.741299815807447,1.9350891507775878,1.904857254366747,2.187103258723184,2.187103258723184,2.151370535799946,2.151370535799946,1.7394139014009047,1.7394139014009047,2.1182185682691927,2.1182185682691927
2026-01-20,2.3023258323978397,2.0718556135725943,1.7512609903610696,1.9462556593537068,1.9268413628080778,2.199614669526289,2.199614669526289,2.176199673546666,2.176199673546666,1.7594016443071263,1.7594016443071263,2.1426650965329346,2.1426650965329346
2026-01-21,2.3143514098008144,2.082677392009948,1.7603206662887834,1.9513385298467074,1.93690569845755,2.205359216213141,2.205359216213141,2.1875664650104567,2.1875664650104567,1.7685914037924295,1.7685914037924295,2.153856729187368,2.153856729187368
2026-01-22,2.3151910107601057,2.0834329462135237,1.76095927584212,1.9516924833765437,1.9376083695711912,2.2060490089975016,2.2060490089975016,2.188360070897082,2.188360070897082,1.7692330138059005,1.7692330138059005,2.1546381058479493,2.1546381058479493
2026-01-23,2.326947891186147,2.0940129251053157,1.7699016860125913,1.9566479741003804,1.9474478298177422,2.2172516502881034,2.2172516502881034,2.199472885158664,2.199472885158664,1.7782174392344927,1.7782174392344927,2.165579675011839,2.165579675011839
2026-01-26,2.336219067596814,2.1023560269463166,1.7769534428751805,1.9605458758561887,1.955206977518986,2.2260857678351815,2.2260857678351815,2.208236167398899,2.208236167398899,1.7853023282593448,1.7853023282593448,2.1742079177303104,2.1742079177303104
2026-01-27,2.3359838806483744,2.102144382967646,1.776774557143296,1.9604471918739768,1.9550101470209436,2.2258616679954173,2.2258616679954173,2.208013864476691,2.208013864476691,1.785122602045973,1.785122602045973,2.173989040428718,2.173989040428718
2026-01-28,2.3313483952345395,2.0979729245488845,1.7732487568963247,1.9585020533741333,1.9511306591976374,2.2214447071676124,2.2214447071676124,2.2036323205169412,2.2036323205169412,1.7815802360852135,1.7815802360852135,2.1696750147326385,2.1696750147326385
2026-01-29,2.3243949615307904,2.0917155519172645,1.767959900157221,1.955581358591957,1.945311255408047,2.2148190700344372,2.2148190700344372,2.197059810256581,2.197059810256581,1.7762665300407412,1.7762665300407412,2.163203784862207,2.163203784862207
2026-01-30,2.335950370619882,2.102114227400755,1.7767490690538752,1.9652054826340948,1.9549821021160652,2.220213662906757,2.220213662906757,2.2079821901966907,2.2079821901966907,1.785096994202634,1.785096994202634,2.1739578542397675,2.1739578542397675
2026-02-02,2.3161989841938486,2.0843400182654657,1.7617259513171464,1.9485888912106373,1.9384519534277493,2.2108272695663898,2.2108272695663898,2.189312825466651,2.189312825466651,1.7700032914493986,1.7700032914493986,2.155576178758535,2.155576178758535
2026-02-03,2.3049794977216727,2.0742436384647966,1.7531922887892857,1.94377205577938,1.9290622439870402,2.205472732496715,2.205472732496715,2.178707965609486,2.178707965609486,1.7614295341342276,1.7614295341342276,2.1451347365757325,2.1451347365757325
2026-02-04,2.276192121833413,2.0483379714671774,1.7312962999218524,1.9193986873380608,1.9049697780955235,2.191700425058743,2.191700425058743,2.1514976215614197,2.1514976215614197,1.7394306685695122,1.7394306685695122,2.1183436956776216,2.1183436956776216
2026-02-05,2.319860211785431,2.0876347452026542,1.7478169454195094,1.9562217980625418,1.9415160743540072,2.2127239956069644,2.2127239956069644,2.1927734834575676,2.1927734834575676,1.7728011447133318,1.7728011447133318,2.1589835090592926,2.1589835090592926
2026-02-06,2.3310461882291142,2.0977009694364326,1.7561572344298477,1.9656543711290486,1.9508777388898382,2.2180586874055237,2.2180586874055237,2.203346669034733,2.203346669034733,1.7813492941851643,1.7813492941851643,2.1693937650531447,2.1693937650531447
2026-02-09,2.3248988454561634,2.0921689954414973,1.7515259660586968,1.9604706251983604,1.9457329613090106,2.215133999102294,2.215133999102294,2.1975360903809977,2.1975360903809977,1.776651590310824,1.776651590310824,2.1636727256543438,2.1636727256543438
2026-02-10,2.3243616570852943,2.091685581353852,1.75112126054556,1.960017641180004,1.9452833825577998,2.214878085984491,2.214878085984491,2.197028330297317,2.197028330297317,1.776241079300736,1.776241079300736,2.163172789999569,2.163172789999569
2026-02-11,2.2884528861848277,2.059371393883202,1.7240684084335878,1.9297375751569465,1.9152309442430382,2.1977693994942364,2.1977693994942364,2.163086715947418,2.163086715947418,1.7488001542681875,1.7488001542681875,2.1297542056336476,2.1297542056336476
2026-02-12,2.2900650680464247,2.0608221911565714,1.7245894956052095,1.9310970472855151,1.9165801966605638,2.1985435478245843,2.1985435478245843,2.164610579160668,2.164610579160668,1.7493287164306062,1.7493287164306062,2.131254586576909,2.131254586576909
2026-02-13,2.2937600112494962,2.0641472586641285,1.7259807792686712,1.9325583726019062,1.9196725345463312,2.200317185974006,2.200317185974006,2.1681031057523206,2.1681031057523206,1.7507399580457248,1.7507399580457248,2.13469329439293,2.13469329439293
2026-02-17,2.305315420338588,2.074545934147619,1.7303283164753849,1.9421975071320248,1.9293433812543497,2.2058595193229595,2.2058595193229595,2.179025485692431,2.179025485692431,1.755149860634622,1.755149860634622,2.1454473637704905,2.1454473637704905
2026-02-18,2.29923530320562,2.0690744562899432,1.7280465031604162,1.9395391884445161,1.9242548655379101,2.202950614940932,2.202950614940932,2.1732784499194313,2.1732784499194313,1.750433011328634,1.750433011328634,2.1397888880759033,2.1397888880759033
2026-02-19,2.315863061576934,2.084037722582645,1.734295002317698,1.9534686962612218,1.9381708161604414,2.2109163352128207,2.2109163352128207,2.1889953053837075,2.1889953053837075,1.7630919058388934,1.7630919058388934,2.1552635515637784,2.1552635515637784
2026-02-20,2.2922150550278824,2.0627569575280194,1.7254402862826164,1.943397281008726,1.9183795439931943,2.1996281539636846,2.1996281539636846,2.1666427854198074,2.1666427854198074,1.7450884195241767,1.7450884195241767,2.133255477153883,2.133255477153883
2026-02-23,2.3088759122616955,2.0777500093806567,1.7317109270351427,1.9504600268397612,1.9323231954113416,2.207622100814413,2.207622100814413,2.1823909265226114,2.1823909265226114,1.751343211621545,1.751343211621545,2.1487609441780835,2.1487609441780835
2026-02-24,2.3283590128767893,2.09528278897734,1.7390173175710106,1.9586893579932518,1.9486288128059985,2.21693644362553,2.21693644362553,2.200806702691915,2.200806702691915,1.7587324341913628,1.7587324341913628,2.1668929388213973,2.1668929388213973
2026-02-25,2.315426197708547,2.083644590192195,1.7292710360700636,1.9477119297278591,1.937805200069235,2.210779483056609,2.210779483056609,2.1885823738192913,2.1885823738192913,1.748875659784759,1.748875659784759,2.154856983149543,2.154856983149543
2026-02-26,2.3043076524878425,2.073639047099155,1.7209671746762403,1.9429381430461177,1.9284999694524232,2.2054714642392317,2.2054714642392317,2.178072925443598,2.178072925443598,1.7445892151595168,1.7445892151595168,2.144509482186218,2.144509482186218
2026-02-27,2.3056178329270107,2.074818074263549,1.721370379027811,1.9434904997478768,1.9295964736167803,2.2060984563790336,2.2060984563790336,2.1793113314953754,2.1793113314953754,1.7450851833653287,1.7450851833653287,2.1457288047762972,2.1457288047762972
2026-03-02,2.285295336935622,2.056529925466768,1.7137840084403062,1.934925208196439,1.912588357163113,2.186542852935317,2.186542852935317,2.160102143760183,2.160102143760183,1.7296161576186668,1.7296161576186668,2.126815624798714,2.126815624798714
2026-03-03,2.3014188002155693,2.0710393782282823,1.7198296457553721,1.9417509551884302,1.9260822577754184,2.194146892820016,2.194146892820016,2.1753423304585704,2.1753423304585704,1.741819132943144,1.741819132943144,2.1418209648418274,2.1418209648418274
2026-03-04,2.288587131881796,2.059492201154244,1.715035150376509,1.9308275442259877,1.9153432959171837,2.188030108425622,2.188030108425622,2.163213607388155,2.163213607388155,1.7321075387694744,1.7321075387694744,2.1298791417157634,2.1298791417157634
2026-03-05,2.258590311222843,2.032498158696381,1.7037955516929004,1.9055199268053262,1.890238632630576,2.1736907053405266,2.1736907053405266,2.134860074449047,2.134860074449047,1.7094045713016088,1.7094045713016088,2.1019625281207377,2.1019625281207377
2026-03-06,2.278375618843363,2.050302893405517,1.7112581975178678,1.9137708519198156,1.9067971703330326,2.1832114978152237,2.1832114978152237,2.153561502100559,2.153561502100559,1.7168063144740464,1.7168063144740464,2.120375772443546,2.120375772443546
2026-03-09,2.274713980085787,2.047007796461373,1.7098830929722373,1.9122330156064018,1.9037327052975126,2.181457148846101,2.181457148846101,2.1501004554681704,2.1501004554681704,1.7139613485390273,1.7139613485390273,2.1169680594901634,2.1169680594901634
2026-03-10,2.2718588434250035,2.044438468160869,1.7088100020370387,1.9097372399637458,1.9013432105800174,2.180088106774411,2.180088106774411,2.147401729083879,2.147401729083879,1.71181004779343,1.71181004779343,2.1143109196610363,2.1143109196610363
2026-03-11,2.2373607830491835,2.0133937745552863,1.6958359057828438,1.880737977620977,1.8724714111442484,2.1635358435583725,2.1635358435583725,2.1147935436257574,2.1147935436257574,1.6987275832661373,1.6987275832661373,2.0822052164520466,2.0822052164520466
2026-03-12,2.2246970760238676,2.001997745322659,1.6910365973216093,1.8700927947249408,1.861873017919668,2.1574129186664264,2.1574129186664264,2.1028235805968145,2.1028235805968145,1.6890276627533076,1.6890276627533076,2.0704197069233614,2.0704197069233614
2026-03-13,2.2473375203051704,2.022371808332299,1.6996413238418895,1.889124478712906,1.8808210503396197,2.1683907698766527,2.1683907698766527,2.124223734632618,2.124223734632618,1.6975377155613858,1.6975377155613858,2.080851378013983,2.080851378013983
2026-03-16,2.2532492649636873,2.027691768341608,1.701876823722711,1.8940939243103736,1.8857686533131424,2.1712428053265067,2.1712428053265067,2.129811621722673,2.129811621722673,1.7019183047802442,1.7019183047802442,2.086221129171211,2.086221129171211
2026-03-17,2.221808223751595,1.9993980764517867,1.6900031308773187,1.8676644093606478,1.8594553062426635,2.156094429249076,2.156094429249076,2.1000929856117874,2.1000929856117874,1.678170340277492,1.678170340277492,2.0571107393356387,2.0571107393356387
2026-03-18,2.2163329317954714,1.994470878825972,1.6879207593095578,1.8630618483439085,1.8548729752510849,2.153437753853128,2.153437753853128,2.0949176414446766,2.0949176414446766,1.676018640205181,1.676018640205181,2.052041318058171,2.052041318058171
2026-03-19,2.1845600796264013,1.9658785913228862,1.6758219324615533,1.8363534112494369,1.8282819320059203,2.1380021533558144,2.1380021533558144,2.0648853716655706,2.0648853716655706,1.65190781168905,1.65190781168905,2.0226237136413707,2.0226237136413707
2026-03-20,2.2074980025042015,1.9865203543649879,1.6846200137325207,1.8556351574080632,1.837789015644937,2.1492266852337916,2.1492266852337916,2.0865667078066497,2.0865667078066497,1.6604977482052645,1.6604977482052645,2.0331413764149397,2.0331413764149397
2026-03-23,2.2000877633813665,1.9798519040055655,1.68179250559464,1.849406068989621,1.834704424843994,2.145619369700846,2.145619369700846,2.0795624168704614,2.0795624168704614,1.6577107274779135,1.6577107274779135,2.026214769220378,2.026214769220378
2026-03-24,2.212348322149784,1.9908851414181117,1.6864786177112394,1.8597123632079329,1.8398166075936728,2.151597879470938,2.151597879470938,2.091151316935724,2.091151316935724,1.6623297386222784,1.6623297386222784,2.0317592617241664,2.0317592617241664
2026-03-25,2.172838559475824,1.9553304330292858,1.6714194226303012,1.8265002359056748,1.823388200547218,2.1323854614406055,2.1323854614406055,2.053805980570614,2.053805980570614,1.647486177868018,1.647486177868018,1.9953730049150196,1.9953730049150196
2026-03-26,2.1357875694446466,1.9219883662356518,1.6571689979736413,1.7953549666276802,1.8078420989404471,2.114204867182944,2.114204867182944,2.0187847202104097,2.0187847202104097,1.633439806662369,1.633439806662369,1.9782608022320718,1.9782608022320718
2026-03-27,2.128646644047735,1.9155622704322244,1.6543986568699889,1.792263847981657,1.8048198729141747,2.110670484961058,2.110670484961058,2.0120349894386385,2.0120349894386385,1.630709134387983,1.630709134387983,1.974953681943876,1.974953681943876
2026-03-30,2.190521986536159,1.9712436921807928,1.6784436254871296,1.818312544164648,1.8310510578970718,2.1413468913769282,2.1413468913769282,2.0705206730152574,2.0705206730152574,1.6544098003654488,1.6544098003654488,2.0036575853866476,2.0036575853866476
2026-03-31,2.20702639510934,1.9860959563867793,1.6847667118410572,1.8251625491696395,1.8379490518372457,2.14941384167677,2.14941384167677,2.086120936037816,2.086120936037816,1.6606423457269046,1.6606423457269046,2.0186538880177864,2.0186538880177864
2026-04-01,2.209013765940258,1.9878843850072407,1.6855252565117131,1.8267148032448177,1.8387765648979026,2.1503815877766774,2.1503815877766774,2.0879994345946233,2.0879994345946233,1.6613900287101708,1.6613900287101708,2.0204716342231133,2.0204716342231133
2026-04-02,2.219455326352209,1.9972807116476918,1.6895088246684842,1.835349313933513,1.8431223269937511,2.155463796770509,2.155463796770509,2.097868984786023,2.097868984786023,1.6653165557015512,1.6653165557015512,2.0300219941867574,2.0300219941867574
