date,Buy and hold SPY,Rule[SPY Garman-Klass realized volatility 20d],Rule[SPY Parkinson realized volatility 20d],Rule[SPY realized volatility 20d],Rule[VIX close],Rule[VIX z-score 252d],Rule[VIX/realized volatility gap 20d],TabICL[Direct all-history] Calibration Base,TabPFN[Direct all-history] Calibration Base,XGBoost[Raw all-history incumbent] Calibrated,XGBoost[Raw all-history incumbent] Calibration Base
2020-01-02,0.9924279678369546,0.9924279678369546,0.9924279678369546,0.9924279678369546,0.9924279678369546,0.9924279678369546,0.9924279678369546,0.9924279678369546,0.9924279678369546,0.9924279678369546,0.9924279678369546
2020-01-03,0.9962139839184773,0.9962139839184773,0.9962139839184773,0.9962139839184773,0.9962139839184773,0.9962139839184773,0.9942713544793241,0.9962139839184773,0.9962139839184773,0.9942713544793241,0.9942713544793241
2020-01-06,0.9934130186652894,0.9934130186652894,0.9934130186652894,0.9934130186652894,0.9934130186652894,0.9934130186652894,0.9928736028109614,0.9934130186652894,0.9934130186652894,0.9928736028109614,0.9928736028109614
2020-01-07,0.9987072942484461,0.9987072942484461,0.9987072942484461,0.9987072942484461,0.9987072942484461,0.9987072942484461,0.9955193032264771,0.9987072942484461,0.9987072942484461,0.9955193032264771,0.9955193032264771
2020-01-08,1.0054789918868732,1.0054789918868732,1.0054789918868732,1.0054789918868732,1.0054789918868732,1.0054789918868732,0.9988943440184543,1.0054789918868732,1.0054789918868732,1.0022196088452702,1.0022196088452702
2020-01-09,1.0025856170860832,1.0025856170860832,1.0025856170860832,1.0025856170860832,1.0025856170860832,1.0025856170860832,0.9959699725385311,1.0025856170860832,1.0025856170860832,0.9993356132725245,0.9993356132725245
2020-01-10,1.0094806645099639,1.0094806645099639,1.0094806645099639,1.0094806645099639,1.0094806645099639,1.0094806645099639,1.0028195224187433,1.0094806645099639,1.0094806645099639,1.0027219946343333,1.0027219946343333
2020-01-13,1.0079414647704785,1.0079414647704785,1.0079414647704785,1.0079414647704785,1.0079414647704785,1.0079414647704785,1.0012904792167054,1.0079414647704785,1.0079414647704785,1.0011429640374825,1.0011429640374825
2020-01-14,1.0102194269333429,1.0102194269333429,1.0102194269333429,1.0102194269333429,1.0102194269333429,1.0102194269333429,1.0035534100568524,1.0102194269333429,1.0102194269333429,1.002224205616144,1.002224205616144
2020-01-15,1.0186230422333213,1.0186230422333213,1.0186230422333213,1.0186230422333213,1.0186230422333213,1.0186230422333213,1.0119015734026122,1.0186230422333213,1.0186230422333213,1.0063927587263783,1.0063927587263783
2020-01-16,1.021793131719479,1.021793131719479,1.021793131719479,1.021793131719479,1.021793131719479,1.021793131719479,1.01505074478974,1.021793131719479,1.021793131719479,1.0094744663164819,1.0094744663164819
2020-01-17,1.0197922954079337,1.0197922954079337,1.0197922954079337,1.0197922954079337,1.0197922954079337,1.0197922954079337,1.0130631111629422,1.0197922954079337,1.0197922954079337,1.0074977519453596,1.0074977519453596
2020-01-21,1.0199156451933873,1.0199156451933873,1.0199156451933873,1.0199156451933873,1.0199156451933873,1.0199156451933873,1.0131856470145815,1.0199156451933873,1.0199156451933873,1.0075083084023642,1.0075083084023642
2020-01-22,1.0210853095339512,1.0210853095339512,1.0210853095339512,1.0210853095339512,1.0210853095339512,1.0210853095339512,1.0143475932277501,1.0204494815814094,1.0210853095339512,1.0086133682885925,1.0086133682885925
2020-01-23,1.0120047094948081,1.0120047094948081,1.0120047094948081,1.0120047094948081,1.0120047094948081,1.0120047094948081,1.0053269122829105,1.0159120087983464,1.0120047094948081,0.9996436823024707,0.9996436823024707
2020-01-24,0.9957830820012923,0.9957830820012923,0.9957830820012923,0.9957830820012923,0.9957830820012923,0.9957830820012923,0.9972193520693652,1.0077698796074936,0.9957830820012923,0.9915819550699297,0.9915819550699297
2020-01-27,1.0062181654762037,1.0062181654762037,1.0062181654762037,1.0062181654762037,1.0062181654762037,1.0009508345846478,1.0024444193404054,1.0130502278114772,1.0062181654762037,1.0019234346880714,1.0019234346880714
2020-01-28,1.0053866851307585,1.0053866851307585,1.0053866851307585,1.0053866851307585,1.0053866851307585,1.0000736593142912,1.0015659351789756,1.0126316648286795,1.0053866851307585,1.0010955032591156,1.0010955032591156
2020-01-29,1.0086496981219577,1.0086496981219577,1.0086496981219577,1.0086496981219577,1.0086496981219577,1.0033194287189997,1.0048165478102804,1.0142749282249945,1.0086496981219577,1.004344589089351,1.004344589089351
2020-01-30,0.9903345163948305,0.9903345163948305,0.9903345163948305,0.9903345163948305,0.9903345163948305,0.9851010346605263,0.986570968884479,1.0050662655612876,0.9903345163948305,0.9861075800463915,0.9861075800463915
2020-01-31,0.997691611556723,0.997691611556723,0.997691611556723,0.997691611556723,0.997691611556723,0.9887108876859608,0.9901862084096925,1.008799533481031,0.997691611556723,0.9934332737248016,0.9934332737248016
2020-02-03,1.0128972479840528,1.0128972479840528,1.0128972479840528,1.0128972479840528,1.0128972479840528,0.9962452691099148,1.0052279470420518,1.0164869986037646,1.0128972479840528,1.008574009599589,1.008574009599589
2020-02-04,1.024594713721594,1.024594713721594,1.024594713721594,1.024594713721594,1.024594713721594,1.007700616846444,1.0168368436920785,1.0281750963039125,1.024594713721594,1.0202215483253052,1.0202215483253052
2020-02-05,1.0280421346420465,1.0280421346420465,1.0280421346420465,1.0280421346420465,1.0280421346420465,1.0110911947418255,1.0202581619564468,1.0316345640226279,1.0280421346420465,1.023654254996627,1.023654254996627
2020-02-06,1.0225628343807094,1.0225628343807094,1.0225628343807094,1.0225628343807094,1.0225628343807094,1.0057022402808165,1.0148203490253789,1.0261361166868854,1.0225628343807094,1.0181983414324667,1.0181983414324667
2020-02-07,1.0301967470194573,1.0301967470194573,1.0301967470194573,1.0301967470194573,1.0301967470194573,1.0132102806522882,1.0223964603683804,1.0337967055591535,1.0301967470194573,1.0257996710780146,1.0257996710780146
2020-02-10,1.0319820295809226,1.0319820295809226,1.0319820295809226,1.0319820295809226,1.0319820295809226,1.0149661264656042,1.0241682253995554,1.0355882266796332,1.0319820295809226,1.0275773337134584,1.0275773337134584
2020-02-11,1.0386308913913356,1.0386308913913356,1.0386308913913356,1.0386308913913356,1.0386308913913356,1.0215053580836786,1.0307667443718895,1.0422603225246352,1.0386308913913356,1.0341978169152326,1.0341978169152326
2020-02-12,1.0375226963605229,1.0375226963605229,1.0375226963605229,1.0375226963605229,1.0375226963605229,1.0204154355990311,1.0296669402032403,1.041148254975125,1.0375226963605229,1.0330943518718931,1.0330943518718931
2020-02-13,1.0391847319280223,1.0391847319280223,1.0391847319280223,1.0391847319280223,1.0391847319280223,1.0220500665844932,1.0313163914232466,1.0428160984226744,1.0391847319280223,1.0347492935550169,1.0347492935550169
2020-02-14,1.0365066025028487,1.0365066025028487,1.0365066025028487,1.0365066025028487,1.0365066025028487,1.0194160956713119,1.02865853985011,1.040128610440582,1.0365066025028487,1.0320825948963426,1.0320825948963426
2020-02-18,1.0414628996738624,1.0414628996738624,1.0414628996738624,1.0414628996738624,1.0414628996738624,1.0242906706126207,1.0335773096859098,1.0451022270841894,1.0414628996738624,1.0370177376469871,1.0370177376469871
2020-02-19,1.0371839984079647,1.0371839984079647,1.0371839984079647,1.0371839984079647,1.0371839984079647,1.0200823222897912,1.029330806752197,1.0408083734636107,1.0371839984079647,1.0327570995467095,1.0327570995467095
2020-02-20,1.026503037694049,1.026503037694049,1.026503037694049,1.026503037694049,1.026503037694049,1.0095774752944064,1.0187307185080483,1.0300900887959497,1.026503037694049,1.0221217272075604,1.0221217272075604
2020-02-21,0.9924584969088536,0.9924584969088536,0.9924584969088536,0.9924584969088536,0.9924584969088536,0.9760942801441168,0.9849439509858701,0.9959265814777262,0.9924584969088536,0.9882224950070185,0.9882224950070185
2020-02-24,0.9623850996748492,0.9623850996748492,0.9623850996748492,0.9623850996748492,0.9773721753670059,0.9612567104006187,0.9699718577532043,0.980787541722368,0.9773721753670059,0.9582774567605937,0.9582774567605937
2020-02-25,0.9588450636238186,0.9588450636238186,0.9588450636238186,0.9588450636238186,0.9755745931219969,0.9594887677078946,0.9681878861673539,0.9789836779378643,0.9755745931219969,0.9564670796363148,0.9564670796363148
2020-02-26,0.9157817004836949,0.9157817004836949,0.9157817004836949,0.9157817004836949,0.9536672357356458,0.9379426312150413,0.9464464035693629,0.9569997666519467,0.9536672357356458,0.9349887977195861,0.9349887977195861
2020-02-27,0.9119339067179575,0.913812014515802,0.913812014515802,0.913812014515802,0.9516637479817883,0.9359721780999034,0.9444580855186008,0.9549892778345841,0.9516637479817883,0.9330245500910302,0.9330245500910302
2020-02-28,0.9514267047351508,0.9335990807982922,0.9335990807982922,0.9335990807982922,0.9722704300573534,0.9562390855518073,0.964908741060805,0.9756679686806363,0.9722704300573534,0.9532276316029582,0.9532276316029582
2020-03-02,0.9241852129921855,0.9202335574614806,0.9202335574614806,0.9202335574614806,0.9583512827596591,0.942549445023685,0.9372329827827706,0.9617001817873264,0.9583512827596591,0.9395811034330835,0.9395811034330835
2020-03-03,0.9630311441761625,0.939573473824456,0.939573473824456,0.939573473824456,0.9784922931636377,0.9623583590617822,0.9766273459912641,0.981911573701062,0.9784922931636377,0.9593276338755887,0.9593276338755887
2020-03-04,0.9310186883148275,0.9239571282155,0.9239571282155,0.9239571282155,0.9622290904962132,0.9463633132740332,0.944162934019143,0.965591540282138,0.9622290904962132,0.9433829607870186,0.9433829607870186
2020-03-05,0.9156277188348538,0.9163200119364978,0.9163200119364978,0.9163200119364978,0.9542756311562208,0.938540995067977,0.928554672784437,0.9576102880725272,0.9542756311562208,0.935585277163889,0.935585277163889
2020-03-06,0.8441223107690937,0.880540275792359,0.880540275792359,0.880540275792359,0.9170138341346828,0.9018935916209846,0.8922507795858433,0.9202182820158896,0.9170138341346828,0.8990532862423759,0.8990532862423759
2020-03-09,0.8878014463173505,0.9033220679398687,0.9033220679398687,0.9033220679398687,0.9407392889945961,0.9252278477684289,0.9153355519271047,0.9440266440040561,0.9407392889945961,0.9223140565441982,0.9223140565441982
2020-03-10,0.8445223238441708,0.881304202023304,0.881304202023304,0.881304202023304,0.91780940356097,0.9026760432488109,0.8706684121834769,0.9210166315101185,0.91780940356097,0.8998332737196775,0.8998332737196775
2020-03-11,0.7637207619891874,0.8391438268725918,0.8391438268725918,0.8391438268725918,0.8739026700152259,0.8594932687476132,0.7873652648587361,0.8769564686113547,0.8739026700152259,0.856786493384331,0.856786493384331
2020-03-12,0.8290083129532071,0.8750114162388885,0.8750114162388885,0.8750114162388885,0.9112559592970352,0.896230655878766,0.8209803108887971,0.9144402866422837,0.9112559592970352,0.8934081846071925,0.8934081846071925
2020-03-13,0.7382954416497945,0.8271380736257515,0.8271380736257515,0.8271380736257515,0.8613996169247208,0.8471963730648298,0.7311048414933274,0.8644097243784772,0.8613996169247208,0.8445283239318616,0.8445283239318616
2020-03-16,0.7781573638999577,0.8494674229085682,0.8494674229085682,0.8494674229085682,0.8846538879245822,0.8700672144980818,0.770578530079568,0.8877452559838613,0.8846538879245822,0.8673271389370075,0.8673271389370075
2020-03-17,0.7387570268261107,0.8279619380615775,0.8279619380615775,0.8279619380615775,0.8622576073038934,0.8480402164135821,0.7315619310785106,0.8652707129517341,0.8622576073038934,0.8453695097910559,0.8453695097910559
2020-03-18,0.7403269098247276,0.828841661247189,0.828841661247189,0.828841661247189,0.8631737702025057,0.8489412731003867,0.7331165242618332,0.8661900773246862,0.8631737702025057,0.8462677288081201,0.8462677288081201
2020-03-19,0.7084230531703356,0.810982493088707,0.810982493088707,0.810982493088707,0.8445748432508355,0.8306490157708484,0.7015233939965115,0.8475261575780935,0.8445748432508355,0.8280330787144715,0.8280330787144715
2020-03-20,0.6903099595083766,0.800614816747722,0.800614816747722,0.800614816747722,0.8337777191511356,0.8200299207572549,0.6835867121160322,0.8366913035989124,0.8337777191511356,0.8174474260858371,0.8174474260858371
2020-03-23,0.7528542112439081,0.836883925973328,0.836883925973328,0.836883925973328,0.8715491599653493,0.8571785647019518,0.7455218165089894,0.8745947343668017,0.8715491599653493,0.8544790789639776,0.8544790789639776
2020-03-24,0.764124732536548,0.8431481654278474,0.8431481654278474,0.8431481654278474,0.8780728754591779,0.8635947134866585,0.7566825689914777,0.8811412465791896,0.8780728754591779,0.8608750215712899,0.8608750215712899
2020-03-25,0.8087418404116917,0.8677638014947145,0.8677638014947145,0.8677638014947145,0.9037081353443994,0.8888072847144816,0.8008651302545616,0.9068660872876938,0.9037081353443994,0.8860081916343501,0.8860081916343501
2020-03-26,0.784652758018969,0.8548402499563229,0.8548402499563229,0.8548402499563229,0.8902492671101289,0.875570333908375,0.7770106625565135,0.8933601878744035,0.8902492671101289,0.8728129275448587,0.8728129275448587
2020-03-27,0.8101349734469022,0.8687210546710428,0.8687210546710428,0.8687210546710428,0.9047050396650707,0.8897877515131324,0.802244694923972,0.9078664752285889,0.9047050396650707,0.8869855706794703,0.8869855706794703
2020-03-30,0.7980595434084335,0.8622467135658859,0.8622467135658859,0.8622467135658859,0.8979625197332104,0.8831564060616652,0.7902868730735344,0.9011003939796521,0.8979625197332104,0.880375109117553,0.880375109117553
2020-03-31,0.7621430668374919,0.8428441112525951,0.8428441112525951,0.8428441112525951,0.877756226814365,0.8632832859237126,0.7547202036495442,0.8808234914253568,0.877756226814365,0.8605645747774616,0.8605645747774616
2020-04-01,0.7797297652900277,0.8525685618656554,0.8525685618656554,0.8525685618656554,0.8878834816222289,0.8732435568290517,0.7721356171265668,0.8909861352960716,0.8878834816222289,0.8704934781120721,0.8704934781120721
2020-04-02,0.7684594495803635,0.8464069932786296,0.8464069932786296,0.8464069932786296,0.8814666898074671,0.8669325687053441,0.7609750682247868,0.8845469204009052,0.8814666898074671,0.8642023649865668,0.8642023649865668
2020-04-03,0.8200739338055705,0.8748319546910639,0.8748319546910639,0.8748319546910639,0.9110690641298581,0.8960468423447632,0.8120868551591689,0.9142527383815542,0.9110690641298581,0.8932249499514232,0.8932249499514232
2020-04-06,0.8209099883722262,0.8752778945146733,0.8752778945146733,0.8752778945146733,0.911533475581195,0.8965035963175442,0.812914767004417,0.91471877268986,0.911533475581195,0.8936802654831535,0.8936802654831535
2020-04-07,0.8484667930042573,0.8899688242630757,0.8899688242630757,0.8899688242630757,0.9268329300024741,0.9115507846850671,0.8402031831939352,0.9300716901042576,0.9268329300024741,0.9086800662093291,0.9086800662093291
2020-04-08,0.8613780206306619,0.8967402089331687,0.8967402089331687,0.8967402089331687,0.9338847975767713,0.9184863770801589,0.8529886624137356,0.9371481999917521,0.9338847975767713,0.9155938165594538,0.9155938165594538
2020-04-09,0.8535135466846036,0.8926465416694195,0.8926465416694195,0.8926465416694195,0.9296215632689205,0.9142934373897151,0.8452007842102444,0.932870068076432,0.9296215632689205,0.9114140815632951,0.9114140815632951
2020-04-13,0.8786862055467922,0.9058099454403619,0.9058099454403619,0.9058099454403619,0.9433302188456261,0.927776056903342,0.8701282749262657,0.9466266276985094,0.9433302188456261,0.9248542406835029,0.9248542406835029
2020-04-14,0.8600157250418147,0.8961865401673526,0.8961865401673526,0.8961865401673526,0.933308194857123,0.9179192817121237,0.8516396348505618,0.9365695823697168,0.933308194857123,0.9150285071271863,0.9150285071271863
2020-04-15,0.8641648520542664,0.8983483563259022,0.8983483563259022,0.8983483563259022,0.9355595573203129,0.9201335224382552,0.8557483515995041,0.9388288120791864,0.9355595573203129,0.9172357746140107,0.9172357746140107
2020-04-16,0.8875103408236796,0.9104828358836927,0.9104828358836927,0.9104828358836927,0.9481966687965657,0.9325622660763347,0.8788664678758366,0.9515100831565132,0.9481966687965657,0.9296253767971199,0.9296253767971199
2020-04-17,0.8718744192280926,0.9024625134259325,0.9024625134259325,0.9024625134259325,0.9398441301902323,0.9243474488484927,0.8633828317393342,0.9431283571228548,0.9398441301902323,0.9214364302371408,0.9214364302371408
2020-04-20,0.8454014480442472,0.8887616503282533,0.8887616503282533,0.8887616503282533,0.925575752757012,0.9103143364887496,0.8371676930436744,0.9288101197310035,0.925575752757012,0.9074475119207797,0.9074475119207797
2020-04-21,0.8641648520542665,0.8986245349686209,0.8986245349686209,0.8986245349686209,0.9358471757780122,0.9204163984802243,0.8557483515995042,0.9391174356017203,0.9358471757780122,0.9175177598032774,0.9175177598032774
2020-04-22,0.8641029715785639,0.8985923609490635,0.8985923609490635,0.8985923609490635,0.9358136690528288,0.920383444232868,0.855687073806323,0.9390838117893671,0.9358136690528288,0.9174849093377053,0.9174849093377053
2020-04-23,0.8761471530047176,0.9048548144872425,0.9048548144872425,0.9048548144872425,0.9423355246544572,0.9267977637923287,0.8676139513891077,0.9456284576102771,0.9423355246544572,0.9238790284804936,0.9238790284804936
2020-04-24,0.8887799184904607,0.9113781585572774,0.9113781585572774,0.9113781585572774,0.9491290773419361,0.9334793005424895,0.8801236805395927,0.952445749945627,0.9491290773419361,0.9305395232752118,0.9305395232752118
2020-04-27,0.8846929289324312,0.9092827055998309,0.9092827055998309,0.9092827055998309,0.9469468269627269,0.929140090174937,0.8760764960597169,0.9502558738280226,0.9469468269627269,0.9284000142495022,0.9284000142495022
2020-04-28,0.9078527762747368,0.9211844898031377,0.9211844898031377,0.9211844898031377,0.9593416044253442,0.9534634931821641,0.8990107789565057,0.9626939640705563,0.9593416044253442,0.9405520287504878,0.9405520287504878
2020-04-29,0.8994002322265284,0.9168961554607911,0.9168961554607911,0.9168961554607911,0.9548756395791728,0.9445862915200721,0.8906405581370846,0.9582123931876424,0.9548756395791728,0.9361735338775264,0.9361735338775264
2020-04-30,0.875589817557443,0.9047593575771805,0.9047593575771805,0.9047593575771805,0.9422361137478842,0.9195796365449578,0.8670620440890602,0.9455286993184663,0.9422361137478842,0.9237815646267153,0.9237815646267153
2020-05-01,0.8780052119396005,0.9060072881867396,0.9060072881867396,0.9060072881867396,0.9435357358826877,0.9208020297184013,0.8694539138302102,0.9468328629020912,0.9435357358826877,0.9250557324829408,0.9250557324829408
2020-05-04,0.8861170022054933,0.9101925373180664,0.9101925373180664,0.9101925373180664,0.9478943455434136,0.92926317481344,0.8774866996257181,0.9512067034535326,0.9478943455434136,0.9293289748191604,0.9293289748191604
2020-05-05,0.880110381611342,0.9071076279744413,0.9071076279744413,0.9071076279744413,0.9446816537189426,0.9229640841636407,0.8715385802826211,0.9479827850770439,0.9446816537189426,0.9261792064787513,0.9261792064787513
2020-05-06,0.8907304897644339,0.9125805671175666,0.9125805671175666,0.9125805671175666,0.9503812918225001,0.9341012989949116,0.8820552542994048,0.9537023402119097,0.9503812918225001,0.9317672119991163,0.9317672119991163
2020-05-07,0.9054687332963822,0.9201304572331834,0.9201304572331834,0.9201304572331834,0.9582439119348933,0.9495571664950093,0.896649955273363,0.9615924357618831,0.9582439119348933,0.9394758355633321,0.9394758355633321
2020-05-08,0.9056545803064656,0.9202248853940217,0.9202248853940217,0.9202248853940217,0.9583422514796037,0.949752062634221,0.8968339922336148,0.961691118948024,0.9583422514796037,0.9395722490388418,0.9395722490388418
2020-05-11,0.8876032643287212,0.9110540212820056,0.9110540212820056,0.9110540212820056,0.9487915137190618,0.9308218049444477,0.8789584863559625,0.9521070067276414,0.9487915137190618,0.9302085711421426,0.9302085711421426
2020-05-12,0.8719052566744558,0.9029976443091526,0.9029976443091526,0.9029976443091526,0.940401427154921,0.9143594411767503,0.8634133688455706,0.9436876015271695,0.940401427154921,0.9219828120351748,0.9219828120351748
2020-05-13,0.8823397234004401,0.9084009256869503,0.9084009256869503,0.9084009256869503,0.946028522143511,0.9253019754618838,0.8685366184957483,0.9493343600496587,0.946028522143511,0.9274996952632928,0.9274996952632928
2020-05-14,0.8863956699291304,0.9104887981262643,0.9104887981262643,0.9104887981262643,0.9482028780059234,0.9295554112257202,0.8724856879668736,0.9515163140635677,0.9482028780059234,0.9296314643934793,0.9296314643934793
2020-05-15,0.9133950877181432,0.9243554427223467,0.9243554427223467,0.9243554427223467,0.9626439039047036,0.9578694652730818,0.8990614107546837,0.9660078032303175,0.9626439039047036,0.9437896496985689,0.9437896496985689
2020-05-18,0.9040135142024933,0.9196083685059991,0.9196083685059991,0.9196083685059991,0.957700197355747,0.948031090918228,0.8898270598877983,0.961046821205914,0.957700197355747,0.9389427701274974,0.9389427701274974
2020-05-19,0.919370870865931,0.9274195093152642,0.9274195093152642,0.9274195093152642,0.9658348896343306,0.9641362169617286,0.9049434174563358,0.9692099396613623,0.9658348896343306,0.9469181370776943,0.9469181370776943
2020-05-20,0.9130239076554156,0.924218245444029,0.924218245444029,0.924218245444029,0.9625010236689191,0.9574802119773441,0.8986960555263417,0.9658644237084245,0.9625010236689191,0.9436495679018289,0.9436495679018289
2020-05-21,0.9147574860984783,0.9250956621324383,0.9250956621324383,0.9250956621324383,0.9634147845310761,0.9592982005767943,0.9004024293635029,0.9667813776511542,0.9634147845310761,0.9445454319285009,0.9445454319285009
2020-05-22,0.9260278532038864,0.9307945319849943,0.9307945319849943,0.9307945319849943,0.9693497117994788,0.9711173363022317,0.9114959334623975,0.9727370441542363,0.9693497117994788,0.9503641182619541,0.9503641182619541
2020-05-26,0.9398062298220299,0.9377191820219378,0.9377191820219378,0.9377191820219378,0.9765611932671543,0.9855665997381929,0.9250580895181788,0.9799737256959449,0.9765611932671543,0.9574343563225475,0.9574343563225475
2020-05-27,0.93807203463004,0.9368540100081243,0.9368540100081243,0.9368540100081243,0.9756601842759878,0.9837479643595198,0.9233511086105746,0.9790695681848267,0.9756601842759878,0.9565509944099035,0.9565509944099035
2020-05-28,0.9422522560675747,0.9389414068560756,0.9389414068560756,0.9389414068560756,0.97783404484719,0.9881317261368002,0.9274657308955334,0.9812510251767612,0.97783404484719,0.9586822779496076,0.9586822779496076
2020-05-29,0.9460605779019668,0.9408388770069397,0.9408388770069397,0.9408388770069397,0.9798101116166904,0.9921254800425829,0.9312142897033,0.9832339971888402,0.9798101116166904,0.9606196416586623,0.9606196416586623
2020-06-01,0.9538939060271981,0.9447339233753833,0.9447339233753833,0.9485819277999765,0.9838664977953291,1.0003402229545124,0.9350229298377534,0.9873045581570095,0.9838664977953291,0.9645965798338804,0.9645965798338804
2020-06-02,0.9665888603631075,0.9510204474537188,0.9510204474537188,0.96120618735463,0.9904134209820816,1.0136533108886532,0.9412448342457369,0.9938743591601626,0.9904134209820816,0.9710152755903959,0.9710152755903959
2020-06-03,0.9640496022380571,0.9497712677366161,0.9497712677366161,0.9586810696741179,0.9891124979994584,1.0109904130308285,0.9387250934009189,0.9925688901829862,0.9891124979994584,0.9697398323646356,0.9697398323646356
2020-06-04,0.9887582089282205,0.9619425941111313,0.9619425941111313,0.9832520807889937,1.0017879825537057,1.0369021134507164,0.9507079267085118,1.0052886684306448,1.0017879825537057,0.9821670560541931,0.9821670560541931
2020-06-05,1.0007096724323081,0.9677562610434184,0.9677562610434184,0.9951369898120055,1.007842462002884,1.0494355090314729,0.9621519278541788,1.0113643048821719,1.007842462002884,0.9881029530304989,0.9881029530304989
2020-06-08,0.9932477299527801,0.964148150842706,0.964148150842706,0.9877166008802395,1.0040848974029475,1.0416102350083554,0.9549774970077531,1.0075936097061495,1.0040848974029475,0.9844189837422616,0.9844189837422616
2020-06-09,0.987705212926398,0.9614580830072353,0.9614580830072353,0.9849113889292139,1.001283402130437,1.0357978457238994,0.9522652673204327,1.00478232478243,1.001283402130437,0.9816723582962893,0.9816723582962893
2020-06-10,0.9307649989227437,0.9337445363510557,0.9337445363510557,0.9280829905049319,0.9724219106401301,0.9760851397179244,0.9248166989622575,0.9758199786029002,0.9724219106401301,0.9533761453010927,0.9533761453010927
2020-06-11,0.9419113994937709,0.9393355774007421,0.9393355774007421,0.933593727409968,0.978244542643151,0.9818809020117408,0.9303542822369505,0.981662957431771,0.978244542643151,0.9590847357738151,0.9590847357738151
2020-06-12,0.9507050056987584,0.9437203566732065,0.9437203566732065,0.9379517039663097,0.9828109473415149,0.990998566110909,0.9346971371984215,0.9862453191477019,0.9828109473415149,0.9635617032933409,0.9635617032933409
2020-06-15,0.9690038435793129,0.9528025565710864,0.9528025565710864,0.9469783873579968,0.9922693482570641,1.0100729603682497,0.9526411263605659,0.9957367718577227,0.9922693482570641,0.9728348528459283,0.9728348528459283
2020-06-16,0.964978631705498,0.9508236004557296,0.9508236004557296,0.9450115279516608,0.9902084202281961,1.005877148658695,0.9486838847059336,0.9936686420438765,0.9902084202281961,0.9708142899622602,0.9708142899622602
2020-06-17,0.9653501201426892,0.9510066200386367,0.9510066200386367,0.9451934287959448,0.9903990208106537,1.006264381823953,0.9490491001440153,0.9938599086682299,0.9903990208106537,0.97100115745939,0.97100115745939
2020-06-18,0.9598337121542282,0.9482893983765701,0.9482893983765701,0.9424928166178057,0.9875692469513225,1.0005141729012286,0.9436258428944049,0.9910202463399246,0.9875692469513225,0.9682268072883753,0.9682268072883753
2020-06-19,0.9659910250696085,0.951331026570186,0.951331026570186,0.9455158523368729,0.9907368648428834,1.0069324501098915,0.9466053314910996,0.9941989332754445,0.9907368648428834,0.9713323845097432,0.9713323845097432
2020-06-22,0.9704382987926505,0.9535209172454513,0.9535209172454513,0.9476923569294048,0.9930174647196509,1.0115682118406273,0.9509160262036167,0.9964875025668173,0.9930174647196509,0.9735683167688749,0.9735683167688749
2020-06-23,0.9456833331414541,0.9413592076429577,0.9413592076429577,0.9356049878648923,0.9803519952813794,0.985764060902735,0.9266590553120831,0.983777774432335,0.9803519952813794,0.9611509120401607,0.9611509120401607
2020-06-24,0.9558215547993738,0.9464051400245218,0.9464051400245218,0.9406200761184413,0.9856069392370533,0.9963319689979792,0.9365933267270866,0.9890510814632405,0.9856069392370533,0.9663029331509723,0.9663029331509723
2020-06-25,0.9331192323696132,0.9351658064218551,0.9351658064218551,0.9294494448720948,0.9739020522677143,0.9726674580924702,0.9143477061066316,0.97730529249346,0.9739020522677143,0.9548272970120586,0.9548272970120586
2020-06-26,0.9468341866397362,0.9420383237943071,0.9420383237943071,0.9362799528021696,0.9810592416423836,0.9869636908192337,0.9277867571316533,0.9844874922218156,0.9810592416423836,0.9618443063395431,0.9618443063395431
2020-06-29,0.9589627598774378,0.9480718938555075,0.9480718938555075,0.9422766416304712,0.9873427330026883,0.9996063072096875,0.9396713402948113,0.9907929408523671,0.9873427330026883,0.9680047298209274,0.9680047298209274
2020-06-30,0.9656799780272897,0.9513923594664894,0.9513923594664894,0.9455768103253174,0.9908007382578129,1.0066082200163469,0.9462534284071074,0.9942630298920547,0.9908007382578129,0.971395006905893,0.971395006905893
2020-07-01,0.970997998444146,0.9540120285635021,0.9540120285635021,0.9481804662452052,0.9935289187497888,1.0121516331424614,0.9514644663972179,0.9970007438412933,0.9935289187497888,0.9740697535078215,0.9740697535078215
2020-07-02,0.9859873615809803,0.9613756033370648,0.9613756033370648,0.9554990299037173,1.0011975060043194,1.0277762877792598,0.9661522890513061,1.004696128497635,1.0011975060043194,0.9815881445237302,0.9815881445237302
2020-07-06,0.9758180968937213,0.9564178912227169,0.9564178912227169,0.9505716226558547,0.9960344365576401,1.01717602096351,0.9561875990984756,0.9995150170254888,0.9960344365576401,0.9765261984763024,0.9765261984763024
2020-07-07,0.9832817868285433,0.9600755435100263,0.9600755435100263,0.954206916915578,0.9998435953663032,1.0249560431354439,0.9635011422495103,1.0033374867029952,0.9998435953663032,0.98026075145388,0.98026075145388
2020-07-08,0.9776841735646585,0.9573427909722129,0.9573427909722129,0.9514908687968364,0.9969976473144817,1.019121187228615,0.958016135971687,1.0004815936624885,0.9969976473144817,0.9774705438766087,0.9774705438766087
2020-07-09,0.9876668717014189,0.9622302916365811,0.9622302916365811,0.956348493774262,1.0020875970269296,1.029526980277087,0.9677980125266504,1.005589329888034,1.0020875970269296,0.9824608023061372,0.9824608023061372
2020-07-10,0.9791146199099688,0.9580642939853387,0.9580642939853387,0.9480196117988895,0.9977490362771396,1.020612259925828,0.9635595194021838,1.0012356083072025,0.9977490362771396,0.9782072162047437,0.9782072162047437
2020-07-13,0.9918028927991662,0.9642720356328894,0.9642720356328894,0.9603049268112639,1.0042139137234503,1.033838297618116,0.9698028671566493,1.0077230768661702,1.0042139137234503,0.9845454731610789,0.9845454731610789
2020-07-14,1.0009150498250876,0.9687016447155942,0.9687016447155942,0.9691276972925779,1.0088270051632413,1.0433366535673714,0.9742578834072976,1.012352288467446,1.0088270051632413,0.9890682130198447,0.9890682130198447
2020-07-15,0.9976184240173521,0.9671063810403586,0.9671063810403586,0.9659357666902312,1.0071656628038959,1.039900307456972,0.9726534696848785,1.0106851406504236,1.0071656628038959,0.9874394095578417,0.9874394095578417
2020-07-16,1.0005105653202877,0.968508223789852,0.968508223789852,0.9687360585248366,1.0086255723956632,1.042915025868066,0.9740633530658366,1.0121501518055742,1.0086255723956632,0.9888707254957674,0.9888707254957674
2020-07-17,1.0085964521312352,0.9724218495647731,0.9724218495647731,0.9765651513804504,1.0127013075731361,1.0513436153751703,0.9779994264530583,1.0162401293864523,1.0127013075731361,0.9928666337021234,0.9928666337021234
2020-07-20,1.0107421216492007,0.9734562057321015,0.9734562057321015,0.9786426780990868,1.0137785086290552,1.0535802244209898,0.9800311044507477,1.0173210946545486,1.0137785086290552,0.9939227367980833,0.9939227367980833
2020-07-21,1.0164955668087083,0.9762268070432072,0.9762268070432072,0.9842134036665634,1.0166638732182778,1.0595775168188342,0.985609733354497,1.020216541971098,1.0166638732182778,0.9967515889041105,0.9967515889041105
2020-07-22,1.0043666851965432,0.9704026107771957,0.9704026107771957,0.9724697146196397,1.0105984282914775,1.046934578984137,0.9738493832241122,1.0141299017237684,1.0105984282914775,0.9908049412190102,0.9908049412190102
2020-07-23,0.9978983252388439,0.9672777991506682,0.964104467393602,0.9662067787269683,1.0073441813599422,1.0401920716819295,0.9706647801118952,1.0108642830284749,1.0073441813599422,0.9876144316660089,0.9876144316660089
2020-07-24,1.005175551414655,0.974283359634795,0.9711352500784551,0.9732528926281165,1.011017236649863,1.0477777272346664,0.9742040921675986,1.014550173581947,1.011017236649863,0.9912155468357375,0.9912155468357375
2020-07-27,0.9988002177534854,0.9681039599374431,0.9649758172901625,0.9670800286756753,1.007811044352525,1.041132188945895,0.9711146436961827,1.0113327774447851,1.007811044352525,0.9880721507233258,0.9880721507233258
2020-07-28,1.0110844173038342,0.9800106275752447,0.9768440120403754,0.9789741030283315,1.0140085560059153,1.053937027531202,0.9770864916480493,1.0175519459176772,1.0140085560059153,0.9941482784883598,0.9941482784883598
2020-07-29,1.0074764360793163,0.9765135309099156,0.9733582152123293,0.9754807051254796,1.012199348105488,1.0501761298830148,0.9753431605986019,1.0157364158526245,1.012199348105488,0.9923745055660466,0.9923745055660466
2020-07-30,1.0154380479814191,0.9842304575514086,0.9810502068795509,0.9831894698311063,1.016198815531515,1.0584751773600147,0.979196999476599,1.0197498591691365,1.016198815531515,0.9962956397940615,0.9962956397940615
2020-07-31,1.0224977673688807,0.9910732096589531,0.987870848650212,0.9900249845880259,1.0197313198008715,1.065834107573049,0.9826008782533943,1.0232947075552337,1.0197313198008715,0.999758956762477,0.999758956762477
2020-08-03,1.0264468107501779,0.9949008865731587,0.9916861575544819,0.9938486130960534,1.0217004992688734,1.0699505225544752,0.9844983559880931,1.0252707681985669,1.0217004992688734,1.0016895680640814,1.0016895680640814
2020-08-04,1.0328221444113475,1.0010802862705104,0.9978455903427744,1.0000214770484945,1.0248734262614871,1.0765960608432465,0.987555750410562,1.0284547827874635,1.0248734262614871,1.0048003504029412,1.0048003504029412
2020-08-05,1.0397261346946736,1.007772095316859,1.004515776780259,1.0067062083916585,1.0282988544510527,1.0837926617133462,0.9908564519601804,1.0318921809230601,1.0282988544510527,1.008158688473732,1.008158688473732
2020-08-06,1.0404727092711314,1.0084957253191462,1.005237068585447,1.0074290730346331,1.0286680390642486,1.0845708782267018,0.9912121938287686,1.032262655628954,1.0286680390642486,1.0085206422713395,1.0085206422713395
2020-08-07,1.0435824601539048,1.0115099038210325,1.0082415076577798,1.010440063540473,1.0302052736856169,1.0878124291255797,0.9926934546861216,1.0338052620212181,1.0302052736856169,1.010027768758009,1.010027768758009
2020-08-10,1.0349682250952643,1.0031604111758876,0.9999189939375307,1.002099401875154,1.0259533670443006,1.0788330984813905,0.9885963684057624,1.0295384973562598,1.0259533670443006,1.0058591395657588,1.0058591395657588
2020-08-11,1.049397785789115,1.017146506292381,1.0138598971093433,1.016070704365429,1.0331053046689864,1.0938742246682736,0.9954878897847489,1.036715426982718,1.0331053046689864,1.012871000003548,1.012871000003548
2020-08-12,1.0475008716718144,1.015307890284917,1.0120272220476692,1.0142340330007784,1.0321715729308298,1.0918969139788248,0.9945881570726607,1.035778432377003,1.0321715729308298,1.0119555562486011,1.0119555562486011
2020-08-13,1.0475318119096657,1.0153378796323889,1.0120571144934025,1.0142639906295179,1.0321868166575099,1.0919291655512495,0.9946028457449931,1.035793729371939,1.0321868166575099,1.0119705014130644,1.0119705014130644
2020-08-14,1.0508596863297162,1.018563478052333,1.0152722903426332,1.0174861774416215,1.0338263793251132,1.0953980846783171,0.996182708681294,1.0374390213894396,1.0338263793251132,1.0135779517583474,1.0135779517583474
2020-08-17,1.0531297335480139,1.020763759612365,1.017465462341225,1.0196841318372507,1.0349430054204516,1.0977643429023218,0.9972586762039688,1.0385595494653066,1.0349430054204516,1.0146727077185618,1.0146727077185618
2020-08-18,1.048744854258114,1.0165136413915783,1.0132290771249632,1.015438508824719,1.0327884274961316,1.093193620056841,0.9951825507387673,1.036397442502266,1.0327884274961316,1.0125603291576069,1.0125603291576069
2020-08-19,1.0520103342450224,1.0196787629546602,1.0163839715304723,1.0186002827443146,1.0343963257027384,1.0965975002986534,0.9967319021799511,1.0380109594092777,1.0343963257027384,1.014136735219089,1.014136735219089
2020-08-20,1.0557418708379698,1.0232956177451098,1.01998913952055,1.0222133121081134,1.0362308550867774,1.100487189940377,0.998499632707528,1.0398518994422936,1.0362308550867774,1.0159353336807848,1.0159353336807848
2020-08-21,1.066440100521849,1.0336650573359207,1.0303250733231866,1.0325717842886013,1.0414811136961293,1.1116388407816986,1.0035587189790118,1.050337117471185,1.0414811136961293,1.0210827612120328,1.0210827612120328
2020-08-24,1.07017194548926,1.0372822110235214,1.0339305392446172,1.0361851122334174,1.0433033660902857,1.1155288518676656,1.005314619546278,1.0540126124980524,1.0433033660902857,1.0228693231398311,1.0228693231398311
2020-08-25,1.0809011154109904,1.0476816399618043,1.0442963654929873,1.0465735420426447,1.04853326355764,1.126712754281412,1.010354086065362,1.0645797745945775,1.04853326355764,1.02799678832052,1.02799678832052
2020-08-26,1.0832643945087936,1.0499722880937867,1.0465796120705828,1.0488617674325156,1.0496795186173247,1.1291761958150153,1.011458603702977,1.066907368759643,1.0496795186173247,1.0291205929349334,1.0291205929349334
2020-08-27,1.0902616166716252,1.0567544637120856,1.0533398730870713,1.0556367697699214,1.05306966087104,1.1364699799947136,1.014725304147713,1.0737989345899392,1.05306966087104,1.0324443361769402,1.0324443361769402
2020-08-28,1.0863122649158645,1.0529264879007292,1.0495242662514486,1.0518128426808764,1.0511623468601166,1.132353243569044,1.012887439225996,1.0699092170736946,1.0511623468601166,1.0305743786413106,1.0305743786413106
2020-08-31,1.0965438212447776,1.062843596469871,1.059409330606811,1.0617194622551265,1.056112593262593,1.1430184421219678,1.0176574373305887,1.0748942527860852,1.056112593262593,1.0354276699769376,1.0354276699769376
2020-09-01,1.1124039310754263,1.0782162754693099,1.0747323373243762,1.0770758820848314,1.0637502550678741,1.159550748154145,1.0250169967085796,1.0903874844689427,1.0637502550678741,1.042915741246577,1.042915741246577
2020-09-02,1.0741215028279967,1.0411103860996453,1.0377463447011417,1.0400092383764734,1.0454462282322932,1.1196458025894978,1.0073794558240574,1.052862733369113,1.0454462282322932,1.0249702153826992,1.0249702153826992
2020-09-03,1.0653517442481968,1.032610149658072,1.029273574268618,1.0315179923514102,1.0411784098311063,1.1105043568985362,1.0032670371625898,1.0485119954801259,1.0411784098311063,1.0207859860768311,1.0207859860768311
2020-09-04,1.0362432507109032,1.0043962512624045,1.001150840771009,1.0033339348548396,1.0269544057979945,1.0801621632799123,0.9895609573513461,1.0341878040527461,1.0269544057979945,1.00684057206728,1.00684057206728
2020-09-08,1.0567059522027775,1.0142629407542156,1.02092057223993,1.0231467758953166,1.0370940431067022,1.1014921317934352,0.9993313903381966,1.0443988603401335,1.0370940431067022,1.0167816153802214,1.0167816153802214
2020-09-09,1.0383578771995294,1.0054573820880701,1.003193855367777,1.0053814044177303,1.0280902709368391,1.082366413605226,0.9906554633857633,1.0353316697073554,1.0280902709368391,1.0079541902568792,1.0079541902568792
2020-09-10,1.0388862254472224,1.0057131858228041,1.0033989235339282,1.005586919752362,1.028351832824627,1.0829171547423109,0.9909075012860096,1.035595073917735,1.028351832824627,1.0082106292177957,1.0082106292177957
2020-09-11,1.0525700338965183,1.012336618809321,1.0100071152355543,1.0122095211749023,1.0351243595721045,1.0971809216004875,1.003909807120861,1.0424153032534471,1.0351243595721045,1.0214399800199894,1.0214399800199894
2020-09-14,1.0578880543133748,1.014893991066837,1.0125586026839046,1.0147665723574337,1.03773929838896,1.1027243347266023,1.0089819758878051,1.045048660506182,1.03773929838896,1.0266007184919284,1.0266007184919284
2020-09-15,1.05368943319951,1.0128799994531432,1.010549245497707,1.0127528335979439,1.0356799717375538,1.0983477642041561,1.00497745668542,1.0429748288974747,1.0356799717375538,1.022526272774733,1.022526272774733
2020-09-16,1.0444221638183804,1.008425825618834,1.0061053212322393,1.0082992189797564,1.031125534258956,1.088687721800453,0.9961386124115562,1.0383883120393806,1.031125534258956,1.0135330854839466,1.0135330854839466
2020-09-17,1.0323978211493872,1.0026208656593614,1.0003137191566165,1.0024949878259646,1.0251899044015096,1.0761537535642802,0.9846701541229451,1.032410874313533,1.0251899044015096,1.0018643661208249,1.0018643661208249
2020-09-18,1.0209080970088473,0.9970416998920654,0.9947473916946352,0.9969165225161625,1.0194851513732022,1.0641770624981424,0.9737115989918428,1.0266659396078641,1.0194851513732022,0.9907144537932789,0.9907144537932789
2020-09-21,1.0313052504247318,1.0021187462717467,0.9998127552037516,1.0019929314788296,1.0246764822849166,1.0750148766097907,0.9836280928537351,1.0318938358858156,1.0246764822849166,0.9957097454147951,0.9957097454147951
2020-09-22,1.007388138191229,0.9904986238511503,0.9882193720279907,0.9903742679505066,1.0127947904096226,1.050084089681311,0.9608166667671131,1.0199284547943412,1.0127947904096226,0.984163938912176,0.984163938912176
2020-09-23,1.0100731546460904,0.9918186240589812,0.9895363347627674,0.9916941024339128,1.0141445038788173,1.052882904708898,0.9633775551303678,1.0212876750293645,1.0141445038788173,0.9854754971239914,0.9854754971239914
2020-09-24,1.0264029187848538,0.9998359464305429,0.9975352083488463,0.9997104182403765,1.0223422965212554,1.0699047703238262,0.9789523956055308,1.0295432091826797,1.0223422965212554,0.9934415451070228,0.9934415451070228
2020-09-25,1.0434510926323965,1.008139399549105,1.0058195542620036,1.0080128288704726,1.0308326607260965,1.0876754938778765,0.9952124337672598,1.0380933756389887,1.0308326607260965,1.0016918939020198,1.0016918939020198
2020-09-28,1.0377685735995246,1.0053942918166126,1.003080763339705,1.0052680657829258,1.0280257605006609,1.081752133656022,0.989792617125575,1.0352667048891,1.0280257605006609,0.9989643423702026,0.9989643423702026
2020-09-29,1.0456366452476586,1.009205601256828,1.0068833025163573,1.0090788967178648,1.031922862680047,1.0899536763791802,0.9972969484634628,1.0391912564780645,1.031922862680047,1.0027512767694768,1.0027512767694768
2020-09-30,1.0523497517379954,1.012445208773776,1.0101154553219494,1.012318097506019,1.0352353939013221,1.096951303262594,1.0036997085885515,1.0425271196578174,1.0352353939013221,1.005970165536846,1.005970165536846
2020-10-01,1.0423580079503016,1.0076387776854243,1.005320084387097,1.0075122698592596,1.030320769842766,1.0865360811829812,0.9941698823008208,1.037577879229842,1.030320769842766,1.0011944737406975,1.0011944737406975
2020-10-02,1.0608425900494518,1.016573223226376,1.0142339707361452,1.016445593691412,1.039456330136522,1.105804092022951,1.0029351944952447,1.0467777862419254,1.039456330136522,1.0100717794772684,1.0100717794772684
2020-10-05,1.0457616396969183,1.0093474149617976,1.0070247898915998,1.0092206926182956,1.0320678686176057,1.0900839684458525,0.988627309578263,1.0393372837712838,1.0320678686176057,1.0028921835119133,1.0028921835119133
2020-10-06,1.0639648814937464,1.018132110419205,1.015789270749355,1.0267374166827636,1.041050307947006,1.1090587149877287,0.997182239512753,1.0483829913048046,1.041050307947006,1.0116206968841897,1.0116206968841897
2020-10-07,1.0733944586342352,1.022643798465209,1.0202905768796684,1.0358370588251282,1.0456635542846737,1.1188879442115596,1.0016010915886833,1.0576220520351072,1.0456635542846737,1.0161035306525337,1.0161035306525337
2020-10-08,1.082979867670347,1.0272099013678662,1.0248461726517601,1.04508708040269,1.0503324403597547,1.1288796099264062,1.0060732388392426,1.0670666135314162,1.0549490432571216,1.0251265267109493,1.0251265267109493
2020-10-09,1.1004025109082296,1.0354726180518112,1.0412823367786976,1.0619001162659925,1.0587811511510863,1.1470406739400676,1.0222083284932293,1.0842332492867102,1.0719207353111506,1.0333212287268472,1.0333212287268472
2020-10-12,1.093220778024657,1.0286628738806889,1.034486449342059,1.0549696677178857,1.0553261047774403,1.1395545589547142,1.015536926807184,1.0771570444410503,1.0683692154160445,1.0299492639348384,1.0299492639348384
2020-10-13,1.0863517368472093,1.0221994697994332,1.027986453951483,1.0483409699889545,1.052010636111335,1.1323943884322036,1.0122956850942402,1.0703889366246102,1.0650127698192682,1.0234262796074478,1.0234262796074478
2020-10-14,1.0850091772240347,1.0209361922729794,1.0267160246241904,1.0470453856861102,1.0513605763952745,1.1309949273443696,1.0116701660899323,1.0690661045080292,1.0643546758086329,1.0221614859373198,1.0221614859373198
2020-10-15,1.0843537786973245,1.0203194969580212,1.0260958380082486,1.0464129191433542,1.0510430398309416,1.1303117511789893,1.011364616998602,1.068420336375779,1.0640332147090104,1.021544050485154,1.021544050485154
2020-10-16,1.0678677714969864,1.0048070369989635,1.0104955572641146,1.030503747009285,1.0430532566702584,1.1131270204807207,1.0036764599203667,1.0521765737730986,1.0559446832796437,1.0060129729875567,1.0060129729875567
2020-10-19,1.0721452336820538,1.0088319024540071,1.01454320871474,1.0346315434715974,1.0451422891242317,1.117585773581405,1.0056866283222716,1.0563911831343484,1.0580595347494657,1.0079775203212604,1.0079775203212604
2020-10-20,1.0701158213368784,1.0069223328801016,1.0126228284828485,1.032673138993299,1.0441531392416503,1.1154703490153606,1.004734820304674,1.0543915908766608,1.057058159649202,1.00702354414381,1.00702354414381
2020-10-21,1.0759857292521517,1.012445605458629,1.0181773699984316,1.038337662507113,1.0470168866298233,1.1215890401891422,1.0074904570109369,1.060175246647073,1.0599573010012462,1.0097854580202217,1.0097854580202217
2020-10-22,1.079638938731336,1.0158830821671638,1.0216343073150207,1.041863048474733,1.0487943135561824,1.1253970829930333,1.0092007834528582,1.0637747760417051,1.063503092557167,1.0114996804800984,1.0114996804800984
2020-10-23,1.059687419308679,0.997109758681051,1.0027547022970686,1.0226096202204515,1.0391035552078973,1.1045999618870441,0.9998758655057153,1.0441164232867843,1.0438497604606571,0.9927567864279752,0.9927567864279752
2020-10-26,1.056033901455031,0.9936719918084723,0.9992974731737279,1.0190839366681972,1.0373122801009333,1.1007915976389095,0.9981522136724038,1.0405165900489284,1.0419981110446386,0.9893340274356008,0.9893340274356008
2020-10-27,1.0199396984015483,0.9597092576656794,0.965142465595024,0.9842526471726953,1.0195851219025804,1.0631676204256757,0.9810942818063266,1.004952753480806,1.0241908742932566,0.97237732734675,0.97237732734675
2020-10-28,1.0303061171625574,0.9645383978158942,0.974951938623744,0.9892052866710138,1.024766529368483,1.0739733972610617,0.986080083508709,1.0100095533940499,1.0293956876321073,0.9773188305477649,0.9773188305477649
2020-10-29,1.019565023428233,0.9595106700519228,0.9647879203919018,0.9840489809238034,1.0194248580125667,1.0627770656699025,0.9809400681142133,1.0047448038672562,1.0240298864462345,0.9722244838325655,0.9722244838325655
2020-10-30,1.0309930726760461,0.9648881275652678,0.9701467141985614,0.9895639603306314,1.0251380970969362,1.0746894678873533,0.9864376240081321,1.0103757704246763,1.029768933836361,0.9776731943247171,0.9776731943247171
2020-11-02,1.0491961088898982,0.973406076906478,0.9787110858899581,1.006986053070591,1.0341879279833937,1.093664000133067,0.9951458104491521,1.01929528076188,1.038859645350973,0.9863040091348556,0.9863040091348556
2020-11-03,1.0726449031046288,0.984283547091198,0.989647837682238,1.0181884183631809,1.0457446139533308,1.1181066204038503,1.0062662145019097,1.030685546642641,1.050468536117637,0.9973256091710192,0.9973256091710192
2020-11-04,1.093564512760121,0.9938817037299298,0.9992983037408525,1.0281171954478667,1.0559421029172547,1.1399128621380625,1.0160787332375887,1.0407361884025164,1.060712090003621,1.007050944360184,1.007050944360184
2020-11-05,1.0933145238616016,0.9937681030280623,0.9991840839214776,1.027999681628499,1.0558214087103157,1.139652278004718,1.015795653655213,1.040446239251984,1.0605908505870472,1.006935838413806,1.006935838413806
2020-11-06,1.1070529145909607,1.0000118573164218,1.0054618663234645,1.0344585098008288,1.0624550382545623,1.1539729404939827,1.0285599564121264,1.0535202967677015,1.06725444609929,1.013262324381752,1.013262324381752
2020-11-09,1.1054293230399277,0.9992785541558084,1.004724566701408,1.033699947100586,1.0616759458549456,1.1522805365522983,1.0270514817647527,1.0526950801497312,1.0664718343204622,1.0117256219559718,1.0117256219559718
2020-11-10,1.1136412322150135,1.0029902273294367,1.008456468287409,1.0375394734741663,1.0656193849600162,1.1608404896068862,1.0346811450192028,1.056605161150422,1.0704330870476575,1.0154329416506094,1.0154329416506094
2020-11-11,1.1028377440475474,0.9981251986561153,1.0035649254783852,1.0325068628358807,1.0604505720230435,1.149579119130472,1.0246436525270453,1.0463021524453362,1.0599952415595133,1.005531405275502,1.005531405275502
2020-11-12,1.1181060832824827,1.0050345170097326,1.0105118992327702,1.039654181255687,1.0677913250771172,1.165494573659498,1.0388294264236555,1.0534926508395204,1.067279842919133,1.0194525778958559,1.0194525778958559
2020-11-13,1.1320629059235825,1.0113072172086746,1.0168187852989423,1.0461429524164991,1.0744557079852466,1.1800429258211955,1.0517966736962807,1.066590258010565,1.0739410335247297,1.0321779525570274,1.0321779525570274
2020-11-16,1.1259742577221046,1.0085876272296284,1.0140843737057594,1.0433296827773342,1.071566300170645,1.1736962235307373,1.0461397266378516,1.0608537456470126,1.0710530097638375,1.0293506284577278,1.0293506284577278
2020-11-17,1.112423255875147,1.0025184952287525,1.0079821652730117,1.0370514919744185,1.065118196755685,1.1595708919934,1.0335495263995937,1.04808646347513,1.0646079950514846,1.016911016018253,1.016911016018253
2020-11-18,1.1171066416458446,1.004628834450186,1.010104005725836,1.0392345244556898,1.0673603107084686,1.1644527728665257,1.0379008478230596,1.0524989864995957,1.0668490350104491,1.0211922880586681,1.0211922880586681
2020-11-19,1.1094572074924272,1.001189215603041,1.0066456411472675,1.0356764236583165,1.0637059136659863,1.1564791341119627,1.03079377863448,1.0452919559497587,1.0631963884587619,1.01419963142745,1.01419963142745
2020-11-20,1.1161076111751584,1.004189922796429,1.009662702027976,1.0387804939439937,1.0668939923398704,1.163411400665878,1.0369726512356696,1.0515577347706377,1.0663829400127662,1.0171886227152562,1.0171886227152562
2020-11-23,1.134092318268758,1.012280568110111,1.017797440908659,1.0471498316006276,1.075489837292469,1.18215835038724,1.053682195378022,1.0685022996696678,1.0749746674742195,1.033528512039264,1.033528512039264
2020-11-24,1.1323436294769773,1.0115001361932925,1.0170127556812971,1.0463425167355422,1.0746606733020903,1.1803355472308024,1.0520574932127087,1.0668547459693867,1.0741459006612453,1.031934885404223,1.031934885404223
2020-11-25,1.1354973751165622,1.0129087254505276,1.01979443702421,1.0492044193428012,1.076157218310263,1.18362295750841,1.0549876300063823,1.069826095315632,1.0756417288101852,1.03480897773844,1.03480897773844
2020-11-27,1.1304703574018884,1.0083737806950561,1.0152796536239224,1.0445594335260715,1.0737750633538659,1.178382880600017,1.0503170410459637,1.0650898142368492,1.0708259189605223,1.0302277227074799,1.0302277227074799
2020-11-30,1.14283483710427,1.019402833391734,1.026384239062434,1.0559842655256007,1.0796472518145503,1.191271401836698,1.0618048466748746,1.0767391965520223,1.0766284380438136,1.0414958021249032,1.0414958021249032
2020-12-01,1.1452389244227608,1.0215472669919559,1.0285433588695279,1.0582056524652117,1.0807828342199255,1.193777381158516,1.064038477890625,1.0790042439269445,1.0777608452345089,1.04368671087992,1.04368671087992
2020-12-02,1.1449268494655631,1.0212688977252262,1.0282630831839483,1.0579172938732562,1.0806355788090518,1.1934520795841599,1.063748529867236,1.0787102177669368,1.0774132698555063,1.0434023086659543,1.0434023086659543
2020-12-03,1.1547932904295335,1.0300697126353215,1.0371241706939498,1.0670339274203129,1.0852917833285207,1.2037366881528568,1.068278784638532,1.0880060349501892,1.0866979105518004,1.0523938588989918,1.0523938588989918
2020-12-04,1.1524202461403819,1.0279529692586016,1.0349929307475425,1.06484122437226,1.0841766722996313,1.2012630675515448,1.067181154053856,1.0857702352367697,1.0844647989706717,1.0502312404827818,1.0502312404827818
2020-12-07,1.1557927320661712,1.0309612094668144,1.0380217729636765,1.0679574157568033,1.0857630599827035,1.204778488945829,1.0687426735752148,1.088947674065392,1.087638417521536,1.0517154470100203,1.0517154470100203
2020-12-08,1.1454266216796258,1.0217146919857134,1.0287119304775214,1.0583790855313882,1.0808940469576374,1.1939730335546865,1.0639499870399365,1.0791810857478188,1.077883571705435,1.046999117638641,1.046999117638641
2020-12-09,1.1450518439148225,1.0213803921350888,1.0283753411660512,1.058032789277676,1.080717215440349,1.193582371650832,1.0637759275277607,1.0788279831854377,1.0775308936830492,1.0466041948966611,1.0466041948966611
2020-12-10,1.1437089759171843,1.0201825607449186,1.0271693063977994,1.0567919735183517,1.0800835058966178,1.1921825891187545,1.063152151994222,1.0775627797090404,1.076267211377935,1.0453767821057123,1.0453767821057123
2020-12-11,1.1385883151570537,1.0156149575198177,1.0225704218283538,1.0520604611280806,1.0776656087992056,1.1868449003084383,1.0607721577730524,1.072738271412943,1.0714485036535346,1.0406963782788667,1.0406963782788667
2020-12-14,1.1539816488412487,1.0293457324870678,1.0363952323496357,1.0662839671297724,1.0849504483217065,1.2028906469041363,1.0679428003881806,1.0872413345024217,1.085934129513743,1.0547662456765223,1.0547662456765223
2020-12-15,1.1557927320661714,1.0309612094668144,1.0380217729636767,1.0679574157568037,1.0858018204205613,1.204778488945829,1.0687808264057095,1.0889476740653923,1.087638417521536,1.0564216181477202,1.0564216181477202
2020-12-16,1.1622557468665011,1.0367261856346766,1.0438262307142767,1.0739292690075324,1.0888376386260703,1.2115154245478172,1.0717690552237866,1.0950369016050807,1.093720323900444,1.0623289649963816,1.0623289649963816
2020-12-17,1.1576146083973213,1.0325863138421496,1.0396580069067645,1.069640837260039,1.0866636565808352,1.2066775815360422,1.0696291524503712,1.0906641825172958,1.0893528621920692,1.058086855770713,1.058086855770713
2020-12-18,1.1534759147208893,1.0288946202366365,1.0359410306457322,1.065816666644785,1.0847211413554416,1.2023634783449035,1.0677170880304592,1.086764849420986,1.0854582173167773,1.0543039928495574,1.0543039928495574
2020-12-21,1.1515319221021405,1.027160588756929,1.0341951236082874,1.0640204091707846,1.0838070824378325,1.2003370938342903,1.0668173578707074,1.0849332872542967,1.0836288572620987,1.0525271380805414,1.0525271380805414
2020-12-22,1.1525665184276326,1.0280834433911958,1.0351242984354807,1.0649763805897678,1.0842939568368442,1.201415539271014,1.0672966000424786,1.085908047893453,1.0846024459333306,1.0534727833454602,1.0534727833454602
2020-12-23,1.1570502831288711,1.0320829385870949,1.0391511842737498,1.0691193983042298,1.0864030407342595,1.2060893385705562,1.0693726220093285,1.0901324948959377,1.0888218138259425,1.0575710492625754,1.0575710492625754
2020-12-24,1.1669907339641137,1.0409497699240826,1.0480787403257859,1.078304417288114,1.0910697938439313,1.2164510937576776,1.0739662192490664,1.0994980416033027,1.0981761002095973,1.066656854065753,1.066656854065753
2020-12-28,1.1647641675451883,1.0389636840589207,1.0460790527021557,1.0762470604171155,1.0900289375230654,1.214130159171997,1.0729416793580264,1.0974002482396894,1.0960808290513704,1.0646217202273618,1.0646217202273618
2020-12-29,1.166425997529712,1.0404460279111007,1.0475715484230932,1.0777825984132114,1.0908065381837175,1.2158624221998673,1.0737070903760182,1.0989659665956997,1.0976446649229856,1.066140671742309,1.066140671742309
2020-12-30,1.1723522351803426,1.0457322016050292,1.0528939246091027,1.0832584672873946,1.0935775578582743,1.2220398305221165,1.0764346716363002,1.1045494613924498,1.1032214466082848,1.0715573917083667,1.0715573917083667
2020-12-31,1.1563920064405004,1.0314957591456795,1.0385599835193189,1.0685111478355593,1.0861336568512143,1.205403162258904,1.0691074609792706,1.0895122895175815,1.0882023541289165,1.0569693689569082,1.0569693689569082
2021-01-04,1.1643565992957519,1.0386001352636034,1.0457130141338673,1.0758704656156979,1.0898740028217095,1.2137053170302574,1.0727891734080088,1.0970162516242643,1.0918954140068915,1.064249193304818,1.064249193304818
2021-01-05,1.1713174332718745,1.0448091635917987,1.0519645651470702,1.0823023059088643,1.093131781406519,1.2209611707892303,1.075995883161701,1.1035745070601708,1.0983684609404496,1.0706115585357945,1.0706115585357945
2021-01-06,1.1887203405440845,1.0525185753017905,1.0675941812194332,1.0983826664799676,1.1012524114286402,1.2391016623713118,1.0839892144517664,1.1199709204224273,1.11468752521244,1.0865182232438488,1.0865182232438488
2021-01-07,1.195493374471854,1.0555170703123429,1.073677068307223,1.1046409787271845,1.1043897431000367,1.246161756586033,1.0870773654139423,1.1263522371908983,1.1210387385042642,1.0927089348335928,1.0927089348335928
2021-01-08,1.1874347274051942,1.0519595267390716,1.0664395672538387,1.0971947544544112,1.1006674777350722,1.237761561320432,1.0834134501597505,1.1187596604806558,1.113481979316326,1.0853431427343267,1.0853431427343267
2021-01-11,1.1876857442185922,1.052070715809987,1.0666650063922396,1.0974266950609841,1.1007838150951372,1.2380232169345877,1.0835279638191437,1.1189961597832707,1.113717362947757,1.0855725779789298,1.0855725779789298
2021-01-12,1.1908839985724284,1.0534872478193007,1.069537370582334,1.100381895729663,1.1022659355324658,1.2413570223313315,1.0849868505847113,1.122009443690545,1.1167164318700957,1.0884958573403494,1.0884958573403494
2021-01-13,1.1867136451177298,1.0516426457469366,1.065791960556098,1.0965284713442107,1.100335924482794,1.2370099175312002,1.0830870943254691,1.1180802818533648,1.1128058056166985,1.0846840566405953,1.0846840566405953
2021-01-14,1.1780596297532806,1.047808135352771,1.0580197570090124,1.08853212422407,1.0963238681473395,1.2279891205796079,1.0791379308546138,1.1099267698602615,1.1046907573242355,1.0767740839775528,1.0767740839775528
2021-01-15,1.1873093217899828,1.0519216378957594,1.0663269400020579,1.097078879130898,1.1006278345581793,1.237630840661435,1.083374428428009,1.1186415076759093,1.1133643838903036,1.0852285190658517,1.0852285190658517
2021-01-19,1.2037401299613306,1.0592002477434013,1.081083510238279,1.1122610159852278,1.1082434594361208,1.2547580328401289,1.0908706710181066,1.13412204310826,1.1287718908312354,1.1002466624355716,1.1002466624355716
2021-01-20,1.2048374290944281,1.0596830178549463,1.0820689986913627,1.1132749250659677,1.1087485828248955,1.255901838606351,1.091367876109071,1.1351558801497894,1.1298008508089292,1.1012496195347279,1.1012496195347279
2021-01-21,1.2005730214283212,1.0558793862923275,1.078239118226291,1.1093345941878805,1.106786427665117,1.2514566933119722,1.0894364796297467,1.1311381037090495,1.1258020279860153,1.0973518510836175,1.0973518510836175
2021-01-22,1.2053081113174215,1.0600438008817825,1.0824917201552196,1.1137098374482353,1.1089690242791885,1.2563924696699136,1.0915848619302977,1.1355993405538327,1.130242219215286,1.1016798341068157,1.1016798341068157
2021-01-25,1.2034266159233025,1.0583890642130451,1.0808019421088262,1.1119713276764447,1.1081034696165215,1.2544312311926367,1.0907328756743655,1.133826661096394,1.1284779022661797,1.099960103264384,1.099960103264384
2021-01-26,1.1740144763308173,1.0325216897608769,1.054386789599718,1.0847943852025839,1.0945622642368011,1.2237725221423108,1.0774039417896708,1.1061155671347047,1.100897533717473,1.0730767190386206,1.0730767190386206
2021-01-27,1.1841110674361466,1.04140143487397,1.0634545758119636,1.0941236784622193,1.0992689130235611,1.2342970352646911,1.082036809303161,1.1108165896733129,1.1103653149679644,1.0823052397044324,1.0823052397044324
2021-01-28,1.1604056028761847,1.0205529642481943,1.0421646094808286,1.0722197280666201,1.0882654349816026,1.2095868662352889,1.0712058214250355,1.088522912554694,1.0881362130311198,1.0606378900710687,1.0606378900710687
2021-01-29,1.1797211513633408,1.0375405935872695,1.0595119757776912,1.0900673772808456,1.0973228041136462,1.2297210621632344,1.0801212075332094,1.1066419366655023,1.106248800329335,1.0782927536310205,1.0782927536310205
2021-02-01,1.1964027707651108,1.0522117362349261,1.0744938005174742,1.1054812647822014,1.1050810448461925,1.247109695659922,1.0877578303364144,1.1222901935270135,1.121891498122311,1.0935401443376902,1.0935401443376902
2021-02-02,1.1973435184621704,1.0530391045692948,1.075338689540671,1.1063505196680967,1.1055155149399631,1.2480903148985605,1.0881854896911287,1.1231726655011613,1.122773656596864,1.0944000097589062,1.0944000097589062
2021-02-03,1.2109521863338273,1.0650076492759604,1.0875606850247215,1.1189249868445137,1.111798003314354,1.26227575650942,1.1004990889986614,1.1359383284305105,1.1355347845038302,1.1068386508188048,1.1068386508188048
2021-02-04,1.2157183192522667,1.0691993655740015,1.0918411668143368,1.1233289139964269,1.1139859415013664,1.2672438915878674,1.1048304944777405,1.1404092176378215,1.1400040854205262,1.111195007897642,1.111195007897642
2021-02-05,1.2244979458149028,1.0769208673413853,1.0997261822480424,1.1314413263996275,1.11800841134801,1.2763956234946188,1.11280931572516,1.1486449799035463,1.1482369219183983,1.1192197921368128,1.1192197921368128
2021-02-08,1.2236827065245424,1.0762038810804722,1.0989940127940463,1.1306880418170187,1.117636240701665,1.2755458320630584,1.112068435856836,1.1478802415701803,1.147472455259561,1.1184746443378986,1.1184746443378986
2021-02-09,1.2231497326598948,1.075735141481073,1.0985153469739768,1.1301955716920877,1.1173928479891173,1.2749902692623218,1.1115840754839625,1.1473802833986377,1.1469726746989668,1.1179874937468797,1.1179874937468797
2021-02-10,1.2251251794739342,1.0774725064996369,1.1002895031417863,1.1320208929767397,1.118295170118065,1.2770494410857651,1.11337933828934,1.14923335883561,1.148825091827896,1.119793098386841,1.119793098386841
2021-02-11,1.2311771311142397,1.0827950740317926,1.1057247835318351,1.137612922113756,1.1210572830851857,1.2833578915112545,1.118879280683419,1.1549104152112577,1.154500131420093,1.1253247238828534,1.1253247238828534
2021-02-12,1.2301106694275052,1.0818571428179513,1.104766990304599,1.1366275069650276,1.1205717458660356,1.2822462301693758,1.1179100928592023,1.1539100167484317,1.1535000883504374,1.1243499529316827,1.1243499529316827
2021-02-16,1.2303933460191698,1.0821057510914995,1.1050208632082037,1.136888701341799,1.1207004982660065,1.2825408873925244,1.1181669860174284,1.1541751826060482,1.1537651600074545,1.1246083259548847,1.1246083259548847
2021-02-17,1.225156530877737,1.0775000794172485,1.1003176599547315,1.132049861807618,1.1183155287124409,1.2770821212505143,1.1134078300759793,1.1492627681398184,1.1488544906844016,1.1198217543039597,1.1198217543039597
2021-02-18,1.2229930784323686,1.0755973672960228,1.0983746552266698,1.1300508225174695,1.1173281355082627,1.2748269755866568,1.1123690996297149,1.1472333333015439,1.1468257768061325,1.1178443081151124,1.1178443081151124
2021-02-19,1.213586218210701,1.0673242263703875,1.08992631889922,1.1213588435371564,1.1130310753785622,1.265021426088759,1.1080911111358913,1.1384091921037551,1.1380047703987628,1.1092462176259132,1.1092462176259132
2021-02-22,1.21505983698092,1.0686202439011467,1.0912497814250666,1.1227204735682093,1.113706834323375,1.2665575009800527,1.1087638708607381,1.1397915258254971,1.1393866130442165,1.1105931396843214,1.1105931396843214
2021-02-23,1.2284487366514938,1.0803955069755045,1.1032744022662417,1.1350918739891582,1.1198428733123018,1.2805138599934245,1.1148726762765264,1.152351034353543,1.1519416597865635,1.1228309074629088,1.1228309074629088
2021-02-24,1.1988482830532163,1.0543625142116488,1.0766901242446232,1.107740928570481,1.1063511190290922,1.2496588556584411,1.087953184944079,1.1245842156792152,1.1241847053194367,1.0957753998267796,1.0957753998267796
2021-02-25,1.1926713369636512,1.0489300166210804,1.0711425858724712,1.102033404029045,1.1035009371858284,1.2432201131662795,1.0850960022008613,1.118789907782527,1.1183924558599916,1.0901295264775985,1.0901295264775985
2021-02-26,1.2215820596782676,1.0743564051974785,1.0971074140092942,1.1287470351684,1.1168755394846976,1.2733561538767804,1.0982475338366569,1.1459097217642706,1.1455026354839968,1.1165546039371153,1.1165546039371153
2021-03-01,1.2120493826754373,1.0659726109893621,1.0885460811603855,1.1199388009454803,1.1125177422798689,1.263419455127561,1.093962418921013,1.1369675576538554,1.136563648091831,1.1078415139641347,1.1078415139641347
2021-03-02,1.1959952025156746,1.0518532883059741,1.0741277619491856,1.1051046699807836,1.1051498245527591,1.2466848535181823,1.0867173883090588,1.1219078725723044,1.1215093129877396,1.0931676174151466,1.0931676174151466
2021-03-03,1.1811947701335601,1.0388366111180292,1.0608354383035374,1.0914290073118982,1.0983117138245582,1.2312571370545282,1.0799933282165495,1.108024270387244,1.1076306429747893,1.0796396756894286,1.0796396756894286
2021-03-04,1.2029249934624584,1.0483403124940875,1.080351433101702,1.111507826382392,1.1084144333038588,1.2539083485566496,1.0899275477073842,1.1181609287129959,1.1177637002362917,1.0995016085904843,1.0995016085904843
2021-03-05,1.1969358474212464,1.0457305640615004,1.0776079783066774,1.1059738298869057,1.1056551357785258,1.2476653656087398,1.087214271612434,1.1153773681684753,1.1121426686910014,1.0940273888825358,1.0940273888825358
2021-03-08,1.2140252406554284,1.05319583501347,1.085300816036139,1.1217645021492262,1.113548196813259,1.2654790555433293,1.0949756868367457,1.1233398343650574,1.1200264358518202,1.1096474944194026,1.1096474944194026
2021-03-09,1.2215820596782678,1.0564736953306526,1.0886785966528323,1.1287470351684001,1.1170138917241752,1.2733561538767806,1.0983835785439096,1.126836003779484,1.123512292979452,1.1165546039371153,1.1165546039371153
2021-03-10,1.2339677144271521,1.061829503537712,1.0941976680585603,1.1401914330012437,1.122676609305443,1.2862667476181775,1.1094652012599016,1.1325485146954928,1.1348474399998423,1.1278753823679024,1.1278753823679024
2021-03-11,1.2356295444116758,1.0625445060806473,1.0949344663039746,1.1417269709973397,1.1234325843728836,1.2879990106460477,1.110959359102674,1.134017132264942,1.1363757810428063,1.1293943338828496,1.1293943338828496
2021-03-12,1.2429985633861622,1.065712895288382,1.098199438760527,1.1485359759705642,1.1267825350390201,1.2956803494352473,1.117584872901803,1.1407801574797785,1.1431528727128168,1.1361297897593299,1.1361297897593299
2021-03-15,1.241430582030071,1.065040723171704,1.097506776558024,1.1470871545075565,1.1260718447537084,1.2940459126054624,1.1161750947281375,1.1393411195991119,1.1417108417689574,1.1346966180880858,1.1346966180880858
2021-03-16,1.2456635355008872,1.0668564782735068,1.0993778820335627,1.150998421574992,1.1279916499335694,1.298458270587011,1.119980959759706,1.1432259747142195,1.1456037770166387,1.1385656366682506,1.1385656366682506
2021-03-17,1.2275398543156766,1.059095407112814,1.0913802271017932,1.1342520628330082,1.1197858381471808,1.279566456659941,1.1036858870777966,1.126592700561227,1.128935907220744,1.1220001677279448,1.1220001677279448
2021-03-18,1.2252682652250604,1.0581154676166498,1.0903704157262673,1.132153104821273,1.1187497441723828,1.2771985912147188,1.1016434924364018,1.124507916365288,1.1278349002500732,1.1199238821134943,1.1199238821134943
2021-03-19,1.2350520618327767,1.062340006363166,1.0947237327415322,1.141193374630539,1.123216365998219,1.287397052726175,1.1104401422559678,1.133487139160603,1.136784297346824,1.1288665012849046,1.1288665012849046
2021-03-22,1.2253311736156416,1.0581592561059168,1.0904155390371981,1.1322112324425762,1.1143195570202598,1.2772641658403794,1.1017000536165698,1.124565651463162,1.1278368582687464,1.1199813818553848,1.1199813818553848
2021-03-23,1.219102420616186,1.0554697739551757,1.0876440723489764,1.1264558380953609,1.1114316184430844,1.2707714207153207,1.0960997574181013,1.1188491220664871,1.1249138874286182,1.1142881557775877,1.1142881557775877
2021-03-24,1.2259605658959187,1.058438583189634,1.0907033809577802,1.1327927935949293,1.1145578362976591,1.2779202335412299,1.1022659426789374,1.1251432854570864,1.1280780280031546,1.120556661135772,1.120556661135772
2021-03-25,1.2457169870745834,1.0669669808489675,1.108225590077769,1.151047811057145,1.123538416364599,1.298513987589206,1.1200290182788029,1.1432750306797335,1.1371675473823286,1.1386144926580921,1.1386144926580921
2021-03-26,1.2450873892113306,1.0666973529405925,1.1076654817459772,1.150466059945245,1.1229143918559537,1.2978577055921932,1.1194629443759772,1.1426972080090188,1.136535953117578,1.1380390254700514,1.1380390254700514
2021-03-29,1.2417844931228343,1.0652825163013473,1.104727130575833,1.1474141698672742,1.1213688448362134,1.294414823448844,1.1164932975766968,1.13966592669385,1.1335210160243954,1.1350201011131338,1.1350201011131338
2021-03-30,1.2468177811182686,1.067441455203685,1.1092048880573866,1.1520649494501796,1.1236414502586625,1.2996614363901868,1.1210187465115142,1.144285300554131,1.1381154829018003,1.1396206441873533,1.1396206441873533
2021-03-31,1.2602823353239208,1.0732051776788567,1.121183341979521,1.16450625498433,1.1297086284156646,1.3136966563912813,1.1331247798922852,1.1566425926054387,1.1504061462560549,1.1457171220526334,1.1457171220526334
2021-04-01,1.2783711701947407,1.0885552334742425,1.1372756887216253,1.1812204155831407,1.1458668531795582,1.332552147118843,1.1493885221165525,1.1732438860424519,1.1669179279661854,1.1621043163329237,1.1621043163329237
2021-04-05,1.2776163722992524,1.087912509969125,1.136604198847283,1.1805229791072742,1.1451902907621205,1.3317653587589957,1.148709880374765,1.1725511592063607,1.166228936211074,1.1614181667131913,1.1614181667131913
2021-04-06,1.2790951306438656,1.0891716983586965,1.1379197447184923,1.1818893581269958,1.1465157744795738,1.333306791054347,1.1500394377896304,1.1739083113599775,1.1675787708003473,1.1620322290221692,1.1620322290221692
2021-04-07,1.285166407083892,1.0943414955950133,1.1433209265158717,1.187499243461406,1.151957757677659,1.3396353853190917,1.1554981461972207,1.1794803143351773,1.1731207303569182,1.1674897600838425,1.1674897600838425
2021-04-08,1.294509844957539,1.1022975950699807,1.151633117052178,1.196132619921549,1.1603327398454153,1.3493748244509232,1.1638988677556106,1.1880553914453753,1.1816495719154587,1.1759776632700254,1.1759776632700254
2021-04-09,1.2949813495124356,1.1026990893799324,1.1520525810387787,1.1965682921420038,1.160755372530801,1.349866312699135,1.164322799346184,1.1884881216642438,1.1820799689167794,1.176405994369127,1.176405994369127
2021-04-12,1.2988195836698002,1.1059674123652377,1.1554671843218978,1.200114836879693,1.1641957702792858,1.353867222049087,1.167773770698267,1.1920107173417116,1.1855835712776484,1.1798927794662375,1.1798927794662375
2021-04-13,1.2943840281763765,1.102190459897672,1.151521186832078,1.1960163646789426,1.1602199640863329,1.349243675199602,1.163785745395275,1.1879399212496278,1.1815347243179843,1.1758633669401148,1.1758633669401148
2021-04-14,1.308288735533122,1.1140305594837785,1.163891213632046,1.2088643736026692,1.1726834360690666,1.3637377032841589,1.176287522196764,1.200701170309262,1.194227166603927,1.1884948856029764,1.1884948856029764
2021-04-15,1.312661793801916,1.117754294480132,1.167781611796849,1.21290509810121,1.1766032229307106,1.368296104100308,1.1802193560005043,1.204714608657053,1.1982189650837998,1.1924675234815618,1.1924675234815618
2021-04-16,1.3062124502694743,1.1122625665544754,1.1620440906616196,1.2069458771603396,1.1708223596330292,1.3615734191931124,1.1744207259905315,1.1987956290642388,1.1923318997563859,1.1866087160213874,1.1866087160213874
2021-04-19,1.2966492441947441,1.1041193306429096,1.153536388025171,1.1981094339447285,1.1622503884351105,1.3516048974637929,1.170062846950201,1.1900188564650631,1.1836024502212106,1.177921167775279,1.177921167775279
2021-04-20,1.3089180250219115,1.1145664104027941,1.1644510476250631,1.209445839775249,1.1732474991385962,1.3643936638369283,1.1755983626987792,1.2012787099647912,1.1948015922507733,1.1890665540112388,1.1890665540112388
2021-04-21,1.296963683356163,1.1043870810449463,1.1538161221291632,1.1983999770714717,1.1625322356957593,1.3519326634440154,1.170229995764891,1.1903074376160374,1.1838894753851608,1.1782068152207013,1.1782068152207013
2021-04-22,1.311025661689362,1.116361099596439,1.1663260617042563,1.2113933050484567,1.1751366773773464,1.3665906280927242,1.1765739470475987,1.2032130244203565,1.1967254771679467,1.1909812042959511,1.1909812042959511
2021-04-23,1.3137628962200654,1.118691902295306,1.1687611841152412,1.2139225214335643,1.1775901950968,1.3694438743455326,1.1789716368837084,1.2057251615466362,1.1992240692211757,1.193467803126989,1.193467803126989
2021-04-26,1.3134796028794735,1.1184506731001398,1.1685091582274996,1.2136607571781526,1.177336265364748,1.3691485742338971,1.1787855744921971,1.2054651649294135,1.1989654744673848,1.193210449625981,1.193210449625981
2021-04-27,1.3131021525359854,1.118129267583213,1.1681733675671993,1.2133119914503325,1.1769979380875,1.368755126479933,1.178616202611958,1.2051187543421702,1.1986209316749608,1.192867560636249,1.192867560636249
2021-04-28,1.32147009918967,1.1252547193578444,1.1756177331126967,1.2210440098611803,1.1844985395741334,1.3774777303216987,1.1823716596758191,1.2127985600817421,1.2062593290341266,1.2004692937482062,1.2004692937482062
2021-04-29,1.3127876105830785,1.1178614296524407,1.167893542016949,1.2130213533438157,1.1767159986897933,1.3684272533516293,1.1784873763801973,1.2048300788528008,1.198333812681274,1.1925818198114724,1.1925818198114724
2021-04-30,1.3156191049081658,1.1202724962018036,1.1704125206467506,1.215637666181105,1.1792540060915007,1.3713787543948477,1.179758290384682,1.2074287242874961,1.2009184466028726,1.1951540475105888,1.1951540475105888
2021-05-03,1.307502277859367,1.113360877128112,1.163191558310162,1.2081376833566033,1.171978495437742,1.3629179133153189,1.1761189794447926,1.1999793872474436,1.1935092752899734,1.1877804401616803,1.1877804401616803
2021-05-04,1.3079112851896337,1.1137091539668516,1.1635554229717457,1.2085156078748482,1.1721032031900085,1.3633442555301947,1.176302933726175,1.200354759722019,1.1938826238115026,1.1881519966132446,1.1881519966132446
2021-05-05,1.3183557226899423,1.1226027737282573,1.1728470943801863,1.2181663126875726,1.1767831684094594,1.3742313577591696,1.180999667599433,1.2099402953834049,1.2034164756776828,1.1976400860655,1.1976400860655
2021-05-06,1.3279508969174025,1.1307732310765781,1.181383236802951,1.2270322946127021,1.1852891189618102,1.384233202541725,1.1852974065852615,1.2187464072234935,1.2121751062609092,1.2063566752908588,1.2063566752908588
2021-05-07,1.314800987456145,1.1195758549955894,1.1696846998773254,1.2148817221648418,1.1735519044036948,1.3705259628170152,1.179428758272496,1.2066778849999504,1.200171655730078,1.1944108412281065,1.1944108412281065
2021-05-10,1.3030667223659436,1.1095839246605466,1.1592455608203422,1.2040392111558529,1.168256400370571,1.3582943664658336,1.1741657071200347,1.1959085911553597,1.1894604283303094,1.1837510276355578,1.1837510276355578
2021-05-11,1.2753826104761756,1.0860104230169647,1.134616980209215,1.1784589736521391,1.1558463908335792,1.3294369238076353,1.1616929249304857,1.1705010915398628,1.1641899222072163,1.1586018197429728,1.1586018197429728
2021-05-12,1.2907030649954652,1.099056055877753,1.1482464963240842,1.1926151389945105,1.1627886573803368,1.3454067024138017,1.168670307041385,1.184561663316845,1.1781746814539584,1.1725194522553928,1.1725194522553928
2021-05-13,1.3105221889817353,1.1159323838497321,1.1658781579313395,1.2109280941184826,1.1717161377572936,1.366065816791276,1.1776429446458396,1.2027509549605753,1.1962658991185748,1.1905238322175995,1.1905238322175995
2021-05-14,1.3071877359064608,1.1130930391973402,1.162911732759912,1.2078470452500867,1.1686762727994366,1.3625900401870155,1.1745877033592014,1.1996907117580744,1.193222156296287,1.187494699336904,1.187494699336904
2021-05-17,1.2959252837456192,1.1035028657584556,1.1528923320283044,1.1974404914008725,1.1635833055930904,1.3508502535282891,1.1644677049424303,1.1893544311475377,1.1829416073870485,1.1772634969815203,1.1772634969815203
2021-05-18,1.2925277166967875,1.1006097784624382,1.1498697588543105,1.1943011249516267,1.1620580045795061,1.3473086880022056,1.162883021215154,1.1862362641703728,1.1798402531065504,1.1741770291771605,1.1741770291771605
2021-05-19,1.3064327324279965,1.1124501406347513,1.1622400599930534,1.2071494188146734,1.1683087157346799,1.361803037531006,1.1691381701356263,1.1989977962451928,1.1925329768817026,1.1868088279780855,1.1868088279780855
2021-05-20,1.305363084205138,1.1115393166126548,1.161288470229686,1.2061610592929704,1.1678304364821335,1.3606880545986118,1.1686595513231455,1.1980161109045466,1.191556584643695,1.185837122415136,1.185837122415136
2021-05-21,1.3186706758088003,1.1228709617739718,1.1731272857154698,1.2184573307131825,1.1737831904320024,1.3745596594797977,1.1746165315001194,1.2102293482263553,1.2037039699903156,1.1979262004076947,1.1979262004076947
2021-05-24,1.315744613314865,1.120379368787906,1.1705241765280765,1.2157536364843915,1.171119936666213,1.3715095822019259,1.1719513869262523,1.2075439114680586,1.201033012711138,1.1952680637024362,1.1952680637024362
2021-05-25,1.318355722689942,1.1226027737282573,1.1728470943801865,1.2181663126875726,1.1734440368107424,1.3742313577591696,1.1742771370927896,1.209940295383405,1.203416475677683,1.1976400860655,1.1976400860655
2021-05-26,1.3190477149863367,1.1231920171759562,1.1734627105907371,1.218805716521909,1.1740599663506595,1.3749526786414372,1.1748935039190682,1.2105753814600175,1.2040481374637937,1.1982687158800085,1.1982687158800085
2021-05-27,1.321407499173552,1.1252014143578966,1.175562042341422,1.220986167179197,1.1761603665954419,1.3774124771402816,1.1769953953675054,1.2127411079990542,1.206202186724599,1.2004124257213147,1.2004124257213147
2021-05-28,1.3202433855733338,1.1242101514278329,1.1745264134667213,1.2199105212457657,1.175124210618086,1.3761990251213152,1.1759585037591267,1.211672725673202,1.2051395649587489,1.199354904531578,1.199354904531578
2021-06-01,1.3223194652540058,1.125977969299665,1.1763733535446312,1.2218288277285485,1.1769720907306385,1.3783630949161996,1.1778076957957206,1.213578078241435,1.2070346441468172,1.201240887354458,1.201240887354458
2021-06-02,1.317411994039734,1.1217991724072054,1.1720075262831777,1.2172943033882497,1.1726040413998722,1.3732476312261779,1.1734365453173792,1.2090741745769018,1.2025550248668866,1.196782770211816,1.196782770211816
2021-06-03,1.3294610066658181,1.1320591157304916,1.1827266737829276,1.228427642463302,1.1833286446099125,1.3858073150018253,1.18416876258457,1.2201323325876523,1.2135535589198148,1.20772851138785,1.20772851138785
2021-06-04,1.3281709734929492,1.1309606300993833,1.1815790232418686,1.2272356463074905,1.1821804099506792,1.3844626065834562,1.1830197127227464,1.218948385727657,1.2123759957267535,1.206556600488848,1.206556600488848
2021-06-07,1.328454061250565,1.1312016842370782,1.1818308662370938,1.2274972206033552,1.1824323811260997,1.3847576923989293,1.183271862788042,1.2192081936680894,1.2126344028210714,1.2068137672311468,1.2068137672311468
2021-06-08,1.326472241364277,1.1295141302157423,1.1800677823780006,1.225666010572754,1.1806683999125525,1.3826918773944548,1.1815066292154557,1.2173893494082721,1.2108253655013725,1.205013413276345,1.205013413276345
2021-06-09,1.3326380859731515,1.1347644538887618,1.1855530947329718,1.231363277298666,1.18615650411968,1.3891190478938529,1.1869986297661832,1.2230481437070733,1.2164536484155226,1.2106146804768028,1.2106146804768028
2021-06-10,1.3348402908094499,1.1366396695191094,1.1875122393697566,1.2333981239633756,1.188116645899713,1.391414588384302,1.1879200465374722,1.2250692494862396,1.2184638566902752,1.212615239767657,1.212615239767657
2021-06-11,1.3378288505280151,1.1391844799763877,1.1901709478821672,1.2361595658943767,1.19077670761147,1.3945298116955103,1.189249857311241,1.2278120439888294,1.2211918624492444,1.215330151120453,1.215330151120453
2021-06-14,1.3353749093379035,1.1370949064726867,1.187987851358924,1.2338921137646806,1.1885924999604838,1.3919718655543372,1.188159153814662,1.2255599034797724,1.2189518651498061,1.213100905790423,1.213100905790423
2021-06-15,1.327919237139136,1.1307462722260302,1.1813550713554102,1.227003040842504,1.181956344079726,1.3842002009327323,1.1848422856045207,1.2187173509977667,1.2121462067020679,1.2063279144496724,1.2063279144496724
2021-06-16,1.3274789811965544,1.1303713866516847,1.180963407031318,1.226596242473154,1.1815644804107621,1.3837412857011886,1.1846458753701217,1.2183132996510448,1.211744333940643,1.2059279706743395,1.2059279706743395
2021-06-17,1.3095705453869604,1.115122042816043,1.1650315484724454,1.2100487713766102,1.165624513034963,1.3650738398560363,1.1766551068093105,1.2018775700976405,1.1953972234180683,1.1896593261536188,1.1896593261536188
2021-06-18,1.328318376486566,1.131086146306157,1.1817101571762014,1.2273718473025053,1.1739097806058683,1.3846162569318181,1.185077612676847,1.2190836669864011,1.212510547568893,1.206690506483204,1.206690506483204
2021-06-21,1.335419726426618,1.137133069001385,1.1880277219275215,1.2339335249458705,1.1801269481160248,1.3920185821177162,1.1882453964637427,1.2256010350200879,1.2189927749149196,1.2131416191889859,1.2131416191889859
2021-06-22,1.3338102173094244,1.1357625440601984,1.186595856415816,1.2324463316544207,1.1787046049793681,1.3903408574631488,1.1875293325322216,1.2241238844277529,1.2175235889008198,1.2116794852561912,1.2116794852561912
2021-06-23,1.3417006975019157,1.1424814248582165,1.1936154540917343,1.2397371690179584,1.1856775200295686,1.3985657584679965,1.1910418924731887,1.231365488321534,1.2247261471339483,1.2188474712664858,1.2188474712664858
2021-06-24,1.3464663164629156,1.146539432095622,1.1978550855168004,1.2441406212710047,1.1898889565158168,1.403533357806038,1.193157137638032,1.2357392050006653,1.2290762813775102,1.223176724899915,1.223176724899915
2021-06-25,1.349180936866286,1.1488509784726688,1.2002700897509702,1.2466489421059708,1.1922879001801396,1.406363031480995,1.1943599039719006,1.238230587679997,1.2315542308887097,1.2256427802729626,1.2256427802729626
2021-06-28,1.3499068503536804,1.149469106403098,1.2009158832267437,1.2473196892655198,1.1929293989175946,1.4071197112300404,1.1946812107512232,1.2388968054270317,1.2322168564878648,1.2263022252744569,1.2263022252744569
2021-06-29,1.351043107460684,1.1504366490458287,1.2019267301654581,1.2483695956803678,1.1939335233927897,1.4083041261190166,1.1951840102651172,1.2399396220477796,1.2332540503951237,1.2273344406591238,1.2273344406591238
2021-06-30,1.3585233468250544,1.1568062026602808,1.208581365824694,1.2552813687683801,1.200543903543361,1.416101399132015,1.1984926620882463,1.2468047214062428,1.2400821341498853,1.2341297496656005,1.2341297496656005
2021-07-01,1.3689074457219785,1.165648443053921,1.217819358279541,1.2648763204541356,1.2097204603199734,1.426925605437358,1.203073100974132,1.2563348804296355,1.2495609079607408,1.2435630254367633,1.2435630254367633
2021-07-02,1.366413827017546,1.163525083458299,1.2156009635006124,1.262572206131918,1.2075168185935616,1.424326300136863,1.2019773345668543,1.254046325300024,1.247284692383014,1.2412977356758954,1.2412977356758954
2021-07-06,1.3712427655350792,1.1676370083968013,1.2198969258207617,1.2670341659253612,1.2117842113559745,1.42935990269289,1.2041012426148137,1.25847815443061,1.2516926257442595,1.2456845109916979,1.2456845109916979
2021-07-07,1.360070153134643,1.1581233350727844,1.209957449118866,1.2567106243980737,1.2019108354325176,1.4177137634570844,1.1991958543011079,1.2482243255774947,1.241494084024721,1.2355349221921492,1.2355349221921492
2021-07-08,1.3745885256740205,1.1704859812101034,1.222873410080597,1.270125662568828,1.2147409010197272,1.4328474655860768,1.2055963962585552,1.261548774856585,1.2547466898375623,1.2487239156013887,1.2487239156013887
2021-07-09,1.3795118267774253,1.174678257527837,1.227253320065821,1.2746748137942259,1.2190916831677223,1.4379794300805946,1.2077554111044888,1.2660672066339818,1.2592407588969137,1.253196413164624,1.253196413164624
2021-07-12,1.3748094245814702,1.1706740804627926,1.2230699280895798,1.270329774101803,1.2149361121195275,1.433077726812457,1.2035780947312833,1.26175150806791,1.2549483299412985,1.2489245878342137,1.2489245878342137
2021-07-13,1.3768608343050517,1.1724208914380936,1.2248949210655093,1.2722252854389766,1.2167489682938957,1.4352160810678667,1.204415870031135,1.2636342194212906,1.256820889992607,1.2507881596120134,1.2507881596120134
2021-07-14,1.3721583293176087,1.1684166268443137,1.2207114376430097,1.2678801507667805,1.2125933064075902,1.430314270651648,1.2023591002056515,1.2593184265168236,1.2525283672072554,1.2465162409022486,1.2465162409022486
2021-07-15,1.3613954437878544,1.159251843060185,1.2111364657265054,1.2579351986161516,1.2030820111932095,1.419095223667286,1.1976435899454005,1.24944063050705,1.2427038308174014,1.2367388622097453,1.2367388622097453
2021-07-16,1.341290662256771,1.1421322727321221,1.1932506749675684,1.2393582947019803,1.185315166806161,1.39813834477231,1.1888003244424103,1.2309891724630069,1.2243518603150547,1.2184749810213769,1.2184749810213769
2021-07-19,1.3605118481580551,1.1584994460494278,1.2103503936905737,1.2571187524842509,1.193748901041744,1.4181741787617643,1.19731829622832,1.24862969766175,1.2418972704024571,1.2359361732784446,1.2359361732784446
2021-07-20,1.3715269839990623,1.1678790253505875,1.220149774724828,1.2672967849987335,1.1985813860814114,1.429656167137256,1.2021652307462862,1.2587390000933905,1.2519520649656795,1.245942704906896,1.245942704906896
2021-07-21,1.3743990809618618,1.1703246657504915,1.2227048746266393,1.2699506148465047,1.2010313908295192,1.432649991672527,1.2034239500964306,1.2613749091941975,1.2545737616331953,1.248551817451041,1.248551817451041
2021-07-22,1.3885386668684088,1.1823647684973217,1.2352838561267125,1.2830156525523853,1.2133873991842459,1.4473888531225003,1.2096142613968703,1.2743517214869067,1.267480604867038,1.26139670793894,1.26139670793894
2021-07-23,1.391947643772395,1.1852675714829848,1.2383165798353726,1.2861655617564753,1.2163663652858783,1.450942312085591,1.2125234834210918,1.277480360025941,1.2705923742482874,1.2644935408516498,1.2644935408516498
2021-07-26,1.3856036615150282,1.1798655605112633,1.2326727911148514,1.2803036950833109,1.210822617520396,1.444329453961569,1.2096997405809027,1.271658077288226,1.2648014844007849,1.25873044722984,1.25873044722984
2021-07-27,1.3850354301700385,1.1793817016611623,1.232167276199236,1.2797786468961136,1.2105137992726187,1.4437371393689997,1.2094516937080069,1.2711365746394567,1.2642827936174188,1.258214246158152,1.258214246158152
2021-07-28,1.3907794185126614,1.184272807403499,1.237277293110342,1.285086116632109,1.215473489672544,1.4497245741433789,1.211959599382583,1.27640820416428,1.2695259992929773,1.2634322844877326,1.2634322844877326
2021-07-29,1.3840255038016371,1.178521731834418,1.2312688167119128,1.2788454706227392,1.209570897087777,1.4426844094717506,1.2090168351819914,1.2702096999064325,1.263360916456317,1.2572967940001682,1.2572967940001682
2021-07-30,1.3811215414775957,1.1760489575264947,1.2286853684700436,1.276162197045223,1.2070329754210507,1.439657369031325,1.207748455614976,1.2675445459031078,1.2607101325704866,1.2546587338561277,1.2546587338561277
2021-08-02,1.3923577818090285,1.185616811137815,1.2386814504057972,1.2865445310522277,1.2118825872304144,1.4513698329293596,1.2126613295003141,1.2778567702228638,1.270966754896918,1.2648661244761132,1.2648661244761132
2021-08-03,1.3855086821802292,1.179784683959618,1.232588294772227,1.280215933772716,1.2058606628404038,1.4442304491345912,1.209678749027733,1.2715709086110438,1.2647147857242595,1.2586441647062798,1.2586441647062798
2021-08-04,1.3942830663769836,1.1872562243546003,1.240394238822852,1.2883235022074746,1.213497341613766,1.4533767164892044,1.2135091783260599,1.279623728365311,1.2727241858615421,1.2666151197859388,1.2666151197859388
2021-08-05,1.3965870347862814,1.189218093433139,1.242443915255306,1.290452378847822,1.215502572550917,1.4557783335799872,1.2154537533637453,1.281738229155744,1.2748272855754286,1.2687081246377503,1.2687081246377503
2021-08-06,1.395450777679278,1.1882505507904082,1.2414330683165915,1.2894024724329742,1.214513644970866,1.454593918691011,1.2144648655027714,1.280695412534996,1.2737900916681697,1.2676759092530834,1.2676759092530834
2021-08-09,1.3971865147435858,1.1897285610188457,1.2429772298334298,1.2910063008861241,1.2160243226546676,1.4564032211892244,1.2159754825120352,1.2822884106766597,1.27537450059869,1.2692527130332067,1.2692527130332067
2021-08-10,1.400658502829641,1.1926850191193987,1.246066010098398,1.2942144326912908,1.2190461253388893,1.4600223619260568,1.2189971638292156,1.285474878651963,1.2785437876084134,1.272406787490226,1.272406787490226
2021-08-11,1.4048566099860664,1.196259780207852,1.2498007667316564,1.2980935016155533,1.2226998969416456,1.4643983967080971,1.2226507886826652,1.2893277530510916,1.2823758878767648,1.2762204937074486,1.2762204937074486
2021-08-12,1.4074128287066168,1.1984364448034217,1.25207485228186,1.300455458619754,1.2249246708751278,1.4670629551900094,1.2248754732607996,1.2916737602633912,1.2847092457640195,1.2785426514952083,1.2785426514952083
2021-08-13,1.4107270318587795,1.201258546294911,1.255023262540412,1.3035177964727958,1.227809147357488,1.4705176236222846,1.2277598338916589,1.294715418802034,1.287734504128217,1.281553388643067,1.281553388643067
2021-08-16,1.401479292860347,1.1933839360727374,1.2467962084705382,1.2949728461816616,1.219760489978541,1.460877939353999,1.2236742788427737,1.2862281707377847,1.2792930180543571,1.2731524216359258,1.2731524216359258
2021-08-17,1.3861400274987759,1.1803222854533444,1.233149957690409,1.280799299540763,1.206410146574498,1.4448885526489832,1.2169776888271662,1.2721503350344776,1.2652910879658357,1.2592177007016319,1.2592177007016319
2021-08-18,1.388286108182693,1.1821497103940837,1.2350591726701885,1.2827822872492118,1.2072837337031521,1.4471255902871274,1.2179197770213377,1.2741199320498546,1.2672500652044598,1.261167274864928,1.261167274864928
2021-08-19,1.3993329038019664,1.1915562485457916,1.2448867191519841,1.2929895735338925,1.2120870003288442,1.4586405802716116,1.222765359923207,1.2842582907072222,1.2773337593265235,1.2712025673345662,1.2712025673345662
2021-08-20,1.4116419788923817,1.20203763957001,1.2558372256851107,1.3043632114355745,1.2226883834605966,1.4714713486925557,1.2281433191609121,1.295555124857876,1.2885696826127937,1.2823845582774906,1.2823845582774906
2021-08-23,1.4138828333281224,1.2039457660049233,1.2578307541149982,1.306433770495072,1.224629291090558,1.4738071768615155,1.229118102585328,1.2976117018736448,1.2906151708684699,1.2844202282056378,1.2844202282056378
2021-08-24,1.4168501152086967,1.2064724580139432,1.2604705332519506,1.309175551612985,1.2271993911159753,1.4769002205199264,1.2304078628783721,1.3003349683284242,1.2933237538719837,1.2871158100320517,1.2871158100320517
2021-08-25,1.4084860746315513,1.1993503323312624,1.2530296426642666,1.3014471424335252,1.2199549088709143,1.4681816883052439,1.2267761515275786,1.2926587474478703,1.2856889220428047,1.2795176253355656,1.2795176253355656
2021-08-26,1.4210790598114857,1.2100734777230604,1.2642327237626847,1.3130831144692592,1.230862275556537,1.4813083997263103,1.232260328536331,1.3042161442461184,1.297184003061285,1.290957530055625,1.290957530055625
2021-08-27,1.427328371108517,1.2153948747293437,1.2697922904793562,1.3188575047711488,1.2362750930001671,1.4878225744675981,1.23496981128426,1.309951541321837,1.302888475721472,1.2966346212919384,1.2966346212919384
2021-08-30,1.4252138474113785,1.2135943211104172,1.26791114950086,1.316903675853125,1.2344436062636561,1.4856184312903655,1.234055034774499,1.3080109061937921,1.300958304211953,1.2947137145904744,1.2947137145904744
2021-08-31,1.4259714206770393,1.2142394078913947,1.268585108424175,1.3176036767828725,1.2350997754945192,1.4864081126484037,1.234383016117228,1.3087061801665543,1.3016498293699499,1.2954019204331553,1.2954019204331553
2021-09-01,1.4303583557966968,1.217974959267047,1.2724878518338418,1.3216572235508184,1.238899502826239,1.4909809784555073,1.2362817772445522,1.3127323541976996,1.30565429486425,1.2993871645245985,1.2993871645245985
2021-09-02,1.430011023359157,1.2176791996696354,1.2721788549272093,1.3213362868965963,1.2385986621435952,1.4906189250893185,1.2361316747330255,1.3124135847602556,1.3053372441846203,1.2990716356857357,1.2990716356857357
2021-09-03,1.424898071960617,1.2133254328348184,1.2676302265955106,1.316611897989328,1.2341700985462598,1.4852892723850881,1.2339218032453712,1.3077210986436802,1.3006700592614284,1.2944268532134438,1.2944268532134438
2021-09-07,1.4231621293133332,1.2118472475489097,1.2660858821861556,1.3150078795766313,1.2326665183602603,1.4834797555907124,1.233170164400524,1.3061279118252263,1.299085462671435,1.2928498626746112,1.2928498626746112
2021-09-08,1.4170709113246585,1.206660469737897,1.2606669598146754,1.309379568166187,1.2273906328402486,1.4771303745982256,1.2305311438231152,1.3005376072013541,1.2935253001459832,1.2873163888855224,1.2873163888855224
2021-09-09,1.4058978877582708,1.1971464462989378,1.2507271173277466,1.299055646719806,1.2177131605583087,1.4654838067700953,1.225680026860924,1.2902834009946578,1.2833263831074988,1.2771664265685556,1.2771664265685556
2021-09-10,1.4094960009999526,1.2002103021580066,1.2539281021515898,1.3023803187068996,1.2192105210167754,1.4692344182024928,1.2272484677744193,1.2935856221808946,1.2866107992039064,1.2804350774935493,1.2804350774935493
2021-09-13,1.4018892253140045,1.1937330006700968,1.2471608961484462,1.295351625517867,1.2159206000305707,1.461305245901605,1.2239368571708202,1.2866043922579171,1.2796672110435148,1.2735248185016805,1.2735248185016805
2021-09-14,1.4135991288215792,1.2037041866948153,1.2575783624422237,1.3061716263205672,1.2209988589408072,1.4735114481575553,1.2290485957583055,1.297351327902841,1.2903562007957332,1.2841625011872122,1.2841625011872122
2021-09-15,1.4113582743858388,1.2017960602599023,1.2555848340123363,1.30410106726107,1.219002266839333,1.4711756199885957,1.2280744444089617,1.2952947508870725,1.2883107125400572,1.2821268312590652,1.2821268312590652
2021-09-16,1.3976101184651313,1.190089266938033,1.2433540798636855,1.2913977125321878,1.2071278664575478,1.4568447784316225,1.2220930578077043,1.2826771792033562,1.2757611729428024,1.2696375293531104,1.2696375293531104
2021-09-17,1.3743058490823572,1.1702452771873506,1.2226219328704055,1.2698644681920574,1.197003461225528,1.4325528083629289,1.2119042413939944,1.2612893442697344,1.2544886580621908,1.2484671223765078,1.2484671223765078
2021-09-20,1.3730077981734337,1.1691399643148697,1.2214671495212028,1.268665063613923,1.1964381680515719,1.4311997423942306,1.2113319112234142,1.2600980390149121,1.2533037761496826,1.2472879278878546,1.2472879278878546
2021-09-21,1.3864011178779863,1.1805446084416324,1.2333822311863687,1.2810405481651268,1.2022736334119148,1.4451607087750915,1.2172400188018726,1.2723899545583333,1.2655294154965433,1.259454884262068,1.259454884262068
2021-09-22,1.4032459701625066,1.1948882924505748,1.2483678953111108,1.2966052635465966,1.20957747985983,1.4627194934246373,1.2246347864658327,1.2878495647364094,1.280905669735564,1.2747573326017552,1.2747573326017552
2021-09-23,1.4055574423504196,1.1968565511268083,1.2504242473204172,1.2987410737104,1.2115094561670892,1.4651289323253436,1.225643415497897,1.2899709522296934,1.2830156190202149,1.2768571541464453,1.2768571541464453
2021-09-24,1.4015363421361198,1.1934325145209659,1.2468469611438682,1.2950255599558829,1.2080434996810467,1.4609374065390346,1.223890219629761,1.2862805285471315,1.2793450935581143,1.2732042471776752,1.2732042471776752
2021-09-27,1.3732927361778318,1.1693825939698046,1.2217206385490766,1.2689283475457085,1.1836991401666441,1.4314967568751644,1.2115583691952796,1.2603595450464589,1.2535638721792577,1.2475467754585348,1.2475467754585348
2021-09-28,1.3756041055742565,1.1713507651173025,1.2237768991121247,1.2710640627297385,1.184636088770631,1.4339060886277895,1.2125779474915774,1.2624808382013475,1.2556737276341718,1.2496465036238702,1.2496465036238702
2021-09-29,1.3587911186509785,1.1570342150163797,1.2088195833274407,1.2555287910780137,1.1773966254000892,1.4163805198833987,1.2051677278317137,1.2470504729257892,1.2403265606134657,1.234373002884079,1.234373002884079
2021-09-30,1.3749391474391737,1.1707845417270524,1.2231853332674942,1.2704496385757986,1.1843927833603212,1.433212947690863,1.2123289032679176,1.2618705631226774,1.2550667430687605,1.2490424325795957,1.2490424325795957
2021-10-01,1.3572078213631935,1.1556860099027575,1.2074110366115893,1.2540658176287736,1.1767557709576582,1.4147301179895233,1.204511757638158,1.245597378624235,1.2388813011821733,1.232934680686682,1.232934680686682
2021-10-04,1.3713299327168011,1.1677112327645447,1.2199744722477597,1.2671147087731809,1.1828780006456556,1.4294507642657017,1.2107783915686237,1.258558153389757,1.2517721933608112,1.2457636966843157,1.2457636966843157
2021-10-05,1.3770288983877337,1.1725640009207121,1.2250444356977515,1.2723805773684398,1.185335899710553,1.4353912681805394,1.215749599075659,1.2637884626974745,1.2569743016117834,1.2509408348566244,1.2509408348566244
2021-10-06,1.3889341057222766,1.1827014915429688,1.2356356498822072,1.2833810397405456,1.1904598552294436,1.4478010517906652,1.2262604540481505,1.2747146412933141,1.2678415678633497,1.2617559383157102,1.2617559383157102
2021-10-07,1.3864011178779867,1.1805446084416327,1.2333822311863682,1.2810405481651268,1.1893743392463643,1.4451607087750915,1.224024132820786,1.272389954558334,1.2655294154965437,1.2594548842620679,1.2594548842620679
2021-10-08,1.3763640430441388,1.1719978650591976,1.2244529612993793,1.2717662481942735,1.1807042028845678,1.434698234391694,1.2151626123984984,1.2631782819572,1.2563674108761087,1.2503368571917046,1.2503368571917046
2021-10-11,1.3729761383951677,1.1691130054643215,1.221438984073661,1.2686358098437247,1.1791920226005501,1.4311667407852382,1.2121715032623608,1.2600689827891856,1.2532748765908415,1.247259167046668,1.247259167046668
2021-10-12,1.3779154749706817,1.1733189362648004,1.2258331596751726,1.2731997779137687,1.1813131178344387,1.4363154203804147,1.216532338730964,1.2646021313562366,1.2577835830890867,1.2517462317892056,1.2517462317892056
2021-10-13,1.4010928996574143,1.1930549155558186,1.24645246198577,1.294615817213559,1.2011244987461345,1.4604751697169756,1.236995195250165,1.2858735527101586,1.2789403120748588,1.2728014086423527,1.2728014086423527
2021-10-14,1.4117633756395664,1.2021410110066908,1.255945223716106,1.304475382547927,1.2102720507168703,1.4715978905763882,1.2464159321079291,1.2956665385026305,1.2886804955316,1.2824948392951583,1.2824948392951583
2021-10-15,1.4159428775366862,1.2056999293940105,1.2596634285766208,1.3083372601332095,1.2138550409114635,1.4759545315557416,1.2501059256597773,1.2995023376522246,1.2924956126176455,1.2862916438492162,1.2862916438492162
2021-10-18,1.4268669401194334,1.215001958235476,1.2693817882260638,1.3184311405684848,1.2232199868027616,1.4873415867313389,1.2597505487470646,1.309528056265701,1.3024672740343295,1.2962154413695788,1.2962154413695788
2021-10-19,1.4324711320385424,1.2197740248974696,1.2743674382259476,1.3236094378126952,1.2280243307626537,1.493183300115361,1.2646983708928285,1.3146713855730268,1.3075828712682496,1.3013064837770365,1.3013064837770365
2021-10-20,1.4362073970399323,1.2229555193771127,1.2776913268208812,1.3270617626152001,1.2312273442302648,1.4970779185688172,1.2679970399932363,1.3181003975624377,1.3109933945305117,1.304700636554481,1.304700636554481
2021-10-21,1.4347189762954586,1.2216881032863998,1.2763671850013962,1.3256864554967818,1.2299513555923478,1.4955264143538385,1.2666829448965624,1.3167343775996703,1.3096347399460075,1.3033485035012897,1.3033485035012897
2021-10-22,1.4424132275375907,1.2282398917282595,1.283212211770312,1.3327959764729533,1.236547459011823,1.5035467696717804,1.2734760360755215,1.3237958894969786,1.3166581772121595,1.3103382283238398,1.3103382283238398
2021-10-25,1.443711381238002,1.2293452921294759,1.284367086565773,1.3339954760308612,1.2376603361187468,1.5048999427885599,1.2746221484357352,1.3249872890901961,1.3178431529544041,1.3115175161918478,1.3115175161918478
2021-10-26,1.4373154892792568,1.2238990791463034,1.2786771174848346,1.328085644572144,1.2321772860477196,1.4982329748835594,1.2689753511218371,1.3191173654628956,1.3120048790899697,1.3057072659960143,1.3057072659960143
2021-10-27,1.4511841168237574,1.235708456146233,1.2910150466481565,1.3409003155954176,1.2440665392954937,1.5126893939916346,1.281219668141398,1.3318455017458082,1.3246643871384014,1.3183060085054457,1.3183060085054457
2021-10-28,1.4541284762025348,1.238215629247226,1.2936344332695187,1.3436209162238686,1.246590670410445,1.5157585436279502,1.283819180568824,1.3345477307384537,1.3273520461106758,1.3209807667358053,1.3209807667358053
2021-10-29,1.4566303182259974,1.2403459911416914,1.295860143749107,1.3459326289279558,1.2487354416437504,1.5183664207749368,1.286028003811776,1.3368438329396826,1.3296357680673225,1.3232535268450334,1.3232535268450334
2021-11-01,1.462519345358016,1.2453605999298842,1.3010991913306063,1.3513741151241785,1.25378396823594,1.5245050414918113,1.2885633509676468,1.3422485739401595,1.3350113675010808,1.3286033234438166,1.3286033234438166
2021-11-02,1.4714484307440268,1.2529638710718638,1.3090427619998999,1.359624628117861,1.2614386663727701,1.5338125667085474,1.2924968689148084,1.3504433729792307,1.343161981391794,1.3367148144520011,1.3367148144520011
2021-11-03,1.478382641724789,1.258868472043093,1.3152116351353025,1.3660318686497241,1.2673832048758948,1.5410406691145038,1.2955423191642943,1.3568073467822916,1.3494916415862732,1.3430140923273621,1.3430140923273621
2021-11-04,1.4835118341784135,1.2632360684181263,1.319774711975805,1.3707712643611851,1.2717803427932584,1.5463872512155552,1.2977897366120046,1.3615147383653117,1.3541736516078318,1.3476736287376654,1.3476736287376654
2021-11-05,1.4847783281005584,1.2643145099687942,1.3209014213237245,1.3719415101488945,1.2728660787053976,1.547707422723342,1.298343706852003,1.3626770817328018,1.3553297277912346,1.3488241557644864,1.3488241557644864
2021-11-08,1.4798707540947988,1.260135625547599,1.3165355026160128,1.3674068908288224,1.2686589291515251,1.5425918518852393,1.2961980270203073,1.3581730837298733,1.3508500146815676,1.3443659452424899,1.3443659452424899
2021-11-09,1.4679655467602561,1.2499981349253426,1.305944288431557,1.3564064284567168,1.2584528705841969,1.5301820682751137,1.2909842249988799,1.347246905134034,1.3399827484300015,1.3335508417834043,1.3335508417834043
2021-11-10,1.4684405462257404,1.2504026052123027,1.3063668615909383,1.356845329989466,1.2588600766267255,1.5306771995580843,1.2911930912144993,1.3476828428583396,1.3404163356423628,1.3339823477805588,1.3339823477805588
2021-11-11,1.479522496533868,1.2598390781915676,1.3162256826930558,1.36708509935664,1.2683603760088964,1.5422288341863202,1.2960652454572485,1.3578534652468721,1.3505321195343092,1.3440495759894366,1.3440495759894366
2021-11-12,1.4800288474031553,1.2602702447428697,1.316676146961204,1.3675529697202677,1.2687944588839226,1.5427566456340402,1.2962870277435024,1.3583181761817198,1.350994324816303,1.3445095626897143,1.3445095626897143
2021-11-15,1.4858869342973227,1.265258507381663,1.3218876692189694,1.3729658670047054,1.2738164611266638,1.54886301477849,1.2988524378912936,1.3636945213252358,1.3563416814993752,1.3498312521027922,1.3498312521027922
2021-11-16,1.4822773084089986,1.262184848304213,1.3186764424142021,1.3696305572829943,1.2707220124381904,1.5451004027610045,1.2972748039284705,1.3603817342387345,1.35304675647248,1.3465521426900944,1.3465521426900944
2021-11-17,1.487311521527824,1.2664715681276015,1.32315502291208,1.3742821916838601,1.2750377267712005,1.550347980035078,1.2994777513120703,1.3650019571445724,1.3576420678175136,1.3511253965768377,1.3511253965768377
2021-11-18,1.4846519973619565,1.2642069371528077,1.3207890338723334,1.371824780007421,1.2727577782885466,1.5475757377316148,1.2983159259538322,1.3625611398450779,1.3552144110450777,1.3487093925378033,1.3487093925378033
2021-11-19,1.4804721870903732,1.2606477561792817,1.3170705546730437,1.3679626174828186,1.2691745237316667,1.5432187753080182,1.2964883211505838,1.358725057680298,1.351399012469823,1.344912307845682,1.344912307845682
2021-11-22,1.4824355045088429,1.2623195550282191,1.3188171782056515,1.3697767311542128,1.2699526182853218,1.5452653036578865,1.2973479854272767,1.3605269210289759,1.3531911604369518,1.346695853516673,1.346695853516673
2021-11-23,1.4863933879580977,1.2656897614617004,1.3223382249333757,1.3734338323481066,1.2716479110767998,1.5493909333742912,1.2990798490071187,1.3641593265984784,1.3568039806111054,1.3502913321824244,1.3502913321824244
2021-11-24,1.4532420024110744,1.2374607814318728,1.2928458007383559,1.3428018106583133,1.2432224626222976,1.514834498576156,1.284593005456918,1.333734156418087,1.3265428584631087,1.3201754631825784,1.3201754631825784
2021-11-26,1.4710684106133416,1.2526402773365481,1.3087046851831434,1.3592734878957067,1.2507853877092276,1.5240497276894265,1.2924718306116616,1.3500946039321067,1.3428150928559572,1.3282065183073333,1.3282065183073333
2021-11-29,1.4424449901073444,1.2282669381075426,1.283240468664112,1.3328253252229247,1.2386167639195866,1.4943192168697423,1.2798976483259006,1.3238250400611007,1.316687170600737,1.3022964331271218,1.3022964331271218
2021-11-30,1.4264234976407268,1.2146243592703276,1.268987289067966,1.3180213978261601,1.231737995825045,1.485945666554731,1.2727896231771672,1.3091210804287268,1.3020624925510724,1.2949988995180093,1.2949988995180093
2021-12-01,1.4482709032658059,1.2332278042521099,1.2884233682430444,1.3382084938382972,1.241170776364317,1.497325196465639,1.2825367814436062,1.3190810128037984,1.311968722439051,1.3049161387841164,1.3049161387841164
2021-12-02,1.435669078017914,1.222497131389055,1.2772124227664168,1.3265643535420533,1.2357708828805551,1.490810866024222,1.2769569191549623,1.30753735221795,1.3004873035693383,1.2992389118554284,1.2992389118554284
2021-12-03,1.4526721264022784,1.2369755221220031,1.2923388226826082,1.3422752427947415,1.243088680705739,1.499638920370124,1.2845186061110945,1.315214748808558,1.3158893546996513,1.3069325448866649,1.3069325448866649
2021-12-06,1.4827203397217525,1.2625620971544183,1.319070575787267,1.3700399201062248,1.2559451929131351,1.5151487760913416,1.2978036029069135,1.3423539248320326,1.3431082455396417,1.3204493554556738,1.3204493554556738
2021-12-07,1.4866467689757166,1.2659055197948221,1.322563639959966,1.3736679574894666,1.2576081430375512,1.519085322469499,1.3011754592903917,1.3459086462305554,1.3466649644739195,1.3238800483419317,1.3238800483419317
2021-12-08,1.476609488558893,1.2573586013549158,1.3136341871804604,1.3643934675590665,1.2533626942027731,1.508829029127394,1.292390411470737,1.3368215767399654,1.3375727886067164,1.314941707667636,1.314941707667636
2021-12-09,1.4905094675071962,1.2691946746191871,1.3260000074525489,1.3772371074132181,1.2592619232132174,1.5230323048776588,1.3045562546754723,1.3494056701771937,1.3501639535338779,1.3273198362090313,1.3273198362090313
2021-12-10,1.4773060036807542,1.2579516960669785,1.314253827026374,1.3650370505034313,1.2480439694151402,1.5095407421721991,1.2930000306502916,1.337452154052819,1.338203720265407,1.3155619642695695,1.3155619642695695
2021-12-13,1.4671421869423529,1.2492970297536148,1.3052118039029605,1.355645640472011,1.24368831647681,1.4991551514927044,1.28410423294722,1.3282505272021163,1.3289969226638696,1.3065109412049285,1.3065109412049285
2021-12-14,1.490066436194442,1.268817425768982,1.3256058740794838,1.3768277445899872,1.2534046961203686,1.5225796066452046,1.3041684951323966,1.34900457982619,1.3497626377946574,1.3269253105369039,1.3269253105369039
2021-12-15,1.4769260863415572,1.257628189860399,1.3139158416558756,1.3646860052610505,1.2478780377733978,1.509152535056851,1.2926675110978072,1.3371082027912624,1.337859575724303,1.3152236424866968,1.3152236424866968
2021-12-16,1.4612073148067406,1.2442433831493684,1.2999319712902813,1.3501617932968648,1.2412375193478402,1.4930907807624916,1.2789097845159996,1.3228774985255756,1.3236208746742264,1.3012258533321646,1.3012258533321646
2021-12-17,1.445669661873565,1.2310128020703708,1.2861092292317264,1.3358049356933597,1.2346382101369453,1.4772140970680359,1.265310580513055,1.308810766695728,1.3095462382024576,1.287389352863082,1.287389352863082
2021-12-20,1.4713433778434148,1.2528744167041348,1.3089493039239666,1.3595275587894748,1.2456012093505762,1.5034480121559628,1.2877812910179967,1.3320539990665865,1.3328025318466246,1.3102521613314984,1.3102521613314984
2021-12-21,1.4860547927970271,1.2590752855346372,1.3220370009586941,1.3731209689746207,1.2518283608549166,1.5184804294020502,1.300657336968217,1.3453727113508733,1.3461287284316528,1.3233528851526555,1.3233528851526555
2021-12-22,1.4953011955061173,1.2668464420518553,1.330262866227211,1.381664684528701,1.2595547885250182,1.5279285881268687,1.3087501755246642,1.353743774075658,1.3545044951810923,1.3315869380029728,1.3315869380029728
2021-12-23,1.5164630846985379,1.2847751804967138,1.3490890903060084,1.3913724392462359,1.2773803336035985,1.549552228616856,1.3272719464416196,1.3729023060343124,1.3736737930615477,1.350431900687936,1.350431900687936
2021-12-27,1.515223624937705,1.2837250875837964,1.3479864313240093,1.3901656519420789,1.2763362847647204,1.5482857239099106,1.3261871193951216,1.3717801836555652,1.372551040118736,1.3493281441787686,1.3493281441787686
2021-12-28,1.5171620668161083,1.285367370893781,1.3497109248621202,1.3919441058107302,1.2779691154997979,1.5502664624870857,1.3278837248390476,1.3735351167969165,1.3743069594250505,1.3510543541845634,1.3510543541845634
2021-12-29,1.5129677629447342,1.2818138801640848,1.3459795517404172,1.3880959760166667,1.27443607778031,1.5459806391281372,1.324212694584834,1.3697378799796665,1.3705075887932303,1.3473192670556813,1.3473192670556813
2021-12-30,1.5091548154933876,1.2785834815480828,1.342587444236828,1.384597727644424,1.2712242725365428,1.5420844933660347,1.3208754434268644,1.3662858972696605,1.3670536662803212,1.343923783231577,1.343923783231577
2021-12-31,1.5178927087119454,1.2859863840323627,1.3503609248657735,1.3926144446641815,1.2785845657524721,1.5510130469502612,1.3285232131991829,1.3741965901646507,1.3749688045003123,1.3517050011630976,1.3517050011630976
2022-01-03,1.5173841992214128,1.2855555655184963,1.3499085402262023,1.3921479046658667,1.2781562269229871,1.5504934418096692,1.328078144415054,1.3737362203348562,1.374508175970864,1.351252166244301,1.351252166244301
2022-01-04,1.4882473352334649,1.260870282990392,1.3239875496472033,1.3654158323468264,1.2536130267510646,1.5207208129979324,1.3025763418530905,1.3473576898165127,1.3481148223336408,1.3253053753119306,1.3253053753119306
2022-01-05,1.4868492682068362,1.2596858151094343,1.3227437890887217,1.3641331538513588,1.2529615209107412,1.5192922402230804,1.301352695090823,1.346091975230898,1.3468483964939342,1.324060376781396,1.324060376781396
2022-01-06,1.4809710341810445,1.2547056680437445,1.317514343364339,1.3587400759569532,1.250484739570926,1.5132857434432345,1.2962078187032762,1.3407702228382092,1.3415236536022745,1.3188257259493144,1.3188257259493144
2022-01-07,1.4791281883863676,1.2531443754792413,1.3158748948464023,1.3570493282129092,1.248866175080331,1.5114026868512527,1.2945948829519396,1.3391018358746845,1.339854329107439,1.317184645612911,1.317184645612911
2022-01-10,1.4926004519536105,1.264558322861775,1.3278602072379053,1.3694096674769314,1.254491222011774,1.5251689144935725,1.3063863717578958,1.3512987049614427,1.3520580520877568,1.3291818875367376,1.3291818875367376
2022-01-11,1.4966356346017495,1.2679770031893154,1.3314500215518348,1.3731118090119712,1.2578199617937795,1.529292144612651,1.3099181324592832,1.3549518842697943,1.3557132842591797,1.332775274957858,1.332775274957858
2022-01-12,1.4760142230525914,1.2505061672603066,1.3131046218989246,1.3541923719345696,1.2404890747781179,1.5082207749593795,1.291869410191398,1.3362826639272827,1.337033572958033,1.3144116152854344,1.3144116152854344
2022-01-13,1.476617814669411,1.2510175410855389,1.3136415943273787,1.3547461465191875,1.240680689074805,1.5088375369132012,1.2923976988310593,1.3368291146328726,1.337580330735458,1.3149491221872283,1.3149491221872283
2022-01-14,1.4504675573617587,1.228862566202551,1.2903775747818835,1.3307541832866712,1.2296947322030856,1.482116682380806,1.2695098994069298,1.313154454218568,1.3138923666117026,1.291661946893758,1.291661946893758
2022-01-18,1.4354065485578733,1.2161026048822126,1.2769788690228419,1.3169362248162708,1.2233104311224434,1.4667270431652113,1.2628554113537866,1.2995192434925729,1.3002494937322224,1.2782499047870082,1.2782499047870082
2022-01-19,1.4195194045659123,1.2026427267646345,1.262845209686231,1.302360315675473,1.2165406037917699,1.4585368064982676,1.2558667412166185,1.2922626989248234,1.2929888714307756,1.2711121286830704,1.2711121286830704
2022-01-20,1.3916533517426002,1.1790340986304926,1.2380547691979982,1.2767941689677456,1.2045998777200004,1.4442208120976647,1.2435400168205948,1.2795787368338485,1.2802977817297994,1.246095847803348,1.246095847803348
2022-01-21,1.3975633483381462,1.1840411555245198,1.2433124718161808,1.2822163879293595,1.2071576918363556,1.4472874306891501,1.2461805153530174,1.2822957589891688,1.283016330685196,1.248679468524312,1.248679468524312
2022-01-24,1.3805005780993247,1.1767540084100678,1.235660541096472,1.266561882071213,1.1997886325510208,1.438452506344308,1.2385732423679148,1.2744680215417519,1.27518419452866,1.2410569407517074,1.2410569407517074
2022-01-25,1.3770372244982512,1.1752779078936102,1.2341105492121502,1.2633843740535826,1.1982836377878916,1.436648135615728,1.2370195968399085,1.2728693502040198,1.2735846248355296,1.2395001797140526,1.2395001797140526
2022-01-26,1.3702374647836333,1.1723761681187514,1.2310635527161131,1.257145827979494,1.195325097284426,1.4331010775032647,1.2339654179581976,1.2697266589334033,1.2704401675648596,1.2364398763183502,1.2364398763183502
2022-01-27,1.4042676147605258,1.186934278612656,1.2463504202871403,1.2883673221865015,1.210168178639728,1.450896768342583,1.2492883197612243,1.2854936298941575,1.2862159985978137,1.2517935049812359,1.2517935049812359
2022-01-28,1.4295600771018362,1.1976232990770854,1.2575745170112413,1.3115722879890734,1.2210664336315722,1.463962921648658,1.2605388739465064,1.2970702335565718,1.2977991076026005,1.2630666197889269,1.2630666197889269
2022-01-31,1.4392195988007082,1.2016694627989917,1.261823225592851,1.3204345674961746,1.2251917998544946,1.4689089123189758,1.268993294293197,1.3014523781990694,1.3021837147420494,1.2673338834095318,1.2673338834095318
2022-02-01,1.453199960692532,1.2075058806668009,1.2679518057455936,1.3332610695278682,1.231142463937701,1.483104226274258,1.2813201035635127,1.3077734341544496,1.3085083227438108,1.2734892284112953,1.2734892284112953
2022-02-02,1.4190429660195982,1.1933148632400536,1.253050407367579,1.3019231996673495,1.2166736613916624,1.4482443415188841,1.2512030892946127,1.2924040385337223,1.2931302904638793,1.2434926018665609,1.2434926018665609
2022-02-03,1.4257155726637112,1.1961204585869334,1.2559964465904299,1.308045087164944,1.2195341754673887,1.4515768878009239,1.257086481303651,1.2954426018404372,1.2961705612571082,1.2463539951606981,1.2463539951606981
2022-02-04,1.4211400151637976,1.194201100322205,1.2539810081428,1.3038471702567205,1.2175772463119698,1.4492476106144265,1.2530521061534783,1.2933638660020244,1.2940906572964441,1.2443540295015414,1.2443540295015414
2022-02-07,1.4328330608673603,1.199114004010904,1.2591398443880533,1.3145751382187763,1.2225863186893677,1.4610994613669266,1.2633621357000808,1.2986847220173112,1.2994145033069924,1.249473260676204,1.249473260676204
2022-02-08,1.453803757892328,1.2078890166635596,1.2683541209530924,1.3338150327278078,1.2315330997123382,1.4824838605439816,1.281852485556012,1.3081883845793312,1.3089235063454219,1.2586167980170362,1.2586167980170362
2022-02-09,1.42768526315443,1.1970387754413778,1.2569607330030117,1.3098522105624997,1.2204704681123837,1.455850109805318,1.2588232030844257,1.2964371728861002,1.297165691190797,1.2473108786185003,1.2473108786185003
2022-02-10,1.3995332444118411,1.1852367841651725,1.244567951825172,1.2968724626418402,1.2084374562225078,1.4414236216235539,1.2340009153425615,1.283655180758144,1.2843765163659615,1.2350132384666652,1.2350132384666652
2022-02-11,1.394957892494903,1.1832993970348173,1.2425335820140655,1.2947525959178219,1.2064621452915585,1.439067471686906,1.2299667214596655,1.2815569189928662,1.2822770755060573,1.232994486782622,1.232994486782622
2022-02-14,1.4174539124084924,1.1928407340682328,1.2525525440037708,1.3051926172036419,1.2161902512765101,1.4506711518675912,1.2398228543323457,1.2918905391419657,1.2926165025169083,1.2429365318713086,1.2429365318713086
2022-02-15,1.4190429660195985,1.1935093582327831,1.2532546384866057,1.3059242180773636,1.2168719635684109,1.4514842979643436,1.2411507813848959,1.2926146837890709,1.2933410540889625,1.2436332362816092,1.2436332362816092
2022-02-16,1.3887299618273503,1.1807617335850675,1.239868886955431,1.2919759137464606,1.2038748078034427,1.435981296764672,1.2146378358714387,1.2788085358192995,1.2795271479094423,1.2303502489416391,1.2303502489416391
2022-02-17,1.3797376596762945,1.176938900288222,1.2358546883834762,1.2877930135039226,1.1999771436349647,1.431332164802839,1.206772814791395,1.2746682662695934,1.275384551781776,1.2263668679049284,1.2263668679049284
2022-02-18,1.3649310598049071,1.1706237637666435,1.2292234256424255,1.280883063726733,1.1935383901168568,1.423652022676308,1.193822380280188,1.2678287403441226,1.268541182461549,1.2197865142481128,1.2197865142481128
2022-02-22,1.340719347167146,1.1602412591076523,1.2183211884431662,1.2695226464958584,1.1829526508899335,1.4110253579735013,1.1831744311666628,1.2565841046115698,1.2572902279322722,1.2089679749708935,1.2089679749708935
2022-02-23,1.3608953631993286,1.1689712913453527,1.2274882329414478,1.2790749474017264,1.191853571019153,1.4216423712598547,1.1920770200427486,1.266039051724102,1.2667504881461145,1.2180646428518138,1.2180646428518138
2022-02-24,1.3909225042637878,1.1818675311352405,1.2410300390648985,1.2931858647125756,1.2050022510253209,1.437326110502186,1.2052281651669314,1.2800061553777815,1.2807254404567812,1.2315024867322417,1.2315024867322417
2022-02-25,1.3873636573704755,1.1803555541636286,1.2394423748041312,1.2915314768933406,1.2034606775356584,1.435487322378708,1.2020841787501348,1.2783686285150258,1.2790869934042015,1.2299270111807359,1.2299270111807359
2022-02-28,1.366233633539297,1.1713669444158379,1.2300038087951939,1.2816962434487809,1.1942961183153271,1.424555840510174,1.192869997594921,1.2686336324157512,1.2693465268332353,1.2205609062958365,1.2205609062958365
2022-03-01,1.3913673858233238,1.1821413997841985,1.2413176171657951,1.2934855286396152,1.2052814805749836,1.4376591753758927,1.2038422421256498,1.2803027652322672,1.2810222169878427,1.2317878570578873,1.2317878570578873
2022-03-02,1.3844405758296885,1.1791988021118125,1.2382277174874396,1.290265772097348,1.2022812823922981,1.4340805404140196,1.20084562650907,1.2771158233506872,1.2778334842400756,1.228721678949487,1.228721678949487
2022-03-03,1.373192411685662,1.1744084839442581,1.2331976032098244,1.2850242610323923,1.1973971951126636,1.428254803435506,1.1959673713660077,1.2719277319790612,1.2726424774787881,1.2237301815268313,1.2237301815268313
2022-03-04,1.332711890261449,1.1570982121314666,1.215020805270873,1.2660835606299266,1.1797480796654884,1.4072029469448584,1.1783393309008658,1.2531800687359966,1.2538842791969815,1.2056929292782759,1.2056929292782759
2022-03-07,1.322607487003041,1.1527117475735997,1.2104147609061742,1.261283941541612,1.175275751314785,1.4018683558204552,1.173872343001355,1.2484293657286785,1.2491309065854794,1.2011222461275282,1.2011222461275282
2022-03-08,1.3580677749507803,1.1681643632934469,1.2266409112870347,1.2781920160045317,1.1910308475807423,1.4206610271347764,1.1896086259521785,1.2651651188626127,1.2658760641878724,1.217223826198207,1.217223826198207
2022-03-09,1.3519354403669543,1.1655269489991282,1.2238714720068433,1.275306187605872,1.1883418066537208,1.4174535403991058,1.186922796035329,1.2623087018428756,1.263018042036681,1.214475648270959,1.214475648270959
2022-03-10,1.3347454142661397,1.1581170394441795,1.2160906335438286,1.2671983497621044,1.1807868502323098,1.408441991981698,1.1717715799479793,1.2542834963175014,1.2549883268372195,1.206754544337581,1.206754544337581
2022-03-11,1.324990707649493,1.1538851118320779,1.2116468620115644,1.2625678232231448,1.1764720838440155,1.4032953406909343,1.1632079333814154,1.2497001625259385,1.250402417492723,1.2023448882291947,1.2023448882291947
2022-03-14,1.3541278800119043,1.1665723515220507,1.2249692058049917,1.2764500550275277,1.189407672632913,1.418724904830903,1.175939519302433,1.2634409113578482,1.2641508877840708,1.215564954621036,1.215564954621036
2022-03-15,1.3841544043274363,1.1795061791153856,1.2385504813206978,1.2906021004807642,1.2025946762130617,1.4344543564140064,1.2019560857327798,1.2774487239899133,1.278166571949076,1.2290419648819562,1.2290419648819562
2022-03-16,1.4014716862902439,1.186884633793836,1.2462982903234887,1.2986755207603018,1.2101175620377367,1.4434276510389183,1.216993867918403,1.2854398627231354,1.2861622012129341,1.2367302929266608,1.2367302929266608
2022-03-17,1.4168216419665542,1.1933844534833278,1.2531234811935827,1.3057875487365314,1.2167446138441038,1.4513323952739081,1.23032328592494,1.2924794073355537,1.293205701618363,1.243503085900533,1.243503085900533
2022-03-18,1.416407289478918,1.1932099495788275,1.2529402418865423,1.3055966085704875,1.216566694075436,1.4508353834236678,1.2299634752762176,1.2922904131665682,1.2930166012462274,1.243321253345974,1.243321253345974
2022-03-21,1.4329811834013917,1.2001910401445344,1.2602707953278005,1.3132352376063312,1.2236844374981766,1.4678121329239346,1.2443557227033293,1.2998511919001807,1.300581628674509,1.2505955291554745,1.2505955291554745
2022-03-22,1.4145268219996778,1.1924628300806197,1.2521557227119133,1.3047791190051337,1.215804949926106,1.448909208109177,1.2283305365494188,1.2914812551760866,1.2922069885585035,1.2425427570291785,1.2425427570291785
2022-03-23,1.435849991036579,1.20145067184529,1.2615934822936525,1.3146135121313927,1.2249687261302666,1.4707506716170649,1.246846904890179,1.301215419521298,1.3019466229080117,1.2519080616779283,1.2519080616779283
2022-03-24,1.4428621179651526,1.2043843782428911,1.2646740456134036,1.3178235399430127,1.227959858993999,1.4779332397502574,1.2529360150424709,1.304392731824136,1.3051257206658033,1.2549649751041885,1.2549649751041885
2022-03-25,1.4531251284893563,1.2086677430201593,1.269171829177824,1.322510348436728,1.2323270694152997,1.4884457095176518,1.2618480901107867,1.3090317739639645,1.309767369663246,1.2594282285871912,1.2594282285871912
2022-03-28,1.4711013038894618,1.216143776199617,1.2770221013143643,1.330690537990214,1.2399494438123129,1.506858825238553,1.2774580346031106,1.3171285938151052,1.3178687394313395,1.2672182331425674,1.2672182331425674
2022-03-29,1.4620177228971705,1.2123891263804056,1.2730794993822043,1.3265822433250023,1.2322311543026963,1.4975544529653353,1.2695701389898777,1.313062169488123,1.3138000300228903,1.263305899088745,1.263305899088745
2022-03-30,1.4395153299113328,1.2030589875776057,1.263282307888334,1.316373312714989,1.2226867063712314,1.4745051025432767,1.2500297697158151,1.3029572848174682,1.3036894670258166,1.2535839219343607,1.2535839219343607
2022-03-31,1.443594918482235,1.204763723051366,1.2650723798514447,1.3182386146711425,1.2244192543370158,1.4786838521814922,1.2535723559292835,1.3048035762521843,1.3055367959632624,1.2553602512774131,1.2553602512774131
2022-04-01,1.4559619679718134,1.2099242332455589,1.2704912174107965,1.323885185595572,1.2296639574460775,1.4913515030198559,1.264311512160759,1.3103925992513286,1.3111289596510922,1.2607374877015758,1.2607374877015758
2022-04-04,1.4375710289181203,1.2022826727780822,1.2543795219075193,1.3070963761183327,1.2140700115909444,1.472513542136936,1.248341399976152,1.2937748955950121,1.3028482169809847,1.252775004199577,1.252775004199577
2022-04-05,1.4231960505043328,1.1902003440054476,1.2418363653000244,1.2940260778071728,1.2079392670773026,1.4577891563803878,1.2358586215139291,1.2872416617062492,1.296334307539711,1.246511448075935,1.246511448075935
2022-04-06,1.4303677098220933,1.196197909403457,1.2480941309375708,1.3005468338021338,1.2109827440799805,1.465135134598203,1.2420862645679371,1.2904849459516325,1.2996005012634446,1.2496521100522386,1.2496521100522386
2022-04-07,1.4265429413496407,1.192999305282794,1.2447567575825353,1.2970692031951807,1.209363674875455,1.4612173988773716,1.238764956101475,1.28875958326987,1.297862951195066,1.2479813403755882,1.2479813403755882
2022-04-08,1.4021601836760507,1.1726083222129462,1.2234811257715614,1.274899436586218,1.1990283317991952,1.436241978430825,1.217591737361504,1.2777457148094307,1.2867712844406884,1.2373159668626286,1.2373159668626286
2022-04-11,1.3969645879212569,1.1682633130678763,1.2189476114005688,1.2701753956544963,1.1968068785789785,1.4309200952302705,1.213080045662256,1.2753784210120254,1.2843872688693352,1.2350235777120837,1.2350235777120837
2022-04-12,1.4129650081328593,1.1816442563562817,1.2329090776875278,1.2847236098673938,1.2036608150119323,1.4473094318039197,1.21996652212009,1.2826823250771127,1.2917427652770581,1.242096375542999,1.242096375542999
2022-04-13,1.3953709086931965,1.1669305398601375,1.2175570167461447,1.268726359536079,1.196166882766954,1.42928767902409,1.2047146222644378,1.274696408848824,1.283700439199648,1.2343631454137454,1.2343631454137454
2022-04-14,1.3959445879870438,1.1674103003911225,1.2180575913569769,1.2692479714153933,1.196412773006013,1.4298753025307138,1.2052099169774653,1.2749584420226354,1.2839643232884175,1.234616887473724,1.234616887473724
2022-04-18,1.4184791547085875,1.186255665409168,1.2377205495426575,1.289737289791052,1.2060695472404004,1.4529576087237048,1.2246654766904463,1.285249192932879,1.2943277646313676,1.2445820239360674,1.2445820239360674
2022-04-19,1.4174270838301561,1.1853758322189456,1.2368025453961127,1.288780705382383,1.2056222827727476,1.4518799655432186,1.2237571553523643,1.2847725651153594,1.293847770073889,1.2441204773215628,1.2441204773215628
2022-04-20,1.3962316846126872,1.1676503955645754,1.218308102893987,1.2695090110102554,1.1966081874868744,1.4301693775090332,1.2054577862004514,1.2751666856553423,1.2841740378847015,1.234818541972549,1.234818541972549
2022-04-21,1.3579205775401395,1.1356113150732985,1.184879028986191,1.2346750388361676,1.1801913617909965,1.3909270563688805,1.1723813112661552,1.2576720792917002,1.2665558554557466,1.2178774906062062,1.2178774906062062
2022-04-22,1.3657929664307644,1.1421948914979563,1.1917482293347288,1.2418329258437224,1.1836123738586557,1.3948893801001223,1.175721065331923,1.2613176841484295,1.2702272116494602,1.2214077431797987,1.2214077431797987
2022-04-25,1.3262383907293565,1.1091159143674882,1.1572341435890479,1.205868342864391,1.1664731417811678,1.3746907632759169,1.1586961029015104,1.2430532447174836,1.2518337583091352,1.2037212173931908,1.2037212173931908
2022-04-26,1.3299674603265947,1.1122344867636669,1.158803216636551,1.2092589602730566,1.1681130654779246,1.376623416397245,1.1603250929986044,1.2448008310092946,1.2535936889677326,1.2054135074922818,1.2054135074922818
2022-04-27,1.3635617743948845,1.1262261189684193,1.173438611999334,1.239804237893105,1.1828660419076267,1.3940098265101866,1.1749797092799457,1.2605223547746676,1.2694262643342256,1.2206375791935964,1.2206375791935964
2022-04-28,1.3131705088754257,1.1054159288979795,1.1517560385441328,1.2168333829282558,1.1610092702119805,1.3682515804873459,1.1532686597249748,1.2372306646343907,1.2459700494620287,1.198082872281447,1.198082872281447
2022-04-29,1.3210750715017565,1.1087429261839605,1.1552225067885056,1.2204957160434746,1.1645035881334211,1.3723696406453525,1.1567396805422134,1.2409543879459182,1.2497200759132545,1.2016887715273847,1.2016887715273847
2022-05-02,1.3271309292186013,1.1112841857801679,1.1578702984558085,1.2232931151314674,1.167172652213358,1.3755151376189718,1.1593909496002348,1.243798678693889,1.2525844577825649,1.2044430647455693,1.2044430647455693
2022-05-03,1.367545972465036,1.128205123058688,1.175500577863661,1.2419195532102685,1.184944573648055,1.3964593800253062,1.1946398471718922,1.2627373441573144,1.2716568996632243,1.2227824830643863,1.2227824830643863
2022-05-04,1.3189394755496031,1.1081553039161984,1.1546102508244065,1.2198488659544973,1.1638864132923323,1.346755394904244,1.1521789286976516,1.2402966949727205,1.2490577372162193,1.2010518889242197,1.2010518889242197
2022-05-05,1.3110667782845147,1.1048480364516322,1.1511643394947297,1.216208251275488,1.1604128174402626,1.3426686924438682,1.1453016185033602,1.2365950541546908,1.2453299492418612,1.1974673734493064,1.1974673734493064
2022-05-06,1.2690901267542374,1.0871609812275174,1.132735825732723,1.1967384764334927,1.1418362486202163,1.3211744647062562,1.1086322987301265,1.2167989154178693,1.2253939771825497,1.1782976135687575,1.1782976135687575
2022-05-09,1.2720222539459574,1.0884168787432387,1.1340443716924022,1.1981209587939468,1.1431553074650098,1.322700696567692,1.1111937014549584,1.218204571766279,1.2268095626186513,1.1796587928892208,1.1796587928892208
2022-05-10,1.2518147837184839,1.0797715301245117,1.1250366016606597,1.1886042252900182,1.1340751688238353,1.3121944201001083,1.0935411693790054,1.208528313140074,1.2170649541283154,1.1702887052740323,1.1702887052740323
2022-05-11,1.250507789950115,1.079207846630959,1.124449288007441,1.18798372682023,1.1334831366806648,1.3115094026549297,1.0923994257980678,1.2078974135075102,1.2164295980311375,1.1696777682309172,1.1696777682309172
2022-05-12,1.2804050025738964,1.0921087284628372,1.137890987338862,1.2021849186719633,1.1470328269005732,1.3271872240105358,1.1185165745001038,1.2223366541462233,1.2309708326505753,1.1836601301238827,1.1836601301238827
2022-05-13,1.2752095096105907,1.0898930064051728,1.135582380059976,1.1997458688115687,1.1447056722233957,1.3244945635361254,1.1139779754002297,1.2198567194877983,1.228473380560723,1.1812586642343235,1.1812586642343235
2022-05-16,1.3014410749851546,1.1011027721077231,1.1472620700310157,1.212085492988385,1.1564791970635344,1.3381172527765242,1.1368929441699176,1.2324031877519102,1.2411084728927004,1.1934081438459503,1.1934081438459503
2022-05-17,1.248977841444539,1.078909138836249,1.1241380580917837,1.1876549115690276,1.1331694063374733,1.2841086362314076,1.09106291683553,1.207563086460361,1.2160929094092174,1.1693540197817558,1.1693540197817558
2022-05-18,1.2413285100826092,1.075605263763963,1.1206956813667672,1.184018031209442,1.12969937348715,1.2801121863124203,1.0843807312028884,1.2038652425586285,1.2123689451713069,1.1657731810831407,1.1657731810831407
2022-05-19,1.2418702212237263,1.0758399588306164,1.1209402150786199,1.1842763817401758,1.1299458717878659,1.2803915044089487,1.08485395091752,1.2041279237139393,1.2126334818187008,1.1660275506215338,1.1660275506215338
2022-05-20,1.2651059286840856,1.0859045783578165,1.1314267532341342,1.195355437783251,1.1405166590062887,1.2923697296384173,1.1051518440547718,1.2153926934548132,1.2239778221364883,1.1769358865305242,1.1769358865305242
2022-05-23,1.2554484628149711,1.0817598319911965,1.1271082550732225,1.190792932747068,1.136163465942461,1.2874369345770418,1.0967154230625398,1.2107537090075504,1.2193060694500824,1.1724436863532128,1.1724436863532128
2022-05-24,1.2665401783144474,1.0865384320893257,1.1320871787298545,1.1960531791132163,1.141182390374005,1.2931240992137438,1.1064047538608923,1.2161021307381152,1.2246922706481789,1.1776228761779501,1.1776228761779501
2022-05-25,1.2918473398385244,1.097393675402489,1.1433974843885273,1.2080025477607574,1.152583563260625,1.3060432710686116,1.1285121960852893,1.2282518017786823,1.2369277629133468,1.1893881138120002,1.1893881138120002
2022-05-26,1.3235610836360858,1.1108637119902214,1.157432197996099,1.2228302608058899,1.166731032045558,1.3220743919332398,1.1562162022440556,1.2433280657300296,1.2521105205656669,1.2039873426659349,1.2039873426659349
2022-05-27,1.3161345014283878,1.1077471498682905,1.1541849865622904,1.2193995731065403,1.1634577324484003,1.3145900479240364,1.1497286024029902,1.239839870812,1.2485976862019672,1.2006095193497748,1.2006095193497748
2022-05-31,1.3054889009863022,1.1032671238771936,1.1495171535293212,1.2144679948292239,1.1587523979489787,1.3039569398487194,1.140428981957864,1.234825626499391,1.2435480229396665,1.1957539330794922,1.1957539330794922
2022-06-01,1.3303500502444765,1.1137721877722697,1.1604625999085028,1.226031888657013,1.1697857802691627,1.3287889151212164,1.1621468036240472,1.2465833611630206,1.2553888103200317,1.2071396357782584,1.2071396357782584
2022-06-02,1.3085170354277003,1.1046328621212216,1.1509401448473475,1.2159713890216088,1.160186821608479,1.3069815208441402,1.1430742532241505,1.236354221475456,1.2450874154008917,1.1972341610691692,1.1972341610691692
2022-06-03,1.3125010279148759,1.1063144791367538,1.1526922568818545,1.2178225001448582,1.1619530101470552,1.3109608382079516,1.1465545283094805,1.2382363620194787,1.246982850758068,1.1990567479266383,1.1990567479266383
2022-06-06,1.325090929350174,1.1116205284093028,1.1582207408947125,1.2236633585199825,1.1675259101140136,1.3235359656840762,1.1575526214115814,1.2441751283213207,1.2529635665246273,1.2048076029548085,1.2048076029548085
2022-06-07,1.310684393949608,1.1055776976345204,1.1519245887832674,1.2170114567136896,1.161179174587198,1.309146336020774,1.144967581057738,1.237411723398062,1.2461523871644271,1.1982582020803525,1.1982582020803525
2022-06-08,1.2795125668761393,1.0924307963034163,1.1382265565762062,1.2025394484826342,1.147371092108062,1.2780110883679558,1.1177369742036276,1.2226971267955138,1.2313338515584507,1.184009196889996,1.184009196889996
2022-06-09,1.2424122407393066,1.0765929140215222,1.1217247348826218,1.1851052290438846,1.1307366944400852,1.24095429860879,1.0853274400171882,1.2049706646469505,1.2134821755926284,1.166843625995732,1.166843625995732
2022-06-10,1.1952399934542355,1.0561547271217544,1.1004297593324064,1.1626070295372446,1.1092706346189538,1.217333805023827,1.044119431349068,1.1820953369979896,1.1904452642575394,1.1446921072551703,1.1446921072551703
2022-06-13,1.1916383853019659,1.05456347536642,1.0987718007575942,1.1608553917998867,1.1075993559709012,1.215499713385236,1.0409731937093603,1.1803143372716551,1.1886516841430597,1.1429674609716176,1.1429674609716176
2022-06-14,1.2086268372950515,1.0620806052255694,1.106604056003298,1.1691301907396296,1.115494535716104,1.2241640274855334,1.0558137051812522,1.1887278432911046,1.1971246203633241,1.1511147513240743,1.1511147513240743
2022-06-15,1.168626146536253,1.0445053054971494,1.0882919826359356,1.1497834354908323,1.0970353427752242,1.203906572831008,1.0208705149287702,1.1690567862747474,1.1773146135600385,1.1320661153949498,1.1320661153949498
2022-06-16,1.171145463112655,1.045631174338129,1.089465048992506,1.1510227832826347,1.098217833570995,1.2052042597749304,1.02307130088435,1.1703169087481093,1.178583637118331,1.133286365745565,1.133286365745565
2022-06-17,1.2006271925424337,1.058792227484869,1.103177826273063,1.1655103697238867,1.11204077958585,1.2203738125817465,1.0488254981468148,1.1850473446920375,1.193418123949513,1.1475507090973154,1.1475507090973154
2022-06-21,1.1984503772036412,1.0578323978326258,1.1021777596293274,1.164453796598567,1.11103267838616,1.2192675039578917,1.046923909172099,1.183973060662347,1.1923362515356852,1.146510416989523,1.146510416989523
2022-06-22,1.2101984163532185,1.0630172000821883,1.1075799138262044,1.1701611871799917,1.1164782336008012,1.2252435554668941,1.0571865811237575,1.189776121904299,1.1981803036670657,1.1521298608648793,1.1521298608648793
2022-06-23,1.2486753260957133,1.0799159235929716,1.125187048243596,1.1887631725135084,1.1342268240977087,1.2447211820524313,1.090798650114437,1.2086899247310439,1.2172277072896702,1.1704452032372958,1.1704452032372958
2022-06-24,1.2439059038496618,1.0778535079584952,1.1230381741420945,1.1864928811888609,1.1320606858975433,1.2399046269387715,1.0866322513403974,1.2063815774388715,1.2149030546020056,1.1682098954381264,1.1682098954381264
2022-06-27,1.218489166599507,1.0668416141644572,1.1115646510622037,1.1743710728924992,1.120494984297591,1.2145696478052028,1.064429087632927,1.1940565762139812,1.2024909936785608,1.1562748753238676,1.1562748753238676
2022-06-28,1.2174968175755327,1.0664071912481232,1.111112016715177,1.173892863475496,1.1200387134769243,1.2140143408572888,1.0635622065845298,1.193570350767561,1.2020013336977318,1.1558040347635137,1.1558040347635137
2022-06-29,1.2076053982800081,1.0620752371451945,1.106598462887779,1.1691242815978928,1.1154888976653798,1.2090827777095048,1.0549214121443846,1.188721835096835,1.1971185697291735,1.1511089332378803,1.1511089332378803
2022-06-30,1.2203779601892653,1.0676918987376516,1.112450580390754,1.1753070596343251,1.1213880312005617,1.2154768716137334,1.0660790709832788,1.1950082525198134,1.2034493923084555,1.157196439195961,1.157196439195961
2022-07-01,1.2226824425560023,1.068699978707142,1.1135009200519108,1.1764167463390933,1.1224468093121276,1.21771132523999,1.0680921853632266,1.1961365404502222,1.2045856500885472,1.1582890264418682,1.1582890264418682
2022-07-05,1.2268120905815012,1.0705047624364694,1.115381362068511,1.1784034384369724,1.1243423588385086,1.2218241831619476,1.071699699980935,1.1981565346574552,1.2066199128612394,1.1602451050705114,1.1602451050705114
2022-07-06,1.245186377414158,1.0785213779033944,1.1237340418439163,1.1872280673058346,1.1327621442147728,1.2401237647953933,1.087750827808171,1.207129087180875,1.2156558445035492,1.1689337528758352,1.1689337528758352
2022-07-07,1.244161957445966,1.0780777259105334,1.1232717915285086,1.1867396985921197,1.1322961801708378,1.2391035098594823,1.0868559307159473,1.2066325321415958,1.215155781965062,1.1684529095660865,1.1684529095660865
2022-07-08,1.229949081208562,1.0719199322242023,1.116855857148577,1.179961246493838,1.1258287000423304,1.2249484195791798,1.0744400641652092,1.1997404556154179,1.2082150221086487,1.161778908446896,1.161778908446896
2022-07-11,1.219065415680551,1.0671772895435505,1.1119143982792954,1.1747405817772814,1.120847541391008,1.2141090042802427,1.0649324784716792,1.194432279025493,1.2028693503294448,1.156638690347538,1.156638690347538
2022-07-12,1.212663253441045,1.0643750436352948,1.108994679500196,1.1716558909571129,1.1179043655312735,1.207732871611835,1.0593397757228373,1.1912958807912135,1.1997107976239532,1.1536015323522222,1.1536015323522222
2022-07-13,1.2097183801048281,1.0630826610728472,1.1076481190051866,1.1702332461368339,1.1165469867415923,1.2047999713851725,1.0567672384164846,1.1898493887560453,1.1982540880514196,1.152200809446006,1.152200809446006
2022-07-14,1.2328300182393186,1.0732377443442274,1.118228913232922,1.1814118839762133,1.1272127872874564,1.2278176434492158,1.0769567489739338,1.20121540954226,1.2097003946181675,1.1632071926688003,1.1632071926688003
2022-07-15,1.2226504744032718,1.068806853425196,1.1136122750619735,1.1765343932096688,1.1225590589506285,1.2176794870616767,1.0680642591144125,1.1962561593873062,1.2047061139739124,1.1584048604603878,1.1584048604603878
2022-07-18,1.2556854999860172,1.0832460011968221,1.1286567259357552,1.208264572908732,1.1377243772517056,1.2505802005924997,1.096922490360821,1.21241709567131,1.2209812057225342,1.174054441023943,1.174054441023943
2022-07-19,1.2636882284832713,1.0866978701733339,1.1322533006132378,1.212054412522039,1.1413498468840118,1.2585503920214005,1.1039133912456265,1.2162805809318291,1.224871981354552,1.1777956799458764,1.1777956799458764
2022-07-20,1.276556694850719,1.0922309338985088,1.1380183157451191,1.2243364755725237,1.1471611782658617,1.27136653846197,1.1151548288309632,1.2224734319042112,1.2311085765610328,1.1837925800330522,1.1837925800330522
2022-07-21,1.2647126484514637,1.0871640089777521,1.132738980409189,1.2129769346422423,1.1418394286414182,1.2595706469573118,1.1048082883378503,1.2168023042105747,1.225397389912556,1.178300895135091,1.178300895135091
2022-07-22,1.266249278403752,1.0878244628687173,1.1334271211688913,1.2136531712419742,1.1425330979381167,1.2611010293611784,1.1061506339761855,1.2175415135752288,1.2261418208056531,1.1790167148315611,1.1790167148315611
2022-07-25,1.2512682413774359,1.081389419297789,1.126722314319853,1.1992337178377321,1.1357744245331534,1.2461809014392882,1.0930637292987981,1.2103391266491168,1.218888558620122,1.1720422219884918,1.1720422219884918
2022-07-26,1.2837589860318672,1.095429233596812,1.1413506912739093,1.2303733210169492,1.1505203261680887,1.2785395469502787,1.1214464959552684,1.2260531111525252,1.234713541469818,1.187258992981145,1.187258992981145
2022-07-27,1.2998605530675416,1.1022989526910933,1.148508395666525,1.2458052975194045,1.157735535704796,1.294575649090147,1.1355122560613462,1.2337420062540663,1.2424567483622906,1.1947046001676167,1.1947046001676167
2022-07-28,1.318810883398267,1.11033401815539,1.156880298881116,1.263967570280161,1.166174698961751,1.313448932174611,1.15206659513731,1.2427352088350019,1.2515134759272364,1.2034132446323578,1.2034132446323578
2022-07-29,1.3149054236078301,1.1086899746778724,1.1551673355038399,1.260224520700963,1.1644479736015219,1.3095593509951,1.1486549234413497,1.2408951222655922,1.2496603915999258,1.2016313811000823,1.2016313811000823
2022-08-01,1.3062306443628295,1.1050328140149075,1.1513568631129678,1.2519104858510481,1.160606887797204,1.3009198412066783,1.1410769427663618,1.2368018654204282,1.2455382213534125,1.197667640903351,1.197667640903351
2022-08-02,1.3266857392846012,1.113685019197773,1.1693291233292333,1.2715149469254825,1.1696942278313731,1.3212917708902594,1.158945791026859,1.2464857982181232,1.2552905582230265,1.207045159867991,1.207045159867991
2022-08-03,1.3257891919273292,1.113308716305826,1.1685389143865585,1.2706556828724804,1.169298999994921,1.3203988686676007,1.158162598929892,1.2460646232875507,1.2548664082531964,1.2066373115297813,1.2066373115297813
2022-08-04,1.3235486458660524,1.1123679862582088,1.1665641168259664,1.2685083108748552,1.168310958953085,1.3181674320994636,1.1562053370475727,1.2450117163847025,1.2538060639671063,1.2056177201451932,1.2056177201451932
2022-08-05,1.322012015913764,1.1117222608551456,1.1652097447227736,1.2670355823345743,1.1676327588662496,1.3166370496955968,1.1548629914092372,1.244288991798673,1.2530782342956128,1.2049178636247808,1.2049178636247808
2022-08-08,1.3167621462533707,1.109514869054696,1.1605825558521894,1.2620040307433134,1.1653143533898,1.3114085246763525,1.1502768907478753,1.2418183807345633,1.2505901716588368,1.2025254263173417,1.2025254263173417
2022-08-09,1.3444195323562904,1.1327637396639152,1.1849595323189333,1.2885112726480277,1.1775525351657112,1.3389534628482425,1.1744374061326777,1.2548600111168622,1.2637239237690792,1.215154400391691,1.215154400391691
2022-08-10,1.3444195323562904,1.1327637396639152,1.1849595323189333,1.2885112726480277,1.1775525351657112,1.3389534628482425,1.1744374061326777,1.2548600111168622,1.2637239237690792,1.215154400391691,1.215154400391691
2022-08-11,1.3671792124362867,1.1519402985434084,1.2050197138428163,1.310324481723873,1.1875199293952445,1.3616206078301507,1.1943194585681347,1.2654817745288174,1.2744207157756682,1.2254400756348356,1.2254400756348356
2022-08-12,1.3728128027209288,1.156686976678455,1.2099851106912733,1.3157237967535493,1.1899665730671953,1.367231293362716,1.1992407640102785,1.2680890427514204,1.277046400871533,1.2279648460678958,1.2279648460678958
2022-08-15,1.3755019308353051,1.1589527477015356,1.2123552845217385,1.3183010963282558,1.1911320533717427,1.3699094881628735,1.2015898913261183,1.2693310379781684,1.2782971691383864,1.2291675427445592,1.2291675427445592
2022-08-16,1.3657385897336765,1.1507264771723416,1.2037499616837255,1.308943767930841,1.186904713419159,1.3601858423347868,1.193060981471254,1.2648261690220268,1.2737604792902066,1.2248052144475794,1.2248052144475794
2022-08-17,1.3697080886210613,1.154071046554181,1.2072486430342502,1.3127481935138248,1.1886295738627186,1.3641392022444876,1.1965285954598548,1.2666642682411633,1.2756115622292643,1.2265851535122583,1.2265851535122583
2022-08-18,1.3513018336356741,1.1385625406684385,1.1910255320377885,1.2951073704930982,1.1806431206901618,1.3458077824327286,1.1804495413838048,1.2581534966045596,1.267040673339962,1.2183436751693926,1.2183436751693926
2022-08-19,1.3231644112843641,1.1148548727864414,1.1662254558505343,1.26814005485214,1.168351176245874,1.3177847597183237,1.1558696832917292,1.2450545739821084,1.2538492242962884,1.2056592216653759,1.2056592216653759
2022-08-22,1.3199632787688673,1.112157703672081,1.163404005851362,1.2650720427977267,1.1669378798679246,1.3145966421973379,1.1530732870198022,1.2435484933142973,1.2523325051768825,1.204200795598227,1.204200795598227
2022-08-23,1.3241887284610685,1.1157179287951948,1.1671282799864844,1.2691217753621338,1.168805673231807,1.318804912280671,1.1567644905889405,1.2455389091398092,1.2543369806360292,1.2061282317485171,1.2061282317485171
2022-08-24,1.3428831079869776,1.1314691989551506,1.1836053414147645,1.2870387411414668,1.1770560443374518,1.3374232851915029,1.164872027112124,1.2543309251800028,1.2631911005456,1.2146420555096606,1.2146420555096606
2022-08-25,1.297427786923933,1.0931700384358487,1.1435414218629039,1.2434736989935617,1.1571349283124095,1.2921527739578764,1.125383968901577,1.233101968398786,1.2418121894930387,1.1940848140485507,1.1940848140485507
2022-08-26,1.2888489121371227,1.0859417603189845,1.1359800772003603,1.2352515803740358,1.1533093143701598,1.283608778704394,1.1179426852682273,1.2290251991585714,1.2377066233144178,1.1901370397647728,1.1901370397647728
2022-08-29,1.2747002805796426,1.0740205880892948,1.1235095979862413,1.2216913256948994,1.146978956945341,1.2695176719014087,1.1056702156193121,1.2222792475757285,1.23091302057921,1.1836045399814503,1.1836045399814503
2022-08-30,1.265000772991986,1.0658481015823222,1.11496053744511,1.2123951762675507,1.1426151346157833,1.2598576000563846,1.0972568993211713,1.2176289360410417,1.2262298607946118,1.17910137112237,1.17910137112237
2022-08-31,1.2689701690878832,1.0691925843554304,1.118459128196123,1.2161995033336745,1.1444078181268493,1.263810857592522,1.1006999385234797,1.2195393109784187,1.2281537299834813,1.1809512989955877,1.1809512989955877
2022-09-01,1.2555895955278273,1.0579185525670258,1.1066656085348205,1.2033753666325284,1.1383742511580703,1.2504846860575607,1.089093679484665,1.213109634435409,1.2216786363495178,1.1747250668460913,1.1747250668460913
2022-09-02,1.250852038643018,1.0539268427439012,1.1024899676314792,1.1988348230715544,1.1362266096077291,1.2457663908798355,1.0849843405113073,1.2108209981162177,1.2193738338665738,1.1725088463358158,1.1725088463358158
2022-09-06,1.273323799765468,1.072860810566644,1.122296379922568,1.2203720864225136,1.1464328578942073,1.2681467875097985,1.094676051714996,1.2216972965876307,1.2303269588833992,1.183041002775918,1.183041002775918
2022-09-07,1.2816465181644865,1.0798732597247713,1.1296319506014902,1.2242993751203837,1.1501795238409966,1.2764356678425215,1.1017763561817424,1.225689934819247,1.2343477997800325,1.186907308079569,1.186907308079569
2022-09-08,1.3015571265749681,1.0966492843950704,1.1471809854544124,1.2432578704147432,1.1591136463842975,1.296265324759143,1.1188926493818983,1.2352105912479032,1.2439357069507857,1.196126716978895,1.196126716978895
2022-09-09,1.315546020160286,1.1084358666561094,1.1595106730270597,1.2498768595403071,1.1653426151792472,1.3101973430441265,1.1309182991870559,1.2418484979381361,1.2506205016002927,1.2025545905684334,1.2025545905684334
2022-09-12,1.2583426599476641,1.0602381942210592,1.1090921352616798,1.1954664712701981,1.140006552295223,1.2532265572143448,1.0817430321511214,1.2148490977391209,1.223430386641937,1.1764094909803373,1.1764094909803373
2022-09-13,1.2631439475549577,1.0642836014576738,1.111152586955272,1.1976873876729461,1.1421814365719734,1.2580083240015687,1.08587049248435,1.217166765296362,1.225764425429915,1.178653824137723,1.178653824137723
2022-09-14,1.2488034042896095,1.0522007307263943,1.104845098494246,1.1908886820168996,1.1356978119859775,1.243726085755141,1.0735425445824667,1.2102574844132672,1.2188063396907447,1.1719631630326948,1.1719631630326948
2022-09-15,1.2392764836101002,1.0441736602795015,1.1006307555559005,1.1863461327362326,1.1313657838486753,1.2342378991235823,1.0653526608640331,1.2056410543906622,1.214157300745931,1.167492803624974,1.167492803624974
2022-09-16,1.248887076560742,1.0522712302337824,1.1048984530069939,1.1909461916944575,1.1357526564193463,1.243809417835999,1.0736144740331344,1.2103159294373418,1.2188651975509794,1.1720197587705112,1.1720197587705112
2022-09-19,1.2345514672868119,1.040192516721612,1.0985570500062927,1.1841109302881887,1.1292341702327915,1.2295320935206295,1.0612907676713395,1.2033694982555057,1.2118696990957463,1.1652931228566665,1.1652931228566665
2022-09-20,1.2130161366189303,1.0310680259560925,1.0889755177833345,1.1737832035360385,1.1193850744673153,1.2080843200560438,1.0427777706661994,1.192873799717506,1.201299862443343,1.1551295236100194,1.1551295236100194
2022-09-21,1.2028272387574865,1.0267377262644706,1.084402017073264,1.1688535258461596,1.1146838591054313,1.1979368476742074,1.0340188136525552,1.187863944967844,1.1962546197503983,1.1502781880104758,1.1502781880104758
2022-09-22,1.1826739396441248,1.0181362613817184,1.0753174713026736,1.1590614900628586,1.1053456281003728,1.177865486773672,1.016693889699295,1.1779126499615704,1.1862330321147232,1.140641766569564,1.140641766569564
2022-09-23,1.1709742124938503,1.0131002510069775,1.0699986253416516,1.1533284208163144,1.0998782537793428,1.171980513988727,1.0066361377643767,1.1720863371675496,1.1803655641900637,1.1349998068553393,1.1349998068553393
2022-09-26,1.1679851388178457,1.011807211732872,1.0686329655814941,1.1518564056405456,1.0984744580765409,1.1704846927888333,1.0053010169550483,1.170590380903504,1.1788590409898352,1.1335511848409756,1.1335511848409756
2022-09-27,1.190966642928683,1.0217614700633113,1.0791462812373525,1.1631884816411506,1.1092813572548499,1.1820000357007407,1.015191266704786,1.1821067635854228,1.190456771558576,1.1447031722886216,1.1447031722886216
2022-09-28,1.1660885330750088,1.011089679107866,1.0678751344373096,1.1510395558090902,1.097695464556564,1.1696546325318922,1.004588098259419,1.1697602456968397,1.1780230419849016,1.132747316329459,1.132747316329459
2022-09-29,1.1480565418969855,1.0032721079472162,1.0596185079217286,1.1421399163189512,1.0892082723873537,1.1606110644764156,0.9968207962014904,1.160715861058572,1.1689147708296388,1.1239891092827268,1.1239891092827268
2022-09-30,1.1783669763020366,1.016516060796483,1.0736062759917884,1.157217029575836,1.1035866477934488,1.1759320109001266,1.0099795868421204,1.17603819087666,1.184345332475925,1.1388266181185778,1.1388266181185778
2022-10-03,1.214880260251598,1.0322651187358145,1.0902398424416644,1.1751459917930103,1.1206847052934488,1.1941509275376754,1.0412246623139199,1.194258752578824,1.2026945981498243,1.1564706545320795,1.1564706545320795
2022-10-04,1.2120519524626348,1.0310635338672816,1.088970773407002,1.1737780896752046,1.119380197604643,1.191311171224309,1.0388006342686595,1.1928686026840283,1.2012946286997541,1.1551244910183012,1.1551244910183012
2022-10-05,1.199548498668642,1.025745339697392,1.083353895466812,1.1677237781917587,1.1136064687845941,1.1790216780607479,1.0280844304744587,1.1867158229184167,1.1950983877496857,1.149166394226158,1.149166394226158
2022-10-06,1.166088533075009,1.0114393721553554,1.0682444671659639,1.1514376515847358,1.0980751108729567,1.1625190296916392,0.9994072492606897,1.170164816165317,1.1784304702042538,1.1331390855951011,1.1331390855951011
2022-10-07,1.1571850427694799,1.0075780269876482,1.064166258699122,1.1470418387122467,1.0938830187516926,1.158080911736925,0.9917764283558624,1.1656975090951045,1.1739316075666393,1.1288131306709035,1.1288131306709035
2022-10-10,1.1498565236412175,1.004387502321721,1.0607965457775554,1.1434096978941275,1.0904192068587315,1.1544138153780628,0.9854954514528335,1.1620062945626708,1.1702143195256816,1.125238711578622,1.125238711578622
2022-10-11,1.1460639289044707,1.002731106642503,1.0590471225610243,1.1415240323728124,1.088620931134868,1.1525100023065125,0.9838209370153884,1.160089960278255,1.1682844488949333,1.1233830129208437,1.1233830129208437
2022-10-12,1.1763096046721586,1.0159626023596204,1.0730217338736336,1.1565869642448485,1.1029857823820834,1.1677178990780748,0.9968029043925813,1.1753978780632022,1.1837004967062827,1.1382065657414144,1.1382065657414144
2022-10-13,1.1495030237144053,1.004386362719125,1.0607953421718805,1.143408400553552,1.0904179696424618,1.154412505551947,0.9740372098078576,1.1620049761219424,1.1702129917719277,1.1252374348552914,1.1252374348552914
2022-10-14,1.1790420080029318,1.017291310499124,1.0744250657564713,1.1580995853884484,1.1044283021986632,1.1692450776115615,0.9990672177707624,1.1769351007169795,1.1852485777882587,1.1396951484164306,1.1396951484164306
2022-10-17,1.1928951140327626,1.02326762189936,1.0807370225213722,1.1649031073327867,1.110916519865572,1.1761140763092612,1.0108057173363114,1.1838492762212425,1.192211592722569,1.1463905492696365,1.1463905492696365
2022-10-18,1.1844417476526512,1.0196419652883701,1.0769077395004036,1.1607756058249954,1.1069803044139073,1.171946851934338,1.0036427145146565,1.1796546443743168,1.1879873313950875,1.1423286417248433,1.1423286417248433
2022-10-19,1.1745097257194146,1.0153669106546734,1.0723925865559945,1.1559088199322034,1.102339066174505,1.1670332283386367,0.9952267654201166,1.174708704303904,1.183006454853372,1.1375391984503807,1.1375391984503807
2022-10-20,1.203052043741476,1.027704367143266,1.085422947045872,1.1699539642254115,1.115733298468164,1.1953355047896443,1.0194122431736439,1.1889822810514226,1.1973808553871328,1.1513611383005784,1.1513611383005784
2022-10-21,1.2177731210949487,1.0339920899246375,1.0920638048740186,1.1771120015260261,1.122559601734943,1.2099621591566785,1.0318862226368808,1.1962567378059417,1.2047066964783055,1.1584054205770098,1.1584054205770098
2022-10-24,1.2372193175631978,1.042247820396505,1.100783198880001,1.1865104481045756,1.1315224841407516,1.2292836250837238,1.048364055716522,1.2058080422102155,1.2143254681117557,1.1676545077050664,1.1676545077050664
2022-10-25,1.2278978770679567,1.0383215759137339,1.0966364461818896,1.1820407528848258,1.127259933695888,1.2200219735718794,1.0404654858962912,1.201265651158529,1.2097509911244606,1.1632558445666625,1.1632558445666625
2022-10-26,1.2213409108477067,1.0355492608759067,1.0937084306409393,1.178884708138608,1.124250153548562,1.213507064622142,1.0349094073560718,1.1980582760000176,1.2065209601374138,1.1601499554610697,1.1601499554610697
2022-10-27,1.2503974946836216,1.0478674939128958,1.1067184880396177,1.1929079681680836,1.1376235157887784,1.2423772755890332,1.059530650851917,1.2123096125546675,1.220872963381,1.1739503588307114,1.1739503588307114
2022-10-28,1.2413656178097328,1.0440830132875702,1.102721461029995,1.188599659035914,1.1335148721106156,1.2334033303982066,1.0518774442329875,1.2079312323994849,1.216463655808488,1.1697105170435607,1.1697105170435607
2022-10-31,1.2359336016328195,1.0417986436639677,1.1003087952009247,1.1859990986195765,1.1310348327758142,1.228006155909676,1.047274597810283,1.2052883760560935,1.2138021312092175,1.167151284550036,1.167151284550036
2022-11-01,1.2049163729571193,1.0287260535499563,1.0865020140479795,1.1711170672537903,1.1168424983324254,1.1971878759448806,1.0209919919780452,1.19016430097192,1.198571224702173,1.152505757377622,1.152505757377622
2022-11-02,1.1925095431617319,1.0234297403207024,1.0809082459395938,1.1650876653591875,1.1110925246844374,1.184860625238264,1.0104790019056828,1.184036835928655,1.1924004772892078,1.1465721743128923,1.1465721743128923
2022-11-03,1.2096732546416495,1.0307948188156966,1.0886869666114563,1.1734721804566586,1.1190884655263929,1.201914246345216,1.02502275976882,1.1925577181094351,1.200981548140199,1.1548234432874915,1.1548234432874915
2022-11-04,1.2212445952235644,1.0357249426622899,1.0938939791784512,1.1790847069018635,1.1244408835145605,1.2134113667794741,1.0348277938240806,1.1982615275748778,1.2067256474136194,1.1603467758580783,1.1603467758580783
2022-11-07,1.2278336323880326,1.038518989885123,1.0968449474410684,1.182265491891299,1.1274742573365215,1.2199581409660443,1.0404110478413344,1.2014940453558463,1.2099809986222239,1.1634770120366877,1.1634770120366877
2022-11-08,1.2025377779276223,1.0278211947891323,1.0855463360395619,1.1700869625581831,1.115860133089911,1.1948245375464588,1.0189764774313261,1.1891174424901716,1.1975169715612122,1.1514920230332215,1.1514920230332215
2022-11-09,1.2686223226929039,1.0560627590062672,1.1153740207724367,1.2022375800588263,1.1465207536003343,1.2604852070800343,1.0749735511811642,1.2217909627328547,1.2304212866550388,1.1831317051869674,1.1831317051869674
2022-11-10,1.2809005603369559,1.061173259306541,1.1207715402091025,1.2080554497464882,1.1520689983476997,1.2726846904428124,1.0853775780427253,1.2277034551758166,1.2363755429729406,1.1888571176996774,1.1888571176996774
2022-11-11,1.2700042514559358,1.0566596881645935,1.1160044750420914,1.2029171331068365,1.1471688132564615,1.26185827196458,1.0761445355185062,1.222481568139413,1.2311167702678885,1.1838004588258428,1.1838004588258428
2022-11-14,1.2808362128655442,1.061165852987336,1.1207637179315337,1.2080470182823517,1.1520609576336378,1.2726207557048084,1.0853230528868805,1.2276948865810102,1.236366913852438,1.1888488202277745,1.1888488202277745
2022-11-15,1.2710650596108368,1.057118179259013,1.116488716202107,1.2034390862001847,1.1476665768132288,1.2629122759521216,1.0770434166819522,1.2230120103606519,1.2316509593560883,1.184314117077426,1.184314117077426
2022-11-16,1.2671758408754845,1.0555008883905526,1.114780594025343,1.201597938178093,1.1459107554574572,1.2590480031931464,1.0737478674862015,1.2211409176151273,1.2297666498353748,1.1825022284499116,1.1825022284499116
2022-11-17,1.2729291832435043,1.057897027026081,1.1173113061079776,1.2043257381029515,1.1485121374782776,1.2647644428430194,1.0786229912845775,1.2239130829105862,1.2325583967820286,1.1851866783706575,1.1851866783706575
2022-11-18,1.2683005853358458,1.0559736757390383,1.11527993435465,1.202136166340083,1.1464240398266443,1.2601655333900146,1.0747009254019404,1.2216878996053055,1.2303174955239258,1.1830319031278929,1.1830319031278929
2022-11-21,1.2853683923575734,1.0630789136952148,1.1227842211597094,1.2102248750965716,1.154137883257399,1.2771238651829766,1.0891634181366379,1.2299081644038592,1.2385958255317515,1.1909920666950282,1.1909920666950282
2022-11-22,1.2934683616023601,1.066428500691795,1.1263219297707188,1.2140380948419156,1.1577743821063715,1.285171880126608,1.0960269681055868,1.2337834029599088,1.24249843748066,1.194744687020988,1.194744687020988
2022-11-23,1.2931790035639836,1.0663092168854842,1.1261959466721545,1.213902300379497,1.157644880939573,1.2848843780699288,1.0957817791060616,1.233645399914817,1.2423594596280785,1.1946110505945935,1.1946110505945935
2022-11-25,1.2725435095809863,1.057801571243074,1.1172104892771684,1.2042170698172965,1.148408505345305,1.264381242943673,1.0782961887530609,1.2238026472266987,1.232447181017298,1.1850797370337376,1.1850797370337376
2022-11-28,1.270358059757212,1.0568932438499214,1.1162511478289088,1.2031830163789645,1.147422374361676,1.2622098108914324,1.0764443367747636,1.2227517757792474,1.231388886564383,1.1840621166997531,1.1840621166997531
2022-11-29,1.310374991571095,1.073539584048597,1.1338323902694751,1.2221334580895722,1.1654945716307399,1.301970068678052,1.1103528866480086,1.2420104304793302,1.2507835779789587,1.2027113993265865,1.2027113993265865
2022-11-30,1.3094108074147992,1.0731446246420324,1.1334152489039786,1.2216838304162922,1.1650657816250378,1.3010120689296856,1.1095358803192175,1.241553489990262,1.2503234098146547,1.2022689171045944,1.2022689171045944
2022-12-01,1.3078999781259684,1.0725255147641855,1.132050816708105,1.2209790265066895,1.164393641340138,1.2995109303047936,1.1082556714684102,1.2408372230380935,1.2496020833915942,1.2015753138890388,1.2015753138890388
2022-12-02,1.2843719316740838,1.0628785881817873,1.1116861522483914,1.2099968215472598,1.1539203986840045,1.2761337959334387,1.0883190621290362,1.2296764017554527,1.2383624257892842,1.1907676373566458,1.1907676373566458
2022-12-05,1.2658581567923763,1.0475044189146974,1.095661582842696,1.201275979784349,1.1456037179913643,1.2577387709144352,1.0726313212038157,1.2208137228390057,1.2294371438644665,1.182185386596265,1.182185386596265
2022-12-06,1.2637044695383564,1.0457222311526317,1.0937974621487416,1.2002540750976591,1.1446291727343159,1.2555988977025194,1.070806383399889,1.2197751977324198,1.2283912829628512,1.1811797219468179,1.1811797219468179
2022-12-07,1.2736041121529111,1.0539142385499687,1.1023660826047057,1.2049553666878006,1.1491125863841871,1.2654350426668755,1.0791948957147306,1.2245529518745968,1.2332027855670198,1.1858063009424213,1.1858063009424213
2022-12-08,1.2640902459923624,1.046041463238878,1.0941313703658286,1.200454837842646,1.1448206312758682,1.2559821997340352,1.0711332730322933,1.2199792257145319,1.2285967521305903,1.1813772941844143,1.1813772941844143
2022-12-09,1.2823149712101571,1.0611225211731417,1.1099057532789984,1.217702091717606,1.1530732230092557,1.2740900290928676,1.0865760862606524,1.228773608168852,1.237453255169848,1.1898934094828715,1.1898934094828715
2022-12-12,1.292021879784941,1.0691550401181176,1.1183075530829407,1.2269198916661403,1.1574375081525614,1.28373467623972,1.090634356531325,1.2334244129014622,1.2421369116361554,1.19439705593437,1.19439705593437
2022-12-13,1.2837610418616252,1.0623191523986448,1.1111573975097426,1.2190752982203752,1.153737337199262,1.2755268244510785,1.0836066041630827,1.2294813221051453,1.2381659681613815,1.1905787303125153,1.1905787303125153
2022-12-14,1.2523581395234067,1.0363330821667445,1.083976663635947,1.1892547153512811,1.1396261826531304,1.2443253445869367,1.0570998079183267,1.2144437564579034,1.2230221821650822,1.1760169752916014,1.1760169752916014
2022-12-15,1.2375727146985223,1.0240980637671768,1.0711791618939792,1.1752142938164658,1.132898930791095,1.2296347554818985,1.0446196161511985,1.2072748539297529,1.2158026409001332,1.1690749073510445,1.1690749073510445
2022-12-16,1.227078526118081,1.015414066391996,1.0620959330906576,1.1652488830771506,1.128095635242842,1.2192078780501063,1.0357616031096057,1.2021562173296199,1.2106478479580018,1.1641182319182832,1.1641182319182832
2022-12-19,1.228757727864056,1.016803614849475,1.0635493635820876,1.1668434737388818,1.128867509299802,1.2208763091683699,1.037178996255469,1.2029787656735556,1.2114762065091385,1.1649147536265323,1.1649147536265323
2022-12-20,1.2471306784073706,1.024354632262079,1.071447525671884,1.184290653885663,1.1373071823321634,1.2391314131153837,1.0526873735137683,1.2119725114971518,1.2205334811540298,1.1736239241449398,1.1736239241449398
2022-12-21,1.229339013728006,1.017047870250084,1.0638048481929558,1.1673954699553415,1.1291947253235175,1.2214538665859616,1.0376696523671154,1.2033274637493483,1.211827367671856,1.1652524183839188,1.1652524183839188
2022-12-22,1.2364102457621098,1.0199729305467227,1.0668643829659412,1.1706945647019773,1.1324423233519223,1.228479742778884,1.043638390692912,1.2067882697654924,1.2153126196676007,1.1686037194232088,1.1686037194232088
2022-12-23,1.2315345371175923,1.0179618299222795,1.0647608255454233,1.1683862832764669,1.1302094646206438,1.2236353075907969,1.0395228661405291,1.2044088216740658,1.2129163639483462,1.166299560558327,1.166299560558327
2022-12-27,1.2162292957385088,1.011636326636712,1.0581445184282448,1.1538074152452005,1.123186466830655,1.2084282361054293,1.0266039037356296,1.196924757208459,1.2053794345471138,1.15905230286613,1.15905230286613
2022-12-28,1.2381216212437907,1.020741135998441,1.0676679053053033,1.1641340856168827,1.1332952365425593,1.2301801412661495,1.0450829412858034,1.2076971775415124,1.216227947665051,1.1694838680244843,1.1694838680244843
2022-12-29,1.2348604584993732,1.0193968403705735,1.0662618080623303,1.1610095963726794,1.1318027094190422,1.2269398960618139,1.0423302346902075,1.2061066645521745,1.214626199822355,1.167943681198263,1.167943681198263
2022-12-30,1.2296617789999431,1.0172510442932343,1.064017362803578,1.1561218240371405,1.1294203027663883,1.2217745615976747,1.0379420944874633,1.2035678505720293,1.212069452506889,1.1654851990150563,1.1654851990150563
2023-01-03,1.2391549840714282,1.0211777227252954,1.0681245633351462,1.1650472877301976,1.1337799643941489,1.2312068759644785,1.0459551898959503,1.2082137282507757,1.2167481471162669,1.1699840743118997,1.1699840743118997
2023-01-04,1.2250121088372692,1.0153502074789966,1.0620291383770204,1.1517502275205656,1.1273098663089478,1.217154715049956,1.0340173661843306,1.201318861896486,1.2098045777253263,1.1633073716388496,1.1633073716388496
2023-01-05,1.2531043029339128,1.0269923026463827,1.0863306767447611,1.178162367212043,1.1402357008141557,1.2450667220041425,1.0577296351003673,1.2150932900825009,1.2236763038785994,1.1766459567199201,1.1766459567199201
2023-01-06,1.2523937053782122,1.0267011145073446,1.0859683475731212,1.1774942669618091,1.1399124042218354,1.2443606823175268,1.0571298286105686,1.2147487687526086,1.2233293489649226,1.1763123365500696,1.1763123365500696
2023-01-09,1.2611764156854848,1.0303011080326028,1.089776153919737,1.1857517270486728,1.1439093583661086,1.2530870591298844,1.0645432042942635,1.2190081268467345,1.2276187937442296,1.1804369223086948,1.1804369223086948
2023-01-10,1.2771277015658815,1.0368167022479389,1.0966678665939564,1.200749045858387,1.15114340784944,1.268936031299525,1.0780074847648922,1.2267170987558271,1.2353822192601271,1.187901971043089,1.187901971043089
2023-01-11,1.281777577311531,1.038704167702864,1.0986642876674544,1.2051208356630423,1.1532389985273968,1.2735560821115823,1.0819323865980377,1.2289502670119399,1.2376311618720919,1.190064478581133,1.190064478581133
2023-01-12,1.2867502183291175,1.0407189879965262,1.1028716096197368,1.209796087754076,1.1576553136922718,1.278496827935353,1.0861297305515316,1.231334116056614,1.24003184963146,1.1923728991466485,1.1923728991466485
2023-01-13,1.284393106720587,1.0397657762648,1.1008513329283296,1.2075799432671508,1.155534682399802,1.2761548351603225,1.0841401221879305,1.2302063167768496,1.2388960839536778,1.1912807850897629,1.1912807850897629
2023-01-17,1.2641151215324293,1.0315578705621273,1.0834711033812547,1.188514683515321,1.1463551208120037,1.2560069157190152,1.0670237290645308,1.2204950744245477,1.2291162446238704,1.1818768206848673,1.1818768206848673
2023-01-18,1.2549124052056873,1.0278030169512105,1.075583469539368,1.1798623358800044,1.1421824071062487,1.2468632268627533,1.0592558315643572,1.2160524925121903,1.2246422817943807,1.1775748085782762,1.1775748085782762
2023-01-19,1.2782904788767577,1.037376615295589,1.0956207801006224,1.2018422832416715,1.1528214064293745,1.2700913503990479,1.078988970518198,1.227379563883829,1.2360493638208767,1.1885434748030825,1.1885434748030825
2023-01-20,1.2936279967830349,1.0436000765023994,1.1087665428290192,1.216262540487065,1.159737447523331,1.2853304913855867,1.0919351771351324,1.2347428965339353,1.2434647085973252,1.1956738208114481,1.1956738208114481
2023-01-23,1.2922394893647788,1.0430400057357185,1.1075764552817022,1.214957072791396,1.1591150491007862,1.2839508900422039,1.0907631554275958,1.2340802447995343,1.242797376112051,1.195032136349555,1.195032136349555
2023-01-24,1.292723740064172,1.0433787200233213,1.1079915058025351,1.215412362865004,1.1593322310851721,1.284432034691943,1.0911719053731248,1.2343114729219409,1.2430302375528053,1.1952560480751242,1.1952560480751242
2023-01-25,1.3069313739356943,1.0548459364006526,1.12016884668313,1.2287703088199924,1.1657030307248135,1.2985485388731468,1.1031643910388271,1.241094300894847,1.2498609771605984,1.2018242574254572,1.2018242574254572
2023-01-26,1.30993442725405,1.0572697504224422,1.1227427590087793,1.2315937644558357,1.1683232858734414,1.3015323302002813,1.1056992307031508,1.2425201876831757,1.2512969359377004,1.2032050270650572,1.2032050270650572
2023-01-27,1.2934987878827722,1.044004273941661,1.1086557980816862,1.2161410589284736,1.1536644298298342,1.2852021112487322,1.0918261135219869,1.2268682632141068,1.243446976139114,1.1956567698763352,1.1956567698763352
2023-01-30,1.3125176801359122,1.0593547365659164,1.1249568610336258,1.2340225258313064,1.1620881691240637,1.3040990137478499,1.1078797220810086,1.2358265166979245,1.2525884551583528,1.2044469084876117,1.2044469084876117
2023-01-31,1.3264666906239333,1.0706132137312394,1.1369125362147057,1.247137315381031,1.1682633164399605,1.3179585533910059,1.1196539069904063,1.2488986871492815,1.2592445062586963,1.210847143247504,1.210847143247504
2023-02-01,1.3457760716218166,1.0861981346278062,1.1534625766176902,1.2652918983416044,1.1852113171120757,1.3371440814006654,1.1359527134577416,1.2670789104058326,1.2684099199523502,1.2196602966362888,1.2196602966362888
2023-02-02,1.3314717109602012,1.0746528484577484,1.141202331355838,1.2518430103447427,1.1726136119680333,1.322931470848117,1.1238785819209414,1.253611028115929,1.2616689051043513,1.2131783635957076,1.2131783635957076
2023-02-03,1.3233344284053148,1.0680851130681561,1.134227879141723,1.2441923781865958,1.1654471898730352,1.3148463819270166,1.1170100037129367,1.2497176288696645,1.2578135635724816,1.2057033713103293,1.2057033713103293
2023-02-06,1.340641842385286,1.0820542132600035,1.1490620367292246,1.2604647218193006,1.173010149363163,1.3320427838066995,1.1316189749140606,1.257889932067043,1.2660388086757188,1.2214723310958473,1.2214723310958473
2023-02-07,1.32598243992454,1.070222366979343,1.1364974856938728,1.2466820253074227,1.1601250844276179,1.3174774087412664,1.1192451570448771,1.2440724953933264,1.2591169851727766,1.2081160013662449,1.2081160013662449
2023-02-08,1.3144871650436547,1.0609443404220689,1.1266449034830335,1.2358742256424566,1.1550383702734395,1.3060558661123165,1.1095421396051721,1.2386177032712653,1.2536591844448213,1.1976425402512612,1.1976425402512612
2023-02-09,1.317554874207886,1.0634203392468606,1.1292742322335614,1.238758470379616,1.156386166542492,1.309103898573963,1.112131554458572,1.2400630269611235,1.2551220598045878,1.1989801685351167,1.1989801685351167
2023-02-10,1.33302139543145,1.0759036244355853,1.142530563504443,1.2533000158955208,1.1631734630481567,1.3244712154330178,1.1251866511586393,1.2473414566874688,1.262488877064401,1.2060174664064596,1.2060174664064596
2023-02-13,1.332408038623282,1.075408574007106,1.142004856338701,1.2527233409073613,1.1629058603055877,1.3238617927785932,1.1246689243649708,1.246705156310044,1.2621984255567815,1.2054022464400735,1.2054022464400735
2023-02-14,1.3367350463055065,1.0789009735021338,1.1457135278892128,1.2567915717815978,1.1666242627707542,1.328161046446768,1.1283212973127614,1.250753843072994,1.2642479262073174,1.2093168016133569,1.2093168016133569
2023-02-15,1.3183297164435104,1.0640457272357788,1.1299383483078635,1.239486973155005,1.1505611660182236,1.3098737708664132,1.1127855890774208,1.233532377142597,1.2555442941100288,1.192665876882338,1.192665876882338
2023-02-16,1.315036174380411,1.0613874549416777,1.1271154585311691,1.2363904014614209,1.1490664324000448,1.306601354028737,1.1100055515047835,1.2319298527678104,1.2539759505108679,1.1911164435848451,1.1911164435848451
2023-02-17,1.2886553557654483,1.0400950597403018,1.1045044999515385,1.2115872883960312,1.1375407748857296,1.280389745561816,1.0877378331816383,1.207154625863037,1.2413980029446958,1.1791690053851636,1.1791690053851636
2023-02-21,1.2868793244378922,1.0386615954696026,1.102982266264646,1.2099174726686275,1.1367568926617002,1.2786251059400386,1.0862387073996707,1.2062624148270007,1.2405425524422278,1.178356437042248,1.178356437042248
2023-02-22,1.2937250319475917,1.0441868792698132,1.1088497115175497,1.2163537724610591,1.1397804493577395,1.2854269041534394,1.0920170833012497,1.2094708429659238,1.2438421592142401,1.1814906405984698,1.1814906405984698
2023-02-23,1.2799048191938818,1.0330323568869413,1.097004428674106,1.2033600778937652,1.1336925991911049,1.2716953361184609,1.080351614944972,1.2030107591164079,1.2371984896369048,1.1751800059518607,1.1751800059518607
2023-02-24,1.2842638978203242,1.0365506413716934,1.1007405881809964,1.207458461708559,1.13562315492618,1.2760264550234681,1.0840310585747843,1.2050593561717529,1.2393053046953244,1.1771812102482058,1.1771812102482058
2023-02-27,1.2795172952845815,1.0327195799277713,1.0966722825345303,1.2029957298620304,1.1335245396197895,1.271310297840066,1.0800245108705406,1.2028324237611192,1.2370150862628784,1.175005796251489,1.175005796251489
2023-02-28,1.2746092073213824,1.0287581809234099,1.092465567979504,1.1983811702282723,1.1313505017347991,1.2664336910186382,1.0758816553411163,1.2005254571563833,1.2346425591866297,1.1727521995918253,1.1727521995918253
2023-03-01,1.2845220072463857,1.0367589657601484,1.1009618133683898,1.2077011348936215,1.1357498309975766,1.2762829089006693,1.0842489255060561,1.205193777686828,1.2394435462647913,1.1773125220221772,1.1773125220221772
2023-03-02,1.3051232716639196,1.0533865871402288,1.1186191250398585,1.2270703401520309,1.1448574533071034,1.2967520340145364,1.1016381945748366,1.2148582737205385,1.2493826925321037,1.1867534371763853,1.1867534371763853
2023-03-03,1.3060273227998065,1.0541162617704407,1.119393985861494,1.2279203244860113,1.145593246390169,1.2976502864438413,1.1024012928068312,1.2156390559149737,1.2498154125160563,1.1875161565593586,1.1875161565593586
2023-03-06,1.286007755412174,1.0379581376879576,1.1022352458090858,1.2090980278513648,1.1280329084136562,1.2777591272762432,1.085503026909723,1.1970050139052277,1.240236453700965,1.1693131991593728,1.1693131991593728
2023-03-07,1.2881064492201793,1.0396520281854034,1.1040340330058265,1.2110712092211067,1.128896950548668,1.2798443597775646,1.0872745080470325,1.1989584601424388,1.241248452483589,1.171221453880518,1.171221453880518
2023-03-08,1.2643410572227844,1.0204705870819366,1.0836647525098453,1.1887271071157854,1.1184829515462196,1.2562314022272143,1.0672144385487736,1.176837836640299,1.229798018376497,1.160358453087768,1.160358453087768
2023-03-09,1.2460974183712203,1.0057458443054423,1.0680281580419053,1.1715745295645024,1.1104134520575049,1.2381047805492242,1.0594614643867728,1.1682884832856495,1.220925416012024,1.1519868351467226,1.1519868351467226
2023-03-10,1.2443213870436642,1.0043123800347429,1.0665059243550128,1.1699047138370986,1.1096221298669928,1.2363401409274468,1.0587064524898904,1.167455917181528,1.220055338859356,1.151165886207262,1.151165886207262
2023-03-13,1.264889963768053,1.020913618636835,1.0841352194555571,1.1892431862907094,1.1187931318890163,1.2567767880114653,1.0674566375800867,1.177104914158885,1.2301390688774305,1.1606802464438921,1.1606802464438921
2023-03-14,1.256979130860962,1.014528654504816,1.0773548568821545,1.1818054609532287,1.115294572418432,1.248916696259411,1.0641186116104973,1.1734240088798649,1.2262923213716694,1.1570507024712187,1.1570507024712187
2023-03-15,1.2790329417937,1.0323286502111642,1.0962571439112734,1.2025403431443817,1.1250785437790298,1.2708290510581572,1.0734536395732892,1.1837179233134512,1.2370500254336596,1.167200981344351,1.167200981344351
2023-03-16,1.2640774998478654,1.0202578655638168,1.0834388578939647,1.1884793117965897,1.1185008997261743,1.2559695353450382,1.060848317075576,1.1767974507814725,1.2298177528177874,1.160377073239554,1.160377073239554
2023-03-17,1.2762325932894394,1.0300684425987863,1.0938569695663252,1.1999074695559073,1.1238785300345582,1.268046664368952,1.0658957176400545,1.1824553645477471,1.2357305824122566,1.1659560396219095,1.1659560396219095
2023-03-20,1.2929900728092634,1.0435936815886286,1.108219779183872,1.2156627675732858,1.131257032804685,1.2846966591426905,1.0798380892809194,1.1902184367568038,1.2438434178137647,1.1736107902362234,1.1736107902362234
2023-03-21,1.27094911081251,1.0258040564711124,1.0893285049577894,1.1949399658871638,1.1216150433598493,1.2627970708651113,1.0614306236792879,1.1800739043725006,1.2332418261703038,1.1636078090182878,1.1636078090182878
2023-03-22,1.2743849162948322,1.0271393139951126,1.0907464502984976,1.1981702929324507,1.12313109584466,1.2662108386251478,1.0643000297986334,1.1816689738979815,1.2349087611369902,1.1651806218301801,1.1651806218301801
2023-03-23,1.2827475177911474,1.0305093934170793,1.0943252269227088,1.2060327688268209,1.1268161276049133,1.2745198012614314,1.0712840398162653,1.1855460704497827,1.2389605392621275,1.169003619531661,1.169003619531661
2023-03-24,1.2851461571607805,1.031472880138957,1.0953483789990424,1.2082879575060064,1.127869657426068,1.2769030554328735,1.073287258718133,1.1866545105128714,1.2401189198029892,1.1700965930382015,1.1700965930382015
2023-03-27,1.2822613140534842,1.030315176241991,1.0941189825589424,1.2055756425164483,1.1266037597734841,1.2740367161004749,1.0708779877311643,1.1853226339530263,1.23872703589232,1.1687833007435902,1.1687833007435902
2023-03-28,1.3008988498865968,1.0378029386060863,1.102070435792242,1.2230985600299613,1.1347912944485037,1.292554708251358,1.086443088737088,1.1939369050153978,1.2477294206893417,1.1772773730555324,1.1772773730555324
2023-03-29,1.3085160075128206,1.0408412642103444,1.1052969142480276,1.2302601733444536,1.1381135681838652,1.300123008395621,1.0928045427883029,1.1974323365018893,1.2513823379292548,1.1807240312338882,1.1807240312338882
2023-03-30,1.326959061850868,1.0481764025972262,1.1130862920363436,1.2476002403338176,1.1540979568116536,1.3184477664821215,1.1082072229601863,1.2058710218222992,1.2602012260145334,1.1890449678297181,1.1890449678297181
2023-03-31,1.332015375139587,1.0501734153257054,1.1152069727610616,1.252354160673613,1.1584955912250097,1.323471647891731,1.112429992953024,1.2081684784083435,1.2626021939074952,1.1913103669835305,1.1913103669835305
2023-04-03,1.3246253867015736,1.0472602472264436,1.1121134023757226,1.2454061306880688,1.1520682862671032,1.3161290598416993,1.1062582587978076,1.2048170339531044,1.259099750996951,1.1880056867214235,1.1880056867214235
2023-04-04,1.321156996317594,1.045889177561212,1.1106574271734433,1.2421451674820232,1.149051718257844,1.3126829161839833,1.1033616394626107,1.203239691461797,1.2574513417513367,1.186450353590523,1.186450353590523
2023-04-05,1.3263106531453335,1.0479291144937724,1.1149344204505938,1.2469906097279335,1.1512354142446333,1.3178035167579534,1.1076657057185755,1.2055865300542556,1.2599039165441244,1.1887644457016797,1.1887644457016797
2023-04-06,1.3276717152363262,1.048952104553569,1.1160785679171163,1.2482702734648563,1.152359252077717,1.3191558488121238,1.108802394018538,1.2062051174566781,1.2605503742405302,1.1893744016793113,1.1893744016793113
2023-04-10,1.3280285044907507,1.049233992640071,1.1163784951020947,1.248605724928557,1.152668929081196,1.3195103495718872,1.1091003658551948,1.2063671910399298,1.2607197500067788,1.189534213777866,1.189534213777866
2023-04-11,1.3226155047390948,1.0449573499909228,1.1118281737074054,1.243516449769101,1.1502621756400433,1.3141320695346836,1.104579709871807,1.203908634885667,1.2581504242465946,1.1871099629496675,1.1871099629496675
2023-04-12,1.3401835979323249,1.0588373536970737,1.126596412020477,1.2600338826878745,1.157901551190188,1.3315874785958013,1.1192516679827222,1.2119042991652786,1.266506331093697,1.194994060174063,1.194994060174063
2023-04-13,1.3369096890434105,1.0562507401692467,1.1238442711845322,1.2569557700059781,1.1550150405507174,1.3283345690024682,1.1165174694815658,1.2088831661078396,1.2649593690425156,1.193534446102588,1.193534446102588
2023-04-14,1.341706967782677,1.0600409208079808,1.1278770000012839,1.261466147364349,1.159159620504754,1.3331010773453524,1.120523907285301,1.2132210428982875,1.2672289175157132,1.1956758463294674,1.1956758463294674
2023-04-17,1.3425820317189825,1.0607322815917293,1.128612603609962,1.2622888780789796,1.1599156267003554,1.3339705285029049,1.1212547151923762,1.2140123080604277,1.2676421621180698,1.1963958846874103,1.1963958846874103
2023-04-18,1.3423551709052357,1.0605530459227839,1.1284218979639673,1.2620755846821523,1.1597196316723168,1.3337451228051815,1.1210652528346978,1.2138071721256405,1.2675350631380284,1.1962349852803287,1.1962349852803287
2023-04-19,1.3350297355216096,1.0547654473965489,1.1222639288376375,1.2551882471538836,1.15339086607505,1.3264666737574924,1.1149474300345437,1.2071832426319342,1.2640764977736783,1.1896471381211855,1.1896471381211855
2023-04-20,1.3360671072172743,1.0555850424898872,1.1231359729605999,1.2561635788080656,1.1542870970777528,1.3274973916104253,1.1153248621178875,1.2081212724705712,1.2645676168645326,1.1900498575550258,1.1900498575550258
2023-04-21,1.3374609597929,1.0566862820326606,1.1243076850402045,1.2574740719938273,1.1554913075807898,1.3288823038266135,1.115906643685342,1.2093816454998934,1.2652272472155448,1.1912318750802036,1.1912318750802036
2023-04-24,1.3162300975121133,1.0399124384572145,1.1064604189592455,1.2375129219888994,1.1371490325122953,1.3077876191755669,1.1070496897320965,1.190183914925017,1.2551851352410421,1.17232225405603,1.17232225405603
2023-04-25,1.3106550983755618,1.0355078051355435,1.101773916278608,1.2322713358220128,1.1323325457244842,1.3022483788394907,1.1047051904397456,1.1876038455663531,1.252526916112636,1.1673567882408387,1.1673567882408387
2023-04-26,1.3367476896585146,1.0561227494967238,1.1237080898985838,1.2568034589985473,1.1548750821618685,1.3281736087035951,1.1157014552305462,1.199425285770886,1.2649946022848144,1.190596589157724,1.190596589157724
2023-04-27,1.348157030855534,1.0651369149134005,1.1332991062905995,1.2675304642458662,1.1647321134881665,1.3395097688389808,1.1251683487269828,1.2096025884750217,1.270393061224191,1.2007585088818402,1.2007585088818402
2023-04-28,1.3467957631815655,1.064061419687372,1.1321547860051862,1.2662506072208628,1.1635560545138508,1.3381572325204718,1.1240322382696406,1.2083812226664743,1.2697516874940176,1.1995460731603529,1.1995460731603529
2023-05-01,1.3316589970511141,1.0521023318296887,1.1194303903041274,1.2520190957860735,1.150478736958856,1.3231175556606452,1.1113991326578572,1.1948001107681698,1.255417339499495,1.186064260350639,1.186064260350639
2023-05-02,1.3225181612000747,1.0448804418901114,1.1117463439626132,1.243424927862986,1.1425815671068593,1.314035350370323,1.1037702148499875,1.186598708073095,1.2510458214794105,1.1779228226878005,1.1779228226878005
2023-05-03,1.313150978492728,1.037479722343367,1.1038720240223314,1.2346179497632728,1.1344888462572456,1.3047282500431245,1.09595238854502,1.1823371345599032,1.2466153436497425,1.169579785428291,1.169579785428291
2023-05-04,1.3374609597929006,1.056686282032661,1.124307685040205,1.2574740719938275,1.1449333524767047,1.328882303826614,1.1060421144829637,1.1932812659288043,1.2581544568929959,1.1803473512649758,1.1803473512649758
2023-05-05,1.3378174406728616,1.0569679264820961,1.1246073529968472,1.2578092335254074,1.1451812712391436,1.3292364981898694,1.1062816119101588,1.19353965373282,1.2583221283321642,1.1806029384167875,1.1806029384167875
2023-05-08,1.3319506165022243,1.0523327312827013,1.1196755339007232,1.252293274928257,1.1401592279037782,1.32340730462505,1.101430157965126,1.1883055410084322,1.255563024416897,1.1754255579727524,1.1754255579727524
2023-05-09,1.3381738187613343,1.0572494897191753,1.124906934544044,1.258144298412947,1.1454863334247538,1.3295905904209553,1.1065763117056457,1.1938575979959025,1.2584961746978456,1.18091743649825,1.18091743649825
2023-05-10,1.335840246403528,1.0554058068209422,1.1229452673146054,1.2559502854112385,1.1434887788421964,1.3272719859127025,1.10464661030468,1.191775691257943,1.257398861387532,1.1788580954410361,1.1788580954410361
2023-05-11,1.3340899129479413,1.0540229228287339,1.1214738872783585,1.254304630693897,1.1419904809199082,1.3255328793332588,1.1031992067518808,1.1902141236456631,1.2565750850040804,1.1773134535803085,1.1773134535803085
2023-05-12,1.338692401817679,1.0576592060534888,1.12534287019608,1.258631867595998,1.145930244219794,1.3301058472152523,1.107005143683792,1.1943202541272129,1.2587426198855718,1.1813750779233951,1.1813750779233951
2023-05-15,1.329746664210632,1.0505914571649575,1.1178228289819323,1.2502211300613013,1.138272629022419,1.321217488782329,1.0996076433083508,1.1863392753768316,1.2545368810702122,1.1734806045938553,1.1734806045938553
2023-05-16,1.345888217135091,1.0633443957992343,1.1313918770117624,1.2653973369895142,1.1520899134558682,1.3372555075974095,1.1129555805119669,1.200740032088808,1.2621511785926283,1.18772527223972,1.18772527223972
2023-05-17,1.3588534102926317,1.0735877914312073,1.1422907867693308,1.277587146430026,1.1631882112733536,1.3501375402478561,1.1236768899739191,1.2123069856068063,1.2682304478871111,1.1991668521396166,1.1991668521396166
2023-05-18,1.356876421606274,1.0720258341947648,1.14062887390598,1.2757283916039375,1.1614958948569,1.348173232235028,1.1220420583712067,1.2105432065436763,1.2663218945501724,1.1974221905876214,1.1974221905876214
2023-05-19,1.3574271783983245,1.0724609699964005,1.1410918557144256,1.276246210371586,1.1619673465991847,1.3487204563983273,1.1224974957822884,1.2110345666133613,1.2668358952161431,1.19790822483062,1.19790822483062
2023-05-22,1.3421930687288526,1.0604249740379055,1.1282856302685742,1.2619231770306818,1.1489268400643708,1.3335840603741398,1.1098999507893907,1.1974433893517729,1.252618471793313,1.1844643616448507,1.1844643616448507
2023-05-23,1.3324690967670811,1.052742366404659,1.1201113831433138,1.2527807474672679,1.1406030507085718,1.3239224592871779,1.1018589049418892,1.1887681054338692,1.2480183316311864,1.1758831086860195,1.1758831086860195
2023-05-24,1.3440082636132902,1.0618591030265363,1.1298115346648676,1.2636298141374198,1.1454848251179413,1.335387612352434,1.1114009902149768,1.199062823370169,1.2534222437334483,1.1860662427006756,1.1860662427006756
2023-05-25,1.3614140490471607,1.0756108724230973,1.144443332463655,1.279994646116642,1.1529022136949114,1.352681754718171,1.1185421047731432,1.2145914706191099,1.2615385623689497,1.2014265757356108,1.2014265757356108
2023-05-26,1.361932837686481,1.076020751182122,1.1448794409345815,1.2804824085877733,1.1532839004473954,1.3531972157768068,1.1189124160609663,1.215054310162167,1.2617789271112847,1.2018843985845122,1.2018843985845122
2023-05-30,1.3543804386976204,1.070053835774586,1.1385306797528116,1.2733816810186371,1.1468885335668935,1.3456932588992252,1.1127076512107132,1.2083164045257422,1.2582804220346802,1.1952195247629687,1.1952195247629687
2023-05-31,1.3672484938991165,1.0802204857304587,1.1493479325844784,1.2854801618411145,1.1577851949023845,1.35847877664965,1.123279557796041,1.2197966959933761,1.2642579234320255,1.2065753819380365,1.2065753819380365
2023-06-01,1.3870204365924508,1.0958416823419974,1.1659687894068955,1.3040696429828036,1.1745280639762559,1.378123899421319,1.1395234367576483,1.2374363207421448,1.2824772943699057,1.2240238116955513,1.2240238116955513
2023-06-02,1.3843625570903892,1.0937417744616513,1.1637345003772244,1.301570718034113,1.1722773732268768,1.375483067918813,1.1373398236653152,1.2350650819736035,1.2800197457840035,1.2216782746628503,1.2216782746628503
2023-06-05,1.3873770202638998,1.096123408003788,1.1662685437729832,1.3044049011584238,1.1748300188128418,1.3784781959167438,1.1398163923912217,1.2377544484169745,1.282807001452881,1.2243384912007702,1.2243384912007702
2023-06-06,1.3825795359416575,1.0923330649403427,1.1622356421373405,1.2998943305119723,1.1707675120001788,1.3737114833095208,1.1358749610478573,1.233474351893582,1.278371115325286,1.2201047864248786,1.2201047864248786
2023-06-07,1.3909424458124362,1.0989403397722717,1.1692657417960781,1.3077570963384633,1.1778492190036205,1.3820207523423123,1.1427456109285874,1.240935358341777,1.2861036921072724,1.2274849234054446,1.2274849234054446
2023-06-08,1.3934382231381144,1.1009121757677391,1.1713637631303557,1.3101036136356832,1.179962641728412,1.3845005214137764,1.1447960470148253,1.2431619769479643,1.2884113565565785,1.2296874078063413,1.2296874078063413
2023-06-09,1.4060792119428878,1.1108994276299549,1.181990137497137,1.3219886077732528,1.1906670233769563,1.3970604292021391,1.1551814044521094,1.2544396901412542,1.3000995629397045,1.240842882442629,1.240842882442629
2023-06-12,1.4153493594856776,1.1182234827129547,1.1897828869209626,1.330704353898972,1.198516978690489,1.406271116761485,1.1627974064290971,1.2627100926280903,1.3086709966586587,1.2490236424595342,1.2490236424595342
2023-06-13,1.4170348315124133,1.1195551217087405,1.1911997425971632,1.3322890262269174,1.1999442353798795,1.407945777942078,1.164182126384041,1.264213793834254,1.310229430512665,1.2505110451251644,1.2505110451251644
2023-06-14,1.434602924705643,1.133435125414891,1.2059679809102346,1.348806459145691,1.2148208860344953,1.4254011870031955,1.1786154060998109,1.2798872446572955,1.3264733733063585,1.2660146122156601,1.2660146122156601
2023-06-15,1.4297162173719227,1.1295742900267312,1.201860075875986,1.3442120014723045,1.2106828252298587,1.4205458236729893,1.1746006725108593,1.2755275474357906,1.3219549891251392,1.2617021695295554,1.2617021695295554
2023-06-16,1.4222986808151579,1.1237139252298232,1.1956246838865792,1.3372380708839737,1.2044016597750127,1.4131758642015757,1.1685067055249039,1.2689099599052687,1.3150965305449758,1.255156309692113,1.255156309692113
2023-06-20,1.415010969907583,1.1179561316381161,1.1894984270267106,1.330386201718476,1.1982304306011144,1.4059348976600328,1.1625193983732531,1.2624081968928529,1.3083581123354662,1.2487250189567438,1.2487250189567438
2023-06-21,1.4201188845232167,1.12199173601566,1.1937922851874567,1.335188637366476,1.202555809597833,1.4110100494186486,1.1667158674835219,1.2669652451539175,1.3130810308616157,1.2532326736045754,1.2532326736045754
2023-06-22,1.4093826219888226,1.1135093491038566,1.184767077843911,1.3250944572947005,1.1934643489991397,1.4003426507280714,1.157895360980257,1.2573868417947562,1.303153986844455,1.2437580900699605,1.2437580900699605
2023-06-23,1.4036245512123604,1.108960076576752,1.1799266799410186,1.3196807480921322,1.1885884181599868,1.3946215129984088,1.1531647482025478,1.2522497538844273,1.297829916026631,1.2386766827929825,1.2386766827929825
2023-06-26,1.4190126425306735,1.1211177286440281,1.192862346736077,1.3341485542053277,1.2016190445498838,1.4099109030122605,1.165807020977752,1.2659783065443708,1.3120581690492832,1.2522564323721843,1.2522564323721843
2023-06-27,1.4197285852437438,1.1216833727012123,1.1934641885232782,1.3348216799456545,1.2022253044048332,1.4106222535716817,1.1663952123838741,1.2666170379526118,1.3127201493989296,1.252888240603331,1.252888240603331
2023-06-28,1.4253241426778709,1.1261042484940158,1.1981679730929955,1.3400825949205908,1.20696361904432,1.416181920341625,1.1709923103571211,1.2716091388770931,1.3178939559047953,1.2578262324009921,1.2578262324009921
2023-06-29,1.4421438110478608,1.1393929450385931,1.2123070642341198,1.355896362582319,1.221206504012807,1.4328937050778112,1.1848107125957945,1.2866148792358987,1.3334458844952188,1.2726693263068531,1.2726693263068531
2023-06-30,1.4438031740366755,1.1407039560960408,1.213701971911189,1.3574564873240413,1.2226116515847307,1.434542424687393,1.186173982354449,1.2880952871502183,1.3349801772137173,1.2741336881554393,1.2741336881554393
2023-07-03,1.4416561682293676,1.1390076736233337,1.2118971378251489,1.3554378832553828,1.220793568370039,1.432409190066484,1.1844100837328162,1.2861798265724822,1.3329949965155026,1.2722389891570238,1.2722389891570238
2023-07-05,1.4303669902816778,1.1300884454504256,1.2024071340748044,1.3448238548911138,1.2112338993349103,1.4211924224370516,1.1751353228758499,1.2761081373202947,1.3225567116798569,1.26227646642997,1.26227646642997
2023-07-06,1.426755514146572,1.1272351305466055,1.1993712246201707,1.341428363181043,1.2081757035353708,1.4176041107996207,1.1721682709214067,1.2728861431642082,1.319217441384885,1.2590893953038949,1.2590893953038949
2023-07-07,1.4303669902816778,1.1300884454504256,1.2024071340748044,1.3448238548911138,1.21123389933491,1.4211924224370514,1.1751353228758497,1.2761081373202947,1.3225567116798567,1.2622764664299697,1.2622764664299697
2023-07-10,1.4394763719374266,1.1372854844091704,1.2100647391260266,1.3533884497378852,1.218947718192859,1.4302433752835568,1.182619245691434,1.284235111821131,1.3309794968321422,1.270315353069486,1.270315353069486
2023-07-11,1.4510581972511052,1.1464359241586475,1.2198007505674209,1.36427762368474,1.2287552008399103,1.441750913199087,1.1921344345359424,1.2945678876948925,1.3416883714819219,1.2805361325135642,1.2805361325135642
2023-07-12,1.4625750583444446,1.155535037699346,1.2294821512393233,1.375105718598158,1.2385076718246029,1.4531939035835975,1.2015962512385023,1.304842705456664,1.3523371784244542,1.290699582050667,1.290699582050667
2023-07-13,1.4616642229703576,1.1548154150158274,1.2287164771436465,1.3742493557575213,1.2377363769825775,1.4522889104311163,1.2008479434065356,1.3040300997124539,1.3514949949530664,1.2898957840985936,1.2898957840985936
2023-07-14,1.4667393471013583,1.1588251126519153,1.2329827706913108,1.3790209619566824,1.2420339890168082,1.4573314820277143,1.205017473097055,1.3085578937999036,1.3561875944940707,1.2943745016573032,1.2943745016573032
2023-07-17,1.4776381229780875,1.16743589629802,1.2421445913680316,1.38926793625609,1.2512630658151678,1.4681603516780108,1.2139714944047821,1.3182812841449125,1.36626490282319,1.303992500671235,1.303992500671235
2023-07-18,1.4809239556795957,1.1700319304591036,1.2449067556996425,1.3923572596466554,1.2540455069527574,1.471425108602987,1.2166710100527507,1.3212127540940632,1.3693030742312011,1.3068921965674072,1.3068921965674072
2023-07-19,1.4710988368937523,1.162269409867886,1.2366474816801099,1.3831197323476376,1.2457256023273982,1.4616630094613992,1.2085990647302276,1.3124472315967326,1.3602184988169503,1.2982216831205002,1.2982216831205002
2023-07-20,1.4710988368937523,1.162269409867886,1.2366474816801099,1.3831197323476376,1.2457256023273982,1.4616630094613992,1.2085990647302276,1.3124472315967326,1.3602184988169503,1.2982216831205002,1.2982216831205002
2023-07-21,1.4776706050882567,1.167461559402409,1.2421718967527773,1.3892984757728084,1.251290571646347,1.4681926254435207,1.2139981804757563,1.3183102632009074,1.3662949366768133,1.3040211656247227,1.3040211656247227
2023-07-24,1.481704759821517,1.1706488195127103,1.24556312184689,1.3930913677763788,1.2547066914262959,1.472200904561259,1.2173124891512295,1.3219093519084208,1.3700250272442542,1.3075812439936514,1.3075812439936514
2023-07-25,1.4819324429671668,1.170828704880501,1.245754518768448,1.3933054343255278,1.2548994933758597,1.472427127316337,1.2174995449968231,1.322112480418005,1.3702355493511411,1.3077821708037,1.3077821708037
2023-07-26,1.4721073241813234,1.1630661842892833,1.2374952447489154,1.3840679070265098,1.2465795887505005,1.4626650281747489,1.2094275996743,1.3133469579206745,1.36115097393689,1.2991116573567931,1.2991116573567931
2023-07-27,1.4865198214881865,1.1744530498889738,1.2496107994976957,1.3976184645537122,1.2587840827235526,1.476985081769438,1.2212683613747728,1.326205130136165,1.3744771658685886,1.3118304605007023,1.3118304605007023
2023-07-28,1.4893501851069075,1.1766892321021203,1.2519900835767457,1.400279558201939,1.2611808329182448,1.4797972910520891,1.223593680881962,1.328730251360274,1.3770941980189857,1.3143282120648987,1.3143282120648987
2023-07-31,1.485088141645022,1.173321924199317,1.2484072887421844,1.3962724063611391,1.257571737101193,1.4755625849149345,1.220092147461712,1.3249278507314297,1.373153395256977,1.310567025462165,1.310567025462165
2023-08-01,1.4644296223687396,1.1570002710201954,1.2310411504532046,1.3768493703723115,1.240078115514911,1.4550365721827474,1.2031198907717766,1.3064972628245735,1.3540519593962164,1.2923362057558143,1.2923362057558143
2023-08-02,1.4602327487101687,1.1536844517508817,1.227513139207026,1.3729034908530289,1.236524205447757,1.4508666178409515,1.2013357385876788,1.3027530037194657,1.350171414429136,1.2886325304838124,1.2886325304838124
2023-08-03,1.4536283956140068,1.1484665578996138,1.2219613323401672,1.3666941112670994,1.2309316432538593,1.4443046259611505,1.1986190328393385,1.2968609013534227,1.3440648476718084,1.282804292314224,1.282804292314224
2023-08-04,1.466316462920228,1.1584910050207224,1.232627282232941,1.3786233683751024,1.2416758909488594,1.4569113102830686,1.2038501355782056,1.3081806158367304,1.3557965841339203,1.294001312990693,1.294001312990693
2023-08-07,1.459939792969716,1.1534529965372453,1.2272668722876399,1.372628055338322,1.2362761307045256,1.4505755411583454,1.1985546782574634,1.3024916419802715,1.3499005394834798,1.2883740016311536,1.2883740016311536
2023-08-08,1.4501798439871874,1.1457419645795173,1.21906238185649,1.3634518003608214,1.2280114118290641,1.440878193812116,1.1905421337889213,1.2937842610066772,1.3408762218641572,1.2797609995149783,1.2797609995149783
2023-08-09,1.4507003800818015,1.1461532239485883,1.2194999592879885,1.3639412057806368,1.2284522014780896,1.4413953911176305,1.1909694739945969,1.2942486595495821,1.3413575238728592,1.2802203644658077,1.2802203644658077
2023-08-10,1.4498543033450777,1.1454847650491364,1.2187887231429129,1.363145728685356,1.2277357442108838,1.4405547412318307,1.1905626272159093,1.2934938285056148,1.3405752180210373,1.2794737149969535,1.2794737149969535
2023-08-11,1.4578576485912593,1.151807959060961,1.2255165625616464,1.37067043365906,1.234512972108423,1.448506751936287,1.197075127543426,1.3006340478086518,1.3479753314486718,1.2865365418278354,1.2865365418278354
2023-08-14,1.4408751585044706,1.1383906221450153,1.2112405988590107,1.354703581837579,1.2201322098089609,1.4316331898438734,1.1831304762900665,1.2854830453463784,1.3322728534147679,1.2715497603070227,1.2715497603070227
2023-08-15,1.4303016148953875,1.1300367943922245,1.202352177667531,1.344762389281516,1.211178539497473,1.4211274663773543,1.1787302491285736,1.2760498123848119,1.3224962637972468,1.2622187736754813,1.2622187736754813
2023-08-16,1.4194032501846099,1.1214263355955425,1.1931907026285917,1.3345158015582694,1.2019498108741917,1.4102990052557351,1.1742395067505862,1.2663267888632965,1.31241933564349,1.252601137509062,1.252601137509062
2023-08-17,1.420086299621559,1.1219659916989149,1.1937648933932652,1.335158001205717,1.2025282167228835,1.410977673520969,1.174522042257612,1.266936174392049,1.3130509019641503,1.2532039179392085,1.2532039179392085
2023-08-18,1.4293259180924494,1.129265926712283,1.2015319792118073,1.3438450440514826,1.2103523200368584,1.4201580278260222,1.1783429845337972,1.275179340234485,1.321594107662452,1.2613577365283104,1.2613577365283104
2023-08-21,1.4254542767015244,1.126207063336283,1.1982773674508698,1.3402049462755443,1.2070738164565757,1.4163112196680034,1.1767470848814228,1.2717252385128195,1.3180142814069697,1.2579410736386987,1.2579410736386987
2023-08-22,1.4413307303787457,1.138750555305308,1.2116235655210166,1.3551319082239577,1.2205179877956278,1.4320858396183678,1.183300283706627,1.2858894857772933,1.3326940877162223,1.2719517953508765,1.2719517953508765
2023-08-23,1.421355157747925,1.1229684770172033,1.1948315315872649,1.3363509752385372,1.2036026850142683,1.4122383930192453,1.1668416204627459,1.2680681916933163,1.3142241231322818,1.2543236653627943,1.2543236653627943
2023-08-24,1.431375374777761,1.130885138659467,1.2032548107341638,1.3457719329259454,1.2120877987142424,1.4221943390182317,1.1750675773692572,1.2770077719383628,1.3234890917559552,1.2631663499543841,1.2631663499543841
2023-08-25,1.440452377114828,1.1380565957261783,1.2108851968100856,1.354306084900039,1.2197741987847817,1.4312131202313965,1.1825192153769661,1.2851058590890778,1.331881938098458,1.2711766623522909,1.2711766623522909
2023-08-28,1.461273718107909,1.1545068892766681,1.2283882076605768,1.3738822050486195,1.2374056977020385,1.4519009103198108,1.1996122038057475,1.303681709099402,1.3511339234026987,1.289551169673593,1.289551169673593
2023-08-29,1.4672924680976296,1.1592621163377308,1.2334477399169999,1.3795410035372564,1.2425023715407824,1.4578810552309078,1.2045532123586649,1.3090513631046767,1.356699025400236,1.2948626222734982,1.2948626222734982
2023-08-30,1.4651453594988337,1.157565752652668,1.2316428194215143,1.3775223028245576,1.240684201282321,1.4557477184778294,1.2027905736099527,1.3071358108210671,1.3547137496581807,1.2929678325632046,1.2929678325632046
2023-08-31,1.4678780712040704,1.1597247831279358,1.2339400145274357,1.3800915846345487,1.2429982598959362,1.4584629021996116,1.205033955031559,1.3095738114654447,1.357240490160026,1.2953794078431813,1.2953794078431813
2023-09-01,1.4615339861552157,1.1547125189612035,1.2286069963763262,1.374126907758527,1.2376260925265512,1.4521595089725678,1.1998258672159225,1.3039139083708542,1.3513745744070496,1.2897808521490077,1.2897808521490077
2023-09-05,1.4517088673693723,1.146949998369986,1.2203477223567936,1.3648893804595092,1.229306187901192,1.44239740983098,1.1917600734818095,1.2951483858735235,1.3422899989927988,1.2811103387021008,1.2811103387021008
2023-09-06,1.447251828454982,1.1434286306284924,1.216601008804311,1.360698894874359,1.2255319700532945,1.437968958968596,1.188101129775176,1.2911720192028369,1.338168898065208,1.2771770716665622,1.2771770716665622
2023-09-07,1.4494315219554352,1.1451507386303,1.2184333210939882,1.3627482317478163,1.2273777331867046,1.4401346716193537,1.1898905186427766,1.2931166422483147,1.3401843027047275,1.2791006170422219,1.2791006170422219
2023-09-08,1.458963890583802,1.152681966432593,1.2264465010130257,1.3717105168202082,1.2354497371563717,1.4496058983426745,1.197715983233059,1.301620986418198,1.348998193261004,1.2875127830602264,1.2875127830602264
2023-09-11,1.4509606481291084,1.1463588536331242,1.2197187480037375,1.3641859084905446,1.2286725963026024,1.4416539897703877,1.1911458333701723,1.2944808588210346,1.3415981748772103,1.2804500469412228,1.2804500469412228
2023-09-12,1.4526523904366047,1.1476954465826055,1.2211408746561074,1.3657764761049451,1.230105162661936,1.4433348810133102,1.192534645536311,1.2959901540854757,1.3431624064054921,1.2819429830314188,1.2819429830314188
2023-09-13,1.465177841609003,1.1575914157570573,1.2316701248062605,1.377552842341276,1.2407117071135005,1.4557799922433396,1.202817239343608,1.3071647898770622,1.354743783511805,1.2929964975166928,1.2929964975166928
2023-09-14,1.447524842646786,1.14364433064513,1.2168305122912897,1.3609555814452576,1.2257631583052324,1.438240222010351,1.188325256954254,1.291415590002591,1.3384213345057916,1.277418002414865,1.277418002414865
2023-09-15,1.4483737975451705,1.1443150634905406,1.2175441679008365,1.3617537645736653,1.2264820527979858,1.4390837315968923,1.1890221945943158,1.2921729888110136,1.3392063015851499,1.2781671918163067,1.2781671918163067
2023-09-18,1.4453700246863994,1.1419418760333928,1.2150191110873991,1.3589296324295403,1.2239384597640546,1.4360992253445726,1.1865562893130603,1.2894931597784764,1.3364289304756929,1.275516409313712,1.275516409313712
2023-09-19,1.4320821690484096,1.1314435548169977,1.2038489620807244,1.3464364573466905,1.2126863116737017,1.4228965998145822,1.1756478102319603,1.277638341523871,1.3241426132037908,1.263790084828378,1.263790084828378
2023-09-20,1.408412475926229,1.1127428668911208,1.1839515454982386,1.32418233084284,1.1926428299020806,1.3993787273138831,1.1562165069943504,1.2565213217615927,1.3022569630770513,1.2429019513642074,1.2429019513642074
2023-09-21,1.405245264601732,1.1102405517884708,1.1812890976666175,1.3212045346747208,1.1899608372745571,1.39623183091232,1.1536164291924873,1.2536956803903472,1.2993284722610705,1.2401069369753925,1.2401069369753925
2023-09-22,1.4111546444483505,1.1149093689031093,1.1862566902731364,1.3267605039045338,1.1949648965424946,1.4021033071952442,1.1584676518574006,1.2589677593463229,1.3047924476122297,1.2453218721369717,1.2453218721369717
2023-09-25,1.3904232460071628,1.0985301361638238,1.168829287687369,1.3072689472911703,1.1774095609235984,1.3815048827549983,1.14144850050757,1.240472151975225,1.2856236256684972,1.2270267377090296,1.2270267377090296
2023-09-26,1.3909781144587283,1.098968520459686,1.1692957258736305,1.3077906318204284,1.1778794231916554,1.382056192205071,1.1416191838266454,1.240967180279846,1.2861366723199532,1.227516400427153,1.227516400427153
2023-09-27,1.3990421066827579,1.1053396297613507,1.1760745468651492,1.3153723567778786,1.1847080069132319,1.3900684608894351,1.1449283689696352,1.2481615060481899,1.2935928616135304,1.2346327472661291,1.2346327472661291
2023-09-28,1.3956468010466594,1.1026571044414872,1.1732203564741888,1.3121801074844492,1.1818328641610663,1.3866949332041167,1.1435390677736517,1.2451323693438665,1.2904534685153004,1.2316364432197529,1.2316364432197529
2023-09-29,1.3950917270121181,1.1022185577209138,1.1727537454690364,1.3116582296671104,1.1813628278054702,1.3861434194897053,1.1433116646643806,1.2446371576274986,1.289940231776163,1.231146599077873,1.231146599077873
2023-10-02,1.3764169806603936,1.0874642217937085,1.1570552230668039,1.2941003270110276,1.165549063927827,1.3675884554935225,1.135659459821799,1.227976401371417,1.2726730469947747,1.2228449561627195,1.2228449561627195
2023-10-03,1.3864400758518902,1.0953831573819308,1.165480921678174,1.303523990731563,1.1697345619373913,1.3775472611932507,1.1397944069456918,1.236918549380919,1.2772432282680297,1.2272973465256238,1.2272973465256238
2023-10-04,1.3859174839275183,1.0949702737657465,1.1650416160577677,1.3030326524309426,1.1692351662609928,1.3770280212443493,1.139579595154368,1.236452316720546,1.2770025121317259,1.2270660434591343,1.2270660434591343
2023-10-05,1.4023723453070294,1.1079707476600804,1.1788740400771727,1.3185034303938312,1.1831173798877028,1.3933773389115642,1.1463446531346038,1.25113259293465,1.2921003866846095,1.234350460418579,1.234350460418579
2023-10-06,1.4113505650242457,1.1150641596530007,1.1864213866760662,1.3269447074452463,1.1906918930499426,1.4022979711099974,1.1536264239850376,1.259142550741026,1.300372627082943,1.2421912587136796,1.2421912587136796
2023-10-09,1.4186965587054474,1.120868000650368,1.1925966376914758,1.3338513737815645,1.1968893717907774,1.4095968465915536,1.159630979218213,1.2656963109836608,1.3071409873603166,1.2486567885143482,1.2486567885143482
2023-10-10,1.4245079782641183,1.125459422390061,1.1974818820965298,1.3393152412410214,1.20179220056139,1.415370990917101,1.1643811860979834,1.270880994242285,1.3124954408220333,1.2537716726228012,1.2537716726228012
2023-10-11,1.4158233310362816,1.1185979528849106,1.1901813208736947,1.3311499795685544,1.1944653610755487,1.4067420481942896,1.1572824263898673,1.2631329484103435,1.3044936885920642,1.246127935383609,1.246127935383609
2023-10-12,1.408771423801899,1.1130264604370914,1.1842532872815703,1.3245198118313855,1.1885159896134871,1.3997353728492021,1.1515182550162333,1.2568415586715105,1.301179764624986,1.2429622832480511,1.2429622832480511
2023-10-13,1.4235937507709315,1.1247371196988054,1.196713356489155,1.3384556891470565,1.1947090233359463,1.4144626274030319,1.1575185036015823,1.2700653622042526,1.308024917639487,1.2495011699195162,1.2495011699195162
2023-10-16,1.423528478176129,1.1246855498529602,1.196658486491327,1.338394320181499,1.194594509786783,1.4143977734755038,1.157407554785192,1.2700071289746426,1.3079949307909235,1.2494725247447516,1.2494725247447516
2023-10-17,1.4045598509605615,1.1096990278009182,1.1807129194847,1.3205601122143473,1.1786764454295868,1.3955508136071912,1.141985009483302,1.2530841856265063,1.299280363916289,1.2411478656665071,1.2411478656665071
2023-10-18,1.392218807717416,1.0999487535925234,1.1703386878795916,1.308957125386221,1.1734393424560414,1.3832889274889495,1.1319510572986236,1.2420740701718016,1.293572356833111,1.2356952466589037,1.2356952466589037
2023-10-19,1.375111014806904,1.086432418815026,1.155957391063015,1.2928724644796776,1.1662296433941897,1.366290866282116,1.1249396678101253,1.234380570507318,1.2856245515481979,1.2281030426665571,1.2281030426665571
2023-10-20,1.3727275885774766,1.084549347924297,1.1539538152525581,1.2906315791184488,1.1652189532420234,1.3639227276717354,1.1239647608091954,1.2333108186846786,1.2845103901298247,1.2270387311408648,1.2270387311408648
2023-10-23,1.3830771495344736,1.0927262139541007,1.1626539502625142,1.3003621843108115,1.1696114870138998,1.3742059051412727,1.128201778372733,1.237960038822422,1.2893526176384598,1.2316643073477573,1.2316643073477573
2023-10-24,1.363226879727376,1.0770431335275477,1.1459672494427033,1.2816990604104532,1.1527664493089358,1.35448295765657,1.1201056610646407,1.2290762824863053,1.2801000617180525,1.2228257299694623,1.2228257299694623
2023-10-25,1.3469028719119338,1.0641460429619711,1.132244824647291,1.2663513103108004,1.1458068899608,1.3382636542409192,1.1133992889129278,1.221717474081246,1.2724357603010306,1.2155043452939571,1.2155043452939571
2023-10-26,1.3407976742809076,1.0593225163097968,1.1271126220472876,1.2606112341843148,1.143210051816015,1.332197616175411,1.1108758988293472,1.2189485934202535,1.2695519325390496,1.2127495459672406,1.2127495459672406
2023-10-27,1.3568279040239946,1.071987501962892,1.1405880886477509,1.2756827756169389,1.150044013466883,1.348125025851101,1.1175165711007409,1.2262353102651418,1.2771411495923592,1.2199992057091944,1.2199992057091944
2023-10-30,1.365349318369081,1.0787200062472515,1.1477514316712931,1.2836945665534922,1.153655378447207,1.3565917826890077,1.1244791400665533,1.2300859309416312,1.2811516246424965,1.223830243787676,1.223830243787676
2023-10-31,1.3799104521674157,1.090224304913229,1.15999193447812,1.2973848713628933,1.1659011627081024,1.3710595194005561,1.136471449281241,1.236645221513983,1.2879832171043644,1.230356176633758,1.230356176633758
2023-11-01,1.4063554126708142,1.1111176452296176,1.182222319676922,1.3222482903093975,1.1882447938837735,1.3973348583411422,1.158251081823539,1.260282777853296,1.3003248387117181,1.242145608493299,1.242145608493299
2023-11-02,1.4191862573536984,1.1212548963127407,1.1930082922893543,1.334311785989305,1.1990857123729441,1.4100834042462673,1.1688183535108838,1.2717809328953702,1.306256577549741,1.2534161822922867,1.2534161822922867
2023-11-03,1.4224510178001917,1.1238342819409135,1.1957527426846586,1.3373812973516193,1.2018441435411051,1.4133272240765296,1.1715071562736679,1.2747065954465728,1.3077590634938017,1.2547952192060796,1.2547952192060796
2023-11-06,1.426499460550267,1.1270328305686519,1.199155978691682,1.341187622876784,1.2052647163051249,1.4173496995658055,1.1748413868335448,1.27833454228638,1.3096200722853855,1.2565808577076711,1.2565808577076711
2023-11-07,1.4275441304415712,1.1278581917392423,1.2000341578852676,1.3421698162578237,1.2061473691171276,1.4183876688027615,1.1757017596958028,1.2792707064029971,1.3100996100266884,1.2574382618820699,1.2574382618820699
2023-11-08,1.4164110927639681,1.1190623251345846,1.1906754100824835,1.3317025901906914,1.19674094600293,1.4073260399385497,1.1665327738065407,1.269294013794669,1.3049910505051945,1.2476318347123105,1.2476318347123105
2023-11-09,1.438513935236424,1.1365250931231092,1.2092556874887588,1.3524835715890426,1.215415875015399,1.429287111782069,1.1847363096797943,1.289101120489512,1.3151731267981,1.267100906966225,1.267100906966225
2023-11-10,1.4371424912051556,1.1354415578738701,1.208102812668251,1.3511941468040547,1.2142571272226466,1.4279244643787956,1.1836068110348819,1.287872122984454,1.3138535142230385,1.265892883927096,1.265892883927096
2023-11-13,1.465024271126113,1.1574700844976988,1.2315410290948345,1.3774084561451445,1.2378147425571464,1.4556274067823525,1.2065697843100975,1.3128579315031883,1.3393433837078828,1.2904522766172137,1.2904522766172137
2023-11-14,1.4681256958983682,1.1599204236927254,1.2341481748814005,1.380324400127505,1.2404351696597489,1.458708938595541,1.2091240665102398,1.3156372234176394,1.3421787447531948,1.2931841362437013,1.2931841362437013
2023-11-15,1.469921463191597,1.1613392035461363,1.2356577478925137,1.3820127715106365,1.2419524327342042,1.460493187593831,1.2106030307829592,1.3172464713874614,1.3438204575154116,1.2947659202711022,1.2947659202711022
2023-11-16,1.471749918177971,1.1627838089286475,1.2371947991072636,1.3837318756985666,1.2434973139916976,1.4623099146219694,1.212108916099681,1.318885011907621,1.3454920537726702,1.2963764969327738,1.2963764969327738
2023-11-17,1.4830787736399818,1.171734385070841,1.2467181569035322,1.3943832086623715,1.2530691856552278,1.4735661052687654,1.2214391742808453,1.329037183473162,1.3558490341361178,1.306355408279534,1.306355408279534
2023-11-20,1.47984639251217,1.1691805813347014,1.2440009254835285,1.391344140172735,1.2503381121212083,1.4703544570718436,1.2187770385899506,1.3261405371274828,1.3528939511641278,1.3035081970302125,1.3035081970302125
2023-11-21,1.485560057365869,1.17369477012416,1.2488039945060085,1.3967160991499161,1.2551656489267948,1.4760314737043532,1.2234827185612784,1.3312607459656365,1.3581174545349242,1.3085410227407488,1.3085410227407488
2023-11-22,1.48647407927608,1.1744169103907043,1.2495723472944926,1.3975754579558006,1.2559379158562771,1.4769396329540836,1.224235491904897,1.3320798319958398,1.3589530647170438,1.3093461299858344,1.3093461299858344
2023-11-24,1.483797080557273,1.1723018970122052,1.2473219861079774,1.3950585572156238,1.2536760908850098,1.4742798048680812,1.2220307599899325,1.3296808826610906,1.3565057192410044,1.3081016586316647,1.3081016586316647
2023-11-27,1.4852660737105376,1.1734625027869674,1.2485568634921684,1.396439697194807,1.2549172589787156,1.4757393757000536,1.2232405984799972,1.3309972972424715,1.3578486910260552,1.3087491839589092,1.3087491839589092
2023-11-28,1.4842214038192336,1.172637141616377,1.2476786842985828,1.3954575038137673,1.254034606166713,1.4747014064630979,1.2223802256177394,1.3300611331258545,1.3568936408370222,1.3082889260657442,1.3082889260657442
2023-11-29,1.490065408279562,1.1772543076728148,1.2525913204978283,1.400952007433983,1.2589722683059237,1.4805079266863248,1.2271932511355934,1.3326131353590747,1.359497126883953,1.3108645681834403,1.3108645681834403
2023-11-30,1.498880600697004,1.1842189168696557,1.2600016217163197,1.4092400070375648,1.266420319063745,1.4892665772641922,1.234453297964435,1.3404302131227068,1.3635185036295143,1.3147420903839877,1.3147420903839877
2023-12-01,1.4910122206744063,1.1780023546808154,1.2533872378993947,1.4018421956887066,1.2597722402680764,1.4814486660980735,1.2279730301805858,1.3333936190766458,1.3562925315800707,1.3112912183151801,1.3112912183151801
2023-12-04,1.4907185453935388,1.1777703309806897,1.253140366113891,1.4015660836657182,1.259524110868894,1.481156874490282,1.2277311640714181,1.3331309889384353,1.356091146757142,1.3111620799313701,1.3111620799313701
2023-12-05,1.4847111024674844,1.1730240372787497,1.2480903388964615,1.3959179160215085,1.2544483578144925,1.4751879641178118,1.2227835333335513,1.3303781417751566,1.3533586926021155,1.3085201555431836,1.3085201555431836
2023-12-06,1.4960399579294952,1.1819746134209432,1.2576136966927298,1.4065692489853132,1.2640202294780227,1.4864441547646077,1.2321137915147156,1.3354537627673284,1.3585219883406818,1.3135123845655974,1.3135123845655974
2023-12-07,1.5024719297004858,1.1870563141517665,1.2630205949196553,1.412616556515747,1.2694546715133916,1.4928348709964334,1.2374110571951316,1.3411285485569933,1.3642947986687666,1.3163359971748705,1.3163359971748705
2023-12-08,1.5083158313693263,1.1916733989958488,1.2679331447094555,1.4181109634919222,1.27439224680297,1.4986412890874912,1.2422239980556147,1.3463449011610675,1.3696012569746598,1.3188959578565247,1.3188959578565247
2023-12-11,1.515204402929471,1.1971158450105215,1.2737238736928416,1.4245875638491372,1.2802124749045514,1.5054856764155047,1.2478973117783556,1.3524937414791223,1.3758563105061001,1.32190769750585,1.32190769750585
2023-12-12,1.5360995482108482,1.2136244490323762,1.2912889265251288,1.4442330744186156,1.2978670075883554,1.526246797401502,1.2651062081988227,1.3711450555630316,1.3948298017649312,1.3310224589646185,1.3310224589646185
2023-12-13,1.5410293251779894,1.2175193123975583,1.2954330371169993,1.448868025944866,1.3020322290988193,1.5311449541106597,1.269166291058316,1.3732766940337002,1.3993062042466793,1.3331582723201378,1.3331582723201378
2023-12-14,1.5384921228826967,1.215514747822759,1.2933001927762262,1.4464825610994263,1.2998885196273378,1.5286240257749533,1.2670766931680164,1.3721461896613154,1.3970023396444777,1.3320607941043587,1.3320607941043587
2023-12-15,1.5471461382471459,1.2223520160459223,1.3005750039843327,1.4546190228478995,1.3072003901618765,1.5372225331113025,1.2742039972390087,1.3760053495591738,1.4048604752381797,1.335807213864039,1.335807213864039
2023-12-18,1.5565542319666683,1.2297850581102203,1.3084837148838833,1.4634644652756315,1.3151493895982016,1.5465702820418967,1.2819523477842238,1.3843039471523035,1.4134033392166712,1.3398686916871634,1.3398686916871634
2023-12-19,1.5349847745248113,1.2127437010352244,1.2903518160897813,1.4431849698021268,1.2969251233271952,1.525139174025059,1.2641880990094903,1.365121393495326,1.3938175499474508,1.330585288600556,1.330585288600556
2023-12-20,1.5495392268764339,1.2242427208980837,1.3025867022826572,1.4568689927489116,1.30922233644902,1.5396002721456006,1.276174905495058,1.371525056432782,1.4003558240003695,1.3368934750086923,1.3368934750086923
2023-12-21,1.5526532950016978,1.2267030492128566,1.3052044764310071,1.4597968239482224,1.3118534460563824,1.5426943662156172,1.2787396005518425,1.3729032153032252,1.4017629530874913,1.3382368347911324,1.3382368347911324
2023-12-22,1.559209438890045,1.231882854469319,1.3107157572679742,1.4659608774792756,1.3173928024474435,1.5492084581080001,1.2841391323365197,1.3786317117537124,1.4047224546218584,1.3410622154713592,1.3410622154713592
2023-12-26,1.5620285982365871,1.2341101845356983,1.3130856227174756,1.4686114369271153,1.3197747404600373,1.5520095349841936,1.286460945395684,1.381124373982846,1.4071920546099603,1.34227458245194,1.34227458245194
2023-12-27,1.562618621377007,1.2345763434571968,1.3135816129340636,1.4691661737181385,1.3202732573488396,1.552595773636179,1.2869468787056673,1.3813161629693396,1.4073874634688865,1.3425280903151564,1.3425280903151564
2023-12-28,1.558094870786984,1.2310022688968787,1.3097788196515174,1.4649129661508675,1.316451091885548,1.5481010389958965,1.2832211924619292,1.3772482136705193,1.403242734695946,1.3405847939286926,1.3405847939286926
2023-12-29,1.5493752744532685,1.2241131871908033,1.3024488792172466,1.4567148455047163,1.3090838112856684,1.539437371335511,1.2760398769881895,1.3695406929670644,1.399246075388154,1.3368336236779776,1.3368336236779776
2024-01-02,1.5367219506699497,1.214116189845908,1.2918121357170174,1.444818254082317,1.2983928821112993,1.526865207686828,1.2656188085806952,1.3583560289877983,1.3877488533776152,1.3258492277000828,1.3258492277000828
2024-01-03,1.5317720265711843,1.2102054088590162,1.2876510888738488,1.4401643603241778,1.2942106380729252,1.5219470330724807,1.261542132876471,1.3539806380853265,1.3854444319753634,1.3215785442230485,1.3215785442230485
2024-01-04,1.53387020642175,1.211863115462784,1.2894148784733246,1.4421370584737185,1.2959834127652996,1.5240317549129552,1.2632701591348996,1.3558352841054957,1.3872729040269487,1.3233888067323045,1.3233888067323045
2024-01-05,1.555767363126962,1.2291633775276294,1.3078222505793573,1.4627246551475337,1.3144845556637452,1.5457884602856342,1.2813042956086276,1.3751908577115395,1.407077273422217,1.342281182346368,1.342281182346368
2024-01-08,1.553407167773795,1.22729866062928,1.3058382033035605,1.460505611339401,1.3124904012589045,1.5434434035455236,1.2793604777113232,1.373104608090282,1.4049426501353506,1.34024485873893,1.34024485873893
2024-01-09,1.5621925506597523,1.2342397182429787,1.3132234457828864,1.468765584171311,1.3199132656233892,1.5521724357942837,1.2865959739025523,1.3808702795605852,1.4128883834693478,1.3478246900215622,1.3478246900215622
2024-01-10,1.5615041560654332,1.233695839097112,1.312644761727052,1.4681183590337705,1.319331633636576,1.5514884566562444,1.286029023488448,1.3802617863018611,1.4122657811370387,1.347230758607468,1.347230758607468
2024-01-11,1.5625858308923735,1.2345504367157407,1.3135540483209813,1.4691353442692994,1.3202455523161691,1.552563193474161,1.2869198730042937,1.3812179121136503,1.4132440765443683,1.34816400338431,1.34816400338431
2024-01-12,1.556849037953902,1.230017975146258,1.3087315371732866,1.4637416403830625,1.3153984743433385,1.546863197103551,1.2821951451244733,1.3761469835233284,1.4080555688295464,1.3432144271232098,1.3432144271232098
2024-01-16,1.5481952281724285,1.2231808693478061,1.301456898784071,1.4556053719226698,1.308086777508064,1.53826489403154,1.275068010368223,1.3684976135867217,1.4002288337015152,1.335748114163713,1.335748114163713
2024-01-17,1.5619630172673205,1.234058371052786,1.3130304934913113,1.4685497780294372,1.3197193303946966,1.5519443746601573,1.2864069339929367,1.380667387900628,1.4126807873803455,1.347626653759404,1.347626653759404
2024-01-18,1.581434706024563,1.2494423463734365,1.329398948323719,1.4868569619295622,1.3361711693718572,1.5712911693651974,1.302443495138726,1.3978790154214318,1.430291499222506,1.364426390035411,1.364426390035411
2024-01-19,1.5847784103337468,1.252084103090758,1.3322097611730894,1.4900006959147871,1.3389963010575445,1.5746134267015095,1.3051973147624976,1.400834619007072,1.43331563409897,1.3673112631082893,1.3673112631082893
2024-01-22,1.5894003267946935,1.2557357354507332,1.3360950754759913,1.494346198540495,1.342901407919583,1.5792056975635076,1.3090038487956144,1.4049200738204608,1.4374958179529254,1.3712989489531937,1.3712989489531937
2024-01-23,1.5911377085228076,1.2571083866861283,1.337555567922118,1.4959796761087656,1.344369340402951,1.580931935489615,1.3104347276815618,1.4064557992286961,1.4390671520757692,1.372797922935726,1.372797922935726
2024-01-24,1.5997920322617205,1.2639458985463587,1.3448306383585609,1.5041164277893597,1.3516814714863867,1.5895307492224726,1.3175622857246676,1.4141056234681688,1.4468943520405426,1.3802646793261724,1.3802646793261724
2024-01-25,1.5977594333804208,1.2623400054255032,1.3431219779852495,1.5022053885374973,1.349964106859353,1.587511187706034,1.3158882708689865,1.4123089464937015,1.4450560156930623,1.3785109986061044,1.3785109986061044
2024-01-26,1.6104127571637397,1.2723370027703984,1.3537587214854785,1.5141019799598967,1.3606550360337222,1.6000833513547168,1.3263093392764809,1.4234936104729676,1.4565000173804197,1.3894280025303591,1.3894280025303591
2024-01-29,1.609167129913634,1.2713528714444893,1.3527116118261384,1.5129308474801724,1.3596025921907773,1.5988457137267102,1.325283461253767,1.4223925620469235,1.4553734390523743,1.388353303280547,1.388353303280547
2024-01-30,1.5829098666671007,1.250607824889539,1.3306390102746342,1.4882439005511607,1.3374175484434951,1.5727568681273305,1.303658413071056,1.3991829555074327,1.4316256736395536,1.3656991255473814,1.3656991255473814
2024-01-31,1.6036272854659368,1.2669760127484546,1.3480546611758273,1.5077223135750504,1.3549219181132333,1.5933414025925468,1.3207209368969306,1.4174957223148539,1.450363056777108,1.3835736497593907,1.3835736497593907
2024-02-01,1.620509245477581,1.2803139239805632,1.3622461164408632,1.523594647525169,1.3691856674568608,1.6101150794233503,1.3346246402358002,1.4324182085544435,1.4656315492434,1.3981390261658018,1.3981390261658018
2024-02-02,1.6146088084904078,1.2756521723408671,1.3572860414560939,1.5180470863268574,1.3642003248695749,1.6042524886391583,1.3297651378212247,1.4272026299315865,1.4602950375099077,1.3930482614903015,1.3930482614903015
2024-02-05,1.6192962031291327,1.279355536971399,1.3612263985757145,1.522454151206203,1.3681607549473218,1.608909817693023,1.3336255985997176,1.4313459629301042,1.464534441564801,1.397092440438204,1.397092440438204
2024-02-06,1.6328019767214237,1.290026028381797,1.3725797356066338,1.5351522116543783,1.379571928121488,1.6223289634220044,1.3447487305855554,1.4432841336429223,1.4767494214725314,1.4087449189357126,1.4087449189357126
2024-02-07,1.6335230590088878,1.2905957330567641,1.373185897866105,1.5358301695967176,1.3801811782913394,1.6230454205898923,1.3453426020436623,1.443921520563924,1.477401587421635,1.4093670525582107,1.4093670525582107
2024-02-08,1.6429639432130434,1.2980546818625183,1.3811221733787378,1.5447064414732887,1.388157882760335,1.6324257496825045,1.353117958290251,1.4522666099095272,1.48594017353645,1.4175124356741533,1.4175124356741533
2024-02-09,1.6422425525511155,1.297484733550484,1.3805157518909306,1.5440281935988287,1.3875483720415869,1.6317089861181084,1.352523832860031,1.4516289504068058,1.485287728685301,1.4168900359930854,1.4168900359930854
2024-02-12,1.6196239023924879,1.2796144419612485,1.3615018718876453,1.5227622524065134,1.368437631574761,1.6092354150488641,1.333895486298712,1.4316356264374677,1.4648308214715355,1.397375172011764,1.397375172011764
2024-02-13,1.6343426155417393,1.2912432391684554,1.373874840374268,1.5366007125296144,1.3808736304088343,1.6238597203760037,1.3460175752632613,1.444645951914052,1.4781428160905166,1.4100741475506808,1.4100741475506808
2024-02-14,1.6456190473449324,1.3001523970092614,1.3833541293533833,1.5472027570328928,1.3904012087599447,1.6350638236164385,1.3553046581851762,1.454613538515297,1.4883415201459078,1.4198031999605576,1.4198031999605576
2024-02-15,1.6374239959738583,1.2936777419541279,1.3764651363189815,1.5394978109241266,1.3834771218331587,1.6269213364161719,1.3485553492760438,1.4473696793168844,1.4809296982938354,1.412732693466807,1.412732693466807
2024-02-16,1.628409285278445,1.2865554995749475,1.3688871143669714,1.5310222252384234,1.3758604959392458,1.6179644472976245,1.3411309824899413,1.4394012979077708,1.472776554805533,1.4049550032943965,1.4049550032943965
2024-02-20,1.6298844459209825,1.2877209780910495,1.3701271763178866,1.5324091638600215,1.3771068750108835,1.6194301460597573,1.3423459004222709,1.4407052379937717,1.4741107292225804,1.4062277388063666,1.4062277388063666
2024-02-21,1.6636157810426135,1.3143710562385218,1.3984826950537672,1.5641231955995003,1.4056068423647325,1.6529451238236852,1.3701264707133787,1.4705214076712465,1.5046182435057183,1.4353303780969748,1.4353303780969748
2024-02-22,1.6647630368388198,1.3152774673400627,1.3994471108738606,1.5652018397327074,1.4065761711096665,1.6540850209656377,1.3710713316319716,1.4715355025287375,1.5056558520813341,1.4363202046630048,1.4363202046630048
2024-02-23,1.6586657541523602,1.3104601940392744,1.394321561801153,1.5594692051973211,1.4014245114767263,1.6480268470771684,1.3660497103517832,1.4661459259082015,1.5001413078756347,1.4310596059337506,1.4310596059337506
2024-02-26,1.661747237375967,1.3128947780373026,1.3969119441553117,1.5623664002358735,1.404028089750683,1.6510885652495058,1.3685875690219367,1.4688697441716072,1.5029282830463018,1.4337182405360667,1.4337182405360667
2024-02-27,1.6595507888629897,1.311159432421522,1.395065547126035,1.5603013103838557,1.4021722868099296,1.6489062050551464,1.3667786103167583,1.4669282354434583,1.500941756745454,1.4318231940292185,1.4318231940292185
2024-02-28,1.665517012402405,1.3158731599688418,1.4000809241558596,1.5659107237679262,1.4072132131618207,1.6548341604277133,1.3716922934488234,1.472201964833164,1.5063377675819294,1.436970717866287,1.436970717866287
2024-02-29,1.68115303678948,1.3282266962379743,1.4132250105332196,1.5806116353061999,1.4204242581136066,1.6703698932340023,1.384569864792866,1.4860231300649902,1.520479402818131,1.4504611289643163,1.4504611289643163
2024-03-01,1.6793503824665634,1.3268024751567342,1.4117096480892648,1.578916788772372,1.4189011761137942,1.668578801380367,1.3830852284762845,1.4844297081927724,1.5188490344290462,1.4489058392511662,1.4489058392511662
2024-03-04,1.6625667939088185,1.3135422841489939,1.3976008866634753,1.5631369431687705,1.4047205418681779,1.6519028650356173,1.3692625422415357,1.4695941755217354,1.5036695117151833,1.4415931420978891,1.4415931420978891
2024-03-05,1.6709911730893483,1.3201981239696088,1.4046826591705612,1.5710575021313298,1.411838390324392,1.6602732091056713,1.3762007217455414,1.4770407446589584,1.511288743721561,1.445245484757919,1.445245484757919
2024-03-06,1.6875782243222703,1.3333030369533236,1.4186262057367485,1.586652564329977,1.4258529680732506,1.6767538687426515,1.3898615430867904,1.4917025519140357,1.5262905128652615,1.4524185809674903,1.4524185809674903
2024-03-07,1.6774491511067717,1.3253003714264142,1.4101114189871722,1.577129260603946,1.4172948053167063,1.6666897647763386,1.3815194057408398,1.482749151030855,1.5171295103528346,1.448059774384738,1.448059774384738
2024-03-08,1.6760067809488677,1.3241607996517686,1.4088989216493393,1.575773151431187,1.416076131277739,1.665256646176224,1.380331493509884,1.481474195467705,1.5158249925199305,1.4474372105937416,1.4474372105937416
2024-03-11,1.694036305131182,1.338405365622485,1.424055051962805,1.5927244194466337,1.4313094699151971,1.6831705265454884,1.39518031173946,1.4974110491465056,1.5321313724638839,1.4552225622067008,1.4552225622067008
2024-03-12,1.6913807898333417,1.3363073256263194,1.4218227503503782,1.5902277173108688,1.4290657965170588,1.680532044082877,1.392993273215051,1.495063757098443,1.5297296539850325,1.452868642307673,1.452868642307673
2024-03-13,1.6880374966901095,1.3336658937584207,1.4190122831387892,1.587084369901805,1.4262410122299003,1.6772101952752423,1.3902397922207639,1.4921085169550956,1.5267058909779623,1.4499968077692644,1.4499968077692644
2024-03-14,1.676446317351034,1.3245080636845785,1.4092684084378637,1.5761864013472873,1.4164475003050072,1.6656933633323023,1.3806934884286106,1.4818627152787105,1.5162225209017364,1.4400401728764403,1.4400401728764403
2024-03-15,1.6864095878965855,1.3323797336818057,1.417643816752012,1.5855538182363984,1.4248655746048202,1.6755927281094771,1.3888990734350137,1.4906695580573188,1.5252335670811763,1.4485984605414466,1.4485984605414466
2024-03-18,1.6957810878464232,1.3397838641474882,1.4255217658890007,1.594364855385802,1.4327836555720836,1.684904117987788,1.3966172859561252,1.4989533165160116,1.5337094002358136,1.456648426870938,1.456648426870938
2024-03-19,1.7114657326072642,1.3521758138608484,1.4387067239340339,1.6091114795551127,1.4460357803998978,1.7004881593101724,1.409534900236687,1.5128174587989613,1.5478950090278134,1.4701212821118959,1.4701212821118959
2024-03-20,1.7171217314362635,1.356644442518781,1.4434613172576454,1.6144292212257148,1.4508145945618227,1.7061078797956848,1.4141930874228408,1.5178169709787475,1.553010444406784,1.472476981637973,1.472476981637973
2024-03-21,1.7138664278066549,1.3540725284273287,1.4407248165313178,1.611368601115103,1.4480641535598235,1.7028734561250012,1.4115120731381958,1.5149395074860597,1.5500662614499539,1.4696118494321528,1.4696118494321528
2024-03-22,1.7091316462920183,1.3503317249008369,1.4367446246573683,1.6069169833332029,1.4440636858016345,1.6981690441410728,1.4076125853116364,1.5107542877632967,1.5457839994474432,1.465551853328905,1.465551853328905
2024-03-25,1.705974508533333,1.3478373686090417,1.4340906449513962,1.6039486582810278,1.441396186198382,1.6950321566921045,1.4050124188163702,1.5079635961180153,1.5429286003083456,1.4628446604081642,1.4628446604081642
2024-03-26,1.720311145722142,1.3591642994902537,1.4461424295294723,1.617427892506527,1.4535093649495845,1.7092768367458242,1.4168198363326252,1.5206361928440133,1.5558950352932825,1.4751380874523283,1.4751380874523283
2024-03-27,1.7199826241268839,1.3589047448015588,1.4458662649419785,1.6171190181538946,1.4532317935250876,1.7089504223326282,1.4165492713746624,1.5203458024520644,1.5555979116477607,1.4748563856689498,1.4748563856689498
2024-03-28,1.7169900555402915,1.356540409491178,1.4433506267580896,1.6143054202101565,1.45070334018298,1.7059770484867658,1.4140846413304908,1.5177005785844773,1.5528913532334692,1.4722903080658527,1.4722903080658527
2024-04-01,1.7060733939446717,1.3479154948951881,1.4341737708378695,1.604041629847746,1.4414797355445539,1.695130407839005,1.4050938592073463,1.5080510039894341,1.5430180348975167,1.462929452997529,1.462929452997529
2024-04-02,1.7079473855601757,1.3493960773512577,1.435749101436931,1.6058035473455061,1.44306309118911,1.6969923794181594,1.4066372477394555,1.5097074830994532,1.544712922626399,1.4645363695221765,1.4645363695221765
2024-04-03,1.6871001411121496,1.3329253182871412,1.4182243154061995,1.5862030728987835,1.4254490304339091,1.6762788520230725,1.3894678016539106,1.4912799593880797,1.5258581217278013,1.4466602054455884,1.4466602054455884
2024-04-04,1.7047249752066882,1.3468501512136173,1.433040251733131,1.602773853327774,1.4403404420694135,1.6937906380416632,1.3966560893436504,1.5068590949901897,1.5417984892210603,1.4617732064410964,1.4617732064410964
2024-04-05,1.7056784690482447,1.3476034770247358,1.4338417857486483,1.6036703234451137,1.441146059257659,1.6947380160444185,1.3973674400141303,1.5077019176671977,1.5426608543449214,1.4625908114919786,1.4625908114919786
2024-04-08,1.7076515516580628,1.349162348191663,1.435500415053074,1.6055254057976727,1.4428131379476514,1.696698443034812,1.3989838767842775,1.509445986369782,1.5444453625976717,1.4642826968899603,1.4642826968899603
2024-04-09,1.690552804398484,1.3356531601014638,1.4211267222676924,1.5894492495666712,1.4283662227297238,1.67970936945888,1.384975824786706,1.4943318751813124,1.5289808019935807,1.449620806572591,1.449620806572591
2024-04-10,1.7033112838739022,1.345733237686201,1.4318518626305643,1.6014447078422442,1.4391459990778288,1.692386014316793,1.3954281369466792,1.5056094895269627,1.534673906595872,1.4550184171081288,1.4550184171081288
2024-04-11,1.6798001980175177,1.3271578604251102,1.4120877758223285,1.5793397030924965,1.4192812301042816,1.6690257317533785,1.3761668128159827,1.4848273140610975,1.5240822283979016,1.4449764878227644,1.4449764878227644
2024-04-12,1.658755491121278,1.3105310924257676,1.3943969972469863,1.5595535754444574,1.401500331205633,1.6584874188206007,1.3589260557008067,1.4662252471886057,1.5145353001917212,1.435925081978761,1.435925081978761
2024-04-15,1.6557303376330283,1.3081410127986421,1.391853967268906,1.5567093413399609,1.400152263851316,1.6569750865247566,1.3576189394541447,1.463551220519314,1.5131542341542683,1.4346156985904726,1.4346156985904726
2024-04-16,1.645931327885106,1.3003991201457625,1.3836166412485047,1.547496361627166,1.3917958189057809,1.6520718982893667,1.3536015820018759,1.4548895729366802,1.5086766290897309,1.4303704984828551,1.4303704984828551
2024-04-17,1.642544245568038,1.297723091814352,1.3807693636131761,1.5443118438569565,1.3889317097371179,1.6503720389397025,1.3522088264521515,1.4518956261891494,1.5071243128278093,1.4288987534166462,1.4288987534166462
2024-04-18,1.6282077111707167,1.2863962421454955,1.3687176654445452,1.5308327062754974,1.376808768582927,1.6431696102780462,1.346307619101086,1.4392231203237245,1.500547035043605,1.4226628616944228,1.4226628616944228
2024-04-19,1.6432021110904569,1.298242850890587,1.3813223840637268,1.5449303657145432,1.3894879993392373,1.6507357033825794,1.352506789734322,1.4524771338576326,1.5074564122033676,1.4292136155548962,1.4292136155548962
2024-04-22,1.6627011423834752,1.3136484286978438,1.3977138238086106,1.5632632569293743,1.4059763362258113,1.6702415951416012,1.368488664355341,1.469712930290908,1.5164005157789493,1.4376934856895625,1.4376934856895625
2024-04-23,1.6619122177140115,1.3130251238681399,1.3970506313151765,1.5625215139204713,1.4053092233045195,1.6694490926498529,1.3678393387250933,1.4690155753915939,1.5160407620790237,1.43693943882204,1.43693943882204
2024-04-24,1.6555987645285444,1.3080370609833947,1.3917433631787957,1.5565856369684434,1.399970581529178,1.6631070075627936,1.3626430416293538,1.463434918985617,1.5102056592327149,1.431480636738117,1.431480636738117
2024-04-25,1.671283820455337,1.3204293355461778,1.4049286668616106,1.5713326477139153,1.4132338294474638,1.6788631961905929,1.3755526503909294,1.4772994247108597,1.5245132684998488,1.4450424092680403,1.4450424092680403
2024-04-26,1.6772024515358648,1.3251054617728262,1.4099040363182156,1.5768973149073509,1.4182386105412832,1.6848086686299901,1.3804239885621372,1.4825310856551734,1.5299121310408395,1.45015983624932,1.45015983624932
2024-04-29,1.650633730081061,1.3041143417802208,1.3875696141471536,1.5519175365363882,1.3957721595976813,1.6581194563762889,1.358556562594538,1.459046171578885,1.5056766493774738,1.4271877181731927,1.4271877181731927
2024-04-30,1.6452735651541743,1.299879442281883,1.3830637072073992,1.5468779364136196,1.3912396162239113,1.652734982769161,1.3541448708271262,1.4543081561287698,1.5007872090248713,1.422553157875761,1.422553157875761
2024-05-01,1.6606625815958784,1.3120378252603602,1.3960001516874663,1.5613466123231774,1.4042525338212433,1.6681937893544543,1.3668108238473191,1.4679109834031951,1.5148247767122964,1.435858965736168,1.435858965736168
2024-05-02,1.681247193792376,1.3283010867557608,1.4133041615852044,1.5807001612470666,1.421658835471565,1.6888717540433846,1.3837530197314674,1.4861063583500411,1.5336016678880482,1.4536570424232091,1.4536570424232091
2024-05-03,1.6986087788864592,1.3420179348393872,1.4278988033224702,1.5970234362889821,1.4363397526727524,1.7063120750021827,1.398042498333999,1.5014528000241847,1.5494385751291582,1.468668392647512,1.468668392647512
2024-05-06,1.7004834900423784,1.3434990857819464,1.4294747387876496,1.5987860302950239,1.4379250041982925,1.7081952880894147,1.3995854821573805,1.5031099151582161,1.5511486509384391,1.4702893244678732,1.4702893244678732
2024-05-07,1.7006474424655436,1.3436286194892268,1.4296125618530602,1.5989401775392191,1.4380636419975705,1.708359984046983,1.3997204234447087,1.5032548377724708,1.5512982052160902,1.470431082678942,1.470431082678942
2024-05-08,1.710446349421978,1.3513704309297507,1.437849801464016,1.6081530606079737,1.4463495756211415,1.7182033296539378,1.4077854284844782,1.5119163944945313,1.5602365815044514,1.4789035132399353,1.4789035132399353
2024-05-09,1.7126500961305944,1.353111542622783,1.439702333563916,1.610225012186849,1.4482130588679918,1.7204170704904969,1.4095992255120842,1.5138643543233774,1.5622467972778462,1.4808089391252695,1.4808089391252695
2024-05-10,1.7128798351060017,1.3532930522376871,1.439895458674382,1.610441011616803,1.4484073256274819,1.7206478513464,1.4097883125197197,1.5140674277044806,1.5624563607954327,1.4810075783740086,1.4810075783740086
2024-05-13,1.7207390666861782,1.3595023865268736,1.4465021520506667,1.6178302216460791,1.4550530741273036,1.7285427250290175,1.4162568648373042,1.521014445410247,1.5696254021500768,1.4878029070899412,1.4878029070899412
2024-05-14,1.7420468169998975,1.3763369769443545,1.4644140523967837,1.6378636613931126,1.473070859738705,1.7499471073113613,1.4337942406313926,1.5398490244895588,1.5890619261429297,1.4969401788037404,1.4969401788037404
2024-05-15,1.7384622722346157,1.3735049396777177,1.4614007822168444,1.6344934904215869,1.470039776769156,1.7463463064133489,1.4308439756961495,1.5366805345809098,1.5857921726819557,1.4954000798151519,1.4954000798151519
2024-05-16,1.7409615444708817,1.3754795368932777,1.4635017414722657,1.6368432936161752,1.4721531557357086,1.748856913004146,1.4329010054516984,1.5388897185577077,1.5880719612128724,1.4964749987136758,1.4964749987136758
2024-05-17,1.7429674175653334,1.3770643148016615,1.4651879353897739,1.6387292054175735,1.4738493175006715,1.750871882857433,1.4345519423049427,1.5396993006844975,1.5899016804442745,1.497337090971248,1.497337090971248
2024-05-20,1.7472416932142767,1.3804412869747886,1.4687810129483378,1.642747857899163,1.4774636353499428,1.7551655426114234,1.4380698912765324,1.5433981173559639,1.5938005932801953,1.4991730494067586,1.4991730494067586
2024-05-21,1.742211283380503,1.3764669167134136,1.4645523075094222,1.63801829185751,1.4732099321392353,1.7501123195571986,1.433929604932161,1.5389545849602295,1.5892119492427685,1.4970149464724156,1.4970149464724156
2024-05-22,1.7294854915982303,1.366412664657777,1.4538546453501873,1.626053566386736,1.462449031307734,1.737328815520271,1.4234556229548454,1.533257074502052,1.5776037243639114,1.4915475554947861,1.4915475554947861
2024-05-23,1.740928856777737,1.3754537113641776,1.4634742632686297,1.6368125608113768,1.4721255150961035,1.7488240770702863,1.4328741017969209,1.5383295716992895,1.58804214412178,1.5013419960665948,1.5013419960665948
2024-05-24,1.7421452912452853,1.3764147783810787,1.4644968326454764,1.6379562463836708,1.4731541293385226,1.7500460281435564,1.4338752900064775,1.539327528042864,1.5891517524739582,1.5023910246610046,1.5023910246610046
2024-05-28,1.729945791880948,1.3667763335864302,1.454241586846682,1.626486338398966,1.462838260188717,1.7377912032933065,1.4238344737916202,1.5338609350680847,1.5780236015145834,1.491870422021005,1.491870422021005
2024-05-29,1.7184701501742474,1.3577097862003518,1.4445948363623844,1.6156969977456872,1.4531344834417437,1.7262635188400457,1.4143894297055188,1.5236093344598594,1.5675557397233715,1.4819740596515676,1.4819740596515676
2024-05-30,1.7341220044504555,1.3700758291722561,1.4577522297943355,1.6304127924661589,1.4663696561191726,1.7419863552457169,1.427271711798877,1.5374863932347342,1.5818330630772255,1.4954719036615056,1.4954719036615056
2024-05-31,1.7355360041577055,1.3711929863367394,1.4589408781252384,1.6317422278838094,1.4675653310827284,1.7434067675292986,1.4284355063747316,1.5387400566473173,1.5831228866780847,1.4966913085410647,1.4966913085410647
2024-06-03,1.737476090699915,1.3727257883374993,1.4605717699976912,1.6335662874994488,1.469205863887479,1.7453556524842506,1.4300322975076685,1.540460152841639,1.5848925966695513,1.4983644001154175,1.4983644001154175
2024-06-04,1.7581260782827033,1.3890407008911008,1.477930736302703,1.6529813020329358,1.4866674468170114,1.7660992890409013,1.4470283007013722,1.5587685964502906,1.603729122027489,1.5161725336618257,1.5161725336618257
2024-06-05,1.7580931850065824,1.3890147129372892,1.4779030852801756,1.6529503759400566,1.4866396323369055,1.766066246591734,1.4470012278412188,1.558739433009463,1.6036991174075215,1.5160825417855983,1.5160825417855983
2024-06-06,1.7559561499735987,1.3873263080630813,1.4761066329103392,1.6509411463433021,1.4848325603325203,1.7639195199723925,1.4452423379581119,1.5568447207131852,1.6017497547539985,1.5151611112458745,1.5151611112458745
2024-06-07,1.7613816902867754,1.39161285861962,1.480667496257367,1.6560422120756682,1.4894203849855008,1.7693696654472402,1.4497078370350789,1.5616550480062175,1.6066988292887865,1.519766886775388,1.519766886775388
2024-06-10,1.7656234838255491,1.394964167688358,1.4842332684311847,1.6600303250405393,1.4930072360356674,1.773630695782678,1.4531990515572668,1.5654158559724611,1.610568112562489,1.523426818859567,1.523426818859567
2024-06-11,1.7801242790204992,1.4064207947015617,1.4964230488935624,1.6736638997983144,1.5052690757498874,1.7881972529827987,1.465133952750623,1.5782723765898699,1.6237954617463501,1.535938489947512,1.535938489947512
2024-06-12,1.7837086182028052,1.4092526695434873,1.499436146254611,1.67703387748176,1.508299984878936,1.791797847365504,1.4680840484804902,1.581450280282569,1.6270650276784495,1.539031152957625,1.539031152957625
2024-06-13,1.784794096314797,1.4101102720192755,1.5003486299980202,1.6780544385467782,1.5092178627224333,1.7928882481880268,1.4689774528655604,1.5824126738298847,1.628055180137382,1.5394224910671235,1.5394224910671235
2024-06-14,1.798999057607634,1.4213331698728848,1.5122897240765407,1.6914098717567199,1.5212295459562002,1.8071576298609486,1.4806688675229098,1.5950069057513487,1.641012675270409,1.5455485301839278,1.5455485301839278
2024-06-17,1.803569989490593,1.4249445209044518,1.5161321792945248,1.6957074389384648,1.525094715647927,1.811749291203367,1.4844309798520101,1.599059530397375,1.6451821922726628,1.5475120101044435,1.5475120101044435
2024-06-18,1.7986703304294,1.4210734527594786,1.5120133866701562,1.691100804116007,1.5209515749956408,1.8068274118845824,1.4803983081267496,1.5947154536145762,1.6407128165996074,1.5454099898649198,1.5454099898649198
2024-06-20,1.796259047706758,1.4191683733203653,1.5099863938999962,1.688833728219871,1.518912599763372,1.804405193845308,1.4784136982721119,1.592577591130397,1.6385132904271045,1.5443741078733961,1.5443741078733961
2024-06-21,1.79041987444636,1.4145550242446434,1.5050778189446843,1.6833437668695472,1.5139750080230585,1.7985395395721806,1.4736077579787128,1.5874005335689556,1.633186907796223,1.5418639276167516,1.5418639276167516
2024-06-24,1.7973147162872651,1.4200024242130114,1.5108738189042394,1.6898262625132174,1.519805270734273,1.8054656499482726,1.4792825678776678,1.5935135553094626,1.639476251199191,1.5448327585800476,1.5448327585800476
2024-06-25,1.7995576265527633,1.421774477813551,1.5127592730028365,1.6919350354714273,1.5217018705964995,1.8077187319508716,1.4811285985293943,1.5955021374309049,1.6415221912232347,1.545796674699272,1.545796674699272
2024-06-26,1.8023948772011718,1.4240161012545267,1.515144346514728,1.6946026042703506,1.5241010433461406,1.810568849706863,1.4834638019230215,1.5980176664738033,1.6441102772243186,1.5481565463950622,1.5481565463950622
2024-06-27,1.7953022645375893,1.4184124487138656,1.509182094782226,1.6879341654932434,1.518103546073289,1.8034440716051523,1.4776262164523928,1.5917292995453196,1.6376405310437951,1.5420643881976197,1.5420643881976197
2024-06-28,1.7989970017778762,1.4213315456257718,1.5122879958876327,1.691407938875915,1.5212278075511931,1.8071555647078754,1.4806671754691505,1.5950050830362967,1.6410107999816608,1.5452379611577483,1.5452379611577483
2024-07-01,1.8111037832201478,1.4308967368756134,1.5224653003666775,1.702790673936316,1.5314652746352,1.8193172511545348,1.49063168005945,1.6057390519759607,1.652054375418502,1.5556370103243393,1.5556370103243393
2024-07-02,1.8191862779119954,1.4372824644012974,1.529259675058368,1.7103897948210107,1.5382998139187412,1.8274364004608756,1.4972839894153274,1.6129050562018545,1.6594270731311767,1.5625794219049902,1.5625794219049902
2024-07-03,1.8296763548329216,1.445570347721291,1.538077931780184,1.7202525124163923,1.5471701993055391,1.8379740505309596,1.5059178629290753,1.6222056420248345,1.6689959214966081,1.5670064880669774,1.5670064880669774
2024-07-05,1.8317874864109602,1.447238287081872,1.5398526089697802,1.7222373877150043,1.548955367406841,1.840094756221582,1.5067113520387967,1.6240773881114607,1.6709216555119066,1.56791051594907,1.56791051594907
2024-07-08,1.8335690684788617,1.4486458596302014,1.5413502574774283,1.7239124222205813,1.550461869185581,1.8418844178746085,1.507444059830014,1.6256569529752938,1.672546780740904,1.5686729846524572,1.5686729846524572
2024-07-09,1.851712382838257,1.4629803276786353,1.5566020430469503,1.7409706751885823,1.5658038148905369,1.8601100132893995,1.514902200329567,1.6417429601213656,1.6890967665284324,1.5764340577357994,1.5764340577357994
2024-07-10,1.8357461921921179,1.4503659373231172,1.5431804095309702,1.7259593429930324,1.5523028400875953,1.8440714149788728,1.5083711597735698,1.6275872082150804,1.6745327115250126,1.569637741272144,1.569637741272144
2024-07-11,1.847324830969672,1.4595138594895687,1.5529137422795571,1.7368455209746396,1.5620937109254005,1.8557025636010887,1.5178095208850042,1.6378529216579538,1.685094525282498,1.57458784507601,1.57458784507601
2024-07-12,1.85240540304953,1.4635278613805065,1.5571846155278273,1.7416222493079336,1.5663898312182696,1.8608061763902937,1.5219838493761682,1.642357397365305,1.6897289263653754,1.5767530861069494,1.5767530861069494
2024-07-15,1.8633901126101253,1.4722065385559444,1.5664186745009012,1.7519500180249885,1.5756784768496614,1.8718407022897319,1.531009168841222,1.6520965284297324,1.6997489692035703,1.5814281358209976,1.5814281358209976
2024-07-16,1.8372636001361728,1.451564794117396,1.544455985763944,1.7273860023151724,1.5535859568229844,1.8455957044620241,1.5095429552572954,1.6289325541947655,1.6759168621498948,1.5703415679473192,1.5703415679473192
2024-07-17,1.82314416136125,1.4404094649436971,1.5325867843439949,1.7141109769467169,1.541646591237493,1.8314122331569374,1.4979420617691255,1.6164141472194535,1.6630373790287833,1.5643075014087167,1.5643075014087167
2024-07-18,1.81103779108493,1.430844598543278,1.5224098255027314,1.7027286284624767,1.5314094718344875,1.8192509597408923,1.4928937123092274,1.6056805428227998,1.6519941786496917,1.5591137031783182,1.5591137031783182
2024-07-19,1.8297092481090425,1.445596335675102,1.5381055828027113,1.7202834385092716,1.5471980137856451,1.8380070929801264,1.5005894381875513,1.6222348054656623,1.6690259261165754,1.5751099148285406,1.5751099148285406
2024-07-22,1.8268393097674887,1.4433288867050258,1.535693031087183,1.7175851369055495,1.5447712003963985,1.8351241392902748,1.4981607018805063,1.619690295253441,1.6664080230243985,1.5726393210216831,1.5726393210216831
2024-07-23,1.7854385989437918,1.4106194734892743,1.500890417220669,1.6786603966791325,1.5097628526920095,1.7935356736763988,1.4642086637048686,1.582984094998603,1.6286430831598724,1.53699941256806,1.53699941256806
2024-07-24,1.7761359692908323,1.4032697553018854,1.4930703624120976,1.6699141110366948,1.5018965700370375,1.7887735880651436,1.4565797309926718,1.5747363093895048,1.620157401575273,1.5289912198918205,1.5289912198918205
2024-07-25,1.796027972442008,1.418985807944837,1.5097921454667402,1.6886164724173935,1.5187172030406275,1.7987903577454343,1.4728928337617204,1.592372717958582,1.6383025079718312,1.5461153019948095,1.5461153019948095
2024-07-26,1.7970834354395395,1.419819696412772,1.510679397652093,1.6896088134226595,1.5196097001710283,1.7997575045825747,1.4737584015085585,1.5933084998661426,1.639265281215043,1.5470239000323744,1.5470239000323744
2024-07-29,1.7879787821922333,1.4126263932223877,1.503025767435359,1.6810486642017395,1.511910825918194,1.7906393035656842,1.4662918259720932,1.5852362417165264,1.630960189936874,1.539186135854416,1.539186135854416
2024-07-30,1.8170418418918846,1.4355882122374812,1.527457001208463,1.7083736068533584,1.5364864836563321,1.8051029244394516,1.4901259605265802,1.6110037821313907,1.657470959438161,1.564205145588058,1.564205145588058
2024-07-31,1.7913106654803108,1.4152588105188078,1.5058266431985086,1.6841812841223356,1.5147282589124287,1.779450560199782,1.4690242483470448,1.5881903160008723,1.6339994704107215,1.553051560615381,1.553051560615381
2024-08-01,1.757959350489365,1.388908974450217,1.4777905801822666,1.6528245453996535,1.486526462170974,1.7627963381905702,1.4416733865562326,1.5586207742595952,1.6035770361100277,1.5385939032158547,1.5385939032158547
2024-08-02,1.706760966207088,1.3484587243422095,1.4347517636181413,1.6046880818329647,1.4648055167053873,1.7371267104176222,1.4206078288245236,1.535846395396685,1.556874845130389,1.5161890842735721,1.5161890842735721
2024-08-05,1.7224964927544288,1.3608908741716226,1.447979494338647,1.6194825448021983,1.4715579227397344,1.7451344525704726,1.427156493999796,1.5429262830335313,1.563973825191081,1.5231783563681278,1.5231783563681278
2024-08-06,1.7109834349461408,1.3517947654880833,1.4383012908162243,1.6086580257182692,1.466640022615115,1.7393022683192436,1.4223869820483903,1.5377698721017197,1.558747074037794,1.5180879423838425,1.5180879423838425
2024-08-07,1.7505367771496942,1.367352108129708,1.4715509541300351,1.6458458792533504,1.4835924119600619,1.759406267109978,1.4388278656647213,1.555544426997825,1.5767640972213484,1.535635000600127,1.535635000600127
2024-08-08,1.758256006723381,1.3703668705067384,1.4780399578416872,1.649392377382617,1.4868634630374196,1.7632854375068772,1.4451006310819787,1.5589741191644804,1.5802405748963324,1.5390207961074691,1.5390207961074691
2024-08-09,1.7591801021994042,1.3707269858200617,1.4788167787558204,1.6498258171173024,1.4872541922015468,1.7637488069165383,1.4458601399080397,1.5593837981091985,1.5806558424002415,1.5394252315678771,1.5394252315678771
2024-08-12,1.788110560879693,1.3819980774995448,1.5031365443443603,1.6633918577893494,1.4994834534070307,1.7782516033946,1.4696379196719134,1.5722061602088797,1.593653118369639,1.5520834801456058,1.5520834801456058
2024-08-13,1.7937517577344382,1.384178066639651,1.5078786947078346,1.6660157226447063,1.5041391046924082,1.781056650121431,1.4742743873442417,1.5770876036246264,1.5961669760570738,1.5545317651225123,1.5545317651225123
2024-08-14,1.8244971029247008,1.3960406424615635,1.5337241054643316,1.680293681750322,1.529920417958604,1.8114953452201987,1.4995438120283524,1.6041192720590396,1.6234458612669354,1.5678542930369341,1.5678542930369341
2024-08-15,1.8285877929762941,1.397605668122219,1.5371628557534136,1.6821773681197532,1.5333506400309986,1.8155568841370437,1.5029059269607135,1.6077158547761412,1.6251846463263224,1.5696119296888624,1.5696119296888624
2024-08-16,1.846071597149464,1.4042871804637698,1.551860238321258,1.6902193280961109,1.5480115725944121,1.832916094971453,1.5172757663627956,1.6230878206609483,1.6329541420570586,1.5771157497712123,1.5771157497712123
2024-08-19,1.8430694689544989,1.4031453368470845,1.5493365640589472,1.6888449894441357,1.5454941571293814,1.8299353605859525,1.5148083342411116,1.6204483143076547,1.6302169431359486,1.5758333770651856,1.5758333770651856
2024-08-20,1.8494034804375417,1.4055564067567308,1.5546611140844078,1.691746986285928,1.5508055020912108,1.836224234544541,1.5200142223236346,1.6260172515633535,1.635819451891916,1.5785411824067161,1.5785411824067161
2024-08-21,1.8348882944342884,1.4000405977680639,1.542459236299674,1.6783845920999068,1.5386338853748862,1.8218124868702101,1.5080842733438706,1.6132553296244174,1.622980596626902,1.5723465312343803,1.5723465312343803
2024-08-22,1.854384550357134,1.4148464603230957,1.5588483429895323,1.696217947756377,1.5549823465274382,1.8411698082914623,1.5241081354152104,1.6303966667132506,1.6402252676870583,1.5806998654578663,1.5806998654578663
2024-08-23,1.8499641052124283,1.4114737773675379,1.5551323911996118,1.6921745370247259,1.5512756104232754,1.8367808641870298,1.5204749966436946,1.6265101594470373,1.636315331196607,1.5788158449497807,1.5788158449497807
2024-08-26,1.8525044940438455,1.413412026985333,1.5572679142331924,1.6944982476754105,1.5534058372877133,1.8393031496627286,1.5225629278035693,1.6287436991311877,1.638562335438655,1.5798998676419167,1.5798998676419167
2024-08-27,1.841750037416097,1.4052066604719322,1.5482274124178113,1.6846610742871608,1.5443877562217212,1.8286253315997076,1.5137239009495305,1.6192882546092753,1.629049890192236,1.575313923408753,1.575313923408753
2024-08-28,1.8419149149626537,1.4053324576875568,1.5483660131682309,1.6848118888814678,1.5445260132376053,1.8287890341935016,1.513859412869108,1.6194332168838315,1.6291957263500512,1.5753844362062204,1.5753844362062204
2024-08-29,1.8594980157131138,1.4187478994056737,1.5631468672603306,1.700895268709236,1.5592702103130787,1.8462468339964924,1.5283108635644023,1.6348924854851106,1.644748188825883,1.5829038235127404,1.5829038235127404
2024-08-30,1.8212312117718417,1.389551338156412,1.5309787045651284,1.665892367268993,1.527181825746218,1.8082527275082183,1.4968595946288412,1.60124786221665,1.6109007440086722,1.5666164519317003,1.5666164519317003
2024-09-03,1.8175035812554337,1.3867072544734906,1.5278451524371943,1.662482678710426,1.5255425762484411,1.8063117815609515,1.49379587626752,1.597970485705117,1.6076036103259976,1.5650132048382008,1.5650132048382008
2024-09-04,1.813082930527752,1.3833344146635491,1.524129027828383,1.658439079930652,1.5236873141820129,1.8041150669096215,1.4901625685285234,1.5940837976879376,1.6036934919949504,1.563109941253427,1.563109941253427
2024-09-05,1.782568660602239,1.3600528322187746,1.4984778655051418,1.6305274731927888,1.5108654500509837,1.7889333967274583,1.465083063292798,1.5672552933390616,1.5767032560445857,1.5499563348001426,1.5499563348001426
2024-09-06,1.8025266558886324,1.3752802557759114,1.5152551234237301,1.6487831849325667,1.5193234259474928,1.7989480248000445,1.4732114906562077,1.5759505824533826,1.5943563410828627,1.5586331453790985,1.5586331453790985
2024-09-09,1.8103780753157304,1.3812706815388969,1.5218552496821647,1.6559649307819062,1.5226323494032317,1.8028659406389342,1.4795548232951592,1.5793828337820377,1.601301015276279,1.5620276811873122,1.5620276811873122
2024-09-10,1.828950646928504,1.3954410634051442,1.537467881095671,1.6729533862236374,1.5304426512221723,1.8121136931518749,1.4947334969022628,1.5874842356892847,1.6177286765395977,1.5700400603045654,1.5700400603045654
2024-09-11,1.8443560072167806,1.4071949466380866,1.5504180646775563,1.687044772288947,1.5432571387416305,1.8272866290905003,1.5073237262194976,1.6007763357946574,1.631354901584337,1.5766523307987526,1.5766523307987526
2024-09-12,1.8539888031288043,1.4145445156347205,1.5585156666247482,1.6958559551204164,1.5513173402423728,1.836830274190429,1.5151962528744434,1.6091369514692724,1.6398752245401829,1.5807696405988598,1.5807696405988598
2024-09-13,1.8567269627828988,1.4166336591695117,1.5608174414312757,1.69836056806502,1.5536084838267248,1.8395430923799023,1.5174340491549032,1.6115134889494287,1.6422971594353706,1.581936961470755,1.581936961470755
2024-09-16,1.8574855639634384,1.4172124518448912,1.5614551431383172,1.6990544656373292,1.5542432401767705,1.8402946727627505,1.5180540257503605,1.612171903492696,1.642968151233797,1.582260126715448,1.582260126715448
2024-09-17,1.8519767625450805,1.413009381782705,1.5568242881405165,1.694015528144755,1.5496337737388781,1.8348368548931566,1.5135518867661124,1.6073906362565473,1.6380955506292887,1.5799138482303374,1.5799138482303374
2024-09-18,1.883579388744246,1.437121351334108,1.583390353671638,1.7229226616435414,1.5760771384114303,1.8661470011295243,1.5393795404807182,1.6348195794598335,1.6660484506937103,1.59339388420657,1.59339388420657
2024-09-19,1.8803235711571982,1.4346372484614835,1.5806534208980836,1.719944543526289,1.5733528467269662,1.8629213158928937,1.5367186815803773,1.631993749887551,1.66316864117835,1.5920167721341256,1.5920167721341256
2024-09-20,1.8850221700681018,1.438222155398014,1.5846031966472527,1.724242383367787,1.5772843796213545,1.86757642961918,1.5405586721194497,1.63607181611692,1.6673246079948911,1.5940058575198621,1.5940058575198621
2024-09-23,1.8904156394370606,1.4423372301510164,1.5891371002473162,1.7291758258635952,1.581797342451557,1.8729199828289422,1.5449665544993478,1.640752982930637,1.672095196025167,1.5962862608761166,1.5962862608761166
2024-09-24,1.8862466222717045,1.4391563801065668,1.5856325059608405,1.7253623979858554,1.578308934857363,1.8687895496084057,1.5415593714697327,1.637134557856676,1.6684076505833538,1.5945260805529162,1.5945260805529162
2024-09-25,1.8937247030148294,1.4448619583089861,1.5919187931135874,1.7322026484445951,1.584566187495008,1.8761984212685967,1.5476709293721072,1.6436250264234364,1.6750221022548344,1.5976868535495654,1.5976868535495654
2024-09-26,1.8909783200417047,1.4427665405988523,1.589610105551428,1.7296905135750886,1.5822681630830135,1.8734774558663014,1.5454264124781465,1.6412413516582582,1.6725928937358154,1.596528327190378,1.596528327190378
2024-09-27,1.8985559029450956,1.4485480363229204,1.5959800370473207,1.7366217793251555,1.5886086737351364,1.880984908801641,1.5516192898038816,1.6478181813737833,1.6792953562556534,1.5997271543870404,1.5997271543870404
2024-09-30,1.881547817777825,1.4355713163156532,1.5816825573927806,1.7210643700962351,1.5743772299422836,1.864134232201799,1.5377192129153228,1.6330563131951814,1.6642515019262167,1.5925616304106318,1.5925616304106318
2024-10-01,1.882341779230195,1.436177087945007,1.5823499839490394,1.7217906119456279,1.5746306830352412,1.864434332189181,1.5379667645714328,1.6337454180640427,1.6649537703071176,1.5928976390236262,1.5928976390236262
2024-10-02,1.8789005257990152,1.4335515024184011,1.5794571685359857,1.718642874421811,1.5716732483343074,1.8627300744625424,1.5365609270492517,1.6307586427145169,1.661909940574364,1.5914415898283387,1.5914415898283387
2024-10-03,1.8959750142674547,1.4465788863915618,1.5938104686922532,1.7342610231943236,1.57873594660416,1.8711938442948224,1.543542667559117,1.6455781444696702,1.6770125294162372,1.5986726940567446,1.5986726940567446
2024-10-04,1.8788343280808215,1.4335009953068911,1.5794015208531489,1.7185823229263413,1.571599613786305,1.8627355190958985,1.536565418312367,1.6307011875700907,1.6618513879025227,1.5914462415039,1.5914462415039
2024-10-07,1.8966034814243407,1.4470583902421403,1.5943387760414198,1.7348358863050417,1.5790313479511024,1.8715439681918453,1.543831483801023,1.6461236114774664,1.677568416117535,1.598971825819824,1.598971825819824
2024-10-08,1.9097404391581252,1.457081542206753,1.605382075982249,1.7468523493858363,1.5844999839315597,1.878025658816127,1.5491782126110822,1.6575256027320244,1.689188212028443,1.6045095213632101,1.6045095213632101
2024-10-09,1.9063982767212597,1.4545315604930285,1.6025725592745597,1.7437952510571015,1.5831134980461155,1.8763823289992407,1.547822634354468,1.654624831667012,1.686232029462855,1.6031055265213099,1.6031055265213099
2024-10-10,1.9178140937820152,1.4632415275583792,1.6121690194616352,1.7542373752556812,1.5878534661579178,1.882000367387507,1.55245693880492,1.6645329891664933,1.6963294559058966,1.6079053523613038,1.6079053523613038
2024-10-11,1.9334986357513684,1.4752084190442118,1.625353891097223,1.7685841306714505,1.5943464715049647,1.8896961898982323,1.5588052016765004,1.6781461113208258,1.7102026204797045,1.6144803533125496,1.6144803533125496
2024-10-14,1.9184760709639495,1.46374659867348,1.612725496290002,1.7548428902103792,1.5881527321562765,1.882355071855433,1.5527495335471948,1.6651075406107538,1.6969149826243066,1.6082083975797679,1.6082083975797679
2024-10-15,1.9268145164606132,1.4701086124711464,1.619735030500735,1.7624701220621035,1.591604097851656,1.8864457966264092,1.5561239611857287,1.672344747622927,1.7042904371891245,1.6117033481484653,1.6117033481484653
2024-10-16,1.9269802163390728,1.4702350371043054,1.6198743225267176,1.7626216888489008,1.5916725342795832,1.8865269107753195,1.5561908720245856,1.6724885639161178,1.704437000709323,1.6117726488119748,1.6117726488119748
2024-10-17,1.9343920993640042,1.4758901081952145,1.6261049619966277,1.7694013878121704,1.594733616728185,1.8901550530539717,1.5591837166345384,1.678921577338452,1.7109928997089625,1.6148723875208844,1.6148723875208844
2024-10-18,1.9312156368055982,1.4734665511146487,1.6234347373149207,1.7664958562702326,1.5920351702077902,1.8869567243347312,1.557903549935348,1.6761646225666305,1.708183280663573,1.613546497677442,1.613546497677442
2024-10-21,1.9301897777565757,1.4726838477406263,1.622572371049843,1.7655574961385734,1.5911894833489053,1.8859543755581987,1.5574897718404148,1.6752742462601526,1.7072758960906333,1.6131179408544458,1.6131179408544458
2024-10-22,1.9125528142664676,1.4592273101740134,1.6077462384083545,1.74942484770269,1.5766501094764114,1.8687216097187742,1.550374049190051,1.6599665542095035,1.691675791378707,1.6057480691050587,1.6057480691050587
2024-10-23,1.9166891437386784,1.462383220371475,1.6112233544911934,1.7532083759289396,1.5782762087946616,1.8706489409112175,1.5520505670422067,1.6635566085755025,1.695334424165791,1.607484466399199,1.607484466399199
2024-10-24,1.9160269609737683,1.4618779924019907,1.6106667048439358,1.752602672926119,1.5780035753039503,1.8703258025734448,1.5517824638030555,1.6629818786991166,1.6947487156067853,1.6072067874359754,1.6072067874359754
2024-10-25,1.9219502176712506,1.4663972809014576,1.6156459627255837,1.7580207154338086,1.5804427164111607,1.8732167900340118,1.5541810745895877,1.6681228651003677,1.6999879068523853,1.6096910683364594,1.6096910683364594
2024-10-28,1.925060893677415,1.4687706445792805,1.6182608853622356,1.7608660715765216,1.5817216895062634,1.8747326905161175,1.5554387954539235,1.6708227215920144,1.7027393369071255,1.6109937106571532,1.6109937106571532
2024-10-29,1.919236933557223,1.464327116747079,1.6133650990048427,1.755538856312037,1.5793290680387602,1.871896840371988,1.5530859313071645,1.6657679179074028,1.6975879746692872,1.6085568103088157,1.6085568103088157
2024-10-30,1.8816140154960186,1.4356218234271636,1.5817382050756172,1.721124921591705,1.563849226264256,1.8535493867009576,1.5378633124335066,1.633113768339608,1.6643100545980578,1.5927904919317322,1.5927904919317322
2024-10-31,1.8895554802664978,1.4416809514101534,1.588414026008221,1.7283890325187332,1.5671493859767263,1.857460894861931,1.541108634592282,1.6400064229173505,1.6713343749724257,1.5961517258177094,1.5961517258177094
2024-11-01,1.885485554095456,1.4385757051785852,1.5849927304271094,1.7246662438360756,1.5654616392112755,1.8554604961473562,1.53944893250101,1.636474002127903,1.6677344766977782,1.5944327448855,1.5944327448855
2024-11-04,1.908284294940846,1.4559705426079153,1.604157999778733,1.745520404533623,1.5749261917606847,1.8666783394526623,1.5487562160229036,1.656261767986778,1.6879002350885368,1.604072452510703,1.604072452510703
2024-11-05,1.9557351071580666,1.4921742597344738,1.6440465007825167,1.7889239797537497,1.5945070076745773,1.8898864650946716,1.568011664640174,1.6974458653163313,1.7298710448410068,1.6240156394165253,1.6240156394165253
2024-11-06,1.9708569685227757,1.5037118407724708,1.6567583671139927,1.8027560474580258,1.606756106318231,1.90440468647898,1.580057224466586,1.7105706187430425,1.7432465117041662,1.6302941326704155,1.6302941326704155
2024-11-07,1.9793942127569955,1.510225532759051,1.6639350171921266,1.810565121844282,1.6137161594948672,1.9126540765610265,1.5869016249709136,1.7179803696206193,1.7507978061251028,1.633825139589364,1.633825139589364
2024-11-08,1.9812800253936054,1.511664358019554,1.6655202848774089,1.812290087272681,1.6152535825639376,1.9144763043940656,1.5884135012399963,1.719617127508259,1.7524658299101885,1.634603430258901,1.634603430258901
2024-11-11,1.9751254878483975,1.506968608338569,1.6603466057436143,1.8066604906270924,1.610236049105008,1.9085292821943827,1.5834793423097084,1.714275404965768,1.7470220679943365,1.6320646098866887,1.6320646098866887
2024-11-12,1.9760851491792266,1.5077008046010816,1.6611533243258554,1.807538299263282,1.6110184202907074,1.9094565861870378,1.5842487131179586,1.71510832612782,1.7478708998954353,1.6324610984402408,1.6324610984402408
2024-11-13,1.963378476613699,1.4980059488612842,1.6504717343234643,1.7959154209030408,1.6006592090127065,1.8971783502877162,1.5740616370861844,1.704079793312031,1.7366316963514938,1.6272125521763166,1.6272125521763166
2024-11-14,1.938230539104345,1.4788187363908807,1.6293316635067014,1.7729124343088056,1.580157162035269,1.872878337241112,1.553900265166906,1.682253083554534,1.7143880454727622,1.6167914744106215,1.6167914744106215
2024-11-15,1.9461724150407755,1.4848781780826374,1.6360078300770866,1.7801769213320788,1.5866318366871013,1.8805524333294288,1.5602673525048472,1.6891460949965276,1.7214127295283215,1.6201038660600642,1.6201038660600642
2024-11-18,1.9532862027508608,1.4903058103173676,1.6419878821553409,1.786683950517612,1.5924314061255667,1.887426362219285,1.5659705526072203,1.6953203818368192,1.7277049596640808,1.6230648254494713,1.6230648254494713
2024-11-19,1.9539479743498196,1.4908107245780848,1.6425441861648171,1.7872892774241875,1.5929709204457825,1.8880658205638348,1.566501102014195,1.695894754848954,1.7282903045418951,1.6233397718969602,1.6233397718969602
2024-11-20,1.9644376401047943,1.4988140626454451,1.6513620972488514,1.796884244830558,1.6015227000899825,1.8982018014809812,1.5749107798462756,1.7049990756228475,1.73756853910095,1.6276971785007932,1.6276971785007932
2024-11-21,1.9705259799318087,1.50345930521492,1.6564801286998094,1.8024532899806769,1.6064862653565823,1.904084857981085,1.5797918673540576,1.7102833430209123,1.742953748344961,1.6302195221364144,1.6302195221364144
2024-11-22,1.9772103048055394,1.508559268642369,1.6620991621151882,1.8085674866381463,1.6119357119572313,1.910543804428641,1.585150762482473,1.7160848851509367,1.7488661134761367,1.6329844988513713,1.6329844988513713
2024-11-25,1.9875344762650304,1.516436338930954,1.6707779539921308,1.818011075305842,1.6203525711206068,1.9205198710968396,1.5934277617582893,1.725045568063765,1.757997966355589,1.6372478824468988,1.6372478824468988
2024-11-26,1.9815117174072823,1.5118411329098387,1.6657150517673371,1.8125020175068254,1.6154424712370914,1.9147001843425921,1.5885992512187659,1.7198182205137496,1.7526707642616317,1.6347672338583856,1.6347672338583856
2024-11-27,1.993821203663649,1.5212329459805753,1.676062755672708,1.8237615868942474,1.6254778733611137,1.9265946260444393,1.5984678987155057,1.7305020224629821,1.763558651774527,1.6398449592689295,1.6398449592689295
2024-11-29,1.9973950581141913,1.523959702584585,1.6790670392703257,1.8270306154571263,1.6283914853345922,1.930047979216744,1.601333096258483,1.7336038865334855,1.7667197686915583,1.641314641504005,1.641314641504005
2024-12-02,1.998321415002948,1.524666488436959,1.679845761192258,1.8278779602974586,1.629146704821045,1.930943101708369,1.6020757665373981,1.7344079016911989,1.767539142416141,1.641695248014119,1.641695248014119
2024-12-03,2.0107297866706535,1.5341337484661937,1.6902765909841022,1.8392279808318404,1.6392627240273985,1.9429330946571028,1.6120236915317319,1.7451775294928193,1.7785144952556065,1.646792217062623,1.646792217062623
2024-12-04,2.0074211342588364,1.5316093340169914,1.6874952437556128,1.8362015343470857,1.6365653200294024,1.9397360015855962,1.6093711093149417,1.7423058428642713,1.7755879527071308,1.645437320179694,1.645437320179694
2024-12-05,2.0112264751400803,1.5345127086569028,1.6906941214242683,1.8396823050959865,1.6396676530729533,1.9434130360551867,1.6124218920186069,1.7456086215081403,1.77895382213501,1.6469968957453651,1.6469968957453651
2024-12-06,2.0008692048214924,1.5266103848125625,1.6819875057059073,1.8302084406805557,1.6312238098134126,1.9334049865371983,1.6041183570315376,1.736619211023099,1.7697926929196373,1.6427561023106223,1.6427561023106223
2024-12-09,1.994648675141067,1.5218642848744512,1.6767583517081668,1.8245184805876198,1.6261524757652353,1.9273941972891775,1.6015446183463304,1.7312202117683075,1.76429056017254,1.640202508835472,1.640202508835472
2024-12-10,2.010068426237647,1.5336291479142439,1.6897206326124081,1.83862303002151,1.6387235449133464,1.9422940336150354,1.607735036662283,1.744603513344936,1.7779295140589841,1.6465423507207704,1.6465423507207704
2024-12-11,1.9997111559190592,1.5257268240699036,1.6810140168940473,1.8291491656060794,1.630279701653806,1.9322859840970472,1.5993704809945966,1.7356141028598946,1.7687683848436113,1.6423002851286705,1.6423002851286705
2024-12-12,1.9993141751928745,1.5254239382552266,1.680680303615918,1.8287860446813833,1.6299560601029093,1.931902388550814,1.599052975512315,1.735269550425464,1.768417250653161,1.6421372711959148,1.6421372711959148
2024-12-13,2.0078512138441185,1.5319374733874234,1.6878567808751608,1.8365949310195169,1.6369159456764637,1.9401515799816194,1.6058809054228398,1.742679122870915,1.775968363233502,1.6456432207682214,1.6456432207682214
2024-12-16,1.9995787604826722,1.5256258098468833,1.6809027215283738,1.8290280626151398,1.6301717652691463,1.932158052697889,1.6024924541788304,1.7354991925710423,1.7686512794999292,1.642253152146722,1.642253152146722
2024-12-17,1.93998436747052,1.4801568611371303,1.6308059814640925,1.7745166728425104,1.5815869839258432,1.874573030977475,1.5786125333173262,1.6837752880175723,1.7159393275953578,1.6177807278269984,1.6177807278269984
2024-12-18,1.9393883824238032,1.479702140279156,1.6303049794996716,1.7739715213351595,1.5812649639096221,1.8741913573522,1.578370049542665,1.6834324618871914,1.7155899526853955,1.617532227597095,1.617532227597095
2024-12-19,1.962682578240765,1.4974749967728938,1.6498867423781163,1.7952788780081175,1.5907613329818595,1.8854469111320098,1.5878490330559423,1.6935424031880724,1.725893017471604,1.6272464016097292,1.6272464016097292
2024-12-20,1.9744357569647362,1.5064423618816856,1.65976679836499,1.8060295891758462,1.6002077888079551,1.8966433053296679,1.5972781947021806,1.7035992062858367,1.731060620556709,1.6321186407578447,1.6321186407578447
2024-12-23,1.9963817396266905,1.5231865673279605,1.678215214957587,1.8261037262609443,1.617994203111295,1.9177246198003215,1.6150320463752983,1.722534822961227,1.7406810466028644,1.6411891935134801,1.6411891935134801
2024-12-24,1.9965147518120048,1.5232880521141314,1.6783270287799328,1.8262253933962516,1.6181020046106325,1.9178523913269023,1.615139650516118,1.7226495896496483,1.7407390344579294,1.641243866965158,1.641243866965158
2024-12-26,1.975498004200468,1.5072528284816005,1.6606597535737389,1.8070012338252017,1.601068701245476,1.8976637001949594,1.598137531016888,1.7045157433477736,1.7315769000655967,1.6326054113540276,1.6326054113540276
2024-12-27,1.9529541862450155,1.4900524904878993,1.6417087796467036,1.7863802527996497,1.582797763356243,1.8760081050453303,1.5799000428035792,1.6850642974143786,1.7216967700103036,1.6232899984534848,1.6232899984534848
2024-12-30,1.9458494441858636,1.4846317598460463,1.6357363315996445,1.7798814977315103,1.5770396304109584,1.8691832886819457,1.574152451609469,1.6789341243306801,1.7185650499881056,1.6203372776965304,1.6203372776965304
2024-12-31,1.9410686120846574,1.4809841111560873,1.6317174282941564,1.7755084386409814,1.5731649412809896,1.8645908205974955,1.5702848560997889,1.674809086712074,1.716453845808475,1.618346743306745,1.618346743306745
2025-01-02,1.9653385047045575,1.4995013985542562,1.6521193896283246,1.79770827170369,1.5928347993996452,1.8879044833470835,1.5899187034573365,1.6957498388525563,1.727184571725486,1.6284641346852078,1.6284641346852078
2025-01-03,1.976660164762417,1.5081395263119313,1.6616366987634152,1.8080642698621299,1.6020105897705983,1.8987800718174663,1.599077695171531,1.7055184884631456,1.7370479471260467,1.6331546542331603,1.6331546542331603
2025-01-06,1.9543157622934475,1.4910913370702945,1.6428533591604533,1.7876256955154777,1.583901270821639,1.8773160352161886,1.5810015300132378,1.6862391038709694,1.7174121497692731,1.6239239666474057,1.6239239666474057
2025-01-07,1.9571708986607468,1.4932697307493377,1.6452534679158441,1.7902373078418274,1.586215254164447,1.8800586796692886,1.5833112770112354,1.688702596558443,1.7199211843792657,1.6251101936799972,1.6251101936799972
2025-01-08,1.9272900298835378,1.4704714166603474,1.620134760595149,1.7629050773696238,1.5619979055953832,1.8513551123215972,1.5591382645603444,1.6629205349479708,1.6936624967742406,1.6127046075150169,1.6127046075150169
2025-01-10,1.930278384019127,1.472751451979945,1.6226468559917766,1.7656385448794034,1.5631307814299082,1.8526978512973413,1.5615557820115897,1.6641266073005838,1.6948908654599883,1.6139548948118494,1.6139548948118494
2025-01-13,1.9329343104829189,1.474777853761307,1.624879503241985,1.7680679385749758,1.5642061601014867,1.8539724418676466,1.5637043722669994,1.6663331214229893,1.6971381708117366,1.615065238675197,1.615065238675197
2025-01-14,1.9680941389115905,1.5016038747116502,1.6544358540405695,1.8002288687387122,1.5925806602234076,1.8876032653611423,1.592147955240254,1.6966435082460198,1.728008897551841,1.6297541539644973,1.6297541539644973
2025-01-15,1.9643095619108981,1.4987163423644796,1.6512544310798845,1.7967670908501918,1.5895181826623688,1.8839734695280688,1.589086309755941,1.6933809214252324,1.7246859961715832,1.6281871735122084,1.6281871735122084
2025-01-16,1.9840309311921964,1.5137632265261254,1.6678327744551653,1.8148063592008836,1.605476703492012,1.9028882766588693,1.6050404946472803,1.7103822083572395,1.7332575544326618,1.6363605493208233,1.6363605493208233
2025-01-17,2.0021919256875065,1.5276195859164623,1.6830994224492957,1.8314183423012158,1.6201725699304181,1.920306525020968,1.619732368211229,1.7260383361839298,1.741190314051004,1.643849831484056,1.643849831484056
2025-01-21,2.013447182444197,1.5362070497082436,1.692560911082659,1.8417136009160633,1.6292803173100565,1.9311014656624539,1.6288376410112275,1.735741204523572,1.750891299225461,1.6484702556515447,1.6484702556515447
2025-01-22,2.0244364148302587,1.5445915439276834,1.7017987720713306,1.851765525260296,1.6381727979199636,1.9416412617655074,1.6377277055295867,1.7452147400724,1.760447522769684,1.6529688645246303,1.6529688645246303
2025-01-23,2.018526315443225,1.5400822941087653,1.6968305745986938,1.8463595178324517,1.6333903488502288,1.9359728729008654,1.63294655585372,1.7401197948866758,1.7553081073012566,1.650556042318547,1.650556042318547
2025-01-24,1.9899739238553515,1.5182975730464152,1.67282862295033,1.8202424543283409,1.6102857697821158,1.9085882135344463,1.6098482543116037,1.7155055099931422,1.7304789811939612,1.6388823469851124,1.6388823469851124
2025-01-27,2.0070724655319547,1.5313433089824537,1.6872021429168207,1.8358826047311951,1.624121900002615,1.9249874611433635,1.6236806252484173,1.7302457244790845,1.7453478529041522,1.645923267918057,1.645923267918057
2025-01-28,1.998074921015017,1.5244784200310564,1.679638551342192,1.8276524905984888,1.616841092086029,1.9163578971023894,1.6164017955310808,1.7224891719885318,1.7375235987859112,1.6422339970698738,1.6422339970698738
2025-01-29,2.0087989513623534,1.5326605720956885,1.6886534759617353,1.8374618328645969,1.6255189713567137,1.926643337367284,1.6250773170175117,1.7317340836578,1.7468492029495069,1.6466410808675773,1.6466410808675773
2025-01-30,1.9981082254570894,1.5245038304411949,1.6796665480025013,1.827682954394346,1.6168680420216521,1.9163898394634604,1.6164287381443927,1.722517882894337,1.737552560289525,1.6422594108034914,1.6422594108034914
2025-01-31,1.984661659761816,1.5142444557749233,1.6683629828121314,1.8153832908409502,1.6059870886925809,1.9034932097685375,1.6055507411759282,1.7109259432894024,1.7258594425928704,1.6367334966476157,1.6367334966476157
2025-02-03,1.9979752132717752,1.524402345655024,1.6795547341801556,1.8275612872590385,1.6167604086367866,1.9162622671942444,1.616321134003573,1.72240321649893,1.737436893049784,1.6422232835042267,1.6422232835042267
2025-02-04,2.006076210431441,1.5305831926396654,1.686364662572018,1.8349713235291865,1.6233157309407,1.9240319507621875,1.6228746752230503,1.7293868784943198,1.7444815106417342,1.6455525655861147,1.6455525655861147
2025-02-05,2.0130485570542063,1.5359029090584984,1.6922258152534038,1.8413489756063866,1.6289577498707146,1.930719143204943,1.6285151612136244,1.7353975597929785,1.7505446550556663,1.648412218378363,1.648412218378363
2025-02-06,1.994622154937195,1.5218440506589703,1.6767360580712543,1.8244942223798073,1.614047115735459,1.913046341829617,1.6136085783053198,1.7195126308589148,1.7345210774699162,1.6408678632548872,1.6408678632548872
2025-02-07,2.008167811626783,1.5321790291381236,1.6881229219669884,1.8368845251282853,1.625008253440891,1.92603800990748,1.6245667378640087,1.7311899942700106,1.7463003645785573,1.6464395031500954,1.6464395031500954
2025-02-10,2.009695498719626,1.5333446140624445,1.689407139144502,1.838281910727155,1.6262444569693868,1.9275032178403155,1.6258026055153711,1.732506974152963,1.7476288394757982,1.6470657566841742,1.6470657566841742
2025-02-11,2.003221279647118,1.5284049558150057,1.6839647266355178,1.8323598992509593,1.62100552257033,1.9212937805881483,1.6205650945374805,1.7269257158466869,1.7419988661930754,1.6444127516537121,1.6444127516537121
2025-02-12,2.02437001152909,1.5445408799617895,1.7017429515696034,1.8517047857167035,1.6381190644063448,1.9415775742184342,1.637673986615391,1.7451574954886035,1.760389778537171,1.653093081865197,1.653093081865197
2025-02-13,2.024270509368824,1.5444649624401408,1.7016593072264576,1.8516137704253763,1.6380385473147296,1.9414821414853576,1.6375934914003112,1.7450717172268153,1.7603032515757573,1.6530524553167327,1.6530524553167327
2025-02-14,2.0302132964490034,1.5489991521060469,1.7066549829027313,1.8570496775047107,1.6428474472472059,1.9471818811858659,1.6424010847522066,1.750194841634904,1.7654710922236574,1.6554789439527249,1.6554789439527249
2025-02-18,2.034994334133185,1.5526469576503894,1.7106740590271101,1.861422924643362,1.6467162602277872,1.951767384575184,1.6462688465743145,1.7543164516682699,1.7696286769646392,1.6574282236737892,1.6574282236737892
2025-02-19,2.0265284271915522,1.5461876941349084,1.703557377104083,1.8536791029556399,1.6398656531354094,1.9436477152609373,1.6394201007954015,1.7470182103037186,1.7622667342559346,1.653980638373746,1.653980638373746
2025-02-20,1.9918663151471858,1.519741417647192,1.6744194208401182,1.8219734372966623,1.6118170917414494,1.9104032100385175,1.6113791602099747,1.717136892017443,1.7321246024332433,1.6398356450350704,1.6398356450350704
2025-02-21,1.982802367329079,1.5128258647299009,1.666800008763762,1.8136825836203636,1.604482550311244,1.9017099584504693,1.607632316936198,1.7093230949430935,1.7242426040824885,1.6361046253868539,1.6361046253868539
2025-02-24,1.972941579896942,1.5053023442218862,1.658510750666676,1.8046628554209563,1.5965032067176088,1.892252456297535,1.6036348129974427,1.7008223628631831,1.7156676749415702,1.6320363228183512,1.6320363228183512
2025-02-25,1.9739376294144801,1.5060623037102912,1.6593480581925886,1.805573948574842,1.5968263829094167,1.892635500277774,1.6040396145633047,1.7016810316201345,1.716533838429275,1.6324482937070262,1.6324482937070262
2025-02-26,1.9424297769671384,1.4820226440297148,1.6328616621701249,1.776753505260564,1.5840821681715742,1.8623307548746806,1.5912378312794166,1.6745189196781114,1.6891346470383384,1.6194197817622762,1.6194197817622762
2025-02-27,1.9727423699934348,1.5051503523242054,1.658343289161494,1.8044806367901793,1.5964423674058992,1.8767689420994373,1.6036538643735272,1.687501048448968,1.7154944422440295,1.6320557116078174,1.6320557116078174
2025-02-28,1.9381801712752857,1.4787803070669048,1.6292893228784566,1.7728663625187742,1.582457632454285,1.8603285639457743,1.5896059571610437,1.6578518668304596,1.6854391949321792,1.617759005995957,1.617759005995957
2025-03-03,1.9152385502617453,1.4612764558409925,1.610003944397729,1.7518815083760357,1.5730921091113588,1.8493185057718158,1.5801981275973815,1.6479572421316375,1.6753799196614507,1.608184557098778,1.608184557098778
2025-03-04,1.9358227512922919,1.4769816578504888,1.6273076086576859,1.7707100146971837,1.5815455845828839,1.8592563654413368,1.588689789359858,1.6568130275263984,1.6843830689203612,1.6168266122132746,1.6168266122132746
2025-03-05,1.9014599680606261,1.4507637613452529,1.5984212766987218,1.7392781471046783,1.5675085793721175,1.8427545386560318,1.5745893757714522,1.6421079862507229,1.6543993715023069,1.6024764703003376,1.6024764703003376
2025-03-06,1.9121171839408417,1.458894935735224,1.6073800351787557,1.7490263737309488,1.5719013295759248,1.847918631842999,1.579001969037196,1.6467097921267493,1.6589529025067606,1.6069672137221873,1.6069672137221873
2025-03-07,1.8611870854419263,1.4200366150210986,1.5645667472671207,1.7024402720843281,1.550967181235476,1.8233085612029307,1.5579732563389228,1.6247793653159575,1.6368594253288618,1.5855660676086627,1.5855660676086627
2025-03-10,1.845715116269505,1.4140632611637378,1.5515605703646171,1.6882879584273036,1.5445206190915592,1.8157300178981222,1.5514975735926584,1.6180260043967927,1.6300558538968521,1.5789756959284686,1.5789756959284686
2025-03-11,1.855509500400473,1.4178151616177257,1.555599711133778,1.6972469470831186,1.5486186589537887,1.8205476512145162,1.5556141252424995,1.6223190743514313,1.634380842365351,1.5831651546274481,1.5831651546274481
2025-03-12,1.8307745790894128,1.4083650492769715,1.5452312283968,1.6746217491671407,1.538296706772516,1.8084132205133778,1.5452455464316817,1.6115058894453842,1.6234872625913088,1.5726129409325922,1.5726129409325922
2025-03-13,1.868590539564852,1.4229104437910622,1.5611901574003728,1.7092122610745724,1.554184017020111,1.8270902558107027,1.5612046233098884,1.6281492937501116,1.6402544088188549,1.5888546643803392,1.5888546643803392
2025-03-14,1.8830002615015422,1.4283968634752315,1.5672097522720445,1.7223929300822414,1.5601765978048034,1.8341351011050602,1.5731658643765927,1.634427067852463,1.6465788574971658,1.5949809273113464,1.5949809273113464
2025-03-17,1.862647752484673,1.4206774115351757,1.5587401170663098,1.703776353995238,1.5517449717121417,1.8242229274461914,1.5561622170089477,1.6255941716718336,1.6376802896824503,1.586361208990396,1.586361208990396
2025-03-18,1.8829338582003732,1.4284137138284745,1.5672282401577342,1.722332190538649,1.5601950027225588,1.8341567378260157,1.5731103872697558,1.634446348679905,1.6465982816754883,1.594999742804945,1.594999742804945
2025-03-19,1.8774883763385481,1.4263482135093954,1.5649620126644126,1.7173511718678287,1.5579389453599395,1.8287606125216294,1.5685609209976301,1.6320829231386675,1.644217284319281,1.5926933574448767,1.5926933574448767
2025-03-20,1.8781080034274769,1.426583582207938,1.56522025470426,1.717917948909276,1.5581960284890837,1.8293641579970448,1.5690785928242756,1.6323522411284084,1.6444886046593399,1.5929561755696298,1.5929561755696298
2025-03-21,1.9117419950100876,1.4393575281440363,1.5792355841676293,1.7486831859072458,1.5721484614723347,1.862125223164391,1.597178348582302,1.6469686852939656,1.65921372051686,1.6072198586226807,1.6072198586226807
2025-03-24,1.9163375968501375,1.441087550846392,1.5811337320284329,1.750697565613994,1.5758491131654135,1.866601552148278,1.6010177765892144,1.6508454549522034,1.6612079973719343,1.6091516419278888,1.6091516419278888
2025-03-25,1.8934597065590812,1.4324854540805974,1.5716956757808562,1.740247353995548,1.5570360902484104,1.8443174276822363,1.5819042816042788,1.631137100188427,1.6512919642113448,1.5995463420093854,1.5995463420093854
2025-03-26,1.888431352555065,1.4305833687223062,1.569608744060833,1.737936615689333,1.5529011574417195,1.839419578052779,1.577703307746308,1.6288896839965592,1.6490993428074463,1.5974224295686847,1.5974224295686847
2025-03-27,1.8504015857848393,1.4161786216860257,1.5538041307831578,1.7204370851751114,1.5216283930095795,1.802376824313657,1.5459310705691263,1.6124881625186929,1.6158068570372026,1.5813377563429862,1.5813377563429862
2025-03-28,1.8628229091800175,1.4209318635715806,1.5590192969799148,1.726211535861975,1.5266594835957399,1.8083361775402245,1.556308552906858,1.6179002949691323,1.6211493379641093,1.5866453360109454,1.5866453360109454
2025-03-31,1.8680841886955655,1.4229384739879434,1.561220911596936,1.7310006653221153,1.5288154003575205,1.8108898722691307,1.5607041260281298,1.6201850601065408,1.6234386913324415,1.5888859635455481,1.5888859635455481
2025-04-01,1.8799064432993906,1.4274410389758765,1.5661610398902448,1.7419553806977208,1.5336529887849182,1.8166200211722174,1.5705811121140882,1.6253117670295487,1.6285756936310465,1.5939136316001117,1.5939136316001117
2025-04-02,1.7872629422706534,1.3922682419906378,1.527570118935799,1.6561102336272917,1.495863081007685,1.7718576769076497,1.4931814450218872,1.5852633452324114,1.5884468471966775,1.5546388741526884,1.5546388741526884
2025-04-03,1.682631281176656,1.3515144907091323,1.482855881539161,1.6075506313889227,1.4520769555212547,1.7199927812696683,1.4057661849545098,1.5388603417458724,1.5419506578977047,1.5091322942430647,1.5091322942430647
2025-04-04,1.679634189764597,1.3503108364924625,1.4815352551257575,1.6061189522546753,1.45078374071486,1.7184609615385085,1.4044439260538963,1.537489837950359,1.540577401877119,1.5077882661457227,1.5077882661457227
2025-04-07,1.6533265586890034,1.3397360698140115,1.4699328231334687,1.5935408608116342,1.439422134820619,1.7050030796766547,1.3934452238072594,1.525449205625251,1.5285125897355956,1.4959802374429283,1.4959802374429283
2025-04-08,1.8269577255615268,1.410085129375321,1.5471184674224188,1.6772171187377052,1.515005673830971,1.7945321786588448,1.4666145317431485,1.60554999520777,1.6087742365168518,1.5745336220965374,1.5745336220965374
2025-04-09,1.746902275721306,1.3791908733764713,1.513221879906266,1.6404701352028241,1.4818126614716542,1.755214881163324,1.4022756274687027,1.5703732023052914,1.5735268021088855,1.540036382329605,1.540036382329605
2025-04-10,1.7780717385905533,1.3914951216778144,1.5267218660973068,1.6551053479671445,1.4950324349452018,1.7708737722834298,1.4272960185405439,1.5843830556040126,1.5875647897839107,1.5537755901557817,1.5537755901557817
2025-04-11,1.7953217949202886,1.3982449531695744,1.5341276522696052,1.6631338936845155,1.502284502777411,1.7794638847242683,1.4411430058047068,1.5920685433050634,1.5952657113655633,1.5613126078902857,1.5613126078902857
2025-04-14,1.7902930297503208,1.3962866843122927,1.5319790770877502,1.6608046427888772,1.500180524536762,1.7769717114464647,1.437106309000246,1.5898388207947516,1.593031511160102,1.559125959657026,1.559125959657026
2025-04-15,1.7504985387162055,1.3807684096453603,1.5149527225651827,1.6423465260536252,1.4835075778623403,1.757222518531131,1.4051624242963234,1.5721694153822119,1.5753266223138431,1.5417978957614522,1.5417978957614522
2025-04-16,1.7529961662886653,1.3817534562406122,1.516033496872377,1.6435181836918011,1.4845659190572833,1.7584761292357847,1.407167323093486,1.5732910083437566,1.5764504676414737,1.5428978215398645,1.5428978215398645
2025-04-17,1.7112700176143467,1.3653086826423866,1.497990605421088,1.623958048478597,1.466897535222036,1.737547835774631,1.3736728556997833,1.554566673463691,1.557688530834227,1.5245352075396428,1.5245352075396428
2025-04-21,1.7557937394227532,1.3830699428008846,1.5174779207777713,1.6450840705659184,1.485980361750696,1.7601515440359017,1.4094129945752367,1.574789985211538,1.5779524547320154,1.544367840837994,1.544367840837994
2025-04-22,1.783000179268352,1.3937854409702308,1.5292347606735095,1.6578295542186623,1.4974931705778316,1.7737885265660065,1.431252182740427,1.5869908571135518,1.5901778282411487,1.5563330135737876,1.5563330135737876
2025-04-23,1.820530790573442,1.4084544298564832,1.5453292950612234,1.6752774931849395,1.5132536384595694,1.7924568835583468,1.4613788030148203,1.6036932494339777,1.6069137620541727,1.5727127453519654,1.5727127453519654
2025-04-24,1.8336846061112386,1.413542657383217,1.5509120011043291,1.6813296542453509,1.5187204669596046,1.7989323706327383,1.4719376506351058,1.609486802965588,1.612718950112692,1.5783943777235292,1.5783943777235292
2025-04-25,1.8343837938117848,1.4138121507401842,1.5512076840675246,1.6816502014678378,1.5190100125738086,1.799275338933685,1.4724989034797145,1.6097936532748163,1.613026416634088,1.5786953002300055,1.5786953002300055
2025-04-28,1.8459392017130785,1.4182651927242882,1.5560934766670587,1.6869468449758123,1.523794393127282,1.8049424628306188,1.4817746752791146,1.614863972355059,1.6181069178527117,1.5836676697547345,1.5836676697547345
2025-04-29,1.8466718994386728,1.4185466645300862,1.5564023021554898,1.6872816398908792,1.5240968084736493,1.8055686408400695,1.4823628273338587,1.6151844615560553,1.6184280506552924,1.5839819676738236,1.5839819676738236
2025-04-30,1.8597591060923249,1.42357322429747,1.5619173475110615,1.6932604506127178,1.5294973806864849,1.8118763180863509,1.4928682065855314,1.6209077989931433,1.6241628816123863,1.5895947404010489,1.5895947404010489
2025-05-01,1.887365610408745,1.4341390766792563,1.5735099989073376,1.7058279390002014,1.5408494089958382,1.8253241811004943,1.5150285350140587,1.6329382813289568,1.63621752338156,1.6013928151943073,1.6013928151943073
2025-05-02,1.87654269465007,1.4300271106861486,1.5689984283696294,1.7009369862402337,1.5364314829569203,1.8147657697154473,1.5063407502435737,1.6282563179190928,1.6315261577233207,1.596801298998449,1.596801298998449
2025-05-05,1.860857947097741,1.4240507973605727,1.5624413315529309,1.6938284969669395,1.5300104886437258,1.7995973735762363,1.493750269641819,1.6214515728499144,1.6247077474676235,1.5901280095131032,1.5901280095131032
2025-05-06,1.8686838742358454,1.427045254244959,1.565726792444066,1.6973902353635706,1.5332277548040298,1.8032915401399856,1.5000323078763724,1.6248611189377495,1.6281241405545395,1.5934716892287195,1.5934716892287195
2025-05-07,1.8817044720053522,1.4320169304365797,1.5711816205887386,1.703303765152443,1.5385693597056378,1.8157663332473908,1.5104842187594318,1.6305219648819709,1.6337963545242924,1.5990231776876833,1.5990231776876833
2025-05-08,1.8793067577591098,1.4311045747914584,1.5701806014034292,1.7022185693195842,1.537589118193891,1.81345263900377,1.5085595225151889,1.629483139231564,1.6327554427198667,1.5980044203030215,1.5980044203030215
2025-05-09,1.9414131691520247,1.4547517971252575,1.5961258820206865,1.7583875458679705,1.5629958651056317,1.8733827356601733,1.5584136604462127,1.656408320494576,1.6597346947262015,1.6244094549056156,1.6244094549056156
2025-05-12,1.9542341458520727,1.459555344147513,1.6013962420524641,1.7641057696943605,1.5732396467215175,1.8857544434376898,1.568705331249262,1.6618777313392812,1.6652150891593556,1.6297732064510373,1.6297732064510373
2025-05-13,1.9567317734245322,1.4604880434555285,1.602419581916081,1.7652330857891272,1.5752503406437777,1.8881645498739197,1.5707102300464244,1.6629397206747605,1.6662792111658171,1.6308146800395342,1.6308146800395342
2025-05-14,1.9662889148014775,1.4640547281949023,1.6063328802785732,1.769543994006921,1.5829442363601363,1.8973867926928727,1.5783819507874313,1.6670008163823269,1.6703484623045939,1.6347973225939243,1.6347973225939243
2025-05-15,1.9787433370557526,1.4686913702598219,1.6164270338364293,1.7806637619094434,1.5929705635067706,1.9094047907184923,1.5883793805372795,1.672280186038831,1.6756384339116963,1.6399747042092294,1.6399747042092294
2025-05-16,1.9809079202074875,1.4702245637646056,1.6181952726261337,1.7826116622286778,1.5947131428390184,1.9114935231793586,1.5901169374913764,1.6731948548207523,1.6765549395176838,1.6408717032154987,1.6408717032154987
2025-05-19,1.9742478541248958,1.4652814805192742,1.612754692909991,1.7766182935572061,1.5893515130501017,1.9050668371880748,1.5847707607333816,1.670382107143669,1.6708343193815323,1.6381132928257505,1.6381132928257505
2025-05-20,1.9409804169880582,1.4405904775942364,1.5855786647069339,1.7466810507365633,1.562569844558853,1.872965147871198,1.5580662810760564,1.6563085622167246,1.656673422694666,1.6243116237804383,1.6243116237804383
2025-05-21,1.9417460079897735,1.4411586971894215,1.5862040727469053,1.7473700032286166,1.562799882342306,1.87370391125654,1.558680837263449,1.6566352154173956,1.657000147852245,1.6246319666216806,1.6246319666216806
2025-05-22,1.9284922791257593,1.4313218150514022,1.575377157889515,1.7354430219691677,1.557466299622411,1.8609146156900478,1.5480417870902436,1.6509813879133413,1.6513450748929341,1.6190873610190906,1.6190873610190906
2025-05-23,1.9685869213044782,1.4610799513106234,1.6081303009151855,1.7715240411884676,1.5736566817838273,1.8996042731228817,1.564056796208059,1.668143890638558,1.6685113582657245,1.6359183146865781,1.6359183146865781
2025-05-27,1.957197830030571,1.4526269982081381,1.5988266005912382,1.7612750403540787,1.5644737428009907,1.8886142750604316,1.5549298765364894,1.6633184387311806,1.6636848433820821,1.6311860819360233,1.6311860819360233
2025-05-28,1.9649234326765064,1.458360919842794,1.6051376126036143,1.7682272814117783,1.567483224991465,1.8960691593938819,1.561067616004669,1.6666012283230467,1.6669683561243362,1.6344054538659474,1.6344054538659474
2025-05-29,1.9627259562486503,1.4567299587115017,1.6033425034362525,1.7662497805558282,1.5666067258412444,1.8939486862934733,1.5593217926146008,1.6656693047546847,1.6660362272668836,1.6334915334050524,1.6334915334050524
2025-05-30,1.9737817975188572,1.4649355745519583,1.6123739732465603,1.776198890952618,1.5753529363118832,1.9046171120015627,1.568105298112878,1.6703605800148387,1.6707285359461557,1.6380921815627987,1.6380921815627987
2025-06-02,1.9850374654414986,1.4732895011997509,1.6215686806011353,1.7863278246099543,1.5843365278792865,1.9154783620948699,1.5770475593726991,1.6751232706079304,1.6754922756901156,1.6427628654361435,1.6427628654361435
2025-06-03,1.9845043887853633,1.472893853130386,1.6211332125432283,1.7858481109118085,1.5839110584192997,1.9149639653552908,1.576624047346275,1.6748983456059452,1.6752673011404522,1.6425422855855423,1.6425422855855423
2025-06-04,1.9749137373833696,1.465775697293926,1.6132986501176887,1.7772175194223399,1.576256382068415,1.9057093867598043,1.569004587437016,1.6708511471574916,1.6712192111535535,1.6385732718199122,1.6385732718199122
2025-06-05,1.9951940867757485,1.4808277184071945,1.6298655814622391,1.7954677303342836,1.592442927108437,1.925279078069477,1.5851166639440268,1.6794301155462341,1.6798000693631774,1.646986509782789,1.646986509782789
2025-06-06,1.996992321064686,1.4821623630900846,1.6313345514207864,1.797085954675849,1.5938781686689862,1.9270142991574433,1.586545302468952,1.680186936358722,1.6805570568921877,1.6477287101619247,1.6477287101619247
2025-06-09,2.0083145978714727,1.490565726673656,1.6405836712901176,1.8072748294200345,1.602914923408405,1.9379398240458234,1.5955404823159547,1.6849499846138245,1.685321154376946,1.6523997447878858,1.6523997447878858
2025-06-10,2.0025870561669104,1.4863147605292266,1.6359048667805565,1.8021206359644473,1.5983435469505445,1.9324129851855578,1.5909901371342448,1.6800604036687254,1.6829179583817802,1.6500434933168981,1.6500434933168981
2025-06-11,2.0105457899073524,1.4922217114391079,1.6424063225945777,1.8092826708261178,1.6046957255870538,1.9400928313017625,1.597313091657559,1.6833148705990701,1.6862621066165657,1.6533223162731883,1.6533223162731883
2025-06-12,1.9880677585041417,1.4755385766114117,1.624044114142805,1.7890547740548692,1.5867551240382545,1.918402468512684,1.579455028431507,1.6739050862726557,1.6768358471459177,1.6440801912911627,1.6440801912911627
2025-06-13,2.0069826257715495,1.4895771405412166,1.6394955889348608,1.8060761926864108,1.5942241362889065,1.9366545265233661,1.5868896784149813,1.681868017211415,1.6848127200020673,1.6519012422745167,1.6519012422745167
2025-06-16,1.989832893933983,1.4768486554095477,1.625486045783835,1.790643212856365,1.5874127877313122,1.920105750582111,1.5732503099970434,1.6746822087467634,1.6776143302468374,1.6448434673432912,1.6448434673432912
2025-06-17,1.9895331539553307,1.4766261891985433,1.6252411894674335,1.790373477965545,1.5872932271700817,1.9198165140042838,1.5730531536080703,1.6745560752380075,1.6774879758969148,1.644719581225193,1.644719581225193
2025-06-18,1.9848604584993723,1.4731581271204122,1.621424084381367,1.786168536721753,1.585429237662009,1.9153075577783334,1.571205886497132,1.6725896112592704,1.6755180689298417,1.642788154825427,1.642788154825427
2025-06-20,2.0044658789823444,1.4877092178010833,1.6374396691643636,1.8038113816209658,1.5932592608551408,1.9342259708404022,1.5789656642533443,1.6808500968978881,1.683793017460234,1.6509014588115793,1.6509014588115793
2025-06-23,2.026609632466976,1.504144252451075,1.6555288074031949,1.823738462937843,1.6020597948725603,1.9555937693801342,1.5876872460963025,1.6901344480511296,1.6930936241427266,1.660020385532822,1.660020385532822
2025-06-24,2.0277452728250522,1.5049871216894755,1.65645650719181,1.824760421467946,1.6028774295279762,1.9566896149603248,1.5884975455111714,1.6909970328943806,1.6939577192447905,1.660485493887889,1.660485493887889
2025-06-25,2.043609905481168,1.5167618096435123,1.669416258275741,1.839036945329188,1.6154179897023873,1.9719983237904697,1.5946321481975172,1.6975274773196243,1.700499597514858,1.666981130382368,1.666981130382368
2025-06-26,2.053763237487806,1.524297585520794,1.6777104720990792,1.8481738909998462,1.6234439222127712,1.981795865701123,1.5985934789744143,1.7017444171625438,1.7047239205973639,1.6711221880324063,1.6711221880324063
2025-06-27,2.0635829083247916,1.531585718969777,1.6857321195290569,1.8570105762261964,1.6312061046530093,1.9912714384994212,1.6024151614057547,1.7058126977024306,1.7087993240963275,1.6751172614457697,1.6751172614457697
2025-06-30,2.0629149692365605,1.5310899763637738,1.6851864829227552,1.8564095003275172,1.630678116989483,1.99062690513772,1.6021558270902883,1.705536629565454,1.7085227726047683,1.6748461610475796,1.6748461610475796
2025-07-01,2.072266733220726,1.5380308305972248,1.6928258992305594,1.8648251179190896,1.6380704318020864,1.999650967338532,1.6057873347831013,1.7131830218836483,1.7123953756856611,1.6786424314323203,1.6786424314323203
2025-07-02,2.0885990671466863,1.5501526451836585,1.7061677134968036,1.879522524411755,1.6509806970963874,2.015410988387166,1.6121152496565392,1.7266852784904525,1.7258058047799985,1.6852574458734941,1.6852574458734941
2025-07-03,2.0730347912181504,1.5386008811900314,1.693453322548855,1.8655162904513964,1.6386775607374309,2.0003921112718395,1.606108494466197,1.7138179902976636,1.7129450704403242,1.6726146157247972,1.6726146157247972
2025-07-07,2.07189935644305,1.5377581645347664,1.6925257907001003,1.864494516924648,1.6377800304617596,1.999296464070646,1.6056686486312584,1.7128793043901138,1.7120068626451372,1.6716984975737268,1.6716984975737268
2025-07-08,2.0843237635828644,1.5469795263057133,1.7026752361608082,1.8756751946521573,1.6476011860312307,2.011285498762683,1.6104829464300854,1.723150802275822,1.7222731288233246,1.6817230495309845,1.6817230495309845
2025-07-09,2.090202203191632,1.5513424884713205,1.7074773085278718,1.880965180569927,1.6522479324919483,2.0169579478068482,1.6149444837930473,1.7280106220912261,1.7271304733273223,1.6864660302319994,1.6864660302319994
2025-07-10,2.0828542564721606,1.5458888620558793,1.7014748020389727,1.8743527906743924,1.646439580669924,2.0098674856911405,1.6092672694050347,1.721935932301684,1.7210588776337543,1.6805373872923732,1.6805373872923732
2025-07-11,2.086828586559476,1.5488385992240095,1.7047214154194046,1.8779292755230432,1.6495811803963907,2.013702548463813,1.6107221413410588,1.7252215879172463,1.724342859726196,1.6837440496310463,1.6837440496310463
2025-07-14,2.077911219403083,1.542220153155066,1.697436856036536,1.86990457001947,1.6425322444489863,2.0050976610839535,1.6072806989500117,1.7178494278727279,1.71697445463403,1.6765491300364734,1.6765491300364734
2025-07-15,2.0848580737368545,1.547376089873889,1.7031117118578776,1.87615601837043,1.6480235436605029,2.011801085776245,1.6099674222288567,1.7235925268229382,1.7227146283814798,1.6821541541977656,1.6821541541977656
2025-07-16,2.0976167587952483,1.5568455518225406,1.713534227531527,1.8876375115523107,1.658108936823355,2.024112684717629,1.6148936729778287,1.7341403787346608,1.7332571078269088,1.692448416115849,1.692448416115849
2025-07-17,2.0960804372174238,1.5557052980537924,1.712279212955075,1.8862549814843421,1.656894516444921,2.0226301984720165,1.614302288497016,1.7328702719472049,1.7319876479584617,1.6912088450597293,1.6912088450597293
2025-07-18,2.100054972887715,1.5586551878050579,1.7155259942753676,1.8898316513363476,1.660036278679133,2.026465459623686,1.6158327884516792,1.736156097522193,1.7352717999237617,1.6944156732716873,1.6944156732716873
2025-07-21,2.10035553519827,1.5588782643486025,1.7157715223512102,1.8901021262405855,1.6602738650023325,2.0267554897175017,1.6159484183858093,1.7364045782024098,1.7355201540422776,1.694452205859096,1.694452205859096
2025-07-22,2.118224396285031,1.5721404852869194,1.730368519133767,1.9061822478045742,1.6743987131828126,2.0439981953907456,1.6228222921961262,1.7511771115560955,1.7502851631210514,1.7016600167694984,1.7016600167694984
2025-07-23,2.118925639815335,1.572660946360812,1.7309413619974467,1.906813294246678,1.6749530271010302,2.044674866149984,1.6230909119030918,1.7517568431567931,1.7508645994399694,1.7019416861902712,1.7019416861902712
2025-07-24,2.1278767225797517,1.5793044160639154,1.7382534635174143,1.9148683403003848,1.6820286143186158,2.053312287685374,1.6265191636580434,1.759156876547109,1.7582608636808612,1.705536484565222,1.705536484565222
2025-07-25,2.127342412425762,1.5789078524957398,1.737816987820345,1.9143875165821123,1.681606256689344,2.0527967006718124,1.6263149540589676,1.758715151999993,1.757819364122706,1.7050229472820897,1.7050229472820897
2025-07-28,2.121731025102502,1.5747430958226531,1.733233069331886,1.909337850021802,1.67717060778939,2.0473819459449296,1.6241700517941673,1.7540761094784343,1.753182684461357,1.702688988052669,1.702688988052669
2025-07-29,2.119059268749577,1.57276012539864,1.7310505229066795,1.9069335464270851,1.6750586571352848,2.044803812498124,1.6231474465245144,1.7518673167834287,1.750975016797723,1.7004597693310077,1.7004597693310077
2025-07-30,2.1111104029919705,1.5668604984792445,1.7245571282059553,1.899780391726429,1.6687752951746062,2.0371334885737817,1.6201031283812002,1.7452958355928783,1.7444068827399812,1.6971854239314228,1.6971854239314228
2025-07-31,2.076508115593549,1.541178773257876,1.6962906664895967,1.8686419221252002,1.6414231290893175,2.0037437244284875,1.6068259274390142,1.716689454793057,1.7158150723776207,1.6692827405786166,1.6692827405786166
2025-08-01,2.108070653112442,1.5646044042433676,1.7220739694307088,1.8970449321272076,1.653815721216674,2.0342002567220985,1.6190376552045536,1.7427828155260614,1.7418951426603804,1.6818856701844056,1.6818856701844056
2025-08-04,2.0973828053688384,1.556671912214775,1.713343111970441,1.8874269777349224,1.6453482400070831,2.0238869294188864,1.6149334218088562,1.7339469649083366,1.7330637925144117,1.6776221181211626,1.6776221181211626
2025-08-05,2.1134480870092918,1.5685955213086882,1.7264667723580807,1.9018840648701287,1.657951081417185,2.039389256150238,1.6211183586228533,1.7472284442212953,1.7463385070092317,1.6840471426195232,1.6840471426195232
2025-08-06,2.1116778120050568,1.5672816279321742,1.725020642220542,1.9002910009847713,1.6565623416720652,2.0376810146058824,1.6204394147380197,1.7457649236075148,1.7448757318282875,1.6833418434023677,1.6833418434023677
2025-08-07,2.1281437748652587,1.5795026215564356,1.738471617396019,1.9151086596578437,1.6694795082201581,2.0535699820026565,1.6267571624239103,1.7593776538409545,1.7515913863893071,1.6899048342423786,1.6899048342423786
2025-08-08,2.123935491351533,1.5763792447805394,1.7350338884545002,1.911321640991804,1.6661782072582951,2.049509163931241,1.6234590046176647,1.7558985843990673,1.7480401342800096,1.68823398880005,1.68823398880005
2025-08-11,2.1465471516889854,1.5931615586460632,1.7535052578155055,1.9316697899434594,1.6839165311563602,2.0713284730684594,1.6407425349949614,1.7745920817011818,1.766649969622712,1.6972205549364343,1.6972205549364343
2025-08-12,2.153894892825481,1.5986150324783692,1.7595075963645441,1.9382819948356393,1.6896806639203048,2.07841873680517,1.646358880952838,1.7806666015312982,1.7726973031953155,1.7001253914967214,1.7001253914967214
2025-08-13,2.154095130643867,1.5987636484519756,1.7596711697885323,1.938462188102895,1.6898377458517584,2.0786119579483824,1.6465119354550335,1.7808321420118256,1.7728621028063984,1.7002044179618732,1.7002044179618732
2025-08-14,2.1490519746655963,1.5950206315643591,1.7555514370741014,1.9339238708143447,1.6858815067752824,2.073745522769589,1.6426571305337196,1.7766628673426057,1.768711487550263,1.6982141632250352,1.6982141632250352
2025-08-15,2.1485842733957514,1.5946735049319622,1.7551693738917882,1.933502988182921,1.685514605960029,2.0732942105511003,1.6422996367015894,1.7762762096493818,1.7683265603272509,1.697759667727873,1.697759667727873
2025-08-18,2.1369279242533614,1.5860221937538217,1.745647351749376,1.9230134829877188,1.676370469993411,2.062046319792371,1.633389947564026,1.7666396801776887,1.7587331587371149,1.6885491007084898,1.6885491007084898
2025-08-19,2.131249928045956,1.5818080001449562,1.741009020746161,1.9179038753405593,1.671916213458692,2.0565672902704155,1.6290498938718907,1.7619455708022378,1.754060057650359,1.6840624845334542,1.6840624845334542
2025-08-20,2.1226997320842638,1.5754620675553361,1.734024401953891,1.910209585828073,1.665208782730608,2.0483167077794446,1.6225144352001104,1.7548769582918282,1.7470230804173612,1.6773063251243616,1.6773063251243616
2025-08-21,2.1552977910520394,1.5996562597924247,1.760653617971624,1.9395444577265553,1.6907812050909814,2.07977247508164,1.6474312053090827,1.7818264046515442,1.7738519156655723,1.7030645280708239,1.7030645280708239
2025-08-22,2.1458119869676815,1.5926159213548756,1.7529047048748667,1.9310082179478674,1.6833398114573066,2.070619069774694,1.6401806018328957,1.7739843067952612,1.7660449147877708,1.6955690736035254,1.6955690736035254
2025-08-25,2.1547965797571464,1.5992842621090033,1.7602441805920723,1.939093419548353,1.6903880164370968,2.0792888270866174,1.6470480976331558,1.7814120435719487,1.773439409041527,1.702668482948454,1.702668482948454
2025-08-26,2.1597063123841513,1.6029282525419273,1.764254920337131,1.9435116696598507,1.6942395879842982,2.084026514296268,1.6508009185997212,1.7854710145739587,1.777480214289867,1.7065480357017107,1.7065480357017107
2025-08-27,2.167354615831202,1.608604802917778,1.7705027869620125,1.9503943494562688,1.7002395049205068,2.091406808126794,1.6566470034510374,1.7917940150842921,1.7837749164778742,1.7125915413159563,1.7125915413159563
2025-08-28,2.15442920297947,1.5990115960465445,1.7599440720616133,1.9387628185539114,1.6900998178626536,2.0789343238187312,1.6467672881922693,1.781108326078414,1.7731370508228357,1.7073992364038524,1.7073992364038524
2025-08-29,2.1384642458311856,1.5871624475225694,1.7469023663258278,1.9243960130556872,1.6775756786933622,2.063528806037983,1.634564255875019,1.7679097869651446,1.7599975812151674,1.701073069917039,1.701073069917039
2025-09-02,2.150053780506455,1.5957641691817963,1.7563698080136239,1.9348253921606862,1.6866674002578013,2.0747122236226425,1.6389118369572835,1.77749107962352,1.769535993202016,1.7056826034566819,1.7056826034566819
2025-09-03,2.168022554919433,1.6091005455237812,1.7710484235683144,1.9509954253549482,1.700763487667214,2.0920513414884954,1.6457603254341875,1.7923462132580439,1.7843246433119697,1.7128101056148917,1.7128101056148917
2025-09-04,2.1617436396738934,1.6044403514109615,1.7659192043532745,1.9453450529026675,1.6958378240630507,2.0859924501579057,1.6409116711389184,1.7871553124815849,1.7791569741931856,1.7103298294156297,1.7103298294156297
2025-09-05,2.1670540535206473,1.6083817263742335,1.7702572588861702,1.9501238745520313,1.700003720748243,2.0911167780329785,1.6449426394275684,1.7915455344040758,1.783527547862471,1.7124305778674709,1.7124305778674709
2025-09-08,2.172064110639821,1.6121001773770955,1.7743499532830833,1.9546324063005114,1.7039339945362546,2.095951274193232,1.648745616362042,1.7956874456057752,1.7876509221151318,1.7144100797155668,1.7144100797155668
2025-09-09,2.178343231468337,1.6167605240730503,1.7794793404379836,1.9602829637561465,1.7088598194155014,2.102010363902819,1.6535118996820923,1.8008785163416596,1.792818760432695,1.716888134573024,1.716888134573024
2025-09-10,2.1964458403985323,1.6301962320359977,1.7942672848417667,1.9765734341341694,1.7230608969043555,2.1194786264958085,1.660299784898866,1.815844293562244,1.8077175589480026,1.7240220320296058,1.7240220320296058
2025-09-11,2.1957108812602044,1.6296507473279456,1.7936668998409884,1.9759120471419322,1.7224843384803856,2.11876942158104,1.659661212164089,1.8152366886157494,1.8071126733118408,1.7237335920135095,1.7237335920135095
2025-09-12,2.207400534844667,1.6383267769739756,1.8032161282407784,1.986431522880559,1.7316546010105514,2.130049449737306,1.6684970132722168,1.8249007515143885,1.8167334851042307,1.7283220487029836,1.7283220487029836
2025-09-15,2.204361401714066,1.636071140487504,1.8007334732851128,1.9836966182914009,1.7292704714492801,2.1271168130226146,1.6672650010964845,1.8223882413258483,1.8142322195491596,1.7271322780393348,1.7271322780393348
2025-09-16,2.2016226253110447,1.634038427961442,1.7984961784654296,1.9812320036031263,1.7271219647851894,2.1244740080227418,1.6662292666567877,1.8201240418580995,1.8119781534107129,1.7260593529907668,1.7260593529907668
2025-09-17,2.211909586251924,1.6416733828765515,1.806899553198,1.9904892014541913,1.735191847419762,2.134400496281535,1.6701219490782873,1.828628471595918,1.8204445219316254,1.7300918118103947,1.7300918118103947
2025-09-18,2.222864897446986,1.6498043855639348,1.8158489004165932,2.0003478452106447,1.7437860353512091,2.1449719146600237,1.6742579015149464,1.8376854394263393,1.8294609556841919,1.7343762758572567,1.7343762758572567
2025-09-19,2.233381288988809,1.657609623257838,1.824439696033323,2.0098115068053004,1.7520359009791107,2.155119793879623,1.6782183652513039,1.8463795438831196,1.8381161500428547,1.7384789498476354,1.7384789498476354
2025-09-22,2.2212239341345015,1.648586466979411,1.8145084044512194,1.99887114843525,1.7424987376336913,2.143388453504868,1.6736506955278296,1.8363288232912565,1.8281104110274524,1.73374726663612,1.73374726663612
2025-09-23,2.214156813759913,1.6433412691265432,1.8087353038115688,1.992511473121924,1.736954745358899,2.1365689770992513,1.670988224007389,1.8304862980770742,1.8222940337886562,1.7309891924851666,1.7309891924851666
2025-09-24,2.203941806860548,1.6357597183087254,1.8003907080301234,1.9833190264449243,1.728941309003596,2.1267119214894565,1.6671336740200267,1.822041354138213,1.8138868848405145,1.7269962353391153,1.7269962353391153
2025-09-25,2.2165685076485064,1.64513122188463,1.810705406313423,1.9946817474732337,1.7388466633649378,2.1388961611146775,1.671909298768796,1.8324800920987045,1.8242789046691632,1.7319433407158722,1.7319433407158722
2025-09-26,2.2227978773968893,1.649754643461886,1.8157941520221166,2.0002875341170867,1.7437334596739467,2.144907243106957,1.6742586376617408,1.8376300326535957,1.829405796882125,1.734377038437224,1.734377038437224
2025-09-29,2.23117086083348,1.655969049389033,1.8226340066547586,2.0078223507380186,1.7503018712799439,2.1529868229023954,1.677411992265923,1.8445521401391445,1.8362969247673269,1.7376436220441522,1.7376436220441522
2025-09-30,2.238773730442889,1.6616118788920224,1.8288447585705012,2.0146641447930986,1.7562661464226708,2.1603232749745542,1.6802699411756925,1.850837579616422,1.8425542340250989,1.740604192683975,1.740604192683975
2025-10-01,2.241352152124821,1.6635255765726913,1.8309510602991057,2.0169844568648854,1.758288858521532,2.1628113443566597,1.681237534369438,1.8529692107322087,1.844676325115656,1.741606529706482,1.741606529706482
2025-10-02,2.2413190532657246,1.663501010687937,1.8309240219815883,2.0169546713248154,1.758262893233068,2.1627794053381204,1.6812251206476128,1.8529418472646884,1.8446490841121814,1.7415936702392463,1.7415936702392463
2025-10-03,2.249356936451833,1.6694667061048396,1.8374901346418475,2.024187932477958,1.7645684264527517,2.1705356273682237,1.684239749713838,1.8595869208865206,1.8512644179870497,1.7447165470243817,1.7447165470243817
2025-10-06,2.2410174630402904,1.663277171228717,1.830677654206444,2.016683271403805,1.7580263026853862,2.162488383349319,1.6811175968034249,1.8526925167873436,1.8444008695028813,1.7414822854852727,1.7414822854852727
2025-10-07,2.254380767630382,1.6731953801777548,1.8415940810094047,2.0287088594511875,1.7685095056713664,2.1753834149212854,1.686129892974328,1.8637402193697346,1.8553991285579265,1.7466745605574217,1.7466745605574217
2025-10-08,2.247849807656565,1.6683481191412786,1.8362589675255663,2.022831672886324,1.7633861188146753,2.169081310940204,1.6836875267601132,1.8583409483374986,1.8500240217356643,1.7441444951385539,1.7441444951385539
2025-10-09,2.187095309912222,1.6232562933013581,1.7866288761731253,1.9681589265627248,1.7157256222757087,2.1104557545689806,1.6609343184055552,1.8081140290080018,1.8000218908670111,1.720574276515679,1.720574276515679
2025-10-10,2.2206542637086817,1.6481636591119952,1.8140430430981693,1.998358504140009,1.72880294704522,2.1428387453037994,1.6736770685266196,1.8358578657229392,1.8276415612098855,1.7468888680159234,1.7468888680159234
2025-10-13,2.2179413907606054,1.6461501720609584,1.8118269087008911,1.9959171998743976,1.7266045064733797,2.140220936057566,1.6715487290429925,1.833615081142815,1.8254088141176363,1.7447547728392065,1.7447547728392065
2025-10-14,2.2277881985503907,1.6534584464837772,1.8198707241924361,2.004778305543538,1.7303509066292657,2.1497226948834864,1.6751756687362338,1.841755627750439,1.8335129280519693,1.7485405555870452,1.7485405555870452
2025-10-15,2.212616380522573,1.6421979636950932,1.8074769304379101,1.9911252429868662,1.724458836391904,2.1350825232736965,1.6694714773711767,1.829212792101107,1.8210262273350175,1.7365451118362722,1.7365451118362722
2025-10-16,2.2251758556774592,1.6515195725858136,1.8177367123868728,2.002427467918263,1.7293531095478705,2.141035453994111,1.674209688144271,1.8343129120756632,1.83136291916282,1.7413868604014686,1.7413868604014686
2025-10-17,2.2483187424242645,1.668696161272486,1.8366420383470416,2.0232536655378737,1.7383461567844263,2.163196188790395,1.6829159764819472,1.8532989227473105,1.8504099641513523,1.7504424860028835,1.7504424860028835
2025-10-20,2.2482850268162404,1.6686711376383263,1.8366144962099429,2.02322332498774,1.7382331713766659,2.1631637496733767,1.682806593809752,1.8532711308249057,1.8503822155515395,1.7504293612551303,1.7504293612551303
2025-10-21,2.2365966067296323,1.659996023491107,1.827066275449315,2.0127049592692403,1.7291964170180345,2.151917859441163,1.6740579920273457,1.843636315286353,1.8407624189518255,1.745879281202501,1.745879281202501
2025-10-22,2.2498593812445797,1.6698396192870715,1.837900579660561,2.024640080676286,1.7394503636179535,2.1646784981985423,1.6839849737666543,1.854568878030855,1.8516779398037708,1.7510557182871402,1.7510557182871402
2025-10-23,2.2682465170132216,1.6834865023090246,1.852920952831079,2.041186595696898,1.753666145397597,2.182369487143735,1.697747460703892,1.8697254740549973,1.8668109094296934,1.7652787928670977,1.7652787928670977
2025-10-24,2.2950066362184542,1.7033477912581247,1.874781180634239,2.065267927338442,1.7743553935657435,2.208116453881164,1.717776996333309,1.891783956760244,1.8888350069408177,1.7756036543468632,1.7756036543468632
2025-10-27,2.30110217144962,1.707871881214418,1.87976059749384,2.0707532767985337,1.7790680796396758,2.213981208878704,1.7223394102432263,1.896808532975495,1.8938517507484252,1.7779616550734956,1.7779616550734956
2025-10-28,2.3022073855272844,1.7086921681488205,1.8806634421831223,2.0717478548321746,1.7799225619443457,2.215044578958528,1.7231666458985289,1.8977195657489583,1.894761363386189,1.7783886305192438,1.7783886305192438
2025-10-29,2.2768873750672225,1.6898997240612326,1.859979633101767,2.0489624716887067,1.7603467156631434,2.1906831976766727,1.7042150094070199,1.8768481709488662,1.8739225033243831,1.7587407352066249,1.7587407352066249
2025-10-30,2.2843562045764383,1.6954430693601241,1.8660808882285564,2.0556836435566708,1.7661211468626699,2.1978692532942317,1.709805312858868,1.8830047596132866,1.8800694949780217,1.7645098983395986,1.7645098983395986
2025-10-31,2.2886432263698784,1.6986248854767712,1.8695829381365923,2.0595415185074732,1.769435603614768,2.2019939661429233,1.7130140824124434,1.8865385703322286,1.883597797123723,1.767821331282398,1.767821331282398
2025-11-03,2.261514702472091,1.678490167549537,1.8474217621036717,2.0351286608547157,1.7484615280117317,2.1758925427122198,1.6927088015645924,1.8641764100358276,1.8612704954000108,1.7468663905209314,1.7468663905209314
2025-11-04,2.269351731090886,1.6843067892434276,1.8538237975203615,2.042181173730539,1.7545206277022671,2.1834328572235595,1.6985746963591948,1.870636506828461,1.8677205220674578,1.7529199624392384,1.7529199624392384
2025-11-05,2.2450031001912714,1.6662353004692791,1.8339335042791958,2.020269931436951,1.7356957912591535,2.1600060785509245,1.680350122455354,1.8505658244269207,1.8476811262380615,1.734112300067094,1.734112300067094
2025-11-06,2.247213322763624,1.667875721754949,1.8357390257178996,2.0222589025008784,1.7364634093023197,2.162132620911078,1.682004439890279,1.8523877205109058,1.8495001823148096,1.7358195467734687,1.7358195467734687
2025-11-07,2.282279816521303,1.6939019796954176,1.8643846956389456,2.053815109676505,1.7500116743214706,2.1958714784046824,1.6950437039689337,1.881293183904213,1.8783605873066278,1.7629060297009247,1.7629060297009247
2025-11-10,2.2875042966841908,1.6977795749082096,1.868652551310212,2.0585165999236996,1.753930212441304,2.2008981569460815,1.698839160574308,1.8855997456363607,1.8826604358861465,1.7669415855142543,1.7669415855142543
2025-11-11,2.2887770608870963,1.6987242170977344,1.8696922669856852,2.0596619556912352,1.7549060967673031,2.2021227336135274,1.699784392315821,1.8866488907071404,1.8837079455290773,1.767924709350099,1.767924709350099
2025-11-12,2.2507970451970034,1.6705355509663522,1.8386665533636524,2.025483880976033,1.7257851473184178,2.1655806616907447,1.6715781336141071,1.8553417985070024,1.8524496554363683,1.7385877287644955,1.7385877287644955
2025-11-13,2.2504288460874244,1.6702622745713531,1.8383657730737522,2.025152539968174,1.725557700830567,2.1652264027969643,1.6713578312339123,1.8550382903787894,1.8521466204225598,1.7383033199791624,1.7383033199791624
2025-11-14,2.2294626718879234,1.6547012361193258,1.8212385943550489,2.0062851578657117,1.7175196010235447,2.1450540191993555,1.6635722086179663,1.8377557817536243,1.8348910521097423,1.7221083754993056,1.7221083754993056
2025-11-17,2.2107408470347507,1.6408059477533983,1.8059448150918689,1.9894374573840192,1.7103081994697737,2.1270410126779065,1.6565873176141672,1.8223233000607322,1.8194826268710447,1.707647038339093,1.707647038339093
2025-11-18,2.2192813805965828,1.6471447089356677,1.8129215407107022,1.9971230517388454,1.713611830602803,2.131043252817202,1.6597871814976173,1.8293632990391526,1.8265116517614135,1.7142440200080478,1.7142440200080478
2025-11-19,2.1854543465997374,1.6220383747168345,1.785288380207752,1.9666822297873299,1.700552106369994,2.0984546219095854,1.6471376639765547,1.8014795277201034,1.7986713462102721,1.6881149354986678,1.6881149354986678
2025-11-20,2.2072241446514687,1.638195860644044,1.803072035840593,1.9862727900024229,1.709021895727461,2.1088012863760834,1.655341416748595,1.8194244669835626,1.816588312551553,1.704930624781354,1.704930624781354
2025-11-21,2.2397111888123367,1.6623076579881684,1.8296105643337328,2.0155077600894904,1.7215990211483039,2.139734252938026,1.667523493914962,1.846203678849964,1.8433257804589176,1.730024658222726,1.730024658222726
2025-11-24,2.2607776875040066,1.677943157010134,1.8468196977042906,2.034465423828935,1.7296956149653469,2.159860378603337,1.6831246763915608,1.8635688853905774,1.8606639177760558,1.7462970965536397,1.7462970965536397
2025-11-25,2.2763851358574514,1.6895269634621362,1.859569356022914,2.0485105084937327,1.7415502136122025,2.1747711367446736,1.6947442538512942,1.8764341729828005,1.8735091507064416,1.7522376281993501,1.7522376281993501
2025-11-26,2.2888105709121445,1.6987490881487588,1.8697196411829236,2.0596921112380144,1.7510563023371997,2.1866419213025177,1.7039948566288474,1.8866765131666035,1.8837355249301109,1.7570198406876119,1.7570198406876119
2025-11-28,2.2783611994204183,1.6909935925569048,1.8611835939606707,2.0502887607369167,1.743062002573564,2.176658992157811,1.6962154119237272,1.8780630507764258,1.875135489373515,1.7530090777902783,1.7530090777902783
2025-12-01,2.2825812011637616,1.6941256665715028,1.8646308954742297,2.054086324594161,1.746290518180083,2.1806906201296647,1.699357157840584,1.881541616576441,1.8786086327171492,1.7561683670078743,1.7561683670078743
2025-12-02,2.290485249832653,1.6999920303674423,1.871087679285396,2.0611991485635426,1.7523375167441129,2.1882418453761145,1.7052416370760008,1.888056958288001,1.8851138181866631,1.7622495702686918,1.7622495702686918
2025-12-03,2.292159723170186,1.7012348200029905,1.8724555494480082,2.0627060008857163,1.7536185738696108,2.1898415730436134,1.7064882644688395,1.889437233946457,1.886491942244436,1.7635378736619176,1.7635378736619176
2025-12-04,2.296513765013722,1.7044663782216865,1.8760123477505206,2.0666241869300768,1.7569496369587358,2.1940012577913066,1.7097298017988494,1.8930262895843253,1.8900754031922038,1.7668877788264519,1.7668877788264519
2025-12-05,2.2896144003473506,1.699345688207076,1.8703762860369217,2.060415474354,1.7516712726700048,2.1874098691453563,1.704593298999136,1.887339113267839,1.8843970921573538,1.76157955760157,1.76157955760157
2025-12-08,2.287638131201408,1.6978789065291722,1.8687618801593047,2.0586370371074616,1.7501593264272284,2.1855218173261215,1.7031219878723884,1.885710066011272,1.8827705842915012,1.7600590590725238,1.7600590590725238
2025-12-09,2.3028103603951773,1.7091396944841266,1.8811560097935514,2.0722904696708424,1.7617668521385705,2.200016783758177,1.714417549348004,1.8982166005563557,1.8952576234060117,1.771732242463987,1.771732242463987
2025-12-10,2.3081688806582576,1.7131167739010165,1.8855333622537707,2.0771125821051526,1.7658663922215794,2.205136108700272,1.7184069100594026,1.902633652126356,1.8996677895896639,1.7758549714933833,1.7758549714933833
2025-12-11,2.2833513149909437,1.6946972429956606,1.8652599981911293,2.054779347160014,1.7468796943608216,2.1814263573724455,1.6999304993032698,1.8821764247552717,1.8792424513445796,1.7567608758490065,1.7567608758490065
2025-12-12,2.279901632657758,1.6921368979883555,1.86244196733433,2.051674990871976,1.7442405122164562,2.1781306630494703,1.6973622479034132,1.8793328365970285,1.8764032958271546,1.7541067652365656,1.7541067652365656
2025-12-15,2.273672262909375,1.6875134764110995,1.8573532216256363,2.046069204228123,1.7394747280593394,2.1721793618766174,1.69272454911515,1.8741979400068662,1.8712764036141931,1.7493140235400477,1.7493140235400477
2025-12-16,2.248653637091772,1.6689447191995965,1.8369156123795651,2.0235550360023105,1.7203342089746727,2.1482775253850326,1.6740984512392876,1.8535749778790023,1.8506855889629084,1.7300652365858395,1.7300652365858395
2025-12-17,2.265633968557315,1.6815474758279267,1.8507867730856562,2.0388355730682712,1.7333250247312884,2.1644998834482303,1.6867401254122654,1.8675719389945118,1.8646607313417662,1.7431295345682691,1.7431295345682691
2025-12-18,2.2861684185077285,1.6967880896962029,1.8675612780976085,2.0573144481263426,1.7490349215911098,2.184117710132143,1.702027802576943,1.8844985754425427,1.881560982217957,1.758928294068451,1.758928294068451
2025-12-19,2.3004110014851293,1.7073588967141469,1.8791959836833185,2.0701312955208016,1.7599312207436426,2.1977245281894375,1.7126312524417033,1.8962387985661975,1.8932829044522652,1.7643193145524154,1.7643193145524154
2025-12-22,2.310924926031243,1.7151623034104282,1.8877847640217236,2.0795927370752034,1.7679749068716009,2.207769128848889,1.7204587562016243,1.9049054723200036,1.9019360684255757,1.7683511854086407,1.7683511854086407
2025-12-23,2.319053882475612,1.7211955931561886,1.8944252740401213,2.086907954714377,1.7741939713036843,2.215535222366456,1.7265106768572702,1.9116062064895565,1.9086263573596942,1.774483155886476,1.774483155886476
2025-12-24,2.318818695551347,1.721021038049612,1.8942331508398722,2.086696310876861,1.7740140413648788,2.215310533790444,1.7263355827213087,1.9114123408844892,1.9084327939561225,1.774303196620007,1.774303196620007
2025-12-26,2.310555287840834,1.7148879589334838,1.887482808152801,2.079260101043863,1.7676921148873597,2.2074159906848427,1.7201835645438808,1.9046007779512006,1.9016318490203121,1.7679802397006643,1.7679802397006643
2025-12-29,2.307733867081559,1.7127939079871037,1.8851780015092543,2.076721115007091,1.7655335847473554,2.204720513397089,1.7180830471295998,1.9022750685421586,1.8993097649725683,1.765821357731239,1.765821357731239
2025-12-30,2.290635942153883,1.700103873805485,1.8712107792030384,2.061334756022372,1.7524528040213367,2.1883858110458845,1.705353825888641,1.888181174624115,1.8852378408919241,1.7527384449045718,1.7527384449045718
2025-12-31,2.294834768850724,1.7032202317571659,1.8746407829109808,2.065113264534106,1.755665119642107,2.1923972091896538,1.708479807211089,1.8916422857411568,1.888693556761286,1.7559512841164304,1.7559512841164304
2026-01-02,2.3101186296003284,1.71456387235449,1.8871261038894016,2.078867153918965,1.7673580491618155,2.206998824132876,1.7198584771795604,1.9042408386634706,1.9012724708129811,1.767646119524108,1.767646119524108
2026-01-05,2.3238573287041513,1.7247606981082562,1.8983491888773754,2.0912305580916133,1.777868851566086,2.220124250844187,1.7300867909191093,1.909808061348566,1.9125796868391125,1.7781586351356475,1.7781586351356475
2026-01-06,2.316366707399505,1.719201178997042,1.892230132125388,2.084489775868075,1.772138145927701,2.2129679982606394,1.7245101039104573,1.9035565781591,1.9064147601148635,1.7724269954214253,1.7724269954214253
2026-01-07,2.31613152047524,1.7190266238904655,1.8920380089251392,2.0842781320305592,1.7719582159888958,2.2127433096846274,1.7243350097744958,1.903364763727846,1.9062211967112919,1.7722470361549563,1.7722470361549563
2026-01-08,2.3314488912498934,1.730395135538814,1.9045507041007983,2.098062176962197,1.7836767823792559,2.2273769388218096,1.7357386275962556,1.9096585651695375,1.9188276901640207,1.7839675126119647,1.7839675126119647
2026-01-09,2.3351103240481077,1.7331126411752924,1.907541713013766,2.1013570867053413,1.7864779643811122,2.230874931425635,1.7384645249402038,1.911158080455964,1.921841120424172,1.7867691511922232,1.7867691511922232
2026-01-12,2.330441329085713,1.7296473255935934,1.9037276308451858,2.0971554755219297,1.7829059461641463,2.2264143525359392,1.7349885084001473,1.9092474239533368,1.9179984469464462,1.7831965507544774,1.7831965507544774
2026-01-13,2.3189866568425397,1.721145698471005,1.8943703577057844,2.0868474586174646,1.7741425402809665,2.215470997572439,1.7306378188228435,1.9045552218370345,1.9085710293588485,1.7744317164807635,1.7744317164807635
2026-01-14,2.325301754691813,1.7258327472156059,1.8995291343362475,2.0925303916601323,1.778973910788155,2.221504200088122,1.7329942677345418,1.9071484779365806,1.9137684774627974,1.7792638744767424,1.7792638744767424
2026-01-15,2.3233534448305733,1.7243867168440783,1.897937568279639,2.0907771148698022,1.7774833548178242,2.219642859498203,1.732268252322889,1.9063495028833612,1.9121649806309358,1.7777730755533785,1.7777730755533785
2026-01-16,2.276057436594097,1.689283745944756,1.8593016598855043,2.0482156131467057,1.7412995070366297,2.1744580654246013,1.7146365455087706,1.8869459287111698,1.8732394478521652,1.759589314117537,1.759589314117537
2026-01-20,2.3023255957383455,1.7087799034515152,1.8807600076028286,2.0718542317609985,1.7512606798239165,2.1995536581793,1.7245309235960318,1.8978346249178324,1.8948586526843147,1.7798088942892205,1.7798088942892205
2026-01-21,2.3143511719051935,1.7177052539403306,1.890583649734443,2.082676002980832,1.7603203541451502,2.2110424328767038,1.7334523187399273,1.902791038310507,1.9047559352821561,1.7891052455352503,1.7891052455352503
2026-01-22,2.3151907727781813,1.7183284034641586,1.8912695161241433,2.0834315566804955,1.7609589635852472,2.2118445553805794,1.7340811809876986,1.9031361858050342,1.9054469430970051,1.7897542975651466,1.7897542975651466
2026-01-23,2.3269476519957157,1.7270543277953725,1.9008736608582701,2.094011528516034,1.769901372170032,2.223076627308011,1.74288710023979,1.9079683885189773,1.9151230828902412,1.7988429330905409,1.7988429330905409
2026-01-26,2.3362188274533846,1.7339353694398567,1.9084472447408143,2.1023546247926537,1.7769531277821895,2.231933953105581,1.7498312238410978,1.9117693140968417,1.9227534402424056,1.8060099995430958,1.8060099995430958
2026-01-27,2.3359836405291197,1.73376081433328,1.9082551215405654,2.1021429809551377,1.7767742420820254,2.231709264529569,1.7496550685003902,1.9116730852805162,1.922559876838834,1.805828188690451,1.805828188690451
2026-01-28,2.331348155591773,1.7303203698026055,1.9044684135692236,2.0979715253185054,1.7732484424602561,2.227280699833833,1.7461830836907068,1.9097763400212169,1.9187447827621413,1.8022447349269588,1.8022447349269588
2026-01-29,2.3243947226027775,1.7251595504234587,1.8987881836723506,2.0917141568602022,1.7679595866589835,2.2206376563841315,1.7434917089382893,1.906928309414451,1.9130219724483233,1.79686939535615,1.79686939535615
2026-01-30,2.335950130504071,1.7337359432822557,1.9082277473433271,2.102112825408359,1.7767487539971243,2.231677250335609,1.747825473266997,1.9116683250063666,1.9225322974378005,1.8058022838224606,1.8058022838224606
2026-02-02,2.3161987461083124,1.7190765185756496,1.8920929252594765,2.084338628127471,1.7617256389243252,2.2128075344786455,1.7329595247251843,1.895408828058174,1.9062765247121383,1.7905335096372772,1.7905335096372772
2026-02-03,2.304979260789404,1.710749446559638,1.8829277753203242,2.074242255060522,1.7531919779096707,2.2020888680911574,1.7286757166437143,1.8907234516604692,1.8970426705281125,1.7818603055531534,1.7818603055531534
2026-02-04,2.2761918878602416,1.6893835353151245,1.8594114925541787,2.048336605340531,1.7312959929248788,2.1745865150126367,1.7178808185343997,1.8789166293530477,1.8733501038538578,1.75960627576806,1.75960627576806
2026-02-05,2.3198599733235516,1.721793871628993,1.895083766232584,2.0876333528672615,1.7478166354930613,2.2163053306763727,1.73435934277474,1.9148691576288897,1.9092897857735105,1.7933638151221998,1.7933638151221998
2026-02-06,2.331045948617412,1.7300960725939802,1.904221541974498,2.0976995703874324,1.7561569230244827,2.2269919828699014,1.7426354143647484,1.9241023352062092,1.9184960605565031,1.8020111143383333,1.8020111143383333
2026-02-09,2.324898606476356,1.725533531687637,1.899199804270087,2.0921676000820137,1.7515256554745577,2.2211190477301157,1.7380398052024428,1.919028168660529,1.9134366786565005,1.7972589219294304,1.7972589219294304
2026-02-10,2.3243614181607053,1.7251348319555697,1.8987609774149727,2.0916841863167788,1.7511209500331841,2.2206058385962697,1.7376382157856445,1.918584760287047,1.9129945622460693,1.7968436494137303,1.7968436494137303
2026-02-11,2.2884526509513545,1.6984834409105167,1.869427257886042,2.059370020397881,1.7240681027182787,2.186299978286053,1.7107936615363775,1.8889447856298043,1.8834409498552709,1.7690844378667345,1.7690844378667345
2026-02-12,2.290064832647233,1.699679997856124,1.870744242270966,2.0608208167036497,1.7245891897975003,2.1878401949058843,1.7113107365120326,1.8902755198298988,1.884767806682902,1.769619130806747,1.769619130806747
2026-02-13,2.293759775470496,1.7024223745436267,1.873762625381172,2.064145881993573,1.725980473214257,2.1913702017036694,1.7126913077592096,1.891705954139746,1.8878088163440867,1.7710467413735023,1.7710467413735023
2026-02-17,2.30531518337179,1.7109987674024238,1.8832021890521489,2.07454455054173,1.7303280096500564,2.202409795655147,1.7212337984586388,1.9011413266707342,1.8973191413335642,1.7755077942979807,1.7755077942979807
2026-02-18,2.299235066863806,1.7064861211812645,1.8782353676820747,2.0690730763332237,1.7280461967397034,2.1966010853093785,1.7188779165489916,1.896127192010243,1.8923150874344077,1.770736234390109,1.770736234390109
2026-02-19,2.315862823525928,1.718827197732865,1.891818511527653,2.0840363326462654,1.7342946947889886,2.2124866069146565,1.7250932627178497,1.909839727106615,1.9060000539066877,1.7835419590602717,1.7835419590602717
2026-02-20,2.29221481940769,1.701275712283204,1.8725005573305855,2.0627555817847174,1.7254399803240432,2.1898942098778558,1.7162855276122388,1.8903377526057983,1.8865372875173025,1.7653296508162573,1.7653296508162573
2026-02-23,2.3088756749289088,1.7136413547195588,1.8861107394936814,2.077748623637829,1.7317106199646468,2.2058113528648975,1.722522897898523,1.89711315120685,1.900249494993057,1.7716569920705107,1.7716569920705107
2026-02-24,2.328358773541306,1.7281016584348339,1.9020264000597653,2.095281391541131,1.7390170092049306,2.224424758764085,1.7297905225364114,1.91302679830463,1.9162844633116727,1.7791319220242243,1.7791319220242243
2026-02-25,2.3154259597024467,1.7185029585707363,1.8914616393243933,2.0836432005180128,1.729270729432214,2.2120692439565923,1.7200959523904062,1.9024009361169085,1.9056405065005777,1.774190848894993,1.774190848894993
2026-02-26,2.3043074156246344,1.7102508048740683,1.8823789478566764,2.073637664098109,1.7209668695108484,2.2014470129631794,1.711836149227805,1.8932657147667058,1.8964897289172107,1.7699310670018968,1.7699310670018968
2026-02-27,2.305617595929127,1.7112232171941848,1.8834492285867348,2.0748166904761582,1.721370073790922,2.2026987090251766,1.7122372142769826,1.8937092868383332,1.8975680327379822,1.77043423962734,1.77043423962734
2026-03-02,2.2852951020267183,1.6961399165382167,1.8668478695708108,2.0565285538765474,1.713783704548648,2.1832833770282116,1.7046910950922445,1.8769228067317847,1.880842225803297,1.7547405112657524,1.7547405112657524
2026-03-03,2.3014185636493107,1.7081067066593691,1.8800190569389321,2.0710379969610697,1.7198293407916891,2.1986871144753097,1.7107046557535612,1.8901650758882145,1.8941121476698415,1.7671207466523817,1.7671207466523817
2026-03-04,2.2885868966345235,1.6985830776977504,1.869536922614856,2.0594908275883514,1.7150348462629958,2.1864282314679904,1.7059355987793123,1.8796263719601822,1.8835514366581847,1.757268082146187,1.757268082146187
2026-03-05,2.258590079058988,1.6763195198693288,1.845032649650227,2.032496803134002,1.7037952495724156,2.1577704213154494,1.694755634621638,1.8549898552201938,1.8588634735650378,1.7342353320378272,1.7342353320378272
2026-03-06,2.278375384645747,1.6910041207932298,1.8611951818110366,2.050301525968378,1.7112578940740915,2.167113594225943,1.7021786854967753,1.863021984492764,1.8751471640892923,1.741744592714799,1.741744592714799
2026-03-09,2.2747137462645566,1.6882864625736163,1.8582040049582085,2.0470064312218788,1.7098827897722975,2.16537218094381,1.7008108769151733,1.8599347206369705,1.8721335646303614,1.7388583008879335,1.7388583008879335
2026-03-10,2.271858609897257,1.6861673879930765,1.8558716561775628,2.044437104634973,1.7088096990273816,2.164013233499828,1.699743479534612,1.857600199526165,1.8697837319828048,1.7376800827342798,1.7376800827342798
2026-03-11,2.237360553067544,1.6605630224212133,1.8276903399704054,2.013392431734461,1.69583560507378,2.1310446025348324,1.6868382206207284,1.8293926354766408,1.8413911616158782,1.724486791130464,1.724486791130464
2026-03-12,2.2246968473439495,1.651164053880987,1.8173454125122415,2.0019964101023464,1.6910362974635686,2.1249070774037677,1.6820643761011305,1.8190380728395084,1.8360878542533317,1.7196063990950454,1.7196063990950454
2026-03-13,2.2473372892980077,1.6679677293854276,1.8358402934536966,2.022370459523628,1.6996410224580414,2.1357195248168086,1.690623448074369,1.8375501797584863,1.84543066438416,1.7283565011390656,1.7283565011390656
2026-03-16,2.2532490333488475,1.672355410018924,1.8406695720781379,2.027690415984822,1.7018765219424596,2.1412308662374757,1.692847086946682,1.8423839563326738,1.850192899472338,1.7328166199251331,1.7328166199251331
2026-03-17,2.2218079953686263,1.649019955666288,1.8149855215944972,1.9993967429653074,1.6900028312025344,2.1113528900380416,1.6810363929737455,1.8166759839390882,1.8243759638553334,1.7086375112897896,1.7086375112897896
2026-03-18,2.2163327039753162,1.6449562090286503,1.8105127792935949,1.9944695486256574,1.6879204600040238,2.108645776190816,1.6789650699536025,1.8121990757633915,1.8198800803073938,1.7064467471174307,1.7064467471174307
2026-03-19,2.1845598550722247,1.6213744854959313,1.7845576738753373,1.9658772801920252,1.675821635301408,2.0783112706600324,1.6669304364832933,1.7862197959768882,1.793790687361272,1.6818981866750355,1.6818981866750355
2026-03-20,2.2074977755922016,1.6383989487968897,1.8032955637947297,1.9865190294672275,1.6846197150122817,2.0891185092659503,1.6756818373148168,1.8049751382103345,1.8031184161962457,1.6906440734297588,1.6906440734297588
2026-03-23,2.200087537231076,1.6328990896915072,1.7972421715281421,1.9798505835552878,1.6817922073757805,2.085612080790808,1.672869331234583,1.798916107864786,1.800092017391888,1.687806454360227,1.687806454360227
2026-03-24,2.212348094739213,1.641998842703764,1.807257768920145,1.9908838136092828,1.686478318661429,2.0914233874828096,1.6775305800013054,1.808941033700486,1.8051077568399072,1.6925093236202227,1.6925093236202227
2026-03-25,2.1728383361265196,1.6126748054639577,1.7749824147971915,1.9553291289334551,1.6714191262508178,2.0727482898811083,1.6625512852784567,1.77663561858247,1.7889892780362695,1.6773962781223237,1.6773962781223237
2026-03-26,2.135787349903868,1.5851756625201807,1.7447156214041144,1.9219870843771114,1.657168704121072,2.0550761586749933,1.648376469844393,1.746340634951006,1.773736459639491,1.663094895143821,1.663094895143821
2026-03-27,2.128646425240983,1.5798756873218047,1.7388822303545952,1.9155609928595299,1.654398363508662,2.0516406237594387,1.6456208274842672,1.7433339058086657,1.7707712490742469,1.660314647533031,1.660314647533031
2026-03-30,2.1905217613691486,1.6257993964143969,1.7894279298257059,1.97124237747171,1.6784433278621,2.081459092365596,1.6695382194552169,1.7686714560298882,1.7965075726231792,1.6844455989386862,1.6844455989386862
2026-03-31,2.2070261682458168,1.6380489230849256,1.8029103097550696,1.9860946317720687,1.6847664130948052,2.0893004314390935,1.6758277570795348,1.7753344515445324,1.8032754332439878,1.6907912961184122,1.6907912961184122
2026-04-01,2.2090135388724503,1.6395239442521259,1.804533784385146,1.9878830591997485,1.6855249576309546,2.091077328028632,1.677253005732816,1.77684432809688,1.8040873349512083,1.691552553281109,1.691552553281109
2026-04-02,2.2194550982110983,1.6472736416848455,1.8130634498927054,1.9972793795733763,1.689508525081351,2.100961426798555,1.6851810407933092,1.7852431111558709,1.8083511125669878,1.6955503663430747,1.6955503663430747
