date,Buy and hold SPY,Rule[SPY realized volatility 20d],Rule[VIX close],TabICL[Direct all-history] Calibration Base,TabPFN[Direct all-history] Calibration Base,XGBoost[Raw + TabICL embeddings] Calibrated,XGBoost[Raw + TabICL embeddings] Calibration Base,XGBoost[Raw + TabPFN embeddings] Calibrated,XGBoost[Raw + TabPFN embeddings] Calibration Base,XGBoost[Raw all-history incumbent] Calibrated,XGBoost[Raw all-history incumbent] Calibration Base,XGBoost[Raw] Calibrated,XGBoost[Raw] Calibration Base
2020-01-02,-0.0075722377460211154,-0.0075722377460211154,-0.0075722377460211154,-0.0075722377460211154,-0.0075722377460211154,-0.0075722377460211154,-0.0075722377460211154,-0.0075722377460211154,-0.0075722377460211154,-0.0075722377460211154,-0.0075722377460211154,-0.0075722377460211154,-0.0075722377460211154
2020-01-07,0.00532958815953366,0.00532958815953366,0.00532958815953366,0.00532958815953366,0.00532958815953366,0.00532958815953366,0.00532958815953366,0.00532958815953366,0.00532958815953366,0.00261479407976683,0.00261479407976683,0.00532958815953366,0.00532958815953366
2020-01-10,0.0068771636275277714,0.0068771636275277714,0.0068771636275277714,0.0068771636275277714,0.0068771636275277714,0.0068771636275277714,0.0068771636275277714,0.0068771636275277714,0.0068771636275277714,0.0034385818137638857,0.0034385818137638857,0.0068771636275277714,0.0068771636275277714
2020-01-15,0.008318297833544985,0.008318297833544985,0.008318297833544985,0.008318297833544985,0.008318297833544985,0.008318297833544985,0.008318297833544985,0.008318297833544985,0.008318297833544985,0.004159148916772493,0.004159148916772493,0.008318297833544985,0.008318297833544985
2020-01-21,0.00012075417534274102,0.00012075417534274102,0.00012075417534274102,0.00012075417534274102,0.00012075417534274102,0.00012075417534274102,0.00012075417534274102,0.00012075417534274102,0.00012075417534274102,6.037708767137051e-05,6.037708767137051e-05,0.00012075417534274102,0.00012075417534274102
2020-01-24,-0.01602950467333386,-0.01602950467333386,-0.01602950467333386,-0.01602950467333386,-0.01602950467333386,-0.01602950467333386,-0.01602950467333386,-0.01602950467333386,-0.01602950467333386,-0.00801475233666693,-0.00801475233666693,-0.01602950467333386,-0.01602950467333386
2020-01-29,0.003245222955333693,0.003245222955333693,0.003245222955333693,0.0015726114776668466,0.003245222955333693,0.003245222955333693,0.003245222955333693,0.003245222955333693,0.003245222955333693,0.0016226114776668465,0.0016226114776668465,0.003245222955333693,0.003245222955333693
2020-02-04,0.011548215970869524,0.011548215970869524,0.011548215970869524,0.011498215970869525,0.011548215970869524,0.011548215970869524,0.011548215970869524,0.011548215970869524,0.011548215970869524,0.011498215970869525,0.011498215970869525,0.011548215970869524,0.011548215970869524
2020-02-07,0.007465169645309189,0.007465169645309189,0.007465169645309189,0.007465169645309189,0.007465169645309189,0.007465169645309189,0.007465169645309189,0.007465169645309189,0.007465169645309189,0.007465169645309189,0.007465169645309189,0.007465169645309189,0.007465169645309189
2020-02-12,-0.0010668780101200648,-0.0010668780101200648,-0.0010668780101200648,-0.0010668780101200648,-0.0010668780101200648,-0.0010668780101200648,-0.0010668780101200648,-0.0010668780101200648,-0.0010668780101200648,-0.0010668780101200648,-0.0010668780101200648,-0.0010668780101200648,-0.0010668780101200648
2020-02-18,0.004781334261309889,0.004781334261309889,0.004781334261309889,0.004781334261309889,0.004781334261309889,0.004781334261309889,0.004781334261309889,0.004781334261309889,0.004781334261309889,0.004781334261309889,0.004781334261309889,0.004781334261309889,0.004781334261309889
2020-02-21,-0.03316506216239867,-0.03316506216239867,-0.03316506216239867,-0.03316506216239867,-0.03316506216239867,-0.03316506216239867,-0.03316506216239867,-0.03316506216239867,-0.03316506216239867,-0.016632531081199338,-0.016632531081199338,-0.03316506216239867,-0.03316506216239867
2020-02-26,-0.04491169653711491,-0.04491169653711491,-0.022505848268557456,-0.022505848268557456,-0.022505848268557456,-0.04491169653711491,-0.04491169653711491,-0.04491169653711491,-0.04491169653711491,-0.022455848268557455,-0.022455848268557455,-0.04491169653711491,-0.04491169653711491
2020-03-02,-0.02863268376863992,-0.01436634188431996,-0.01431634188431996,-0.01431634188431996,-0.01431634188431996,-0.02863268376863992,-0.02863268376863992,-0.02863268376863992,-0.02863268376863992,-0.01431634188431996,-0.01431634188431996,-0.02863268376863992,-0.02863268376863992
2020-03-06,-0.07809461872211942,-0.03904730936105971,-0.03904730936105971,-0.03904730936105971,-0.03904730936105971,-0.039097309361059714,-0.039097309361059714,-0.039097309361059714,-0.039097309361059714,-0.03904730936105971,-0.03904730936105971,-0.039097309361059714,-0.039097309361059714
2020-03-11,-0.09567704780444353,-0.04783852390222176,-0.04783852390222176,-0.04783852390222176,-0.04783852390222176,-0.04783852390222176,-0.04783852390222176,-0.04783852390222176,-0.04783852390222176,-0.04783852390222176,-0.04783852390222176,-0.04783852390222176,-0.04783852390222176
2020-03-16,0.0539919075035058,0.0269959537517529,0.0269959537517529,0.0269959537517529,0.0269959537517529,0.0269959537517529,0.0269959537517529,0.0269959537517529,0.0269959537517529,0.0269959537517529,0.0269959537517529,0.0269959537517529,0.0269959537517529
2020-03-19,-0.04309407975514212,-0.02154703987757106,-0.02154703987757106,-0.02154703987757106,-0.02154703987757106,-0.02154703987757106,-0.02154703987757106,-0.02154703987757106,-0.02154703987757106,-0.02154703987757106,-0.02154703987757106,-0.02154703987757106,-0.02154703987757106
2020-03-24,0.014970252624506353,0.007485126312253176,0.007485126312253176,0.007485126312253176,0.007485126312253176,0.007485126312253176,0.007485126312253176,0.007485126312253176,0.007485126312253176,0.007485126312253176,0.007485126312253176,0.007485126312253176,0.007485126312253176
2020-03-27,0.03247585197815761,0.016237925989078805,0.016237925989078805,0.016237925989078805,0.016237925989078805,0.016237925989078805,0.016237925989078805,0.016237925989078805,0.016237925989078805,0.016237925989078805,0.016237925989078805,0.016237925989078805,0.016237925989078805
2020-04-01,0.023075391765034148,0.011537695882517074,0.011537695882517074,0.011537695882517074,0.011537695882517074,0.011537695882517074,0.011537695882517074,0.011537695882517074,0.011537695882517074,0.011537695882517074,0.011537695882517074,0.011537695882517074,0.011537695882517074
2020-04-07,0.03356803703803646,0.01678401851901823,0.01678401851901823,0.01678401851901823,0.01678401851901823,0.01678401851901823,0.01678401851901823,0.01678401851901823,0.01678401851901823,0.01678401851901823,0.01678401851901823,0.01678401851901823,0.01678401851901823
2020-04-13,0.02949273308407241,0.014746366542036204,0.014746366542036204,0.014746366542036204,0.014746366542036204,0.014746366542036204,0.014746366542036204,0.014746366542036204,0.014746366542036204,0.014746366542036204,0.014746366542036204,0.014746366542036204,0.014746366542036204
2020-04-16,0.027015328237243175,0.013507664118621587,0.013507664118621587,0.013507664118621587,0.013507664118621587,0.013507664118621587,0.013507664118621587,0.013507664118621587,0.013507664118621587,0.013507664118621587,0.013507664118621587,0.013507664118621587,0.013507664118621587
2020-04-21,0.022194608015388306,0.011097304007694153,0.011097304007694153,0.011097304007694153,0.011097304007694153,0.011097304007694153,0.011097304007694153,0.011097304007694153,0.011097304007694153,0.011097304007694153,0.011097304007694153,0.011097304007694153,0.011097304007694153
2020-04-24,0.014418663803379195,0.007209331901689597,0.007209331901689597,0.007209331901689597,0.007209331901689597,0.007209331901689597,0.007209331901689597,0.007209331901689597,0.007209331901689597,0.007209331901689597,0.007209331901689597,0.007209331901689597,0.007209331901689597
2020-04-29,-0.009310703164611023,-0.004655351582305511,-0.004655351582305511,-0.004655351582305511,-0.004655351582305511,-0.004655351582305511,-0.004655351582305511,-0.004655351582305511,-0.004655351582305511,-0.004655351582305511,-0.004655351582305511,-0.004655351582305511,-0.004655351582305511
2020-05-04,0.009239239618938466,0.004619619809469233,0.004619619809469233,0.004619619809469233,0.004619619809469233,0.004619619809469233,0.004619619809469233,0.004619619809469233,0.004619619809469233,0.004619619809469233,0.004619619809469233,0.004619619809469233,0.004619619809469233
2020-05-08,0.00020524952916356476,0.00010262476458178238,0.00010262476458178238,0.00010262476458178238,0.00010262476458178238,0.00010262476458178238,0.00010262476458178238,0.00010262476458178238,0.00010262476458178238,0.00010262476458178238,0.00010262476458178238,0.00010262476458178238,0.00010262476458178238
2020-05-13,0.011966839548785968,0.005983419774392984,0.005983419774392984,0.005983419774392984,0.005983419774392984,0.005983419774392984,0.005983419774392984,0.005983419774392984,0.005983419774392984,0.005983419774392984,0.005983419774392984,0.005983419774392984,0.005983419774392984
2020-05-18,-0.010270876271199048,-0.005135438135599524,-0.005135438135599524,-0.005135438135599524,-0.005135438135599524,-0.010320876271199047,-0.010320876271199047,-0.010320876271199047,-0.010320876271199047,-0.005135438135599524,-0.005135438135599524,-0.005135438135599524,-0.005135438135599524
2020-05-21,0.0018988346473713946,0.0009494173236856973,0.0009494173236856973,0.0009494173236856973,0.0009494173236856973,0.0018988346473713946,0.0018988346473713946,0.0018988346473713946,0.0018988346473713946,0.0009494173236856973,0.0009494173236856973,0.0009494173236856973,0.0009494173236856973
2020-05-27,-0.0018446130354039525,-0.0009223065177019762,-0.0009223065177019762,-0.0009223065177019762,-0.0009223065177019762,-0.0018446130354039525,-0.0018446130354039525,-0.0018446130354039525,-0.0018446130354039525,-0.0009223065177019762,-0.0009223065177019762,-0.0018946130354039524,-0.0018946130354039524
2020-06-01,0.008280161696103239,0.008230161696103239,0.004140080848051619,0.004140080848051619,0.004140080848051619,0.008280161696103239,0.008280161696103239,0.008280161696103239,0.008280161696103239,0.004140080848051619,0.004140080848051619,0.008280161696103239,0.008280161696103239
2020-06-04,0.025629261387566382,0.025629261387566382,0.012814630693783191,0.012814630693783191,0.012814630693783191,0.025629261387566382,0.025629261387566382,0.025629261387566382,0.025629261387566382,0.012814630693783191,0.012814630693783191,0.025629261387566382,0.025629261387566382
2020-06-10,-0.057648787994117545,-0.057648787994117545,-0.028824393997058773,-0.028824393997058773,-0.028824393997058773,-0.057648787994117545,-0.057648787994117545,-0.057648787994117545,-0.057648787994117545,-0.028824393997058773,-0.028824393997058773,-0.057648787994117545,-0.057648787994117545
2020-06-15,0.019247977157853313,0.009573988578926657,0.009623988578926657,0.009623988578926657,0.009623988578926657,0.019247977157853313,0.019247977157853313,0.019247977157853313,0.019247977157853313,0.009623988578926657,0.009623988578926657,0.019247977157853313,0.019247977157853313
2020-06-18,-0.005715155816339412,-0.002857577908169706,-0.002857577908169706,-0.002857577908169706,-0.002857577908169706,-0.005715155816339412,-0.005715155816339412,-0.005715155816339412,-0.005715155816339412,-0.002857577908169706,-0.002857577908169706,-0.005715155816339412,-0.005715155816339412
2020-06-23,-0.025508847621854014,-0.012754423810927007,-0.012754423810927007,-0.012754423810927007,-0.012754423810927007,-0.025508847621854014,-0.025508847621854014,-0.025508847621854014,-0.025508847621854014,-0.012754423810927007,-0.012754423810927007,-0.025508847621854014,-0.025508847621854014
2020-06-26,0.014697633388221831,0.007348816694110916,0.007348816694110916,0.007348816694110916,0.007348816694110916,0.014697633388221831,0.014697633388221831,0.014697633388221831,0.014697633388221831,0.007348816694110916,0.007348816694110916,0.014697633388221831,0.014697633388221831
2020-07-01,0.005507022688686636,0.002753511344343318,0.002753511344343318,0.002753511344343318,0.002753511344343318,0.005507022688686636,0.005507022688686636,0.005507022688686636,0.005507022688686636,0.002753511344343318,0.002753511344343318,0.005507022688686636,0.005507022688686636
2020-07-07,0.007648434919200975,0.0038242174596004874,0.0038242174596004874,0.0038242174596004874,0.0038242174596004874,0.007648434919200975,0.007648434919200975,0.007648434919200975,0.007648434919200975,0.0038242174596004874,0.0038242174596004874,0.007648434919200975,0.007648434919200975
2020-07-13,0.012958818618008072,0.012908818618008073,0.006479409309004036,0.006479409309004036,0.006479409309004036,0.012958818618008072,0.012958818618008072,0.012958818618008072,0.012958818618008072,0.006479409309004036,0.006479409309004036,0.012958818618008072,0.012958818618008072
2020-07-16,0.002899252271525654,0.002899252271525654,0.001449626135762827,0.001449626135762827,0.001449626135762827,0.002899252271525654,0.002899252271525654,0.002899252271525654,0.002899252271525654,0.001449626135762827,0.001449626135762827,0.002899252271525654,0.002899252271525654
2020-07-21,0.005692298382934391,0.005692298382934391,0.0028461491914671955,0.0028461491914671955,0.0028461491914671955,0.005692298382934391,0.005692298382934391,0.005692298382934391,0.005692298382934391,0.0028461491914671955,0.0028461491914671955,0.005692298382934391,0.005692298382934391
2020-07-24,0.007292655757847211,0.007292655757847211,0.0036463278789236053,0.0036463278789236053,0.0036463278789236053,0.007292655757847211,0.007292655757847211,0.007292655757847211,0.007292655757847211,0.0036463278789236053,0.0036463278789236053,0.007292655757847211,0.007292655757847211
2020-07-29,-0.0035680213544492245,-0.0035680213544492245,-0.0017840106772246123,-0.0017840106772246123,-0.0017840106772246123,-0.0035680213544492245,-0.0035680213544492245,-0.0035680213544492245,-0.0035680213544492245,-0.0017840106772246123,-0.0017840106772246123,-0.0035680213544492245,-0.0035680213544492245
2020-08-03,0.003862455915164098,0.003862455915164098,0.001931227957582049,0.001931227957582049,0.001931227957582049,0.003862455915164098,0.003862455915164098,0.003862455915164098,0.003862455915164098,0.001931227957582049,0.001931227957582049,0.003862455915164098,0.003862455915164098
2020-08-07,0.0029888859755906605,0.0029888859755906605,0.0014944429877953302,0.0014944429877953302,0.0014944429877953302,0.0029888859755906605,0.0029888859755906605,0.0029888859755906605,0.0029888859755906605,0.0014944429877953302,0.0014944429877953302,0.0029888859755906605,0.0029888859755906605
2020-08-12,-0.0018076216121175603,-0.0018076216121175603,-0.0009038108060587802,-0.0009038108060587802,-0.0009038108060587802,-0.0018076216121175603,-0.0018076216121175603,-0.0018076216121175603,-0.0018076216121175603,-0.0009038108060587802,-0.0009038108060587802,-0.0018076216121175603,-0.0018076216121175603
2020-08-17,0.00216047474688974,0.00216047474688974,0.00108023737344487,0.00108023737344487,0.00108023737344487,0.00216047474688974,0.00216047474688974,0.00216047474688974,0.00216047474688974,0.00108023737344487,0.00108023737344487,0.00216047474688974,0.00216047474688974
2020-08-20,0.0035472478978519906,0.0035472478978519906,0.0017736239489259953,0.0034972478978519904,0.0017736239489259953,0.0035472478978519906,0.0035472478978519906,0.0035472478978519906,0.0035472478978519906,0.0017736239489259953,0.0017736239489259953,0.0035472478978519906,0.0035472478978519906
2020-08-25,0.010025651482927778,0.010025651482927778,0.005012825741463889,0.010025651482927778,0.005012825741463889,0.010025651482927778,0.010025651482927778,0.010025651482927778,0.010025651482927778,0.005012825741463889,0.005012825741463889,0.010025651482927778,0.010025651482927778
2020-08-28,-0.003622483344232319,-0.003622483344232319,-0.0018112416721161595,-0.003622483344232319,-0.0018112416721161595,-0.003622483344232319,-0.003622483344232319,-0.003622483344232319,-0.003622483344232319,-0.0018112416721161595,-0.0018112416721161595,-0.003622483344232319,-0.003622483344232319
2020-09-02,-0.03441432170991765,-0.03441432170991765,-0.017207160854958825,-0.03441432170991765,-0.017207160854958825,-0.03441432170991765,-0.03441432170991765,-0.03441432170991765,-0.03441432170991765,-0.017207160854958825,-0.017207160854958825,-0.03441432170991765,-0.03441432170991765
2020-09-09,-0.017363367697815102,-0.017363367697815102,-0.008681683848907551,-0.00873168384890755,-0.008681683848907551,-0.017363367697815102,-0.017363367697815102,-0.017363367697815102,-0.017363367697815102,-0.008681683848907551,-0.008681683848907551,-0.017363367697815102,-0.017363367697815102
2020-09-14,0.005052317141959861,0.0024761585709799304,0.0025261585709799306,0.0025261585709799306,0.0025261585709799306,0.005052317141959861,0.005052317141959861,0.005052317141959861,0.005052317141959861,0.0025261585709799306,0.0025261585709799306,0.005052317141959861,0.005052317141959861
2020-09-17,-0.011512718406383682,-0.005756359203191841,-0.005756359203191841,-0.005756359203191841,-0.005756359203191841,-0.011512718406383682,-0.011512718406383682,-0.011512718406383682,-0.011512718406383682,-0.005756359203191841,-0.005756359203191841,-0.011512718406383682,-0.011512718406383682
2020-09-22,-0.023191208437211563,-0.011595604218605782,-0.011595604218605782,-0.011595604218605782,-0.011595604218605782,-0.023191208437211563,-0.023191208437211563,-0.023191208437211563,-0.023191208437211563,-0.023241208437211565,-0.023241208437211565,-0.023191208437211563,-0.023191208437211563
2020-09-25,0.016609325674336706,0.008304662837168353,0.008304662837168353,0.008304662837168353,0.008304662837168353,0.016609325674336706,0.016609325674336706,0.016609325674336706,0.016609325674336706,0.008254662837168353,0.008254662837168353,0.016609325674336706,0.016609325674336706
2020-09-30,0.006420212960476235,0.0032101064802381174,0.0032101064802381174,0.0032101064802381174,0.0032101064802381174,0.006420212960476235,0.006420212960476235,0.006420212960476235,0.006420212960476235,0.0032101064802381174,0.0032101064802381174,0.006420212960476235,0.006420212960476235
2020-10-05,-0.014216015531283266,-0.007108007765641633,-0.007108007765641633,-0.014266015531283266,-0.007108007765641633,-0.014216015531283266,-0.014216015531283266,-0.014216015531283266,-0.014216015531283266,-0.014266015531283266,-0.014266015531283266,-0.014216015531283266,-0.014216015531283266
2020-10-09,0.016087691992572983,0.016037691992572982,0.008043845996286492,0.016087691992572983,0.016037691992572982,0.016087691992572983,0.016087691992572983,0.016087691992572983,0.016087691992572983,0.007993845996286492,0.007993845996286492,0.016087691992572983,0.016087691992572983
2020-10-14,-0.0012360314863952837,-0.0012360314863952837,-0.0006180157431976419,-0.0012360314863952837,-0.0012360314863952837,-0.0012360314863952837,-0.0012360314863952837,-0.0012360314863952837,-0.0012360314863952837,-0.0012860314863952836,-0.0012860314863952836,-0.0012360314863952837,-0.0012360314863952837
2020-10-19,0.004005706982158852,0.004005706982158852,0.002002853491079426,0.004005706982158852,0.004005706982158852,0.004005706982158852,0.004005706982158852,0.004005706982158852,0.004005706982158852,0.004005706982158852,0.004005706982158852,0.004005706982158852,0.004005706982158852
2020-10-22,0.003395125917911024,0.003395125917911024,0.001697562958955512,0.003395125917911024,0.003395125917911024,0.003395125917911024,0.003395125917911024,0.003395125917911024,0.003395125917911024,0.003395125917911024,0.003395125917911024,0.003395125917911024,0.003395125917911024
2020-10-27,-0.03417882125515459,-0.03417882125515459,-0.017089410627577295,-0.03417882125515459,-0.03417882125515459,-0.03417882125515459,-0.03417882125515459,-0.03417882125515459,-0.03417882125515459,-0.017139410627577296,-0.017139410627577296,-0.03417882125515459,-0.03417882125515459
2020-10-30,0.011208544767437045,0.005554272383718523,0.005604272383718523,0.005554272383718523,0.005554272383718523,0.011208544767437045,0.011208544767437045,0.011208544767437045,0.011208544767437045,0.011158544767437046,0.011158544767437046,0.011208544767437045,0.011208544767437045
2020-11-04,0.019502830433135943,0.009751415216567971,0.009751415216567971,0.009751415216567971,0.009751415216567971,0.019502830433135943,0.019502830433135943,0.019502830433135943,0.019502830433135943,0.009701415216567972,0.009701415216567972,0.019502830433135943,0.019502830433135943
2020-11-10,0.007428612768309417,0.0037143063841547086,0.0037143063841547086,0.0073786127683094175,0.0073786127683094175,0.007428612768309417,0.007428612768309417,0.007428612768309417,0.007428612768309417,0.0037143063841547086,0.0037143063841547086,0.007428612768309417,0.007428612768309417
2020-11-13,0.012482744063479823,0.006241372031739911,0.006241372031739911,0.012482744063479823,0.012482744063479823,0.012482744063479823,0.012482744063479823,0.012482744063479823,0.012482744063479823,0.012432744063479823,0.012432744063479823,0.012482744063479823,0.012482744063479823
2020-11-18,0.004210445390016915,0.0021052226950084574,0.0021052226950084574,0.004210445390016915,0.004210445390016915,0.004210445390016915,0.004210445390016915,0.004210445390016915,0.004210445390016915,0.004210445390016915,0.004210445390016915,0.004210445390016915,0.004210445390016915
2020-11-23,0.016113776637561195,0.008056888318780597,0.008056888318780597,0.016113776637561195,0.016113776637561195,0.016113776637561195,0.016113776637561195,0.016113776637561195,0.016113776637561195,0.016113776637561195,0.016113776637561195,0.016113776637561195,0.016113776637561195
2020-11-27,-0.004427059523238297,-0.004477059523238297,-0.0022135297616191485,-0.004427059523238297,-0.004427059523238297,-0.004427059523238297,-0.004427059523238297,-0.004427059523238297,-0.004427059523238297,-0.004427059523238297,-0.004427059523238297,-0.004427059523238297,-0.004427059523238297
2020-12-02,-0.0002724079552816061,-0.0002724079552816061,-0.00013620397764080305,-0.0002724079552816061,-0.0002724079552816061,-0.0002724079552816061,-0.0002724079552816061,-0.0002724079552816061,-0.0002724079552816061,-0.0002724079552816061,-0.0002724079552816061,-0.0002724079552816061,-0.0002724079552816061
2020-12-07,0.00292617026072306,0.00292617026072306,0.00146308513036153,0.00292617026072306,0.00292617026072306,0.00292617026072306,0.00292617026072306,0.00292617026072306,0.00292617026072306,0.00292617026072306,0.00292617026072306,0.00292617026072306,0.00292617026072306
2020-12-11,-0.004477241035923729,-0.004477241035923729,-0.0022386205179618646,-0.004477241035923729,-0.004477241035923729,-0.004477241035923729,-0.004477241035923729,-0.004477241035923729,-0.004477241035923729,-0.004477241035923729,-0.004477241035923729,-0.004477241035923729,-0.004477241035923729
2020-12-16,0.00559211465409204,0.00559211465409204,0.00279605732704602,0.00559211465409204,0.00559211465409204,0.00559211465409204,0.00559211465409204,0.00559211465409204,0.00559211465409204,0.00559211465409204,0.00559211465409204,0.00559211465409204,0.00559211465409204
2020-12-21,-0.001685512762051422,-0.001685512762051422,-0.000842756381025711,-0.001685512762051422,-0.001685512762051422,-0.001685512762051422,-0.001685512762051422,-0.001685512762051422,-0.001685512762051422,-0.001685512762051422,-0.001685512762051422,-0.001685512762051422,-0.001685512762051422
2020-12-24,0.00859102117776489,0.00859102117776489,0.004295510588882445,0.00859102117776489,0.00859102117776489,0.00859102117776489,0.00859102117776489,0.00859102117776489,0.00859102117776489,0.0042455105888824455,0.0042455105888824455,0.00859102117776489,0.00859102117776489
2020-12-30,0.005081033750711894,0.005081033750711894,0.002540516875355947,0.005081033750711894,0.005081033750711894,0.005081033750711894,0.005081033750711894,0.005081033750711894,0.005081033750711894,0.002540516875355947,0.002540516875355947,0.005081033750711894,0.005081033750711894
2021-01-05,0.005978444054317356,0.005978444054317356,0.002989222027158678,0.005978444054317356,0.005978444054317356,0.005978444054317356,0.005978444054317356,0.005978444054317356,0.005978444054317356,0.002989222027158678,0.002989222027158678,0.005978444054317356,0.005978444054317356
2021-01-08,-0.0067405961182179785,-0.0067405961182179785,-0.0033702980591089893,-0.0067405961182179785,-0.0067405961182179785,-0.0067405961182179785,-0.0067405961182179785,-0.0067405961182179785,-0.0067405961182179785,-0.006790596118217978,-0.006790596118217978,-0.0067405961182179785,-0.0067405961182179785
2021-01-14,-0.0072926813676941205,-0.0072926813676941205,-0.0036463406838470602,-0.0072926813676941205,-0.0072926813676941205,-0.0072926813676941205,-0.0072926813676941205,-0.0072926813676941205,-0.0072926813676941205,-0.0072926813676941205,-0.0072926813676941205,-0.0072926813676941205,-0.0072926813676941205
2021-01-20,0.0009114892217296777,0.0009114892217296777,0.00045574461086483886,0.0009114892217296777,0.0009114892217296777,0.0009114892217296777,0.0009114892217296777,0.0009114892217296777,0.0009114892217296777,0.0009114892217296777,0.0009114892217296777,0.0009114892217296777,0.0009114892217296777
2021-01-25,-0.0015604965309270469,-0.0015604965309270469,-0.0007802482654635234,-0.0015604965309270469,-0.0015604965309270469,-0.0015604965309270469,-0.0015604965309270469,-0.0015604965309270469,-0.0015604965309270469,-0.0015604965309270469,-0.0015604965309270469,-0.0015604965309270469,-0.0015604965309270469
2021-01-28,-0.020019455631229865,-0.020019455631229865,-0.010009727815614933,-0.020019455631229865,-0.020019455631229865,-0.020019455631229865,-0.020019455631229865,-0.020019455631229865,-0.020019455631229865,-0.020019455631229865,-0.020019455631229865,-0.020019455631229865,-0.020019455631229865
2021-02-02,0.0007862275545822417,0.0007862275545822417,0.00039311377729112085,0.0007862275545822417,0.0007862275545822417,0.0007862275545822417,0.0007862275545822417,0.0007862275545822417,0.0007862275545822417,0.0007862275545822417,0.0007862275545822417,0.0007862275545822417,0.0007862275545822417
2021-02-05,0.007222184502602591,0.007222184502602591,0.0036110922513012955,0.007222184502602591,0.007222184502602591,0.007222184502602591,0.007222184502602591,0.007222184502602591,0.007222184502602591,0.007222184502602591,0.007222184502602591,0.007222184502602591,0.007222184502602591
2021-02-11,0.004939779162715263,0.004939779162715263,0.0024698895813576316,0.004939779162715263,0.004939779162715263,0.004939779162715263,0.004939779162715263,0.004939779162715263,0.004939779162715263,0.004939779162715263,0.004939779162715263,0.004939779162715263,0.004939779162715263
2021-02-17,-0.004255878713388284,-0.004255878713388284,-0.002127939356694142,-0.004255878713388284,-0.004255878713388284,-0.004255878713388284,-0.004255878713388284,-0.004255878713388284,-0.004255878713388284,-0.004255878713388284,-0.004255878713388284,-0.004255878713388284,-0.004255878713388284
2021-02-22,0.0012143527911268048,0.0012143527911268048,0.0006071763955634024,0.0012143527911268048,0.0012143527911268048,0.0012143527911268048,0.0012143527911268048,0.0012143527911268048,0.0012143527911268048,0.0012143527911268048,0.0012143527911268048,0.0012143527911268048,0.0012143527911268048
2021-02-25,-0.0051528271055322206,-0.0051528271055322206,-0.0025764135527661103,-0.0051528271055322206,-0.0051528271055322206,-0.0051528271055322206,-0.0051528271055322206,-0.0051528271055322206,-0.0051528271055322206,-0.0051528271055322206,-0.0051528271055322206,-0.0051528271055322206,-0.0051528271055322206
2021-03-02,-0.013245820535101038,-0.013245820535101038,-0.006622910267550519,-0.013245820535101038,-0.013245820535101038,-0.013245820535101038,-0.013245820535101038,-0.013245820535101038,-0.013245820535101038,-0.013245820535101038,-0.013245820535101038,-0.013245820535101038,-0.013245820535101038
2021-03-05,-0.004978819189692785,-0.004978819189692785,-0.0024894095948463923,-0.0025394095948463925,-0.004978819189692785,-0.004978819189692785,-0.004978819189692785,-0.004978819189692785,-0.004978819189692785,-0.004978819189692785,-0.004978819189692785,-0.004978819189692785,-0.004978819189692785
2021-03-10,0.01013919803272878,0.01013919803272878,0.00506959901636439,0.00506959901636439,0.01013919803272878,0.01013919803272878,0.01013919803272878,0.01013919803272878,0.01013919803272878,0.01013919803272878,0.01013919803272878,0.01013919803272878,0.01013919803272878
2021-03-16,0.0034095727534912967,0.0034095727534912967,0.0017047863767456484,0.0033595727534912966,0.0034095727534912967,0.0034095727534912967,0.0034095727534912967,0.0034095727534912967,0.0034095727534912967,0.0034095727534912967,0.0034095727534912967,0.0034095727534912967,0.0034095727534912967
2021-03-19,0.007984854288720422,0.007984854288720422,0.003992427144360211,0.007984854288720422,0.007984854288720422,0.007984854288720422,0.007984854288720422,0.007984854288720422,0.007984854288720422,0.007984854288720422,0.007984854288720422,0.007984854288720422,0.007984854288720422
2021-03-24,0.005625569879950554,0.005625569879950554,0.002812784939975277,0.005625569879950554,0.0027627849399752768,0.005625569879950554,0.005625569879950554,0.005625569879950554,0.005625569879950554,0.0027627849399752768,0.0027627849399752768,0.005625569879950554,0.005625569879950554
2021-03-29,-0.002653071956981501,-0.002653071956981501,-0.0013265359784907504,-0.002653071956981501,-0.002703071956981501,-0.002653071956981501,-0.002653071956981501,-0.002653071956981501,-0.002653071956981501,-0.002703071956981501,-0.002703071956981501,-0.002653071956981501,-0.002653071956981501
2021-04-01,0.014352921601524127,0.014352921601524127,0.014302921601524127,0.014352921601524127,0.014352921601524127,0.014352921601524127,0.014352921601524127,0.014352921601524127,0.014352921601524127,0.007126460800762064,0.007126460800762064,0.014352921601524127,0.014352921601524127
2021-04-07,0.00474686354454934,0.00474686354454934,0.00474686354454934,0.00474686354454934,0.00474686354454934,0.00474686354454934,0.00474686354454934,0.00474686354454934,0.00474686354454934,0.00469686354454934,0.00469686354454934,0.00474686354454934,0.00474686354454934
2021-04-12,0.002963771077617139,0.002963771077617139,0.002963771077617139,0.002963771077617139,0.002963771077617139,0.002963771077617139,0.002963771077617139,0.002963771077617139,0.002963771077617139,0.002963771077617139,0.002963771077617139,0.002963771077617139,0.002963771077617139
2021-04-16,-0.0049134140471254195,-0.0049134140471254195,-0.0049134140471254195,-0.0049134140471254195,-0.0049134140471254195,-0.0049134140471254195,-0.0049134140471254195,-0.0049134140471254195,-0.0049134140471254195,-0.0049134140471254195,-0.0049134140471254195,-0.0049134140471254195,-0.0049134140471254195
2021-04-21,-0.009132917817090025,-0.009132917817090025,-0.009132917817090025,-0.009132917817090025,-0.009132917817090025,-0.009132917817090025,-0.009132917817090025,-0.009132917817090025,-0.009132917817090025,-0.004616458908545012,-0.004616458908545012,-0.009132917817090025,-0.009132917817090025
2021-04-26,-0.00021540038416845153,-0.00021540038416845153,-0.00021540038416845153,-0.00021540038416845153,-0.00021540038416845153,-0.00021540038416845153,-0.00021540038416845153,-0.00021540038416845153,-0.00021540038416845153,-0.00026540038416845155,-0.00026540038416845155,-0.00021540038416845153,-0.00021540038416845153
2021-04-29,-0.0065704804970631026,-0.0065704804970631026,-0.0065704804970631026,-0.0065704804970631026,-0.0065704804970631026,-0.0065704804970631026,-0.0065704804970631026,-0.0065704804970631026,-0.0065704804970631026,-0.0065704804970631026,-0.0065704804970631026,-0.0065704804970631026,-0.0065704804970631026
2021-05-04,0.0003125012529532345,0.0003125012529532345,0.00010625062647661725,0.0003125012529532345,0.0003125012529532345,0.0003125012529532345,0.0003125012529532345,0.0003125012529532345,0.0003125012529532345,0.0003125012529532345,0.0003125012529532345,0.0003125012529532345,0.0003125012529532345
2021-05-07,-0.009902330527465364,-0.009902330527465364,-0.009952330527465364,-0.009902330527465364,-0.009902330527465364,-0.009902330527465364,-0.009902330527465364,-0.009902330527465364,-0.009902330527465364,-0.009902330527465364,-0.009902330527465364,-0.009902330527465364,-0.009902330527465364
2021-05-12,0.01201243701981558,0.01201243701981558,0.005956218509907791,0.01201243701981558,0.005956218509907791,0.01201243701981558,0.01201243701981558,0.01201243701981558,0.01201243701981558,0.01201243701981558,0.01201243701981558,0.01201243701981558,0.01201243701981558
2021-05-18,-0.002621967992573193,-0.002621967992573193,-0.0013109839962865966,-0.002621967992573193,-0.0026719679925731933,-0.002621967992573193,-0.002621967992573193,-0.002621967992573193,-0.002621967992573193,-0.002621967992573193,-0.002621967992573193,-0.002621967992573193,-0.002621967992573193
2021-05-21,0.010194395932825007,0.010194395932825007,0.005097197966412503,0.010194395932825007,0.010194395932825007,0.010194395932825007,0.010194395932825007,0.010194395932825007,0.010194395932825007,0.010194395932825007,0.010194395932825007,0.010194395932825007,0.010194395932825007
2021-05-26,0.0005248123743133437,0.0005248123743133437,0.0004748123743133437,0.0005248123743133437,0.0005248123743133437,0.0005248123743133437,0.0005248123743133437,0.0005248123743133437,0.0005248123743133437,0.0005248123743133437,0.0005248123743133437,0.0005248123743133437,0.0005248123743133437
2021-06-01,0.0015724975725828205,0.0015724975725828205,0.0015724975725828205,0.0015724975725828205,0.0015724975725828205,0.0015724975725828205,0.0015724975725828205,0.0015724975725828205,0.0015724975725828205,0.0015724975725828205,0.0015724975725828205,0.0015724975725828205,0.0015724975725828205
2021-06-04,-0.0009699566275911398,-0.0009699566275911398,-0.0009699566275911398,-0.0009699566275911398,-0.0009699566275911398,-0.0009699566275911398,-0.0009699566275911398,-0.0009699566275911398,-0.0009699566275911398,-0.0009699566275911398,-0.0009699566275911398,-0.0009699566275911398,-0.0009699566275911398
2021-06-09,0.004648380633909488,0.004648380633909488,0.004648380633909488,0.004648380633909488,0.004648380633909488,0.004648380633909488,0.004648380633909488,0.004648380633909488,0.004648380633909488,0.004648380633909488,0.004648380633909488,0.004648380633909488,0.004648380633909488
2021-06-14,-0.001833964196322757,-0.001833964196322757,-0.001833964196322757,-0.001833964196322757,-0.001833964196322757,-0.001833964196322757,-0.001833964196322757,-0.001833964196322757,-0.001833964196322757,-0.001833964196322757,-0.001833964196322757,-0.001833964196322757,-0.001833964196322757
2021-06-18,0.014316013516096238,0.014316013516096238,0.007108006758048119,0.014316013516096238,0.014316013516096238,0.014316013516096238,0.014316013516096238,0.014316013516096238,0.014316013516096238,0.014316013516096238,0.014316013516096238,0.014316013516096238,0.014316013516096238
2021-06-23,0.005916053477683203,0.005916053477683203,0.005866053477683203,0.005916053477683203,0.005916053477683203,0.005916053477683203,0.005916053477683203,0.005916053477683203,0.005916053477683203,0.005916053477683203,0.005916053477683203,0.005916053477683203,0.005916053477683203
2021-06-28,0.0005381162776096904,0.0005381162776096904,0.0005381162776096904,0.0005381162776096904,0.0005381162776096904,0.0005381162776096904,0.0005381162776096904,0.0005381162776096904,0.0005381162776096904,0.0005381162776096904,0.0005381162776096904,0.0005381162776096904,0.0005381162776096904
2021-07-01,0.007643742375419649,0.007643742375419649,0.007643742375419649,0.007643742375419649,0.007643742375419649,0.007643742375419649,0.007643742375419649,0.007643742375419649,0.007643742375419649,0.007643742375419649,0.007643742375419649,0.007643742375419649,0.007643742375419649
2021-07-07,-0.008148025931854375,-0.008148025931854375,-0.008148025931854375,-0.008148025931854375,-0.008148025931854375,-0.008148025931854375,-0.008148025931854375,-0.008148025931854375,-0.008148025931854375,-0.008148025931854375,-0.008148025931854375,-0.008148025931854375,-0.008148025931854375
2021-07-12,-0.003408966692644344,-0.003408966692644344,-0.003408966692644344,-0.003408966692644344,-0.003408966692644344,-0.003408966692644344,-0.003408966692644344,-0.003408966692644344,-0.003408966692644344,-0.003408966692644344,-0.003408966692644344,-0.003408966692644344,-0.003408966692644344
2021-07-15,-0.00784353943097238,-0.00784353943097238,-0.00784353943097238,-0.00784353943097238,-0.00784353943097238,-0.00784353943097238,-0.00784353943097238,-0.00784353943097238,-0.00784353943097238,-0.00784353943097238,-0.00784353943097238,-0.00784353943097238,-0.00784353943097238
2021-07-21,0.0020939373622010926,0.0020939373622010926,0.0020939373622010926,0.0020939373622010926,0.0020939373622010926,0.0020939373622010926,0.0020939373622010926,0.0020939373622010926,0.0020939373622010926,0.0020939373622010926,0.0020939373622010926,0.0020939373622010926,0.0020939373622010926
2021-07-26,-0.00455755710331196,-0.00455755710331196,-0.00455755710331196,-0.00455755710331196,-0.00455755710331196,-0.00455755710331196,-0.00455755710331196,-0.00455755710331196,-0.00455755710331196,-0.00455755710331196,-0.00455755710331196,-0.00455755710331196,-0.00455755710331196
2021-07-29,-0.004856502971964938,-0.004856502971964938,-0.004856502971964938,-0.004856502971964938,-0.004856502971964938,-0.004856502971964938,-0.004856502971964938,-0.004856502971964938,-0.004856502971964938,-0.004856502971964938,-0.004856502971964938,-0.004856502971964938,-0.004856502971964938
2021-08-03,-0.004918844383113519,-0.004918844383113519,-0.004918844383113519,-0.004918844383113519,-0.004918844383113519,-0.004918844383113519,-0.004918844383113519,-0.004918844383113519,-0.004918844383113519,-0.004918844383113519,-0.004918844383113519,-0.004918844383113519,-0.004918844383113519
2021-08-06,-0.0008137427130429087,-0.0008137427130429087,-0.0008137427130429087,-0.0008137427130429087,-0.0008137427130429087,-0.0008137427130429087,-0.0008137427130429087,-0.0008137427130429087,-0.0008137427130429087,-0.0008137427130429087,-0.0008137427130429087,-0.0008137427130429087,-0.0008137427130429087
2021-08-11,0.0029970180265079804,0.0029970180265079804,0.0029970180265079804,0.0029970180265079804,0.0029970180265079804,0.0029970180265079804,0.0029970180265079804,0.0029970180265079804,0.0029970180265079804,0.0029970180265079804,0.0029970180265079804,0.0029970180265079804,0.0029970180265079804
2021-08-17,-0.01094490807450732,-0.01094490807450732,-0.01094490807450732,-0.01094490807450732,-0.01094490807450732,-0.01094490807450732,-0.01094490807450732,-0.01094490807450732,-0.01094490807450732,-0.01094490807450732,-0.01094490807450732,-0.01094490807450732,-0.01094490807450732
2021-08-20,0.00879631384447399,0.00879631384447399,0.00879631384447399,0.00879631384447399,0.00879631384447399,0.00879631384447399,0.00879631384447399,0.00879631384447399,0.00879631384447399,0.00879631384447399,0.00879631384447399,0.00879631384447399,0.00879631384447399
2021-08-25,-0.0059031925180182965,-0.0059031925180182965,-0.0059031925180182965,-0.0059031925180182965,-0.0059031925180182965,-0.0059031925180182965,-0.0059031925180182965,-0.0059031925180182965,-0.0059031925180182965,-0.0059031925180182965,-0.0059031925180182965,-0.0059031925180182965,-0.0059031925180182965
2021-08-30,-0.001481527572170127,-0.001481527572170127,-0.001481527572170127,-0.001481527572170127,-0.001481527572170127,-0.001481527572170127,-0.001481527572170127,-0.001481527572170127,-0.001481527572170127,-0.001481527572170127,-0.001481527572170127,-0.001481527572170127,-0.001481527572170127
2021-09-02,-0.00024268523559656252,-0.00024268523559656252,-0.00024268523559656252,-0.00024268523559656252,-0.00024268523559656252,-0.00024268523559656252,-0.00024268523559656252,-0.00024268523559656252,-0.00024268523559656252,-0.00024268523559656252,-0.00024268523559656252,-0.00024268523559656252,-0.00024268523559656252
2021-09-08,-0.00428034736815186,-0.00428034736815186,-0.00428034736815186,-0.00428034736815186,-0.00428034736815186,-0.00428034736815186,-0.00428034736815186,-0.00428034736815186,-0.00428034736815186,-0.00428034736815186,-0.00428034736815186,-0.00428034736815186,-0.00428034736815186
2021-09-13,-0.005396514122293472,-0.005396514122293472,-0.002748257061146736,-0.005396514122293472,-0.005396514122293472,-0.005396514122293472,-0.005396514122293472,-0.005396514122293472,-0.005396514122293472,-0.005396514122293472,-0.005396514122293472,-0.005396514122293472,-0.005396514122293472
2021-09-17,-0.016674224954352446,-0.016674224954352446,-0.008337112477176223,-0.016674224954352446,-0.016674224954352446,-0.016674224954352446,-0.016674224954352446,-0.016674224954352446,-0.016674224954352446,-0.016674224954352446,-0.016674224954352446,-0.016674224954352446,-0.016674224954352446
2021-09-22,0.01214990758116219,0.01214990758116219,0.006074953790581095,0.01214990758116219,0.01214990758116219,0.01214990758116219,0.01214990758116219,0.01214990758116219,0.01214990758116219,0.01214990758116219,0.01214990758116219,0.01214990758116219,0.01214990758116219
2021-09-27,-0.020151891307138015,-0.020151891307138015,-0.020201891307138016,-0.020151891307138015,-0.020151891307138015,-0.020151891307138015,-0.020151891307138015,-0.020151891307138015,-0.020151891307138015,-0.020151891307138015,-0.020151891307138015,-0.020151891307138015,-0.020151891307138015
2021-09-30,0.01188396287227067,0.01188396287227067,0.0058919814361353354,0.01188396287227067,0.01188396287227067,0.01188396287227067,0.01188396287227067,0.01188396287227067,0.01188396287227067,0.01188396287227067,0.01188396287227067,0.01188396287227067,0.01188396287227067
2021-10-05,0.004155945241426151,0.004155945241426151,0.0020779726207130755,0.004155945241426151,0.004155945241426151,0.004155945241426151,0.004155945241426151,0.004155945241426151,0.004155945241426151,0.004155945241426151,0.004155945241426151,0.004155945241426151,0.004155945241426151
2021-10-08,-0.007239660990056684,-0.007239660990056684,-0.007289660990056684,-0.007239660990056684,-0.007239660990056684,-0.007239660990056684,-0.007239660990056684,-0.007239660990056684,-0.007239660990056684,-0.007239660990056684,-0.007239660990056684,-0.007239660990056684,-0.007239660990056684
2021-10-13,0.016820643288896875,0.016820643288896875,0.016820643288896875,0.016820643288896875,0.016820643288896875,0.016820643288896875,0.016820643288896875,0.016820643288896875,0.016820643288896875,0.016820643288896875,0.016820643288896875,0.016820643288896875,0.016820643288896875
2021-10-19,0.003927765197991873,0.003927765197991873,0.003927765197991873,0.003927765197991873,0.003927765197991873,0.003927765197991873,0.003927765197991873,0.003927765197991873,0.003927765197991873,0.003927765197991873,0.003927765197991873,0.003927765197991873,0.003927765197991873
2021-10-22,0.00536289703191839,0.00536289703191839,0.00536289703191839,0.00536289703191839,0.00536289703191839,0.00536289703191839,0.00536289703191839,0.00536289703191839,0.00536289703191839,0.00536289703191839,0.00536289703191839,0.00536289703191839,0.00536289703191839
2021-10-27,0.009649051604379011,0.009649051604379011,0.009649051604379011,0.009649051604379011,0.009649051604379011,0.009649051604379011,0.009649051604379011,0.009649051604379011,0.009649051604379011,0.009649051604379011,0.009649051604379011,0.009649051604379011,0.009649051604379011
2021-11-01,0.004043053263467211,0.004043053263467211,0.004043053263467211,0.004043053263467211,0.004043053263467211,0.004043053263467211,0.004043053263467211,0.004043053263467211,0.004043053263467211,0.004043053263467211,0.004043053263467211,0.004043053263467211,0.004043053263467211
2021-11-04,0.00346967086867056,0.00346967086867056,0.00346967086867056,0.00346967086867056,0.00346967086867056,0.00346967086867056,0.00346967086867056,0.00346967086867056,0.00346967086867056,0.00346967086867056,0.00346967086867056,0.00346967086867056,0.00346967086867056
2021-11-09,-0.008044899906041736,-0.008044899906041736,-0.008044899906041736,-0.008044899906041736,-0.008044899906041736,-0.008044899906041736,-0.008044899906041736,-0.008044899906041736,-0.008044899906041736,-0.008044899906041736,-0.008044899906041736,-0.008044899906041736,-0.008044899906041736
2021-11-12,0.0003425867894060186,0.0003425867894060186,0.0003425867894060186,0.0003425867894060186,0.0003425867894060186,0.0003425867894060186,0.0003425867894060186,0.0003425867894060186,0.0003425867894060186,0.0003425867894060186,0.0003425867894060186,0.0003425867894060186,0.0003425867894060186
2021-11-18,-0.0017884181798164533,-0.0017884181798164533,-0.0017884181798164533,-0.0017884181798164533,-0.0017884181798164533,-0.0017884181798164533,-0.0017884181798164533,-0.0017884181798164533,-0.0017884181798164533,-0.0017884181798164533,-0.0017884181798164533,-0.0017884181798164533,-0.0017884181798164533
2021-11-23,0.002669991085006096,0.002669991085006096,0.001284995542503048,0.002669991085006096,0.002669991085006096,0.002669991085006096,0.002669991085006096,0.002669991085006096,0.002669991085006096,0.002669991085006096,0.002669991085006096,0.002669991085006096,0.002669991085006096
2021-11-29,-0.0194576411884686,-0.0194576411884686,-0.0097288205942343,-0.0194576411884686,-0.0194576411884686,-0.0194576411884686,-0.0194576411884686,-0.0194576411884686,-0.0194576411884686,-0.0194576411884686,-0.0194576411884686,-0.0194576411884686,-0.0194576411884686
2021-12-02,-0.008701219107549285,-0.008701219107549285,-0.0043506095537746425,-0.008701219107549285,-0.008701219107549285,-0.008701219107549285,-0.008701219107549285,-0.008701219107549285,-0.008701219107549285,-0.008701219107549285,-0.008701219107549285,-0.008701219107549285,-0.008701219107549285
2021-12-07,0.0026479866538589025,0.0026479866538589025,0.0013239933269294513,0.0026479866538589025,0.0026479866538589025,0.0026479866538589025,0.0026479866538589025,0.0026479866538589025,0.0026479866538589025,0.0026479866538589025,0.0026479866538589025,0.0026479866538589025,0.0026479866538589025
2021-12-10,-0.008858492324619216,-0.008858492324619216,-0.008908492324619216,-0.008858492324619216,-0.008858492324619216,-0.008858492324619216,-0.008858492324619216,-0.008858492324619216,-0.008858492324619216,-0.008858492324619216,-0.008858492324619216,-0.008858492324619216,-0.008858492324619216
2021-12-15,-0.008818564556729802,-0.008818564556729802,-0.004459282278364901,-0.008818564556729802,-0.008818564556729802,-0.008818564556729802,-0.008818564556729802,-0.008818564556729802,-0.008818564556729802,-0.008818564556729802,-0.008818564556729802,-0.008818564556729802,-0.008818564556729802
2021-12-21,0.009998557342828063,0.009998557342828063,0.004999278671414031,0.009998557342828063,0.009998557342828063,0.009998557342828063,0.009998557342828063,0.009998557342828063,0.009998557342828063,0.009998557342828063,0.009998557342828063,0.009998557342828063,0.009998557342828063
2021-12-27,-0.0008170649581553668,-0.0008170649581553668,-0.0008670649581553669,-0.0008170649581553668,-0.0008170649581553668,-0.0008170649581553668,-0.0008170649581553668,-0.0008170649581553668,-0.0008170649581553668,-0.0008170649581553668,-0.0008170649581553668,-0.0008170649581553668,-0.0008170649581553668
2021-12-30,-0.002520313299890886,-0.002520313299890886,-0.002520313299890886,-0.002520313299890886,-0.002520313299890886,-0.002520313299890886,-0.002520313299890886,-0.002520313299890886,-0.002520313299890886,-0.002520313299890886,-0.002520313299890886,-0.002520313299890886,-0.002520313299890886
2022-01-04,-0.019202301729087767,-0.019202301729087767,-0.019202301729087767,-0.019202301729087767,-0.019202301729087767,-0.019202301729087767,-0.019202301729087767,-0.019202301729087767,-0.019202301729087767,-0.019202301729087767,-0.019202301729087767,-0.019202301729087767,-0.019202301729087767
2022-01-07,-0.0012445577926037954,-0.0012445577926037954,-0.0012445577926037954,-0.0012445577926037954,-0.0012445577926037954,-0.0012445577926037954,-0.0012445577926037954,-0.0012445577926037954,-0.0012445577926037954,-0.0012445577926037954,-0.0012445577926037954,-0.0012445577926037954,-0.0012445577926037954
2022-01-12,-0.013778783552465756,-0.013778783552465756,-0.013778783552465756,-0.013778783552465756,-0.013778783552465756,-0.013778783552465756,-0.013778783552465756,-0.013778783552465756,-0.013778783552465756,-0.013778783552465756,-0.013778783552465756,-0.013778783552465756,-0.013778783552465756
2022-01-18,-0.010383694675353494,-0.010383694675353494,-0.005241847337676747,-0.010383694675353494,-0.010383694675353494,-0.010383694675353494,-0.010383694675353494,-0.010383694675353494,-0.010383694675353494,-0.010383694675353494,-0.010383694675353494,-0.010383694675353494,-0.010383694675353494
2022-01-24,-0.012209162921720251,-0.012209162921720251,-0.006104581460860126,-0.006154581460860125,-0.006154581460860125,-0.006154581460860125,-0.006154581460860125,-0.012209162921720251,-0.012209162921720251,-0.006154581460860125,-0.006154581460860125,-0.006154581460860125,-0.006154581460860125
2022-01-27,0.02483544770803814,0.02483544770803814,0.01241772385401907,0.01241772385401907,0.01241772385401907,0.01241772385401907,0.01241772385401907,0.01236772385401907,0.01236772385401907,0.01241772385401907,0.01241772385401907,0.01241772385401907,0.01241772385401907
2022-02-01,0.00971399186507016,0.00971399186507016,0.00485699593253508,0.00485699593253508,0.00485699593253508,0.00485699593253508,0.00485699593253508,0.00966399186507016,0.00966399186507016,0.00485699593253508,0.00485699593253508,0.00485699593253508,0.00485699593253508
2022-02-04,-0.003209378300294108,-0.003209378300294108,-0.001604689150147054,-0.001604689150147054,-0.001604689150147054,-0.001604689150147054,-0.001604689150147054,-0.0016546891501470538,-0.0016546891501470538,-0.001604689150147054,-0.001604689150147054,-0.001604689150147054,-0.001604689150147054
2022-02-09,-0.017965622289781824,-0.017965622289781824,-0.008982811144890912,-0.008982811144890912,-0.008982811144890912,-0.008982811144890912,-0.008982811144890912,-0.018015622289781826,-0.018015622289781826,-0.008982811144890912,-0.008982811144890912,-0.008982811144890912,-0.008982811144890912
2022-02-14,0.01612696305458705,0.008013481527293526,0.008063481527293526,0.008063481527293526,0.008063481527293526,0.008063481527293526,0.008063481527293526,0.008013481527293526,0.008013481527293526,0.008063481527293526,0.008063481527293526,0.008063481527293526,0.008063481527293526
2022-02-18,-0.010731606868282006,-0.005365803434141003,-0.005365803434141003,-0.005365803434141003,-0.005365803434141003,-0.010781606868282006,-0.010781606868282006,-0.005365803434141003,-0.005365803434141003,-0.005365803434141003,-0.005365803434141003,-0.005365803434141003,-0.005365803434141003
2022-02-24,0.022063869748603082,0.011031934874301541,0.011031934874301541,0.011031934874301541,0.011031934874301541,0.010981934874301541,0.010981934874301541,0.011031934874301541,0.011031934874301541,0.011031934874301541,0.011031934874301541,0.011031934874301541,0.011031934874301541
2022-03-01,0.018396226166669916,0.009198113083334958,0.009198113083334958,0.009198113083334958,0.009198113083334958,0.009198113083334958,0.009198113083334958,0.009198113083334958,0.009198113083334958,0.009198113083334958,0.009198113083334958,0.009198113083334958,0.009198113083334958
2022-03-04,-0.029479060121829437,-0.014739530060914718,-0.014739530060914718,-0.014739530060914718,-0.014739530060914718,-0.014739530060914718,-0.014739530060914718,-0.014739530060914718,-0.014739530060914718,-0.014739530060914718,-0.014739530060914718,-0.014739530060914718,-0.014739530060914718
2022-03-09,-0.004515560628434834,-0.002257780314217417,-0.002257780314217417,-0.002257780314217417,-0.002257780314217417,-0.002257780314217417,-0.002257780314217417,-0.002257780314217417,-0.002257780314217417,-0.002257780314217417,-0.002257780314217417,-0.002257780314217417,-0.002257780314217417
2022-03-14,0.021990474691353734,0.010995237345676867,0.010995237345676867,0.010995237345676867,0.010995237345676867,0.010995237345676867,0.010995237345676867,0.010995237345676867,0.010995237345676867,0.010995237345676867,0.010995237345676867,0.010995237345676867,0.010995237345676867
2022-03-17,0.010952740484499124,0.005476370242249562,0.005476370242249562,0.005476370242249562,0.005476370242249562,0.005476370242249562,0.005476370242249562,0.005476370242249562,0.005476370242249562,0.005476370242249562,0.005476370242249562,0.005476370242249562,0.005476370242249562
2022-03-23,0.015074345649571663,0.007537172824785832,0.007537172824785832,0.007537172824785832,0.007537172824785832,0.007537172824785832,0.007537172824785832,0.007537172824785832,0.007537172824785832,0.007537172824785832,0.007537172824785832,0.007537172824785832,0.007537172824785832
2022-03-28,0.01237098495984923,0.006185492479924615,0.006185492479924615,0.006185492479924615,0.006185492479924615,0.006185492479924615,0.006185492479924615,0.006185492479924615,0.006185492479924615,0.006185492479924615,0.006185492479924615,0.006185492479924615,0.006185492479924615
2022-03-31,0.0028343589166841543,0.0014171794583420771,0.0014171794583420771,0.0014171794583420771,0.0014171794583420771,0.0014171794583420771,0.0014171794583420771,0.0014171794583420771,0.0014171794583420771,0.0014171794583420771,0.0014171794583420771,0.0014171794583420771,0.0014171794583420771
2022-04-05,-0.00999920631004958,-0.01004920631004958,-0.00499960315502479,-0.00499960315502479,-0.00499960315502479,-0.00499960315502479,-0.00499960315502479,-0.00499960315502479,-0.00499960315502479,-0.00499960315502479,-0.00499960315502479,-0.00499960315502479,-0.00499960315502479
2022-04-08,-0.01709227111317768,-0.01709227111317768,-0.00854613555658884,-0.00854613555658884,-0.00854613555658884,-0.00854613555658884,-0.00854613555658884,-0.00854613555658884,-0.00854613555658884,-0.00854613555658884,-0.00854613555658884,-0.00854613555658884,-0.00854613555658884
2022-04-13,-0.012451899416081935,-0.012451899416081935,-0.006225949708040968,-0.006225949708040968,-0.006225949708040968,-0.006225949708040968,-0.006225949708040968,-0.006225949708040968,-0.006225949708040968,-0.006225949708040968,-0.006225949708040968,-0.006225949708040968,-0.006225949708040968
2022-04-19,-0.0007416169350697999,-0.0007416169350697999,-0.00037080846753489993,-0.00037080846753489993,-0.00037080846753489993,-0.00037080846753489993,-0.00037080846753489993,-0.00037080846753489993,-0.00037080846753489993,-0.00037080846753489993,-0.00037080846753489993,-0.00037080846753489993,-0.00037080846753489993
2022-04-25,-0.028960592445816058,-0.028960592445816058,-0.014480296222908029,-0.014480296222908029,-0.014480296222908029,-0.014480296222908029,-0.014480296222908029,-0.014480296222908029,-0.014480296222908029,-0.014480296222908029,-0.014480296222908029,-0.014480296222908029,-0.014480296222908029
2022-04-28,-0.03695561614127907,-0.018527808070639536,-0.018477808070639534,-0.018477808070639534,-0.018477808070639534,-0.018477808070639534,-0.018477808070639534,-0.018477808070639534,-0.018477808070639534,-0.018477808070639534,-0.018477808070639534,-0.018477808070639534,-0.018477808070639534
2022-05-03,0.03045294353152528,0.01522647176576264,0.01522647176576264,0.01522647176576264,0.01522647176576264,0.01522647176576264,0.01522647176576264,0.01522647176576264,0.01522647176576264,0.01522647176576264,0.01522647176576264,0.01522647176576264,0.01522647176576264
2022-05-06,-0.03201717526264791,-0.016008587631323956,-0.016008587631323956,-0.016008587631323956,-0.016008587631323956,-0.016008587631323956,-0.016008587631323956,-0.016008587631323956,-0.016008587631323956,-0.016008587631323956,-0.016008587631323956,-0.016008587631323956,-0.016008587631323956
2022-05-11,-0.0010440791066262944,-0.0005220395533131472,-0.0005220395533131472,-0.0005220395533131472,-0.0005220395533131472,-0.0005220395533131472,-0.0005220395533131472,-0.0005220395533131472,-0.0005220395533131472,-0.0005220395533131472,-0.0005220395533131472,-0.0005220395533131472,-0.0005220395533131472
2022-05-16,0.020570638433395905,0.010285319216697952,0.010285319216697952,0.010285319216697952,0.010285319216697952,0.010285319216697952,0.010285319216697952,0.010285319216697952,0.010285319216697952,0.010285319216697952,0.010285319216697952,0.010285319216697952,0.010285319216697952
2022-05-19,0.0004364791214175323,0.00021823956070876616,0.00021823956070876616,0.00021823956070876616,0.00021823956070876616,0.00021823956070876616,0.00021823956070876616,0.00021823956070876616,0.00021823956070876616,0.00021823956070876616,0.00021823956070876616,0.00021823956070876616,0.00021823956070876616
2022-05-25,0.019981416146753528,0.009990708073376764,0.009990708073376764,0.009990708073376764,0.009990708073376764,0.009990708073376764,0.009990708073376764,0.009990708073376764,0.009990708073376764,0.009990708073376764,0.009990708073376764,0.009990708073376764,0.009990708073376764
2022-05-31,-0.00808853471974147,-0.004044267359870735,-0.004044267359870735,-0.004044267359870735,-0.004044267359870735,-0.004044267359870735,-0.004044267359870735,-0.004044267359870735,-0.004044267359870735,-0.004044267359870735,-0.004044267359870735,-0.004044267359870735,-0.004044267359870735
2022-06-03,0.003044977001633198,0.001522488500816599,0.001522488500816599,0.001522488500816599,0.001522488500816599,0.001522488500816599,0.001522488500816599,0.001522488500816599,0.001522488500816599,0.001522488500816599,0.001522488500816599,0.001522488500816599,0.001522488500816599
2022-06-08,-0.023782943059013184,-0.011891471529506592,-0.011891471529506592,-0.011891471529506592,-0.011891471529506592,-0.011891471529506592,-0.011891471529506592,-0.011891471529506592,-0.011891471529506592,-0.011891471529506592,-0.011891471529506592,-0.011891471529506592,-0.011891471529506592
2022-06-13,-0.003013292871719364,-0.001506646435859682,-0.001506646435859682,-0.001506646435859682,-0.001506646435859682,-0.001506646435859682,-0.001506646435859682,-0.001506646435859682,-0.001506646435859682,-0.001506646435859682,-0.001506646435859682,-0.001506646435859682,-0.001506646435859682
2022-06-16,0.002155793815724172,0.001077896907862086,0.001077896907862086,0.001077896907862086,0.001077896907862086,0.001077896907862086,0.001077896907862086,0.001077896907862086,0.001077896907862086,0.001077896907862086,0.001077896907862086,0.001077896907862086,0.001077896907862086
2022-06-22,0.009802346590136679,0.0049011732950683395,0.0049011732950683395,0.0049011732950683395,0.0049011732950683395,0.0049011732950683395,0.0049011732950683395,0.0049011732950683395,0.0049011732950683395,0.0049011732950683395,0.0049011732950683395,0.0049011732950683395,0.0049011732950683395
2022-06-28,-0.0008141564521708666,-0.0004070782260854333,-0.0004070782260854333,-0.0004070782260854333,-0.0004070782260854333,-0.0004070782260854333,-0.0004070782260854333,-0.0004070782260854333,-0.0004070782260854333,-0.0004070782260854333,-0.0004070782260854333,-0.0004070782260854333,-0.0004070782260854333
2022-07-01,0.0018885037366616064,0.0009442518683308032,0.0009442518683308032,0.0009442518683308032,0.0009442518683308032,0.0009442518683308032,0.0009442518683308032,0.0009442518683308032,0.0009442518683308032,0.0009442518683308032,0.0009442518683308032,0.0009442518683308032,0.0009442518683308032
2022-07-07,-0.0008225392937107889,-0.00041126964685539447,-0.00041126964685539447,-0.00041126964685539447,-0.00041126964685539447,-0.00041126964685539447,-0.00041126964685539447,-0.00041126964685539447,-0.00041126964685539447,-0.00041126964685539447,-0.00041126964685539447,-0.00041126964685539447,-0.00041126964685539447
2022-07-12,-0.005251444526684468,-0.002625722263342234,-0.002625722263342234,-0.002625722263342234,-0.002625722263342234,-0.002625722263342234,-0.002625722263342234,-0.002625722263342234,-0.002625722263342234,-0.002625722263342234,-0.002625722263342234,-0.002625722263342234,-0.002625722263342234
2022-07-15,-0.00825705315143932,-0.00412852657571966,-0.00412852657571966,-0.00412852657571966,-0.00412852657571966,-0.00412852657571966,-0.00412852657571966,-0.00412852657571966,-0.00412852657571966,-0.00412852657571966,-0.00412852657571966,-0.00412852657571966,-0.00412852657571966
2022-07-20,0.010183096115760737,0.010133096115760737,0.0050915480578803685,0.0050915480578803685,0.0050915480578803685,0.0050915480578803685,0.0050915480578803685,0.0050915480578803685,0.0050915480578803685,0.0050915480578803685,0.0050915480578803685,0.0050915480578803685,0.0050915480578803685
2022-07-25,-0.011830952804044004,-0.011830952804044004,-0.005915476402022002,-0.005915476402022002,-0.005915476402022002,-0.005915476402022002,-0.005915476402022002,-0.005915476402022002,-0.005915476402022002,-0.005915476402022002,-0.005915476402022002,-0.005915476402022002,-0.005915476402022002
2022-07-29,-0.0029611934937920914,-0.0029611934937920914,-0.0014805967468960457,-0.0014805967468960457,-0.0014805967468960457,-0.0014805967468960457,-0.0014805967468960457,-0.0014805967468960457,-0.0014805967468960457,-0.0014805967468960457,-0.0014805967468960457,-0.0014805967468960457,-0.0014805967468960457
2022-08-03,-0.0006755474673401096,-0.0006755474673401096,-0.0003377737336700548,-0.0003377737336700548,-0.0003377737336700548,-0.0003377737336700548,-0.0003377737336700548,-0.0003377737336700548,-0.0003377737336700548,-0.0003377737336700548,-0.0003377737336700548,-0.0003377737336700548,-0.0003377737336700548
2022-08-08,-0.003971120986192123,-0.003971120986192123,-0.0019855604930960613,-0.0019855604930960613,-0.0019855604930960613,-0.0019855604930960613,-0.0019855604930960613,-0.0019855604930960613,-0.0019855604930960613,-0.0019855604930960613,-0.0019855604930960613,-0.0019855604930960613,-0.0019855604930960613
2022-08-11,0.016928926187771642,0.016928926187771642,0.008464463093885821,0.008464463093885821,0.008464463093885821,0.008464463093885821,0.008464463093885821,0.008464463093885821,0.008464463093885821,0.008464463093885821,0.008464463093885821,0.008464463093885821,0.008464463093885821
2022-08-16,-0.0070981695743923545,-0.0070981695743923545,-0.0035490847871961773,-0.0035490847871961773,-0.0035490847871961773,-0.0035490847871961773,-0.0035490847871961773,-0.0035490847871961773,-0.0035490847871961773,-0.0035490847871961773,-0.0035490847871961773,-0.0035490847871961773,-0.0035490847871961773
2022-08-19,-0.020822831130048125,-0.020822831130048125,-0.010411415565024063,-0.010411415565024063,-0.010411415565024063,-0.010411415565024063,-0.010411415565024063,-0.010411415565024063,-0.010411415565024063,-0.010411415565024063,-0.010411415565024063,-0.010411415565024063,-0.010411415565024063
2022-08-25,-0.033849052678295743,-0.033849052678295743,-0.016924526339147872,-0.016924526339147872,-0.016924526339147872,-0.016924526339147872,-0.016924526339147872,-0.016924526339147872,-0.016924526339147872,-0.016924526339147872,-0.016924526339147872,-0.016924526339147872,-0.016924526339147872
2022-08-30,-0.0076089243359700465,-0.0076089243359700465,-0.0038044621679850232,-0.0038044621679850232,-0.0038044621679850232,-0.0038044621679850232,-0.0038044621679850232,-0.0038044621679850232,-0.0038044621679850232,-0.0038044621679850232,-0.0038044621679850232,-0.0038044621679850232,-0.0038044621679850232
2022-09-02,-0.0037730915404501353,-0.0037730915404501353,-0.0018865457702250676,-0.0018865457702250676,-0.0018865457702250676,-0.0018865457702250676,-0.0018865457702250676,-0.0018865457702250676,-0.0018865457702250676,-0.0018865457702250676,-0.0018865457702250676,-0.0018865457702250676,-0.0018865457702250676
2022-09-08,0.015535180508180257,0.015535180508180257,0.007767590254090129,0.007767590254090129,0.007767590254090129,0.007767590254090129,0.007767590254090129,0.007767590254090129,0.007767590254090129,0.007767590254090129,0.007767590254090129,0.007767590254090129,0.007767590254090129
2022-09-13,0.003815727584285167,0.0018578637921425835,0.0019078637921425834,0.0019078637921425834,0.0019078637921425834,0.0019078637921425834,0.0019078637921425834,0.0019078637921425834,0.0019078637921425834,0.0019078637921425834,0.0019078637921425834,0.0019078637921425834,0.0019078637921425834
2022-09-16,0.007754754248368245,0.0038773771241841226,0.0038773771241841226,0.0038773771241841226,0.0038773771241841226,0.0038773771241841226,0.0038773771241841226,0.0038773771241841226,0.0038773771241841226,0.0038773771241841226,0.0038773771241841226,0.0038773771241841226,0.0038773771241841226
2022-09-21,-0.008399724627531913,-0.004199862313765956,-0.004199862313765956,-0.004199862313765956,-0.004199862313765956,-0.004199862313765956,-0.004199862313765956,-0.004199862313765956,-0.004199862313765956,-0.004199862313765956,-0.004199862313765956,-0.004199862313765956,-0.004199862313765956
2022-09-27,0.01967628539190147,0.009838142695950736,0.009838142695950736,0.009838142695950736,0.009838142695950736,0.009838142695950736,0.009838142695950736,0.009838142695950736,0.009838142695950736,0.009838142695950736,0.009838142695950736,0.009838142695950736,0.009838142695950736
2022-09-30,0.02640115657997355,0.013200578289986775,0.013200578289986775,0.013200578289986775,0.013200578289986775,0.013200578289986775,0.013200578289986775,0.013200578289986775,0.013200578289986775,0.013200578289986775,0.013200578289986775,0.013200578289986775,0.013200578289986775
2022-10-05,-0.010315770083936027,-0.005157885041968013,-0.005157885041968013,-0.005157885041968013,-0.005157885041968013,-0.005157885041968013,-0.005157885041968013,-0.005157885041968013,-0.005157885041968013,-0.005157885041968013,-0.005157885041968013,-0.005157885041968013,-0.005157885041968013
2022-10-10,-0.006333056690517536,-0.003166528345258768,-0.003166528345258768,-0.003166528345258768,-0.003166528345258768,-0.003166528345258768,-0.003166528345258768,-0.003166528345258768,-0.003166528345258768,-0.003166528345258768,-0.003166528345258768,-0.003166528345258768,-0.003166528345258768
2022-10-13,-0.022788624746234776,-0.011394312373117388,-0.011394312373117388,-0.011394312373117388,-0.011394312373117388,-0.011394312373117388,-0.011394312373117388,-0.011394312373117388,-0.011394312373117388,-0.011394312373117388,-0.011394312373117388,-0.011394312373117388,-0.011394312373117388
2022-10-18,-0.007086343315181987,-0.0035431716575909933,-0.0035431716575909933,-0.0035431716575909933,-0.0035431716575909933,-0.0035431716575909933,-0.0035431716575909933,-0.0035431716575909933,-0.0035431716575909933,-0.0035431716575909933,-0.0035431716575909933,-0.0035431716575909933,-0.0035431716575909933
2022-10-21,0.012236612501688615,0.006118306250844308,0.006118306250844308,0.006118306250844308,0.006118306250844308,0.006118306250844308,0.006118306250844308,0.006118306250844308,0.006118306250844308,0.006118306250844308,0.006118306250844308,0.006118306250844308,0.006118306250844308
2022-10-27,0.023790893767919874,0.011895446883959937,0.011895446883959937,0.011895446883959937,0.011895446883959937,0.011895446883959937,0.011895446883959937,0.011895446883959937,0.011895446883959937,0.011895446883959937,0.011895446883959937,0.011895446883959937,0.011895446883959937
2022-11-01,-0.025096195470693528,-0.012548097735346764,-0.012548097735346764,-0.012548097735346764,-0.012548097735346764,-0.012548097735346764,-0.012548097735346764,-0.012548097735346764,-0.012548097735346764,-0.012548097735346764,-0.012548097735346764,-0.012548097735346764,-0.012548097735346764
2022-11-04,0.009565674480703334,0.004782837240351667,0.004782837240351667,0.004782837240351667,0.004782837240351667,0.004782837240351667,0.004782837240351667,0.004782837240351667,0.004782837240351667,0.004782837240351667,0.004782837240351667,0.004782837240351667,0.004782837240351667
2022-11-09,0.0549541504531188,0.0274770752265594,0.0274770752265594,0.0274770752265594,0.0274770752265594,0.0274770752265594,0.0274770752265594,0.0274770752265594,0.0274770752265594,0.0274770752265594,0.0274770752265594,0.0274770752265594,0.0274770752265594
2022-11-14,0.00852915585808356,0.00426457792904178,0.00426457792904178,0.00426457792904178,0.00426457792904178,0.00426457792904178,0.00426457792904178,0.00426457792904178,0.00426457792904178,0.00426457792904178,0.00426457792904178,0.00426457792904178,0.00426457792904178
2022-11-17,0.004540449898208454,0.002270224949104227,0.002270224949104227,0.002270224949104227,0.002270224949104227,0.002270224949104227,0.002270224949104227,0.002270224949104227,0.002270224949104227,0.002270224949104227,0.002270224949104227,0.002270224949104227,0.002270224949104227
2022-11-22,0.006301511465483189,0.0031507557327415947,0.0031507557327415947,0.0031507557327415947,0.0031507557327415947,0.0031507557327415947,0.0031507557327415947,0.0031507557327415947,0.0031507557327415947,0.0031507557327415947,0.0031507557327415947,0.0031507557327415947,0.0031507557327415947
2022-11-29,0.031500678354029255,0.015750339177014627,0.015750339177014627,0.015750339177014627,0.015750339177014627,0.015750339177014627,0.015750339177014627,0.015750339177014627,0.015750339177014627,0.015750339177014627,0.015750339177014627,0.015750339177014627,0.015750339177014627
2022-12-02,-0.01798933166213701,-0.008994665831068505,-0.008994665831068505,-0.008994665831068505,-0.008994665831068505,-0.008994665831068505,-0.008994665831068505,-0.008994665831068505,-0.008994665831068505,-0.008994665831068505,-0.008994665831068505,-0.008994665831068505,-0.008994665831068505
2022-12-07,0.007833908674596435,0.003916954337298217,0.003916954337298217,0.003916954337298217,0.003916954337298217,0.003916954337298217,0.003916954337298217,0.003916954337298217,0.003916954337298217,0.003916954337298217,0.003916954337298217,0.003916954337298217,0.003916954337298217
2022-12-12,0.007569832350734718,0.007519832350734718,0.003784916175367359,0.003784916175367359,0.003784916175367359,0.003784916175367359,0.003784916175367359,0.003784916175367359,0.003784916175367359,0.003784916175367359,0.003784916175367359,0.003784916175367359,0.003784916175367359
2022-12-15,-0.011806066607231047,-0.011806066607231047,-0.005903033303615524,-0.005903033303615524,-0.005903033303615524,-0.005903033303615524,-0.005903033303615524,-0.005903033303615524,-0.005903033303615524,-0.005903033303615524,-0.005903033303615524,-0.005903033303615524,-0.005903033303615524
2022-12-20,0.014952543465781787,0.014952543465781787,0.007476271732890893,0.007476271732890893,0.007476271732890893,0.007476271732890893,0.007476271732890893,0.007476271732890893,0.007476271732890893,0.007476271732890893,0.007476271732890893,0.007476271732890893,0.007476271732890893
2022-12-23,-0.0039433560743621365,-0.0020216780371810684,-0.0019716780371810683,-0.0019716780371810683,-0.0019716780371810683,-0.0019716780371810683,-0.0019716780371810683,-0.0019716780371810683,-0.0019716780371810683,-0.0019716780371810683,-0.0019716780371810683,-0.0019716780371810683,-0.0019716780371810683
2022-12-30,-0.004209849519564046,-0.004259849519564046,-0.002104924759782023,-0.002104924759782023,-0.002104924759782023,-0.004259849519564046,-0.004259849519564046,-0.002104924759782023,-0.002104924759782023,-0.002104924759782023,-0.002104924759782023,-0.002104924759782023,-0.002104924759782023
2023-01-05,0.022932178589271546,0.022932178589271546,0.011466089294635773,0.011466089294635773,0.011466089294635773,0.011416089294635773,0.011416089294635773,0.011466089294635773,0.011466089294635773,0.011466089294635773,0.011466089294635773,0.011466089294635773,0.011466089294635773
2023-01-10,0.012647857183376576,0.012647857183376576,0.006323928591688288,0.006323928591688288,0.006323928591688288,0.006323928591688288,0.006323928591688288,0.006323928591688288,0.006323928591688288,0.006323928591688288,0.006323928591688288,0.006323928591688288,0.006323928591688288
2023-01-13,-0.0018319128127091133,-0.0018319128127091133,-0.0018819128127091132,-0.0009159564063545567,-0.0009159564063545567,-0.0009159564063545567,-0.0009159564063545567,-0.0009159564063545567,-0.0009159564063545567,-0.0009159564063545567,-0.0009159564063545567,-0.0009159564063545567,-0.0009159564063545567
2023-01-19,0.01862899862159706,0.01862899862159706,0.00926449931079853,0.00931449931079853,0.00931449931079853,0.018578998621597058,0.018578998621597058,0.00931449931079853,0.00931449931079853,0.00931449931079853,0.00931449931079853,0.00931449931079853,0.00931449931079853
2023-01-24,0.00037481709570053034,0.00037481709570053034,0.00018740854785026517,0.00018740854785026517,0.00018740854785026517,0.00037481709570053034,0.00037481709570053034,0.00018740854785026517,0.00018740854785026517,0.00018740854785026517,0.00018740854785026517,0.00018740854785026517,0.00018740854785026517
2023-01-27,-0.01254668321143304,-0.01254668321143304,-0.01259668321143304,-0.00627334160571652,-0.00627334160571652,-0.01254668321143304,-0.01254668321143304,-0.01259668321143304,-0.01259668321143304,-0.00627334160571652,-0.00627334160571652,-0.01259668321143304,-0.01259668321143304
2023-02-02,-0.010629079356699322,-0.010629079356699322,-0.010629079356699322,-0.005314539678349661,-0.005314539678349661,-0.005364539678349661,-0.005364539678349661,-0.005364539678349661,-0.005364539678349661,-0.005314539678349661,-0.005314539678349661,-0.005364539678349661,-0.005364539678349661
2023-02-07,-0.010934843388976434,-0.010934843388976434,-0.010934843388976434,-0.005467421694488217,-0.005467421694488217,-0.010984843388976434,-0.010984843388976434,-0.005467421694488217,-0.005467421694488217,-0.010984843388976434,-0.010984843388976434,-0.005467421694488217,-0.005467421694488217
2023-02-10,0.011739041088516311,0.011739041088516311,0.005819520544258156,0.0058695205442581555,0.0058695205442581555,0.011739041088516311,0.011739041088516311,0.0058695205442581555,0.0058695205442581555,0.011739041088516311,0.011739041088516311,0.0058695205442581555,0.0058695205442581555
2023-02-15,-0.013768640516307884,-0.013768640516307884,-0.013818640516307884,-0.006884320258153942,-0.006884320258153942,-0.013768640516307884,-0.013768640516307884,-0.006884320258153942,-0.006884320258153942,-0.013768640516307884,-0.013768640516307884,-0.006884320258153942,-0.006884320258153942
2023-02-21,-0.0013780456336031088,-0.0013780456336031088,-0.0007390228168015544,-0.0006890228168015544,-0.0006890228168015544,-0.0007390228168015544,-0.0007390228168015544,-0.0006890228168015544,-0.0006890228168015544,-0.0007390228168015544,-0.0007390228168015544,-0.0006890228168015544,-0.0006890228168015544
2023-02-24,0.003405702845640457,0.003405702845640457,0.0017028514228202285,0.0017028514228202285,0.0017028514228202285,0.0017028514228202285,0.0017028514228202285,0.0017028514228202285,0.0017028514228202285,0.0017028514228202285,0.0017028514228202285,0.0017028514228202285,0.0017028514228202285
2023-03-02,0.016037838142790806,0.016037838142790806,0.008018919071395403,0.008018919071395403,0.008018919071395403,0.008018919071395403,0.008018919071395403,0.008018919071395403,0.008018919071395403,0.015987838142790804,0.015987838142790804,0.008018919071395403,0.008018919071395403
2023-03-07,0.001632185091388072,0.001632185091388072,0.000816092545694036,0.000816092545694036,0.000816092545694036,0.001582185091388072,0.001582185091388072,0.001582185091388072,0.001582185091388072,0.001632185091388072,0.001632185091388072,0.001582185091388072,0.001582185091388072
2023-03-10,-0.0014251099993376481,-0.0014251099993376481,-0.0007125549996688241,-0.0007125549996688241,-0.0007125549996688241,-0.0007625549996688241,-0.0007625549996688241,-0.0007625549996688241,-0.0007625549996688241,-0.0007625549996688241,-0.0007625549996688241,-0.0007625549996688241,-0.0007625549996688241
2023-03-15,0.01754500882574095,0.01754500882574095,0.008772504412870474,0.008772504412870474,0.008772504412870474,0.008772504412870474,0.008772504412870474,0.008772504412870474,0.008772504412870474,0.008772504412870474,0.008772504412870474,0.008772504412870474,0.008772504412870474
2023-03-20,0.013130427484720597,0.013130427484720597,0.0065652137423602985,0.0065652137423602985,0.0065652137423602985,0.0065652137423602985,0.0065652137423602985,0.0065652137423602985,0.0065652137423602985,0.0065652137423602985,0.0065652137423602985,0.0065652137423602985,0.0065652137423602985
2023-03-23,0.006562149458043454,0.006562149458043454,0.003281074729021727,0.003281074729021727,0.003281074729021727,0.006512149458043454,0.006512149458043454,0.003281074729021727,0.003281074729021727,0.003281074729021727,0.003281074729021727,0.003281074729021727,0.003281074729021727
2023-03-28,0.01453497693514838,0.01453497693514838,0.00726748846757419,0.00726748846757419,0.00726748846757419,0.0072174884675741905,0.0072174884675741905,0.01448497693514838,0.01448497693514838,0.00726748846757419,0.00726748846757419,0.00726748846757419,0.00726748846757419
2023-04-03,-0.00554820683785473,-0.00554820683785473,-0.00559820683785473,-0.002774103418927365,-0.002774103418927365,-0.002774103418927365,-0.002774103418927365,-0.002824103418927365,-0.002824103418927365,-0.002774103418927365,-0.002774103418927365,-0.00559820683785473,-0.00559820683785473
2023-04-06,0.0010262790046660086,0.0010262790046660086,0.0010262790046660086,0.0005131395023330043,0.0005131395023330043,0.0005131395023330043,0.0005131395023330043,0.0005131395023330043,0.0005131395023330043,0.0005131395023330043,0.0005131395023330043,0.0004631395023330043,0.0004631395023330043
2023-04-12,0.013282764596962426,0.013282764596962426,0.0065913822984812135,0.006641382298481213,0.006641382298481213,0.013232764596962427,0.013232764596962427,0.013232764596962427,0.013232764596962427,0.006641382298481213,0.006641382298481213,0.013232764596962427,0.013232764596962427
2023-04-17,0.0006522019765251574,0.0006522019765251574,0.0006022019765251574,0.0006022019765251574,0.0003261009882625787,0.0006522019765251574,0.0006522019765251574,0.0006522019765251574,0.0006522019765251574,0.0003261009882625787,0.0003261009882625787,0.0006522019765251574,0.0006522019765251574
2023-04-20,0.0007769632064689169,0.0007769632064689169,0.0007769632064689169,0.00033848160323445844,0.00038848160323445846,0.00033848160323445844,0.00033848160323445844,0.0007769632064689169,0.0007769632064689169,0.00038848160323445846,0.00038848160323445846,0.0007769632064689169,0.0007769632064689169
2023-04-25,-0.004235658721972402,-0.004235658721972402,-0.004235658721972402,-0.002117829360986201,-0.002117829360986201,-0.002117829360986201,-0.002117829360986201,-0.004235658721972402,-0.004235658721972402,-0.002117829360986201,-0.002117829360986201,-0.002167829360986201,-0.002167829360986201
2023-04-28,-0.0010096486175773522,-0.0010096486175773522,-0.0010096486175773522,-0.0005048243087886761,-0.0005048243087886761,-0.0010596486175773522,-0.0010596486175773522,-0.0010096486175773522,-0.0010096486175773522,-0.0005048243087886761,-0.0005048243087886761,-0.0010596486175773522,-0.0010596486175773522
2023-05-04,0.018512393951233053,0.018512393951233053,0.009206196975616527,0.009256196975616526,0.009256196975616526,0.009206196975616527,0.009206196975616527,0.018512393951233053,0.018512393951233053,0.009256196975616526,0.009256196975616526,0.018512393951233053,0.018512393951233053
2023-05-09,0.004672401698128992,0.004672401698128992,0.004622401698128992,0.002336200849064496,0.002336200849064496,0.004622401698128992,0.004622401698128992,0.004672401698128992,0.004672401698128992,0.002336200849064496,0.002336200849064496,0.004672401698128992,0.004672401698128992
2023-05-12,0.0034499090541562083,0.0034499090541562083,0.0034499090541562083,0.0017249545270781041,0.0017249545270781041,0.0034499090541562083,0.0034499090541562083,0.0034499090541562083,0.0034499090541562083,0.003399909054156208,0.003399909054156208,0.0034499090541562083,0.0034499090541562083
2023-05-17,0.009633186472892463,0.009633186472892463,0.009633186472892463,0.004816593236446232,0.004816593236446232,0.009633186472892463,0.009633186472892463,0.009633186472892463,0.009633186472892463,0.009633186472892463,0.009633186472892463,0.009633186472892463,0.009633186472892463
2023-05-22,-0.011222856294734629,-0.011222856294734629,-0.011222856294734629,-0.011272856294734629,-0.011272856294734629,-0.011222856294734629,-0.011222856294734629,-0.011222856294734629,-0.011222856294734629,-0.011222856294734629,-0.011222856294734629,-0.011222856294734629,-0.011222856294734629
2023-05-25,0.012950731054129472,0.012950731054129472,0.006425365527064736,0.006425365527064736,0.006425365527064736,0.012950731054129472,0.012950731054129472,0.012950731054129472,0.012950731054129472,0.012950731054129472,0.012950731054129472,0.012950731054129472,0.012950731054129472
2023-05-31,0.009500988084545803,0.009500988084545803,0.009450988084545803,0.004750494042272901,0.004750494042272901,0.009500988084545803,0.009500988084545803,0.009500988084545803,0.009500988084545803,0.009500988084545803,0.009500988084545803,0.009500988084545803,0.009500988084545803
2023-06-06,-0.0034575831666295853,-0.0034575831666295853,-0.0034575831666295853,-0.0035075831666295854,-0.0035075831666295854,-0.0034575831666295853,-0.0034575831666295853,-0.0034575831666295853,-0.0034575831666295853,-0.0034575831666295853,-0.0034575831666295853,-0.0034575831666295853,-0.0034575831666295853
2023-06-09,0.009072093492113131,0.009072093492113131,0.009072093492113131,0.009072093492113131,0.009072093492113131,0.009072093492113131,0.009072093492113131,0.009072093492113131,0.009072093492113131,0.009072093492113131,0.009072093492113131,0.009072093492113131,0.009072093492113131
2023-06-14,0.012397858449507027,0.012397858449507027,0.012397858449507027,0.012397858449507027,0.012397858449507027,0.012397858449507027,0.012397858449507027,0.012397858449507027,0.012397858449507027,0.012397858449507027,0.012397858449507027,0.012397858449507027,0.012397858449507027
2023-06-20,-0.005123680197942626,-0.005123680197942626,-0.005123680197942626,-0.005123680197942626,-0.005123680197942626,-0.005123680197942626,-0.005123680197942626,-0.005123680197942626,-0.005123680197942626,-0.005123680197942626,-0.005123680197942626,-0.005123680197942626,-0.005123680197942626
2023-06-23,-0.004085672286328945,-0.004085672286328945,-0.004085672286328945,-0.004085672286328945,-0.004085672286328945,-0.004085672286328945,-0.004085672286328945,-0.004085672286328945,-0.004085672286328945,-0.004085672286328945,-0.004085672286328945,-0.004085672286328945,-0.004085672286328945
2023-06-28,0.003941432105794673,0.003941432105794673,0.003941432105794673,0.003941432105794673,0.003941432105794673,0.003941432105794673,0.003941432105794673,0.003941432105794673,0.003941432105794673,0.003941432105794673,0.003941432105794673,0.003941432105794673,0.003941432105794673
2023-07-03,-0.0014872621937879194,-0.0014872621937879194,-0.0014872621937879194,-0.0014872621937879194,-0.0014872621937879194,-0.0014872621937879194,-0.0014872621937879194,-0.0014872621937879194,-0.0014872621937879194,-0.0014872621937879194,-0.0014872621937879194,-0.0014872621937879194,-0.0014872621937879194
2023-07-10,0.006368634419788188,0.006368634419788188,0.006368634419788188,0.006368634419788188,0.006368634419788188,0.006368634419788188,0.006368634419788188,0.006368634419788188,0.006368634419788188,0.006368634419788188,0.006368634419788188,0.006368634419788188,0.006368634419788188
2023-07-13,-0.0006229019754138143,-0.0006229019754138143,-0.0006229019754138143,-0.0006229019754138143,-0.0006229019754138143,-0.0006229019754138143,-0.0006229019754138143,-0.0006229019754138143,-0.0006229019754138143,-0.0006229019754138143,-0.0006229019754138143,-0.0006229019754138143,-0.0006229019754138143
2023-07-18,0.0022237058057950065,0.0022237058057950065,0.0022237058057950065,0.0022237058057950065,0.0022237058057950065,0.0022237058057950065,0.0022237058057950065,0.0022237058057950065,0.0022237058057950065,0.0022237058057950065,0.0022237058057950065,0.0022237058057950065,0.0022237058057950065
2023-07-21,0.004467321175964711,0.004467321175964711,0.004467321175964711,0.004467321175964711,0.004467321175964711,0.004467321175964711,0.004467321175964711,0.004467321175964711,0.004467321175964711,0.004467321175964711,0.004467321175964711,0.004467321175964711,0.004467321175964711
2023-07-26,-0.006630005937484418,-0.006630005937484418,-0.006630005937484418,-0.006630005937484418,-0.006630005937484418,-0.006630005937484418,-0.006630005937484418,-0.006630005937484418,-0.006630005937484418,-0.006630005937484418,-0.006630005937484418,-0.006630005937484418,-0.006630005937484418
2023-07-31,-0.002861542044086951,-0.002861542044086951,-0.002861542044086951,-0.002861542044086951,-0.002861542044086951,-0.002861542044086951,-0.002861542044086951,-0.002861542044086951,-0.002861542044086951,-0.002861542044086951,-0.002861542044086951,-0.002861542044086951,-0.002861542044086951
2023-08-03,-0.004522808824073965,-0.004522808824073965,-0.004522808824073965,-0.004522808824073965,-0.004522808824073965,-0.004522808824073965,-0.004522808824073965,-0.004522808824073965,-0.004522808824073965,-0.004522808824073965,-0.004522808824073965,-0.004522808824073965,-0.004522808824073965
2023-08-09,0.0003588749825718107,0.0003588749825718107,0.0003588749825718107,0.0003588749825718107,0.0003588749825718107,0.0003588749825718107,0.0003588749825718107,0.0003588749825718107,0.0003588749825718107,0.0003588749825718107,0.0003588749825718107,0.0003588749825718107,0.0003588749825718107
2023-08-14,-0.011648865245321605,-0.011648865245321605,-0.011648865245321605,-0.011648865245321605,-0.011648865245321605,-0.011648865245321605,-0.011648865245321605,-0.011648865245321605,-0.011648865245321605,-0.011648865245321605,-0.011648865245321605,-0.011648865245321605,-0.011648865245321605
2023-08-17,0.00048115054363351284,0.00048115054363351284,0.00048115054363351284,0.00048115054363351284,0.00048115054363351284,0.00048115054363351284,0.00048115054363351284,0.00048115054363351284,0.00048115054363351284,0.00048115054363351284,0.00048115054363351284,0.00048115054363351284,0.00048115054363351284
2023-08-22,0.01113767534243526,0.01113767534243526,0.01113767534243526,0.01113767534243526,0.01113767534243526,0.01113767534243526,0.01113767534243526,0.01113767534243526,0.01113767534243526,0.01113767534243526,0.01113767534243526,0.01113767534243526,0.01113767534243526
2023-08-25,0.006341454867125007,0.006341454867125007,0.006341454867125007,0.006341454867125007,0.006341454867125007,0.006341454867125007,0.006341454867125007,0.006341454867125007,0.006341454867125007,0.006341454867125007,0.006341454867125007,0.006341454867125007,0.006341454867125007
2023-08-30,-0.001463383365599591,-0.001463383365599591,-0.001463383365599591,-0.001463383365599591,-0.001463383365599591,-0.001463383365599591,-0.001463383365599591,-0.001463383365599591,-0.001463383365599591,-0.001463383365599591,-0.001463383365599591,-0.001463383365599591,-0.001463383365599591
2023-09-06,-0.003070413605522959,-0.003070413605522959,-0.003070413605522959,-0.003070413605522959,-0.003070413605522959,-0.003070413605522959,-0.003070413605522959,-0.003070413605522959,-0.003070413605522959,-0.003070413605522959,-0.003070413605522959,-0.003070413605522959,-0.003070413605522959
2023-09-11,-0.005485565822668237,-0.005485565822668237,-0.005485565822668237,-0.005485565822668237,-0.005485565822668237,-0.005485565822668237,-0.005485565822668237,-0.005485565822668237,-0.005485565822668237,-0.005485565822668237,-0.005485565822668237,-0.005485565822668237,-0.005485565822668237
2023-09-14,-0.012048158115544716,-0.012048158115544716,-0.012048158115544716,-0.012048158115544716,-0.012048158115544716,-0.012048158115544716,-0.012048158115544716,-0.012048158115544716,-0.012048158115544716,-0.012048158115544716,-0.012048158115544716,-0.012048158115544716,-0.012048158115544716
2023-09-19,-0.009193322553776362,-0.009193322553776362,-0.009193322553776362,-0.009193322553776362,-0.009193322553776362,-0.009193322553776362,-0.009193322553776362,-0.009193322553776362,-0.009193322553776362,-0.009193322553776362,-0.009193322553776362,-0.009193322553776362,-0.009193322553776362
2023-09-22,0.004205082995655918,0.004205082995655918,0.004205082995655918,0.004205082995655918,0.004205082995655918,0.004205082995655918,0.004205082995655918,0.004205082995655918,0.004205082995655918,0.004205082995655918,0.004205082995655918,0.004205082995655918,0.004205082995655918
2023-09-27,0.0057974281030162,0.0057974281030162,0.0057974281030162,0.0057974281030162,0.0057974281030162,0.0057974281030162,0.0057974281030162,0.0057974281030162,0.0057974281030162,0.0057974281030162,0.0057974281030162,0.0057974281030162,0.0057974281030162
2023-10-02,-0.013386034760395571,-0.013386034760395571,-0.013386034760395571,-0.013386034760395571,-0.013386034760395571,-0.013386034760395571,-0.013386034760395571,-0.013386034760395571,-0.013386034760395571,-0.013386034760395571,-0.013386034760395571,-0.013386034760395571,-0.013386034760395571
2023-10-06,0.00640238624067857,0.00640238624067857,0.00640238624067857,0.00640238624067857,0.00640238624067857,0.00640238624067857,0.00640238624067857,0.00640238624067857,0.00640238624067857,0.003151193120339285,0.003151193120339285,0.00640238624067857,0.00640238624067857
2023-10-11,-0.0060964508663338135,-0.0060964508663338135,-0.0060964508663338135,-0.0060964508663338135,-0.0060964508663338135,-0.0060964508663338135,-0.0060964508663338135,-0.0060964508663338135,-0.0060964508663338135,-0.006146450866333813,-0.006146450866333813,-0.0060964508663338135,-0.0060964508663338135
2023-10-16,-4.5922782573981635e-05,-4.5922782573981635e-05,-4.5922782573981635e-05,-4.5922782573981635e-05,-7.296139128699081e-05,-7.296139128699081e-05,-7.296139128699081e-05,-4.5922782573981635e-05,-4.5922782573981635e-05,-7.296139128699081e-05,-7.296139128699081e-05,-4.5922782573981635e-05,-4.5922782573981635e-05
2023-10-19,-0.012288076620788124,-0.012288076620788124,-0.006194038310394062,-0.012288076620788124,-0.006144038310394062,-0.006144038310394062,-0.006144038310394062,-0.012288076620788124,-0.012288076620788124,-0.006144038310394062,-0.006144038310394062,-0.006194038310394062,-0.006194038310394062
2023-10-24,-0.01435224950284919,-0.01435224950284919,-0.007176124751424595,-0.01435224950284919,-0.007176124751424595,-0.01440224950284919,-0.01440224950284919,-0.01435224950284919,-0.01435224950284919,-0.007176124751424595,-0.007176124751424595,-0.007176124751424595,-0.007176124751424595
2023-10-27,0.01195581767634879,0.01195581767634879,0.005977908838174395,0.005927908838174395,0.005977908838174395,0.005927908838174395,0.005927908838174395,0.01195581767634879,0.01195581767634879,0.005977908838174395,0.005977908838174395,0.01190581767634879,0.01190581767634879
2023-11-01,0.01916448475059851,0.01916448475059851,0.019114484750598508,0.009582242375299255,0.009582242375299255,0.019114484750598508,0.019114484750598508,0.01916448475059851,0.01916448475059851,0.009582242375299255,0.009582242375299255,0.01916448475059851,0.01916448475059851
2023-11-07,0.000732475303188318,0.000732475303188318,0.000732475303188318,0.000682475303188318,0.000366237651594159,0.000732475303188318,0.000732475303188318,0.000732475303188318,0.000732475303188318,0.000366237651594159,0.000366237651594159,0.000732475303188318,0.000732475303188318
2023-11-10,-0.0009532326484326115,-0.0009532326484326115,-0.0009532326484326115,-0.0009532326484326115,-0.0010032326484326114,-0.0009532326484326115,-0.0009532326484326115,-0.0009532326484326115,-0.0009532326484326115,-0.0010032326484326114,-0.0010032326484326114,-0.0009532326484326115,-0.0009532326484326115
2023-11-15,0.0012231699046711952,0.0012231699046711952,0.0012231699046711952,0.0012231699046711952,0.0012231699046711952,0.0012231699046711952,0.0012231699046711952,0.0012231699046711952,0.0012231699046711952,0.0012231699046711952,0.0012231699046711952,0.0012231699046711952,0.0012231699046711952
2023-11-20,-0.0021792995994601716,-0.0021792995994601716,-0.0021792995994601716,-0.0021792995994601716,-0.0021792995994601716,-0.0021792995994601716,-0.0021792995994601716,-0.0021792995994601716,-0.0021792995994601716,-0.0021792995994601716,-0.0021792995994601716,-0.0021792995994601716,-0.0021792995994601716
2023-11-24,-0.0018009742299700537,-0.0018009742299700537,-0.0018009742299700537,-0.0018009742299700537,-0.0018009742299700537,-0.0018009742299700537,-0.0018009742299700537,-0.0018009742299700537,-0.0018009742299700537,-0.0009504871149850269,-0.0009504871149850269,-0.0018009742299700537,-0.0018009742299700537
2023-11-29,0.003937490213237638,0.003937490213237638,0.003937490213237638,0.003937490213237638,0.003937490213237638,0.003937490213237638,0.003937490213237638,0.003937490213237638,0.003937490213237638,0.001968745106618819,0.001968745106618819,0.003937490213237638,0.003937490213237638
2023-12-04,-0.00019696371165944804,-0.00019696371165944804,-0.00019696371165944804,-0.00019696371165944804,-0.00019696371165944804,-0.00019696371165944804,-0.00019696371165944804,-0.00019696371165944804,-0.00019696371165944804,-9.848185582972402e-05,-9.848185582972402e-05,-0.00019696371165944804,-0.00019696371165944804
2023-12-08,0.003889524957591206,0.003889524957591206,0.003889524957591206,0.003889524957591206,0.003889524957591206,0.003889524957591206,0.003889524957591206,0.003889524957591206,0.003889524957591206,0.001944762478795603,0.001944762478795603,0.003889524957591206,0.003889524957591206
2023-12-13,0.0032093491365003946,0.0032093491365003946,0.0032093491365003946,0.0032093491365003946,0.0015546745682501974,0.0032093491365003946,0.0032093491365003946,0.0032093491365003946,0.0032093491365003946,0.0016046745682501973,0.0016046745682501973,0.0032093491365003946,0.0032093491365003946
2023-12-18,0.006080866858880318,0.006080866858880318,0.006080866858880318,0.006080866858880318,0.003040433429440159,0.006080866858880318,0.006080866858880318,0.006080866858880318,0.006080866858880318,0.003040433429440159,0.003040433429440159,0.006080866858880318,0.006080866858880318
2023-12-21,0.0020096737648382934,0.0020096737648382934,0.0020096737648382934,0.0020096737648382934,0.0010048368824191467,0.0020096737648382934,0.0020096737648382934,0.0020096737648382934,0.0020096737648382934,0.0010048368824191467,0.0010048368824191467,0.0020096737648382934,0.0020096737648382934
2023-12-27,0.00037772874469688134,0.00037772874469688134,0.00037772874469688134,0.00037772874469688134,0.00018886437234844067,0.00037772874469688134,0.00037772874469688134,0.00037772874469688134,0.00037772874469688134,0.00018886437234844067,0.00018886437234844067,0.00037772874469688134,0.00037772874469688134
2024-01-02,-0.008166594141799766,-0.008166594141799766,-0.008166594141799766,-0.008166594141799766,-0.008216594141799765,-0.008166594141799766,-0.008166594141799766,-0.008166594141799766,-0.008166594141799766,-0.008216594141799765,-0.008216594141799765,-0.008166594141799766,-0.008166594141799766
2024-01-05,0.014276025907794754,0.014276025907794754,0.014276025907794754,0.014276025907794754,0.014276025907794754,0.014276025907794754,0.014276025907794754,0.014276025907794754,0.014276025907794754,0.014276025907794754,0.014276025907794754,0.014276025907794754,0.014276025907794754
2024-01-11,0.0006927792573832026,0.0006927792573832026,0.0006927792573832026,0.0006927792573832026,0.0006927792573832026,0.0006927792573832026,0.0006927792573832026,0.0006927792573832026,0.0006927792573832026,0.0006927792573832026,0.0006927792573832026,0.0006927792573832026,0.0006927792573832026
2024-01-17,0.008892865470611522,0.008892865470611522,0.008892865470611522,0.008892865470611522,0.008892865470611522,0.008892865470611522,0.008892865470611522,0.008892865470611522,0.008892865470611522,0.008892865470611522,0.008892865470611522,0.008892865470611522,0.008892865470611522
2024-01-22,0.0029165732657525645,0.0029165732657525645,0.0029165732657525645,0.0029165732657525645,0.0029165732657525645,0.0029165732657525645,0.0029165732657525645,0.0029165732657525645,0.0029165732657525645,0.0029165732657525645,0.0029165732657525645,0.0029165732657525645,0.0029165732657525645
2024-01-25,-0.0012705394453215169,-0.0012705394453215169,-0.0012705394453215169,-0.0012705394453215169,-0.0012705394453215169,-0.0012705394453215169,-0.0012705394453215169,-0.0012705394453215169,-0.0012705394453215169,-0.0012705394453215169,-0.0012705394453215169,-0.0012705394453215169,-0.0012705394453215169
2024-01-30,-0.016317110720500017,-0.016317110720500017,-0.016317110720500017,-0.016317110720500017,-0.016317110720500017,-0.016317110720500017,-0.016317110720500017,-0.016317110720500017,-0.016317110720500017,-0.016317110720500017,-0.016317110720500017,-0.016317110720500017,-0.016317110720500017
2024-02-02,-0.00364122734048955,-0.00364122734048955,-0.00364122734048955,-0.00364122734048955,-0.00364122734048955,-0.00364122734048955,-0.00364122734048955,-0.00364122734048955,-0.00364122734048955,-0.00364122734048955,-0.00364122734048955,-0.00364122734048955,-0.00364122734048955
2024-02-07,0.0004417485284333722,0.0004417485284333722,0.0004417485284333722,0.0004417485284333722,0.0004417485284333722,0.0004417485284333722,0.0004417485284333722,0.0004417485284333722,0.0004417485284333722,0.0004417485284333722,0.0004417485284333722,0.0004417485284333722,0.0004417485284333722
2024-02-13,0.009087735200443259,0.009087735200443259,0.009087735200443259,0.009087735200443259,0.00449386760022163,0.009087735200443259,0.009087735200443259,0.009087735200443259,0.009087735200443259,0.009087735200443259,0.009087735200443259,0.009087735200443259,0.009087735200443259
2024-02-16,-0.005505359247321762,-0.005505359247321762,-0.005505359247321762,-0.005505359247321762,-0.005555359247321761,-0.005505359247321762,-0.005505359247321762,-0.005505359247321762,-0.005505359247321762,-0.005505359247321762,-0.005505359247321762,-0.005505359247321762,-0.005505359247321762
2024-02-22,0.0006896158837674804,0.0006896158837674804,0.0006896158837674804,0.0006896158837674804,0.0006896158837674804,0.0006896158837674804,0.0006896158837674804,0.0006896158837674804,0.0006896158837674804,0.0006896158837674804,0.0006896158837674804,0.0006896158837674804,0.0006896158837674804
2024-02-27,-0.0013217086642837161,-0.0013217086642837161,-0.0013217086642837161,-0.0013217086642837161,-0.0013217086642837161,-0.0013217086642837161,-0.0013217086642837161,-0.0013217086642837161,-0.0013217086642837161,-0.0013217086642837161,-0.0013217086642837161,-0.0013217086642837161,-0.0013217086642837161
2024-03-01,-0.001072394681352784,-0.001072394681352784,-0.001072394681352784,-0.001072394681352784,-0.001072394681352784,-0.001072394681352784,-0.001072394681352784,-0.001072394681352784,-0.001072394681352784,-0.001072394681352784,-0.001072394681352784,-0.001072394681352784,-0.001072394681352784
2024-03-06,0.009926411741641328,0.009926411741641328,0.009926411741641328,0.009926411741641328,0.009926411741641328,0.009926411741641328,0.009926411741641328,0.009926411741641328,0.009926411741641328,0.004913205870820664,0.004913205870820664,0.009926411741641328,0.009926411741641328
2024-03-12,-0.0015676276129882316,-0.0015676276129882316,-0.0015676276129882316,-0.0015676276129882316,-0.0015676276129882316,-0.0015676276129882316,-0.0015676276129882316,-0.0015676276129882316,-0.0015676276129882316,-0.0016176276129882315,-0.0016176276129882315,-0.0015676276129882316,-0.0015676276129882316
2024-03-15,0.0059432125182403706,0.0059432125182403706,0.0059432125182403706,0.0059432125182403706,0.0059432125182403706,0.0059432125182403706,0.0059432125182403706,0.0059432125182403706,0.0059432125182403706,0.0059432125182403706,0.0059432125182403706,0.0059432125182403706,0.0059432125182403706
2024-03-20,0.003304768761382526,0.003304768761382526,0.003304768761382526,0.003304768761382526,0.003304768761382526,0.003304768761382526,0.003304768761382526,0.003304768761382526,0.003304768761382526,0.0016023843806912631,0.0016023843806912631,0.003304768761382526,0.003304768761382526
2024-03-25,-0.0018471573935913144,-0.0018471573935913144,-0.0018471573935913144,-0.0018471573935913144,-0.0018471573935913144,-0.0018471573935913144,-0.0018471573935913144,-0.0018471573935913144,-0.0018471573935913144,-0.0018971573935913143,-0.0018971573935913143,-0.0018471573935913144,-0.0018471573935913144
2024-03-28,-0.0017396441896039283,-0.0017396441896039283,-0.0017396441896039283,-0.0017396441896039283,-0.0017396441896039283,-0.0017396441896039283,-0.0017396441896039283,-0.0017396441896039283,-0.0017396441896039283,-0.0009198220948019642,-0.0009198220948019642,-0.0017396441896039283,-0.0017396441896039283
2024-04-03,-0.012206260433685001,-0.012206260433685001,-0.012206260433685001,-0.012206260433685001,-0.012206260433685001,-0.012206260433685001,-0.012206260433685001,-0.012206260433685001,-0.012206260433685001,-0.0061031302168425006,-0.0061031302168425006,-0.012206260433685001,-0.012206260433685001
2024-04-08,0.0011567124849918287,0.0011567124849918287,0.0011567124849918287,0.0011567124849918287,0.0011567124849918287,0.0011567124849918287,0.0011567124849918287,0.0011567124849918287,0.0011567124849918287,0.0005783562424959143,0.0005783562424959143,0.0011567124849918287,0.0011567124849918287
2024-04-12,-0.012528040019038289,-0.012528040019038289,-0.012528040019038289,-0.006314020009519144,-0.006314020009519144,-0.012528040019038289,-0.012528040019038289,-0.012528040019038289,-0.012528040019038289,-0.0062640200095191445,-0.0062640200095191445,-0.012528040019038289,-0.012528040019038289
2024-04-17,-0.0020576018605662494,-0.0020576018605662494,-0.0020576018605662494,-0.0010288009302831247,-0.0010288009302831247,-0.0020576018605662494,-0.0020576018605662494,-0.0020576018605662494,-0.0020576018605662494,-0.0010288009302831247,-0.0010288009302831247,-0.0020576018605662494,-0.0020576018605662494
2024-04-22,0.011866608948703172,0.011866608948703172,0.011866608948703172,0.005933304474351586,0.005933304474351586,0.011866608948703172,0.011866608948703172,0.011866608948703172,0.011866608948703172,0.005933304474351586,0.005933304474351586,0.011866608948703172,0.011866608948703172
2024-04-25,0.009473823416559224,0.009473823416559224,0.009473823416559224,0.009423823416559224,0.004736911708279612,0.009473823416559224,0.009473823416559224,0.009473823416559224,0.009473823416559224,0.004736911708279612,0.004736911708279612,0.009473823416559224,0.009473823416559224
2024-04-30,-0.0032471511531020347,-0.0032471511531020347,-0.0032471511531020347,-0.0032471511531020347,-0.003297151153102035,-0.0032471511531020347,-0.0032471511531020347,-0.0032471511531020347,-0.0032471511531020347,-0.003297151153102035,-0.003297151153102035,-0.0032471511531020347,-0.0032471511531020347
2024-05-03,0.010326795283682744,0.010326795283682744,0.010326795283682744,0.010326795283682744,0.010326795283682744,0.010326795283682744,0.010326795283682744,0.010326795283682744,0.010326795283682744,0.010326795283682744,0.010326795283682744,0.010326795283682744,0.010326795283682744
2024-05-08,0.005761928610811262,0.005761928610811262,0.005761928610811262,0.005761928610811262,0.005761928610811262,0.005761928610811262,0.005761928610811262,0.005761928610811262,0.005761928610811262,0.005761928610811262,0.005761928610811262,0.005761928610811262,0.005761928610811262
2024-05-14,0.012383087546124383,0.012383087546124383,0.012383087546124383,0.012383087546124383,0.012383087546124383,0.012383087546124383,0.012383087546124383,0.012383087546124383,0.012383087546124383,0.006141543773062192,0.006141543773062192,0.012383087546124383,0.012383087546124383
2024-05-17,0.001152163793598282,0.001152163793598282,0.001152163793598282,0.001152163793598282,0.001152163793598282,0.001152163793598282,0.001152163793598282,0.001152163793598282,0.001152163793598282,0.000576081896799141,0.000576081896799141,0.001152163793598282,0.001152163793598282
2024-05-22,-0.007304272633687048,-0.007304272633687048,-0.007304272633687048,-0.007304272633687048,-0.007304272633687048,-0.007304272633687048,-0.007304272633687048,-0.007304272633687048,-0.007304272633687048,-0.003652136316843524,-0.003652136316843524,-0.007304272633687048,-0.007304272633687048
2024-05-28,-0.007002572050697098,-0.007002572050697098,-0.007002572050697098,-0.007002572050697098,-0.007002572050697098,-0.007002572050697098,-0.007002572050697098,-0.007002572050697098,-0.007002572050697098,-0.007052572050697098,-0.007052572050697098,-0.007002572050697098,-0.007002572050697098
2024-05-31,0.0008153979570002523,0.0008153979570002523,0.0008153979570002523,0.0008153979570002523,0.0008153979570002523,0.0008153979570002523,0.0008153979570002523,0.0008153979570002523,0.0008153979570002523,0.0008153979570002523,0.0008153979570002523,0.0008153979570002523,0.0008153979570002523
2024-06-05,-1.8475415711427523e-05,-1.8475415711427523e-05,-1.8475415711427523e-05,-1.8475415711427523e-05,-5.9237707855713764e-05,-1.8475415711427523e-05,-1.8475415711427523e-05,-1.8475415711427523e-05,-1.8475415711427523e-05,-5.9237707855713764e-05,-5.9237707855713764e-05,-1.8475415711427523e-05,-1.8475415711427523e-05
2024-06-10,0.002408336387425436,0.002408336387425436,0.002408336387425436,0.002408336387425436,0.002358336387425436,0.002408336387425436,0.002408336387425436,0.002408336387425436,0.002408336387425436,0.002358336387425436,0.002358336387425436,0.002408336387425436,0.002408336387425436
2024-06-14,0.00795911087131973,0.00795911087131973,0.00795911087131973,0.00795911087131973,0.003929555435659865,0.00795911087131973,0.00795911087131973,0.00795911087131973,0.00795911087131973,0.003929555435659865,0.003929555435659865,0.00795911087131973,0.00795911087131973
2024-06-20,-0.0013407061120768171,-0.0013407061120768171,-0.0013407061120768171,-0.0013407061120768171,-0.001390706112076817,-0.0013407061120768171,-0.0013407061120768171,-0.0013407061120768171,-0.0013407061120768171,-0.0006703530560384086,-0.0006703530560384086,-0.0013407061120768171,-0.0013407061120768171
2024-06-25,0.0012482662333517247,0.0012482662333517247,0.0012482662333517247,0.0012482662333517247,0.0012482662333517247,0.0012482662333517247,0.0012482662333517247,0.0012482662333517247,0.0012482662333517247,0.0011982662333517248,0.0011982662333517248,0.0012482662333517247,0.0012482662333517247
2024-06-28,0.002058002885234833,0.002058002885234833,0.002058002885234833,0.002058002885234833,0.002058002885234833,0.002058002885234833,0.002058002885234833,0.002058002885234833,0.002058002885234833,0.002058002885234833,0.002058002885234833,0.002058002885234833,0.002058002885234833
2024-07-03,0.005766357317971371,0.005766357317971371,0.005766357317971371,0.005766357317971371,0.005766357317971371,0.005766357317971371,0.005766357317971371,0.005766357317971371,0.005766357317971371,0.0028331786589856855,0.0028331786589856855,0.005766357317971371,0.005766357317971371
2024-07-09,0.009895306302644569,0.009895306302644569,0.009895306302644569,0.009895306302644569,0.009895306302644569,0.009895306302644569,0.009895306302644569,0.009895306302644569,0.009895306302644569,0.004947653151322284,0.004947653151322284,0.009895306302644569,0.009895306302644569
2024-07-12,0.0027502315044343195,0.0027502315044343195,0.0027502315044343195,0.0027502315044343195,0.0027502315044343195,0.0027502315044343195,0.0027502315044343195,0.0027502315044343195,0.0027502315044343195,0.0013751157522171598,0.0013751157522171598,0.0027502315044343195,0.0027502315044343195
2024-07-18,-0.006640492151253841,-0.006640492151253841,-0.006640492151253841,-0.006640492151253841,-0.006640492151253841,-0.006640492151253841,-0.006640492151253841,-0.006640492151253841,-0.006640492151253841,-0.0033202460756269203,-0.0033202460756269203,-0.006640492151253841,-0.006640492151253841
2024-07-23,-0.022662925861085093,-0.022662925861085093,-0.022662925861085093,-0.022662925861085093,-0.022662925861085093,-0.022662925861085093,-0.022662925861085093,-0.022662925861085093,-0.022662925861085093,-0.022712925861085094,-0.022712925861085094,-0.022662925861085093,-0.022662925861085093
2024-07-26,0.0005880085853602335,0.0005880085853602335,0.0005880085853602335,0.0005880085853602335,0.0005880085853602335,0.0005880085853602335,0.0005880085853602335,0.0005880085853602335,0.0005880085853602335,0.0005880085853602335,0.0005880085853602335,0.0005880085853602335,0.0005880085853602335
2024-07-31,-0.014160802726079003,-0.014160802726079003,-0.014160802726079003,-0.014160802726079003,-0.014160802726079003,-0.014160802726079003,-0.014160802726079003,-0.014160802726079003,-0.014160802726079003,-0.007130401363039501,-0.007130401363039501,-0.014160802726079003,-0.014160802726079003
2024-08-05,0.009219525118752125,0.009219525118752125,0.004559762559376063,0.004559762559376063,0.004559762559376063,0.004559762559376063,0.004559762559376063,0.009219525118752125,0.009219525118752125,0.004609762559376063,0.004609762559376063,0.009219525118752125,0.009219525118752125
2024-08-08,0.004409400363359239,0.0021547001816796195,0.0022047001816796197,0.0022047001816796197,0.0022047001816796197,0.00435940036335924,0.00435940036335924,0.004409400363359239,0.004409400363359239,0.0022047001816796197,0.0022047001816796197,0.004409400363359239,0.004409400363359239
2024-08-13,0.0031548367188043436,0.0015774183594021718,0.0031048367188043434,0.0031048367188043434,0.0015774183594021718,0.0031548367188043436,0.0031548367188043436,0.0031548367188043436,0.0031548367188043436,0.0015774183594021718,0.0015774183594021718,0.0031548367188043436,0.0031548367188043436
2024-08-19,-0.0016262252231173946,-0.0008131126115586973,-0.0016262252231173946,-0.0016262252231173946,-0.0016762252231173945,-0.0016262252231173946,-0.0016262252231173946,-0.0016262252231173946,-0.0016262252231173946,-0.0008131126115586973,-0.0008131126115586973,-0.0016262252231173946,-0.0016262252231173946
2024-08-22,0.010625646757551399,0.0105756467575514,0.010625646757551399,0.010625646757551399,0.010625646757551399,0.010625646757551399,0.010625646757551399,0.010625646757551399,0.010625646757551399,0.0053128233787756995,0.0053128233787756995,0.010625646757551399,0.010625646757551399
2024-08-27,-0.0058053612586687064,-0.0058053612586687064,-0.0058053612586687064,-0.0058053612586687064,-0.0058053612586687064,-0.0058053612586687064,-0.0058053612586687064,-0.0058053612586687064,-0.0058053612586687064,-0.0029026806293343532,-0.0029026806293343532,-0.0058053612586687064,-0.0058053612586687064
2024-08-30,-0.02057910447761191,-0.02057910447761191,-0.02057910447761191,-0.02057910447761191,-0.02057910447761191,-0.02057910447761191,-0.02057910447761191,-0.02057910447761191,-0.02057910447761191,-0.010289552238805955,-0.010289552238805955,-0.02057910447761191,-0.02057910447761191
2024-09-05,-0.016830046442845803,-0.016830046442845803,-0.008465023221422901,-0.016830046442845803,-0.016830046442845803,-0.016830046442845803,-0.016830046442845803,-0.016830046442845803,-0.016830046442845803,-0.008415023221422901,-0.008415023221422901,-0.016830046442845803,-0.016830046442845803
2024-09-10,0.010258946385845125,0.010258946385845125,0.005129473192922562,0.010258946385845125,0.010258946385845125,0.010258946385845125,0.010258946385845125,0.010258946385845125,0.010258946385845125,0.005129473192922562,0.005129473192922562,0.010258946385845125,0.010258946385845125
2024-09-16,0.000408347563124023,0.000408347563124023,0.00035834756312402296,0.000408347563124023,0.000408347563124023,0.000408347563124023,0.000408347563124023,0.000408347563124023,0.000408347563124023,0.0002041737815620115,0.0002041737815620115,0.000408347563124023,0.000408347563124023
2024-09-19,-0.0017285268709690271,-0.0017285268709690271,-0.0017285268709690271,-0.0017285268709690271,-0.0017285268709690271,-0.0017285268709690271,-0.0017285268709690271,-0.0017285268709690271,-0.0017285268709690271,-0.0008642634354845136,-0.0008642634354845136,-0.0017285268709690271,-0.0017285268709690271
2024-09-24,-0.002205561699938796,-0.002205561699938796,-0.002205561699938796,-0.002205561699938796,-0.002205561699938796,-0.002205561699938796,-0.002205561699938796,-0.002205561699938796,-0.002205561699938796,-0.001102780849969398,-0.001102780849969398,-0.002205561699938796,-0.002205561699938796
2024-09-27,0.004007337580792303,0.004007337580792303,0.004007337580792303,0.004007337580792303,0.004007337580792303,0.004007337580792303,0.004007337580792303,0.004007337580792303,0.004007337580792303,0.0020036687903961514,0.0020036687903961514,0.004007337580792303,0.004007337580792303
2024-10-02,-0.0018281765263400418,-0.0018281765263400418,-0.0018281765263400418,-0.0018281765263400418,-0.0018281765263400418,-0.0018281765263400418,-0.0018281765263400418,-0.0018281765263400418,-0.0018281765263400418,-0.0009140882631700209,-0.0009140882631700209,-0.0018281765263400418,-0.0018281765263400418
2024-10-07,0.009457540312966639,0.009457540312966639,0.00467877015648332,0.009457540312966639,0.009457540312966639,0.009457540312966639,0.009457540312966639,0.009457540312966639,0.009457540312966639,0.0047287701564833196,0.0047287701564833196,0.009457540312966639,0.009457540312966639
2024-10-10,0.005988159557293038,0.005988159557293038,0.002994079778646519,0.005988159557293038,0.005988159557293038,0.005988159557293038,0.005988159557293038,0.005988159557293038,0.005988159557293038,0.002994079778646519,0.002994079778646519,0.005988159557293038,0.005988159557293038
2024-10-16,8.578340628839776e-05,8.578340628839776e-05,4.289170314419888e-05,8.578340628839776e-05,8.578340628839776e-05,8.578340628839776e-05,8.578340628839776e-05,8.578340628839776e-05,8.578340628839776e-05,4.289170314419888e-05,4.289170314419888e-05,8.578340628839776e-05,8.578340628839776e-05
2024-10-21,-0.0005311986033414984,-0.0005311986033414984,-0.0005811986033414984,-0.0005311986033414984,-0.0005311986033414984,-0.0005311986033414984,-0.0005311986033414984,-0.0005311986033414984,-0.0005311986033414984,-0.0002655993016707492,-0.0002655993016707492,-0.0005311986033414984,-0.0005311986033414984
2024-10-24,-0.0003451608301450193,-0.0003451608301450193,-0.00022258041507250965,-0.0003451608301450193,-0.0003451608301450193,-0.0003451608301450193,-0.0003451608301450193,-0.0003451608301450193,-0.0003451608301450193,-0.00017258041507250965,-0.00017258041507250965,-0.0003451608301450193,-0.0003451608301450193
2024-10-29,-0.00302512486502704,-0.00302512486502704,-0.00151256243251352,-0.00302512486502704,-0.00302512486502704,-0.00302512486502704,-0.00302512486502704,-0.00302512486502704,-0.00302512486502704,-0.00151256243251352,-0.00151256243251352,-0.00302512486502704,-0.00302512486502704
2024-11-01,-0.0021540154795790523,-0.0021540154795790523,-0.0010770077397895261,-0.0021540154795790523,-0.0021540154795790523,-0.0021540154795790523,-0.0021540154795790523,-0.0021540154795790523,-0.0021540154795790523,-0.0010770077397895261,-0.0010770077397895261,-0.0021540154795790523,-0.0021540154795790523
2024-11-06,0.007732166018771691,0.007732166018771691,0.0076821660187716915,0.007732166018771691,0.007732166018771691,0.007732166018771691,0.007732166018771691,0.007732166018771691,0.007732166018771691,0.0038660830093858456,0.0038660830093858456,0.007732166018771691,0.007732166018771691
2024-11-11,-0.003106344114070958,-0.003106344114070958,-0.003106344114070958,-0.003106344114070958,-0.003106344114070958,-0.003106344114070958,-0.003106344114070958,-0.003106344114070958,-0.003106344114070958,-0.001553172057035479,-0.001553172057035479,-0.003106344114070958,-0.003106344114070958
2024-11-15,0.00409727563891793,0.00409727563891793,0.00409727563891793,0.00409727563891793,0.00409727563891793,0.00409727563891793,0.00409727563891793,0.00409727563891793,0.00409727563891793,0.002048637819458965,0.002048637819458965,0.00409727563891793,0.00409727563891793
2024-11-20,0.005368235809295685,0.005368235809295685,0.005368235809295685,0.005368235809295685,0.005368235809295685,0.005368235809295685,0.005368235809295685,0.005368235809295685,0.005368235809295685,0.0026841179046478425,0.0026841179046478425,0.005368235809295685,0.005368235809295685
2024-11-25,0.005221481460455202,0.005221481460455202,0.005221481460455202,0.005221481460455202,0.005221481460455202,0.005221481460455202,0.005221481460455202,0.005221481460455202,0.005221481460455202,0.002610740730227601,0.002610740730227601,0.005221481460455202,0.005221481460455202
2024-11-29,0.0017923615680890403,0.0017923615680890403,0.0017923615680890403,0.0017923615680890403,0.0017923615680890403,0.0017923615680890403,0.0017923615680890403,0.0017923615680890403,0.0017923615680890403,0.0008961807840445202,0.0008961807840445202,0.0017923615680890403,0.0017923615680890403
2024-12-04,-0.00164570260080521,-0.00164570260080521,-0.00164570260080521,-0.00164570260080521,-0.00164570260080521,-0.00164570260080521,-0.00164570260080521,-0.00164570260080521,-0.00164570260080521,-0.000822851300402605,-0.000822851300402605,-0.00164570260080521,-0.00164570260080521
2024-12-09,-0.003109016445658197,-0.003109016445658197,-0.003109016445658197,-0.003109016445658197,-0.003109016445658197,-0.003109016445658197,-0.003109016445658197,-0.003109016445658197,-0.003109016445658197,-0.0015545082228290985,-0.0015545082228290985,-0.003109016445658197,-0.003109016445658197
2024-12-12,-0.00019862181953211877,-0.00019862181953211877,-0.00019862181953211877,-0.00019862181953211877,-0.00019862181953211877,-0.00019862181953211877,-0.00019862181953211877,-0.00019862181953211877,-0.00019862181953211877,-9.931090976605939e-05,-9.931090976605939e-05,-0.00019862181953211877,-0.00019862181953211877
2024-12-18,-0.000306999319557244,-0.000306999319557244,-0.000203499659778622,-0.000203499659778622,-0.000203499659778622,-0.000306999319557244,-0.000306999319557244,-0.000306999319557244,-0.000306999319557244,-0.000153499659778622,-0.000153499659778622,-0.000306999319557244,-0.000306999319557244
2024-12-23,0.011115066605539958,0.011115066605539958,0.011065066605539959,0.005557533302769979,0.005557533302769979,0.011115066605539958,0.011115066605539958,0.011115066605539958,0.011115066605539958,0.005557533302769979,0.005557533302769979,0.011115066605539958,0.011115066605539958
2024-12-27,-0.011411505727450755,-0.011411505727450755,-0.011411505727450755,-0.005705752863725377,-0.005705752863725377,-0.011411505727450755,-0.011411505727450755,-0.011411505727450755,-0.011411505727450755,-0.005705752863725377,-0.005705752863725377,-0.011411505727450755,-0.011411505727450755
2025-01-02,0.012503473922702568,0.012503473922702568,0.012503473922702568,0.006251736961351284,0.006251736961351284,0.012503473922702568,0.012503473922702568,0.012503473922702568,0.012503473922702568,0.006251736961351284,0.006251736961351284,0.012503473922702568,0.012503473922702568
2025-01-07,0.0014611496712728655,0.0014611496712728655,0.0014611496712728655,0.0014111496712728656,0.0014111496712728656,0.0014611496712728655,0.0014611496712728655,0.0014611496712728655,0.0014611496712728655,0.0007305748356364328,0.0007305748356364328,0.0014611496712728655,0.0014611496712728655
2025-01-13,0.0013759292368293874,0.0013759292368293874,0.0006379646184146937,0.0006379646184146937,0.0006379646184146937,0.0013759292368293874,0.0013759292368293874,0.0013759292368293874,0.0013759292368293874,0.0006879646184146937,0.0006879646184146937,0.0013759292368293874,0.0013759292368293874
2025-01-16,0.010039953635990084,0.010039953635990084,0.009989953635990085,0.009989953635990085,0.005019976817995042,0.010039953635990084,0.010039953635990084,0.010039953635990084,0.010039953635990084,0.005019976817995042,0.005019976817995042,0.010039953635990084,0.010039953635990084
2025-01-23,-0.0029192785511880093,-0.0029192785511880093,-0.0029192785511880093,-0.0029192785511880093,-0.0029692785511880094,-0.0029192785511880093,-0.0029192785511880093,-0.0029192785511880093,-0.0029192785511880093,-0.0014596392755940046,-0.0014596392755940046,-0.0029192785511880093,-0.0029192785511880093
2025-01-28,-0.004482817641149883,-0.004482817641149883,-0.004482817641149883,-0.004482817641149883,-0.004482817641149883,-0.004482817641149883,-0.004482817641149883,-0.004482817641149883,-0.004482817641149883,-0.0022414088205749416,-0.0022414088205749416,-0.004482817641149883,-0.004482817641149883
2025-01-31,-0.006729648336339378,-0.006729648336339378,-0.006729648336339378,-0.006729648336339378,-0.006729648336339378,-0.006729648336339378,-0.006729648336339378,-0.006729648336339378,-0.006729648336339378,-0.003364824168169689,-0.003364824168169689,-0.006729648336339378,-0.006729648336339378
2025-02-05,0.003475511193955949,0.003475511193955949,0.003475511193955949,0.003475511193955949,0.003475511193955949,0.003475511193955949,0.003475511193955949,0.003475511193955949,0.003475511193955949,0.0017377555969779745,0.0017377555969779745,0.003475511193955949,0.003475511193955949
2025-02-10,0.000760531944440368,0.000760531944440368,0.000760531944440368,0.000760531944440368,0.000760531944440368,0.000760531944440368,0.000760531944440368,0.000760531944440368,0.000760531944440368,0.000380265972220184,0.000380265972220184,0.000760531944440368,0.000760531944440368
2025-02-13,-4.9152160770615794e-05,-4.9152160770615794e-05,-4.9152160770615794e-05,-4.9152160770615794e-05,-4.9152160770615794e-05,-4.9152160770615794e-05,-4.9152160770615794e-05,-4.9152160770615794e-05,-4.9152160770615794e-05,-2.4576080385307897e-05,-2.4576080385307897e-05,-4.9152160770615794e-05,-4.9152160770615794e-05
2025-02-19,-0.004160364041450926,-0.004160364041450926,-0.004160364041450926,-0.004160364041450926,-0.004160364041450926,-0.004160364041450926,-0.004160364041450926,-0.004160364041450926,-0.004160364041450926,-0.002080182020725463,-0.002080182020725463,-0.004160364041450926,-0.004160364041450926
2025-02-25,0.0005048550487694037,0.0005048550487694037,0.00020242752438470184,0.0005048550487694037,0.0005048550487694037,0.0005048550487694037,0.0005048550487694037,0.0005048550487694037,0.0005048550487694037,0.00025242752438470184,0.00025242752438470184,0.0005048550487694037,0.0005048550487694037
2025-02-28,-0.01752008108508618,-0.01752008108508618,-0.00876004054254309,-0.01752008108508618,-0.01752008108508618,-0.01752008108508618,-0.01752008108508618,-0.01752008108508618,-0.01752008108508618,-0.00876004054254309,-0.00876004054254309,-0.01752008108508618,-0.01752008108508618
2025-03-05,-0.017751102879487224,-0.017751102879487224,-0.008875551439743612,-0.008925551439743612,-0.017751102879487224,-0.017751102879487224,-0.017751102879487224,-0.017751102879487224,-0.017751102879487224,-0.008875551439743612,-0.008875551439743612,-0.017751102879487224,-0.017751102879487224
2025-03-10,-0.008312847977210325,-0.008312847977210325,-0.004156423988605162,-0.004156423988605162,-0.004206423988605162,-0.008312847977210325,-0.008312847977210325,-0.008312847977210325,-0.008312847977210325,-0.004156423988605162,-0.004156423988605162,-0.008312847977210325,-0.008312847977210325
2025-03-13,0.020655943292980483,0.020655943292980483,0.010327971646490242,0.010327971646490242,0.010327971646490242,0.020655943292980483,0.020655943292980483,0.020655943292980483,0.020655943292980483,0.010327971646490242,0.010327971646490242,0.020655943292980483,0.020655943292980483
2025-03-18,0.01089078411239508,0.01089078411239508,0.00544539205619754,0.00544539205619754,0.00544539205619754,0.01089078411239508,0.01089078411239508,0.01089078411239508,0.01089078411239508,0.00544539205619754,0.00544539205619754,0.01089078411239508,0.01089078411239508
2025-03-24,0.0024039896226795143,0.0011519948113397572,0.002353989622679514,0.002353989622679514,0.002353989622679514,0.0024039896226795143,0.0024039896226795143,0.0024039896226795143,0.0024039896226795143,0.0012019948113397572,0.0012019948113397572,0.0024039896226795143,0.0024039896226795143
2025-03-27,-0.02013817945562557,-0.010069089727812786,-0.02013817945562557,-0.010119089727812785,-0.010119089727812785,-0.02013817945562557,-0.02013817945562557,-0.02013817945562557,-0.02013817945562557,-0.010069089727812786,-0.010069089727812786,-0.02013817945562557,-0.02013817945562557
2025-04-01,0.00632832407041195,0.006278324070411951,0.003114162035205975,0.003164162035205975,0.003164162035205975,0.00632832407041195,0.00632832407041195,0.00632832407041195,0.00632832407041195,0.003164162035205975,0.003164162035205975,0.00632832407041195,0.00632832407041195
2025-04-04,-0.001781254190373338,-0.0009406270951866691,-0.000890627095186669,-0.000890627095186669,-0.000890627095186669,-0.0009406270951866691,-0.0009406270951866691,-0.0009406270951866691,-0.0009406270951866691,-0.000890627095186669,-0.000890627095186669,-0.0009406270951866691,-0.0009406270951866691
2025-04-09,-0.04381899412347667,-0.021909497061738337,-0.021909497061738337,-0.021909497061738337,-0.021909497061738337,-0.043868994123476675,-0.043868994123476675,-0.043868994123476675,-0.043868994123476675,-0.021909497061738337,-0.021909497061738337,-0.043868994123476675,-0.043868994123476675
2025-04-14,-0.0028008096342629907,-0.0014004048171314953,-0.0014004048171314953,-0.0014004048171314953,-0.0014004048171314953,-0.0014504048171314953,-0.0014504048171314953,-0.0014504048171314953,-0.0014504048171314953,-0.0014004048171314953,-0.0014004048171314953,-0.0014504048171314953,-0.0014504048171314953
2025-04-17,-0.02380270230206527,-0.011901351151032635,-0.011901351151032635,-0.011901351151032635,-0.011901351151032635,-0.023852702302065272,-0.023852702302065272,-0.023852702302065272,-0.023852702302065272,-0.011901351151032635,-0.011901351151032635,-0.011901351151032635,-0.011901351151032635
2025-04-24,0.0072253777163768795,0.0036126888581884398,0.0036126888581884398,0.0036126888581884398,0.0036126888581884398,0.0072253777163768795,0.0072253777163768795,0.0072253777163768795,0.0072253777163768795,0.0036126888581884398,0.0036126888581884398,0.00717537771637688,0.00717537771637688
2025-04-29,0.00039692408336877705,0.00019846204168438852,0.00019846204168438852,0.00019846204168438852,0.00019846204168438852,0.00039692408336877705,0.00039692408336877705,0.00039692408336877705,0.00039692408336877705,0.00019846204168438852,0.00019846204168438852,0.00039692408336877705,0.00039692408336877705
2025-05-02,-0.005734511693465172,-0.002867255846732586,-0.002867255846732586,-0.002867255846732586,-0.002867255846732586,-0.005734511693465172,-0.005734511693465172,-0.005734511693465172,-0.005734511693465172,-0.002867255846732586,-0.002867255846732586,-0.005734511693465172,-0.005734511693465172
2025-05-07,0.006967790512363292,0.003483895256181646,0.003483895256181646,0.003483895256181646,0.003483895256181646,0.006967790512363292,0.006967790512363292,0.006967790512363292,0.006967790512363292,0.003483895256181646,0.003483895256181646,0.006967790512363292,0.006967790512363292
2025-05-12,0.006603834423700716,0.003301917211850358,0.006553834423700717,0.003301917211850358,0.003301917211850358,0.006603834423700716,0.006603834423700716,0.006603834423700716,0.006603834423700716,0.003301917211850358,0.003301917211850358,0.006603834423700716,0.006603834423700716
2025-05-15,0.006334078244299102,0.006284078244299102,0.006334078244299102,0.003167039122149551,0.003167039122149551,0.006334078244299102,0.006334078244299102,0.006334078244299102,0.006334078244299102,0.003167039122149551,0.003167039122149551,0.006334078244299102,0.006334078244299102
2025-05-20,-0.01685069102724135,-0.01685069102724135,-0.01685069102724135,-0.008425345513620675,-0.008425345513620675,-0.01685069102724135,-0.01685069102724135,-0.01685069102724135,-0.01685069102724135,-0.008425345513620675,-0.008425345513620675,-0.01685069102724135,-0.01685069102724135
2025-05-27,-0.005785518908830278,-0.005785518908830278,-0.0029427594544151393,-0.002892759454415139,-0.002892759454415139,-0.005785518908830278,-0.005785518908830278,-0.005785518908830278,-0.005785518908830278,-0.002892759454415139,-0.002892759454415139,-0.005785518908830278,-0.005785518908830278
2025-05-30,0.005632901136813695,0.005632901136813695,0.005582901136813695,0.0028164505684068475,0.0028164505684068475,0.005632901136813695,0.005632901136813695,0.005632901136813695,0.005632901136813695,0.0028164505684068475,0.0028164505684068475,0.005632901136813695,0.005632901136813695
2025-06-04,-0.004832872149647116,-0.004832872149647116,-0.004832872149647116,-0.002416436074823558,-0.002416436074823558,-0.004832872149647116,-0.004832872149647116,-0.004832872149647116,-0.004832872149647116,-0.002416436074823558,-0.002416436074823558,-0.004832872149647116,-0.004832872149647116
2025-06-09,0.005669767615193333,0.005669767615193333,0.005669767615193333,0.0028348838075966665,0.0028348838075966665,0.005669767615193333,0.005669767615193333,0.005669767615193333,0.005669767615193333,0.0028348838075966665,0.0028348838075966665,0.005669767615193333,0.005669767615193333
2025-06-12,-0.011179963287322514,-0.011179963287322514,-0.011179963287322514,-0.005589981643661257,-0.005589981643661257,-0.011179963287322514,-0.011179963287322514,-0.011179963287322514,-0.011179963287322514,-0.005589981643661257,-0.005589981643661257,-0.011179963287322514,-0.011179963287322514
2025-06-17,-0.00015063576973428638,-0.00015063576973428638,-0.0001253178848671432,-7.531788486714319e-05,-7.531788486714319e-05,-0.00015063576973428638,-0.00015063576973428638,-0.00015063576973428638,-0.00015063576973428638,-7.531788486714319e-05,-7.531788486714319e-05,-0.00015063576973428638,-0.00015063576973428638
2025-06-23,0.011047208993087754,0.011047208993087754,0.005523604496543877,0.005523604496543877,0.005523604496543877,0.011047208993087754,0.011047208993087754,0.011047208993087754,0.011047208993087754,0.005523604496543877,0.005523604496543877,0.011047208993087754,0.011047208993087754
2025-06-27,0.004781306168960997,0.004781306168960997,0.004731306168960997,0.0023906530844804985,0.0023906530844804985,0.004781306168960997,0.004781306168960997,0.004781306168960997,0.004781306168960997,0.0023906530844804985,0.0023906530844804985,0.004781306168960997,0.004781306168960997
2025-07-02,0.007881385954874975,0.007881385954874975,0.007881385954874975,0.003940692977437488,0.003940692977437488,0.007881385954874975,0.007881385954874975,0.007881385954874975,0.007881385954874975,0.003940692977437488,0.003940692977437488,0.007881385954874975,0.007881385954874975
2025-07-08,0.005996626767211355,0.005996626767211355,0.005996626767211355,0.005946626767211355,0.005946626767211355,0.005996626767211355,0.005996626767211355,0.005996626767211355,0.005996626767211355,0.0029983133836056775,0.0029983133836056775,0.005996626767211355,0.005996626767211355
2025-07-11,0.0019081172266208757,0.0019081172266208757,0.0019081172266208757,0.0019081172266208757,0.0019081172266208757,0.0019081172266208757,0.0019081172266208757,0.0019081172266208757,0.0019081172266208757,0.0009540586133104378,0.0009540586133104378,0.0019081172266208757,0.0019081172266208757
2025-07-16,0.006119689977517551,0.006119689977517551,0.006119689977517551,0.006119689977517551,0.006119689977517551,0.006119689977517551,0.006119689977517551,0.006119689977517551,0.006119689977517551,0.0030598449887587753,0.0030598449887587753,0.006119689977517551,0.006119689977517551
2025-07-21,0.0001431211632245688,0.0001431211632245688,0.0001431211632245688,0.0001431211632245688,0.0001431211632245688,0.0001431211632245688,0.0001431211632245688,0.0001431211632245688,0.0001431211632245688,7.15605816122844e-05,7.15605816122844e-05,0.0001431211632245688,0.0001431211632245688
2025-07-24,0.004224349640319147,0.004224349640319147,0.004224349640319147,0.004224349640319147,0.004224349640319147,0.004224349640319147,0.004224349640319147,0.004224349640319147,0.004224349640319147,0.0021121748201595736,0.0021121748201595736,0.004224349640319147,0.004224349640319147
2025-07-30,-0.0037511295105476794,-0.0037511295105476794,-0.0037511295105476794,-0.0037511295105476794,-0.0037511295105476794,-0.0037511295105476794,-0.0037511295105476794,-0.0037511295105476794,-0.0037511295105476794,-0.0018755647552738397,-0.0018755647552738397,-0.0037511295105476794,-0.0037511295105476794
2025-08-04,-0.005069966572431306,-0.005069966572431306,-0.005069966572431306,-0.002584983286215653,-0.002584983286215653,-0.005069966572431306,-0.005069966572431306,-0.005069966572431306,-0.005069966572431306,-0.002534983286215653,-0.002534983286215653,-0.005069966572431306,-0.005069966572431306
2025-08-07,0.007797573458693252,0.007797573458693252,0.007797573458693252,0.0077475734586932524,0.0077475734586932524,0.007797573458693252,0.007797573458693252,0.007797573458693252,0.007797573458693252,0.003898786729346626,0.003898786729346626,0.007797573458693252,0.007797573458693252
2025-08-12,0.0034230513551560815,0.0034230513551560815,0.0034230513551560815,0.0034230513551560815,0.0034230513551560815,0.0034230513551560815,0.0034230513551560815,0.0034230513551560815,0.0034230513551560815,0.0017115256775780407,0.0017115256775780407,0.0034230513551560815,0.0034230513551560815
2025-08-15,-0.00021763143719111255,-0.00021763143719111255,-0.00021763143719111255,-0.00021763143719111255,-0.00021763143719111255,-0.00021763143719111255,-0.00021763143719111255,-0.00021763143719111255,-0.00021763143719111255,-0.00010881571859555628,-0.00010881571859555628,-0.00021763143719111255,-0.00021763143719111255
2025-08-20,-0.004011822287558586,-0.004011822287558586,-0.004011822287558586,-0.004011822287558586,-0.004011822287558586,-0.004011822287558586,-0.004011822287558586,-0.004011822287558586,-0.004011822287558586,-0.002005911143779293,-0.002005911143779293,-0.004011822287558586,-0.004011822287558586
2025-08-25,0.004187036349890816,0.004187036349890816,0.004187036349890816,0.004187036349890816,0.004187036349890816,0.004187036349890816,0.004187036349890816,0.004187036349890816,0.004187036349890816,0.002093518174945408,0.002093518174945408,0.004187036349890816,0.004187036349890816
2025-08-29,-0.007410295555874247,-0.007410295555874247,-0.007410295555874247,-0.007410295555874247,-0.007410295555874247,-0.007410295555874247,-0.007410295555874247,-0.007410295555874247,-0.007410295555874247,-0.0037051477779371234,-0.0037051477779371234,-0.007410295555874247,-0.007410295555874247
2025-09-04,-0.002896148488535144,-0.002896148488535144,-0.002896148488535144,-0.002896148488535144,-0.002896148488535144,-0.002896148488535144,-0.002896148488535144,-0.002896148488535144,-0.002896148488535144,-0.001448074244267572,-0.001448074244267572,-0.002896148488535144,-0.002896148488535144
2025-09-09,0.0028908542790047065,0.0028908542790047065,0.0028908542790047065,0.0028908542790047065,0.0028908542790047065,0.0028908542790047065,0.0028908542790047065,0.0028908542790047065,0.0028908542790047065,0.0014454271395023532,0.0014454271395023532,0.0028908542790047065,0.0028908542790047065
2025-09-12,0.005323858293106998,0.005323858293106998,0.005323858293106998,0.005323858293106998,0.005323858293106998,0.005323858293106998,0.005323858293106998,0.005323858293106998,0.005323858293106998,0.002661929146553499,0.002661929146553499,0.005323858293106998,0.005323858293106998
2025-09-17,0.004672445142330339,0.004672445142330339,0.004672445142330339,0.004672445142330339,0.004672445142330339,0.004672445142330339,0.004672445142330339,0.004672445142330339,0.004672445142330339,0.0023362225711651696,0.0023362225711651696,0.004672445142330339,0.004672445142330339
2025-09-22,-0.0054434748398075605,-0.0054434748398075605,-0.0054434748398075605,-0.0054434748398075605,-0.0054434748398075605,-0.0054434748398075605,-0.0054434748398075605,-0.0054434748398075605,-0.0054434748398075605,-0.0027217374199037803,-0.0027217374199037803,-0.0054434748398075605,-0.0054434748398075605
2025-09-26,0.0028103664411398555,0.0028103664411398555,0.0028103664411398555,0.0028103664411398555,0.0028103664411398555,0.0028103664411398555,0.0028103664411398555,0.0028103664411398555,0.0028103664411398555,0.0014051832205699277,0.0014051832205699277,0.0028103664411398555,0.0028103664411398555
2025-10-01,0.001151711603039951,0.001151711603039951,0.001151711603039951,0.001151711603039951,0.001151711603039951,0.001151711603039951,0.001151711603039951,0.001151711603039951,0.001151711603039951,0.0005758558015199755,0.0005758558015199755,0.001151711603039951,0.001151711603039951
2025-10-06,-0.003707492250961897,-0.003707492250961897,-0.003707492250961897,-0.003707492250961897,-0.003707492250961897,-0.003707492250961897,-0.003707492250961897,-0.003707492250961897,-0.003707492250961897,-0.0018537461254809484,-0.0018537461254809484,-0.003707492250961897,-0.003707492250961897
2025-10-09,-0.02702782789908964,-0.02702782789908964,-0.02702782789908964,-0.01356391394954482,-0.02702782789908964,-0.02702782789908964,-0.02702782789908964,-0.02702782789908964,-0.02702782789908964,-0.01351391394954482,-0.01351391394954482,-0.02702782789908964,-0.02702782789908964
2025-10-14,0.004439615866679292,0.004439615866679292,0.0021698079333396457,0.002219807933339646,0.0021698079333396457,0.004439615866679292,0.004439615866679292,0.004439615866679292,0.004439615866679292,0.002219807933339646,0.002219807933339646,0.004439615866679292,0.004439615866679292
2025-10-17,0.010400475399621634,0.010400475399621634,0.005200237699810817,0.005200237699810817,0.010350475399621634,0.010400475399621634,0.010400475399621634,0.010400475399621634,0.010400475399621634,0.005200237699810817,0.005200237699810817,0.010400475399621634,0.010400475399621634
2025-10-22,0.005929891190499692,0.005929891190499692,0.005879891190499692,0.002964945595249846,0.005929891190499692,0.005929891190499692,0.005929891190499692,0.005929891190499692,0.005929891190499692,0.002964945595249846,0.002964945595249846,0.005929891190499692,0.005929891190499692
2025-10-28,0.0004802976988058649,0.0004802976988058649,0.0004802976988058649,0.0004302976988058649,0.0004802976988058649,0.0004802976988058649,0.0004802976988058649,0.0004802976988058649,0.0004802976988058649,0.00024014884940293246,0.00024014884940293246,0.0004802976988058649,0.0004802976988058649
2025-10-31,0.0018766870879645126,0.0018766870879645126,0.0018766870879645126,0.0018766870879645126,0.0018766870879645126,0.0018766870879645126,0.0018766870879645126,0.0018766870879645126,0.0018766870879645126,0.0009383435439822563,0.0009383435439822563,0.0018766870879645126,0.0018766870879645126
2025-11-05,-0.010729333212666003,-0.010729333212666003,-0.010729333212666003,-0.010729333212666003,-0.010729333212666003,-0.010729333212666003,-0.010729333212666003,-0.010729333212666003,-0.010729333212666003,-0.005364666606333002,-0.005364666606333002,-0.010729333212666003,-0.010729333212666003
2025-11-10,0.0022891497024457585,0.0022891497024457585,0.0022891497024457585,0.0022891497024457585,0.0022891497024457585,0.0022891497024457585,0.0022891497024457585,0.0022891497024457585,0.0022891497024457585,0.0011445748512228793,0.0011445748512228793,0.0022891497024457585,0.0022891497024457585
2025-11-13,-0.00016358609958400105,-0.00016358609958400105,-0.00013179304979200052,-0.00016358609958400105,-0.00016358609958400105,-0.00016358609958400105,-0.00016358609958400105,-0.00016358609958400105,-0.00016358609958400105,-8.179304979200053e-05,-8.179304979200053e-05,-0.00016358609958400105,-0.00016358609958400105
2025-11-18,0.003863199783587179,0.003863199783587179,0.0019315998917935895,0.003863199783587179,0.003863199783587179,0.003863199783587179,0.003863199783587179,0.003863199783587179,0.003863199783587179,0.0019315998917935895,0.0019315998917935895,0.003863199783587179,0.003863199783587179
2025-11-21,0.014718507062180475,0.014718507062180475,0.007359253531090237,0.014718507062180475,0.014718507062180475,0.014718507062180475,0.014718507062180475,0.014718507062180475,0.014718507062180475,0.007359253531090237,0.007359253531090237,0.014718507062180475,0.014718507062180475
2025-11-28,-0.004565415602551193,-0.004565415602551193,-0.004615415602551192,-0.004565415602551193,-0.004565415602551193,-0.004565415602551193,-0.004565415602551193,-0.004565415602551193,-0.004565415602551193,-0.0022827078012755964,-0.0022827078012755964,-0.004565415602551193,-0.004565415602551193
2025-12-03,0.0007310561539983773,0.0007310561539983773,0.0007310561539983773,0.0007310561539983773,0.0007310561539983773,0.0007310561539983773,0.0007310561539983773,0.0007310561539983773,0.0007310561539983773,0.00036552807699918866,0.00036552807699918866,0.0007310561539983773,0.0007310561539983773
2025-12-08,-0.0008631449669616043,-0.0008631449669616043,-0.0008631449669616043,-0.0008631449669616043,-0.0008631449669616043,-0.0008631449669616043,-0.0008631449669616043,-0.0008631449669616043,-0.0008631449669616043,-0.0004315724834808021,-0.0004315724834808021,-0.0008631449669616043,-0.0008631449669616043
2025-12-11,-0.010752057995096265,-0.010752057995096265,-0.010752057995096265,-0.010752057995096265,-0.010752057995096265,-0.010752057995096265,-0.010752057995096265,-0.010752057995096265,-0.010752057995096265,-0.005376028997548132,-0.005376028997548132,-0.010752057995096265,-0.010752057995096265
2025-12-16,-0.011003620102041367,-0.011003620102041367,-0.011003620102041367,-0.011003620102041367,-0.011003620102041367,-0.011003620102041367,-0.011003620102041367,-0.011003620102041367,-0.011003620102041367,-0.0055018100510206835,-0.0055018100510206835,-0.011003620102041367,-0.011003620102041367
2025-12-19,0.006229892278320159,0.006229892278320159,0.006229892278320159,0.006229892278320159,0.006229892278320159,0.006229892278320159,0.006229892278320159,0.006229892278320159,0.006229892278320159,0.0031149461391600797,0.0031149461391600797,0.006229892278320159,0.006229892278320159
2025-12-24,-0.00010141503224314619,-0.00010141503224314619,-0.00010141503224314619,-0.00010141503224314619,-0.00010141503224314619,-0.00010141503224314619,-0.00010141503224314619,-0.00010141503224314619,-0.00010141503224314619,-5.070751612157309e-05,-5.070751612157309e-05,-0.00010141503224314619,-0.00010141503224314619
2025-12-31,0.0018330397334518356,0.0018330397334518356,0.0018330397334518356,0.0018330397334518356,0.0018330397334518356,0.0018330397334518356,0.0018330397334518356,0.0018330397334518356,0.0018330397334518356,0.0009165198667259178,0.0009165198667259178,0.0018330397334518356,0.0018330397334518356
2026-01-06,-0.0032233567922274053,-0.0032233567922274053,-0.0032233567922274053,-0.0032233567922274053,-0.0032233567922274053,-0.0032233567922274053,-0.0032233567922274053,-0.0032233567922274053,-0.0032233567922274053,-0.0016116783961137027,-0.0016116783961137027,-0.0032233567922274053,-0.0032233567922274053
2026-01-09,0.0015704538117717881,0.0015704538117717881,0.0015704538117717881,0.0015704538117717881,0.0015704538117717881,0.0015704538117717881,0.0015704538117717881,0.0015704538117717881,0.0015704538117717881,0.0007852269058858941,0.0007852269058858941,0.0015704538117717881,0.0015704538117717881
2026-01-14,0.0027232143965294497,0.0027232143965294497,0.0027232143965294497,0.001311607198264725,0.0027232143965294497,0.0027232143965294497,0.0027232143965294497,0.0027232143965294497,0.0027232143965294497,0.0013616071982647249,0.0013616071982647249,0.0027232143965294497,0.0027232143965294497
2026-01-20,0.011541079202094462,0.011541079202094462,0.005720539601047231,0.005770539601047231,0.011541079202094462,0.011541079202094462,0.011541079202094462,0.011541079202094462,0.011541079202094462,0.005770539601047231,0.005770539601047231,0.011541079202094462,0.011541079202094462
2026-01-23,0.005078147060609828,0.005078147060609828,0.005028147060609828,0.002539073530304914,0.005078147060609828,0.005078147060609828,0.005078147060609828,0.005078147060609828,0.005078147060609828,0.002539073530304914,0.002539073530304914,0.005078147060609828,0.005078147060609828
2026-01-28,-0.0019843824489698125,-0.0019843824489698125,-0.0019843824489698125,-0.0009921912244849063,-0.0019843824489698125,-0.0019843824489698125,-0.0019843824489698125,-0.0019843824489698125,-0.0019843824489698125,-0.0009921912244849063,-0.0009921912244849063,-0.0019843824489698125,-0.0019843824489698125
2026-02-03,-0.004843921678897134,-0.004843921678897134,-0.004843921678897134,-0.004893921678897134,-0.004843921678897134,-0.004843921678897134,-0.004843921678897134,-0.004843921678897134,-0.004843921678897134,-0.002421960839448567,-0.002421960839448567,-0.004843921678897134,-0.004843921678897134
2026-02-06,0.004821832103010459,0.004821832103010459,0.004821832103010459,0.004821832103010459,0.004821832103010459,0.004821832103010459,0.004821832103010459,0.004821832103010459,0.004821832103010459,0.0024109160515052297,0.0024109160515052297,0.004821832103010459,0.004821832103010459
2026-02-11,-0.0154488742279012,-0.0154488742279012,-0.0154488742279012,-0.0154488742279012,-0.0154488742279012,-0.0154488742279012,-0.0154488742279012,-0.0154488742279012,-0.0154488742279012,-0.0077244371139506,-0.0077244371139506,-0.0154488742279012,-0.0154488742279012
2026-02-17,0.005037758541617032,0.005037758541617032,0.002468879270808516,0.005037758541617032,0.005037758541617032,0.005037758541617032,0.005037758541617032,0.005037758541617032,0.005037758541617032,0.002518879270808516,0.002518879270808516,0.005037758541617032,0.005037758541617032
2026-02-20,-0.010211314710874664,-0.010211314710874664,-0.005105657355437332,-0.010211314710874664,-0.010211314710874664,-0.010211314710874664,-0.010211314710874664,-0.010211314710874664,-0.010211314710874664,-0.005105657355437332,-0.005105657355437332,-0.010211314710874664,-0.010211314710874664
2026-02-25,-0.005554476391621099,-0.005554476391621099,-0.005604476391621099,-0.005554476391621099,-0.005554476391621099,-0.005554476391621099,-0.005554476391621099,-0.005554476391621099,-0.005554476391621099,-0.0027772381958105496,-0.0027772381958105496,-0.005554476391621099,-0.005554476391621099
2026-03-02,-0.00881433848279567,-0.00881433848279567,-0.004457169241397834,-0.004457169241397834,-0.00881433848279567,-0.00881433848279567,-0.00881433848279567,-0.00881433848279567,-0.00881433848279567,-0.004407169241397835,-0.004407169241397835,-0.00881433848279567,-0.00881433848279567
2026-03-06,0.008760025013039074,0.008760025013039074,0.004380012506519537,0.004380012506519537,0.0043300125065195375,0.008760025013039074,0.008760025013039074,0.008760025013039074,0.008760025013039074,0.004380012506519537,0.004380012506519537,0.008760025013039074,0.008760025013039074
2026-03-11,-0.015184948869363502,-0.015184948869363502,-0.007592474434681751,-0.015234948869363501,-0.007592474434681751,-0.015184948869363502,-0.015184948869363502,-0.015184948869363502,-0.015184948869363502,-0.007592474434681751,-0.007592474434681751,-0.015184948869363502,-0.015184948869363502
2026-03-16,0.00263055486997521,0.00263055486997521,0.001315277434987605,0.00263055486997521,0.001315277434987605,0.00263055486997521,0.00263055486997521,0.00263055486997521,0.00263055486997521,0.001315277434987605,0.001315277434987605,0.00263055486997521,0.00263055486997521
2026-03-19,-0.01433577587250423,-0.01433577587250423,-0.007167887936252115,-0.01433577587250423,-0.01438577587250423,-0.01433577587250423,-0.01433577587250423,-0.01433577587250423,-0.01433577587250423,-0.007167887936252115,-0.007167887936252115,-0.01433577587250423,-0.01433577587250423
2026-03-24,0.0055727589473859585,0.0055727589473859585,0.0027863794736929792,0.002736379473692979,0.002736379473692979,0.002736379473692979,0.002736379473692979,0.0055727589473859585,0.0055727589473859585,0.0027863794736929792,0.0027863794736929792,0.002736379473692979,0.002736379473692979
2026-03-27,-0.0033434623831846144,-0.0033434623831846144,-0.0016717311915923072,-0.0016717311915923072,-0.0016717311915923072,-0.0016717311915923072,-0.0016717311915923072,-0.0033434623831846144,-0.0033434623831846144,-0.0016717311915923072,-0.0016717311915923072,-0.0016717311915923072,-0.0016717311915923072
2026-04-02,0.004726797348638012,0.004726797348638012,0.002363398674319006,0.0046767973486380125,0.002363398674319006,0.002363398674319006,0.002363398674319006,0.004726797348638012,0.004726797348638012,0.002363398674319006,0.002363398674319006,0.0046767973486380125,0.0046767973486380125
