date,Buy and hold SPY,Rule[SPY realized volatility 20d],Rule[VIX close],TabICL[Direct all-history] Calibration Base,TabPFN[Direct all-history] Calibration Base,XGBoost[Raw + TabICL embeddings] Calibrated,XGBoost[Raw + TabICL embeddings] Calibration Base,XGBoost[Raw + TabPFN embeddings] Calibrated,XGBoost[Raw + TabPFN embeddings] Calibration Base,XGBoost[Raw all-history incumbent] Calibrated,XGBoost[Raw all-history incumbent] Calibration Base,XGBoost[Raw] Calibrated,XGBoost[Raw] Calibration Base
2020-01-02,0.9924278658238177,0.9924278658238177,0.9924278658238177,0.9924278658238177,0.9924278658238177,0.9924278658238177,0.9924278658238177,0.9924278658238177,0.9924278658238177,0.9961639329119089,0.9961639329119089,0.9924278658238177,0.9924278658238177
2020-01-07,0.9977173041004772,0.9977173041004772,0.9977173041004772,0.9977173041004772,0.9977173041004772,0.9977173041004772,0.9977173041004772,0.9977173041004772,0.9977173041004772,0.9988186082883395,0.9988186082883395,0.9977173041004772,0.9977173041004772
2020-01-10,1.0045789738395277,1.0045789738395277,1.0045789738395277,1.0045789738395277,1.0045789738395277,1.0045789738395277,1.0045789738395277,1.0045789738395277,1.0045789738395277,1.002253230195329,1.002253230195329,1.0045789738395277,1.0045789738395277
2020-01-15,1.01293556707694,1.01293556707694,1.01293556707694,1.01293556707694,1.01293556707694,1.01293556707694,1.01293556707694,1.01293556707694,1.01293556707694,1.00642185346126,1.00642185346126,1.01293556707694,1.01293556707694
2020-01-21,1.013057679063043,1.013057679063043,1.013057679063043,1.013057679063043,1.013057679063043,1.013057679063043,1.013057679063043,1.013057679063043,1.013057679063043,1.0064825168318525,1.0064825168318525,1.013057679063043,1.013057679063043
2020-01-24,0.9968186604652856,0.9968186604652856,0.9968186604652856,1.0048875168802112,0.9968186604652856,0.9968186604652856,0.9968186604652856,0.9968186604652856,0.9968186604652856,0.9984157064976835,0.9984157064976835,0.9968186604652856,0.9968186604652856
2020-01-29,1.0000536615107471,1.0000536615107471,1.0000536615107471,1.006518110435794,1.0000536615107471,1.0000536615107471,1.0000536615107471,1.0000536615107471,1.0000536615107471,1.0000357984875434,1.0000357984875434,1.0000536615107471,1.0000536615107471
2020-02-04,1.0116021903681525,1.0116021903681525,1.0116021903681525,1.0180909642567573,1.0116021903681525,1.0116021903681525,1.0116021903681525,1.0116021903681525,1.0116021903681525,1.0115341192744547,1.0115341192744547,1.0116021903681525,1.0116021903681525
2020-02-07,1.0191541741939087,1.0191541741939087,1.0191541741939087,1.0256913891751902,1.0191541741939087,1.0191541741939087,1.0191541741939087,1.0191541741939087,1.0191541741939087,1.0190855949243651,1.0190855949243651,1.0191541741939087,1.0191541741939087
2020-02-12,1.0180666596115653,1.0180666596115653,1.0180666596115653,1.0245968988900531,1.0180666596115653,1.0180666596115653,1.0180666596115653,1.0180666596115653,1.0180666596115653,1.017998153521289,1.017998153521289,1.0180666596115653,1.0180666596115653
2020-02-18,1.022934275648715,1.022934275648715,1.022934275648715,1.029495737536389,1.022934275648715,1.022934275648715,1.022934275648715,1.022934275648715,1.022934275648715,1.0228654420147159,1.0228654420147159,1.022934275648715,1.022934275648715
2020-02-21,0.9890082929035877,0.9890082929035877,0.9890082929035877,0.9953521415505254,0.9890082929035877,0.9890082929035877,0.9890082929035877,0.9890082929035877,0.9890082929035877,1.0058524488161515,1.0058524488161515,0.9890082929035877,0.9890082929035877
2020-02-26,0.9445902525800117,0.9445902525800117,0.9667498223271545,0.9729508972790055,0.9667498223271545,0.9445902525800117,0.9445902525800117,0.9445902525800117,0.9445902525800117,0.983265178844979,0.983265178844979,0.9445902525800117,0.9445902525800117
2020-03-02,0.9175444018235475,0.9310200976891506,0.952909656529295,0.9590219557674335,0.952909656529295,0.9310200976891506,0.9310200976891506,0.9175444018235475,0.9175444018235475,0.9691885762077859,0.9691885762077859,0.9175444018235475,0.9175444018235475
2020-03-06,0.8458894225782064,0.8946664206113295,0.9157012546658052,0.9215748860671722,0.9157012546658052,0.8946664206113295,0.8946664206113295,0.8816710349807857,0.8816710349807857,0.9313445290014764,0.9313445290014764,0.8816710349807857,0.8816710349807857
2020-03-11,0.7649571634526225,0.851866869836015,0.8718954277774902,0.8774880731268418,0.8718954277774902,0.851866869836015,0.851866869836015,0.8394931647048457,0.8394931647048457,0.8867903504383949,0.8867903504383949,0.8394931647048457,0.8394931647048457
2020-03-16,0.8062587692446377,0.8748638893595952,0.895433138756882,0.9011767633012718,0.895433138756882,0.8748638893595952,0.8748638893595952,0.8621561433723292,0.8621561433723292,0.9107301651259648,0.9107301651259648,0.8621561433723292,0.8621561433723292
2020-03-19,0.7715135728841118,0.8560130447027298,0.8761390848993482,0.8817589505649336,0.8761390848993482,0.8560130447027298,0.8560130447027298,0.8435791147323988,0.8435791147323988,0.8911065035759629,0.8911065035759629,0.8435791147323988,0.8435791147323988
2020-03-24,0.7830632701499554,0.8624203794985199,0.8826970649200578,0.8883589957866931,0.8826970649200578,0.8624203794985199,0.8624203794985199,0.8498933804416365,0.8498933804416365,0.8977765160745457,0.8977765160745457,0.8498933804416365,0.8498933804416365
2020-03-27,0.8084939666267652,0.8764243251198245,0.897030262501049,0.9027841315614618,0.897030262501049,0.8764243251198245,0.8764243251198245,0.8636939131824469,0.8636939131824469,0.9123545731451623,0.9123545731451623,0.8636939131824469,0.8636939131824469
2020-04-01,0.8271502258667891,0.8865362122139966,0.9073798939232782,0.9132001491765727,0.9073798939232782,0.8865362122139966,0.8865362122139966,0.8736589210943743,0.8736589210943743,0.9228810112745858,0.9228810112745858,0.8736589210943743,0.8736589210943743
2020-04-07,0.8549162942168287,0.901415991178769,0.9226095168903297,0.9285274603265707,0.9226095168903297,0.901415991178769,0.901415991178769,0.8883225653509587,0.8883225653509587,0.9383708077085714,0.9383708077085714,0.8883225653509587,0.8883225653509587
2020-04-13,0.8801303742473144,0.9147087398935202,0.9362147963505083,0.9422200088564974,0.9362147963505083,0.9147087398935202,0.9147087398935202,0.9014222316031758,0.9014222316031758,0.9522085113550495,0.9522085113550495,0.9014222316031758,0.9014222316031758
2020-04-16,0.9039076030651668,0.9270644315311015,0.9488609872370132,0.9549473168797542,0.9488609872370132,0.9270644315311015,0.9270644315311015,0.9135984519050019,0.9135984519050019,0.9650707419513733,0.9650707419513733,0.9135984519050019,0.9135984519050019
2020-04-21,0.9239694291429708,0.9373523223095545,0.9593907604314257,0.9655446317600264,0.9593907604314257,0.9373523223095545,0.9373523223095545,0.923736906977687,0.923736906977687,0.9757803992836892,0.9757803992836892,0.923736906977687,0.923736906977687
2020-04-24,0.9372916137761542,0.94410989475204,0.9663072126660484,0.9725054485631416,0.9663072126660484,0.94410989475204,0.94410989475204,0.9303963229924881,0.9303963229924881,0.9828150079139535,0.9828150079139535,0.9303963229924881,0.9303963229924881
2020-04-29,0.9285648759062768,0.9397147847079709,0.961808767559549,0.9679781488402482,0.961808767559549,0.9397147847079709,0.9397147847079709,0.9260650536700505,0.9260650536700505,0.9782397141512724,0.9782397141512724,0.9260650536700505,0.9260650536700505
2020-05-04,0.9371444374375805,0.9440560757833032,0.9662521283395757,0.9724500109063354,0.9662521283395757,0.9440560757833032,0.9440560757833032,0.9303432857656798,0.9303432857656798,0.9827589825608892,0.9827589825608892,0.9303432857656798,0.9303432857656798
2020-05-08,0.9373365730954719,0.944152852132797,0.9663511800337177,0.9725496979530425,0.9663511800337177,0.944152852132797,0.944152852132797,0.9304386564002025,0.9304386564002025,0.9828597263929604,0.9828597263929604,0.9304386564002025,0.9304386564002025
2020-05-13,0.9485538623074128,0.9498022826077421,0.9721334363639818,0.9783690437185116,0.9721334363639818,0.9498022826077421,0.9498022826077421,0.9360060266503271,0.9360060266503271,0.9887407632169636,0.9887407632169636,0.9360060266503271,0.9360060266503271
2020-05-18,0.9388111694547262,0.9449245248556849,0.9671409958402135,0.9733445799171947,0.9671409958402135,0.9449245248556849,0.9449245248556849,0.9311991202698425,0.9311991202698425,0.9836630349245918,0.9836630349245918,0.9311991202698425,0.9311991202698425
2020-05-21,0.9405939225260564,0.9458217058616588,0.968059270801591,0.9742687450186378,0.968059270801591,0.9458217058616588,0.9458217058616588,0.9320832693648333,0.9320832693648333,0.98459699712792,0.98459699712792,0.9320832693648333,0.9320832693648333
2020-05-27,0.9388584792048854,0.9449491614388499,0.9671662116632231,0.9733699574834029,0.9671662116632231,0.9440293259307478,0.9440293259307478,0.9303169244653732,0.9303169244653732,0.9836886815191386,0.9836886815191386,0.9303169244653732,0.9303169244653732
2020-06-01,0.9466322763688441,0.9527261423112282,0.9711703049956237,0.9773997344852441,0.9711703049956237,0.951845937975227,0.951845937975227,0.9380199971106951,0.9380199971106951,0.9877611783075192,0.9877611783075192,0.9380199971106951,0.9380199971106951
2020-06-04,0.9708938633521467,0.9771439112273853,0.9836155455702602,0.9899248032303284,0.9836155455702602,0.9762411478105307,0.9762411478105307,0.9620608568194665,0.9620608568194665,1.000419025681033,1.000419025681033,0.9620608568194665,0.9620608568194665
2020-06-10,0.9149228067751419,0.9208125456645702,0.9552633211772391,0.9613907176520736,0.9552633211772391,0.9199618256524457,0.9199618256524457,0.9065990142019349,0.9065990142019349,0.971582449408022,0.971582449408022,0.9065990142019349,0.9065990142019349
2020-06-15,0.9325329213890805,0.9296282441627227,0.9644566085496007,0.9706429740179983,0.9644566085496007,0.9376689295416695,0.9376689295416695,0.924048915363819,0.924048915363819,0.9809327892204449,0.9809327892204449,0.924048915363819,0.924048915363819
2020-06-18,0.92720354903359,0.9269718580171569,0.9617007013479449,0.9678693894537787,0.9617007013479449,0.9323102051930878,0.9323102051930878,0.9187680286179384,0.9187680286179384,0.9781298018032937,0.9781298018032937,0.9187680286179384,0.9187680286179384
2020-06-23,0.9035518464002527,0.9151489617619896,0.9494348622912129,0.9555248729713243,0.9494348622912129,0.908528238700147,0.908528238700147,0.8953315046480524,0.8953315046480524,0.9656544207323469,0.9656544207323469,0.8953315046480524,0.8953315046480524
2020-06-26,0.9168320167943972,0.9218742726540221,0.9564121358143655,0.9625469011922047,0.9564121358143655,0.9218815508159913,0.9218815508159913,0.9084908545938716,0.9084908545938716,0.972750889684447,0.972750889684447,0.9084908545938716,0.9084908545938716
2020-07-01,0.9218810299002763,0.9244126631112386,0.9590456266392345,0.9651972841577423,0.9590456266392345,0.9269583718114146,0.9269583718114146,0.913493932744931,0.913493932744931,0.9754293694390833,0.9754293694390833,0.913493932744931,0.913493932744931
2020-07-07,0.9289318813363879,0.9279477702139212,0.9627131759295249,0.9688883584050727,0.9627131759295249,0.9340480564400365,0.9340480564400365,0.9204806368842607,0.9204806368842607,0.9791595728749208,0.9791595728749208,0.9204806368842607,0.9204806368842607
2020-07-13,0.9409702312382168,0.9399269692904452,0.9689512426273046,0.9751664382668108,0.9689512426273046,0.9461527086265583,0.9461527086265583,0.9324094641829098,0.9324094641829098,0.9855042068490697,0.9855042068490697,0.9324094641829098,0.9324094641829098
2020-07-16,0.9436980496114097,0.9426517633074845,0.970355709482164,0.9765799138683317,0.970355709482164,0.9488955507024883,0.9488955507024883,0.9351124653866675,0.9351124653866675,0.9869326667477236,0.9869326667477236,0.9351124653866675,0.9351124653866675
2020-07-21,0.9490696680005409,0.9480174261361981,0.9731173876350431,0.9793593064006949,0.9731173876350431,0.9542967537585052,0.9542967537585052,0.940435213819861,0.940435213819861,0.9897415237034625,0.9897415237034625,0.940435213819861,0.940435213819861
2020-07-24,0.9559906130942433,0.9549306979173777,0.9766655423367616,0.9829302202203756,0.9766655423367616,0.9612558165739625,0.9612558165739625,0.9472931934798197,0.9472931934798197,0.9933502928873624,0.9933502928873624,0.9472931934798197,0.9472931934798197
2020-07-29,0.9525796185188474,0.9515234851415825,0.974923160758294,0.9811766623908105,0.974923160758294,0.9578260356420255,0.9578260356420255,0.9439132314801818,0.9439132314801818,0.9915781455387919,0.9915781455387919,0.9439132314801818,0.9439132314801818
2020-08-03,0.9562589153010603,0.9551987026551851,0.9768059596228447,0.9830715381925467,0.9768059596228447,0.9615255964790892,0.9615255964790892,0.9475590547245141,0.9475590547245141,0.9934931089755837,0.9934931089755837,0.9475590547245141,0.9475590547245141
2020-08-07,0.9591171580690556,0.9580537764643564,0.9782657884020345,0.9845407308293422,0.9782657884020345,0.9643995812737967,0.9643995812737967,0.9503912937468945,0.9503912937468945,0.9949778765674699,0.9949778765674699,0.9503912937468945,0.9503912937468945
2020-08-12,0.9573831558303951,0.9563216967291853,0.9773814777352807,0.9836507478815095,0.9773814777352807,0.9626560288633084,0.9626560288633084,0.9486730671287008,0.9486730671287008,0.9940784588837852,0.9940784588837852,0.9486730671287008,0.9486730671287008
2020-08-17,0.9594515581639883,0.9583878058069712,0.9784372818389184,0.9847133242857259,0.9784372818389184,0.9647358231070471,0.9647358231070471,0.9507226515337701,0.9507226515337701,0.9951522996922475,0.9951522996922475,0.9507226515337701,0.9507226515337701
2020-08-20,0.962855628915571,0.9617881024354575,0.9801729972614559,0.9881577864486225,0.9801729972614559,0.9681586420815944,0.9681586420815944,0.9540957527012186,0.9540957527012186,0.9969176670043997,0.9969176670043997,0.9540957527012186,0.9540957527012186
2020-08-25,0.9725089763630705,0.9714307471319813,0.9850864807667029,0.9980648069396219,0.9850864807667029,0.9778651562002676,0.9778651562002676,0.9636612758413612,0.9636612758413612,1.0019150894253408,1.0019150894253408,0.9636612758413612,0.9636612758413612
2020-08-28,0.9689859874366379,0.9679116641742683,0.9833022048126144,0.9944492400418643,0.9833022048126144,0.9743227640984268,0.9743227640984268,0.9601703383938557,0.9601703383938557,1.0001003320035267,1.0001003320035267,0.9601703383938557,0.9601703383938557
2020-09-02,0.9356387325600459,0.9346013816916167,0.9663822340030545,0.9602256777824796,0.9663822340030545,0.9407918462443846,0.9407918462443846,0.9271264704592256,0.9271264704592256,0.982891310869118,0.982891310869118,0.9271264704592256,0.9271264704592256
2020-09-09,0.9193925370575233,0.9183731984885284,0.957992225040503,0.95184110798251,0.957992225040503,0.9244561733726071,0.9244561733726071,0.9110280797337458,0.9110280797337458,0.9743579721784361,0.9743579721784361,0.9110280797337458,0.9110280797337458
2020-09-14,0.924037510854233,0.920647191765366,0.9604122190057609,0.9542455635480076,0.9604122190057609,0.9291267297763661,0.9291267297763661,0.9156307944479345,0.9156307944479345,0.9768193078250517,0.9768193078250517,0.9156307944479345,0.9156307944479345
2020-09-17,0.9133993271948325,0.9153476158301548,0.9548837412900292,0.9487525833161731,0.9548837412900292,0.9184299553726066,0.9184299553726066,0.905089394947242,0.905089394947242,0.9711963850125974,0.9711963850125974,0.905089394947242,0.905089394947242
2020-09-22,0.8922167682417105,0.9047337450632092,0.9438114312165298,0.937751366800204,0.9438114312165298,0.8971307315886989,0.8971307315886989,0.8840995508609808,0.8840995508609808,0.9486249000410272,0.9486249000410272,0.8840995508609808,0.8840995508609808
2020-09-25,0.9070356190583028,0.9122471178634368,0.9516493251544316,0.945538934856705,0.9516493251544316,0.9120311985465129,0.9120311985465129,0.8987835826092788,0.8987835826092788,0.956455336246508,0.956455336246508,0.8987835826092788,0.8987835826092788
2020-09-30,0.9128590700616936,0.915175573087377,0.9547042675960528,0.9485742619944931,0.9547042675960528,0.9178867227251705,0.9178867227251705,0.9045540529700914,0.9045540529700914,0.9595257067317078,0.9595257067317078,0.9045540529700914,0.9045540529700914
2020-10-05,0.8998818551161487,0.9086704998978952,0.9479182242207124,0.9350418907602195,0.9479182242207124,0.904838034612052,0.904838034612052,0.8916949022421883,0.8916949022421883,0.9458371020619791,0.9458371020619791,0.8916949022421883,0.8916949022421883
2020-10-09,0.9143587022833746,0.9232433008417913,0.9555430402902064,0.9500843749158118,0.9631204604484893,0.9193946143049285,0.9193946143049285,0.9060400418248599,0.9060400418248599,0.953397886252523,0.953397886252523,0.9060400418248599,0.9060400418248599
2020-10-14,0.913228612761773,0.9221022305183344,0.9549525449109998,0.9489101307225335,0.9619301044780426,0.9182583007145966,0.9182583007145966,0.9049202336414186,0.9049202336414186,0.952171876874504,0.952171876874504,0.9049202336414186,0.9049202336414186
2020-10-19,0.9168868268983629,0.9257959906216912,0.9568652209106058,0.9527112779994071,0.9657834072079812,0.9219366627914881,0.9219366627914881,0.9085451660460024,0.9085451660460024,0.9559860900646839,0.9559860900646839,0.9085451660460024,0.9085451660460024
2020-10-22,0.9199995976459904,0.9289390073968656,0.9584894682995384,0.9559456704130525,0.9690621786444414,0.9250665774013539,0.9250665774013539,0.9116296174011749,0.9116296174011749,0.9592316002508849,0.9592316002508849,0.9116296174011749,0.9116296174011749
2020-10-27,0.8885550093536975,0.8971888797761735,0.9421094031395669,0.9232724843455244,0.9359406845534928,0.8934488052373502,0.8934488052373502,0.880471105954444,0.880471105954444,0.9427908908783604,0.9427908908783604,0.880471105954444,0.880471105954444
2020-10-30,0.8985143283712017,0.9021720659672812,0.9473891933587916,0.928400544666299,0.9411391068702366,0.898411218224269,0.898411218224269,0.8903398169938126,0.8903398169938126,0.9533109701893876,0.9533109701893876,0.8903398169938126,0.8903398169938126
2020-11-04,0.9160378114960446,0.9109694754656588,0.9566275315901785,0.9374537176452131,0.950316498224288,0.9158877698587554,0.9158877698587554,0.9077038748233069,0.9077038748233069,0.9625593882821507,0.9625593882821507,0.9077038748233069,0.9077038748233069
2020-11-10,0.9228427016787784,0.914353095204151,0.9601807393380221,0.9443708256159291,0.9573285156720207,0.9226915454402667,0.9226915454402667,0.9144468554176632,0.9144468554176632,0.9661346287631751,0.9661346287631751,0.9144468554176632,0.9144468554176632
2020-11-13,0.9343619683966585,0.9200597433462535,0.9661734063514175,0.9561588144043381,0.9692782471794568,0.9342089253696136,0.9342089253696136,0.925861322051815,0.925861322051815,0.9781459747264568,0.9781459747264568,0.925861322051815,0.925861322051815
2020-11-18,0.938295788697926,0.9219965461160435,0.9682072822415994,0.9601844030761395,0.9733590708594643,0.9381421013341175,0.9381421013341175,0.9297593532089432,0.9297593532089432,0.9822641330239149,0.9822641330239149,0.9297593532089432,0.9297593532089432
2020-11-23,0.9534155367030165,0.9294250966897295,0.9760081539392657,0.975656865371932,0.9890438304492807,0.9532593728128925,0.9532593728128925,0.9447415446407124,0.9447415446407124,0.9980923892568133,0.9980923892568133,0.9447415446407124,0.9447415446407124
2020-11-27,0.9491948808422757,0.9252641723654302,0.9738478186098773,0.9713377498253738,0.984665452419119,0.9490394082709028,0.9490394082709028,0.9405592874991285,0.9405592874991285,0.9936739543455835,0.9936739543455835,0.9405592874991285,0.9405592874991285
2020-12-02,0.9489360570192262,0.9250118739014839,0.9737150455510629,0.9710728881463275,0.9843969565791565,0.9487806268416823,0.9487806268416823,0.9403028184056805,0.9403028184056805,0.9934030020923432,0.9934030020923432,0.9403028184056805,0.9403028184056805
2020-12-07,0.9517125508211988,0.9277183678908744,0.9751395428967283,0.973914152144316,0.9872772054941445,0.9515566658702047,0.9515566658702047,0.9430540521984837,0.9430540521984837,0.9963096018129126,0.9963096018129126,0.9430540521984837,0.9430540521984837
2020-12-11,0.9474515906358719,0.9235648332701861,0.9729566197211144,0.9695537920517308,0.9828570170025024,0.9472964036052416,0.9472964036052416,0.9388318574133444,0.9388318574133444,0.99184897392488,0.99184897392488,0.9388318574133444,0.9388318574133444
2020-12-16,0.9527498485599096,0.9287295137083204,0.9756770622065835,0.9749756480201938,0.9883532661301593,0.9525937937056111,0.9525937937056111,0.944081912800914,0.944081912800914,0.9973955071066115,0.9973955071066115,0.944081912800914,0.944081912800914
2020-12-21,0.9511441463388839,0.9271642937871126,0.9748548910836193,0.9733324878918156,0.9866875602400119,0.9509883544892204,0.9509883544892204,0.9424908189513522,0.9424908189513522,0.9957145620154915,0.9957145620154915,0.9424908189513522,0.9424908189513522
2020-12-24,0.9593153613442638,0.9351294995017325,0.9790423472882084,0.9816943214381808,0.9951641263092965,0.959158231097361,0.959158231097361,0.9505876938066428,0.9505876938066428,1.004268678446249,1.004268678446249,0.9505876938066428,0.9505876938066428
2020-12-30,0.9641895892443606,0.9398808403853893,0.9815295770964758,0.9866822555876096,1.0002204997867683,0.9640316606274283,0.9640316606274283,0.955417576914267,0.955417576914267,1.0067697816121237,1.0067697816121237,0.955417576914267,0.955417576914267
2021-01-05,0.9699541135111167,0.9455000318521908,0.9844636738388736,0.9925812549849895,1.0062004392171935,0.9697952406988157,0.9697952406988157,0.9611296566426157,0.9611296566426157,1.0097793291647414,1.0097793291647414,0.9611296566426157,0.9611296566426157
2021-01-08,0.9634157115447013,0.9391264733699963,0.9811455688217239,0.9858903248275532,0.9994177029632373,0.9632579096844113,0.9632579096844113,0.9546507398057934,0.9546507398057934,1.0029219788638262,1.0029219788638262,0.9546507398057934,0.9546507398057934
2021-01-14,0.9563899952438097,0.9322778865206337,0.9775680631127055,0.978700712240764,0.9921294418699547,0.9562333441547691,0.9562333441547691,0.9476889421270345,0.9476889421270345,0.9956081628122607,0.9956081628122607,0.9476889421270345,0.9476889421270345
2021-01-20,0.9572618978294987,0.933127807059201,0.9780136680051414,0.9795929546166379,0.9930339266826425,0.9571051039279127,0.9571051039279127,0.9485529123098873,0.9485529123098873,0.9965158190359833,0.9965158190359833,0.9485529123098873,0.9485529123098873
2021-01-25,0.9557678490461002,0.931671425615363,0.9772504494261176,0.9780640525832558,0.9914840466201459,0.955611299860969,0.955611299860969,0.9470724560963485,0.9470724560963485,0.9949605046017164,0.9949605046017164,0.9470724560963485,0.9470724560963485
2021-01-28,0.936633812368116,0.9130197883507847,0.9674683951534414,0.9584836560735557,0.9716349879469545,0.9364803972263127,0.9364803972263127,0.9281124972216678,0.9281124972216678,0.9750418488243796,0.9750418488243796,0.9281124972216678,0.9281124972216678
2021-02-02,0.9373703807522781,0.913737786677701,0.9678488034961343,0.9592374071644061,0.9723990812389294,0.9372168449648803,0.9372168449648803,0.9288423644476552,0.9288423644476552,0.9758086212701268,0.9758086212701268,0.9288423644476552,0.9288423644476552
2021-02-05,0.9441401633327361,0.9203368923016622,0.9713437538940585,0.9661651155952333,0.9794218445954391,0.9439855186945357,0.9439855186945357,0.9355505568419815,0.9355505568419815,0.9828560086655271,0.9828560086655271,0.9355505568419815,0.9355505568419815
2021-02-11,0.948803848806185,0.9248829988671909,0.9737427842132276,0.9709375957730166,0.9842598078623492,0.9486484402835734,0.9486484402835734,0.9401718129976561,0.9401718129976561,0.9877109353682798,0.9877109353682798,0.9401718129976561,0.9401718129976561
2021-02-17,0.9447658543655212,0.9209468086710938,0.9716707184462955,0.9668054027819195,0.9800709171476691,0.9446111072427882,0.9446111072427882,0.9361705554575122,0.9361705554575122,0.983507357072283,0.983507357072283,0.9361705554575122,0.9361705554575122
2021-02-22,0.9459129731789003,0.922065006799727,0.972260611569755,0.9679792816443733,0.9812609027745955,0.9457580381648131,0.9457580381648131,0.937307238003494,0.937307238003494,0.9847015151667794,0.9847015151667794,0.937307238003494,0.937307238003494
2021-02-25,0.9410389274397251,0.917313843484426,0.9697557074054406,0.9629915339053258,0.9762047182652376,0.9408847907658304,0.9408847907658304,0.9324775353995262,0.9324775353995262,0.9796276020685917,0.9796276020685917,0.9324775353995262,0.9324775353995262
2021-03-02,0.9285740169969436,0.9051631932046698,0.9633330623417169,0.9502358413645882,0.963274005164874,0.928421922002495,0.928421922002495,0.9201260283260793,0.9201260283260793,0.9666515497810588,0.9666515497810588,0.9201260283260793,0.9201260283260793
2021-03-05,0.9239508942099132,0.9006566266758977,0.9609349729323152,0.9478228439510974,0.9584781203760296,0.9237995564559448,0.9237995564559448,0.9155449658252661,0.9155449658252661,0.9618388490968808,0.9618388490968808,0.9155449658252661,0.9155449658252661
2021-03-10,0.9333190930457937,0.9097886383600992,0.9658065683554029,0.9526279655863314,0.9681964005008646,0.9331662208356336,0.9331662208356336,0.9248279345812788,0.9248279345812788,0.9715912045985434,0.9715912045985434,0.9248279345812788,0.9248279345812788
2021-03-16,0.936501699057276,0.9128910058260576,0.9674532622960282,0.9558287832046548,0.9714979376787592,0.9363483055548605,0.9363483055548605,0.9279815858524424,0.9279815858524424,0.9749043180144145,0.9749043180144145,0.9279815858524424,0.9279815858524424
2021-03-19,0.9439796876793629,0.9201804624940431,0.9713158310960279,0.9634610990591405,0.9792553721091033,0.9438250693261362,0.9438250693261362,0.9353915411653866,0.9353915411653866,0.9826889524737795,0.9826889524737795,0.9353915411653866,0.9353915411653866
2021-03-24,0.949290191419299,0.9253570800116337,0.9740479748174544,0.9688811984920156,0.9819608856199197,0.9491347032366112,0.9491347032366112,0.9406537309587655,0.9406537309587655,0.9854039523742872,0.9854039523742872,0.9406537309587655,0.9406537309587655
2021-03-29,0.9467716560254826,0.9229020408897783,0.9727558650274095,0.9663106867424345,0.9793065744720676,0.946616580364166,0.946616580364166,0.9381581087178961,0.9381581087178961,0.9827403343684912,0.9827403343684912,0.9381581087178961,0.9381581087178961
2021-04-01,0.9603608281498802,0.9361486084309505,0.9866693550616508,0.9801803058466996,0.9933627257291949,0.9602035266616278,0.9602035266616278,0.9516236491553716,0.9516236491553716,0.9897439156457402,0.9897439156457402,0.9516236491553716,0.9516236491553716
2021-04-07,0.9649196067654646,0.9405924530068956,0.9913530187687314,0.984833166403621,0.9980781624888314,0.9647615585759309,0.9647615585759309,0.9561409528756946,0.9561409528756946,0.9943926869224976,0.9943926869224976,0.9561409528756946,0.9561409528756946
2021-04-12,0.9677794839534476,0.9433802281548798,0.9942912406306734,0.9877520643997018,1.001036316669462,0.9676209673327527,0.9676209673327527,0.9589748114484224,0.9589748114484224,0.9973399179055633,0.9973399179055633,0.9589748114484224,0.9589748114484224
2021-04-16,0.963024760448205,0.9387453787707355,0.9894062642375275,0.9828992151341153,0.9961182015581288,0.9628670226234186,0.9628670226234186,0.9542633455075421,0.9542633455075421,0.992439963288825,0.992439963288825,0.9542633455075421,0.9542633455075421
2021-04-21,0.9542296107738385,0.9301719687697655,0.9803701765478665,0.9739225552734712,0.9870208148284387,0.9540733135431421,0.9540733135431421,0.9455482124214579,0.9455482124214579,0.98785844430398,0.98785844430398,0.9455482124214579,0.9455482124214579
2021-04-26,0.9540239946882049,0.9299715365917811,0.9801589277290311,0.9737126957792104,0.9868081329392031,0.9538677311362209,0.9538677311362209,0.9453444669916149,0.9453444669916149,0.9875961890012804,0.9875961890012804,0.9453444669916149,0.9453444669916149
2021-04-29,0.9477555981497842,0.9238611762724823,0.9737188121094164,0.967314935004196,0.9803243288430356,0.9476003613245008,0.9476003613245008,0.9391330991250844,0.9391330991250844,0.9811072069977236,0.9811072069977236,0.9391330991250844,0.9391330991250844
2021-05-04,0.9480520709992459,0.9241501745711695,0.9738224234442711,0.9676175263216912,0.9806309897034263,0.9478967856134434,0.9478967856134434,0.9394268747213088,0.9394268747213088,0.9814141127547077,0.9814141127547077,0.9394268747213088,0.9394268747213088
2021-05-07,0.938663999264931,0.914998791015824,0.964130470051499,0.9580357079528818,0.970920305704261,0.9385102515903849,0.9385102515903849,0.930124213866688,0.930124213866688,0.9716956738910079,0.9716956738910079,0.930124213866688,0.930124213866688
2021-05-12,0.9499397180007639,0.9259902309977569,0.9698730811227162,0.9695441296993436,0.9767033587971781,0.94978412342942,0.94978412342942,0.9412973482717163,0.9412973482717163,0.9833681862321658,0.9833681862321658,0.9412973482717163,0.9412973482717163
2021-05-18,0.9474490066628526,0.9235623144432251,0.9686015931357883,0.9670020162255224,0.97409363888736,0.9472938200554621,0.9472938200554621,0.9388292969488171,0.9388292969488171,0.9807898265274632,0.9807898265274632,0.9388292969488171,0.9388292969488171
2021-05-21,0.9571074500985844,0.9329772532005547,0.9735386312419407,0.9768597861004941,0.9840237018734809,0.9569506814946339,0.9569506814946339,0.9483998697148666,0.9483998697148666,0.990788151498242,0.990788151498242,0.9483998697148666,0.9483998697148666
2021-05-26,0.95760990126058,0.9334670367718118,0.9740010313231682,0.9773726066146196,0.9845402832169722,0.957453050358067,0.957453050358067,0.9488977496723631,0.9488977496723631,0.9913082839639964,0.9913082839639964,0.9488977496723631,0.9488977496723631
2021-06-01,0.9591158898554405,0.9349350570055269,0.9755327974866385,0.9789096750978851,0.9860886239721729,0.9589587922808015,0.9589587922808015,0.9503900370712446,0.9503900370712446,0.9928672684394861,0.9928672684394861,0.9503900370712446,0.9503900370712446
2021-06-04,0.9581852184718229,0.9340278493236408,0.974586196071727,0.9779597969534438,0.9851317797849912,0.9580282733357147,0.9580282733357147,0.9494678327577379,0.9494678327577379,0.9919038466421406,0.9919038466421406,0.9494678327577379,0.9494678327577379
2021-06-09,0.962639079235812,0.9383694211934411,0.9791162922745594,0.9825055744132094,0.9897108942367262,0.9624814045833533,0.9624814045833533,0.9538811731489975,0.9538811731489975,0.9965144391862993,0.9965144391862993,0.9538811731489975,0.9538811731489975
2021-06-14,0.9608737077301075,0.936648557503475,0.9773207034184278,0.9807037699958758,0.9878958760754462,0.9607163222351789,0.9607163222351789,0.9521318626553469,0.9521318626553469,0.9946869440908798,0.9946869440908798,0.9521318626553469,0.9521318626553469
2021-06-18,0.9746293613733488,0.9500574093003422,0.9842673899654746,0.9947433063867221,1.0020383730524758,0.9744697227827851,0.9744697227827851,0.9657623699946735,0.9657623699946735,1.0089266604826321,1.0089266604826321,0.9657623699946735,0.9657623699946735
2021-06-23,0.9803948683537609,0.9556775587050298,0.9900406981947937,1.000627799204186,1.0079660204879421,0.9802342854068659,0.9802342854068659,0.9714754234961375,0.9714754234961375,1.0148950561972245,1.0148950561972245,0.9714754234961375,0.9714754234961375
2021-06-28,0.980922210707754,0.9561916059218538,0.9905732289221441,1.0011660246030902,1.0085081930259132,0.9807615413852648,0.9807615413852648,0.971997968190331,0.971997968190331,1.0154409557783695,1.0154409557783695,0.971997968190331,0.971997968190331
2021-07-01,0.988420053723417,0.963500416422662,0.9981448411100441,1.0088186045968426,1.016216894112274,0.9882581562980831,0.9882581562980831,0.9794275972653789,0.9794275972653789,1.023202648596608,1.023202648596608,0.9794275972653789,0.9794275972653789
2021-07-07,0.9803662339093884,0.9556496461804174,0.9900117820241627,1.0005985738155405,1.0079365807714822,0.980205655652648,0.980205655652648,0.971447049562459,0.971447049562459,1.014865414104055,1.014865414104055,0.971447049562459,0.971447049562459
2021-07-12,0.9770242706233228,0.9523919390895266,0.9866369380996596,0.9971876406539133,1.0045006331316004,0.9768642397606275,0.9768642397606275,0.9681354908186941,0.9681354908186941,1.0114058468148912,1.0114058468148912,0.9681354908186941,0.9681354908186941
2021-07-15,0.9693610142746341,0.9449218855881827,0.9788982851233938,0.9893662336041174,0.9966218668761864,0.9692022386085203,0.9692022386085203,0.9605419533094631,0.9605419533094631,1.0034729197528436,1.0034729197528436,0.9605419533094631,0.9605419533094631
2021-07-21,0.9713910864260256,0.9469007764007128,0.9809483305846928,0.9914382014352868,0.9987090297263729,0.9712319782459635,0.9712319782459635,0.9625535562529918,0.9625535562529918,1.0055744303346263,1.0055744303346263,0.9625535562529918,0.9625535562529918
2021-07-26,0.9669639874876256,0.9425852916484312,0.976477674662849,0.9869197380991528,0.9941574297095975,0.9668056044404836,0.9668056044404836,0.9581667342133546,0.9581667342133546,1.0009915413672221,1.0009915413672221,0.9581667342133546,0.9581667342133546
2021-07-29,0.9622678528881127,0.9380075540507745,0.9717353361135607,0.9821266868697357,0.9893292280770297,0.962110239040359,0.962110239040359,0.9535133241475541,0.9535133241475541,0.9961301493484274,0.9961301493484274,0.9535133241475541,0.9535133241475541
2021-08-03,0.9575346063660148,0.9333936401809649,0.9669555205079011,0.9772957578192293,0.9844628708419306,0.9573777677963653,0.9573777677963653,0.9488231397963367,0.9488231397963367,0.9912303394349932,0.9912303394349932,0.9488231397963367,0.9488231397963367
2021-08-06,0.9567554898619403,0.9326341664397252,0.966168738495298,0.9765005622730664,0.9836618436359975,0.9565987789070184,0.9565987789070184,0.9480511115450876,0.9480511115450876,0.9904238057476894,0.9904238057476894,0.9480511115450876,0.9480511115450876
2021-08-11,0.9596228333080997,0.9354292196096748,0.9690642929285508,0.9794270806124686,0.9866098239407605,0.9594656526990872,0.9594656526990872,0.9508923684494042,0.9508923684494042,0.9933920512800362,0.9933920512800362,0.9508923684494042,0.9508923684494042
2021-08-17,0.9491196407717956,0.9251908292164663,0.9584577624298979,0.9687071281000004,0.9758112553996846,0.9489641805243065,0.9489641805243065,0.9404847319484084,0.9404847319484084,0.9825192504081978,0.9825192504081978,0.9404847319484084,0.9404847319484084
2021-08-20,0.9574685344478685,0.9333292340406726,0.9668887985267033,0.9772283223397321,0.9843949408164382,0.9573117067004128,0.9573117067004128,0.9487576689878551,0.9487576689878551,0.9911619424398184,0.9911619424398184,0.9487576689878551,0.9487576689878551
2021-08-25,0.9518162748417761,0.927819476864375,0.9611809279253501,0.9714594140429436,0.9785837255542813,0.9516603729013942,0.9516603729013942,0.9431568325577756,0.9431568325577756,0.9853107792853245,0.9853107792853245,0.9431568325577756,0.9431568325577756
2021-08-30,0.9504062697787499,0.9264450202654158,0.9597570502184006,0.9700203099547594,0.9771340676275392,0.9502505987889527,0.9502505987889527,0.9417596554509277,0.9417596554509277,0.9838511560112031,0.9838511560112031,0.9417596554509277,0.9417596554509277
2021-09-02,0.9501754153420194,0.9262199860351966,0.959523924469685,0.9697846912521136,0.9768967209875126,0.9500197821648292,0.9500197821648292,0.9415309012836754,0.9415309012836754,0.9836121777850805,0.9836121777850805,0.9415309012836754,0.9415309012836754
2021-09-08,0.9461084714675624,0.9222555762664493,0.9554169670763365,0.9656338156917201,0.9727154044945288,0.9459535044319987,0.9459535044319987,0.9375009576861458,0.9375009576861458,0.9794021177722728,0.9794021177722728,0.9375009576861458,0.9375009576861458
2021-09-13,0.9410028531100529,0.9172786786458228,0.9527912706764788,0.9604228299699877,0.9674662033980456,0.9408487223449227,0.9408487223449227,0.9324417892672008,0.9324417892672008,0.9741168322234337,0.9741168322234337,0.9324417892672008,0.9324417892672008
2021-09-17,0.9253122214367633,0.9019836326841395,0.9448476726096398,0.9444083823773245,0.9513343119763527,0.9251606607053552,0.9251606607053552,0.9168939079575745,0.9168939079575745,0.9578740457423368,0.9578740457423368,0.9168939079575745,0.9168939079575745
2021-09-22,0.9365548166211768,0.912942784211922,0.9505876486134104,0.9558829969840016,0.9628930770145854,0.936401414418415,0.936401414418415,0.9280342201629141,0.9280342201629141,0.9695122689111783,0.9695122689111783,0.9280342201629141,0.9280342201629141
2021-09-27,0.9176816031310797,0.8945453943689688,0.9313841196942361,0.9366202869392034,0.9434891016272232,0.9175312922503326,0.9175312922503326,0.9093327115566806,0.9093327115566806,0.9499749052591046,0.9499749052591046,0.9093327115566806,0.9093327115566806
2021-09-30,0.9285875757438725,0.9051764101140828,0.9368719589730232,0.9477513319150348,0.9547017774264408,0.9284354785285805,0.9284354785285805,0.9201394637181242,0.9201394637181242,0.9612646600762951,0.9612646600762951,0.9201394637181242,0.9201394637181242
2021-10-05,0.9324468044651629,0.9089383415581347,0.9388187883656867,0.9516902055940604,0.9586695372974036,0.932294075130772,0.932294075130772,0.9239635819151926,0.9239635819151926,0.965259695420114,0.965259695420114,0.9239635819151926,0.9239635819151926
2021-10-08,0.925696274843669,0.9023580034955048,0.9319751872739365,0.9448003616988546,0.9517291659241948,0.9255446512065585,0.9255446512065585,0.9172744673200949,0.9172744673200949,0.9582716140248378,0.9582716140248378,0.9172744673200949,0.9172744673200949
2021-10-13,0.9412671530560931,0.9175363151710136,0.9476516813167524,0.9606925844147249,0.9677379361186307,0.9411129790001771,0.9411129790001771,0.932703684662921,0.932703684662921,0.9743904329094917,0.9743904329094917,0.932703684662921,0.932703684662921
2021-10-19,0.9449642294218797,0.9211401823776361,0.9513738346104468,0.964465959313758,0.9715389835048939,0.9448094498064724,0.9448094498064724,0.9363671257355788,0.9363671257355788,0.9782176097411298,0.9782176097411298,0.9363671257355788,0.9363671257355788
2021-10-22,0.950031839514759,0.926080029982269,0.9564758178350633,0.9696381523740678,0.9767491074494236,0.9498762298544496,0.9498762298544496,0.9413886316818102,0.9413886316818102,0.9834635495109231,0.9834635495109231,0.9413886316818102,0.9413886316818102
2021-10-27,0.9591984040795218,0.9350154909151424,0.9657045583615887,0.9789938922119389,0.9861734587023064,0.9590412929895352,0.9590412929895352,0.9504718005967094,0.9504718005967094,0.9929526863468918,0.9929526863468918,0.9504718005967094,0.9504718005967094
2021-11-01,0.9630767656197328,0.938796072809403,0.9696092264703208,0.9829522935640552,0.99016088945484,0.9629190192768033,0.9629190192768033,0.954314877545974,0.954314877545974,0.9969675277953328,0.9969675277953328,0.954314877545974,0.954314877545974
2021-11-04,0.9664182580552627,0.942053320920647,0.9729733839407647,0.9863627461579536,0.9935963530026932,0.9662599643954106,0.9662599643954106,0.9576259697229113,0.9576259697229113,1.0004266076646862,1.0004266076646862,0.9576259697229113,0.9576259697229113
2021-11-09,0.9586433856474589,0.934474465378074,0.9651457752907054,0.9784274195690074,0.9856028317658321,0.9584863654662461,0.9584863654662461,0.9499218316161069,0.9499218316161069,0.9923781367638806,0.9923781367638806,0.9499218316161069,0.9499218316161069
2021-11-12,0.9589718708556079,0.9347946689531107,0.9654764885837162,0.9787626839012791,0.9859405547983924,0.9588147968704387,0.9588147968704387,0.9502473283287065,0.9502473283287065,0.992718181397472,0.992718181397472,0.9502473283287065,0.9502473283287065
2021-11-18,0.9572571592744304,0.933123187970622,0.9637501462720778,0.977012584904306,0.9841776212452351,0.9571003661489921,0.9571003661489921,0.9485482168652865,0.9485482168652865,0.9909431289540996,0.9909431289540996,0.9485482168652865,0.9485482168652865
2021-11-23,0.9598128276966054,0.9356144239382936,0.9649884604074163,0.979620996016321,0.9868051614459624,0.9596556159676228,0.9596556159676228,0.9510806343053297,0.9510806343053297,0.9935887315889849,0.9935887315889849,0.9510806343053297,0.9510806343053297
2021-11-29,0.9411371327822239,0.9174095729144754,0.955600260144602,0.9605598808432423,0.9676042593499474,0.9409829800228682,0.9409829800228682,0.9325748472886164,0.9325748472886164,0.9742558372099271,0.9742558372099271,0.9325748472886164,0.9325748472886164
2021-12-02,0.9329479593658497,0.9094268615488865,0.9514427489942757,0.9522017030952421,0.9591847859254804,0.932795147945216,0.932795147945216,0.9244601774045175,0.9244601774045175,0.9657784860090017,0.9657784860090017,0.9244601774045175,0.9244601774045175
2021-12-07,0.9354184577888084,0.9118350747881114,0.9527024858248935,0.9547231865094234,0.9617247609339101,0.9352652417149784,0.9352652417149784,0.9269081997056953,0.9269081997056953,0.9683359215043689,0.9683359215043689,0.9269081997056953,0.9269081997056953
2021-12-10,0.9271323163151209,0.9037578400837365,0.944215603522885,0.9462660395226864,0.9532055924681904,0.9269804574628138,0.9269804574628138,0.9186974439611081,0.9186974439611081,0.9597581899310517,0.9597581899310517,0.9186974439611081,0.9186974439611081
2021-12-15,0.9189562122155474,0.8957878685367422,0.9400050144788986,0.9379212008099357,0.9447995559023517,0.9188056925612846,0.9188056925612846,0.910595724491667,0.910595724491667,0.9512943679574172,0.9512943679574172,0.910595724491667,0.910595724491667
2021-12-21,0.9281444498827561,0.9047444561587729,0.9447043621554201,0.9472990610296065,0.9542461897594476,0.9279924252488887,0.9279924252488887,0.9197003693312745,0.9197003693312745,0.9608059405743502,0.9608059405743502,0.9197003693312745,0.9197003693312745
2021-12-27,0.9273860955252463,0.904005221117452,0.9438852420548572,0.9465250561094807,0.9534665085834921,0.9272341951053885,0.9272341951053885,0.9189489143365549,0.9189489143365549,0.9600208996555063,0.9600208996555063,0.9189489143365549,0.9189489143365549
2021-12-30,0.9250487921733572,0.9017268448902924,0.9415063556873579,0.9441395165839622,0.9510634744241715,0.9248972745901218,0.9248972745901218,0.9166328753231846,0.9166328753231846,0.9576013463783165,0.9576013463783165,0.9166328753231846,0.9166328753231846
2022-01-04,0.9072859117407883,0.884411794847373,0.9234274554562832,0.9260100541311304,0.9328010574328587,0.9071373036135051,0.9071373036135051,0.8990315981768475,0.8990315981768475,0.9392133885087414,0.9392133885087414,0.8990315981768475,0.8990315981768475
2022-01-07,0.9061568677002161,0.8833112157978555,0.9222783245682226,0.9248577094076014,0.9316402618541934,0.906008444503745,0.906008444503745,0.8979128259628493,0.8979128259628493,0.9380446133019416,0.9380446133019416,0.8979128259628493,0.8979128259628493
2022-01-12,0.8936712511133005,0.8711403814087011,0.9095705761005574,0.912114420503967,0.9188035185473012,0.8935248729878208,0.8935248729878208,0.8855408011258042,0.8855408011258042,0.9251196266902589,0.9251196266902589,0.8855408011258042,0.8855408011258042
2022-01-18,0.8843920184088024,0.8620950928785996,0.9048029377024004,0.9026436873339775,0.9092633306452165,0.8888413403339522,0.8888413403339522,0.8763459891043395,0.8763459891043395,0.9155138569120959,0.9155138569120959,0.8763459891043395,0.8763459891043395
2022-01-24,0.8735944622643368,0.8515697602506855,0.8992795610118821,0.8970883596200471,0.9036672622841633,0.8834154013408316,0.8834154013408316,0.8709525107821875,0.8709525107821875,0.9098793196376892,0.9098793196376892,0.8709525107821875,0.8709525107821875
2022-01-27,0.8952905718499344,0.872718876501138,0.9104465662680912,0.9082281551424638,0.9148887528031254,0.8943854098430695,0.8943854098430695,0.8817677585510453,0.8817677585510453,0.9211779497694328,0.9211779497694328,0.8817677585510453,0.8817677585510453
2022-02-01,0.9039874817460672,0.8811965235045032,0.914868634365891,0.9126394483464589,0.9193323967430328,0.8987294683903123,0.8987294683903123,0.8860505327623206,0.8860505327623206,0.9256521405401986,0.9256521405401986,0.8860505327623206,0.8860505327623206
2022-02-04,0.9010864390476455,0.8783686206938917,0.9134006533233794,0.9111750442140016,0.9178572532311766,0.8972873839506615,0.8972873839506615,0.8846287927048488,0.8846287927048488,0.9241668564860401,0.9241668564860401,0.8846287927048488,0.8846287927048488
2022-02-09,0.8848978592886544,0.8625881807075496,0.905195747174826,0.9029901302931738,0.9096123142844726,0.8892272202680441,0.8892272202680441,0.8766823387647927,0.8766823387647927,0.915865239560891,0.915865239560891,0.8766823387647927,0.8766823387647927
2022-02-14,0.8991685091662299,0.8695004833781599,0.9124947430097727,0.9102713412584027,0.9169469228639984,0.8963974547696034,0.8963974547696034,0.8837514183082914,0.8837514183082914,0.9232502682574922,0.9232502682574922,0.8837514183082914,0.8837514183082914
2022-02-18,0.8895189199477085,0.8648348826568417,0.9075984419581103,0.9053869706254271,0.9120267321263192,0.8915875291956553,0.8915875291956553,0.8790093493462299,0.8790093493462299,0.9182962547751721,0.9182962547751721,0.8790093493462299,0.8790093493462299
2022-02-24,0.9091452853934651,0.8743757508028834,0.9176110781710175,0.9153752098617356,0.9220882212861352,0.9014235328390076,0.9014235328390076,0.8887065903681071,0.8887065903681071,0.9284269093793184,0.9284269093793184,0.8887065903681071,0.8887065903681071
2022-03-01,0.9258701973417243,0.8824183913339522,0.9260514037887846,0.923794969624297,0.9305697283440875,0.9097149629641147,0.9097149629641147,0.8968810481310989,0.8968810481310989,0.9369667206499906,0.9369667206499906,0.8968810481310989,0.8968810481310989
2022-03-04,0.8985764854791793,0.8694119929292793,0.9124018769666206,0.9101787014943876,0.9168536037154124,0.8963062269731106,0.8963062269731106,0.8836614775190682,0.8836614775190682,0.9231563076074075,0.9231563076074075,0.8836614775190682,0.8836614775190682
2022-03-09,0.8945190449053445,0.8674491174520689,0.9103419430294035,0.9081237868307158,0.9147836190941266,0.8942826322593215,0.8942826322593215,0.8816664309145997,0.8816664309145997,0.9210720933423967,0.9210720933423967,0.8816664309145997,0.8816664309145997
2022-03-14,0.914190011193136,0.876986959291747,0.9203514032939354,0.9181088578572242,0.9248419168097044,0.9041155159810941,0.9041155159810941,0.8913605960295715,0.8913605960295715,0.9311995345634392,0.9311995345634392,0.8913605960295715,0.8913605960295715
2022-03-17,0.924202897873655,0.8817896649307096,0.9253915887010215,0.923136762254313,0.9299066939331843,0.9090667876515222,0.9090667876515222,0.8962420170308115,0.8962420170308115,0.9362991283581509,0.9362991283581509,0.8962420170308115,0.8962420170308115
2022-03-23,0.9381347189669409,0.8884358980695515,0.9323664586590555,0.9300946371138009,0.9369155951837281,0.9159186141695669,0.9159186141695669,0.9029971805702716,0.9029971805702716,0.943356210723991,0.943356210723991,0.9029971805702716,0.9029971805702716
2022-03-28,0.9497403031036019,0.8939312802127635,0.9381335714006477,0.9358476976006614,0.9427108464141848,0.921583989474504,0.921583989474504,0.9085826309018701,0.9085826309018701,0.9491913001056392,0.9491913001056392,0.9085826309018701,0.9085826309018701
2022-03-31,0.9524320043536519,0.8951980454203389,0.9394629744483025,0.937173861399995,0.9440467357912264,0.9228899405689182,0.9228899405689182,0.9098701581318825,0.9098701581318825,0.9505363727537526,0.9505363727537526,0.9098701581318825,0.9098701581318825
2022-04-05,0.9429083040411932,0.8862018875537924,0.9347659652222379,0.9324882969944287,0.9393268092497344,0.9182757911203567,0.9182757911203567,0.9053211033596325,0.9053211033596325,0.9457840001387953,0.9457840001387953,0.9053211033596325,0.9053211033596325
2022-04-08,0.9267918596736545,0.8710546846307131,0.926777328569763,0.9245191256033817,0.9312991950059482,0.9104280817311083,0.9104280817311083,0.8975841064880805,0.8975841064880805,0.9377012018663563,0.9377012018663563,0.8975841064880805,0.8975841064880805
2022-04-13,0.9152516072407925,0.8602084618909006,0.9210072928227321,0.918763149233332,0.9255010065083311,0.9047598349853704,0.9047598349853704,0.8919958252248826,0.8919958252248826,0.9318631550259653,0.9318631550259653,0.8919958252248826,0.8919958252248826
2022-04-19,0.9145727748735919,0.8595704544382485,0.9206657421737905,0.9184224308130875,0.9251577893896044,0.9044243096196283,0.9044243096196283,0.8916650333241747,0.8916650333241747,0.9315175785383477,0.9315175785383477,0.8916650333241747,0.8916650333241747
2022-04-25,0.8880860049626109,0.8346765963719727,0.9073341285789892,0.9051233012772273,0.9117611291280406,0.891327878559725,0.891327878559725,0.8787533617633255,0.8787533617633255,0.9180288259488179,0.9180288259488179,0.8787533617633255,0.8787533617633255
2022-04-28,0.8552661725148086,0.8192118371324791,0.890568548495679,0.8883985725198076,0.8949137476113928,0.8748580594955134,0.8748580594955134,0.862515892681021,0.862515892681021,0.901065630897027,0.901065630897027,0.862515892681021,0.862515892681021
2022-05-03,0.8813114767098005,0.831685510349038,0.9041287298155246,0.9019257128483199,0.9085400908094896,0.8881790261251192,0.8881790261251192,0.8756489321486279,0.8756489321486279,0.9147856453267799,0.9147856453267799,0.8756489321486279,0.8756489321486279
2022-05-06,0.8530943036015849,0.8183713673716165,0.8896548703710978,0.8874871206804275,0.8939956115330857,0.8739604995351659,0.8739604995351659,0.861630995157324,0.861630995157324,0.9001411832987447,0.9001411832987447,0.861630995157324,0.861630995157324
2022-05-11,0.8522038857939311,0.8179442795129207,0.8891905814080253,0.8870239630125231,0.893529057244121,0.8735044010776526,0.8735044010776526,0.861181331164448,0.861181331164448,0.8996714217872518,0.8996714217872518,0.861181331164448,0.861181331164448
2022-05-16,0.8697341278251033,0.8263570322748469,0.8983361194440316,0.8961472168595602,0.9027192175428985,0.8824886029930896,0.8824886029930896,0.8700387873552134,0.8700387873552134,0.9089247577760723,0.9089247577760723,0.8700387873552134,0.8700387873552134
2022-05-19,0.8701137486130832,0.8265373760705592,0.898532171924108,0.8963427916344981,0.9029162265883786,0.8826811969181374,0.8826811969181374,0.8702286642379655,0.8702286642379655,0.9091231211159267,0.9091231211159267,0.8702286642379655,0.8702286642379655
2022-05-25,0.8874999961658091,0.834795137457992,0.9075092182011388,0.9052979642727301,0.9119370730350994,0.8914998794318988,0.8914998794318988,0.8789229361122094,0.8789229361122094,0.9182059793426945,0.9182059793426945,0.8789229361122094,0.8789229361122094
2022-05-31,0.8803215591411189,0.8314190674024152,0.903839078595321,0.9016367673976949,0.9082490263435252,0.8878944846320856,0.8878944846320856,0.8753684048594236,0.8753684048594236,0.9144925800036064,0.9144925800036064,0.8753684048594236,0.8753684048594236
2022-06-03,0.8830018412150017,0.8326847626470125,0.9052150210875151,0.903009357242687,0.9096316822370745,0.8892461541703055,0.8892461541703055,0.8767010055547177,0.8767010055547177,0.915884740654127,0.915884740654127,0.8767010055547177,0.8767010055547177
2022-06-08,0.8620014587043815,0.8227829154989416,0.8944506824361711,0.8922712471801575,0.898814822985415,0.878671708845266,0.878671708845266,0.866275740507274,0.866275740507274,0.9049935233363288,0.9049935233363288,0.866275740507274,0.866275740507274
2022-06-13,0.8594037739020494,0.8215431666251852,0.8931029463501484,0.8909267950130801,0.8974605111207405,0.8773477481249806,0.8773477481249806,0.8649704577243845,0.8649704577243845,0.9036299015593348,0.9036299015593348,0.8649704577243845,0.8649704577243845
2022-06-16,0.8612563956505065,0.8224286693329961,0.894065579976079,0.8918870830679199,0.8984278415606191,0.8782933999643695,0.8782933999643695,0.8659027686650715,0.8659027686650715,0.9046038816947629,0.9046038816947629,0.8659027686650715,0.8659027686650715
2022-06-22,0.8696990248245852,0.8264596758441668,0.8984477036892762,0.8962585292165466,0.9028313462221055,0.8825982187845184,0.8825982187845184,0.8701468567284905,0.8701468567284905,0.9090376572586659,0.9090376572586659,0.8701468567284905,0.8701468567284905
2022-06-28,0.8689908804441786,0.82612320727379,0.8980819273262493,0.8958936441110446,0.9024637851889015,0.8822388950696762,0.8822388950696762,0.869792602216796,0.869792602216796,0.9086675695098062,0.9086675695098062,0.869792602216796,0.869792602216796
2022-07-01,0.8706320460252275,0.826903310381886,0.8989299806149882,0.8967396310172845,0.9033159762393058,0.8830719878796438,0.8830719878796438,0.8706139420683024,0.8706139420683024,0.9095256187559229,0.9095256187559229,0.8706139420683024,0.8706139420683024
2022-07-07,0.8699157015194787,0.8265631278410056,0.8985601667793924,0.8963707182769948,0.9029443580341822,0.8827086979171469,0.8827086979171469,0.870255777263276,0.870255777263276,0.9091514459450276,0.9091514459450276,0.870255777263276,0.870255777263276
2022-07-12,0.8653471678016126,0.8243926982735827,0.8962006838936986,0.8940169845514145,0.9005733629263626,0.8803908385875335,0.8803908385875335,0.8679706174169537,0.8679706174169537,0.9067641519645926,0.9067641519645926,0.8679706174169537,0.8679706174169537
2022-07-15,0.8582019502426272,0.8209891711099311,0.8925006955530653,0.8903260116715493,0.896855321864136,0.8767561216134049,0.8767561216134049,0.864387177656004,0.864387177656004,0.903020552065297,0.903020552065297,0.864387177656004,0.864387177656004
2022-07-20,0.8669413140351393,0.8293085349946616,0.8970450153727203,0.8948592587165685,0.9014218140078588,0.8812202752441005,0.8812202752441005,0.8687883526946898,0.8687883526946898,0.907618435532226,0.907618435532226,0.8687883526946898,0.8687883526946898
2022-07-25,0.856684503553665,0.8194969591285649,0.8917385312041413,0.8895657044265278,0.896089438816791,0.876007402579432,0.876007402579432,0.863649021267153,0.863649021267153,0.9022494041271955,0.9022494041271955,0.863649021267153,0.863649021267153
2022-07-29,0.8541476282033316,0.8170702061913254,0.8904181912835695,0.8882485816708924,0.8947626567870015,0.8747103547297891,0.8747103547297891,0.8623702716782999,0.8623702716782999,0.9009135014327446,0.9009135014327446,0.8623702716782999,0.8623702716782999
2022-08-03,0.8535705448912071,0.8165181733046698,0.890117396981721,0.8879485202900635,0.8944603948708558,0.8744148667298288,0.8744148667298288,0.8620789523113512,0.8620789523113512,0.9006091616850372,0.9006091616850372,0.8620789523113512,0.8620789523113512
2022-08-08,0.8501810454603932,0.8132758075737645,0.8883500841166715,0.8861855136925838,0.8926844590577903,0.8726787309699815,0.8726787309699815,0.8603673092985593,0.8603673092985593,0.898821017600645,0.898821017600645,0.8603673092985593,0.8603673092985593
2022-08-11,0.8645738265309095,0.8270438170005306,0.8958695579645871,0.893686665449933,0.9002406213910221,0.8800655540394992,0.8800655540394992,0.8676499218603683,0.8676499218603683,0.9064291230724033,0.9064291230724033,0.8676499218603683,0.8676499218603683
2022-08-16,0.8584369995103528,0.8211733815471255,0.8926900744193409,0.8905149290937386,0.8970456247343904,0.8769421596536423,0.8769421596536423,0.8645705911418907,0.8645705911418907,0.9032121631298325,0.9032121631298325,0.8645705911418907,0.8645705911418907
2022-08-19,0.8405621693143017,0.8040744741549181,0.8833960414809613,0.8812435421697836,0.8877062450074077,0.8678120824292751,0.8678120824292751,0.8555693175959137,0.8555693175959137,0.8938085819374081,0.8938085819374081,0.8555693175959137,0.8555693175959137
2022-08-25,0.8121100604923337,0.7768574338516587,0.8684450472400381,0.8663289778009607,0.8726823029321326,0.8531248381612881,0.8531248381612881,0.8410892754184067,0.8410892754184067,0.8786813611513254,0.8786813611513254,0.8410892754184067,0.8410892754184067
2022-08-30,0.8059307105029188,0.7709463212953903,0.8651410456308124,0.8630330267838296,0.8693621806717846,0.8498791223303171,0.8498791223303171,0.8378893489195263,0.8378893489195263,0.8753384154572174,0.8753384154572174,0.8378893489195263,0.8378893489195263
2022-09-02,0.8028899918664388,0.768037596244541,0.8635089881435181,0.8614049459983228,0.8677221601649534,0.8482758559127783,0.8482758559127783,0.8363087007785851,0.8363087007785851,0.873687120998264,0.873687120998264,0.8363087007785851,0.8363087007785851
2022-09-08,0.8153629664236275,0.779969135426706,0.8702163364403751,0.8680959510449151,0.8744622344815397,0.8548648801100295,0.8548648801100295,0.8428047695130563,0.8428047695130563,0.88047352843985,0.88047352843985,0.8428047695130563,0.8428047695130563
2022-09-13,0.8184741698941107,0.7814182120855198,0.8718765909512465,0.8697521601486042,0.8761305895888725,0.8564958461284266,0.8564958461284266,0.844412726479357,0.844412726479357,0.8821533522791435,0.8821533522791435,0.844412726479357,0.844412726479357
2022-09-16,0.8248214401311752,0.784448162658616,0.8752572940569131,0.8731246257698759,0.8795277875821814,0.8598169103673893,0.8598169103673893,0.8476869383993704,0.8476869383993704,0.8855739035460041,0.8855739035460041,0.8476869383993704,0.8476869383993704
2022-09-21,0.8178931677542937,0.7811535886623467,0.8715813342442571,0.8694576228696274,0.8758338922862273,0.8562057980348058,0.8562057980348058,0.8441267702746054,0.8441267702746054,0.8818546153976206,0.8818546153976206,0.8441267702746054,0.8441267702746054
2022-09-27,0.8339862671431135,0.788838689135061,0.8801560757816793,0.878011471031501,0.8844504710964892,0.8646292728529726,0.8646292728529726,0.8524314098940391,0.8524314098940391,0.8905304269409852,0.8905304269409852,0.8524314098940391,0.8524314098940391
2022-09-30,0.8560044691675065,0.7992518160091591,0.891774644967443,0.8896017301943588,0.8961257287838142,0.8760428792610827,0.8760428792610827,0.8636839974571893,0.8636839974571893,0.9022859435614351,0.9022859435614351,0.8636839974571893,0.8636839974571893
2022-10-05,0.8471741957197584,0.7951294005643929,0.8871750112900106,0.8850133040703425,0.8915036528988488,0.871524387562464,0.871524387562464,0.8592292509315034,0.8592292509315034,0.8976320942553354,0.8976320942553354,0.8592292509315034,0.8592292509315034
2022-10-10,0.8418089187345582,0.7926115656877771,0.8843657073157112,0.8822108452986313,0.8886806419671618,0.8687646424225304,0.8687646424225304,0.8565084392328438,0.8565084392328438,0.8947896771699133,0.8947896771699133,0.8565084392328438,0.8565084392328438
2022-10-13,0.8226250355229024,0.7835802003921829,0.8742888549160945,0.8721585463459745,0.8785546233015571,0.8588655554280001,0.8588655554280001,0.8467490048158621,0.8467490048158621,0.8845940494664039,0.8845940494664039,0.8467490048158621,0.8467490048158621
2022-10-18,0.8167955622207627,0.7808038079527235,0.871191062290046,0.8690683018593567,0.8754417161446819,0.8558224108546574,0.8558224108546574,0.8437487917758774,0.8437487917758774,0.8814597433293933,0.8814597433293933,0.8437487917758774,0.8437487917758774
2022-10-21,0.8267902342850154,0.7855809384661346,0.8765212020310253,0.8743854540821877,0.8807978623267468,0.8610585217845907,0.8610585217845907,0.8489110336320165,0.8489110336320165,0.8868527091337524,0.8868527091337524,0.8489110336320165,0.8489110336320165
2022-10-27,0.8464601704362921,0.7949257071030378,0.8869477379068996,0.884786584465806,0.8912752706195107,0.8713011235012535,0.8713011235012535,0.8590091365952764,0.8590091365952764,0.8974021420133829,0.8974021420133829,0.8590091365952764,0.8590091365952764
2022-11-01,0.8252170328763975,0.7849508041272827,0.8758181222068,0.8736840873954073,0.8800913520851373,0.8603678449672573,0.8603678449672573,0.848230100622152,0.848230100622152,0.886141342146386,0.886141342146386,0.848230100622152,0.848230100622152
2022-11-04,0.8331106488023545,0.7887050287262071,0.8800069426032937,0.8778627012338062,0.8843006102780404,0.8644827705278353,0.8644827705278353,0.8522869743683281,0.8522869743683281,0.8903795359380448,0.8903795359380448,0.8522869743683281,0.8522869743683281
2022-11-09,0.8788935367407346,0.8103763361320827,0.904186959565099,0.9019838007141981,0.9085986046695426,0.8882362286456931,0.8882362286456931,0.8757053276776634,0.8757053276776634,0.9148445614272035,0.9148445614272035,0.8757053276776634,0.8757053276776634
2022-11-14,0.8863897566982586,0.8138322491693694,0.9080429353165876,0.9058303809230771,0.9124733942253744,0.8920241812621508,0.8920241812621508,0.8794398412904219,0.8794398412904219,0.9187459873523699,0.9187459873523699,0.8794398412904219,0.8794398412904219
2022-11-17,0.8904143646523617,0.8156798312959461,0.9101043968759784,0.9078868194866899,0.9145449139223,0.8940492766493836,0.8940492766493836,0.8814363673974003,0.8814363673974003,0.9208317472455528,0.9208317472455528,0.8814363673974003,0.8814363673974003
2022-11-22,0.8960255350494878,0.8182499372514399,0.9129720229233403,0.9107474582228099,0.917426531487986,0.8968663150047034,0.8968663150047034,0.8842136640404197,0.8842136640404197,0.9237331738430984,0.9237331738430984,0.8842136640404197,0.8842136640404197
2022-11-29,0.9242509472260787,0.8311376512947211,0.9273516419435082,0.9250920395944231,0.931876310528914,0.9109922636624667,0.9109922636624667,0.8981403291540071,0.8981403291540071,0.9382822846401874,0.9382822846401874,0.8981403291540071,0.8981403291540071
2022-12-02,0.907624360423355,0.8236618773473218,0.919010458946781,0.9167711808801376,0.9234944298216708,0.9027982271868465,0.9027982271868465,0.8900618910477093,0.8900618910477093,0.9298427845791655,0.9298427845791655,0.8900618910477093,0.8900618910477093
2022-12-07,0.9147348288344284,0.8268882240694128,0.9226102933731836,0.9203622438826722,0.9271118283057675,0.9063345570584859,0.9063345570584859,0.893548331714222,0.893548331714222,0.933485050055563,0.933485050055563,0.893548331714222,0.893548331714222
2022-12-12,0.9216593653410571,0.8331064179571565,0.9261023702333129,0.923845811883034,0.93062094346049,0.909765030311356,0.909765030311356,0.8969304091471303,0.8969304091471303,0.9405048513583184,0.9405048513583184,0.8969304091471303,0.8969304091471303
2022-12-15,0.9107782682398323,0.8232707756685428,0.9206355946570379,0.9183923567543384,0.9251274947792194,0.9043946939341776,0.9043946939341776,0.8916358354456199,0.8916358354456199,0.9349060327978277,0.9349060327978277,0.8916358354456199,0.8916358354456199
2022-12-20,0.9243965663621854,0.8355806289549441,0.9275184389382917,0.9252584301685306,0.9320439213478052,0.9111561181972271,0.9111561181972271,0.8983018720909268,0.8983018720909268,0.9418955655496537,0.9418955655496537,0.8983018720909268,0.8983018720909268
2022-12-23,0.9207511881469792,0.8338912846183657,0.9256895942440639,0.923434041671478,0.9302061534838096,0.9093595360890745,0.9093595360890745,0.8965306354840634,0.8965306354840634,0.9400383725977336,0.9400383725977336,0.8965306354840634,0.8965306354840634
2022-12-30,0.9168748112333976,0.8303388946939291,0.9237410104037911,0.9214902057870222,0.9282480622509908,0.9074453271490159,0.9074453271490159,0.8946434314801766,0.8946434314801766,0.9380595844667337,0.9380595844667337,0.8946434314801766,0.8946434314801766
2023-01-05,0.9379005907490109,0.8493802319726651,0.9343326280250411,0.932056015674749,0.9388913577443143,0.9178500984096869,0.9178500984096869,0.9049014161608165,0.9049014161608165,0.9488153789077288,0.9488153789077288,0.9049014161608165,0.9049014161608165
2023-01-10,0.9497631028166021,0.8601231436960735,0.9402413203664329,0.9379503107859094,0.9448288793597471,0.9236545557135944,0.9236545557135944,0.9106239863751158,0.9106239863751158,0.9548156597441128,0.9548156597441128,0.9106239863751158,0.9106239863751158
2023-01-13,0.9480232196195141,0.858547473088629,0.9384718681785968,0.9370911891899028,0.9439634572947888,0.92280852840603,0.92280852840603,0.9097898945010153,0.9097898945010153,0.9539410902236825,0.9539410902236825,0.9097898945010153,0.9097898945010153
2023-01-19,0.9656841010718736,0.874541496050985,0.947166418458016,0.9458198026140421,0.9527560830288576,0.9314041048044361,0.9314041048044361,0.9182642077566472,0.9182642077566472,0.9628266534452966,0.9628266534452966,0.9182642077566472,0.9182642077566472
2023-01-24,0.9660460560107933,0.8748692891806787,0.9473439255551916,0.9459970573438778,0.9529346376770368,0.9315786579090642,0.9315786579090642,0.9184362983320548,0.9184362983320548,0.9630070954046037,0.9630070954046037,0.9184362983320548,0.9184362983320548
2023-01-27,0.9539253063720433,0.8638925127062953,0.9354104598939388,0.9400624575286226,0.9469565157782361,0.919843783567205,0.919843783567205,0.9126745976543498,0.9126745976543498,0.9508763245255708,0.9508763245255708,0.9068669751617282,0.9068669751617282
2023-02-02,0.9437861027645752,0.8547102612000331,0.9254680492606675,0.9350665293375205,0.9419239493619985,0.9149093146040316,0.9149093146040316,0.9078242212615819,0.9078242212615819,0.9457753826102037,0.9457753826102037,0.9020021198215001,0.9020021198215001
2023-02-07,0.9334660926820566,0.8453642679846438,0.9153483414461084,0.9299541972199348,0.9367741253574347,0.9099071889509591,0.9099071889509591,0.90286083226426,0.90286083226426,0.9353863315966995,0.9353863315966995,0.8970705622663805,0.8970705622663805
2023-02-10,0.9444240149628877,0.8552879663601805,0.9206751933796945,0.9354125453579961,0.9422725029315288,0.9152478715624969,0.9152478715624969,0.9081601564217836,0.9081601564217836,0.9463667954877212,0.9463667954877212,0.902335900546367,0.902335900546367
2023-02-15,0.9314203623345271,0.8435116165050767,0.9079525014574006,0.9289727579260109,0.9357854885633802,0.9089469065287388,0.9089469065287388,0.9019079863064935,0.9019079863064935,0.9333363929645275,0.9333363929645275,0.8961238271455942,0.8961238271455942
2023-02-21,0.9301366741837143,0.8423490846226229,0.9072814315178958,0.9283326005008561,0.935140636468693,0.9083205489673126,0.9083205489673126,0.9012864792824022,0.9012864792824022,0.9326465617280267,0.9326465617280267,0.8955063059998869,0.8955063059998869
2023-02-24,0.9333044433018163,0.8452178752971449,0.9088263969944542,0.9299134129904693,0.9367330420320407,0.9098672839064984,0.9098672839064984,0.9028212362460168,0.9028212362460168,0.9342347202526536,0.9342347202526536,0.8970312201872032,0.8970312201872032
2023-03-02,0.9482724747383733,0.8587732031636129,0.9161141272620077,0.9373702365911772,0.9442445511228974,0.9171633608759954,0.9171633608759954,0.9100608121114836,0.9100608121114836,0.9491709594307005,0.9491709594307005,0.9042243668606692,0.9042243668606692
2023-03-07,0.9498203067303067,0.8601749486250517,0.9168617977850972,0.9381352549161487,0.9450151797994494,0.917911887712749,0.917911887712749,0.9115007695024693,0.9115007695024693,0.9507202579877702,0.9507202579877702,0.9056550894484812,0.9056550894484812
2023-03-10,0.9484664733711543,0.8589488919363244,0.9162083699320716,0.9374666659238399,0.9443416876313769,0.9172577114830229,0.9172577114830229,0.9108055873015122,0.9108055873015122,0.949995163919223,0.949995163919223,0.9049643656230538,0.9049643656230538
2023-03-15,0.9651076376277326,0.8740194400263513,0.9242459624065317,0.9456907503858115,0.9526260843809806,0.9253045094832454,0.9253045094832454,0.9187957829539855,0.9187957829539855,0.95832915674321,0.95832915674321,0.9129033181730352,0.9129033181730352
2023-03-20,0.9777799912111319,0.8854957592999232,0.9303138719209741,0.9518994503806103,0.9588803166051284,0.931379368628132,0.931379368628132,0.9248279106559011,0.9248279106559011,0.9646208310860749,0.9646208310860749,0.9188967603468964,0.9188967603468964
2023-03-23,0.9841963296505438,0.8913065148169129,0.9333663012561924,0.9550227036118238,0.9620264745800978,0.93443529393767,0.93443529393767,0.9278623401422481,0.9278623401422481,0.9677858241180394,0.9677858241180394,0.9219117292858505,0.9219117292858505
2023-03-28,0.998501520557569,0.9042615619624945,0.9401494921315304,0.9619632812608795,0.9690179517690886,0.9412262536615223,0.9412262536615223,0.9346055312674816,0.9346055312674816,0.9748191570791757,0.9748191570791757,0.9286116746572899,0.9286116746572899
2023-04-03,0.9929617046478616,0.8992446015629756,0.9348864133673125,0.9592947327507543,0.9663298331455912,0.9386152310104218,0.9386152310104218,0.9320128749295499,0.9320128749295499,0.972114945536033,0.972114945536033,0.923413186091378,0.923413186091378
2023-04-06,0.9939809914247684,0.9001676866399605,0.9358460851800267,0.9597870963694479,0.9668258075706095,0.9390969807541903,0.9390969807541903,0.9324912359755378,0.9324912359755378,0.9726138892037395,0.9726138892037395,0.9238409626375893,0.9238409626375893
2023-04-12,1.0071834958933354,0.912124120422752,0.942014458069103,0.9661612592246789,0.9732467160964761,0.9453337358791819,0.9453337358791819,0.9386841208576823,0.9386841208576823,0.9790732376868512,0.9790732376868512,0.9360656435162976,0.9360656435162976
2023-04-17,1.0078403830104063,0.9127190096225041,0.9425817410847369,0.9667430834929021,0.9735640928367335,0.9456420101683077,0.9456420101683077,0.9392493983374987,0.9392493983374987,0.979392514461703,0.979392514461703,0.9366761474259285,0.9366761474259285
2023-04-20,1.008623437845707,0.9134281586562241,0.9433140923602613,0.9670703082128018,0.9739423045472495,0.9460093746642183,0.9460093746642183,0.9399791605055164,0.9399791605055164,0.9797729904066218,0.9797729904066218,0.9374039102728209,0.9374039102728209
2023-04-25,1.0043513319528332,0.9095592600436291,0.9393186094658617,0.9650222560817888,0.9718796989689664,0.9440059251742636,0.9440059251742636,0.9379414827866688,0.9379414827866688,0.9776980366583058,0.9776980366583058,0.9353718151564819,0.9353718151564819
2023-04-28,1.0033370604405263,0.9086407168836141,0.9383700130173375,0.964534979094172,0.9713889593937338,0.9435292601433667,0.9435292601433667,0.936947379992842,0.936947379992842,0.9766617967994253,0.9766617967994253,0.9343804358947915,0.9343804358947915
2023-05-04,1.0219114698963665,0.9254620478092696,0.9470089437343032,0.973463019501804,0.9803804424077969,0.9522628649818914,0.9522628649818914,0.9542927417468698,0.9542927417468698,0.9856532537720616,0.9856532537720616,0.9516782767581761,0.9516782767581761
2023-05-09,1.0266862504151606,0.9297861779192986,0.9513863991424856,0.9757372244589885,0.9826708078530004,0.9544875421239083,0.9544875421239083,0.9587515804298152,0.9587515804298152,0.9879559375627007,0.9879559375627007,0.9561248996114113,0.9561248996114113
2023-05-12,1.0302283039852285,0.9329939275600161,0.9546686692520092,0.977420364521469,0.9843659082995827,0.9561340266291787,0.9561340266291787,0.9620592603143918,0.9620592603143918,0.9913149742844484,0.9913149742844484,0.9594235174829664,0.9594235174829664
2023-05-17,1.0401529229125224,0.9419818471858831,0.963865390704431,0.9821283135324446,0.9891073119705467,0.9652970577790365,0.9652970577790365,0.9713271784128947,0.9713271784128947,1.0008647248772398,1.0008647248772398,0.9686660443714908,0.9686660443714908
2023-05-22,1.0284795140159648,0.9314101908139092,0.9530481401068673,0.9710569957282269,0.9779573214424102,0.9544637398948292,0.9544637398948292,0.9604261858028813,0.9604261858028813,0.9896322388395927,0.9896322388395927,0.9577949170871517,0.9577949170871517
2023-05-25,1.0417990745779702,0.9434726327736643,0.9591718222999516,0.9772963913924837,0.9842410542182191,0.9668247421457403,0.9668247421457403,0.9728644060812667,0.9728644060812667,1.0024486988270809,1.0024486988270809,0.9701990605146747,0.9701990605146747
2023-05-31,1.0516971944208027,0.95243655433542,0.9682369430718979,0.9819390317249728,0.9889166851275835,0.9713692957375379,0.9713692957375379,0.9821075785098076,0.9821075785098076,1.0119729512471567,1.0119729512471567,0.9794169095286682,0.9794169095286682
2023-06-06,1.048060708871646,0.9491432853367926,0.964889040585974,0.9784946541565286,0.9854478318309282,0.9679619939552305,0.9679619939552305,0.9787117151035777,0.9787117151035777,1.008473821428355,1.008473821428355,0.9760303497308528,0.9760303497308528
2023-06-09,1.0575684249358008,0.9577536499700559,0.9736422463436661,0.9873712862669237,0.9943875412406746,0.9767430766935841,0.9767430766935841,0.9875903163306812,0.9875903163306812,1.0176224162293153,1.0176224162293153,0.9848846263549897,0.9848846263549897
2023-06-14,1.0706798551371115,0.9696276052012696,0.9857131838385684,0.9996124324636372,1.006715672955482,0.988852457394373,0.988852457394373,0.9998341779993445,0.9998341779993445,1.0302386072644152,1.0302386072644152,0.9970949436548668,0.9970949436548668
2023-06-20,1.0651942657071225,0.9646597533110922,0.98066291806928,0.9944909543978097,1.0015578016944582,0.9837861076708073,0.9837861076708073,0.9947115638283021,0.9947115638283021,1.0249602171020706,1.0249602171020706,0.9919863638517022,0.9919863638517022
2023-06-23,1.0608420762739157,0.9607183295537898,0.9766561083004295,0.9904276457953393,0.9974656192432254,0.9797665371190468,0.9797665371190468,0.9906473538559472,0.9906473538559472,1.0207724166510725,1.0207724166510725,0.98793328854926,0.98793328854926
2023-06-28,1.0650232358797467,0.9645048655160705,0.9805054607725306,0.9943312768425193,1.001396989471331,0.9836281489081793,0.9836281489081793,0.9945518508514984,0.9945518508514984,1.024795647337999,1.024795647337999,0.9918270884387276,0.9918270884387276
2023-07-03,1.0634394185085179,0.9630705310253519,0.9790473314763435,0.9928525868985215,0.9999077919646581,0.982165375799963,0.982165375799963,0.9930728328874769,0.9930728328874769,1.0232716532188728,1.0232716532188728,0.9903521225234281,0.9903521225234281
2023-07-10,1.070212075879299,0.9692039755986956,0.9852825264582697,0.9991757025116217,1.00627583960281,0.988420428467718,0.988420428467718,0.999397351166864,0.999397351166864,1.0297884967586806,1.0297884967586806,0.9966593135918992,0.9966593135918992
2023-07-13,1.0695456642167078,0.9686004607932417,0.9846689996803742,0.9985535245749876,1.0056492404731523,0.9878049477457937,0.9878049477457937,0.9987750352115584,0.9987750352115584,1.0291472565038662,1.0291472565038662,0.9960387025885501,0.9960387025885501
2023-07-18,1.0719240940187973,0.9707544110913389,0.986858682806946,1.000774083772495,1.0078855789522032,0.990001604517892,0.990001604517892,1.0009960869990666,1.0009960869990666,1.0314358493031273,1.0314358493031273,0.9982536693856957,0.9982536693856957
2023-07-21,1.076712498189735,0.9750908790343239,0.9912670903231557,1.0052446529327945,1.0123879159525673,0.9944240518150093,0.9944240518150093,1.0054676478724753,1.0054676478724753,1.0360433879809277,1.0360433879809277,1.0027129795745535,1.0027129795745535
2023-07-26,1.0695738137447799,0.9686259535298062,0.9846949153271536,0.9985798056505993,1.0056757083019439,0.9878309459280468,0.9878309459280468,0.9988013221171409,0.9988013221171409,1.0291743427803632,1.0291743427803632,0.9960649174761957,0.9960649174761957
2023-07-31,1.066513109699234,0.9658541229777757,0.9818771016594664,0.9957222588299135,1.002797855769139,0.9850041581611214,0.9850041581611214,0.9959431414025277,0.9959431414025277,1.0262292462998397,1.0262292462998397,0.9932145672868321,0.9932145672868321
2023-08-03,1.061689549532176,0.9614858171103513,0.9774363280454913,0.991218867187124,0.9982624630499035,0.9805492416875374,0.9805492416875374,0.9914387507655682,0.9914387507655682,1.021587879522719,1.021587879522719,0.988722517277754,0.988722517277754
2023-08-09,1.062070488096205,0.9618308021642831,0.9777870362081547,0.9915745205813493,0.998620643715208,0.9809010667763807,0.9809010667763807,0.9917944830549231,0.9917944830549231,1.021954429443104,1.021954429443104,0.989077274971395,0.989077274971395
2023-08-14,1.0496985729716657,0.9506265655510666,0.9663969275878439,0.9800238034248275,0.9869878472255853,0.9694746832361686,0.9694746832361686,0.9802412035853684,0.9802412035853684,1.010049820847039,1.010049820847039,0.9775556478904169,0.9775556478904169
2023-08-17,1.0502036360107023,0.9510839600398739,0.9668619099949185,0.9804953424106192,0.9874627369648376,0.9696594411374458,0.9696594411374458,0.9807128471733655,0.9807128471733655,1.0105358068674364,1.0105358068674364,0.9780259993218314,0.9780259993218314
2023-08-22,1.0619005380401922,0.9616768922303053,0.9776305729946159,0.9914158511265416,0.99846084675612,0.9804107793581991,0.9804107793581991,0.9916357784022307,0.9916357784022307,1.021790898665747,1.021790898665747,0.9889190051200374,0.9889190051200374
2023-08-25,1.0686344561171914,0.9677752537781521,0.983830102943311,0.9977027988043777,1.0047924694498573,0.986627939660415,0.986627939660415,0.9979241207231659,0.9979241207231659,1.0282704661553137,1.0282704661553137,0.9951901193409193,0.9951901193409193
2023-08-30,1.067070634230203,0.9663590275701343,0.9823903823360876,0.9962427771247953,1.0033220728641847,0.9851841247454801,0.9851841247454801,0.996463775164769,0.996463775164769,1.0267657122598046,1.0267657122598046,0.9937337746746667,0.9937337746746667
2023-09-06,1.0637945122417871,0.9633921105195019,0.9793742457941038,0.9931841109379091,1.0002416718120608,0.982159410851029,0.982159410851029,0.9934044304693429,0.9934044304693429,1.0236133345080614,1.0236133345080614,0.9906828116311642,0.9906828116311642
2023-09-11,1.0579589974230916,0.9581073596842079,0.9740018239037742,0.987735934123331,0.99475478028276,0.9767717107544526,0.9767717107544526,0.9879550450774731,0.9879550450774731,1.0179982361846565,1.0179982361846565,0.9852483558585754,0.9852483558585754
2023-09-14,1.0452123192633138,0.9465637306908764,0.9622666925739415,0.9758353291946104,0.9827696097203378,0.965003206811588,0.965003206811588,0.9760518002195864,0.9760518002195864,1.0057330199376433,1.0057330199376433,0.973377722185466,0.973377722185466
2023-09-19,1.0356033452751454,0.9378616649969292,0.9534202644863536,0.9668641602539537,0.9737346917021298,0.9561316210659405,0.9561316210659405,0.9670786411909736,0.9670786411909736,0.996486991882373,0.996486991882373,0.9644291468187549,0.9644291468187549
2023-09-22,1.039958371187966,0.9418056575229649,0.9574296856383712,0.970930117061929,0.9778295411770013,0.9601524442940684,0.9601524442940684,0.9711454999562888,0.9711454999562888,1.0006775216747263,1.0006775216747263,0.9684848636572895,0.9684848636572895
2023-09-27,1.0459876087782332,0.9472658473059243,0.9629804569102005,0.9765591581096251,0.9834985821596739,0.9657190009658627,0.9657190009658627,0.9767757897026627,0.9767757897026627,1.0064790255585065,1.0064790255585065,0.9740997281627763,0.9740997281627763
2023-10-02,1.0319861353949724,0.9345858524029084,0.950090107997007,0.963487046217762,0.9703335799120202,0.9527919942076025,0.9527919942076025,0.9637007780044745,0.9637007780044745,0.9930064096604769,0.9930064096604769,0.9610605379256726,0.9610605379256726
2023-10-06,1.0385930813317654,0.9405692256172726,0.9561727420202011,0.9696554496553962,0.9765458159908312,0.955794320580705,0.955794320580705,0.96987054978836,0.96987054978836,0.9993638009455882,0.9993638009455882,0.9672134064558586,0.9672134064558586
2023-10-11,1.032261275154058,0.9348350240898676,0.9503434133026291,0.9637439233062095,0.9705922823676567,0.9499195092019567,0.9499195092019567,0.9639577120763545,0.9639577120763545,0.9932711569617765,0.9932711569617765,0.9613167680781932,0.9613167680781932
2023-10-16,1.0322139453722035,0.9347921613584785,0.9502998395025444,0.9636997350849211,0.9705215016422644,0.9498502360445794,0.9498502360445794,0.9639135140527263,0.9639135140527263,0.9931987223728371,0.9931987223728371,0.9612726911433884,0.9612726911433884
2023-10-19,1.0195299451111168,0.9233052946368152,0.9444136108086271,0.9518576477480574,0.9645585445269242,0.9440142847401052,0.9440142847401052,0.9579429612345316,0.9579429612345316,0.9870964347073932,0.9870964347073932,0.955318495780955,0.955318495780955
2023-10-24,1.004897396963256,0.910053786680886,0.937636380920521,0.9381963492963821,0.9576367520813465,0.9372399204656833,0.9372399204656833,0.9441464276973337,0.9441464276973337,0.9800129075502465,0.9800129075502465,0.9484630110778876,0.9484630110778876
2023-10-27,1.016911689984901,0.9209341540613596,0.9432414497873408,0.9437578557641753,0.9633613805770368,0.9428426193432433,0.9428426193432433,0.9497432054593881,0.9497432054593881,0.9858712978057511,0.9858712978057511,0.9597551660471664,0.9597551660471664
2023-11-01,1.0364002028091157,0.9385833140114717,0.9612709538320288,0.9528011371307641,0.9725925069396454,0.9608644999791989,0.9608644999791989,0.9678969867293964,0.9678969867293964,1.0047156462547489,1.0047156462547489,0.9781483077976505,0.9781483077976505
2023-11-07,1.0371591909441802,0.9392706677935082,0.9619749224790468,0.9534512630104619,0.9729486368260634,0.9615681709674062,0.9615681709674062,0.9686058078265953,0.9686058078265953,1.0054514308026041,1.0054514308026041,0.9788646362564251,0.9788646362564251
2023-11-10,1.0361705368711043,0.9383753242632741,0.9610579365104416,0.9525424020729268,0.9719725429220792,0.9606515727276493,0.9606515727276493,0.9676825010811372,0.9676825010811372,1.0044930016038636,1.0044930016038636,0.9779315504600741,0.9779315504600741
2023-11-15,1.0374379493991734,0.9395231166388357,0.9622334735727207,0.9537075231904891,0.9731614304015077,0.9618266127380138,0.9618266127380138,0.9688661411108634,0.9688661411108634,1.0057216671268527,1.0057216671268527,0.9791277268176745,0.9791277268176745
2023-11-20,1.0351769895439509,0.93747554931107,0.9601364120025716,0.9516290428102347,0.9710405527836579,0.9597304378676567,0.9597304378676567,0.9667546245122999,0.9667546245122999,1.0035298287463326,1.0035298287463326,0.9769938464398146,0.9769938464398146
2023-11-24,1.0333126625912445,0.9357871801222865,0.958407231186874,0.9499151835461579,0.9692917338927716,0.9580019882008635,0.9580019882008635,0.965013524467248,0.965013524467248,1.0017224975107333,1.0017224975107333,0.9752343058212115,0.9752343058212115
2023-11-29,1.0373812492423613,0.939471767921476,0.9621808836430069,0.9536553992382576,0.9731082432149979,0.9598401165234622,0.9598401165234622,0.9688131886791901,0.9688131886791901,1.0036445128267106,1.0036445128267106,0.9790742135490673,0.9790742135490673
2023-12-04,1.037176922795191,0.9392867260878238,0.9619913689379421,0.9534675637441291,0.9729165762167815,0.9597455896940039,0.9597455896940039,0.9686223676507986,0.9686223676507986,1.0035456720593083,1.0035456720593083,0.9788813714712713,0.9788813714712713
2023-12-08,1.0412110483218406,0.9429401052512766,0.9657330583764135,0.9571760996295656,0.9767007595216308,0.963430556838572,0.963430556838572,0.9723898485242575,0.9723898485242575,1.0073988107132625,1.0073988107132625,0.98268875499613,0.98268875499613
2023-12-13,1.0445525884257543,0.9459662661649203,0.968832368309247,0.9602479478668416,0.9782191786742075,0.9649283455885242,0.9649283455885242,0.97551052197535,0.97551052197535,1.0089649543182078,1.0089649543182078,0.9858424805446409,0.9858424805446409
2023-12-18,1.050904374065079,0.9517185614646405,0.9747237093409266,0.9660870881772821,0.9811933891639729,0.9678621461823861,0.9678621461823861,0.9814424719730342,0.9814424719730342,1.0120326452982662,1.0120326452982662,0.9918372578109507,0.9918372578109507
2023-12-21,1.0530163488748896,0.953631205162247,0.9766825858776093,0.9680286079241467,0.9821793284047867,0.9697588401092088,0.9697588401092088,0.9834148510298152,0.9834148510298152,1.0130495729590145,1.0130495729590145,0.9938305269947354,0.9938305269947354
2023-12-27,1.0534141727398914,0.953991481859023,0.977051571260988,0.9683943238815941,0.9823648594162322,0.9698935369820942,0.9698935369820942,0.9837863798264523,0.9837863798264523,1.0132409352759355,1.0132409352759355,0.994205990777257,0.994205990777257
2024-01-02,1.044811367298648,0.9462006211288219,0.9690723881522614,0.9604858409939097,0.9742931665994912,0.9619243159534491,0.9619243159534491,0.9757521962731978,0.9757521962731978,1.0049155462918926,1.0049155462918926,0.9860867144958971,0.9860867144958971
2024-01-05,1.0597269103949594,0.9597084145774064,0.9829066949193304,0.9741975677257709,0.9882020042803339,0.9756565781005283,0.9756565781005283,0.9896818628047384,0.9896818628047384,1.0192615436728585,1.0192615436728585,1.0001639147897559,1.0001639147897559
2024-01-11,1.0604611369772172,0.9603733438363384,0.9835876969927985,0.9748725357232606,0.9888866751828711,0.9763325569661864,0.9763325569661864,0.990367559019982,0.990367559019982,1.019967734024634,1.019967734024634,1.0008568734432075,1.0008568734432075
2024-01-17,1.0698916752051673,0.9689138147846363,0.992334610060704,0.9835419460344414,0.9976807113509527,0.9850149510498648,0.9850149510498648,0.9991747644888046,0.9991747644888046,1.0290381698676796,1.0290381698676796,1.0097573589740747,1.0097573589740747
2024-01-22,1.073011953872238,0.9717395972227723,0.9952286979259775,0.9864103905914963,1.0005903908188103,0.9878876915428846,0.9878876915428846,1.002088801278288,1.002088801278288,1.0320393015929301,1.0320393015929301,1.012702259302905,1.012702259302905
2024-01-25,1.071648925461468,0.970505213324154,0.99396447623153,0.9851573706393858,0.9993193582591936,0.9866327950010858,0.9866327950010858,1.0008158653139423,1.0008158653139423,1.0307283200292803,1.0307283200292803,1.0114158412475425,1.0114158412475425
2024-01-30,1.0541624397030842,0.9546691263482611,0.977745595920072,0.969082199076988,0.9830131003877066,0.9705335484021014,0.9705335484021014,0.984485188391889,0.984485188391889,1.0139095506909976,1.0139095506909976,0.9949122006581927,0.9949122006581927
2024-02-02,1.0503241283407323,0.9511930801366534,0.974185525964092,0.9655536734193884,0.9794338509186954,0.9669997382357813,0.9669997382357813,0.9809005789025431,0.9809005789025431,1.0102178041420402,1.0102178041420402,0.9912896253695073,0.9912896253695073
2024-02-07,1.0507879752345017,0.9516131485171573,0.9746157483287704,0.9659800837627276,0.9798663910623927,0.967426787194054,0.967426787194054,0.981333766786496,0.981333766786496,1.0106639391758245,1.0106639391758245,0.9917274012913837,0.9917274012913837
2024-02-13,1.0603371235139585,0.960261034935769,0.9834726733370797,0.9747585312442889,0.9842697181361248,0.9762183817480102,0.9762183817480102,0.9902517425071362,0.9902517425071362,1.0198484559797363,1.0198484559797363,1.000739830278895,1.000739830278895
2024-02-16,1.0544993870334989,0.9549742721222301,0.9780581177439978,0.9693919517750857,0.9788015608890746,0.9708437650024045,0.9708437650024045,0.9847998644262153,0.9847998644262153,1.0142336317846887,1.0142336317846887,0.9952302095317619,0.9952302095317619
2024-02-22,1.055226521314954,0.9556327784615475,0.9787325416416426,0.9700603998832307,0.9794764974309217,0.9715132142141829,0.9715132142141829,0.985478937122323,0.985478937122323,1.0149330006531243,1.0149330006531243,0.9959164745141686,0.9959164745141686
2024-02-27,1.053831884552598,0.9543697694514118,0.9774390029032619,0.9687783226533132,0.9781819754457477,0.970229216876844,0.970229216876844,0.9841764820318979,0.9841764820318979,1.013591617693686,1.013591617693686,0.9946002246857786,0.9946002246857786
2024-03-01,1.0527016319747642,0.953346191679719,0.9763906829872482,0.9677392914638239,0.9771328586790752,0.9691886295786809,0.9691886295786809,0.9831209360551957,0.9831209360551957,1.0125045234848642,1.0125045234848642,0.9935334990682076,0.9935334990682076
2024-03-06,1.0631513126149261,0.962809616965647,0.9860828602455911,0.9773455903728161,0.9868324031711365,0.978809315394637,0.978809315394637,0.9928799214128626,0.9928799214128626,1.0174792295566422,1.0174792295566422,1.0033958451074074,1.0033958451074074
2024-03-12,1.061484751770854,0.961300348445831,0.9845371093591498,0.9758135357417256,0.9852854773259891,0.9772749662766009,0.9772749662766009,0.9913235156780834,0.9913235156780834,1.0158333887983264,1.0158333887983264,1.0018229549583584,1.0018229549583584
2024-03-15,1.0677933161504434,0.9670135017682645,0.9903883622651621,0.9816129431306979,0.9911411778959839,0.9830830591682148,0.9830830591682148,0.997215101222975,0.997215101222975,1.021870640225141,1.021870640225141,1.0077769402584407,1.0077769402584407
2024-03-20,1.071321997880877,0.9702091416221214,0.9936612478199793,0.9848568290086036,0.9944165512419519,0.9863318032630851,0.9863318032630851,1.0005105467514075,1.0005105467514075,1.0235080084040666,1.0235080084040666,1.0111072889538817,1.0111072889538817
2024-03-25,1.0693431619635851,0.9684170709836725,0.9918258588606407,0.9830377026670487,0.9925797671637389,0.9845099525006393,0.9845099525006393,0.9986625064708409,0.9986625064708409,1.0215663141748796,1.0215663141748796,1.0092396754599227,1.0092396754599227
2024-03-28,1.0674828213267362,0.966732311876726,0.9901003753904628,0.9813275079878515,0.9908529721162277,0.9827971965424342,0.9827971965424342,0.9969251292570814,0.9969251292570814,1.020626624328703,1.020626624328703,1.0074838971023647,1.0074838971023647
2024-04-03,1.0544530383854047,0.9549322979238365,0.9780151289361596,0.9693493438731845,0.978758539404513,0.9708010932886307,0.9708010932886307,0.984756579296873,0.984756579296873,1.0143976981514091,1.0143976981514091,0.9951864659551214,0.9951864659551214
2024-04-08,1.0556727373062387,0.9560368799686003,0.9791464111781353,0.9704706022939896,0.979890681558607,0.9719240309660085,0.9719240309660085,0.9858956594581779,0.9858956594581779,1.0149843813571526,1.0149843813571526,0.9963376104958139,0.9963376104958139
2024-04-12,1.0424469702270929,0.9440593791326856,0.9668793875893024,0.9643429134650484,0.9737035130150395,0.9597474914022593,0.9597474914022593,0.9735440793751241,0.9735440793751241,1.0086263754418656,1.0086263754418656,0.98385521069241,0.98385521069241
2024-04-17,1.0403019642988462,0.9421168218394207,0.9648898743790267,0.963350766466053,0.9727017355302257,0.9577726532402479,0.9577726532402479,0.9715408524664074,0.9715408524664074,1.0075886681931998,1.0075886681931998,0.9818307669367609,0.9818307669367609
2024-04-22,1.0526469518234158,0.9532966723169054,0.9763399666316361,0.9690666804996402,0.978473132298827,0.9691382873170745,0.9691382873170745,0.9830698701121552,0.9830698701121552,1.0135670619507884,1.0135670619507884,0.9934818922686659,0.9934818922686659
2024-04-25,1.0626197398518509,0.9623282147773293,0.9855898214989688,0.9781991748454629,0.9831081645492089,0.9783199134006458,0.9783199134006458,0.9923834841541539,0.9923834841541539,1.023118928348264,1.023118928348264,1.002894149915469,1.002894149915469
2024-04-30,1.0591693188969509,0.9592034493384507,0.9823895235508897,0.9750228749854366,0.9798667693540876,0.9751432214917752,0.9751432214917752,0.9891611265782448,0.9891611265782448,1.0197967700471018,1.0197967700471018,0.9996376632715287,0.9996376632715287
2024-05-03,1.0701071429552185,0.9691089463895489,0.9925344584291728,0.9850917359967085,0.989985652267822,0.9852133252967052,0.9852133252967052,0.9993759904104583,0.9993759904104583,1.0303280018784593,1.0303280018784593,1.0099607161468411,1.0099607161468411
2024-05-08,1.0762729588661548,0.9746928240418163,0.9982533107854281,0.9907677043700871,0.9956898187398768,0.9908899942515588,0.9908899942515588,1.005134262769676,1.005134262769676,1.0362646156365185,1.0362646156365185,1.0157799762966628,1.0157799762966628
2024-05-14,1.0896006046363098,0.9867625881165605,1.010614827820148,1.0030365260436012,1.0080195916769343,1.0031603302585956,1.0031603302585956,1.0175809876411739,1.0175809876411739,1.042628910702232,1.042628910702232,1.0283585285988226,1.0283585285988226
2024-05-17,1.0908560032989443,0.9878995005119723,1.011779221909033,1.0041921886855,1.009180995627993,1.0043161355432622,1.0043161355432622,1.0187534078890805,1.0187534078890805,1.0432295504846212,1.0432295504846212,1.0295433663421374,1.0295433663421374
2024-05-22,1.0828880927065316,0.9806836123740663,1.004388909755044,0.9968572942971962,1.0018096616293641,0.9969803358132102,0.9969803358132102,1.0113121543732841,1.0113121543732841,1.0394195335069054,1.0394195335069054,1.0220233000187937,1.0220233000187937
2024-05-28,1.075305216811759,0.9738164188249309,0.9973557209111968,0.9898768452569249,0.9947945338562505,0.989999025180174,0.989999025180174,1.0042304858157132,1.0042304858157132,1.0320890732954968,1.0320890732954968,1.0148666271383682,1.0148666271383682
2024-05-31,1.0761822737589526,0.974610697920827,0.9981691994939959,0.9906842238043598,0.9956059234443488,0.9908065033818735,0.9908065033818735,1.0050495716997934,1.0050495716997934,1.032930881628335,1.032930881628335,1.0156943882353018,1.0156943882353018
2024-06-05,1.0761621391615968,0.9745924636546995,0.9981505244652252,0.9906656888141081,0.9955468296123181,0.9907879661038588,0.9907879661038588,1.0050307679442008,1.0050307679442008,1.0328695723868158,1.0328695723868158,1.0156753853228375,1.0156753853228375
2024-06-10,1.0787538996001091,0.9769396101478297,1.0005544066934227,0.9930515450402531,0.9978946639259788,0.9931741168148499,0.9931741168148499,1.007451220113123,1.007451220113123,1.03530542628284,1.03530542628284,1.0181214733111228,1.0181214733111228
2024-06-14,1.0873395719866084,0.9847149548647598,1.0085176987324338,1.0009551227068394,1.0018158309260843,1.0010786700154306,1.0010786700154306,1.0154694030596472,1.0154694030596472,1.039373596621179,1.039373596621179,1.026224579517969,1.026224579517969
2024-06-20,1.0858818932897987,0.9833948539053937,1.0071656880058197,0.9996132503089035,1.0004227138780766,0.9997366319909652,0.9997366319909652,1.0141080729340475,1.0141080729340475,1.0386769086734329,1.0386769086734329,1.0248488310891937,1.0248488310891937
2024-06-25,1.0872371144218222,0.9846221673870635,1.0084226683756639,1.0008608049546164,1.001671278764536,1.0009843406216226,1.0009843406216226,1.015373717659398,1.015373717659398,1.03932506244811,1.03932506244811,1.0261278806816072,1.0261278806816072
2024-06-28,1.0894745270389503,0.9866484098977301,1.010497889660601,1.0029204647687364,1.0037326064432868,1.0030442546583556,1.0030442546583556,1.0174632434278403,1.0174632434278403,1.0414119111574032,1.0414119111574032,1.028239537317101,1.028239537317101
2024-07-03,1.0957569495702595,0.9923378886757871,1.0163248957560056,1.0087037758683532,1.0095206007337705,1.0088282795886976,1.0088282795886976,1.0233304150290552,1.0233304150290552,1.0443624760033599,1.0443624760033599,1.0341688500972546,1.0341688500972546
2024-07-09,1.106599923077711,1.0021574873026284,1.026381855854655,1.0186853217968517,1.0195102294860918,1.0188110575336042,1.0188110575336042,1.0334566976721917,1.0334566976721917,1.0495296778467624,1.0495296778467624,1.0444023835904568,1.0444023835904568
2024-07-12,1.1096430827489623,1.004913429342747,1.0292044151246338,1.0214867155294356,1.0223138917221883,1.0216127970405873,1.0216127970405873,1.0362987128203527,1.0362987128203527,1.050972785840355,1.050972785840355,1.0472744994726464,1.0472744994726464
2024-07-18,1.102274257145146,0.9982400837211848,1.0223697599425883,1.0147033114057382,1.0155249945555453,1.0148285556452645,1.0148285556452645,1.0294169464155059,1.0294169464155059,1.0474831794553772,1.0474831794553772,1.040319845975578,1.040319845975578
2024-07-23,1.077294111975477,0.9756175993041745,0.9992004399163813,0.9917077312597334,0.9925107931233837,0.9918301371681777,0.9918301371681777,1.0060879204540563,1.0060879204540563,1.0236923557082307,1.0236923557082307,1.0167437344888923,1.0167437344888923
2024-07-26,1.0779272001512157,0.97619093573969,0.9997876351648022,0.9922905233046075,0.9930940570997059,0.9924130011467349,0.9924130011467349,1.0066791632345675,1.0066791632345675,1.0242939440013332,1.0242939440013332,1.0173412393196584,1.0173412393196584
2024-07-31,1.0626625232957134,0.9623669602604125,0.985629503546288,0.9782385593288426,0.9790307141702205,0.9783593027452299,0.9783593027452299,0.992423439729504,0.992423439729504,1.0169901448726266,1.0169901448726266,1.0029345286736961,1.0029345286736961
2024-08-05,1.0724597671219949,0.9712395266239905,0.9901237400539747,0.9826990948858083,0.9834948617651731,0.9828203888635049,0.9828203888635049,1.0015731125605285,1.0015731125605285,1.0216782279657148,1.0216782279657148,1.012181108753267,1.012181108753267
2024-08-08,1.0771889240634658,0.9733323709222697,0.992306782580016,0.984865767421426,0.9856632888218352,0.9849873288302534,0.9849873288302534,1.0059896851750585,1.0059896851750585,1.023930842390916,1.023930842390916,1.0166444587671624,1.0166444587671624
2024-08-13,1.0805874034716838,0.9748677794035662,0.9953878475625075,0.9879237284086191,0.9872181490305075,0.9880456672597925,0.9880456672597925,1.0091635343983223,1.0091635343983223,1.02554606874795,1.02554606874795,1.0198519232902523,1.0198519232902523
2024-08-19,1.078830485795162,0.9740752648747075,0.9937694551041474,0.98631747179678,0.9855636787066012,0.9864392123886341,0.9864392123886341,1.0075227441703507,1.0075227441703507,1.0247123555237898,1.0247123555237898,1.0181937549035889,1.0181937549035889
2024-08-22,1.0902933935439496,0.9843764122221363,1.0043285630802494,0.9967974001442725,0.9960355977692541,0.9969204342675869,0.9969204342675869,1.0182279850986486,1.0182279850986486,1.0301562984578618,1.0301562984578618,1.0290123786230039,1.0290123786230039
2024-08-27,1.0839640885086506,0.978661970018414,0.9984982958613164,0.9910108523753285,0.9902534723692217,0.9911331722684175,0.9911331722684175,1.0123170297986086,1.0123170297986086,1.0271661980474664,1.0271661980474664,1.0230388184162107,1.0230388184162107
2024-08-30,1.0616573154975484,0.9585221972609657,0.9779503136229057,0.970616953380123,0.969875159410545,0.9707367560661211,0.9707367560661211,0.9914846734148661,0.9914846734148661,1.0165972301880026,1.0165972301880026,1.0019858195706917,1.0019858195706917
2024-09-05,1.0437895715453387,0.9423902223353825,0.9696719405755612,0.9542814231242587,0.9535521135830554,0.9543992095252588,0.9543992095252588,0.9747979384218382,0.9747979384218382,1.0080425399191317,1.0080425399191317,0.9851223497801184,0.9851223497801184
2024-09-10,1.0544976354832212,0.9520580471827438,0.9746457923084737,0.964071237826488,0.9633344464197721,0.9641902325786226,0.9641902325786226,0.9847982286486157,0.9847982286486157,1.0132132104564788,1.0132132104564788,0.9952285564290937,0.9952285564290937
2024-09-16,1.0549287041483189,0.9524472395125175,0.9749954860053147,0.9644653410350348,0.9637282484349567,0.9645843844310992,0.9645843844310992,0.9852008048550759,0.9852008048550759,1.0134203064476854,1.0134203064476854,0.9956353964549515,0.9956353964549515
2024-09-19,1.0531052317352645,0.9508009090455284,0.9733101802926234,0.9627982369588932,0.9620624184430417,0.9629170745852712,0.9629170745852712,0.9834978589764514,0.9834978589764514,1.012544444427641,1.012544444427641,0.9939144141063275,0.9939144141063275
2024-09-24,1.0507825434227367,0.9487038592043251,0.9711634848702629,0.9606747262736202,0.9599405306507289,0.9607933017963094,0.9607933017963094,0.9813286940026181,0.9813286940026181,1.0114278299260153,1.0114278299260153,0.991722274779953,0.991722274779953
2024-09-27,1.054993269559484,0.9525055326913745,0.9750551592175332,0.9645243697647048,0.9637872320519224,0.964643420446651,0.964643420446651,0.985261102669322,0.985261102669322,1.013454341322479,1.013454341322479,0.9956963329035379,0.9956963329035379
2024-10-02,1.0530644404058593,0.9507640804058913,0.9732724797713638,0.9627609436107538,0.9620251535963422,0.9628797766340355,0.9628797766340355,0.9834597638422465,0.9834597638422465,1.0125278992608029,1.0125278992608029,0.9938759154938009,0.9938759154938009
2024-10-07,1.0630238408929118,0.9597559710083476,0.9778261985074393,0.9718662950430141,0.971123546264118,0.971986251934527,0.971986251934527,0.9927608752226973,0.9927608752226973,1.0173159114973407,1.0173159114973407,1.0032755380591813,1.0032755380591813
2024-10-10,1.069389397265385,0.9655031428988103,0.9807538881554213,0.977685985486087,0.9769387890089918,0.9778066606986062,0.9778066606986062,0.9987056857457687,0.9987056857457687,1.0203618364964502,1.0203618364964502,1.0092833120610087,1.0092833120610087
2024-10-16,1.0694813613292007,0.9655861730774102,0.9807960590023497,0.977770063350138,0.9770228026165385,0.9778907489403391,0.9778907489403391,0.9987915712367338,0.9987915712367338,1.0204057104217419,1.0204057104217419,1.0093701071939658,1.0093701071939658
2024-10-21,1.068913140414175,0.9650731522070695,0.980225917238906,0.9772505691166049,0.9765037054064536,0.9773711905859349,0.9773711905859349,0.9982609081685875,0.9982609081685875,1.0201346370363429,1.0201346370363429,1.0088338236955825,1.0088338236955825
2024-10-24,1.0685439641652588,0.9647398397303198,0.9800076330089136,0.9769130508602404,0.9761664450984036,0.9770336306698882,0.9770336306698882,0.9979161334590403,0.9979161334590403,1.0199584723581987,1.0199584723581987,1.0084853973616452,1.0084853973616452
2024-10-29,1.065311485249888,0.9618213812528694,0.9785253102796478,0.9739577668991136,0.9732134197129313,0.9740779819397811,0.9740779819397811,0.9948973125505017,0.9948973125505017,1.0184157214901859,1.0184157214901859,1.0054346031100698,1.0054346031100698
2024-11-01,1.0630169034759538,0.9597497075294933,0.9774714840638467,0.9718599525307797,0.9711172085991484,0.97197990863944,0.97197990863944,0.9927543963500076,0.9927543963500076,1.0173189351581249,1.0173189351581249,1.0032689905665817,1.0032689905665817
2024-11-06,1.0712363266543905,0.9671706516045789,0.9849805822830402,0.9793745350307433,0.9786260480797232,0.9794954186599506,0.9794954186599506,1.0004305381584513,1.0004305381584513,1.0212519746084663,1.0212519746084663,1.011026432963128,1.011026432963128
2024-11-11,1.0679085875325196,0.9641661870109243,0.9819207920795253,0.9763321597171984,0.9755859979013956,0.9764526678277904,0.9764526678277904,0.9973227534822711,0.9973227534822711,1.0196657419235617,1.0196657419235617,1.00788573269886,1.00788573269886
2024-11-15,1.0722843303773977,0.968116846592972,0.9859442009464834,0.9803326692289518,0.9795834500239072,0.9804536711201058,0.9804536711201058,1.0014092717044605,1.0014092717044605,1.0237928269903296,1.0237928269903296,1.0120155326038331,1.0120155326038331
2024-11-20,1.0780409445815717,0.9733142322420152,0.9912372936746909,0.9855956361572412,0.9848423947299226,0.9857172876533421,0.9857172876533421,1.006785389469472,1.006785389469472,1.0264897798719197,1.0264897798719197,1.0174485906321842,1.0174485906321842
2024-11-25,1.0836696906206584,0.9783961715292521,0.996412814158036,0.9907417000067127,0.9899845257002935,0.9908639866784813,0.9908639866784813,1.0120420908050474,1.0120420908050474,1.0291695715401572,1.0291695715401572,1.0227609674517104,1.0227609674517104
2024-11-29,1.0856120187269032,0.9801498114062843,0.9981987463762317,0.9925174675368073,0.991758936100121,0.9926399733905292,0.9926399733905292,1.0138560363409308,1.0138560363409308,1.0300918936287955,1.0300918936287955,1.0245941250921293,1.0245941250921293
2024-12-04,1.0838255353830548,0.9785368766907984,0.9965561103299372,0.990884180604048,0.9901268974068378,0.9910064848621138,0.9910064848621138,1.0121876346553018,1.0121876346553018,1.0292443339210653,1.0292443339210653,1.0229080528056154,1.0229080528056154
2024-12-09,1.0804557926096823,0.9754944889069177,0.993457698600915,0.9878034035805952,0.9870484748671076,0.9879253275801448,0.9879253275801448,1.0090406226539919,1.0090406226539919,1.0276443122648864,1.0276443122648864,1.0197277097464827,1.0197277097464827
2024-12-12,1.0802413015919192,0.9753008347035907,0.9932604783589256,0.9876073058236735,0.9868525269778892,0.9877292056189911,0.9877292056189911,1.0088403089052964,1.0088403089052964,1.0275423087974869,1.0275423087974869,1.0195252744078036,1.0195252744078036
2024-12-18,1.0799096682122291,0.9750014179792434,0.993058350173351,0.9874063280568784,0.9866517028083447,0.9875282030456272,0.9875282030456272,1.0085305955840997,1.0085305955840997,1.0273845813859637,1.0273845813859637,1.0192122808091206,1.0192122808091206
2024-12-23,1.0919127099670078,0.9858384195132212,1.0040463990126893,0.9928937682259344,0.9921349492014608,0.9984550615966833,0.9984550615966833,1.0197402691393038,1.0197402691393038,1.0330941978435173,1.0330941978435173,1.0305406797702927,1.0305406797702927
2024-12-27,1.07945222948863,0.9745884173206919,0.9925886144846008,0.9872285106906246,0.9864740213390061,0.9927081496566477,0.9927081496566477,1.0081033923078124,1.0081033923078124,1.0271995645239071,1.0271995645239071,1.0187805528798932,1.0187805528798932
2025-01-02,1.0929491308613568,0.9867741568914098,1.004999419027324,0.9934004030065297,0.9926411967864444,0.9989142992303833,0.9989142992303833,1.020708185449919,1.020708185449919,1.0336213453279797,1.0336213453279797,1.0315188476066417,1.0315188476066417
2025-01-07,1.0945458628445282,0.988215773716919,1.0064676618486206,0.9948020303530972,0.9940417529393658,1.0003237063480384,1.0003237063480384,1.0221993778203344,1.0221993778203344,1.0343763741824668,1.0343763741824668,1.0330258336947495,1.0330258336947495
2025-01-13,1.096051763764025,0.9895753832982246,1.007109698936145,0.9954366258025508,0.9946758633992714,1.0016999742965274,1.0016999742965274,1.0236057428117185,1.0236057428117185,1.035087933371471,1.035087933371471,1.0344470939686519,1.0344470939686519
2025-01-16,1.107056072654861,0.9995106742658558,1.0171706781348728,1.0053809915418845,0.9996691131749549,1.011756995595637,1.011756995595637,1.0338826970110813,1.0338826970110813,1.0402840508015823,1.0402840508015823,1.0448328948309817,1.0448328948309817
2025-01-23,1.10382449245168,0.9965930271948455,1.014201480180126,1.0024462085718315,0.996701020153156,1.0088036005886831,1.0088036005886831,1.0308647154123172,1.0308647154123172,1.0387657169848528,1.0387657169848528,1.0417829487785917,1.0417829487785917
2025-01-28,1.0988760229231465,0.9921252786884962,1.009654792590944,0.997952220124362,0.9922327875119943,1.0042811118126818,1.0042811118126818,1.026243326172323,1.026243326172323,1.0364373121827597,1.0364373121827597,1.0371126128577728,1.0371126128577728
2025-01-31,1.0914809737236384,0.98544862445733,1.0028601708957072,0.9912363526264559,0.9855554097842528,0.9975226530993545,0.9975226530993545,1.019337069479668,1.019337069479668,1.0329498828659345,1.0329498828659345,1.030133209688058,1.030133209688058
2025-02-05,1.0952745403096844,0.9888736635226035,1.0063457257760706,0.9946815076009575,0.9889808199941069,1.0009896568279781,1.0009896568279781,1.022879891699925,1.022879891699925,1.0347449504186614,1.0347449504186614,1.0337135551246963,1.0337135551246963
2025-02-10,1.0961075316707982,0.9896257336097202,1.0071110839260267,0.9954379947394763,0.9897329715771515,1.0017509415159855,1.0017509415159855,1.023657824612528,1.023657824612528,1.0351384287535141,1.0351384287535141,1.0344997273852528,1.0344997273852528
2025-02-13,1.09605376693134,0.9895771918670614,1.0070616845163263,0.9953891679018827,0.9896844245744053,1.0017018050245223,1.0017018050245223,1.0236076135751577,1.0236076135751577,1.0351130416695296,1.0351130416695296,1.0344489845459734,1.0344489845459734
2025-02-19,1.0914938940581576,0.9854602896408613,1.002872042187279,0.9912480863218404,0.9855670762318485,0.9975344612084089,0.9975344612084089,1.019349135815447,1.019349135815447,1.0329598699813372,1.0329598699813372,1.0301454038224398,1.0301454038224398
2025-02-25,1.0920451677887701,0.9859580096676963,1.003075155618962,0.9917487295535469,0.9860648501926933,0.9980382794586424,0.9980382794586424,1.0198639718616738,1.0198639718616738,1.0332207251469947,1.0332207251469947,1.0306656926696152,1.0306656926696152
2025-02-28,1.072912673514601,0.9686841490885275,0.9942882802050539,0.9743734162887866,0.9687891177809363,0.980552774068963,0.980552774068963,1.001996083080494,1.001996083080494,1.0241697764358462,1.0241697764358462,1.0126085590956329,1.0126085590956329
2025-03-05,1.0538671783464058,0.9514888360529026,0.9854633715690106,0.9656765454197339,0.9515919414243036,0.9718007487018817,0.9718007487018817,0.9842094430025581,0.9842094430025581,1.0150796514843792,1.0150796514843792,0.9946335347571152,0.9946335347571152
2025-03-10,1.0451064242965824,0.9435791489072305,0.9813673135453742,0.9616627309277693,0.9475890896990629,0.9677614790862504,0.9677614790862504,0.9760277508113387,0.9760277508113387,1.0108604940087718,1.0108604940087718,0.9863651875244155,0.9863651875244155
2025-03-13,1.0666938437676778,0.9630694500077613,0.9915027348576032,0.9715946461278072,0.9573756543445415,0.977756381285356,0.977756381285356,0.9961883009547133,0.9961883009547133,1.0213005166723075,1.0213005166723075,1.0067392648047333,1.0067392648047333
2025-03-18,1.0783109761341725,0.973558031473039,0.9969018559736951,0.9768853598956757,0.9625889401275063,0.9883560271293871,0.9883560271293871,1.0070375726757048,1.0070375726757048,1.0268618983927855,1.0268618983927855,1.017703444795193,1.017703444795193
2025-03-24,1.0809031082937435,0.974679512801244,0.9992484451359473,0.9791848325915663,0.9648547607407109,0.9907319182217812,0.9907319182217812,1.0094583719959414,1.0094583719959414,1.0280961257210675,1.0280961257210675,1.0201498836115883,1.0201498836115883
2025-03-27,1.0591356898944784,0.9648653783993977,0.9791254028177286,0.9692763744838077,0.9550913099001089,0.9707803832322275,0.9707803832322275,0.9891297203607707,0.9891297203607707,1.017744134709329,1.017744134709329,0.9996059244202893,0.9996059244202893
2025-04-01,1.065838361070346,0.9709232227848692,0.9821746121922937,0.9723433756616027,0.9581134264496075,0.9769239036091459,0.9769239036091459,0.9953893633216426,0.9953893633216426,1.020964498417781,1.020964498417781,1.0059318653556815,1.0059318653556815
2025-04-04,1.0639398970192242,0.9700099756980636,0.9812998908174227,0.9714774099526062,0.9572601338850647,0.9760050123023309,0.9760050123023309,0.9944531034661173,0.9944531034661173,1.0200552309019397,1.0200552309019397,1.0049856892585376,1.0049856892585376
2025-04-09,1.0173190012015154,0.9487574904092538,0.9598000485312652,0.950192773834745,0.9362869919353484,0.9546211784393518,0.9546211784393518,0.9508273342107727,0.9508273342107727,0.9977062764255531,0.9977062764255531,0.9608978648737548,0.9608978648737548
2025-04-14,1.0144696846681078,0.9474288460015388,0.9584559400737334,0.948862119449437,0.9349758112717683,0.9532843224956135,0.9532843224956135,0.9494482498174486,0.9494482498174486,0.9963090839099575,0.9963090839099575,0.959504174135861,0.959504174135861
2025-04-17,0.9903225052834154,0.93615313483718,0.9470489912673448,0.9375693503524575,0.9238483084117326,0.9419389230776666,0.9419389230776666,0.9381485049599545,0.9381485049599545,0.9844516304367947,0.9844516304367947,0.9480847498970776,0.9480847498970776
2025-04-24,0.9974779594451166,0.9395351648369644,0.9504703846062549,0.9409564966982548,0.9271858849021879,0.9453418553301632,0.9453418553301632,0.9448800748370964,0.9448800748370964,0.9880081478734992,0.9880081478734992,0.9548876160847257,0.9548876160847257
2025-04-29,0.9978736602467544,0.9397215222468563,0.9506589110240872,0.941143136030244,0.9273697928243876,0.9455293645008842,0.9455293645008842,0.945254909989617,0.945254909989617,0.9882041199310451,0.9882041199310451,0.9552664212418531,0.9552664212418531
2025-05-02,0.9921516669097115,0.937027253170928,0.9479332834364549,0.9384447910552713,0.9247109373064436,0.9400602466321009,0.9400602466321009,0.9398346423623202,0.9398346423623202,0.9853708467346739,0.9853708467346739,0.9497887457452425,0.9497887457452425
2025-05-07,0.9990647718812303,0.9402917579731632,0.951235783705796,0.9417142344110173,0.927932533354265,0.9466103894996339,0.9466103894996339,0.9463832132665627,0.9463832132665627,0.9888037755531927,0.9888037755531927,0.9564066747565957,0.9564066747565957
2025-05-12,1.0056624302132864,0.943396523512976,0.9574700255301029,0.9448236968502637,0.9309964897575834,0.9528616477756444,0.9528616477756444,0.9526329713083449,0.9526329713083449,0.9920687237588345,0.9920687237588345,0.9627226260784104,0.9627226260784104
2025-05-15,1.0120323747336093,0.9493249010821312,0.9635347155883816,0.9478159904617224,0.9339449920632295,0.9588971480086471,0.9588971480086471,0.9586670230867111,0.9586670230867111,0.9952106442188395,0.9952106442188395,0.9688205865195482,0.9688205865195482
2025-05-20,0.9949789298774079,0.9333281204895297,0.9472984898019808,0.9398303132587478,0.926076182814381,0.9427390684406505,0.9427390684406505,0.9425128212826718,0.9425128212826718,0.9868256506824628,0.9868256506824628,0.9524952901552766,0.9524952901552766
2025-05-27,0.9892226676783582,0.9279285273745821,0.9445109168568365,0.9371117080987376,0.9233973636130379,0.9372850300682993,0.9372850300682993,0.9370600918204132,0.9370600918204132,0.9839711042094154,0.9839711042094154,0.946984809009541,0.946984809009541
2025-05-30,0.9947947575529453,0.9331553598367408,0.9497839289968188,0.9397509878234476,0.9259980182826707,0.9425645658050843,0.9425645658050843,0.9423383605258467,0.9423383605258467,0.9867423586528257,0.9867423586528257,0.9523189816261612,0.9523189816261612
2025-06-04,0.9899870416745528,0.9286455392868919,0.9451937446981877,0.9374801396351199,0.9237604032660773,0.9380092717657607,0.9380092717657607,0.9377841597077172,0.9377841597077172,0.9843579588208204,0.9843579588208204,0.9477165457422798,0.9477165457422798
2025-06-09,0.9956000381429002,0.9339107436915345,0.9505527735819609,0.9401377869029149,0.9263791566753953,0.9433275663575692,0.9433275663575692,0.9431011779664693,0.9431011779664693,0.9871484992591605,0.9871484992591605,0.9530898783217123,0.9530898783217123
2025-06-12,0.9844690649390893,0.923469467009613,0.9399254362515154,0.9348823388750973,0.9212006205291146,0.9327810080397045,0.9327810080397045,0.9325571507082857,0.9325571507082857,0.9816302574590036,0.9816302574590036,0.9424341757403714,0.9424341757403714
2025-06-17,0.9843206669869352,0.9233302640801746,0.9398075982362266,0.9348118772275277,0.9211311900663006,0.9326404014972228,0.9326404014972228,0.9324165779098502,0.9324165779098502,0.9815562724425275,0.9815562724425275,0.9422921140883594,0.9422921140883594
2025-06-23,0.9951947640657164,0.9335305811761456,0.9449987719062255,0.9399754562543127,0.9262192016864035,0.9429435705818651,0.9429435705818651,0.9427172743455893,0.9427172743455893,0.9869780514180206,0.9869780514180206,0.9527019086490407,0.9527019086490407
2025-06-27,0.9999529948345457,0.9379939828090567,0.9494697553781639,0.9422225642071427,0.9284334238986166,0.9474519776523388,0.9474519776523388,0.9472245994472333,0.9472245994472333,0.9893375239062152,0.9893375239062152,0.9572569723400278,0.9572569723400278
2025-07-02,1.00783401032357,0.9453866754109252,0.95695289297278,0.9459355740490969,0.9320920949721921,0.9549192123619265,0.9549192123619265,0.9546900421014287,0.9546900421014287,0.9932361993389879,0.9932361993389879,0.9648014839970347,0.9648014839970347
2025-07-08,1.0138776147267823,0.9510558064540594,0.9626913823057409,0.9515606998537945,0.9376348987736598,0.9606455064713003,0.9606455064713003,0.9604149619622843,0.9604149619622843,0.9962142327285475,0.9962142327285475,0.9705870384010166,0.9705870384010166
2025-07-11,1.015812312141409,0.9528706262934424,0.9645284053363089,0.9533764831388054,0.9394241086232235,0.962478625529012,0.962478625529012,0.9622476410912914,0.9622476410912914,0.9971647286624151,0.9971647286624151,0.9724391280483166,0.9724391280483166
2025-07-16,1.0220287685670597,0.9587018991150413,0.9704310201514765,0.9592108516474709,0.9451730929254033,0.9683686963272368,0.9683686963272368,0.9681362983363676,0.9681362983363676,1.00021589816038,1.00021589816038,0.9783901540339798,0.9783901540339798
2025-07-21,1.022175042513266,0.9588391096460283,0.9705699093679098,0.9593481350203363,0.9453083671979113,0.9685072903814854,0.9685072903814854,0.9682748591295455,0.9682748591295455,1.0002874741917902,1.0002874741917902,0.9785301823709126,0.9785301823709126
2025-07-24,1.0264930677053947,0.9628895816869713,0.9746699364132465,0.9634007573626449,0.9493016806463147,0.9725986042022033,0.9725986042022033,0.9723651910792926,0.9723651910792926,1.0024002564126862,1.0024002564126862,0.982663836395909,0.982663836395909
2025-07-30,1.022642459680345,0.9592775647458645,0.9710137286929965,0.9597868228857837,0.9457406350000338,0.968950166518289,0.968950166518289,0.9687176289808767,0.9687176289808767,1.0005201411965734,1.0005201411965734,0.9789776417459923,0.9789776417459923
2025-08-04,1.0174577963242137,0.9544141531094541,0.9660908162422183,0.957305836790393,0.9432959573806577,0.9640377160575142,0.9640377160575142,0.9638063574549659,0.9638063574549659,0.9979838881474117,0.9979838881474117,0.9740143532989053,0.9740143532989053
2025-08-07,1.0253915972870562,0.9618563604955945,0.9736240744036736,0.9647227272821359,0.9506043039385906,0.9715549648195811,0.9715549648195811,0.9713218021588101,0.9713218021588101,1.0018748630661207,1.0018748630661207,0.9816093965940109,0.9816093965940109
2025-08-12,1.0289015657198783,0.9651488445291881,0.9769568399301652,0.9680250230373824,0.9538582716010496,0.9748806476770286,0.9748806476770286,0.9746466868884194,0.9746466868884194,1.0035895977842049,1.0035895977842049,0.9849694962910654,0.9849694962910654
2025-08-15,1.0286776443934025,0.9649387977990499,0.9767442234090176,0.9678143503603818,0.9536506820545244,0.9746684830005848,0.9746684830005848,0.9744345731291983,0.9744345731291983,1.003480391460947,1.003480391460947,0.9847551359639982,0.9847551359639982
2025-08-20,1.0245506736635002,0.9610675421181586,0.9728256053243529,0.9639315581973694,0.9498247133724586,0.9707581926169792,0.9707581926169792,0.9705252211729006,0.9705252211729006,1.0014674507568488,1.0014674507568488,0.9808043787521596,0.9808043787521596
2025-08-25,1.0288403078480017,0.9650913823129473,0.9768986746994734,0.9679673895816563,0.9538014815933978,0.9748226060569165,0.9748226060569165,0.974588659197667,0.974588659197667,1.0035639449185634,1.0035639449185634,0.9849108540096109,0.9849108540096109
2025-08-29,1.0212162970870513,0.9579397699315811,0.9696595667918085,0.9607944651364081,0.94673353071316,0.9675988824314872,0.9675988824314872,0.967366669187609,0.967366669187609,0.9998455921980306,0.9998455921980306,0.9776123734852111,0.9776123734852111
2025-09-04,1.0182587030517751,0.955165434114786,0.9668512887030508,0.9580118616984103,0.9439916498291395,0.9647965723906249,0.9647965723906249,0.9645650316707821,0.9645650316707821,0.9983977415477242,0.9983977415477242,0.9747810628873687,0.9747810628873687
2025-09-09,1.021202340580626,0.9579266781971542,0.9696463148881592,0.9607813343881385,0.9467205921293929,0.9675856586902895,0.9675856586902895,0.9673534486199659,0.9673534486199659,0.9998408527393752,0.9998408527393752,0.9775990128941093,0.9775990128941093
2025-09-12,1.0266391732540219,0.9630266342546173,0.9748086657337559,0.9658964884993406,0.9517608875178064,0.9727370387003328,0.9727370387003328,0.9725035923546431,0.9725035923546431,1.0025024053036196,1.0025024053036196,0.9828037035255077,0.9828037035255077
2025-09-17,1.031436280650856,0.9675265036448416,0.9793635882252361,0.9704097676633042,0.9562081162155558,0.9772822812403514,0.9772822812403514,0.9770477440857185,0.9770477440857185,1.0048445678808486,1.0048445678808486,0.9873959838890893,0.9873959838890893
2025-09-22,1.0258215887812863,0.9622597088892995,0.9740323575139304,0.9651272776686611,0.9510029338533995,0.9719623802617935,0.9719623802617935,0.9717291198257324,0.9717291198257324,1.002109598822992,1.002109598822992,0.9820210282987262,0.9820210282987262
2025-09-26,1.028704523348994,0.9649640112828229,0.9767697453640718,0.9678396389812498,0.9536756005841267,0.9746939507173317,0.9746939507173317,0.974460034733969,0.974460034733969,1.0035177464164302,1.0035177464164302,0.9847808672411505,0.9847808672411505
2025-10-01,1.0298893888577136,0.9660754602442824,0.9778947922118052,0.9689544001008639,0.954774047514214,0.9758166066574484,0.9758166066574484,0.9755824212488288,0.9755824212488288,1.0040956740614093,1.0040956740614093,0.9859151413273988,0.9859151413273988
2025-10-06,1.0260710819291758,0.9624937429615823,0.9742692548474239,0.9653620091709545,0.9512342301316355,0.972198774149906,0.972198774149906,0.9719654569818741,0.9719654569818741,1.0022343355960057,1.0022343355960057,0.9822598685808215,0.9822598685808215
2025-10-09,0.9983386093145614,0.9364796277228661,0.9479368731000334,0.9522679219483999,0.9255244350679147,0.9459223529984764,0.9459223529984764,0.945695341886708,0.945695341886708,0.9886902270274821,0.9886902270274821,0.9557115179006367,0.9557115179006367
2025-10-14,1.0027707567078923,0.9406371507337904,0.9499936701150318,0.9543817297029223,0.9275326024357801,0.9501217972071043,0.9501217972071043,0.949893778274244,0.949893778274244,0.9908848836157615,0.9908848836157615,0.9599544213337193,0.9599544213337193
2025-10-17,1.0132000492944926,0.9504202242799674,0.9549338630129456,0.9593447415537342,0.9371330058196385,0.9600035155856012,0.9600035155856012,0.959773125147439,0.959773125147439,0.9960377205437129,0.9960377205437129,0.9699384036775587,0.9699384036775587
2025-10-22,1.0192082153410178,0.956056112795198,0.9605487702215851,0.96218914651953,0.9426901025751749,0.9656962319755209,0.9656962319755209,0.9654644753471291,0.9654644753471291,0.9989909181959417,0.9989909181959417,0.9756900328728536,0.9756900328728536
2025-10-28,1.0196978297586228,0.9565153897611979,0.9610102054019873,0.9626032602581203,0.9431429586830901,0.9661601399298381,0.9661601399298381,0.9659282719685656,0.9659282719685656,0.999230869340979,0.999230869340979,0.9761587417196012,0.9761587417196012
2025-10-31,1.021611575450336,0.9583105560867418,0.9628138074952818,0.9644098521605313,0.9449130279341708,0.9679734073031083,0.9679734073031083,0.9677411041773204,0.9677411041773204,1.0001685362239616,1.0001685362239616,0.9779907742412711,0.9779907742412711
2025-11-05,1.0106503644434128,0.9480285228092719,0.9524834573329093,0.9540623775031231,0.9347747412004759,0.9575876980751536,0.9575876980751536,0.9573578874070086,0.9573578874070086,0.994802965476976,0.994802965476976,0.9674975853455233,0.9674975853455233
2025-11-10,1.012963985670125,0.9501987876120832,0.9546639205499697,0.9562464552473727,0.9369146649164554,0.9597798461242222,0.9597798461242222,0.9595495093643063,0.9595495093643063,0.9959416368406337,0.9959416368406337,0.9697124195047935,0.9697124195047935
2025-11-13,1.0127980938139256,0.9500431747345621,0.9545380152905386,0.9560898519508201,0.9367612275632403,0.9596226641686258,0.9596226641686258,0.9593923651306755,0.9593923651306755,0.9958600847770169,0.9958600847770169,0.9695536109039676,0.9695536109039676
2025-11-18,1.0167107355546126,0.9537133816628979,0.9563818009890455,0.9597834184034414,0.9403801236713667,0.9633298785819117,0.9633298785819117,0.963098689852685,0.963098689852685,0.997783688187895,0.997783688187895,0.9732991905520999,0.9732991905520999
2025-11-21,1.0316751996960678,0.9677506188061993,0.9634200571350445,0.9739099974253762,0.9542211151627579,0.977508656203029,0.977508656203029,0.9772740647208585,0.9772740647208585,1.005126631318456,1.005126631318456,0.9876247015618556,0.9876247015618556
2025-11-28,1.0269650809766375,0.9633323481075122,0.9589733866362968,0.9694636060501983,0.9498646134863312,0.9730458351316846,0.9730458351316846,0.9728123146781984,0.9728123146781984,1.002832175775197,1.002832175775197,0.9831156956305619,0.9831156956305619
2025-12-03,1.0277158501190269,0.9640365981489419,0.9596744500321179,0.9701723383854788,0.9505590178574856,0.9737571862775801,0.9737571862775801,0.9735234951075293,0.9735234951075293,1.003198739091961,1.003198739091961,0.983834408409945,0.983834408409945
2025-12-08,1.0268288746334624,0.963204581371497,0.9588461980291908,0.9693350261256543,0.949738632975493,0.9729167800962213,0.9729167800962213,0.9726832906145448,0.9726832906145448,1.0027658311589849,1.0027658311589849,0.9829853050298488,0.9829853050298488
2025-12-11,1.0157884424795087,0.9528482356417324,0.9485367135016969,0.9589127660443809,0.9395270727044619,0.9624560091075504,0.9624560091075504,0.9622250300975258,0.9622250300975258,0.9973749776298778,0.9973749776298778,0.9724162775739454,0.9724162775739454
2025-12-16,1.0046110923544198,0.9423634556418303,0.9380993758534854,0.9483612542558308,0.929188873720839,0.951865508818404,0.951865508818404,0.9516370714136573,0.9516370714136573,0.9918876099533173,0.9918876099533173,0.9617161782744805,0.9617161782744805
2025-12-19,1.0108697112413934,0.9482342784575045,0.9439436339114119,0.9542694427107773,0.9349776203103335,0.957795528401791,0.957795528401791,0.9575656678566205,0.9575656678566205,0.994977286434422,0.994977286434422,0.9677075664674483,0.9677075664674483
2025-12-24,1.0107671938570342,0.9481381132475807,0.9438479038373431,0.9541726654444761,0.9348827995248231,0.9576983935373958,0.9576983935373958,0.9574685563035399,0.9574685563035399,0.9949268336076295,0.9949268336076295,0.967609426373393,0.967609426373393
2025-12-31,1.0126199702846437,0.9498760880819636,0.9455780145474122,0.9559217018528094,0.9365964768424728,0.9594538927454128,0.9594538927454128,0.9592236342107751,0.9592236342107751,0.9958387038165695,0.9958387038165695,0.969383092898398,0.969383092898398
2026-01-06,1.0093559348254815,0.9468142985416702,0.9425300792316399,0.9528404251423046,0.9335774922272664,0.9563612305234028,0.9563612305234028,0.9561317141941768,0.9561317141941768,0.9942337320916144,0.9942337320916144,0.9662584253216335,0.9662584253216335
2026-01-09,1.0109410817007627,0.948301226665855,0.9440102791872788,0.9543368170199796,0.9350436325585191,0.957863151663309,0.957863151663309,0.9576332748892888,0.9576332748892888,0.9950144311687921,0.9950144311687921,0.9677758895488365,0.9677758895488365
2026-01-14,1.0136940910084933,0.950883654218558,0.9465810215700333,0.9555885320587519,0.9375899568400856,0.9604716183878237,0.9604716183878237,0.960241115610063,0.960241115610063,0.9963692499806488,0.9963692499806488,0.97041135078387,0.97041135078387
2026-01-20,1.0253932147995175,0.9618578777838714,0.9519959757895243,0.9611027935253036,0.9484107567910653,0.9715564974070015,0.9715564974070015,0.9713233343784262,0.9713233343784262,1.0021188381949278,1.0021188381949278,0.9816109450418781,0.9816109450418781
2026-01-23,1.030600312339221,0.966742333538664,0.9567827515569027,0.963543104188246,0.9532269260879146,0.9764902041785252,0.9764902041785252,0.9762558571138018,0.9762558571138018,1.0046632916112086,1.0046632916112086,0.9865957097771049,0.9865957097771049
2026-01-28,1.0285552071675121,0.9648239470193137,0.9548841286572362,0.9625870851758574,0.9513353593059003,0.9745524741557624,0.9745524741557624,0.9743185921252412,0.9743185921252412,1.0036664735097098,1.0036664735097098,0.9846379265663943,0.9846379265663943
2026-02-03,1.023572966301571,0.9601504153860277,0.9502587447255986,0.9578762593718889,0.9467271653350571,0.9698318182989765,0.9698318182989765,0.9695990691746932,0.9695990691746932,1.0012356326150018,1.0012356326150018,0.979868417568035,0.979868417568035
2026-02-06,1.0285084632902575,0.964780099482655,0.9548407328470829,0.9624949778700399,0.9512921247736618,0.9745081844949715,0.9745081844949715,0.9742743130934888,0.9742743130934888,1.0036495276730122,1.0036495276730122,0.9845931785605906,0.9845931785605906
2026-02-11,1.0126191653985543,0.9498753330681654,0.9400895184576513,0.9476255140119391,0.9365957323840406,0.9594531301186483,0.9594531301186483,0.9592228717670326,0.9592228717670326,0.9958969000120558,0.9958969000120558,0.9693823223793585,0.9693823223793585
2026-02-17,1.017720496248446,0.9546605756408009,0.9424104859824758,0.9523994225394069,0.9413140755349003,0.9642866233201847,0.9642866233201847,0.9640552049825913,0.9640552049825913,0.9984054440693585,0.9984054440693585,0.9742658364540177,0.9742658364540177
2026-02-20,1.0073282319735457,0.9449122360608679,0.9375988609528781,0.9426741723054017,0.9317020212678374,0.9544399891379756,0.9544399891379756,0.9542109338858573,0.9542109338858573,0.9933079279701371,0.9933079279701371,0.9643173013859321,0.9643173013859321
2026-02-25,1.0017330510904352,0.939663743353514,0.9323441102718569,0.9374381108703405,0.9265269043866795,0.9491385747510895,0.9491385747510895,0.9489107917809616,0.9489107917809616,0.990549275252377,0.990549275252377,0.9589610237013522,0.9589610237013522
2026-03-02,0.9929034369087204,0.9313812290595853,0.9281884947811548,0.933259790556855,0.9183601826379985,0.9407725460861551,0.9407725460861551,0.9405467708722266,0.9405467708722266,0.9861837569543959,0.9861837569543959,0.9505084166466402,0.9505084166466402
2026-03-06,1.0016012958515732,0.9395401519228224,0.9322539719967039,0.937347480111326,0.9223366937143106,0.9490137371214503,0.9490137371214503,0.9487859841110005,0.9487859841110005,0.9905032541435826,0.9905032541435826,0.958834894151569,0.958834894151569
2026-03-11,0.9863920313865788,0.9252732827551603,0.9251758575476884,0.9230670391790032,0.9153338759471158,0.9346030120469375,0.9346030120469375,0.9343787174543062,0.9343787174543062,0.9829828835090284,0.9829828835090284,0.9442750353097158,0.9442750353097158
2026-03-16,0.9889867897484476,0.9277072648951699,0.9263927204765162,0.9254952176742292,0.9165377939396288,0.937061536551771,0.937061536551771,0.9368366519399068,0.9368366519399068,0.9842757787146869,0.9842757787146869,0.9467590026024458,0.9467590026024458
2026-03-19,0.9748088967897464,0.9144078614703388,0.9197524412711808,0.9122275256625769,0.9033526866573338,0.9236280323850204,0.9236280323850204,0.9234063716685491,0.9234063716685491,0.9772206002344926,0.9772206002344926,0.9331864777358615,0.9331864777358615
2026-03-24,0.9802412717913228,0.9195036360619077,0.9223152205944177,0.9147237263391378,0.9058246024066083,0.9261554291741663,0.9261554291741663,0.9285522927883382,0.9285522927883382,0.9799435076562558,0.9799435076562558,0.9357400300586658,0.9357400300586658
2026-03-27,0.9769638719726434,0.9164293102435332,0.9207733574716697,0.9131945541541271,0.9043103071646534,0.9246071462549532,0.9246071462549532,0.9269535753428199,0.9269535753428199,0.9783053055285085,0.9783053055285085,0.9341757242631952,0.9341757242631952
2026-04-02,0.9815817822123989,0.9207610858774066,0.9229495120040665,0.9174653800237856,0.9064475529457794,0.9267923615586781,0.9267923615586781,0.9312887493662936,0.9312887493662936,0.9806174309906738,0.9806174309906738,0.9385446748135912,0.9385446748135912
