Model,Evaluation Window,month,rows,top_k,spearman_ic,top_k_hit_rate,selected_mean_forward_return,universe_mean_forward_return,active_forward_return
Dummy[Preholdout prior probability],holdout,2020-01,9,3,,,,-0.028843776596634247,
Dummy[Preholdout prior probability],holdout,2020-02,9,3,,,,-0.08506995831815597,
Dummy[Preholdout prior probability],holdout,2020-03,9,3,,,,0.0794165018434571,
Dummy[Preholdout prior probability],holdout,2020-04,9,3,,,,0.029740945394446952,
Dummy[Preholdout prior probability],holdout,2020-05,9,3,,,,0.02561496963872541,
Dummy[Preholdout prior probability],holdout,2020-06,9,3,,,,0.05465483896931215,
Dummy[Preholdout prior probability],holdout,2020-07,9,3,,,,0.022631478902831695,
Dummy[Preholdout prior probability],holdout,2020-08,9,3,,,,-0.02273435643270885,
Dummy[Preholdout prior probability],holdout,2020-09,9,3,,,,-0.010902846733620507,
Dummy[Preholdout prior probability],holdout,2020-10,9,3,,,,0.06550979782023876,
Dummy[Preholdout prior probability],holdout,2020-11,9,3,,,,0.03846989803070032,
Dummy[Preholdout prior probability],holdout,2020-12,9,3,,,,-0.0011440841676125186,
Dummy[Preholdout prior probability],holdout,2021-01,9,3,,,,-0.0017058158636524328,
Dummy[Preholdout prior probability],holdout,2021-02,9,3,,,,0.005021361937602387,
Dummy[Preholdout prior probability],holdout,2021-03,9,3,,,,0.033050735804643384,
Dummy[Preholdout prior probability],holdout,2021-04,9,3,,,,0.011474736067908609,
Dummy[Preholdout prior probability],holdout,2021-05,9,3,,,,0.015089384316132739,
Dummy[Preholdout prior probability],holdout,2021-06,9,3,,,,0.008889102070241727,
Dummy[Preholdout prior probability],holdout,2021-07,9,3,,,,0.014355172753622846,
Dummy[Preholdout prior probability],holdout,2021-08,9,3,,,,-0.03430719330959616,
Dummy[Preholdout prior probability],holdout,2021-09,9,3,,,,0.033919583086947105,
Dummy[Preholdout prior probability],holdout,2021-10,9,3,,,,-0.00814291260574651,
Dummy[Preholdout prior probability],holdout,2021-11,9,3,,,,0.02478512684151668,
Dummy[Preholdout prior probability],holdout,2021-12,9,3,,,,-0.04706511029911301,
Dummy[Preholdout prior probability],holdout,2022-01,9,3,,,,-0.01207924042379465,
Dummy[Preholdout prior probability],holdout,2022-02,9,3,,,,0.0032748039837103837,
Dummy[Preholdout prior probability],holdout,2022-03,9,3,,,,-0.06933050017927235,
Dummy[Preholdout prior probability],holdout,2022-04,9,3,,,,-0.009449679616672597,
Dummy[Preholdout prior probability],holdout,2022-05,9,3,,,,-0.054311863957594464,
Dummy[Preholdout prior probability],holdout,2022-06,9,3,,,,0.05565977500318883,
Dummy[Preholdout prior probability],holdout,2022-07,9,3,,,,-0.03801445436901753,
Dummy[Preholdout prior probability],holdout,2022-08,9,3,,,,-0.08161101896775244,
Dummy[Preholdout prior probability],holdout,2022-09,9,3,,,,0.0210890417250722,
Dummy[Preholdout prior probability],holdout,2022-10,9,3,,,,0.06414317496858447,
Dummy[Preholdout prior probability],holdout,2022-11,9,3,,,,-0.0354410070641216,
Dummy[Preholdout prior probability],holdout,2022-12,9,3,,,,0.07437025739312181,
Dummy[Preholdout prior probability],holdout,2023-01,9,3,,,,-0.03711493134035412,
Dummy[Preholdout prior probability],holdout,2023-02,9,3,,,,0.030973202502033798,
Dummy[Preholdout prior probability],holdout,2023-03,9,3,,,,0.002229079144615046,
Dummy[Preholdout prior probability],holdout,2023-04,9,3,,,,-0.00651299932271723,
Dummy[Preholdout prior probability],holdout,2023-05,9,3,,,,0.03266673201734189,
Dummy[Preholdout prior probability],holdout,2023-06,9,3,,,,0.02391839712679052,
Dummy[Preholdout prior probability],holdout,2023-07,9,3,,,,-0.025736558666202072,
Dummy[Preholdout prior probability],holdout,2023-08,9,3,,,,-0.04835492684680753,
Dummy[Preholdout prior probability],holdout,2023-09,9,3,,,,-0.021252635452726067,
Dummy[Preholdout prior probability],holdout,2023-10,9,3,,,,0.07880862834887714,
Dummy[Preholdout prior probability],holdout,2023-11,9,3,,,,0.05802444420667722,
Dummy[Preholdout prior probability],holdout,2023-12,9,3,,,,-0.01505938091525204,
Dummy[Preholdout prior probability],holdout,2024-01,9,3,,,,0.020776538491438616,
Dummy[Preholdout prior probability],holdout,2024-02,9,3,,,,0.026647960116727196,
Dummy[Preholdout prior probability],holdout,2024-03,9,3,,,,-0.03484804385729255,
Dummy[Preholdout prior probability],holdout,2024-04,9,3,,,,0.034110495128370215,
Dummy[Preholdout prior probability],holdout,2024-05,9,3,,,,0.018606883347542395,
Dummy[Preholdout prior probability],holdout,2024-06,9,3,,,,0.03655518755450766,
Dummy[Preholdout prior probability],holdout,2024-07,9,3,,,,0.016718903811860746,
Dummy[Preholdout prior probability],holdout,2024-08,9,3,,,,0.02734601676615858,
Dummy[Preholdout prior probability],holdout,2024-09,9,3,,,,-0.016790702820888816,
Dummy[Preholdout prior probability],holdout,2024-10,9,3,,,,0.028329535996731343,
Dummy[Preholdout prior probability],holdout,2024-11,9,3,,,,-0.03469253720836788,
Dummy[Preholdout prior probability],holdout,2024-12,9,3,,,,0.022671625556127967,
Dummy[Preholdout prior probability],holdout,2025-01,9,3,,,,0.0077099186183671176,
Dummy[Preholdout prior probability],holdout,2025-02,9,3,,,,-0.015519909846651192,
Dummy[Preholdout prior probability],holdout,2025-03,9,3,,,,0.0012694874297984758,
Dummy[Preholdout prior probability],holdout,2025-04,9,3,,,,0.025658027365854614,
Dummy[Preholdout prior probability],holdout,2025-05,9,3,,,,0.03471453004209072,
Dummy[Preholdout prior probability],holdout,2025-06,9,3,,,,0.0054856041866041295,
Dummy[Preholdout prior probability],holdout,2025-07,9,3,,,,0.026785585352391235,
Dummy[Preholdout prior probability],holdout,2025-08,9,3,,,,0.04017926388595266,
Dummy[Preholdout prior probability],holdout,2025-09,9,3,,,,0.017418450493185553,
Dummy[Preholdout prior probability],holdout,2025-10,9,3,,,,0.00853549604106548,
Dummy[Preholdout prior probability],holdout,2025-11,9,3,,,,-0.002367049916127511,
Dummy[Preholdout prior probability],holdout,2025-12,9,3,,,,0.03492989815406327,
Dummy[Preholdout prior probability],holdout,2026-01,9,3,,,,0.027294994422033363,
Dummy[Preholdout prior probability],holdout,2026-02,9,3,,,,-0.05428717392251122,
Dummy[Preholdout prior probability],holdout,2026-03,9,3,,,,0.06505577186641257,
Rule[12M momentum top-k],calibration,2018-01,9,3,-0.2333333333333333,0.3333333333333333,-0.03609111697025288,-0.03251812149607111,-0.0035729954741817657
Rule[12M momentum top-k],calibration,2018-02,9,3,-0.7666666666666667,0.0,-0.020928062648108536,0.003606058649571136,-0.02453412129767967
Rule[12M momentum top-k],calibration,2018-03,9,3,-0.08333333333333334,0.3333333333333333,-0.0059809528417605895,-0.00425610474084554,-0.001724848100915049
Rule[12M momentum top-k],calibration,2018-04,9,3,-0.06666666666666667,0.3333333333333333,0.01827447888018019,0.01907856089757931,-0.0008040820173991214
Rule[12M momentum top-k],calibration,2018-05,9,3,0.049999999999999996,0.3333333333333333,0.007781723845491806,-0.0007576732826948386,0.008539397128186644
Rule[12M momentum top-k],calibration,2018-06,9,3,0.7166666666666667,0.6666666666666666,0.027166945534658,0.010837876908425513,0.016329068626232485
Rule[12M momentum top-k],calibration,2018-07,9,3,0.65,1.0,0.0442775722604997,0.014429630048131668,0.02984794221236803
Rule[12M momentum top-k],calibration,2018-08,9,3,0.2833333333333333,0.6666666666666666,-0.006707012317984318,-0.010512335311302492,0.003805322993318174
Rule[12M momentum top-k],calibration,2018-09,9,3,-0.6,0.0,-0.08831318920052607,-0.04585615600323049,-0.04245703319729558
Rule[12M momentum top-k],calibration,2018-10,9,3,-0.39999999999999997,0.3333333333333333,0.011054151405379095,0.017721407359977723,-0.006667255954598628
Rule[12M momentum top-k],calibration,2018-11,9,3,-0.7166666666666667,0.0,-0.08472485629081224,-0.032630433676544265,-0.05209442261426797
Rule[12M momentum top-k],calibration,2018-12,9,3,-0.7,0.0,0.041833118074609134,0.06599897675102401,-0.024165858676414874
Rule[12M momentum top-k],calibration,2019-01,9,3,-0.06666666666666667,0.0,0.0046145796181028915,0.010310345309029115,-0.0056957656909262236
Rule[12M momentum top-k],calibration,2019-02,9,3,0.5,0.3333333333333333,0.027208814678833626,0.018788731305260892,0.008420083373572734
Rule[12M momentum top-k],calibration,2019-03,9,3,0.21666666666666667,0.6666666666666666,0.03141103334071523,0.014428680422545933,0.016982352918169297
Rule[12M momentum top-k],calibration,2019-04,9,3,-0.08333333333333334,0.0,-0.04821342215221658,-0.02214977625166408,-0.026063645900552497
Rule[12M momentum top-k],calibration,2019-05,9,3,-0.7333333333333334,0.0,0.012405155982419647,0.04735589378201367,-0.034950737799594025
Rule[12M momentum top-k],calibration,2019-06,9,3,0.31666666666666665,0.3333333333333333,0.006562713040807466,0.004483859893244933,0.0020788531475625337
Rule[12M momentum top-k],calibration,2019-07,9,3,0.8333333333333333,0.6666666666666666,0.07569210501155406,0.016734911536470456,0.0589571934750836
Rule[12M momentum top-k],calibration,2019-08,9,3,-0.75,0.3333333333333333,-0.013825392652186075,0.0018866084647653923,-0.015712001116951466
Rule[12M momentum top-k],calibration,2019-09,9,3,-0.7,0.0,0.008587888648064368,0.018047813914944984,-0.009459925266880616
Rule[12M momentum top-k],calibration,2019-10,9,3,-0.5,0.0,-0.016400030425034757,0.007357355605786579,-0.023757386030821337
Rule[12M momentum top-k],calibration,2019-11,9,3,-0.26666666666666666,0.6666666666666666,0.01448249780788021,0.02168823846543117,-0.007205740657550962
Rule[12M momentum top-k],calibration,2019-12,9,3,-0.25,0.0,0.014088628941662665,0.011292453838961146,0.002796175102701519
Rule[12M momentum top-k],holdout,2020-01,9,3,0.09999999999999999,0.3333333333333333,-0.02449155916874135,-0.028843776596634247,0.004352217427892897
Rule[12M momentum top-k],holdout,2020-02,9,3,0.8499999999999999,0.6666666666666666,-0.0037718326443374472,-0.08506995831815597,0.08129812567381853
Rule[12M momentum top-k],holdout,2020-03,9,3,-0.5833333333333334,0.0,0.029184269095526332,0.0794165018434571,-0.05023223274793076
Rule[12M momentum top-k],holdout,2020-04,9,3,-0.5333333333333333,0.0,0.0038454725241638212,0.029740945394446952,-0.02589547287028313
Rule[12M momentum top-k],holdout,2020-05,9,3,-0.06666666666666667,0.3333333333333333,0.031203471325220722,0.02561496963872541,0.005588501686495311
Rule[12M momentum top-k],holdout,2020-06,9,3,0.43333333333333335,0.6666666666666666,0.0752405776337189,0.05465483896931215,0.02058573866440675
Rule[12M momentum top-k],holdout,2020-07,9,3,0.0,0.3333333333333333,0.018582149390994413,0.022631478902831695,-0.004049329511837282
Rule[12M momentum top-k],holdout,2020-08,9,3,-0.5833333333333334,0.0,-0.04564810015968227,-0.02273435643270885,-0.022913743726973423
Rule[12M momentum top-k],holdout,2020-09,9,3,-0.35,0.0,-0.020192362133295155,-0.010902846733620507,-0.009289515399674647
Rule[12M momentum top-k],holdout,2020-10,9,3,-0.26666666666666666,0.3333333333333333,0.02493709342960178,0.06550979782023876,-0.04057270439063698
Rule[12M momentum top-k],holdout,2020-11,9,3,0.4666666666666666,0.6666666666666666,0.06348582038277877,0.03846989803070032,0.025015922352078446
Rule[12M momentum top-k],holdout,2020-12,9,3,0.049999999999999996,0.6666666666666666,0.006276588646995096,-0.0011440841676125186,0.0074206728146076146
Rule[12M momentum top-k],holdout,2021-01,9,3,0.13333333333333333,0.3333333333333333,0.022856321494277448,-0.0017058158636524328,0.02456213735792988
Rule[12M momentum top-k],holdout,2021-02,9,3,0.5166666666666667,0.3333333333333333,0.007953161715625582,0.005021361937602387,0.002931799778023195
Rule[12M momentum top-k],holdout,2021-03,9,3,0.2333333333333333,0.3333333333333333,0.029658270531667325,0.033050735804643384,-0.003392465272976059
Rule[12M momentum top-k],holdout,2021-04,9,3,-0.049999999999999996,0.3333333333333333,0.002395834969413461,0.011474736067908609,-0.009078901098495148
Rule[12M momentum top-k],holdout,2021-05,9,3,0.049999999999999996,0.3333333333333333,0.03027176780851389,0.015089384316132739,0.01518238349238115
Rule[12M momentum top-k],holdout,2021-06,9,3,-0.31666666666666665,0.3333333333333333,0.005582926568019582,0.008889102070241727,-0.0033061755022221447
Rule[12M momentum top-k],holdout,2021-07,9,3,0.9,1.0,0.031325944970084306,0.014355172753622846,0.016970772216461462
Rule[12M momentum top-k],holdout,2021-08,9,3,-0.3666666666666667,0.3333333333333333,-0.04407460911322273,-0.03430719330959616,-0.00976741580362657
Rule[12M momentum top-k],holdout,2021-09,9,3,0.5833333333333334,0.6666666666666666,0.0613360481168419,0.033919583086947105,0.027416465029894796
Rule[12M momentum top-k],holdout,2021-10,9,3,-0.6833333333333333,0.0,-0.024150583845072144,-0.00814291260574651,-0.016007671239325633
Rule[12M momentum top-k],holdout,2021-11,9,3,0.5333333333333333,0.6666666666666666,0.051608886258533104,0.02478512684151668,0.026823759417016424
Rule[12M momentum top-k],holdout,2021-12,9,3,-0.6666666666666667,0.0,-0.07480936318714264,-0.04706511029911301,-0.027744252888029626
Rule[12M momentum top-k],holdout,2022-01,9,3,-0.21666666666666667,0.0,-0.036367857545439884,-0.01207924042379465,-0.024288617121645234
Rule[12M momentum top-k],holdout,2022-02,9,3,0.7,0.6666666666666666,0.03765177532828057,0.0032748039837103837,0.034376971344570184
Rule[12M momentum top-k],holdout,2022-03,9,3,0.2333333333333333,0.3333333333333333,-0.08820166084404613,-0.06933050017927235,-0.018871160664773776
Rule[12M momentum top-k],holdout,2022-04,9,3,-0.43333333333333335,0.0,-0.02573743112646661,-0.009449679616672597,-0.016287751509794012
Rule[12M momentum top-k],holdout,2022-05,9,3,-0.18333333333333335,0.3333333333333333,-0.05753635121404854,-0.054311863957594464,-0.0032244872564540783
Rule[12M momentum top-k],holdout,2022-06,9,3,-0.26666666666666666,0.0,0.029964134487169097,0.05565977500318883,-0.025695640516019736
Rule[12M momentum top-k],holdout,2022-07,9,3,-0.3,0.3333333333333333,-0.043453530735791245,-0.03801445436901753,-0.005439076366773717
Rule[12M momentum top-k],holdout,2022-08,9,3,0.4666666666666666,0.6666666666666666,-0.05291041563673926,-0.08161101896775244,0.02870060333101318
Rule[12M momentum top-k],holdout,2022-09,9,3,0.21666666666666667,0.3333333333333333,0.03236281149315005,0.0210890417250722,0.011273769768077847
Rule[12M momentum top-k],holdout,2022-10,9,3,-0.3,0.3333333333333333,0.05827440682144861,0.06414317496858447,-0.005868768147135862
Rule[12M momentum top-k],holdout,2022-11,9,3,0.39999999999999997,0.6666666666666666,-0.015297117883910008,-0.0354410070641216,0.020143889180211594
Rule[12M momentum top-k],holdout,2022-12,9,3,-0.8166666666666667,0.0,0.043357835522518595,0.07437025739312181,-0.031012421870603213
Rule[12M momentum top-k],holdout,2023-01,9,3,0.09999999999999999,0.6666666666666666,-0.029920559896880878,-0.03711493134035412,0.007194371443473239
Rule[12M momentum top-k],holdout,2023-02,9,3,-0.11666666666666665,0.3333333333333333,0.01684363234299857,0.030973202502033798,-0.014129570159035227
Rule[12M momentum top-k],holdout,2023-03,9,3,0.41666666666666663,0.6666666666666666,0.006264301994382586,0.002229079144615046,0.004035222849767539
Rule[12M momentum top-k],holdout,2023-04,9,3,0.7,0.6666666666666666,0.0233448307717334,-0.00651299932271723,0.02985783009445063
Rule[12M momentum top-k],holdout,2023-05,9,3,-0.016666666666666666,0.6666666666666666,0.03520817691703441,0.03266673201734189,0.0025414448996925187
Rule[12M momentum top-k],holdout,2023-06,9,3,0.65,0.6666666666666666,0.04414083290039006,0.02391839712679052,0.02022243577359954
Rule[12M momentum top-k],holdout,2023-07,9,3,0.08333333333333334,0.3333333333333333,-0.014619890685252343,-0.025736558666202072,0.01111666798094973
Rule[12M momentum top-k],holdout,2023-08,9,3,0.35,0.0,-0.048613014549627374,-0.04835492684680753,-0.0002580877028198411
Rule[12M momentum top-k],holdout,2023-09,9,3,0.48333333333333334,0.3333333333333333,0.010453581046337276,-0.021252635452726067,0.03170621649906334
Rule[12M momentum top-k],holdout,2023-10,9,3,-0.3,0.3333333333333333,0.07047712099676628,0.07880862834887714,-0.008331507352110856
Rule[12M momentum top-k],holdout,2023-11,9,3,-0.43333333333333335,0.0,0.03811537110942842,0.05802444420667722,-0.0199090730972488
Rule[12M momentum top-k],holdout,2023-12,9,3,0.43333333333333335,0.6666666666666666,-0.0016309908341426056,-0.01505938091525204,0.013428390081109434
Rule[12M momentum top-k],holdout,2024-01,9,3,0.48333333333333334,0.6666666666666666,0.03601863993795895,0.020776538491438616,0.015242101446520336
Rule[12M momentum top-k],holdout,2024-02,9,3,0.5166666666666667,0.6666666666666666,0.04404496440617778,0.026647960116727196,0.017397004289450582
Rule[12M momentum top-k],holdout,2024-03,9,3,-0.31666666666666665,0.0,-0.05084369015194915,-0.03484804385729255,-0.0159956462946566
Rule[12M momentum top-k],holdout,2024-04,9,3,0.43333333333333335,0.6666666666666666,0.04276229720127008,0.034110495128370215,0.008651802072899867
Rule[12M momentum top-k],holdout,2024-05,9,3,0.2833333333333333,0.6666666666666666,0.029579294006988333,0.018606883347542395,0.010972410659445937
Rule[12M momentum top-k],holdout,2024-06,9,3,-0.38333333333333336,0.3333333333333333,0.0163332929841347,0.03655518755450766,-0.020221894570372958
Rule[12M momentum top-k],holdout,2024-07,9,3,0.016666666666666666,0.3333333333333333,0.01844223521772892,0.016718903811860746,0.001723331405868174
Rule[12M momentum top-k],holdout,2024-08,9,3,0.5,0.3333333333333333,0.03270305790158701,0.02734601676615858,0.005357041135428429
Rule[12M momentum top-k],holdout,2024-09,9,3,0.8333333333333333,1.0,0.008474519617551302,-0.016790702820888816,0.025265222438440118
Rule[12M momentum top-k],holdout,2024-10,9,3,0.38333333333333336,0.6666666666666666,0.02730016938773631,0.028329535996731343,-0.0010293666089950318
Rule[12M momentum top-k],holdout,2024-11,9,3,-0.16666666666666669,0.3333333333333333,-0.03441958464855829,-0.03469253720836788,0.00027295255980959443
Rule[12M momentum top-k],holdout,2024-12,9,3,0.9,0.6666666666666666,0.03878210629784936,0.022671625556127967,0.016110480741721393
Rule[12M momentum top-k],holdout,2025-01,9,3,-0.5833333333333334,0.0,-0.007171094147420565,0.0077099186183671176,-0.014881012765787682
Rule[12M momentum top-k],holdout,2025-02,9,3,-0.03333333333333333,0.3333333333333333,-0.01237170572786798,-0.015519909846651192,0.0031482041187832124
Rule[12M momentum top-k],holdout,2025-03,9,3,0.26666666666666666,0.3333333333333333,0.010402756697013812,0.0012694874297984758,0.009133269267215336
Rule[12M momentum top-k],holdout,2025-04,9,3,0.049999999999999996,0.3333333333333333,0.03414379952223131,0.025658027365854614,0.008485772156376695
Rule[12M momentum top-k],holdout,2025-05,9,3,-0.39999999999999997,0.3333333333333333,0.024931521984425498,0.03471453004209072,-0.009783008057665223
Rule[12M momentum top-k],holdout,2025-06,9,3,0.33333333333333337,0.3333333333333333,0.008245252399273465,0.0054856041866041295,0.0027596482126693352
Rule[12M momentum top-k],holdout,2025-07,9,3,0.09999999999999999,0.3333333333333333,0.028728458026500814,0.026785585352391235,0.001942872674109579
Rule[12M momentum top-k],holdout,2025-08,9,3,0.7333333333333334,1.0,0.08078170223612502,0.04017926388595266,0.04060243835017236
Rule[12M momentum top-k],holdout,2025-09,9,3,0.8499999999999999,0.6666666666666666,0.035742603393288754,0.017418450493185553,0.0183241529001032
Rule[12M momentum top-k],holdout,2025-10,9,3,-0.2333333333333333,0.3333333333333333,0.006782133266325041,0.00853549604106548,-0.001753362774740438
Rule[12M momentum top-k],holdout,2025-11,9,3,0.9,0.6666666666666666,0.01220906287631185,-0.002367049916127511,0.01457611279243936
Rule[12M momentum top-k],holdout,2025-12,9,3,0.6333333333333333,0.6666666666666666,0.07175999647230909,0.03492989815406327,0.03683009831824582
Rule[12M momentum top-k],holdout,2026-01,9,3,0.09999999999999999,0.6666666666666666,0.04087955361980896,0.027294994422033363,0.013584559197775598
Rule[12M momentum top-k],holdout,2026-02,9,3,-0.75,0.0,-0.08421479240164058,-0.05428717392251122,-0.029927618479129357
Rule[12M momentum top-k],holdout,2026-03,9,3,0.3,0.6666666666666666,0.07740715023650162,0.06505577186641257,0.012351378370089053
Rule[6M momentum top-k],calibration,2018-01,9,3,-0.03333333333333333,0.3333333333333333,-0.03609111697025288,-0.03251812149607111,-0.0035729954741817657
Rule[6M momentum top-k],calibration,2018-02,9,3,-0.7833333333333333,0.3333333333333333,-0.018674375868489967,0.003606058649571136,-0.022280434518061103
Rule[6M momentum top-k],calibration,2018-03,9,3,0.0,0.3333333333333333,-0.0059809528417605895,-0.00425610474084554,-0.001724848100915049
Rule[6M momentum top-k],calibration,2018-04,9,3,0.049999999999999996,0.3333333333333333,0.01827447888018019,0.01907856089757931,-0.0008040820173991214
Rule[6M momentum top-k],calibration,2018-05,9,3,-0.06666666666666667,0.3333333333333333,0.007781723845491806,-0.0007576732826948386,0.008539397128186644
Rule[6M momentum top-k],calibration,2018-06,9,3,0.38333333333333336,0.6666666666666666,0.027166945534658,0.010837876908425513,0.016329068626232485
Rule[6M momentum top-k],calibration,2018-07,9,3,0.75,0.6666666666666666,0.042220981808243296,0.014429630048131668,0.02779135176011163
Rule[6M momentum top-k],calibration,2018-08,9,3,-0.25,0.3333333333333333,-0.017569992661161476,-0.010512335311302492,-0.007057657349858984
Rule[6M momentum top-k],calibration,2018-09,9,3,-0.5166666666666667,0.0,-0.08831318920052607,-0.04585615600323049,-0.04245703319729558
Rule[6M momentum top-k],calibration,2018-10,9,3,-0.25,0.6666666666666666,0.02087700367112344,0.017721407359977723,0.003155596311145717
Rule[6M momentum top-k],calibration,2018-11,9,3,0.08333333333333334,0.3333333333333333,-0.04650823617627253,-0.032630433676544265,-0.013877802499728267
Rule[6M momentum top-k],calibration,2018-12,9,3,-0.7666666666666667,0.0,0.013059086175876219,0.06599897675102401,-0.05293989057514779
Rule[6M momentum top-k],calibration,2019-01,9,3,-0.6166666666666666,0.0,-0.0014646641268346583,0.010310345309029115,-0.011775009435863773
Rule[6M momentum top-k],calibration,2019-02,9,3,0.16666666666666669,0.3333333333333333,0.017582546123023086,0.018788731305260892,-0.0012061851822378067
Rule[6M momentum top-k],calibration,2019-03,9,3,-0.8499999999999999,0.0,-0.00938707834572298,0.014428680422545933,-0.023815758768268913
Rule[6M momentum top-k],calibration,2019-04,9,3,-0.41666666666666663,0.0,-0.05138904593211006,-0.02214977625166408,-0.029239269680445976
Rule[6M momentum top-k],calibration,2019-05,9,3,-0.5499999999999999,0.0,0.012405155982419647,0.04735589378201367,-0.034950737799594025
Rule[6M momentum top-k],calibration,2019-06,9,3,0.8499999999999999,1.0,0.018505222451433562,0.004483859893244933,0.01402136255818863
Rule[6M momentum top-k],calibration,2019-07,9,3,0.16666666666666669,0.3333333333333333,0.02491748050686582,0.016734911536470456,0.008182568970395362
Rule[6M momentum top-k],calibration,2019-08,9,3,-0.65,0.3333333333333333,-0.013825392652186075,0.0018866084647653923,-0.015712001116951466
Rule[6M momentum top-k],calibration,2019-09,9,3,-0.5499999999999999,0.0,0.008587888648064368,0.018047813914944984,-0.009459925266880616
Rule[6M momentum top-k],calibration,2019-10,9,3,-0.7,0.0,-0.016400030425034757,0.007357355605786579,-0.023757386030821337
Rule[6M momentum top-k],calibration,2019-11,9,3,0.38333333333333336,0.3333333333333333,0.03192835027913884,0.02168823846543117,0.010240111813707667
Rule[6M momentum top-k],calibration,2019-12,9,3,-0.2333333333333333,0.0,-0.0003484904880502275,0.011292453838961146,-0.011640944327011373
Rule[6M momentum top-k],holdout,2020-01,9,3,-0.16666666666666669,0.3333333333333333,-0.048700514974247246,-0.028843776596634247,-0.019856738377613
Rule[6M momentum top-k],holdout,2020-02,9,3,0.6166666666666666,0.3333333333333333,-0.05559709100037195,-0.08506995831815597,0.029472867317784028
Rule[6M momentum top-k],holdout,2020-03,9,3,-0.65,0.0,0.029184269095526332,0.0794165018434571,-0.05023223274793076
Rule[6M momentum top-k],holdout,2020-04,9,3,-0.2833333333333333,0.3333333333333333,0.02475689808910153,0.029740945394446952,-0.004984047305345421
Rule[6M momentum top-k],holdout,2020-05,9,3,-0.15,0.3333333333333333,0.031203471325220722,0.02561496963872541,0.005588501686495311
Rule[6M momentum top-k],holdout,2020-06,9,3,0.31666666666666665,0.6666666666666666,0.0752405776337189,0.05465483896931215,0.02058573866440675
Rule[6M momentum top-k],holdout,2020-07,9,3,-0.2333333333333333,0.3333333333333333,0.018582149390994413,0.022631478902831695,-0.004049329511837282
Rule[6M momentum top-k],holdout,2020-08,9,3,-0.7333333333333334,0.0,-0.04564810015968227,-0.02273435643270885,-0.022913743726973423
Rule[6M momentum top-k],holdout,2020-09,9,3,0.19999999999999998,0.3333333333333333,-0.011117289667270177,-0.010902846733620507,-0.00021444293364967018
Rule[6M momentum top-k],holdout,2020-10,9,3,0.5833333333333334,0.6666666666666666,0.1282042651845238,0.06550979782023876,0.06269446736428504
Rule[6M momentum top-k],holdout,2020-11,9,3,0.7833333333333333,0.6666666666666666,0.06892777358176046,0.03846989803070032,0.030457875551060137
Rule[6M momentum top-k],holdout,2020-12,9,3,0.9166666666666666,1.0,0.02760263475920599,-0.0011440841676125186,0.02874671892681851
Rule[6M momentum top-k],holdout,2021-01,9,3,0.8333333333333333,0.3333333333333333,0.022856321494277448,-0.0017058158636524328,0.02456213735792988
Rule[6M momentum top-k],holdout,2021-02,9,3,0.6666666666666667,0.3333333333333333,0.01940398341177992,0.005021361937602387,0.014382621474177532
Rule[6M momentum top-k],holdout,2021-03,9,3,0.08333333333333334,0.3333333333333333,0.027595663822354528,0.033050735804643384,-0.005455071982288857
Rule[6M momentum top-k],holdout,2021-04,9,3,0.03333333333333333,0.3333333333333333,0.00578442744826746,0.011474736067908609,-0.005690308619641149
Rule[6M momentum top-k],holdout,2021-05,9,3,0.19999999999999998,0.3333333333333333,0.02249735995323358,0.015089384316132739,0.0074079756371008415
Rule[6M momentum top-k],holdout,2021-06,9,3,-0.03333333333333333,0.3333333333333333,0.010782756149698739,0.008889102070241727,0.001893654079457012
Rule[6M momentum top-k],holdout,2021-07,9,3,0.65,0.6666666666666666,0.031163749702170025,0.014355172753622846,0.016808576948547177
Rule[6M momentum top-k],holdout,2021-08,9,3,-0.7,0.0,-0.05341726041564158,-0.03430719330959616,-0.019110067106045417
Rule[6M momentum top-k],holdout,2021-09,9,3,0.6666666666666667,1.0,0.07337801652668612,0.033919583086947105,0.03945843343973901
Rule[6M momentum top-k],holdout,2021-10,9,3,0.26666666666666666,0.3333333333333333,-0.003053127226270158,-0.00814291260574651,0.005089785379476353
Rule[6M momentum top-k],holdout,2021-11,9,3,-0.21666666666666667,0.3333333333333333,0.012544394253293048,0.02478512684151668,-0.012240732588223632
Rule[6M momentum top-k],holdout,2021-12,9,3,-0.4666666666666666,0.0,-0.07480936318714264,-0.04706511029911301,-0.027744252888029626
Rule[6M momentum top-k],holdout,2022-01,9,3,-0.3666666666666667,0.0,-0.036367857545439884,-0.01207924042379465,-0.024288617121645234
Rule[6M momentum top-k],holdout,2022-02,9,3,0.35,0.6666666666666666,0.03765177532828057,0.0032748039837103837,0.034376971344570184
Rule[6M momentum top-k],holdout,2022-03,9,3,0.43333333333333335,0.6666666666666666,-0.04978346632010607,-0.06933050017927235,0.019547033859166278
Rule[6M momentum top-k],holdout,2022-04,9,3,-0.16666666666666669,0.3333333333333333,-0.021056797859000276,-0.009449679616672597,-0.011607118242327678
Rule[6M momentum top-k],holdout,2022-05,9,3,0.3666666666666667,0.3333333333333333,-0.053549133500687275,-0.054311863957594464,0.0007627304569071888
Rule[6M momentum top-k],holdout,2022-06,9,3,-0.75,0.0,0.02357382289675025,0.05565977500318883,-0.03208595210643858
Rule[6M momentum top-k],holdout,2022-07,9,3,-0.03333333333333333,0.6666666666666666,-0.03652848127089381,-0.03801445436901753,0.001485973098123719
Rule[6M momentum top-k],holdout,2022-08,9,3,0.31666666666666665,0.6666666666666666,-0.059066331708847265,-0.08161101896775244,0.022544687258905176
Rule[6M momentum top-k],holdout,2022-09,9,3,-0.08333333333333334,0.0,0.0004242767089811898,0.0210890417250722,-0.02066476501609101
Rule[6M momentum top-k],holdout,2022-10,9,3,-0.9,0.0,0.037313836338715246,0.06414317496858447,-0.026829338629869227
Rule[6M momentum top-k],holdout,2022-11,9,3,-0.38333333333333336,0.3333333333333333,-0.04677967763172486,-0.0354410070641216,-0.011338670567603258
Rule[6M momentum top-k],holdout,2022-12,9,3,-0.16666666666666669,0.3333333333333333,0.06591495241096872,0.07437025739312181,-0.008455304982153092
Rule[6M momentum top-k],holdout,2023-01,9,3,-0.2833333333333333,0.3333333333333333,-0.04886235883177126,-0.03711493134035412,-0.011747427491417141
Rule[6M momentum top-k],holdout,2023-02,9,3,-0.11666666666666665,0.3333333333333333,0.01684363234299857,0.030973202502033798,-0.014129570159035227
Rule[6M momentum top-k],holdout,2023-03,9,3,0.18333333333333335,0.3333333333333333,0.0017799787435177998,0.002229079144615046,-0.00044910040109724637
Rule[6M momentum top-k],holdout,2023-04,9,3,0.13333333333333333,0.3333333333333333,0.01379856917030168,-0.00651299932271723,0.020311568493018912
Rule[6M momentum top-k],holdout,2023-05,9,3,-0.16666666666666669,0.6666666666666666,0.03520817691703441,0.03266673201734189,0.0025414448996925187
Rule[6M momentum top-k],holdout,2023-06,9,3,0.7,0.6666666666666666,0.04414083290039006,0.02391839712679052,0.02022243577359954
Rule[6M momentum top-k],holdout,2023-07,9,3,0.16666666666666669,0.0,-0.027303297577818426,-0.025736558666202072,-0.0015667389116163534
Rule[6M momentum top-k],holdout,2023-08,9,3,0.4666666666666666,0.0,-0.048613014549627374,-0.04835492684680753,-0.0002580877028198411
Rule[6M momentum top-k],holdout,2023-09,9,3,-0.049999999999999996,0.0,-0.03716812983260909,-0.021252635452726067,-0.01591549437988302
Rule[6M momentum top-k],holdout,2023-10,9,3,-0.03333333333333333,0.3333333333333333,0.08280287795691277,0.07880862834887714,0.003994249608035627
Rule[6M momentum top-k],holdout,2023-11,9,3,0.06666666666666667,0.0,0.04448344821620368,0.05802444420667722,-0.013540995990473537
Rule[6M momentum top-k],holdout,2023-12,9,3,0.13333333333333333,0.3333333333333333,-0.023802656719657755,-0.01505938091525204,-0.008743275804405716
Rule[6M momentum top-k],holdout,2024-01,9,3,0.08333333333333334,0.6666666666666666,0.03601863993795895,0.020776538491438616,0.015242101446520336
Rule[6M momentum top-k],holdout,2024-02,9,3,0.43333333333333335,0.6666666666666666,0.026773765381282438,0.026647960116727196,0.00012580526455524196
Rule[6M momentum top-k],holdout,2024-03,9,3,-0.38333333333333336,0.0,-0.05084369015194915,-0.03484804385729255,-0.0159956462946566
Rule[6M momentum top-k],holdout,2024-04,9,3,0.7666666666666667,1.0,0.054160179871775606,0.034110495128370215,0.02004968474340539
Rule[6M momentum top-k],holdout,2024-05,9,3,0.26666666666666666,0.6666666666666666,0.029579294006988333,0.018606883347542395,0.010972410659445937
Rule[6M momentum top-k],holdout,2024-06,9,3,-0.6333333333333333,0.3333333333333333,0.0163332929841347,0.03655518755450766,-0.020221894570372958
Rule[6M momentum top-k],holdout,2024-07,9,3,-0.2333333333333333,0.3333333333333333,0.009134188242932625,0.016718903811860746,-0.0075847155689281204
Rule[6M momentum top-k],holdout,2024-08,9,3,0.6333333333333333,0.6666666666666666,0.03486332786413097,0.02734601676615858,0.007517311097972389
Rule[6M momentum top-k],holdout,2024-09,9,3,0.3,0.3333333333333333,-0.007106031846606298,-0.016790702820888816,0.009684670974282519
Rule[6M momentum top-k],holdout,2024-10,9,3,0.19999999999999998,0.3333333333333333,0.021619472902223286,0.028329535996731343,-0.006710063094508056
Rule[6M momentum top-k],holdout,2024-11,9,3,-0.45,0.0,-0.06384025339305537,-0.03469253720836788,-0.029147716184687485
Rule[6M momentum top-k],holdout,2024-12,9,3,0.7333333333333334,0.6666666666666666,0.03644664669536716,0.022671625556127967,0.013775021139239191
Rule[6M momentum top-k],holdout,2025-01,9,3,-0.4666666666666666,0.0,-0.007171094147420565,0.0077099186183671176,-0.014881012765787682
Rule[6M momentum top-k],holdout,2025-02,9,3,0.11666666666666665,0.3333333333333333,-0.01237170572786798,-0.015519909846651192,0.0031482041187832124
Rule[6M momentum top-k],holdout,2025-03,9,3,0.65,0.6666666666666666,0.0219924961641651,0.0012694874297984758,0.020723008734366624
Rule[6M momentum top-k],holdout,2025-04,9,3,-0.6166666666666666,0.0,0.0015255392262295553,0.025658027365854614,-0.02413248813962506
Rule[6M momentum top-k],holdout,2025-05,9,3,0.016666666666666666,0.6666666666666666,0.04597671434849896,0.03471453004209072,0.01126218430640824
Rule[6M momentum top-k],holdout,2025-06,9,3,-0.21666666666666667,0.0,-0.0018134032274125984,0.0054856041866041295,-0.007299007414016728
Rule[6M momentum top-k],holdout,2025-07,9,3,0.049999999999999996,0.3333333333333333,0.028728458026500814,0.026785585352391235,0.001942872674109579
Rule[6M momentum top-k],holdout,2025-08,9,3,0.7333333333333334,1.0,0.08078170223612502,0.04017926388595266,0.04060243835017236
Rule[6M momentum top-k],holdout,2025-09,9,3,0.8499999999999999,1.0,0.03965699392054164,0.017418450493185553,0.022238543427356084
Rule[6M momentum top-k],holdout,2025-10,9,3,-0.45,0.3333333333333333,0.006782133266325041,0.00853549604106548,-0.001753362774740438
Rule[6M momentum top-k],holdout,2025-11,9,3,0.5499999999999999,0.6666666666666666,0.012077643335585217,-0.002367049916127511,0.014444693251712729
Rule[6M momentum top-k],holdout,2025-12,9,3,0.7166666666666667,1.0,0.0859250699344493,0.03492989815406327,0.05099517178038603
Rule[6M momentum top-k],holdout,2026-01,9,3,0.21666666666666667,0.6666666666666666,0.05095417586278953,0.027294994422033363,0.02365918144075617
Rule[6M momentum top-k],holdout,2026-02,9,3,-0.7833333333333333,0.0,-0.08421479240164058,-0.05428717392251122,-0.029927618479129357
Rule[6M momentum top-k],holdout,2026-03,9,3,-0.2833333333333333,0.6666666666666666,0.07740715023650162,0.06505577186641257,0.012351378370089053
Rule[Low volatility top-k],calibration,2018-01,9,3,0.8166666666666667,0.6666666666666666,-0.01812026445697601,-0.03251812149607111,0.014397857039095102
Rule[Low volatility top-k],calibration,2018-02,9,3,0.19999999999999998,0.0,0.005186500556569625,0.003606058649571136,0.0015804419069984886
Rule[Low volatility top-k],calibration,2018-03,9,3,-0.16666666666666669,0.0,-0.009616988302945662,-0.00425610474084554,-0.005360883562100121
Rule[Low volatility top-k],calibration,2018-04,9,3,-0.31666666666666665,0.0,0.010136246802405028,0.01907856089757931,-0.008942314095174283
Rule[Low volatility top-k],calibration,2018-05,9,3,-0.26666666666666666,0.0,-0.011062291603657903,-0.0007576732826948386,-0.010304618320963065
Rule[Low volatility top-k],calibration,2018-06,9,3,-0.5,0.0,-0.003639453911757721,0.010837876908425513,-0.014477330820183234
Rule[Low volatility top-k],calibration,2018-07,9,3,-0.26666666666666666,0.0,-0.0013879101865997094,0.014429630048131668,-0.015817540234731378
Rule[Low volatility top-k],calibration,2018-08,9,3,0.049999999999999996,0.3333333333333333,-0.011816037661063095,-0.010512335311302492,-0.0013037023497606028
Rule[Low volatility top-k],calibration,2018-09,9,3,0.45,0.6666666666666666,-0.030634312810500147,-0.04585615600323049,0.015221843192730341
Rule[Low volatility top-k],calibration,2018-10,9,3,-0.48333333333333334,0.0,0.0090607264561533,0.017721407359977723,-0.008660680903824422
Rule[Low volatility top-k],calibration,2018-11,9,3,0.6833333333333333,0.6666666666666666,0.021896930437523943,-0.032630433676544265,0.05452736411406821
Rule[Low volatility top-k],calibration,2018-12,9,3,-0.7,0.0,0.019918548412399224,0.06599897675102401,-0.04608042833862479
Rule[Low volatility top-k],calibration,2019-01,9,3,-0.5166666666666667,0.0,-0.00229118293353181,0.010310345309029115,-0.012601528242560925
Rule[Low volatility top-k],calibration,2019-02,9,3,0.11666666666666665,0.3333333333333333,0.03172605574744147,0.018788731305260892,0.01293732444218058
Rule[Low volatility top-k],calibration,2019-03,9,3,-0.75,0.0,-0.005078413877064536,0.014428680422545933,-0.01950709429961047
Rule[Low volatility top-k],calibration,2019-04,9,3,0.6666666666666667,0.6666666666666666,0.02651435302870501,-0.02214977625166408,0.04866412928036909
Rule[Low volatility top-k],calibration,2019-05,9,3,-0.35,0.3333333333333333,0.04124837528417539,0.04735589378201367,-0.006107518497838284
Rule[Low volatility top-k],calibration,2019-06,9,3,-0.4666666666666666,0.0,0.0015047805808871366,0.004483859893244933,-0.002979079312357796
Rule[Low volatility top-k],calibration,2019-07,9,3,0.6333333333333333,0.6666666666666666,0.05230133695581207,0.016734911536470456,0.035566425419341616
Rule[Low volatility top-k],calibration,2019-08,9,3,-0.5166666666666667,0.0,-0.01142341003801258,0.0018866084647653923,-0.013310018502777972
Rule[Low volatility top-k],calibration,2019-09,9,3,-0.75,0.0,0.004341445048924197,0.018047813914944984,-0.013706368866020786
Rule[Low volatility top-k],calibration,2019-10,9,3,-0.6833333333333333,0.0,-0.0047452597707338855,0.007357355605786579,-0.012102615376520465
Rule[Low volatility top-k],calibration,2019-11,9,3,-0.08333333333333334,0.0,0.012962812320979697,0.02168823846543117,-0.008725426144451475
Rule[Low volatility top-k],calibration,2019-12,9,3,-0.11666666666666665,0.3333333333333333,0.009863603158528486,0.011292453838961146,-0.0014288506804326605
Rule[Low volatility top-k],holdout,2020-01,9,3,0.03333333333333333,0.3333333333333333,-0.020814312305329413,-0.028843776596634247,0.008029464291304834
Rule[Low volatility top-k],holdout,2020-02,9,3,0.5333333333333333,0.6666666666666666,-0.02175921715087037,-0.08506995831815597,0.0633107411672856
Rule[Low volatility top-k],holdout,2020-03,9,3,-0.7166666666666667,0.0,0.041399853967700885,0.0794165018434571,-0.03801664787575621
Rule[Low volatility top-k],holdout,2020-04,9,3,-0.5,0.0,0.01954048013851876,0.029740945394446952,-0.01020046525592819
Rule[Low volatility top-k],holdout,2020-05,9,3,-0.5333333333333333,0.0,0.007322979548685105,0.02561496963872541,-0.018291990090040306
Rule[Low volatility top-k],holdout,2020-06,9,3,0.03333333333333333,0.3333333333333333,0.05359924981172141,0.05465483896931215,-0.0010555891575907417
Rule[Low volatility top-k],holdout,2020-07,9,3,-0.6166666666666666,0.0,-0.004385875407600455,0.022631478902831695,-0.02701735431043215
Rule[Low volatility top-k],holdout,2020-08,9,3,0.5,1.0,0.0005650697954594127,-0.02273435643270885,0.02329942622816826
Rule[Low volatility top-k],holdout,2020-09,9,3,0.0,0.3333333333333333,-0.014542277665577549,-0.010902846733620507,-0.003639430931957042
Rule[Low volatility top-k],holdout,2020-10,9,3,-0.6833333333333333,0.0,0.017845281618450004,0.06550979782023876,-0.047664516201788756
Rule[Low volatility top-k],holdout,2020-11,9,3,-0.6333333333333333,0.0,0.0016394628570421583,0.03846989803070032,-0.03683043517365816
Rule[Low volatility top-k],holdout,2020-12,9,3,-0.6,0.0,-0.01700964144353745,-0.0011440841676125186,-0.01586555727592493
Rule[Low volatility top-k],holdout,2021-01,9,3,-0.6,0.0,-0.027803227139239068,-0.0017058158636524328,-0.026097411275586634
Rule[Low volatility top-k],holdout,2021-02,9,3,-0.16666666666666669,0.3333333333333333,0.011232666424382328,0.005021361937602387,0.006211304486779942
Rule[Low volatility top-k],holdout,2021-03,9,3,-0.41666666666666663,0.0,0.01377997095567999,0.033050735804643384,-0.019270764848963395
Rule[Low volatility top-k],holdout,2021-04,9,3,0.049999999999999996,0.3333333333333333,0.0042376757242768015,0.011474736067908609,-0.007237060343631807
Rule[Low volatility top-k],holdout,2021-05,9,3,-0.26666666666666666,0.3333333333333333,0.022554462588139534,0.015089384316132739,0.0074650782720067956
Rule[Low volatility top-k],holdout,2021-06,9,3,0.03333333333333333,0.0,0.015121188259311191,0.008889102070241727,0.0062320861890694645
Rule[Low volatility top-k],holdout,2021-07,9,3,-0.45,0.3333333333333333,0.010634458659938728,0.014355172753622846,-0.0037207140936841177
Rule[Low volatility top-k],holdout,2021-08,9,3,0.18333333333333335,0.6666666666666666,-0.022092277660840837,-0.03430719330959616,0.012214915648755324
Rule[Low volatility top-k],holdout,2021-09,9,3,-0.2833333333333333,0.3333333333333333,0.0208752994857521,0.033919583086947105,-0.013044283601195004
Rule[Low volatility top-k],holdout,2021-10,9,3,0.33333333333333337,0.3333333333333333,-0.0029346858523912798,-0.00814291260574651,0.0052082267533552305
Rule[Low volatility top-k],holdout,2021-11,9,3,0.31666666666666665,0.3333333333333333,0.02128293092502609,0.02478512684151668,-0.0035021959164905914
Rule[Low volatility top-k],holdout,2021-12,9,3,0.7,0.6666666666666666,-0.021488970126304796,-0.04706511029911301,0.025576140172808216
Rule[Low volatility top-k],holdout,2022-01,9,3,0.39999999999999997,0.6666666666666666,0.016528756939768668,-0.01207924042379465,0.028607997363563318
Rule[Low volatility top-k],holdout,2022-02,9,3,-0.6166666666666666,0.0,-0.013584981388953735,0.0032748039837103837,-0.016859785372664117
Rule[Low volatility top-k],holdout,2022-03,9,3,0.6666666666666667,0.6666666666666666,-0.034929505378663794,-0.06933050017927235,0.034400994800608556
Rule[Low volatility top-k],holdout,2022-04,9,3,0.21666666666666667,0.6666666666666666,-0.00337750511527124,-0.009449679616672597,0.0060721745014013576
Rule[Low volatility top-k],holdout,2022-05,9,3,0.7999999999999999,0.6666666666666666,-0.03159758523786138,-0.054311863957594464,0.022714278719733083
Rule[Low volatility top-k],holdout,2022-06,9,3,-0.7999999999999999,0.0,0.02357382289675025,0.05565977500318883,-0.03208595210643858
Rule[Low volatility top-k],holdout,2022-07,9,3,0.21666666666666667,0.3333333333333333,-0.03702004545559597,-0.03801445436901753,0.0009944089134215559
Rule[Low volatility top-k],holdout,2022-08,9,3,0.6333333333333333,1.0,-0.03787827909308228,-0.08161101896775244,0.04373273987467016
Rule[Low volatility top-k],holdout,2022-09,9,3,-0.6,0.0,0.0004242767089811898,0.0210890417250722,-0.02066476501609101
Rule[Low volatility top-k],holdout,2022-10,9,3,0.08333333333333334,0.3333333333333333,0.05178472846738987,0.06414317496858447,-0.012358446501194602
Rule[Low volatility top-k],holdout,2022-11,9,3,0.9,1.0,-0.0010478951767781315,-0.0354410070641216,0.03439311188734347
Rule[Low volatility top-k],holdout,2022-12,9,3,-0.9500000000000001,0.0,0.043357835522518595,0.07437025739312181,-0.031012421870603213
Rule[Low volatility top-k],holdout,2023-01,9,3,-0.2333333333333333,0.3333333333333333,-0.03507831972062544,-0.03711493134035412,0.0020366116197286788
Rule[Low volatility top-k],holdout,2023-02,9,3,0.03333333333333333,0.3333333333333333,0.04540500268960387,0.030973202502033798,0.014431800187570069
Rule[Low volatility top-k],holdout,2023-03,9,3,0.2833333333333333,0.6666666666666666,0.006264301994382586,0.002229079144615046,0.004035222849767539
Rule[Low volatility top-k],holdout,2023-04,9,3,0.08333333333333334,0.0,-0.016906843926800603,-0.00651299932271723,-0.010393844604083373
Rule[Low volatility top-k],holdout,2023-05,9,3,-0.39999999999999997,0.0,0.01641243813971845,0.03266673201734189,-0.01625429387762344
Rule[Low volatility top-k],holdout,2023-06,9,3,-0.4666666666666666,0.0,0.012457745846159662,0.02391839712679052,-0.011460651280630858
Rule[Low volatility top-k],holdout,2023-07,9,3,0.8666666666666667,0.6666666666666666,-0.007241471068885841,-0.025736558666202072,0.01849508759731623
Rule[Low volatility top-k],holdout,2023-08,9,3,0.5333333333333333,0.6666666666666666,-0.0317099373139483,-0.04835492684680753,0.016644989532859235
Rule[Low volatility top-k],holdout,2023-09,9,3,0.6166666666666666,1.0,0.014671843007257879,-0.021252635452726067,0.03592447845998395
Rule[Low volatility top-k],holdout,2023-10,9,3,-0.8666666666666667,0.0,0.03991155302115312,0.07880862834887714,-0.03889707532772402
Rule[Low volatility top-k],holdout,2023-11,9,3,-0.8333333333333333,0.0,0.027489773799233008,0.05802444420667722,-0.03053467040744421
Rule[Low volatility top-k],holdout,2023-12,9,3,0.5833333333333334,0.6666666666666666,0.005938512467911587,-0.01505938091525204,0.020997893383163626
Rule[Low volatility top-k],holdout,2024-01,9,3,-0.38333333333333336,0.3333333333333333,0.011465304427656106,0.020776538491438616,-0.00931123406378251
Rule[Low volatility top-k],holdout,2024-02,9,3,-0.2833333333333333,0.3333333333333333,0.01697762481375357,0.026647960116727196,-0.009670335302973624
Rule[Low volatility top-k],holdout,2024-03,9,3,0.7833333333333333,0.6666666666666666,-0.004971911293597271,-0.03484804385729255,0.02987613256369528
Rule[Low volatility top-k],holdout,2024-04,9,3,-0.5333333333333333,0.3333333333333333,0.028306775743497974,0.034110495128370215,-0.005803719384872241
Rule[Low volatility top-k],holdout,2024-05,9,3,0.11666666666666665,0.3333333333333333,0.01741452930882555,0.018606883347542395,-0.0011923540387168453
Rule[Low volatility top-k],holdout,2024-06,9,3,-0.5333333333333333,0.0,0.021534648542326524,0.03655518755450766,-0.015020539012181134
Rule[Low volatility top-k],holdout,2024-07,9,3,0.26666666666666666,0.3333333333333333,0.0174323827692624,0.016718903811860746,0.0007134789574016545
Rule[Low volatility top-k],holdout,2024-08,9,3,-0.16666666666666669,0.3333333333333333,0.021164132979878847,0.02734601676615858,-0.006181883786279731
Rule[Low volatility top-k],holdout,2024-09,9,3,-0.39999999999999997,0.0,-0.03268613850550121,-0.016790702820888816,-0.01589543568461239
Rule[Low volatility top-k],holdout,2024-10,9,3,-0.5499999999999999,0.0,0.015509172320638642,0.028329535996731343,-0.0128203636760927
Rule[Low volatility top-k],holdout,2024-11,9,3,0.16666666666666669,0.3333333333333333,-0.018149039674700645,-0.03469253720836788,0.016543497533667236
Rule[Low volatility top-k],holdout,2024-12,9,3,-0.4666666666666666,0.3333333333333333,0.015542046761961803,0.022671625556127967,-0.007129578794166164
Rule[Low volatility top-k],holdout,2025-01,9,3,0.33333333333333337,0.3333333333333333,0.008334939567643787,0.0077099186183671176,0.0006250209492766699
Rule[Low volatility top-k],holdout,2025-02,9,3,0.6333333333333333,0.3333333333333333,-0.006495137040134898,-0.015519909846651192,0.009024772806516295
Rule[Low volatility top-k],holdout,2025-03,9,3,0.16666666666666669,0.3333333333333333,-0.0006238616662133101,0.0012694874297984758,-0.0018933490960117859
Rule[Low volatility top-k],holdout,2025-04,9,3,-0.8666666666666667,0.0,-0.008990010888977995,0.025658027365854614,-0.034648038254832605
Rule[Low volatility top-k],holdout,2025-05,9,3,-0.6333333333333333,0.0,0.020348378306143184,0.03471453004209072,-0.014366151735947536
Rule[Low volatility top-k],holdout,2025-06,9,3,-0.7833333333333333,0.0,-0.005325988059191933,0.0054856041866041295,-0.010811592245796062
Rule[Low volatility top-k],holdout,2025-07,9,3,-0.6666666666666667,0.0,0.016018118472788705,0.026785585352391235,-0.01076746687960253
Rule[Low volatility top-k],holdout,2025-08,9,3,-0.31666666666666665,0.0,0.016997014207231247,0.04017926388595266,-0.02318224967872141
Rule[Low volatility top-k],holdout,2025-09,9,3,-0.31666666666666665,0.0,0.010279574167615527,0.017418450493185553,-0.007138876325570026
Rule[Low volatility top-k],holdout,2025-10,9,3,-0.19999999999999998,0.0,0.006689366484600612,0.00853549604106548,-0.0018461295564648674
Rule[Low volatility top-k],holdout,2025-11,9,3,-0.35,0.3333333333333333,-0.009757319660607075,-0.002367049916127511,-0.007390269744479564
Rule[Low volatility top-k],holdout,2025-12,9,3,-0.7999999999999999,0.0,0.0011483044146289496,0.03492989815406327,-0.03378159373943432
Rule[Low volatility top-k],holdout,2026-01,9,3,-0.19999999999999998,0.0,0.023675056106366443,0.027294994422033363,-0.0036199383156669193
Rule[Low volatility top-k],holdout,2026-02,9,3,0.8833333333333333,1.0,-0.025012911403559473,-0.05428717392251122,0.02927426251895175
Rule[Low volatility top-k],holdout,2026-03,9,3,-0.2833333333333333,0.0,0.0017688996556652532,0.06505577186641257,-0.06328687221074732
Rule[Risk-adjusted momentum top-k],calibration,2018-01,9,3,-0.03333333333333333,0.3333333333333333,-0.03609111697025288,-0.03251812149607111,-0.0035729954741817657
Rule[Risk-adjusted momentum top-k],calibration,2018-02,9,3,-0.8666666666666667,0.0,-0.020928062648108536,0.003606058649571136,-0.02453412129767967
Rule[Risk-adjusted momentum top-k],calibration,2018-03,9,3,-0.26666666666666666,0.0,-0.01088355424931009,-0.00425610474084554,-0.00662744950846455
Rule[Risk-adjusted momentum top-k],calibration,2018-04,9,3,0.25,0.6666666666666666,0.03546863092447583,0.01907856089757931,0.01639007002689652
Rule[Risk-adjusted momentum top-k],calibration,2018-05,9,3,0.8333333333333333,0.6666666666666666,0.019872007664782476,-0.0007576732826948386,0.020629680947477316
Rule[Risk-adjusted momentum top-k],calibration,2018-06,9,3,-0.15,0.3333333333333333,0.016823642641362675,0.010837876908425513,0.005985765732937161
Rule[Risk-adjusted momentum top-k],calibration,2018-07,9,3,0.8333333333333333,0.6666666666666666,0.042220981808243296,0.014429630048131668,0.02779135176011163
Rule[Risk-adjusted momentum top-k],calibration,2018-08,9,3,0.03333333333333333,0.3333333333333333,-0.017569992661161476,-0.010512335311302492,-0.007057657349858984
Rule[Risk-adjusted momentum top-k],calibration,2018-09,9,3,-0.4666666666666666,0.0,-0.08831318920052607,-0.04585615600323049,-0.04245703319729558
Rule[Risk-adjusted momentum top-k],calibration,2018-10,9,3,-0.45,0.3333333333333333,0.018680448705590196,0.017721407359977723,0.0009590413456124734
Rule[Risk-adjusted momentum top-k],calibration,2018-11,9,3,0.45,0.6666666666666666,-0.0006853201327198614,-0.032630433676544265,0.031945113543824406
Rule[Risk-adjusted momentum top-k],calibration,2018-12,9,3,-0.7666666666666667,0.0,0.013059086175876219,0.06599897675102401,-0.05293989057514779
Rule[Risk-adjusted momentum top-k],calibration,2019-01,9,3,-0.8666666666666667,0.0,-0.0048174154764307016,0.010310345309029115,-0.015127760785459816
Rule[Risk-adjusted momentum top-k],calibration,2019-02,9,3,-0.39999999999999997,0.3333333333333333,0.012502025796961616,0.018788731305260892,-0.006286705508299276
Rule[Risk-adjusted momentum top-k],calibration,2019-03,9,3,0.016666666666666666,0.3333333333333333,0.011156542713600781,0.014428680422545933,-0.003272137708945152
Rule[Risk-adjusted momentum top-k],calibration,2019-04,9,3,-0.75,0.0,-0.04821342215221658,-0.02214977625166408,-0.026063645900552497
Rule[Risk-adjusted momentum top-k],calibration,2019-05,9,3,-0.6166666666666666,0.0,0.012405155982419647,0.04735589378201367,-0.034950737799594025
Rule[Risk-adjusted momentum top-k],calibration,2019-06,9,3,0.16666666666666669,0.3333333333333333,0.008662624916353723,0.004483859893244933,0.00417876502310879
Rule[Risk-adjusted momentum top-k],calibration,2019-07,9,3,0.7,0.6666666666666666,0.056873025800874645,0.016734911536470456,0.04013811426440419
Rule[Risk-adjusted momentum top-k],calibration,2019-08,9,3,-0.7999999999999999,0.0,-0.024202598138205394,0.0018866084647653923,-0.026089206602970785
Rule[Risk-adjusted momentum top-k],calibration,2019-09,9,3,-0.7,0.0,0.008587888648064368,0.018047813914944984,-0.009459925266880616
Rule[Risk-adjusted momentum top-k],calibration,2019-10,9,3,-0.25,0.3333333333333333,-0.0014783018542877668,0.007357355605786579,-0.008835657460074347
Rule[Risk-adjusted momentum top-k],calibration,2019-11,9,3,0.19999999999999998,0.3333333333333333,0.03192835027913884,0.02168823846543117,0.010240111813707667
Rule[Risk-adjusted momentum top-k],calibration,2019-12,9,3,-0.6833333333333333,0.0,-0.010510349581071146,0.011292453838961146,-0.021802803420032293
Rule[Risk-adjusted momentum top-k],holdout,2020-01,9,3,-0.19999999999999998,0.3333333333333333,-0.048700514974247246,-0.028843776596634247,-0.019856738377613
Rule[Risk-adjusted momentum top-k],holdout,2020-02,9,3,0.9833333333333333,1.0,0.032923091217550736,-0.08506995831815597,0.11799304953570672
Rule[Risk-adjusted momentum top-k],holdout,2020-03,9,3,-0.65,0.0,0.029184269095526332,0.0794165018434571,-0.05023223274793076
Rule[Risk-adjusted momentum top-k],holdout,2020-04,9,3,-0.48333333333333334,0.0,0.0038454725241638212,0.029740945394446952,-0.02589547287028313
Rule[Risk-adjusted momentum top-k],holdout,2020-05,9,3,-0.06666666666666667,0.3333333333333333,0.031203471325220722,0.02561496963872541,0.005588501686495311
Rule[Risk-adjusted momentum top-k],holdout,2020-06,9,3,0.39999999999999997,0.6666666666666666,0.0752405776337189,0.05465483896931215,0.02058573866440675
Rule[Risk-adjusted momentum top-k],holdout,2020-07,9,3,0.5499999999999999,0.3333333333333333,0.04502904413391806,0.022631478902831695,0.022397565231086367
Rule[Risk-adjusted momentum top-k],holdout,2020-08,9,3,-0.8666666666666667,0.0,-0.04261454897188999,-0.02273435643270885,-0.01988019253918114
Rule[Risk-adjusted momentum top-k],holdout,2020-09,9,3,0.2833333333333333,0.3333333333333333,-0.01377353899336986,-0.010902846733620507,-0.0028706922597493533
Rule[Risk-adjusted momentum top-k],holdout,2020-10,9,3,0.5333333333333333,0.6666666666666666,0.1282042651845238,0.06550979782023876,0.06269446736428504
Rule[Risk-adjusted momentum top-k],holdout,2020-11,9,3,0.6166666666666666,0.6666666666666666,0.06892777358176046,0.03846989803070032,0.030457875551060137
Rule[Risk-adjusted momentum top-k],holdout,2020-12,9,3,0.9333333333333332,1.0,0.02760263475920599,-0.0011440841676125186,0.02874671892681851
Rule[Risk-adjusted momentum top-k],holdout,2021-01,9,3,0.8333333333333333,0.3333333333333333,0.022856321494277448,-0.0017058158636524328,0.02456213735792988
Rule[Risk-adjusted momentum top-k],holdout,2021-02,9,3,0.6666666666666667,0.3333333333333333,0.01940398341177992,0.005021361937602387,0.014382621474177532
Rule[Risk-adjusted momentum top-k],holdout,2021-03,9,3,0.3666666666666667,0.6666666666666666,0.04979534339839301,0.033050735804643384,0.016744607593749627
Rule[Risk-adjusted momentum top-k],holdout,2021-04,9,3,0.18333333333333335,0.3333333333333333,0.00578442744826746,0.011474736067908609,-0.005690308619641149
Rule[Risk-adjusted momentum top-k],holdout,2021-05,9,3,0.03333333333333333,0.3333333333333333,-0.007558077448255207,0.015089384316132739,-0.022647461764387946
Rule[Risk-adjusted momentum top-k],holdout,2021-06,9,3,0.38333333333333336,0.6666666666666666,0.03241028056746983,0.008889102070241727,0.023521178497228103
Rule[Risk-adjusted momentum top-k],holdout,2021-07,9,3,0.3,0.6666666666666666,0.031163749702170025,0.014355172753622846,0.016808576948547177
Rule[Risk-adjusted momentum top-k],holdout,2021-08,9,3,-0.5333333333333333,0.0,-0.05341726041564158,-0.03430719330959616,-0.019110067106045417
Rule[Risk-adjusted momentum top-k],holdout,2021-09,9,3,0.3666666666666667,0.3333333333333333,0.03339391721441424,0.033919583086947105,-0.000525665872532867
Rule[Risk-adjusted momentum top-k],holdout,2021-10,9,3,0.16666666666666669,0.3333333333333333,-0.003053127226270158,-0.00814291260574651,0.005089785379476353
Rule[Risk-adjusted momentum top-k],holdout,2021-11,9,3,-0.18333333333333335,0.3333333333333333,0.012544394253293048,0.02478512684151668,-0.012240732588223632
Rule[Risk-adjusted momentum top-k],holdout,2021-12,9,3,-0.4666666666666666,0.0,-0.07480936318714264,-0.04706511029911301,-0.027744252888029626
Rule[Risk-adjusted momentum top-k],holdout,2022-01,9,3,0.21666666666666667,0.3333333333333333,-0.0010422157169389286,-0.01207924042379465,0.011037024706855721
Rule[Risk-adjusted momentum top-k],holdout,2022-02,9,3,-0.2833333333333333,0.0,-0.013584981388953735,0.0032748039837103837,-0.016859785372664117
Rule[Risk-adjusted momentum top-k],holdout,2022-03,9,3,0.4666666666666666,0.6666666666666666,-0.04978346632010607,-0.06933050017927235,0.019547033859166278
Rule[Risk-adjusted momentum top-k],holdout,2022-04,9,3,-0.08333333333333334,0.3333333333333333,-0.021056797859000276,-0.009449679616672597,-0.011607118242327678
Rule[Risk-adjusted momentum top-k],holdout,2022-05,9,3,0.33333333333333337,0.6666666666666666,-0.03159758523786138,-0.054311863957594464,0.022714278719733083
Rule[Risk-adjusted momentum top-k],holdout,2022-06,9,3,-0.8666666666666667,0.0,0.02357382289675025,0.05565977500318883,-0.03208595210643858
Rule[Risk-adjusted momentum top-k],holdout,2022-07,9,3,-0.19999999999999998,0.3333333333333333,-0.033884539678218285,-0.03801445436901753,0.004129914690799243
Rule[Risk-adjusted momentum top-k],holdout,2022-08,9,3,-0.016666666666666666,0.6666666666666666,-0.06045249323302678,-0.08161101896775244,0.02115852573472566
Rule[Risk-adjusted momentum top-k],holdout,2022-09,9,3,-0.09999999999999999,0.0,0.0004242767089811898,0.0210890417250722,-0.02066476501609101
Rule[Risk-adjusted momentum top-k],holdout,2022-10,9,3,-0.7999999999999999,0.0,0.037313836338715246,0.06414317496858447,-0.026829338629869227
Rule[Risk-adjusted momentum top-k],holdout,2022-11,9,3,-0.3666666666666667,0.0,-0.04971487647071149,-0.0354410070641216,-0.014273869406589888
Rule[Risk-adjusted momentum top-k],holdout,2022-12,9,3,-0.6,0.0,0.06185179943872021,0.07437025739312181,-0.012518457954401596
Rule[Risk-adjusted momentum top-k],holdout,2023-01,9,3,-0.39999999999999997,0.3333333333333333,-0.04886235883177126,-0.03711493134035412,-0.011747427491417141
Rule[Risk-adjusted momentum top-k],holdout,2023-02,9,3,-0.03333333333333333,0.6666666666666666,0.04187153150999504,0.030973202502033798,0.010898329007961245
Rule[Risk-adjusted momentum top-k],holdout,2023-03,9,3,0.6333333333333333,0.6666666666666666,0.009892519856467366,0.002229079144615046,0.007663440711852321
Rule[Risk-adjusted momentum top-k],holdout,2023-04,9,3,0.43333333333333335,0.6666666666666666,0.0233448307717334,-0.00651299932271723,0.02985783009445063
Rule[Risk-adjusted momentum top-k],holdout,2023-05,9,3,-0.13333333333333333,0.6666666666666666,0.03520817691703441,0.03266673201734189,0.0025414448996925187
Rule[Risk-adjusted momentum top-k],holdout,2023-06,9,3,0.5666666666666667,0.6666666666666666,0.04414083290039006,0.02391839712679052,0.02022243577359954
Rule[Risk-adjusted momentum top-k],holdout,2023-07,9,3,-0.31666666666666665,0.0,-0.027303297577818426,-0.025736558666202072,-0.0015667389116163534
Rule[Risk-adjusted momentum top-k],holdout,2023-08,9,3,0.09999999999999999,0.0,-0.052256445313049404,-0.04835492684680753,-0.003901518466241871
Rule[Risk-adjusted momentum top-k],holdout,2023-09,9,3,0.2833333333333333,0.3333333333333333,-0.017598350239264187,-0.021252635452726067,0.0036542852134618803
Rule[Risk-adjusted momentum top-k],holdout,2023-10,9,3,-0.5666666666666667,0.3333333333333333,0.06079285375085545,0.07880862834887714,-0.018015774598021693
Rule[Risk-adjusted momentum top-k],holdout,2023-11,9,3,-0.45,0.0,0.03811537110942842,0.05802444420667722,-0.0199090730972488
Rule[Risk-adjusted momentum top-k],holdout,2023-12,9,3,-0.16666666666666669,0.3333333333333333,-0.023802656719657755,-0.01505938091525204,-0.008743275804405716
Rule[Risk-adjusted momentum top-k],holdout,2024-01,9,3,0.35,0.6666666666666666,0.027499420265754176,0.020776538491438616,0.00672288177431556
Rule[Risk-adjusted momentum top-k],holdout,2024-02,9,3,0.45,0.6666666666666666,0.026773765381282438,0.026647960116727196,0.00012580526455524196
Rule[Risk-adjusted momentum top-k],holdout,2024-03,9,3,-0.25,0.0,-0.05084369015194915,-0.03484804385729255,-0.0159956462946566
Rule[Risk-adjusted momentum top-k],holdout,2024-04,9,3,-0.016666666666666666,0.3333333333333333,0.028761873718358366,0.034110495128370215,-0.005348621410011849
Rule[Risk-adjusted momentum top-k],holdout,2024-05,9,3,0.13333333333333333,0.6666666666666666,0.03287821614094518,0.018606883347542395,0.014271332793402786
Rule[Risk-adjusted momentum top-k],holdout,2024-06,9,3,-0.5,0.3333333333333333,0.0163332929841347,0.03655518755450766,-0.020221894570372958
Rule[Risk-adjusted momentum top-k],holdout,2024-07,9,3,0.049999999999999996,0.3333333333333333,0.018747856363236837,0.016718903811860746,0.002028952551376091
Rule[Risk-adjusted momentum top-k],holdout,2024-08,9,3,-0.049999999999999996,0.6666666666666666,0.030230179966894477,0.02734601676615858,0.0028841632007358987
Rule[Risk-adjusted momentum top-k],holdout,2024-09,9,3,0.3,0.3333333333333333,-0.007106031846606298,-0.016790702820888816,0.009684670974282519
Rule[Risk-adjusted momentum top-k],holdout,2024-10,9,3,0.13333333333333333,0.3333333333333333,0.023661240212900465,0.028329535996731343,-0.004668295783830878
Rule[Risk-adjusted momentum top-k],holdout,2024-11,9,3,-0.3666666666666667,0.0,-0.06384025339305537,-0.03469253720836788,-0.029147716184687485
Rule[Risk-adjusted momentum top-k],holdout,2024-12,9,3,0.6833333333333333,0.6666666666666666,0.03878210629784936,0.022671625556127967,0.016110480741721393
Rule[Risk-adjusted momentum top-k],holdout,2025-01,9,3,-0.7,0.0,-0.007171094147420565,0.0077099186183671176,-0.014881012765787682
Rule[Risk-adjusted momentum top-k],holdout,2025-02,9,3,0.5499999999999999,0.6666666666666666,0.029009108792527865,-0.015519909846651192,0.04452901863917906
Rule[Risk-adjusted momentum top-k],holdout,2025-03,9,3,0.45,0.6666666666666666,0.017066938851399982,0.0012694874297984758,0.015797451421601508
Rule[Risk-adjusted momentum top-k],holdout,2025-04,9,3,-0.7333333333333334,0.0,0.009087935657384564,0.025658027365854614,-0.01657009170847005
Rule[Risk-adjusted momentum top-k],holdout,2025-05,9,3,0.016666666666666666,0.6666666666666666,0.04597671434849896,0.03471453004209072,0.01126218430640824
Rule[Risk-adjusted momentum top-k],holdout,2025-06,9,3,0.5499999999999999,0.3333333333333333,0.008245252399273465,0.0054856041866041295,0.0027596482126693352
Rule[Risk-adjusted momentum top-k],holdout,2025-07,9,3,0.13333333333333333,0.0,0.018943429075818214,0.026785585352391235,-0.00784215627657302
Rule[Risk-adjusted momentum top-k],holdout,2025-08,9,3,0.3,0.3333333333333333,0.040391240513938165,0.04017926388595266,0.00021197662798550648
Rule[Risk-adjusted momentum top-k],holdout,2025-09,9,3,0.7166666666666667,0.6666666666666666,0.029604898887066078,0.017418450493185553,0.012186448393880524
Rule[Risk-adjusted momentum top-k],holdout,2025-10,9,3,-0.19999999999999998,0.3333333333333333,0.006782133266325041,0.00853549604106548,-0.001753362774740438
Rule[Risk-adjusted momentum top-k],holdout,2025-11,9,3,0.5,0.3333333333333333,0.002646867000668962,-0.002367049916127511,0.005013916916796473
Rule[Risk-adjusted momentum top-k],holdout,2025-12,9,3,0.7333333333333334,1.0,0.0859250699344493,0.03492989815406327,0.05099517178038603
Rule[Risk-adjusted momentum top-k],holdout,2026-01,9,3,0.2333333333333333,0.6666666666666666,0.05095417586278953,0.027294994422033363,0.02365918144075617
Rule[Risk-adjusted momentum top-k],holdout,2026-02,9,3,-0.8166666666666667,0.0,-0.08872419583919045,-0.05428717392251122,-0.034437021916679224
Rule[Risk-adjusted momentum top-k],holdout,2026-03,9,3,-0.43333333333333335,0.3333333333333333,0.0421937646837686,0.06505577186641257,-0.022862007182643966
XGBoost[GPU allocation scorer],holdout,2020-01,9,3,-0.39999999999999997,0.3333333333333333,-0.027588746756951776,-0.028843776596634247,0.0012550298396824706
XGBoost[GPU allocation scorer],holdout,2020-02,9,3,0.18333333333333335,0.6666666666666666,-0.0037718326443374472,-0.08506995831815597,0.08129812567381853
XGBoost[GPU allocation scorer],holdout,2020-03,9,3,0.09999999999999999,0.3333333333333333,0.10023573416660825,0.0794165018434571,0.02081923232315115
XGBoost[GPU allocation scorer],holdout,2020-04,9,3,0.11666666666666665,0.6666666666666666,0.04975737629445417,0.029740945394446952,0.020016430900007216
XGBoost[GPU allocation scorer],holdout,2020-05,9,3,0.5166666666666667,0.6666666666666666,0.04047184877855189,0.02561496963872541,0.014856879139826477
XGBoost[GPU allocation scorer],holdout,2020-06,9,3,-0.09999999999999999,0.3333333333333333,0.04635948312583804,0.05465483896931215,-0.008295355843474107
XGBoost[GPU allocation scorer],holdout,2020-07,9,3,0.7,0.6666666666666666,0.056211487113028445,0.022631478902831695,0.03358000821019675
XGBoost[GPU allocation scorer],holdout,2020-08,9,3,-0.6166666666666666,0.0,-0.03365688732434217,-0.02273435643270885,-0.010922530891633319
XGBoost[GPU allocation scorer],holdout,2020-09,9,3,-0.03333333333333333,0.3333333333333333,-0.012811102260093373,-0.010902846733620507,-0.0019082555264728664
XGBoost[GPU allocation scorer],holdout,2020-10,9,3,0.6333333333333333,0.6666666666666666,0.13048301878715293,0.06550979782023876,0.06497322096691417
XGBoost[GPU allocation scorer],holdout,2020-11,9,3,0.7166666666666667,0.3333333333333333,0.05427637330167571,0.03846989803070032,0.01580647527097539
XGBoost[GPU allocation scorer],holdout,2020-12,9,3,0.43333333333333335,0.6666666666666666,0.006276588646995096,-0.0011440841676125186,0.0074206728146076146
XGBoost[GPU allocation scorer],holdout,2021-01,9,3,0.65,0.6666666666666666,0.03164740275232728,-0.0017058158636524328,0.033353218615979716
XGBoost[GPU allocation scorer],holdout,2021-02,9,3,0.6833333333333333,0.6666666666666666,0.02754615173678247,0.005021361937602387,0.022524789799180083
XGBoost[GPU allocation scorer],holdout,2021-03,9,3,0.5833333333333334,0.6666666666666666,0.05185795010770581,0.033050735804643384,0.018807214303062425
XGBoost[GPU allocation scorer],holdout,2021-04,9,3,-0.016666666666666666,0.0,-0.000911196313143107,0.011474736067908609,-0.012385932381051715
XGBoost[GPU allocation scorer],holdout,2021-05,9,3,0.33333333333333337,0.3333333333333333,0.03027176780851389,0.015089384316132739,0.01518238349238115
XGBoost[GPU allocation scorer],holdout,2021-06,9,3,0.21666666666666667,0.6666666666666666,0.012181669912592766,0.008889102070241727,0.0032925678423510393
XGBoost[GPU allocation scorer],holdout,2021-07,9,3,0.75,0.6666666666666666,0.028587539258937644,0.014355172753622846,0.014232366505314798
XGBoost[GPU allocation scorer],holdout,2021-08,9,3,-0.5666666666666667,0.3333333333333333,-0.04408021504539036,-0.03430719330959616,-0.009773021735794196
XGBoost[GPU allocation scorer],holdout,2021-09,9,3,0.9333333333333332,0.6666666666666666,0.06416161600144983,0.033919583086947105,0.030242032914502726
XGBoost[GPU allocation scorer],holdout,2021-10,9,3,0.016666666666666666,0.3333333333333333,-0.010463343000863157,-0.00814291260574651,-0.002320430395116646
XGBoost[GPU allocation scorer],holdout,2021-11,9,3,0.13333333333333333,0.3333333333333333,0.043764487673094266,0.02478512684151668,0.018979360831577585
XGBoost[GPU allocation scorer],holdout,2021-12,9,3,-0.8166666666666667,0.0,-0.07851948872926502,-0.04706511029911301,-0.03145437843015201
XGBoost[GPU allocation scorer],holdout,2022-01,9,3,-0.08333333333333334,0.6666666666666666,0.008931184274425852,-0.01207924042379465,0.021010424698220502
XGBoost[GPU allocation scorer],holdout,2022-02,9,3,0.5,0.3333333333333333,0.023659865458855716,0.0032748039837103837,0.020385061475145332
XGBoost[GPU allocation scorer],holdout,2022-03,9,3,-0.13333333333333333,0.3333333333333333,-0.08521733236249884,-0.06933050017927235,-0.015886832183226493
XGBoost[GPU allocation scorer],holdout,2022-04,9,3,-0.7666666666666667,0.0,-0.015511563347195093,-0.009449679616672597,-0.0060618837305224955
XGBoost[GPU allocation scorer],holdout,2022-05,9,3,-0.45,0.0,-0.08241062642256074,-0.054311863957594464,-0.028098762464966273
XGBoost[GPU allocation scorer],holdout,2022-06,9,3,0.43333333333333335,0.6666666666666666,0.10577010810213243,0.05565977500318883,0.050110333098943596
XGBoost[GPU allocation scorer],holdout,2022-07,9,3,-0.33333333333333337,0.3333333333333333,-0.043824696861572275,-0.03801445436901753,-0.005810242492554747
XGBoost[GPU allocation scorer],holdout,2022-08,9,3,-0.48333333333333334,0.0,-0.11022421636882145,-0.08161101896775244,-0.028613197401069004
XGBoost[GPU allocation scorer],holdout,2022-09,9,3,0.18333333333333335,0.6666666666666666,0.06222640391559827,0.0210890417250722,0.04113736219052607
XGBoost[GPU allocation scorer],holdout,2022-10,9,3,-0.43333333333333335,0.0,0.04631296078980962,0.06414317496858447,-0.017830214178774853
XGBoost[GPU allocation scorer],holdout,2022-11,9,3,-0.6833333333333333,0.0,-0.07096879741518958,-0.0354410070641216,-0.03552779035106798
XGBoost[GPU allocation scorer],holdout,2022-12,9,3,0.75,0.6666666666666666,0.08740307231076379,0.07437025739312181,0.01303281491764198
XGBoost[GPU allocation scorer],holdout,2023-01,9,3,0.38333333333333336,0.6666666666666666,-0.02649145689743611,-0.03711493134035412,0.010623474442918005
XGBoost[GPU allocation scorer],holdout,2023-02,9,3,0.11666666666666665,0.6666666666666666,0.04187153150999504,0.030973202502033798,0.010898329007961245
XGBoost[GPU allocation scorer],holdout,2023-03,9,3,-0.016666666666666666,0.0,-0.0032423495703917484,0.002229079144615046,-0.005471428715006795
XGBoost[GPU allocation scorer],holdout,2023-04,9,3,0.25,0.6666666666666666,0.010353404564573268,-0.00651299932271723,0.0168664038872905
XGBoost[GPU allocation scorer],holdout,2023-05,9,3,0.5,0.6666666666666666,0.06666878135118563,0.03266673201734189,0.034002049333843744
XGBoost[GPU allocation scorer],holdout,2023-06,9,3,0.39999999999999997,0.6666666666666666,0.0400113455627867,0.02391839712679052,0.016092948435996183
XGBoost[GPU allocation scorer],holdout,2023-07,9,3,-0.5166666666666667,0.0,-0.03314564697494893,-0.025736558666202072,-0.007409088308746856
XGBoost[GPU allocation scorer],holdout,2023-08,9,3,-0.65,0.0,-0.060657498780399166,-0.04835492684680753,-0.012302571933591633
XGBoost[GPU allocation scorer],holdout,2023-09,9,3,-0.5833333333333334,0.0,-0.03716812983260909,-0.021252635452726067,-0.01591549437988302
XGBoost[GPU allocation scorer],holdout,2023-10,9,3,0.8499999999999999,0.6666666666666666,0.10701033196863159,0.07880862834887714,0.02820170361975445
XGBoost[GPU allocation scorer],holdout,2023-11,9,3,0.6666666666666667,0.6666666666666666,0.0905282406245788,0.05802444420667722,0.03250379641790158
XGBoost[GPU allocation scorer],holdout,2023-12,9,3,-0.16666666666666669,0.3333333333333333,-0.023802656719657755,-0.01505938091525204,-0.008743275804405716
XGBoost[GPU allocation scorer],holdout,2024-01,9,3,0.4666666666666666,0.6666666666666666,0.0429580380259893,0.020776538491438616,0.022181499534550682
XGBoost[GPU allocation scorer],holdout,2024-02,9,3,0.31666666666666665,0.3333333333333333,0.022376564799187742,0.026647960116727196,-0.004271395317539454
XGBoost[GPU allocation scorer],holdout,2024-03,9,3,-0.6166666666666666,0.0,-0.06388391300847755,-0.03484804385729255,-0.029035869151185
XGBoost[GPU allocation scorer],holdout,2024-04,9,3,0.65,0.6666666666666666,0.052499425672575116,0.034110495128370215,0.0183889305442049
XGBoost[GPU allocation scorer],holdout,2024-05,9,3,0.16666666666666669,0.3333333333333333,0.017370170197516854,0.018606883347542395,-0.001236713150025541
XGBoost[GPU allocation scorer],holdout,2024-06,9,3,0.049999999999999996,0.6666666666666666,0.0467490887862743,0.03655518755450766,0.010193901231766639
XGBoost[GPU allocation scorer],holdout,2024-07,9,3,-0.13333333333333333,0.3333333333333333,0.0058395805685462765,0.016718903811860746,-0.010879323243314469
XGBoost[GPU allocation scorer],holdout,2024-08,9,3,0.13333333333333333,0.3333333333333333,0.028069910004350513,0.02734601676615858,0.0007238932381919347
XGBoost[GPU allocation scorer],holdout,2024-09,9,3,0.15,0.3333333333333333,-0.025788277498992002,-0.016790702820888816,-0.008997574678103186
XGBoost[GPU allocation scorer],holdout,2024-10,9,3,0.7,1.0,0.07461999060367035,0.028329535996731343,0.04629045460693901
XGBoost[GPU allocation scorer],holdout,2024-11,9,3,-0.08333333333333334,0.6666666666666666,-0.031095711720381985,-0.03469253720836788,0.003596825487985896
XGBoost[GPU allocation scorer],holdout,2024-12,9,3,0.6833333333333333,0.6666666666666666,0.024490701215342064,0.022671625556127967,0.0018190756592140964
XGBoost[GPU allocation scorer],holdout,2025-01,9,3,-0.5499999999999999,0.0,-0.030654578998297117,0.0077099186183671176,-0.03836449761666423
XGBoost[GPU allocation scorer],holdout,2025-02,9,3,-0.5833333333333334,0.3333333333333333,-0.016645656771147304,-0.015519909846651192,-0.001125746924496112
XGBoost[GPU allocation scorer],holdout,2025-03,9,3,0.03333333333333333,0.6666666666666666,0.015001084815508658,0.0012694874297984758,0.013731597385710182
XGBoost[GPU allocation scorer],holdout,2025-04,9,3,0.08333333333333334,0.3333333333333333,0.019705709947448063,0.025658027365854614,-0.005952317418406551
XGBoost[GPU allocation scorer],holdout,2025-05,9,3,0.06666666666666667,0.3333333333333333,0.024931521984425498,0.03471453004209072,-0.009783008057665223
XGBoost[GPU allocation scorer],holdout,2025-06,9,3,0.48333333333333334,0.6666666666666666,0.011595071960191605,0.0054856041866041295,0.006109467773587476
XGBoost[GPU allocation scorer],holdout,2025-07,9,3,0.45,0.6666666666666666,0.04378035305849104,0.026785585352391235,0.016994767706099805
XGBoost[GPU allocation scorer],holdout,2025-08,9,3,0.2833333333333333,0.3333333333333333,0.028709902016361994,0.04017926388595266,-0.011469361869590664
XGBoost[GPU allocation scorer],holdout,2025-09,9,3,0.5333333333333333,0.6666666666666666,0.033679340194235685,0.017418450493185553,0.01626088970105013
XGBoost[GPU allocation scorer],holdout,2025-10,9,3,-0.06666666666666667,0.6666666666666666,0.016100748426110274,0.00853549604106548,0.007565252385044794
XGBoost[GPU allocation scorer],holdout,2025-11,9,3,0.25,0.3333333333333333,0.002646867000668962,-0.002367049916127511,0.005013916916796473
XGBoost[GPU allocation scorer],holdout,2025-12,9,3,0.6333333333333333,0.6666666666666666,0.06328014407229958,0.03492989815406327,0.02835024591823631
XGBoost[GPU allocation scorer],holdout,2026-01,9,3,-0.016666666666666666,0.3333333333333333,0.023511265030248585,0.027294994422033363,-0.003783729391784778
XGBoost[GPU allocation scorer],holdout,2026-02,9,3,-0.6666666666666667,0.0,-0.06950176923955846,-0.05428717392251122,-0.01521459531704724
XGBoost[GPU allocation scorer],holdout,2026-03,9,3,0.5833333333333334,1.0,0.13484348869709054,0.06505577186641257,0.06978771683067797
XGBoost[GPU allocation scorer] Calibration Base,calibration,2018-01,9,3,-0.6666666666666667,0.3333333333333333,-0.03678324106043759,-0.03251812149607111,-0.004265119564366475
XGBoost[GPU allocation scorer] Calibration Base,calibration,2018-02,9,3,-0.35,0.0,-0.020928062648108536,0.003606058649571136,-0.02453412129767967
XGBoost[GPU allocation scorer] Calibration Base,calibration,2018-03,9,3,0.16666666666666669,0.3333333333333333,-0.004432503410273347,-0.00425610474084554,-0.00017639866942780694
XGBoost[GPU allocation scorer] Calibration Base,calibration,2018-04,9,3,0.25,0.6666666666666666,0.030716676513558732,0.01907856089757931,0.011638115615979421
XGBoost[GPU allocation scorer] Calibration Base,calibration,2018-05,9,3,0.35,0.3333333333333333,-0.009287527451234808,-0.0007576732826948386,-0.00852985416853997
XGBoost[GPU allocation scorer] Calibration Base,calibration,2018-06,9,3,0.35,0.3333333333333333,0.016823642641362675,0.010837876908425513,0.005985765732937161
XGBoost[GPU allocation scorer] Calibration Base,calibration,2018-07,9,3,0.6166666666666666,0.6666666666666666,0.042220981808243296,0.014429630048131668,0.02779135176011163
XGBoost[GPU allocation scorer] Calibration Base,calibration,2018-08,9,3,0.0,0.3333333333333333,-0.010619210441571917,-0.010512335311302492,-0.00010687513026942479
XGBoost[GPU allocation scorer] Calibration Base,calibration,2018-09,9,3,-0.7666666666666667,0.0,-0.09448018546142238,-0.04585615600323049,-0.04862402945819189
XGBoost[GPU allocation scorer] Calibration Base,calibration,2018-10,9,3,0.3,0.6666666666666666,0.031037143036726,0.017721407359977723,0.013315735676748278
XGBoost[GPU allocation scorer] Calibration Base,calibration,2018-11,9,3,-0.5833333333333334,0.0,-0.06700496212852469,-0.032630433676544265,-0.03437452845198043
XGBoost[GPU allocation scorer] Calibration Base,calibration,2018-12,9,3,0.6833333333333333,0.6666666666666666,0.1072909388226481,0.06599897675102401,0.0412919620716241
XGBoost[GPU allocation scorer] Calibration Base,calibration,2019-01,9,3,-0.06666666666666667,0.3333333333333333,0.007183927827509133,0.010310345309029115,-0.003126417481519982
XGBoost[GPU allocation scorer] Calibration Base,calibration,2019-02,9,3,-0.15,0.3333333333333333,0.009874518543806055,0.018788731305260892,-0.008914212761454838
XGBoost[GPU allocation scorer] Calibration Base,calibration,2019-03,9,3,0.7166666666666667,0.6666666666666666,0.03749704286331087,0.014428680422545933,0.023068362440764933
XGBoost[GPU allocation scorer] Calibration Base,calibration,2019-04,9,3,-0.8666666666666667,0.0,-0.05313181710648344,-0.02214977625166408,-0.030982040854819357
XGBoost[GPU allocation scorer] Calibration Base,calibration,2019-05,9,3,0.26666666666666666,0.6666666666666666,0.05376411140683923,0.04735589378201367,0.00640821762482556
XGBoost[GPU allocation scorer] Calibration Base,calibration,2019-06,9,3,0.65,0.6666666666666666,0.015094768708992845,0.004483859893244933,0.010610908815747912
XGBoost[GPU allocation scorer] Calibration Base,calibration,2019-07,9,3,-0.2833333333333333,0.3333333333333333,0.003605965342957614,0.016734911536470456,-0.013128946193512842
XGBoost[GPU allocation scorer] Calibration Base,calibration,2019-08,9,3,0.0,0.3333333333333333,-0.0014661197146523437,0.0018866084647653923,-0.003352728179417736
XGBoost[GPU allocation scorer] Calibration Base,calibration,2019-09,9,3,0.41666666666666663,0.3333333333333333,0.01943469882196669,0.018047813914944984,0.0013868849070217057
XGBoost[GPU allocation scorer] Calibration Base,calibration,2019-10,9,3,0.2333333333333333,0.6666666666666666,0.016421491994018173,0.007357355605786579,0.009064136388231593
XGBoost[GPU allocation scorer] Calibration Base,calibration,2019-11,9,3,0.65,0.6666666666666666,0.04801077200844336,0.02168823846543117,0.026322533543012186
XGBoost[GPU allocation scorer] Calibration Base,calibration,2019-12,9,3,-0.3666666666666667,0.0,-0.020717458198468115,0.011292453838961146,-0.03200991203742926
XGBoost[GPU allocation scorer] Calibration Base,holdout,2020-01,9,3,-0.48333333333333334,0.3333333333333333,-0.027588746756951776,-0.028843776596634247,0.0012550298396824706
XGBoost[GPU allocation scorer] Calibration Base,holdout,2020-02,9,3,0.2333333333333333,0.6666666666666666,-0.0037718326443374472,-0.08506995831815597,0.08129812567381853
XGBoost[GPU allocation scorer] Calibration Base,holdout,2020-03,9,3,-0.2833333333333333,0.0,0.05814019685887469,0.0794165018434571,-0.021276304984582405
XGBoost[GPU allocation scorer] Calibration Base,holdout,2020-04,9,3,-0.39999999999999997,0.0,0.008535155247546408,0.029740945394446952,-0.021205790146900542
XGBoost[GPU allocation scorer] Calibration Base,holdout,2020-05,9,3,0.16666666666666669,0.0,0.018330993054458178,0.02561496963872541,-0.007283976584267233
XGBoost[GPU allocation scorer] Calibration Base,holdout,2020-06,9,3,0.11666666666666665,0.3333333333333333,0.05783920437869239,0.05465483896931215,0.0031843654093802395
XGBoost[GPU allocation scorer] Calibration Base,holdout,2020-07,9,3,0.5166666666666667,0.3333333333333333,0.029354077029759784,0.022631478902831695,0.006722598126928089
XGBoost[GPU allocation scorer] Calibration Base,holdout,2020-08,9,3,-0.5333333333333333,0.0,-0.03365688732434217,-0.02273435643270885,-0.010922530891633319
XGBoost[GPU allocation scorer] Calibration Base,holdout,2020-09,9,3,0.33333333333333337,0.6666666666666666,0.002026099598011181,-0.010902846733620507,0.012928946331631688
XGBoost[GPU allocation scorer] Calibration Base,holdout,2020-10,9,3,0.7166666666666667,0.6666666666666666,0.13048301878715293,0.06550979782023876,0.06497322096691417
XGBoost[GPU allocation scorer] Calibration Base,holdout,2020-11,9,3,0.7833333333333333,0.6666666666666666,0.06892777358176046,0.03846989803070032,0.030457875551060137
XGBoost[GPU allocation scorer] Calibration Base,holdout,2020-12,9,3,0.7999999999999999,0.6666666666666666,0.01714034228021181,-0.0011440841676125186,0.01828442644782433
XGBoost[GPU allocation scorer] Calibration Base,holdout,2021-01,9,3,0.5833333333333334,0.3333333333333333,0.022856321494277448,-0.0017058158636524328,0.02456213735792988
XGBoost[GPU allocation scorer] Calibration Base,holdout,2021-02,9,3,0.65,0.6666666666666666,0.02754615173678247,0.005021361937602387,0.022524789799180083
XGBoost[GPU allocation scorer] Calibration Base,holdout,2021-03,9,3,0.4666666666666666,0.3333333333333333,0.029658270531667325,0.033050735804643384,-0.003392465272976059
XGBoost[GPU allocation scorer] Calibration Base,holdout,2021-04,9,3,-0.016666666666666666,0.3333333333333333,-0.0004084747724751499,0.011474736067908609,-0.011883210840383759
XGBoost[GPU allocation scorer] Calibration Base,holdout,2021-05,9,3,0.13333333333333333,0.3333333333333333,0.0032782162375568267,0.015089384316132739,-0.011811168078575912
XGBoost[GPU allocation scorer] Calibration Base,holdout,2021-06,9,3,0.11666666666666665,0.6666666666666666,0.012181669912592766,0.008889102070241727,0.0032925678423510393
XGBoost[GPU allocation scorer] Calibration Base,holdout,2021-07,9,3,0.7666666666666667,0.6666666666666666,0.028587539258937644,0.014355172753622846,0.014232366505314798
XGBoost[GPU allocation scorer] Calibration Base,holdout,2021-08,9,3,-0.5166666666666667,0.3333333333333333,-0.03823496522523314,-0.03430719330959616,-0.0039277719156369795
XGBoost[GPU allocation scorer] Calibration Base,holdout,2021-09,9,3,0.9166666666666666,0.6666666666666666,0.06416161600144983,0.033919583086947105,0.030242032914502726
XGBoost[GPU allocation scorer] Calibration Base,holdout,2021-10,9,3,-0.13333333333333333,0.3333333333333333,-0.014816071276538315,-0.00814291260574651,-0.006673158670791804
XGBoost[GPU allocation scorer] Calibration Base,holdout,2021-11,9,3,-0.18333333333333335,0.0,0.0046999956678542105,0.02478512684151668,-0.02008513117366247
XGBoost[GPU allocation scorer] Calibration Base,holdout,2021-12,9,3,-0.7,0.0,-0.07480936318714264,-0.04706511029911301,-0.027744252888029626
XGBoost[GPU allocation scorer] Calibration Base,holdout,2022-01,9,3,-0.15,0.6666666666666666,0.008931184274425852,-0.01207924042379465,0.021010424698220502
XGBoost[GPU allocation scorer] Calibration Base,holdout,2022-02,9,3,0.5166666666666667,0.3333333333333333,0.023659865458855716,0.0032748039837103837,0.020385061475145332
XGBoost[GPU allocation scorer] Calibration Base,holdout,2022-03,9,3,-0.09999999999999999,0.3333333333333333,-0.08521733236249884,-0.06933050017927235,-0.015886832183226493
XGBoost[GPU allocation scorer] Calibration Base,holdout,2022-04,9,3,-0.6443571047419068,0.0,-0.015511563347195093,-0.009449679616672597,-0.0060618837305224955
XGBoost[GPU allocation scorer] Calibration Base,holdout,2022-05,9,3,-0.65,0.0,-0.08241062642256074,-0.054311863957594464,-0.028098762464966273
XGBoost[GPU allocation scorer] Calibration Base,holdout,2022-06,9,3,0.39999999999999997,0.6666666666666666,0.10577010810213243,0.05565977500318883,0.050110333098943596
XGBoost[GPU allocation scorer] Calibration Base,holdout,2022-07,9,3,-0.03333333333333333,0.3333333333333333,-0.043824696861572275,-0.03801445436901753,-0.005810242492554747
XGBoost[GPU allocation scorer] Calibration Base,holdout,2022-08,9,3,-0.6166666666666666,0.0,-0.11022421636882145,-0.08161101896775244,-0.028613197401069004
XGBoost[GPU allocation scorer] Calibration Base,holdout,2022-09,9,3,0.19999999999999998,0.6666666666666666,0.06222640391559827,0.0210890417250722,0.04113736219052607
XGBoost[GPU allocation scorer] Calibration Base,holdout,2022-10,9,3,-0.16666666666666669,0.0,0.04631296078980962,0.06414317496858447,-0.017830214178774853
XGBoost[GPU allocation scorer] Calibration Base,holdout,2022-11,9,3,-0.65,0.0,-0.07096879741518958,-0.0354410070641216,-0.03552779035106798
XGBoost[GPU allocation scorer] Calibration Base,holdout,2022-12,9,3,0.4666666666666666,0.6666666666666666,0.08740307231076379,0.07437025739312181,0.01303281491764198
XGBoost[GPU allocation scorer] Calibration Base,holdout,2023-01,9,3,0.15,0.6666666666666666,-0.02649145689743611,-0.03711493134035412,0.010623474442918005
XGBoost[GPU allocation scorer] Calibration Base,holdout,2023-02,9,3,-0.049999999999999996,0.6666666666666666,0.04187153150999504,0.030973202502033798,0.010898329007961245
XGBoost[GPU allocation scorer] Calibration Base,holdout,2023-03,9,3,0.11666666666666665,0.3333333333333333,0.00103899020848001,0.002229079144615046,-0.0011900889361350362
XGBoost[GPU allocation scorer] Calibration Base,holdout,2023-04,9,3,0.2333333333333333,0.6666666666666666,0.010353404564573268,-0.00651299932271723,0.0168664038872905
XGBoost[GPU allocation scorer] Calibration Base,holdout,2023-05,9,3,0.65,1.0,0.06950382805472022,0.03266673201734189,0.03683709603737833
XGBoost[GPU allocation scorer] Calibration Base,holdout,2023-06,9,3,0.6833333333333333,0.6666666666666666,0.0400113455627867,0.02391839712679052,0.016092948435996183
XGBoost[GPU allocation scorer] Calibration Base,holdout,2023-07,9,3,-0.6666666666666667,0.0,-0.04397579231319926,-0.025736558666202072,-0.018239233646997186
XGBoost[GPU allocation scorer] Calibration Base,holdout,2023-08,9,3,-0.48333333333333334,0.0,-0.052256445313049404,-0.04835492684680753,-0.003901518466241871
XGBoost[GPU allocation scorer] Calibration Base,holdout,2023-09,9,3,-0.5333333333333333,0.0,-0.03716812983260909,-0.021252635452726067,-0.01591549437988302
XGBoost[GPU allocation scorer] Calibration Base,holdout,2023-10,9,3,0.6166666666666666,0.6666666666666666,0.10701033196863159,0.07880862834887714,0.02820170361975445
XGBoost[GPU allocation scorer] Calibration Base,holdout,2023-11,9,3,0.4666666666666666,0.6666666666666666,0.0905282406245788,0.05802444420667722,0.03250379641790158
XGBoost[GPU allocation scorer] Calibration Base,holdout,2023-12,9,3,-0.5166666666666667,0.3333333333333333,-0.023802656719657755,-0.01505938091525204,-0.008743275804405716
XGBoost[GPU allocation scorer] Calibration Base,holdout,2024-01,9,3,0.5666666666666667,0.6666666666666666,0.0429580380259893,0.020776538491438616,0.022181499534550682
XGBoost[GPU allocation scorer] Calibration Base,holdout,2024-02,9,3,0.3,0.3333333333333333,0.022376564799187742,0.026647960116727196,-0.004271395317539454
XGBoost[GPU allocation scorer] Calibration Base,holdout,2024-03,9,3,-0.39999999999999997,0.0,-0.06388391300847755,-0.03484804385729255,-0.029035869151185
XGBoost[GPU allocation scorer] Calibration Base,holdout,2024-04,9,3,0.35,0.6666666666666666,0.0426967605105019,0.034110495128370215,0.008586265382131683
XGBoost[GPU allocation scorer] Calibration Base,holdout,2024-05,9,3,0.15,0.3333333333333333,0.017370170197516854,0.018606883347542395,-0.001236713150025541
XGBoost[GPU allocation scorer] Calibration Base,holdout,2024-06,9,3,-0.21666666666666667,0.3333333333333333,0.015114516364872968,0.03655518755450766,-0.02144067118963469
XGBoost[GPU allocation scorer] Calibration Base,holdout,2024-07,9,3,-0.11666666666666665,0.3333333333333333,0.0058395805685462765,0.016718903811860746,-0.010879323243314469
XGBoost[GPU allocation scorer] Calibration Base,holdout,2024-08,9,3,0.06666666666666667,0.3333333333333333,0.02200597581679653,0.02734601676615858,-0.005340040949362048
XGBoost[GPU allocation scorer] Calibration Base,holdout,2024-09,9,3,0.2833333333333333,0.3333333333333333,-0.017853936199231108,-0.016790702820888816,-0.0010632333783422918
XGBoost[GPU allocation scorer] Calibration Base,holdout,2024-10,9,3,0.41666666666666663,0.6666666666666666,0.06893929411815732,0.028329535996731343,0.040609758121425976
XGBoost[GPU allocation scorer] Calibration Base,holdout,2024-11,9,3,-0.25,0.6666666666666666,-0.031095711720381985,-0.03469253720836788,0.003596825487985896
XGBoost[GPU allocation scorer] Calibration Base,holdout,2024-12,9,3,0.75,0.6666666666666666,0.024490701215342064,0.022671625556127967,0.0018190756592140964
XGBoost[GPU allocation scorer] Calibration Base,holdout,2025-01,9,3,-0.7166666666666667,0.0,-0.030654578998297117,0.0077099186183671176,-0.03836449761666423
XGBoost[GPU allocation scorer] Calibration Base,holdout,2025-02,9,3,-0.33333333333333337,0.3333333333333333,-0.016645656771147304,-0.015519909846651192,-0.001125746924496112
XGBoost[GPU allocation scorer] Calibration Base,holdout,2025-03,9,3,0.15,0.6666666666666666,0.015001084815508658,0.0012694874297984758,0.013731597385710182
XGBoost[GPU allocation scorer] Calibration Base,holdout,2025-04,9,3,-0.049999999999999996,0.3333333333333333,0.04381425044198484,0.025658027365854614,0.018156223076130223
XGBoost[GPU allocation scorer] Calibration Base,holdout,2025-05,9,3,0.11666666666666665,0.6666666666666666,0.04597671434849896,0.03471453004209072,0.01126218430640824
XGBoost[GPU allocation scorer] Calibration Base,holdout,2025-06,9,3,0.4666666666666666,0.3333333333333333,0.008245252399273465,0.0054856041866041295,0.0027596482126693352
XGBoost[GPU allocation scorer] Calibration Base,holdout,2025-07,9,3,0.33333333333333337,0.3333333333333333,0.036079142834054036,0.026785585352391235,0.0092935574816628
XGBoost[GPU allocation scorer] Calibration Base,holdout,2025-08,9,3,0.45,0.6666666666666666,0.052184034424710056,0.04017926388595266,0.012004770538757398
XGBoost[GPU allocation scorer] Calibration Base,holdout,2025-09,9,3,0.7,0.6666666666666666,0.033679340194235685,0.017418450493185553,0.01626088970105013
XGBoost[GPU allocation scorer] Calibration Base,holdout,2025-10,9,3,-0.03333333333333333,0.6666666666666666,0.016100748426110274,0.00853549604106548,0.007565252385044794
XGBoost[GPU allocation scorer] Calibration Base,holdout,2025-11,9,3,0.2833333333333333,0.3333333333333333,0.002646867000668962,-0.002367049916127511,0.005013916916796473
XGBoost[GPU allocation scorer] Calibration Base,holdout,2025-12,9,3,0.75,0.6666666666666666,0.06328014407229958,0.03492989815406327,0.02835024591823631
XGBoost[GPU allocation scorer] Calibration Base,holdout,2026-01,9,3,0.016666666666666666,0.3333333333333333,0.014072107630054176,0.027294994422033363,-0.013222886791979187
XGBoost[GPU allocation scorer] Calibration Base,holdout,2026-02,9,3,-0.6833333333333333,0.0,-0.06950176923955846,-0.05428717392251122,-0.01521459531704724
XGBoost[GPU allocation scorer] Calibration Base,holdout,2026-03,9,3,0.33473096350228926,0.6666666666666666,0.07740715023650162,0.06505577186641257,0.012351378370089053
XGBoost[GPU allocation scorer] Calibrated,calibration,2018-01,9,3,-0.6666666666666667,0.3333333333333333,-0.03678324106043759,-0.03251812149607111,-0.004265119564366475
XGBoost[GPU allocation scorer] Calibrated,calibration,2018-02,9,3,-0.35,0.0,-0.020928062648108536,0.003606058649571136,-0.02453412129767967
XGBoost[GPU allocation scorer] Calibrated,calibration,2018-03,9,3,0.16666666666666669,0.3333333333333333,-0.004432503410273347,-0.00425610474084554,-0.00017639866942780694
XGBoost[GPU allocation scorer] Calibrated,calibration,2018-04,9,3,0.25,0.6666666666666666,0.030716676513558732,0.01907856089757931,0.011638115615979421
XGBoost[GPU allocation scorer] Calibrated,calibration,2018-05,9,3,0.35,0.3333333333333333,-0.009287527451234808,-0.0007576732826948386,-0.00852985416853997
XGBoost[GPU allocation scorer] Calibrated,calibration,2018-06,9,3,0.35,0.3333333333333333,0.016823642641362675,0.010837876908425513,0.005985765732937161
XGBoost[GPU allocation scorer] Calibrated,calibration,2018-07,9,3,0.6166666666666666,0.6666666666666666,0.042220981808243296,0.014429630048131668,0.02779135176011163
XGBoost[GPU allocation scorer] Calibrated,calibration,2018-08,9,3,0.0,0.3333333333333333,-0.010619210441571917,-0.010512335311302492,-0.00010687513026942479
XGBoost[GPU allocation scorer] Calibrated,calibration,2018-09,9,3,-0.7666666666666667,0.0,-0.09448018546142238,-0.04585615600323049,-0.04862402945819189
XGBoost[GPU allocation scorer] Calibrated,calibration,2018-10,9,3,0.3,0.6666666666666666,0.031037143036726,0.017721407359977723,0.013315735676748278
XGBoost[GPU allocation scorer] Calibrated,calibration,2018-11,9,3,-0.5833333333333334,0.0,-0.06700496212852469,-0.032630433676544265,-0.03437452845198043
XGBoost[GPU allocation scorer] Calibrated,calibration,2018-12,9,3,0.6833333333333333,0.6666666666666666,0.1072909388226481,0.06599897675102401,0.0412919620716241
XGBoost[GPU allocation scorer] Calibrated,calibration,2019-01,9,3,-0.06666666666666667,0.3333333333333333,0.007183927827509133,0.010310345309029115,-0.003126417481519982
XGBoost[GPU allocation scorer] Calibrated,calibration,2019-02,9,3,-0.15,0.3333333333333333,0.009874518543806055,0.018788731305260892,-0.008914212761454838
XGBoost[GPU allocation scorer] Calibrated,calibration,2019-03,9,3,0.7166666666666667,0.6666666666666666,0.03749704286331087,0.014428680422545933,0.023068362440764933
XGBoost[GPU allocation scorer] Calibrated,calibration,2019-04,9,3,-0.8666666666666667,0.0,-0.05313181710648344,-0.02214977625166408,-0.030982040854819357
XGBoost[GPU allocation scorer] Calibrated,calibration,2019-05,9,3,0.26666666666666666,0.6666666666666666,0.05376411140683923,0.04735589378201367,0.00640821762482556
XGBoost[GPU allocation scorer] Calibrated,calibration,2019-06,9,3,0.65,0.6666666666666666,0.015094768708992845,0.004483859893244933,0.010610908815747912
XGBoost[GPU allocation scorer] Calibrated,calibration,2019-07,9,3,-0.2833333333333333,0.3333333333333333,0.003605965342957614,0.016734911536470456,-0.013128946193512842
XGBoost[GPU allocation scorer] Calibrated,calibration,2019-08,9,3,0.0,0.3333333333333333,-0.0014661197146523437,0.0018866084647653923,-0.003352728179417736
XGBoost[GPU allocation scorer] Calibrated,calibration,2019-09,9,3,0.41666666666666663,0.3333333333333333,0.01943469882196669,0.018047813914944984,0.0013868849070217057
XGBoost[GPU allocation scorer] Calibrated,calibration,2019-10,9,3,0.2333333333333333,0.6666666666666666,0.016421491994018173,0.007357355605786579,0.009064136388231593
XGBoost[GPU allocation scorer] Calibrated,calibration,2019-11,9,3,0.65,0.6666666666666666,0.04801077200844336,0.02168823846543117,0.026322533543012186
XGBoost[GPU allocation scorer] Calibrated,calibration,2019-12,9,3,-0.3666666666666667,0.0,-0.020717458198468115,0.011292453838961146,-0.03200991203742926
XGBoost[GPU allocation scorer] Calibrated,holdout,2020-01,9,3,-0.48333333333333334,0.3333333333333333,-0.027588746756951776,-0.028843776596634247,0.0012550298396824706
XGBoost[GPU allocation scorer] Calibrated,holdout,2020-02,9,3,0.2333333333333333,0.6666666666666666,-0.0037718326443374472,-0.08506995831815597,0.08129812567381853
XGBoost[GPU allocation scorer] Calibrated,holdout,2020-03,9,3,-0.2833333333333333,0.0,0.05814019685887469,0.0794165018434571,-0.021276304984582405
XGBoost[GPU allocation scorer] Calibrated,holdout,2020-04,9,3,-0.39999999999999997,0.0,0.008535155247546408,0.029740945394446952,-0.021205790146900542
XGBoost[GPU allocation scorer] Calibrated,holdout,2020-05,9,3,0.16666666666666669,0.0,0.018330993054458178,0.02561496963872541,-0.007283976584267233
XGBoost[GPU allocation scorer] Calibrated,holdout,2020-06,9,3,0.11666666666666665,0.3333333333333333,0.05783920437869239,0.05465483896931215,0.0031843654093802395
XGBoost[GPU allocation scorer] Calibrated,holdout,2020-07,9,3,0.5166666666666667,0.3333333333333333,0.029354077029759784,0.022631478902831695,0.006722598126928089
XGBoost[GPU allocation scorer] Calibrated,holdout,2020-08,9,3,-0.5333333333333333,0.0,-0.03365688732434217,-0.02273435643270885,-0.010922530891633319
XGBoost[GPU allocation scorer] Calibrated,holdout,2020-09,9,3,0.33333333333333337,0.6666666666666666,0.002026099598011181,-0.010902846733620507,0.012928946331631688
XGBoost[GPU allocation scorer] Calibrated,holdout,2020-10,9,3,0.7166666666666667,0.6666666666666666,0.13048301878715293,0.06550979782023876,0.06497322096691417
XGBoost[GPU allocation scorer] Calibrated,holdout,2020-11,9,3,0.7833333333333333,0.6666666666666666,0.06892777358176046,0.03846989803070032,0.030457875551060137
XGBoost[GPU allocation scorer] Calibrated,holdout,2020-12,9,3,0.7999999999999999,0.6666666666666666,0.01714034228021181,-0.0011440841676125186,0.01828442644782433
XGBoost[GPU allocation scorer] Calibrated,holdout,2021-01,9,3,0.5833333333333334,0.3333333333333333,0.022856321494277448,-0.0017058158636524328,0.02456213735792988
XGBoost[GPU allocation scorer] Calibrated,holdout,2021-02,9,3,0.65,0.6666666666666666,0.02754615173678247,0.005021361937602387,0.022524789799180083
XGBoost[GPU allocation scorer] Calibrated,holdout,2021-03,9,3,0.4666666666666666,0.3333333333333333,0.029658270531667325,0.033050735804643384,-0.003392465272976059
XGBoost[GPU allocation scorer] Calibrated,holdout,2021-04,9,3,-0.016666666666666666,0.3333333333333333,-0.0004084747724751499,0.011474736067908609,-0.011883210840383759
XGBoost[GPU allocation scorer] Calibrated,holdout,2021-05,9,3,0.13333333333333333,0.3333333333333333,0.0032782162375568267,0.015089384316132739,-0.011811168078575912
XGBoost[GPU allocation scorer] Calibrated,holdout,2021-06,9,3,0.11666666666666665,0.6666666666666666,0.012181669912592766,0.008889102070241727,0.0032925678423510393
XGBoost[GPU allocation scorer] Calibrated,holdout,2021-07,9,3,0.7666666666666667,0.6666666666666666,0.028587539258937644,0.014355172753622846,0.014232366505314798
XGBoost[GPU allocation scorer] Calibrated,holdout,2021-08,9,3,-0.5166666666666667,0.3333333333333333,-0.03823496522523314,-0.03430719330959616,-0.0039277719156369795
XGBoost[GPU allocation scorer] Calibrated,holdout,2021-09,9,3,0.9166666666666666,0.6666666666666666,0.06416161600144983,0.033919583086947105,0.030242032914502726
XGBoost[GPU allocation scorer] Calibrated,holdout,2021-10,9,3,-0.13333333333333333,0.3333333333333333,-0.014816071276538315,-0.00814291260574651,-0.006673158670791804
XGBoost[GPU allocation scorer] Calibrated,holdout,2021-11,9,3,-0.18333333333333335,0.0,0.0046999956678542105,0.02478512684151668,-0.02008513117366247
XGBoost[GPU allocation scorer] Calibrated,holdout,2021-12,9,3,-0.7,0.0,-0.07480936318714264,-0.04706511029911301,-0.027744252888029626
XGBoost[GPU allocation scorer] Calibrated,holdout,2022-01,9,3,-0.15,0.6666666666666666,0.008931184274425852,-0.01207924042379465,0.021010424698220502
XGBoost[GPU allocation scorer] Calibrated,holdout,2022-02,9,3,0.5166666666666667,0.3333333333333333,0.023659865458855716,0.0032748039837103837,0.020385061475145332
XGBoost[GPU allocation scorer] Calibrated,holdout,2022-03,9,3,-0.09999999999999999,0.3333333333333333,-0.08521733236249884,-0.06933050017927235,-0.015886832183226493
XGBoost[GPU allocation scorer] Calibrated,holdout,2022-04,9,3,-0.6443571047419068,0.0,-0.015511563347195093,-0.009449679616672597,-0.0060618837305224955
XGBoost[GPU allocation scorer] Calibrated,holdout,2022-05,9,3,-0.65,0.0,-0.08241062642256074,-0.054311863957594464,-0.028098762464966273
XGBoost[GPU allocation scorer] Calibrated,holdout,2022-06,9,3,0.39999999999999997,0.6666666666666666,0.10577010810213243,0.05565977500318883,0.050110333098943596
XGBoost[GPU allocation scorer] Calibrated,holdout,2022-07,9,3,-0.03333333333333333,0.3333333333333333,-0.043824696861572275,-0.03801445436901753,-0.005810242492554747
XGBoost[GPU allocation scorer] Calibrated,holdout,2022-08,9,3,-0.6166666666666666,0.0,-0.11022421636882145,-0.08161101896775244,-0.028613197401069004
XGBoost[GPU allocation scorer] Calibrated,holdout,2022-09,9,3,0.19999999999999998,0.6666666666666666,0.06222640391559827,0.0210890417250722,0.04113736219052607
XGBoost[GPU allocation scorer] Calibrated,holdout,2022-10,9,3,-0.16666666666666669,0.0,0.04631296078980962,0.06414317496858447,-0.017830214178774853
XGBoost[GPU allocation scorer] Calibrated,holdout,2022-11,9,3,-0.65,0.0,-0.07096879741518958,-0.0354410070641216,-0.03552779035106798
XGBoost[GPU allocation scorer] Calibrated,holdout,2022-12,9,3,0.4666666666666666,0.6666666666666666,0.08740307231076379,0.07437025739312181,0.01303281491764198
XGBoost[GPU allocation scorer] Calibrated,holdout,2023-01,9,3,0.15,0.6666666666666666,-0.02649145689743611,-0.03711493134035412,0.010623474442918005
XGBoost[GPU allocation scorer] Calibrated,holdout,2023-02,9,3,-0.049999999999999996,0.6666666666666666,0.04187153150999504,0.030973202502033798,0.010898329007961245
XGBoost[GPU allocation scorer] Calibrated,holdout,2023-03,9,3,0.11666666666666665,0.3333333333333333,0.00103899020848001,0.002229079144615046,-0.0011900889361350362
XGBoost[GPU allocation scorer] Calibrated,holdout,2023-04,9,3,0.2333333333333333,0.6666666666666666,0.010353404564573268,-0.00651299932271723,0.0168664038872905
XGBoost[GPU allocation scorer] Calibrated,holdout,2023-05,9,3,0.65,1.0,0.06950382805472022,0.03266673201734189,0.03683709603737833
XGBoost[GPU allocation scorer] Calibrated,holdout,2023-06,9,3,0.6833333333333333,0.6666666666666666,0.0400113455627867,0.02391839712679052,0.016092948435996183
XGBoost[GPU allocation scorer] Calibrated,holdout,2023-07,9,3,-0.6666666666666667,0.0,-0.04397579231319926,-0.025736558666202072,-0.018239233646997186
XGBoost[GPU allocation scorer] Calibrated,holdout,2023-08,9,3,-0.48333333333333334,0.0,-0.052256445313049404,-0.04835492684680753,-0.003901518466241871
XGBoost[GPU allocation scorer] Calibrated,holdout,2023-09,9,3,-0.5333333333333333,0.0,-0.03716812983260909,-0.021252635452726067,-0.01591549437988302
XGBoost[GPU allocation scorer] Calibrated,holdout,2023-10,9,3,0.6166666666666666,0.6666666666666666,0.10701033196863159,0.07880862834887714,0.02820170361975445
XGBoost[GPU allocation scorer] Calibrated,holdout,2023-11,9,3,0.4666666666666666,0.6666666666666666,0.0905282406245788,0.05802444420667722,0.03250379641790158
XGBoost[GPU allocation scorer] Calibrated,holdout,2023-12,9,3,-0.5166666666666667,0.3333333333333333,-0.023802656719657755,-0.01505938091525204,-0.008743275804405716
XGBoost[GPU allocation scorer] Calibrated,holdout,2024-01,9,3,0.5666666666666667,0.6666666666666666,0.0429580380259893,0.020776538491438616,0.022181499534550682
XGBoost[GPU allocation scorer] Calibrated,holdout,2024-02,9,3,0.3,0.3333333333333333,0.022376564799187742,0.026647960116727196,-0.004271395317539454
XGBoost[GPU allocation scorer] Calibrated,holdout,2024-03,9,3,-0.39999999999999997,0.0,-0.06388391300847755,-0.03484804385729255,-0.029035869151185
XGBoost[GPU allocation scorer] Calibrated,holdout,2024-04,9,3,0.35,0.6666666666666666,0.0426967605105019,0.034110495128370215,0.008586265382131683
XGBoost[GPU allocation scorer] Calibrated,holdout,2024-05,9,3,0.15,0.3333333333333333,0.017370170197516854,0.018606883347542395,-0.001236713150025541
XGBoost[GPU allocation scorer] Calibrated,holdout,2024-06,9,3,-0.21666666666666667,0.3333333333333333,0.015114516364872968,0.03655518755450766,-0.02144067118963469
XGBoost[GPU allocation scorer] Calibrated,holdout,2024-07,9,3,-0.11666666666666665,0.3333333333333333,0.0058395805685462765,0.016718903811860746,-0.010879323243314469
XGBoost[GPU allocation scorer] Calibrated,holdout,2024-08,9,3,0.06666666666666667,0.3333333333333333,0.02200597581679653,0.02734601676615858,-0.005340040949362048
XGBoost[GPU allocation scorer] Calibrated,holdout,2024-09,9,3,0.2833333333333333,0.3333333333333333,-0.017853936199231108,-0.016790702820888816,-0.0010632333783422918
XGBoost[GPU allocation scorer] Calibrated,holdout,2024-10,9,3,0.41666666666666663,0.6666666666666666,0.06893929411815732,0.028329535996731343,0.040609758121425976
XGBoost[GPU allocation scorer] Calibrated,holdout,2024-11,9,3,-0.25,0.6666666666666666,-0.031095711720381985,-0.03469253720836788,0.003596825487985896
XGBoost[GPU allocation scorer] Calibrated,holdout,2024-12,9,3,0.75,0.6666666666666666,0.024490701215342064,0.022671625556127967,0.0018190756592140964
XGBoost[GPU allocation scorer] Calibrated,holdout,2025-01,9,3,-0.7166666666666667,0.0,-0.030654578998297117,0.0077099186183671176,-0.03836449761666423
XGBoost[GPU allocation scorer] Calibrated,holdout,2025-02,9,3,-0.33333333333333337,0.3333333333333333,-0.016645656771147304,-0.015519909846651192,-0.001125746924496112
XGBoost[GPU allocation scorer] Calibrated,holdout,2025-03,9,3,0.15,0.6666666666666666,0.015001084815508658,0.0012694874297984758,0.013731597385710182
XGBoost[GPU allocation scorer] Calibrated,holdout,2025-04,9,3,-0.049999999999999996,0.3333333333333333,0.04381425044198484,0.025658027365854614,0.018156223076130223
XGBoost[GPU allocation scorer] Calibrated,holdout,2025-05,9,3,0.11666666666666665,0.6666666666666666,0.04597671434849896,0.03471453004209072,0.01126218430640824
XGBoost[GPU allocation scorer] Calibrated,holdout,2025-06,9,3,0.4666666666666666,0.3333333333333333,0.008245252399273465,0.0054856041866041295,0.0027596482126693352
XGBoost[GPU allocation scorer] Calibrated,holdout,2025-07,9,3,0.33333333333333337,0.3333333333333333,0.036079142834054036,0.026785585352391235,0.0092935574816628
XGBoost[GPU allocation scorer] Calibrated,holdout,2025-08,9,3,0.45,0.6666666666666666,0.052184034424710056,0.04017926388595266,0.012004770538757398
XGBoost[GPU allocation scorer] Calibrated,holdout,2025-09,9,3,0.7,0.6666666666666666,0.033679340194235685,0.017418450493185553,0.01626088970105013
XGBoost[GPU allocation scorer] Calibrated,holdout,2025-10,9,3,-0.03333333333333333,0.6666666666666666,0.016100748426110274,0.00853549604106548,0.007565252385044794
XGBoost[GPU allocation scorer] Calibrated,holdout,2025-11,9,3,0.2833333333333333,0.3333333333333333,0.002646867000668962,-0.002367049916127511,0.005013916916796473
XGBoost[GPU allocation scorer] Calibrated,holdout,2025-12,9,3,0.75,0.6666666666666666,0.06328014407229958,0.03492989815406327,0.02835024591823631
XGBoost[GPU allocation scorer] Calibrated,holdout,2026-01,9,3,0.016666666666666666,0.3333333333333333,0.014072107630054176,0.027294994422033363,-0.013222886791979187
XGBoost[GPU allocation scorer] Calibrated,holdout,2026-02,9,3,-0.6833333333333333,0.0,-0.06950176923955846,-0.05428717392251122,-0.01521459531704724
XGBoost[GPU allocation scorer] Calibrated,holdout,2026-03,9,3,0.33473096350228926,0.6666666666666666,0.07740715023650162,0.06505577186641257,0.012351378370089053
TabPFN[Direct allocation scorer],holdout,2020-01,9,3,-0.48333333333333334,0.0,-0.06226321024541248,-0.028843776596634247,-0.03341943364877824
TabPFN[Direct allocation scorer],holdout,2020-02,9,3,-0.45,0.0,-0.16051583974475966,-0.08506995831815597,-0.07544588142660369
TabPFN[Direct allocation scorer],holdout,2020-03,9,3,0.2833333333333333,0.3333333333333333,0.09862999752265796,0.0794165018434571,0.01921349567920086
TabPFN[Direct allocation scorer],holdout,2020-04,9,3,0.4937281711658766,0.6666666666666666,0.05389254446667224,0.029740945394446952,0.02415159907222529
TabPFN[Direct allocation scorer],holdout,2020-05,9,3,0.8166666666666667,0.6666666666666666,0.04047184877855189,0.02561496963872541,0.014856879139826477
TabPFN[Direct allocation scorer],holdout,2020-06,9,3,0.15,0.3333333333333333,0.04635948312583804,0.05465483896931215,-0.008295355843474107
TabPFN[Direct allocation scorer],holdout,2020-07,9,3,0.5833333333333334,0.6666666666666666,0.06436219889847876,0.022631478902831695,0.041730719995647064
TabPFN[Direct allocation scorer],holdout,2020-08,9,3,-0.7,0.0,-0.04403797555678657,-0.02273435643270885,-0.02130361912407772
TabPFN[Direct allocation scorer],holdout,2020-09,9,3,-0.049999999999999996,0.3333333333333333,-0.012811102260093373,-0.010902846733620507,-0.0019082555264728664
TabPFN[Direct allocation scorer],holdout,2020-10,9,3,0.6166666666666666,0.6666666666666666,0.13048301878715293,0.06550979782023876,0.06497322096691417
TabPFN[Direct allocation scorer],holdout,2020-11,9,3,0.6166666666666666,0.3333333333333333,0.05427637330167571,0.03846989803070032,0.01580647527097539
TabPFN[Direct allocation scorer],holdout,2020-12,9,3,0.6,0.6666666666666666,0.01714034228021181,-0.0011440841676125186,0.01828442644782433
TabPFN[Direct allocation scorer],holdout,2021-01,9,3,0.4666666666666666,0.6666666666666666,0.03164740275232728,-0.0017058158636524328,0.033353218615979716
TabPFN[Direct allocation scorer],holdout,2021-02,9,3,0.33333333333333337,0.3333333333333333,0.007953161715625582,0.005021361937602387,0.002931799778023195
TabPFN[Direct allocation scorer],holdout,2021-03,9,3,0.6,0.6666666666666666,0.05185795010770581,0.033050735804643384,0.018807214303062425
TabPFN[Direct allocation scorer],holdout,2021-04,9,3,-0.03333333333333333,0.3333333333333333,0.002395834969413461,0.011474736067908609,-0.009078901098495148
TabPFN[Direct allocation scorer],holdout,2021-05,9,3,0.26666666666666666,0.6666666666666666,0.0328336167421727,0.015089384316132739,0.017744232426039962
TabPFN[Direct allocation scorer],holdout,2021-06,9,3,0.0,0.3333333333333333,-0.024011241647490134,0.008889102070241727,-0.03290034371773186
TabPFN[Direct allocation scorer],holdout,2021-07,9,3,0.6166666666666666,0.6666666666666666,0.028587539258937644,0.014355172753622846,0.014232366505314798
TabPFN[Direct allocation scorer],holdout,2021-08,9,3,-0.6333333333333333,0.3333333333333333,-0.04145605187063036,-0.03430719330959616,-0.007148858561034199
TabPFN[Direct allocation scorer],holdout,2021-09,9,3,0.7166666666666667,0.6666666666666666,0.06416161600144983,0.033919583086947105,0.030242032914502726
TabPFN[Direct allocation scorer],holdout,2021-10,9,3,-0.2833333333333333,0.3333333333333333,-0.014816071276538315,-0.00814291260574651,-0.006673158670791804
TabPFN[Direct allocation scorer],holdout,2021-11,9,3,0.03333333333333333,0.3333333333333333,0.043764487673094266,0.02478512684151668,0.018979360831577585
TabPFN[Direct allocation scorer],holdout,2021-12,9,3,-0.5833333333333334,0.0,-0.08901131159081244,-0.04706511029911301,-0.041946201291699424
TabPFN[Direct allocation scorer],holdout,2022-01,9,3,-0.3666666666666667,0.3333333333333333,-0.02308349087079879,-0.01207924042379465,-0.011004250447004139
TabPFN[Direct allocation scorer],holdout,2022-02,9,3,0.43333333333333335,0.6666666666666666,0.04029773450723469,0.0032748039837103837,0.03702293052352431
TabPFN[Direct allocation scorer],holdout,2022-03,9,3,-0.48333333333333334,0.0,-0.0987666527853877,-0.06933050017927235,-0.029436152606115346
TabPFN[Direct allocation scorer],holdout,2022-04,9,3,-0.65,0.0,-0.020257718351503622,-0.009449679616672597,-0.010808038734831025
TabPFN[Direct allocation scorer],holdout,2022-05,9,3,-0.5833333333333334,0.0,-0.07477311509040345,-0.054311863957594464,-0.020461251132808986
TabPFN[Direct allocation scorer],holdout,2022-06,9,3,0.2333333333333333,0.3333333333333333,0.06939522158918691,0.05565977500318883,0.013735446585998082
TabPFN[Direct allocation scorer],holdout,2022-07,9,3,-0.06666666666666667,0.3333333333333333,-0.043824696861572275,-0.03801445436901753,-0.005810242492554747
TabPFN[Direct allocation scorer],holdout,2022-08,9,3,-0.6833333333333333,0.0,-0.11022421636882145,-0.08161101896775244,-0.028613197401069004
TabPFN[Direct allocation scorer],holdout,2022-09,9,3,0.33333333333333337,0.6666666666666666,0.06222640391559827,0.0210890417250722,0.04113736219052607
TabPFN[Direct allocation scorer],holdout,2022-10,9,3,0.15,0.3333333333333333,0.07779068488447893,0.06414317496858447,0.01364750991589446
TabPFN[Direct allocation scorer],holdout,2022-11,9,3,-0.6833333333333333,0.0,-0.06854052932523706,-0.0354410070641216,-0.03309952226111546
TabPFN[Direct allocation scorer],holdout,2022-12,9,3,0.9166666666666666,1.0,0.10288063173157698,0.07437025739312181,0.02851037433845517
TabPFN[Direct allocation scorer],holdout,2023-01,9,3,0.09999999999999999,0.6666666666666666,-0.02649145689743611,-0.03711493134035412,0.010623474442918005
TabPFN[Direct allocation scorer],holdout,2023-02,9,3,0.0,0.3333333333333333,0.008299626288756171,0.030973202502033798,-0.022673576213277626
TabPFN[Direct allocation scorer],holdout,2023-03,9,3,-0.31666666666666665,0.0,-0.0032423495703917484,0.002229079144615046,-0.005471428715006795
TabPFN[Direct allocation scorer],holdout,2023-04,9,3,0.13333333333333333,0.6666666666666666,0.010353404564573268,-0.00651299932271723,0.0168664038872905
TabPFN[Direct allocation scorer],holdout,2023-05,9,3,0.5166666666666667,0.6666666666666666,0.06666878135118563,0.03266673201734189,0.034002049333843744
TabPFN[Direct allocation scorer],holdout,2023-06,9,3,0.6666666666666667,0.6666666666666666,0.0400113455627867,0.02391839712679052,0.016092948435996183
TabPFN[Direct allocation scorer],holdout,2023-07,9,3,-0.6166666666666666,0.0,-0.03314564697494893,-0.025736558666202072,-0.007409088308746856
TabPFN[Direct allocation scorer],holdout,2023-08,9,3,-0.6166666666666666,0.0,-0.060657498780399166,-0.04835492684680753,-0.012302571933591633
TabPFN[Direct allocation scorer],holdout,2023-09,9,3,-0.5833333333333334,0.0,-0.04200353631273831,-0.021252635452726067,-0.02075090086001224
TabPFN[Direct allocation scorer],holdout,2023-10,9,3,0.6166666666666666,0.6666666666666666,0.10701033196863159,0.07880862834887714,0.02820170361975445
TabPFN[Direct allocation scorer],holdout,2023-11,9,3,0.65,0.6666666666666666,0.0905282406245788,0.05802444420667722,0.03250379641790158
TabPFN[Direct allocation scorer],holdout,2023-12,9,3,-0.2833333333333333,0.3333333333333333,-0.023802656719657755,-0.01505938091525204,-0.008743275804405716
TabPFN[Direct allocation scorer],holdout,2024-01,9,3,0.7,0.6666666666666666,0.0429580380259893,0.020776538491438616,0.022181499534550682
TabPFN[Direct allocation scorer],holdout,2024-02,9,3,0.41666666666666663,0.3333333333333333,0.022376564799187742,0.026647960116727196,-0.004271395317539454
TabPFN[Direct allocation scorer],holdout,2024-03,9,3,-0.41666666666666663,0.0,-0.06388391300847755,-0.03484804385729255,-0.029035869151185
TabPFN[Direct allocation scorer],holdout,2024-04,9,3,0.5833333333333334,0.6666666666666666,0.052499425672575116,0.034110495128370215,0.0183889305442049
TabPFN[Direct allocation scorer],holdout,2024-05,9,3,0.26666666666666666,0.3333333333333333,0.024071177660542453,0.018606883347542395,0.005464294313000058
TabPFN[Direct allocation scorer],holdout,2024-06,9,3,0.09999999999999999,0.6666666666666666,0.05532290701785273,0.03655518755450766,0.018767719463345073
TabPFN[Direct allocation scorer],holdout,2024-07,9,3,-0.33333333333333337,0.3333333333333333,0.015453248688850488,0.016718903811860746,-0.0012656551230102574
TabPFN[Direct allocation scorer],holdout,2024-08,9,3,0.3,0.3333333333333333,0.02200597581679653,0.02734601676615858,-0.005340040949362048
TabPFN[Direct allocation scorer],holdout,2024-09,9,3,0.21666666666666667,0.3333333333333333,-0.017853936199231108,-0.016790702820888816,-0.0010632333783422918
TabPFN[Direct allocation scorer],holdout,2024-10,9,3,0.38333333333333336,0.6666666666666666,0.06893929411815732,0.028329535996731343,0.040609758121425976
TabPFN[Direct allocation scorer],holdout,2024-11,9,3,-0.15,0.3333333333333333,-0.054306791606486514,-0.03469253720836788,-0.019614254398118633
TabPFN[Direct allocation scorer],holdout,2024-12,9,3,0.38333333333333336,0.3333333333333333,0.02103929508269209,0.022671625556127967,-0.0016323304734358786
TabPFN[Direct allocation scorer],holdout,2025-01,9,3,-0.33333333333333337,0.3333333333333333,-0.014090984225125077,0.0077099186183671176,-0.021800902843492197
TabPFN[Direct allocation scorer],holdout,2025-02,9,3,-0.5,0.3333333333333333,-0.044354264285434986,-0.015519909846651192,-0.028834354438783794
TabPFN[Direct allocation scorer],holdout,2025-03,9,3,-0.09999999999999999,0.3333333333333333,-0.011216741100469626,0.0012694874297984758,-0.012486228530268102
TabPFN[Direct allocation scorer],holdout,2025-04,9,3,0.2333333333333333,0.3333333333333333,0.04773678990156053,0.025658027365854614,0.022078762535705915
TabPFN[Direct allocation scorer],holdout,2025-05,9,3,0.26666666666666666,0.6666666666666666,0.04197588668570207,0.03471453004209072,0.007261356643611348
TabPFN[Direct allocation scorer],holdout,2025-06,9,3,0.45,0.6666666666666666,0.015851073717174573,0.0054856041866041295,0.010365469530570444
TabPFN[Direct allocation scorer],holdout,2025-07,9,3,0.33333333333333337,0.6666666666666666,0.03874771595974794,0.026785585352391235,0.011962130607356708
TabPFN[Direct allocation scorer],holdout,2025-08,9,3,0.38333333333333336,0.6666666666666666,0.052184034424710056,0.04017926388595266,0.012004770538757398
TabPFN[Direct allocation scorer],holdout,2025-09,9,3,0.5499999999999999,0.6666666666666666,0.033677281123753934,0.017418450493185553,0.01625883063056838
TabPFN[Direct allocation scorer],holdout,2025-10,9,3,-0.09205101496312953,0.3333333333333333,-0.007699136507819504,0.00853549604106548,-0.016234632548884985
TabPFN[Direct allocation scorer],holdout,2025-11,9,3,0.0,0.3333333333333333,0.002600033268059058,-0.002367049916127511,0.004967083184186569
TabPFN[Direct allocation scorer],holdout,2025-12,9,3,0.5333333333333333,0.6666666666666666,0.049116484086799105,0.03492989815406327,0.014186585932735835
TabPFN[Direct allocation scorer],holdout,2026-01,9,3,0.06666666666666667,0.3333333333333333,0.014072107630054176,0.027294994422033363,-0.013222886791979187
TabPFN[Direct allocation scorer],holdout,2026-02,9,3,-0.6,0.0,-0.06350509392851578,-0.05428717392251122,-0.009217920006004555
TabPFN[Direct allocation scorer],holdout,2026-03,9,3,0.6,0.6666666666666666,0.1212559738404088,0.06505577186641257,0.056200201973996236
TabPFN[Direct allocation scorer] Calibration Base,calibration,2018-01,9,3,-0.5,0.3333333333333333,-0.049563708819706474,-0.03251812149607111,-0.017045587323635362
TabPFN[Direct allocation scorer] Calibration Base,calibration,2018-02,9,3,-0.049999999999999996,0.3333333333333333,-0.007430871252855205,0.003606058649571136,-0.011036929902426341
TabPFN[Direct allocation scorer] Calibration Base,calibration,2018-03,9,3,0.06666666666666667,0.3333333333333333,-0.004432503410273347,-0.00425610474084554,-0.00017639866942780694
TabPFN[Direct allocation scorer] Calibration Base,calibration,2018-04,9,3,0.13333333333333333,0.6666666666666666,0.030716676513558732,0.01907856089757931,0.011638115615979421
TabPFN[Direct allocation scorer] Calibration Base,calibration,2018-05,9,3,0.41666666666666663,0.3333333333333333,-0.009287527451234808,-0.0007576732826948386,-0.00852985416853997
TabPFN[Direct allocation scorer] Calibration Base,calibration,2018-06,9,3,0.016666666666666666,0.3333333333333333,0.016823642641362675,0.010837876908425513,0.005985765732937161
TabPFN[Direct allocation scorer] Calibration Base,calibration,2018-07,9,3,0.4666666666666666,0.6666666666666666,0.0380110796981686,0.014429630048131668,0.023581449650036935
TabPFN[Direct allocation scorer] Calibration Base,calibration,2018-08,9,3,-0.2333333333333333,0.3333333333333333,-0.010619210441571917,-0.010512335311302492,-0.00010687513026942479
TabPFN[Direct allocation scorer] Calibration Base,calibration,2018-09,9,3,-0.8166666666666667,0.0,-0.09448018546142238,-0.04585615600323049,-0.04862402945819189
TabPFN[Direct allocation scorer] Calibration Base,calibration,2018-10,9,3,0.3666666666666667,0.3333333333333333,0.027288759605610762,0.017721407359977723,0.00956735224563304
TabPFN[Direct allocation scorer] Calibration Base,calibration,2018-11,9,3,-0.43333333333333335,0.0,-0.09528239947298811,-0.032630433676544265,-0.06265196579644385
TabPFN[Direct allocation scorer] Calibration Base,calibration,2018-12,9,3,0.16666666666666669,0.3333333333333333,0.06577472017094517,0.06599897675102401,-0.0002242565800788382
TabPFN[Direct allocation scorer] Calibration Base,calibration,2019-01,9,3,-0.03347309635022892,0.6666666666666666,0.022129900185167212,0.010310345309029115,0.011819554876138097
TabPFN[Direct allocation scorer] Calibration Base,calibration,2019-02,9,3,-0.2333333333333333,0.3333333333333333,0.009874518543806055,0.018788731305260892,-0.008914212761454838
TabPFN[Direct allocation scorer] Calibration Base,calibration,2019-03,9,3,0.3666666666666667,0.6666666666666666,0.03749704286331087,0.014428680422545933,0.023068362440764933
TabPFN[Direct allocation scorer] Calibration Base,calibration,2019-04,9,3,-0.6333333333333333,0.0,-0.07802564034343167,-0.02214977625166408,-0.055875864091767584
TabPFN[Direct allocation scorer] Calibration Base,calibration,2019-05,9,3,0.35,0.6666666666666666,0.06927564563928512,0.04735589378201367,0.02191975185727145
TabPFN[Direct allocation scorer] Calibration Base,calibration,2019-06,9,3,0.41666666666666663,0.3333333333333333,0.010909853331093252,0.004483859893244933,0.00642599343784832
TabPFN[Direct allocation scorer] Calibration Base,calibration,2019-07,9,3,-0.3666666666666667,0.3333333333333333,0.01406196405859376,0.016734911536470456,-0.0026729474778766967
TabPFN[Direct allocation scorer] Calibration Base,calibration,2019-08,9,3,0.39999999999999997,0.3333333333333333,0.015489699702432894,0.0018866084647653923,0.013603091237667501
TabPFN[Direct allocation scorer] Calibration Base,calibration,2019-09,9,3,0.7333333333333334,1.0,0.037599197503975335,0.018047813914944984,0.01955138358903035
TabPFN[Direct allocation scorer] Calibration Base,calibration,2019-10,9,3,0.35,0.6666666666666666,0.026803607810112002,0.007357355605786579,0.019446252204325422
TabPFN[Direct allocation scorer] Calibration Base,calibration,2019-11,9,3,0.6333333333333333,0.3333333333333333,0.03192835027913884,0.02168823846543117,0.010240111813707667
TabPFN[Direct allocation scorer] Calibration Base,calibration,2019-12,9,3,-0.2833333333333333,0.0,-0.020717458198468115,0.011292453838961146,-0.03200991203742926
TabPFN[Direct allocation scorer] Calibration Base,holdout,2020-01,9,3,-0.38333333333333336,0.0,-0.05619913924418155,-0.028843776596634247,-0.027355362647547305
TabPFN[Direct allocation scorer] Calibration Base,holdout,2020-02,9,3,-0.4184137043778615,0.0,-0.14844295399861063,-0.08506995831815597,-0.06337299568045465
TabPFN[Direct allocation scorer] Calibration Base,holdout,2020-03,9,3,0.16666666666666669,0.3333333333333333,0.07817916492826608,0.0794165018434571,-0.0012373369151910119
TabPFN[Direct allocation scorer] Calibration Base,holdout,2020-04,9,3,0.016666666666666666,0.3333333333333333,0.02475689808910153,0.029740945394446952,-0.004984047305345421
TabPFN[Direct allocation scorer] Calibration Base,holdout,2020-05,9,3,0.7666666666666667,0.6666666666666666,0.052097570427444305,0.02561496963872541,0.026482600788718894
TabPFN[Direct allocation scorer] Calibration Base,holdout,2020-06,9,3,0.6833333333333333,1.0,0.087963516229891,0.05465483896931215,0.03330867726057885
TabPFN[Direct allocation scorer] Calibration Base,holdout,2020-07,9,3,0.4666666666666666,0.6666666666666666,0.06436219889847876,0.022631478902831695,0.041730719995647064
TabPFN[Direct allocation scorer] Calibration Base,holdout,2020-08,9,3,-0.6945667492672501,0.0,-0.03653467835414037,-0.02273435643270885,-0.013800321921431522
TabPFN[Direct allocation scorer] Calibration Base,holdout,2020-09,9,3,-0.049999999999999996,0.3333333333333333,-0.015467351586193057,-0.010902846733620507,-0.0045645048525725495
TabPFN[Direct allocation scorer] Calibration Base,holdout,2020-10,9,3,0.5333333333333333,0.6666666666666666,0.1282042651845238,0.06550979782023876,0.06269446736428504
TabPFN[Direct allocation scorer] Calibration Base,holdout,2020-11,9,3,0.6,0.3333333333333333,0.04921974648199886,0.03846989803070032,0.01074984845129854
TabPFN[Direct allocation scorer] Calibration Base,holdout,2020-12,9,3,0.65,1.0,0.02760263475920599,-0.0011440841676125186,0.02874671892681851
TabPFN[Direct allocation scorer] Calibration Base,holdout,2021-01,9,3,0.38333333333333336,0.3333333333333333,0.022856321494277448,-0.0017058158636524328,0.02456213735792988
TabPFN[Direct allocation scorer] Calibration Base,holdout,2021-02,9,3,0.3,0.3333333333333333,0.007953161715625582,0.005021361937602387,0.002931799778023195
TabPFN[Direct allocation scorer] Calibration Base,holdout,2021-03,9,3,0.5666666666666667,0.6666666666666666,0.049898191107973,0.033050735804643384,0.016847455303329616
TabPFN[Direct allocation scorer] Calibration Base,holdout,2021-04,9,3,0.03333333333333333,0.3333333333333333,0.002395834969413461,0.011474736067908609,-0.009078901098495148
TabPFN[Direct allocation scorer] Calibration Base,holdout,2021-05,9,3,0.2333333333333333,0.3333333333333333,0.03027176780851389,0.015089384316132739,0.01518238349238115
TabPFN[Direct allocation scorer] Calibration Base,holdout,2021-06,9,3,0.03333333333333333,0.3333333333333333,-0.024011241647490134,0.008889102070241727,-0.03290034371773186
TabPFN[Direct allocation scorer] Calibration Base,holdout,2021-07,9,3,0.5666666666666667,0.6666666666666666,0.02663853581683869,0.014355172753622846,0.012283363063215843
TabPFN[Direct allocation scorer] Calibration Base,holdout,2021-08,9,3,-0.6166666666666666,0.3333333333333333,-0.04145605187063036,-0.03430719330959616,-0.007148858561034199
TabPFN[Direct allocation scorer] Calibration Base,holdout,2021-09,9,3,0.6333333333333333,0.3333333333333333,0.04395769091492537,0.033919583086947105,0.010038107827978267
TabPFN[Direct allocation scorer] Calibration Base,holdout,2021-10,9,3,-0.18333333333333335,0.3333333333333333,-0.021401148603476566,-0.00814291260574651,-0.013258235997730055
TabPFN[Direct allocation scorer] Calibration Base,holdout,2021-11,9,3,-0.08333333333333334,0.3333333333333333,0.04121642633500663,0.02478512684151668,0.016431299493489947
TabPFN[Direct allocation scorer] Calibration Base,holdout,2021-12,9,3,-0.43333333333333335,0.3333333333333333,-0.061007291185455226,-0.04706511029911301,-0.013942180886342213
TabPFN[Direct allocation scorer] Calibration Base,holdout,2022-01,9,3,-0.6333333333333333,0.0,-0.040929557777311075,-0.01207924042379465,-0.028850317353516425
TabPFN[Direct allocation scorer] Calibration Base,holdout,2022-02,9,3,0.2833333333333333,0.6666666666666666,0.025168960510065008,0.0032748039837103837,0.021894156526354625
TabPFN[Direct allocation scorer] Calibration Base,holdout,2022-03,9,3,-0.26666666666666666,0.3333333333333333,-0.07267047847152226,-0.06933050017927235,-0.003339978292249912
TabPFN[Direct allocation scorer] Calibration Base,holdout,2022-04,9,3,-0.6166666666666666,0.3333333333333333,-0.024444935928805367,-0.009449679616672597,-0.01499525631213277
TabPFN[Direct allocation scorer] Calibration Base,holdout,2022-05,9,3,0.016666666666666666,0.3333333333333333,-0.047241747863553986,-0.054311863957594464,0.007070116094040478
TabPFN[Direct allocation scorer] Calibration Base,holdout,2022-06,9,3,-0.4518868007280905,0.0,0.018928930559622154,0.05565977500318883,-0.03673084444356668
TabPFN[Direct allocation scorer] Calibration Base,holdout,2022-07,9,3,-0.16666666666666669,0.3333333333333333,-0.043824696861572275,-0.03801445436901753,-0.005810242492554747
TabPFN[Direct allocation scorer] Calibration Base,holdout,2022-08,9,3,-0.48333333333333334,0.3333333333333333,-0.09099641455088943,-0.08161101896775244,-0.009385395583136988
TabPFN[Direct allocation scorer] Calibration Base,holdout,2022-09,9,3,-0.45,0.0,-0.0008585407230947325,0.0210890417250722,-0.02194758244816693
TabPFN[Direct allocation scorer] Calibration Base,holdout,2022-10,9,3,0.2333333333333333,0.3333333333333333,0.07779068488447893,0.06414317496858447,0.01364750991589446
TabPFN[Direct allocation scorer] Calibration Base,holdout,2022-11,9,3,-0.39999999999999997,0.0,-0.055618471311173256,-0.0354410070641216,-0.020177464247051656
TabPFN[Direct allocation scorer] Calibration Base,holdout,2022-12,9,3,0.38333333333333336,0.3333333333333333,0.08430358118560166,0.07437025739312181,0.009933323792479853
TabPFN[Direct allocation scorer] Calibration Base,holdout,2023-01,9,3,-0.33333333333333337,0.3333333333333333,-0.04597237611693209,-0.03711493134035412,-0.008857444776577975
TabPFN[Direct allocation scorer] Calibration Base,holdout,2023-02,9,3,0.03347309635022892,0.3333333333333333,0.029926814104941652,0.030973202502033798,-0.0010463883970921461
TabPFN[Direct allocation scorer] Calibration Base,holdout,2023-03,9,3,-0.4267819784654187,0.3333333333333333,0.0011305243448862894,0.002229079144615046,-0.0010985547997287568
TabPFN[Direct allocation scorer] Calibration Base,holdout,2023-04,9,3,-0.15,0.3333333333333333,0.005066582840167848,-0.00651299932271723,0.011579582162885078
TabPFN[Direct allocation scorer] Calibration Base,holdout,2023-05,9,3,0.4435185266405332,0.6666666666666666,0.06666878135118563,0.03266673201734189,0.034002049333843744
TabPFN[Direct allocation scorer] Calibration Base,holdout,2023-06,9,3,0.5333333333333333,0.6666666666666666,0.0400113455627867,0.02391839712679052,0.016092948435996183
TabPFN[Direct allocation scorer] Calibration Base,holdout,2023-07,9,3,-0.5166666666666667,0.3333333333333333,-0.03129238542063317,-0.025736558666202072,-0.005555826754431101
TabPFN[Direct allocation scorer] Calibration Base,holdout,2023-08,9,3,-0.75,0.0,-0.060657498780399166,-0.04835492684680753,-0.012302571933591633
TabPFN[Direct allocation scorer] Calibration Base,holdout,2023-09,9,3,-0.5833333333333334,0.0,-0.04200353631273831,-0.021252635452726067,-0.02075090086001224
TabPFN[Direct allocation scorer] Calibration Base,holdout,2023-10,9,3,0.5666666666666667,0.6666666666666666,0.10701033196863159,0.07880862834887714,0.02820170361975445
TabPFN[Direct allocation scorer] Calibration Base,holdout,2023-11,9,3,0.5333333333333333,0.3333333333333333,0.061992032421758436,0.05802444420667722,0.003967588215081218
TabPFN[Direct allocation scorer] Calibration Base,holdout,2023-12,9,3,-0.31666666666666665,0.3333333333333333,-0.025886273026489715,-0.01505938091525204,-0.010826892111237675
TabPFN[Direct allocation scorer] Calibration Base,holdout,2024-01,9,3,0.6666666666666667,0.6666666666666666,0.0429580380259893,0.020776538491438616,0.022181499534550682
TabPFN[Direct allocation scorer] Calibration Base,holdout,2024-02,9,3,0.11666666666666665,0.0,0.019838980383683962,0.026647960116727196,-0.0068089797330432335
TabPFN[Direct allocation scorer] Calibration Base,holdout,2024-03,9,3,-0.09999999999999999,0.3333333333333333,-0.04178964081623534,-0.03484804385729255,-0.0069415969589427876
TabPFN[Direct allocation scorer] Calibration Base,holdout,2024-04,9,3,0.5,0.6666666666666666,0.04380600443845931,0.034110495128370215,0.009695509310089098
TabPFN[Direct allocation scorer] Calibration Base,holdout,2024-05,9,3,0.39999999999999997,0.6666666666666666,0.03654583610883703,0.018606883347542395,0.017938952761294633
TabPFN[Direct allocation scorer] Calibration Base,holdout,2024-06,9,3,-0.18333333333333335,0.3333333333333333,0.015114516364872968,0.03655518755450766,-0.02144067118963469
TabPFN[Direct allocation scorer] Calibration Base,holdout,2024-07,9,3,-0.48333333333333334,0.0,0.001310642956696621,0.016718903811860746,-0.015408260855164125
TabPFN[Direct allocation scorer] Calibration Base,holdout,2024-08,9,3,0.5333333333333333,0.6666666666666666,0.03877520702153251,0.02734601676615858,0.011429190255373933
TabPFN[Direct allocation scorer] Calibration Base,holdout,2024-09,9,3,0.15,0.3333333333333333,-0.02431927966122127,-0.016790702820888816,-0.007528576840332455
TabPFN[Direct allocation scorer] Calibration Base,holdout,2024-10,9,3,0.06666666666666667,0.3333333333333333,0.021619472902223286,0.028329535996731343,-0.006710063094508056
TabPFN[Direct allocation scorer] Calibration Base,holdout,2024-11,9,3,-0.25,0.3333333333333333,-0.054306791606486514,-0.03469253720836788,-0.019614254398118633
TabPFN[Direct allocation scorer] Calibration Base,holdout,2024-12,9,3,0.3,0.3333333333333333,0.02103929508269209,0.022671625556127967,-0.0016323304734358786
TabPFN[Direct allocation scorer] Calibration Base,holdout,2025-01,9,3,-0.11666666666666665,0.3333333333333333,-0.014090984225125077,0.0077099186183671176,-0.021800902843492197
TabPFN[Direct allocation scorer] Calibration Base,holdout,2025-02,9,3,-0.3666666666666667,0.3333333333333333,-0.030133183803291514,-0.015519909846651192,-0.014613273956640322
TabPFN[Direct allocation scorer] Calibration Base,holdout,2025-03,9,3,0.08333333333333334,0.3333333333333333,-0.003022644485824344,0.0012694874297984758,-0.00429213191562282
TabPFN[Direct allocation scorer] Calibration Base,holdout,2025-04,9,3,-0.11666666666666665,0.0,0.016955952144254494,0.025658027365854614,-0.00870207522160012
TabPFN[Direct allocation scorer] Calibration Base,holdout,2025-05,9,3,0.25,0.6666666666666666,0.04597671434849896,0.03471453004209072,0.01126218430640824
TabPFN[Direct allocation scorer] Calibration Base,holdout,2025-06,9,3,0.41666666666666663,0.6666666666666666,0.015851073717174573,0.0054856041866041295,0.010365469530570444
TabPFN[Direct allocation scorer] Calibration Base,holdout,2025-07,9,3,0.3,0.3333333333333333,0.028728458026500814,0.026785585352391235,0.001942872674109579
TabPFN[Direct allocation scorer] Calibration Base,holdout,2025-08,9,3,0.6166666666666666,0.6666666666666666,0.06771248876364126,0.04017926388595266,0.027533224877688604
TabPFN[Direct allocation scorer] Calibration Base,holdout,2025-09,9,3,0.7666666666666667,1.0,0.03965699392054164,0.017418450493185553,0.022238543427356084
TabPFN[Direct allocation scorer] Calibration Base,holdout,2025-10,9,3,-0.24267994853915967,0.3333333333333333,0.006782133266325041,0.00853549604106548,-0.001753362774740438
TabPFN[Direct allocation scorer] Calibration Base,holdout,2025-11,9,3,0.13333333333333333,0.3333333333333333,0.002646867000668962,-0.002367049916127511,0.005013916916796473
TabPFN[Direct allocation scorer] Calibration Base,holdout,2025-12,9,3,0.5666666666666667,0.3333333333333333,0.03955082996402245,0.03492989815406327,0.004620931809959178
TabPFN[Direct allocation scorer] Calibration Base,holdout,2026-01,9,3,0.15,0.6666666666666666,0.02976417088869343,0.027294994422033363,0.0024691764666600682
TabPFN[Direct allocation scorer] Calibration Base,holdout,2026-02,9,3,-0.6833333333333333,0.0,-0.08380523645888809,-0.05428717392251122,-0.029518062536376864
TabPFN[Direct allocation scorer] Calibration Base,holdout,2026-03,9,3,0.31666666666666665,0.3333333333333333,0.0781748525639329,0.06505577186641257,0.013119080697520338
TabICL[Direct allocation scorer],holdout,2020-01,9,3,-0.75,0.0,-0.07606562038829923,-0.028843776596634247,-0.04722184379166498
TabICL[Direct allocation scorer],holdout,2020-02,9,3,-0.5833333333333334,0.0,-0.16051583974475966,-0.08506995831815597,-0.07544588142660369
TabICL[Direct allocation scorer],holdout,2020-03,9,3,0.5333333333333333,0.3333333333333333,0.08384910800753927,0.0794165018434571,0.00443260616408217
TabICL[Direct allocation scorer],holdout,2020-04,9,3,0.39999999999999997,0.6666666666666666,0.04975737629445417,0.029740945394446952,0.020016430900007216
TabICL[Direct allocation scorer],holdout,2020-05,9,3,0.8166666666666667,0.6666666666666666,0.04047184877855189,0.02561496963872541,0.014856879139826477
TabICL[Direct allocation scorer],holdout,2020-06,9,3,0.06666666666666667,0.3333333333333333,0.04635948312583804,0.05465483896931215,-0.008295355843474107
TabICL[Direct allocation scorer],holdout,2020-07,9,3,0.7666666666666667,0.6666666666666666,0.056211487113028445,0.022631478902831695,0.03358000821019675
TabICL[Direct allocation scorer],holdout,2020-08,9,3,-0.65,0.0,-0.03901437069129573,-0.02273435643270885,-0.01628001425858688
TabICL[Direct allocation scorer],holdout,2020-09,9,3,-0.19999999999999998,0.3333333333333333,-0.012811102260093373,-0.010902846733620507,-0.0019082555264728664
TabICL[Direct allocation scorer],holdout,2020-10,9,3,0.7666666666666667,0.6666666666666666,0.13048301878715293,0.06550979782023876,0.06497322096691417
TabICL[Direct allocation scorer],holdout,2020-11,9,3,0.4602550748156477,0.0,0.03780433901002178,0.03846989803070032,-0.0006655590206785383
TabICL[Direct allocation scorer],holdout,2020-12,9,3,0.11666666666666665,0.3333333333333333,-0.013271777826806552,-0.0011440841676125186,-0.012127693659194035
TabICL[Direct allocation scorer],holdout,2021-01,9,3,0.33333333333333337,0.6666666666666666,0.020240655174985227,-0.0017058158636524328,0.02194647103863766
TabICL[Direct allocation scorer],holdout,2021-02,9,3,0.75,1.0,0.03802928292860871,0.005021361937602387,0.03300792099100632
TabICL[Direct allocation scorer],holdout,2021-03,9,3,0.5333333333333333,0.6666666666666666,0.04329543203482489,0.033050735804643384,0.010244696230181503
TabICL[Direct allocation scorer],holdout,2021-04,9,3,-0.08333333333333334,0.3333333333333333,0.002395834969413461,0.011474736067908609,-0.009078901098495148
TabICL[Direct allocation scorer],holdout,2021-05,9,3,0.35,0.3333333333333333,0.03027176780851389,0.015089384316132739,0.01518238349238115
TabICL[Direct allocation scorer],holdout,2021-06,9,3,-0.15,0.3333333333333333,-0.024011241647490134,0.008889102070241727,-0.03290034371773186
TabICL[Direct allocation scorer],holdout,2021-07,9,3,0.75,1.0,0.031325944970084306,0.014355172753622846,0.016970772216461462
TabICL[Direct allocation scorer],holdout,2021-08,9,3,-0.5666666666666667,0.3333333333333333,-0.04145605187063036,-0.03430719330959616,-0.007148858561034199
TabICL[Direct allocation scorer],holdout,2021-09,9,3,0.7666666666666667,0.6666666666666666,0.06377268921208779,0.033919583086947105,0.02985310612514068
TabICL[Direct allocation scorer],holdout,2021-10,9,3,-0.08333333333333334,0.3333333333333333,-0.010463343000863157,-0.00814291260574651,-0.002320430395116646
TabICL[Direct allocation scorer],holdout,2021-11,9,3,0.13333333333333333,0.3333333333333333,0.026828589373873706,0.02478512684151668,0.002043462532357026
TabICL[Direct allocation scorer],holdout,2021-12,9,3,-0.5166666666666667,0.0,-0.07851948872926502,-0.04706511029911301,-0.03145437843015201
TabICL[Direct allocation scorer],holdout,2022-01,9,3,-0.5,0.3333333333333333,-0.02308349087079879,-0.01207924042379465,-0.011004250447004139
TabICL[Direct allocation scorer],holdout,2022-02,9,3,0.5499999999999999,0.6666666666666666,0.04029773450723469,0.0032748039837103837,0.03702293052352431
TabICL[Direct allocation scorer],holdout,2022-03,9,3,-0.6166666666666666,0.3333333333333333,-0.09194246794251275,-0.06933050017927235,-0.022611967763240398
TabICL[Direct allocation scorer],holdout,2022-04,9,3,-0.5833333333333334,0.0,-0.020257718351503622,-0.009449679616672597,-0.010808038734831025
TabICL[Direct allocation scorer],holdout,2022-05,9,3,-0.6666666666666667,0.0,-0.08241062642256074,-0.054311863957594464,-0.028098762464966273
TabICL[Direct allocation scorer],holdout,2022-06,9,3,0.38333333333333336,0.6666666666666666,0.10577010810213243,0.05565977500318883,0.050110333098943596
TabICL[Direct allocation scorer],holdout,2022-07,9,3,-0.13333333333333333,0.3333333333333333,-0.043824696861572275,-0.03801445436901753,-0.005810242492554747
TabICL[Direct allocation scorer],holdout,2022-08,9,3,-0.7833333333333333,0.0,-0.11022421636882145,-0.08161101896775244,-0.028613197401069004
TabICL[Direct allocation scorer],holdout,2022-09,9,3,0.25,0.6666666666666666,0.06222640391559827,0.0210890417250722,0.04113736219052607
TabICL[Direct allocation scorer],holdout,2022-10,9,3,0.18333333333333335,0.0,0.04631296078980962,0.06414317496858447,-0.017830214178774853
TabICL[Direct allocation scorer],holdout,2022-11,9,3,-0.7,0.0,-0.06854052932523706,-0.0354410070641216,-0.03309952226111546
TabICL[Direct allocation scorer],holdout,2022-12,9,3,0.9666666666666667,1.0,0.10288063173157698,0.07437025739312181,0.02851037433845517
TabICL[Direct allocation scorer],holdout,2023-01,9,3,0.33333333333333337,0.6666666666666666,-0.02649145689743611,-0.03711493134035412,0.010623474442918005
TabICL[Direct allocation scorer],holdout,2023-02,9,3,0.13333333333333333,0.3333333333333333,0.008299626288756171,0.030973202502033798,-0.022673576213277626
TabICL[Direct allocation scorer],holdout,2023-03,9,3,-0.2333333333333333,0.0,-0.0032423495703917484,0.002229079144615046,-0.005471428715006795
TabICL[Direct allocation scorer],holdout,2023-04,9,3,0.13333333333333333,0.6666666666666666,0.010353404564573268,-0.00651299932271723,0.0168664038872905
TabICL[Direct allocation scorer],holdout,2023-05,9,3,0.4666666666666666,0.6666666666666666,0.06666878135118563,0.03266673201734189,0.034002049333843744
TabICL[Direct allocation scorer],holdout,2023-06,9,3,0.5333333333333333,0.6666666666666666,0.0400113455627867,0.02391839712679052,0.016092948435996183
TabICL[Direct allocation scorer],holdout,2023-07,9,3,-0.3,0.3333333333333333,-0.020462240082382843,-0.025736558666202072,0.005274318583819229
TabICL[Direct allocation scorer],holdout,2023-08,9,3,-0.5166666666666667,0.3333333333333333,-0.04682702817445709,-0.04835492684680753,0.001527898672350446
TabICL[Direct allocation scorer],holdout,2023-09,9,3,-0.5666666666666667,0.0,-0.04200353631273831,-0.021252635452726067,-0.02075090086001224
TabICL[Direct allocation scorer],holdout,2023-10,9,3,0.7666666666666667,0.6666666666666666,0.10701033196863159,0.07880862834887714,0.02820170361975445
TabICL[Direct allocation scorer],holdout,2023-11,9,3,0.7833333333333333,0.6666666666666666,0.0905282406245788,0.05802444420667722,0.03250379641790158
TabICL[Direct allocation scorer],holdout,2023-12,9,3,0.0,0.3333333333333333,-0.022027278713781667,-0.01505938091525204,-0.006967897798529627
TabICL[Direct allocation scorer],holdout,2024-01,9,3,0.6025157343041205,0.6666666666666666,0.05025457078068888,0.020776538491438616,0.029478032289250264
TabICL[Direct allocation scorer],holdout,2024-02,9,3,0.16666666666666669,0.3333333333333333,0.035753950841940586,0.026647960116727196,0.00910599072521339
TabICL[Direct allocation scorer],holdout,2024-03,9,3,-0.6666666666666667,0.0,-0.06257750783314113,-0.03484804385729255,-0.02772946397584858
TabICL[Direct allocation scorer],holdout,2024-04,9,3,0.65,0.6666666666666666,0.052499425672575116,0.034110495128370215,0.0183889305442049
TabICL[Direct allocation scorer],holdout,2024-05,9,3,0.18333333333333335,0.3333333333333333,0.024071177660542453,0.018606883347542395,0.005464294313000058
TabICL[Direct allocation scorer],holdout,2024-06,9,3,0.16666666666666669,0.6666666666666666,0.0467490887862743,0.03655518755450766,0.010193901231766639
TabICL[Direct allocation scorer],holdout,2024-07,9,3,-0.06666666666666667,0.3333333333333333,0.01472765022862954,0.016718903811860746,-0.0019912535832312048
TabICL[Direct allocation scorer],holdout,2024-08,9,3,0.1338923854009157,0.3333333333333333,0.0302447404510023,0.02734601676615858,0.0028987236848437223
TabICL[Direct allocation scorer],holdout,2024-09,9,3,0.2833333333333333,0.6666666666666666,-0.010579938110558943,-0.016790702820888816,0.006210764710329874
TabICL[Direct allocation scorer],holdout,2024-10,9,3,0.6666666666666667,0.6666666666666666,0.06136619772598051,0.028329535996731343,0.03303666172924917
TabICL[Direct allocation scorer],holdout,2024-11,9,3,0.2833333333333333,0.6666666666666666,-0.02445277345204348,-0.03469253720836788,0.010239763756324401
TabICL[Direct allocation scorer],holdout,2024-12,9,3,0.45,0.3333333333333333,0.03533070016519938,0.022671625556127967,0.012659074609071414
TabICL[Direct allocation scorer],holdout,2025-01,9,3,-0.31666666666666665,0.3333333333333333,-0.014090984225125077,0.0077099186183671176,-0.021800902843492197
TabICL[Direct allocation scorer],holdout,2025-02,9,3,-0.34309923758984645,0.3333333333333333,-0.044354264285434986,-0.015519909846651192,-0.028834354438783794
TabICL[Direct allocation scorer],holdout,2025-03,9,3,-0.33333333333333337,0.3333333333333333,-0.011216741100469626,0.0012694874297984758,-0.012486228530268102
TabICL[Direct allocation scorer],holdout,2025-04,9,3,-0.3,0.3333333333333333,0.023628249407023755,0.025658027365854614,-0.0020297779588308584
TabICL[Direct allocation scorer],holdout,2025-05,9,3,0.049999999999999996,0.3333333333333333,0.03246123628019615,0.03471453004209072,-0.0022532937618945717
TabICL[Direct allocation scorer],holdout,2025-06,9,3,0.19999999999999998,0.6666666666666666,0.011595071960191605,0.0054856041866041295,0.006109467773587476
TabICL[Direct allocation scorer],holdout,2025-07,9,3,-0.26666666666666666,0.0,0.012145965188106475,0.026785585352391235,-0.01463962016428476
TabICL[Direct allocation scorer],holdout,2025-08,9,3,0.6,0.6666666666666666,0.05346045398642193,0.04017926388595266,0.01328119010046927
TabICL[Direct allocation scorer],holdout,2025-09,9,3,0.5499999999999999,0.3333333333333333,0.028484047757058557,0.017418450493185553,0.011065597263873003
TabICL[Direct allocation scorer],holdout,2025-10,9,3,-0.30125786715206027,0.3333333333333333,-0.0008842371381327189,0.00853549604106548,-0.009419733179198198
TabICL[Direct allocation scorer],holdout,2025-11,9,3,0.13333333333333333,0.3333333333333333,0.002600033268059058,-0.002367049916127511,0.004967083184186569
TabICL[Direct allocation scorer],holdout,2025-12,9,3,0.2833333333333333,0.3333333333333333,0.02225461626565591,0.03492989815406327,-0.012675281888407362
TabICL[Direct allocation scorer],holdout,2026-01,9,3,-0.31666666666666665,0.0,0.009890193560642765,0.027294994422033363,-0.017404800861390596
TabICL[Direct allocation scorer],holdout,2026-02,9,3,-0.43333333333333335,0.0,-0.04912441452478374,-0.05428717392251122,0.005162759397727479
TabICL[Direct allocation scorer],holdout,2026-03,9,3,0.38333333333333336,0.6666666666666666,0.08978366189215621,0.06505577186641257,0.024727890025743646
TabICL[Direct allocation scorer] Calibration Base,calibration,2018-01,9,3,-0.43333333333333335,0.3333333333333333,-0.03609111697025288,-0.03251812149607111,-0.0035729954741817657
TabICL[Direct allocation scorer] Calibration Base,calibration,2018-02,9,3,0.11666666666666665,0.3333333333333333,-0.001957220363097941,0.003606058649571136,-0.005563279012669077
TabICL[Direct allocation scorer] Calibration Base,calibration,2018-03,9,3,-0.19999999999999998,0.0,-0.008454326293351114,-0.00425610474084554,-0.004198221552505574
TabICL[Direct allocation scorer] Calibration Base,calibration,2018-04,9,3,0.13333333333333333,0.3333333333333333,0.0216047975151894,0.01907856089757931,0.0025262366176100892
TabICL[Direct allocation scorer] Calibration Base,calibration,2018-05,9,3,0.18333333333333335,0.6666666666666666,-0.009182917500084301,-0.0007576732826948386,-0.008425244217389462
TabICL[Direct allocation scorer] Calibration Base,calibration,2018-06,9,3,0.31666666666666665,0.6666666666666666,0.016301882650814965,0.010837876908425513,0.005464005742389451
TabICL[Direct allocation scorer] Calibration Base,calibration,2018-07,9,3,0.45,0.3333333333333333,0.011084874980554438,0.014429630048131668,-0.00334475506757723
TabICL[Direct allocation scorer] Calibration Base,calibration,2018-08,9,3,0.35,0.6666666666666666,-0.0008873600561175218,-0.010512335311302492,0.00962497525518497
TabICL[Direct allocation scorer] Calibration Base,calibration,2018-09,9,3,-0.7833333333333333,0.0,-0.08088880301332298,-0.04585615600323049,-0.03503264701009249
TabICL[Direct allocation scorer] Calibration Base,calibration,2018-10,9,3,0.2333333333333333,0.3333333333333333,0.02065125975747965,0.017721407359977723,0.0029298523975019274
TabICL[Direct allocation scorer] Calibration Base,calibration,2018-11,9,3,-0.06666666666666667,0.3333333333333333,-0.0492643971093536,-0.032630433676544265,-0.01663396343280933
TabICL[Direct allocation scorer] Calibration Base,calibration,2018-12,9,3,0.3,0.3333333333333333,0.06577472017094517,0.06599897675102401,-0.0002242565800788382
TabICL[Direct allocation scorer] Calibration Base,calibration,2019-01,9,3,-0.06666666666666667,0.6666666666666666,0.022646272468117384,0.010310345309029115,0.012335927159088269
TabICL[Direct allocation scorer] Calibration Base,calibration,2019-02,9,3,0.09999999999999999,0.6666666666666666,0.024676804383859812,0.018788731305260892,0.00588807307859892
TabICL[Direct allocation scorer] Calibration Base,calibration,2019-03,9,3,0.5333333333333333,0.6666666666666666,0.03749704286331087,0.014428680422545933,0.023068362440764933
TabICL[Direct allocation scorer] Calibration Base,calibration,2019-04,9,3,-0.5333333333333333,0.3333333333333333,-0.030795248232937406,-0.02214977625166408,-0.008645471981273325
TabICL[Direct allocation scorer] Calibration Base,calibration,2019-05,9,3,0.5166666666666667,0.6666666666666666,0.06927564563928512,0.04735589378201367,0.02191975185727145
TabICL[Direct allocation scorer] Calibration Base,calibration,2019-06,9,3,0.39999999999999997,0.3333333333333333,0.0011991706801406006,0.004483859893244933,-0.0032846892131043323
TabICL[Direct allocation scorer] Calibration Base,calibration,2019-07,9,3,-0.7166666666666667,0.0,-0.035377163348309794,0.016734911536470456,-0.05211207488478025
TabICL[Direct allocation scorer] Calibration Base,calibration,2019-08,9,3,0.6,0.3333333333333333,0.015489699702432894,0.0018866084647653923,0.013603091237667501
TabICL[Direct allocation scorer] Calibration Base,calibration,2019-09,9,3,0.7999999999999999,1.0,0.037599197503975335,0.018047813914944984,0.01955138358903035
TabICL[Direct allocation scorer] Calibration Base,calibration,2019-10,9,3,0.6666666666666667,1.0,0.03918280905701632,0.007357355605786579,0.031825453451229745
TabICL[Direct allocation scorer] Calibration Base,calibration,2019-11,9,3,0.5355695416036628,0.3333333333333333,0.03192835027913884,0.02168823846543117,0.010240111813707667
TabICL[Direct allocation scorer] Calibration Base,calibration,2019-12,9,3,-0.2833333333333333,0.0,-0.0003484904880502275,0.011292453838961146,-0.011640944327011373
TabICL[Direct allocation scorer] Calibration Base,holdout,2020-01,9,3,-0.75,0.0,-0.07606562038829923,-0.028843776596634247,-0.04722184379166498
TabICL[Direct allocation scorer] Calibration Base,holdout,2020-02,9,3,-0.43333333333333335,0.0,-0.14844295399861063,-0.08506995831815597,-0.06337299568045465
TabICL[Direct allocation scorer] Calibration Base,holdout,2020-03,9,3,0.21666666666666667,0.3333333333333333,0.07817916492826608,0.0794165018434571,-0.0012373369151910119
TabICL[Direct allocation scorer] Calibration Base,holdout,2020-04,9,3,-0.02510482226267169,0.3333333333333333,0.02475689808910153,0.029740945394446952,-0.004984047305345421
TabICL[Direct allocation scorer] Calibration Base,holdout,2020-05,9,3,0.8166666666666667,0.6666666666666666,0.04047184877855189,0.02561496963872541,0.014856879139826477
TabICL[Direct allocation scorer] Calibration Base,holdout,2020-06,9,3,0.26666666666666666,0.6666666666666666,0.06413500181104181,0.05465483896931215,0.009480162841729665
TabICL[Direct allocation scorer] Calibration Base,holdout,2020-07,9,3,0.65,0.6666666666666666,0.056211487113028445,0.022631478902831695,0.03358000821019675
TabICL[Direct allocation scorer] Calibration Base,holdout,2020-08,9,3,-0.6666666666666667,0.0,-0.03901437069129573,-0.02273435643270885,-0.01628001425858688
TabICL[Direct allocation scorer] Calibration Base,holdout,2020-09,9,3,0.03333333333333333,0.3333333333333333,-0.012811102260093373,-0.010902846733620507,-0.0019082555264728664
TabICL[Direct allocation scorer] Calibration Base,holdout,2020-10,9,3,0.65,0.6666666666666666,0.13048301878715293,0.06550979782023876,0.06497322096691417
TabICL[Direct allocation scorer] Calibration Base,holdout,2020-11,9,3,0.6666666666666667,0.3333333333333333,0.05427637330167571,0.03846989803070032,0.01580647527097539
TabICL[Direct allocation scorer] Calibration Base,holdout,2020-12,9,3,0.5499999999999999,0.6666666666666666,0.013625759078224645,-0.0011440841676125186,0.014769843245837164
TabICL[Direct allocation scorer] Calibration Base,holdout,2021-01,9,3,0.6166666666666666,0.6666666666666666,0.020240655174985227,-0.0017058158636524328,0.02194647103863766
TabICL[Direct allocation scorer] Calibration Base,holdout,2021-02,9,3,0.5333333333333333,0.3333333333333333,0.007953161715625582,0.005021361937602387,0.002931799778023195
TabICL[Direct allocation scorer] Calibration Base,holdout,2021-03,9,3,0.5166666666666667,0.3333333333333333,0.029658270531667325,0.033050735804643384,-0.003392465272976059
TabICL[Direct allocation scorer] Calibration Base,holdout,2021-04,9,3,0.0,0.3333333333333333,0.002395834969413461,0.011474736067908609,-0.009078901098495148
TabICL[Direct allocation scorer] Calibration Base,holdout,2021-05,9,3,0.31666666666666665,0.3333333333333333,0.03027176780851389,0.015089384316132739,0.01518238349238115
TabICL[Direct allocation scorer] Calibration Base,holdout,2021-06,9,3,-0.049999999999999996,0.3333333333333333,-0.024011241647490134,0.008889102070241727,-0.03290034371773186
TabICL[Direct allocation scorer] Calibration Base,holdout,2021-07,9,3,0.7333333333333334,1.0,0.031325944970084306,0.014355172753622846,0.016970772216461462
TabICL[Direct allocation scorer] Calibration Base,holdout,2021-08,9,3,-0.5833333333333334,0.3333333333333333,-0.04408021504539036,-0.03430719330959616,-0.009773021735794196
TabICL[Direct allocation scorer] Calibration Base,holdout,2021-09,9,3,0.7833333333333333,0.6666666666666666,0.06377268921208779,0.033919583086947105,0.02985310612514068
TabICL[Direct allocation scorer] Calibration Base,holdout,2021-10,9,3,-0.18333333333333335,0.3333333333333333,-0.010463343000863157,-0.00814291260574651,-0.002320430395116646
TabICL[Direct allocation scorer] Calibration Base,holdout,2021-11,9,3,0.15,0.3333333333333333,0.026828589373873706,0.02478512684151668,0.002043462532357026
TabICL[Direct allocation scorer] Calibration Base,holdout,2021-12,9,3,-0.6,0.0,-0.07851948872926502,-0.04706511029911301,-0.03145437843015201
TabICL[Direct allocation scorer] Calibration Base,holdout,2022-01,9,3,-0.5166666666666667,0.3333333333333333,-0.02308349087079879,-0.01207924042379465,-0.011004250447004139
TabICL[Direct allocation scorer] Calibration Base,holdout,2022-02,9,3,0.43333333333333335,0.6666666666666666,0.04029773450723469,0.0032748039837103837,0.03702293052352431
TabICL[Direct allocation scorer] Calibration Base,holdout,2022-03,9,3,-0.35,0.3333333333333333,-0.08521733236249884,-0.06933050017927235,-0.015886832183226493
TabICL[Direct allocation scorer] Calibration Base,holdout,2022-04,9,3,-0.7666666666666667,0.0,-0.03177836659596974,-0.009449679616672597,-0.022328686979297144
TabICL[Direct allocation scorer] Calibration Base,holdout,2022-05,9,3,-0.30125786715206027,0.3333333333333333,-0.059742565005382366,-0.054311863957594464,-0.005430701047787902
TabICL[Direct allocation scorer] Calibration Base,holdout,2022-06,9,3,0.19999999999999998,0.3333333333333333,0.061931829067191045,0.05565977500318883,0.006272054064002212
TabICL[Direct allocation scorer] Calibration Base,holdout,2022-07,9,3,-0.06666666666666667,0.3333333333333333,-0.043824696861572275,-0.03801445436901753,-0.005810242492554747
TabICL[Direct allocation scorer] Calibration Base,holdout,2022-08,9,3,-0.7833333333333333,0.0,-0.11022421636882145,-0.08161101896775244,-0.028613197401069004
TabICL[Direct allocation scorer] Calibration Base,holdout,2022-09,9,3,0.13333333333333333,0.3333333333333333,0.019068315249239354,0.0210890417250722,-0.002020726475832846
TabICL[Direct allocation scorer] Calibration Base,holdout,2022-10,9,3,0.11666666666666665,0.3333333333333333,0.054132369997521135,0.06414317496858447,-0.010010804971063339
TabICL[Direct allocation scorer] Calibration Base,holdout,2022-11,9,3,-0.5774109120414489,0.3333333333333333,-0.041990496760103135,-0.0354410070641216,-0.006549489695981535
TabICL[Direct allocation scorer] Calibration Base,holdout,2022-12,9,3,0.7166666666666667,0.6666666666666666,0.08934899236437739,0.07437025739312181,0.014978734971255583
TabICL[Direct allocation scorer] Calibration Base,holdout,2023-01,9,3,0.13333333333333333,0.6666666666666666,-0.02649145689743611,-0.03711493134035412,0.010623474442918005
TabICL[Direct allocation scorer] Calibration Base,holdout,2023-02,9,3,0.2833333333333333,0.6666666666666666,0.04187153150999504,0.030973202502033798,0.010898329007961245
TabICL[Direct allocation scorer] Calibration Base,holdout,2023-03,9,3,-0.31666666666666665,0.0,-0.0032423495703917484,0.002229079144615046,-0.005471428715006795
TabICL[Direct allocation scorer] Calibration Base,holdout,2023-04,9,3,0.05020964452534338,0.6666666666666666,0.010353404564573268,-0.00651299932271723,0.0168664038872905
TabICL[Direct allocation scorer] Calibration Base,holdout,2023-05,9,3,0.45,0.6666666666666666,0.06666878135118563,0.03266673201734189,0.034002049333843744
TabICL[Direct allocation scorer] Calibration Base,holdout,2023-06,9,3,0.75,0.6666666666666666,0.0400113455627867,0.02391839712679052,0.016092948435996183
TabICL[Direct allocation scorer] Calibration Base,holdout,2023-07,9,3,-0.6166666666666666,0.0,-0.03314564697494893,-0.025736558666202072,-0.007409088308746856
TabICL[Direct allocation scorer] Calibration Base,holdout,2023-08,9,3,-0.41666666666666663,0.0,-0.052256445313049404,-0.04835492684680753,-0.003901518466241871
TabICL[Direct allocation scorer] Calibration Base,holdout,2023-09,9,3,-0.4666666666666666,0.0,-0.040911337317802464,-0.021252635452726067,-0.019658701865076397
TabICL[Direct allocation scorer] Calibration Base,holdout,2023-10,9,3,0.2833333333333333,0.3333333333333333,0.07047712099676628,0.07880862834887714,-0.008331507352110856
TabICL[Direct allocation scorer] Calibration Base,holdout,2023-11,9,3,0.049999999999999996,0.0,0.03478131493628515,0.05802444420667722,-0.02324312927039207
TabICL[Direct allocation scorer] Calibration Base,holdout,2023-12,9,3,-0.15,0.3333333333333333,-0.022027278713781667,-0.01505938091525204,-0.006967897798529627
TabICL[Direct allocation scorer] Calibration Base,holdout,2024-01,9,3,0.7196715715299219,0.6666666666666666,0.0429580380259893,0.020776538491438616,0.022181499534550682
TabICL[Direct allocation scorer] Calibration Base,holdout,2024-02,9,3,0.45,0.3333333333333333,0.022376564799187742,0.026647960116727196,-0.004271395317539454
TabICL[Direct allocation scorer] Calibration Base,holdout,2024-03,9,3,-0.6,0.0,-0.06388391300847755,-0.03484804385729255,-0.029035869151185
TabICL[Direct allocation scorer] Calibration Base,holdout,2024-04,9,3,0.34309923758984645,0.3333333333333333,0.03240812176795379,0.034110495128370215,-0.001702373360416426
TabICL[Direct allocation scorer] Calibration Base,holdout,2024-05,9,3,0.16666666666666669,0.3333333333333333,0.017370170197516854,0.018606883347542395,-0.001236713150025541
TabICL[Direct allocation scorer] Calibration Base,holdout,2024-06,9,3,-0.18410202992625907,0.3333333333333333,0.03167600156874958,0.03655518755450766,-0.0048791859857580805
TabICL[Direct allocation scorer] Calibration Base,holdout,2024-07,9,3,-0.35,0.3333333333333333,0.01472765022862954,0.016718903811860746,-0.0019912535832312048
TabICL[Direct allocation scorer] Calibration Base,holdout,2024-08,9,3,0.19999999999999998,0.3333333333333333,0.0302447404510023,0.02734601676615858,0.0028987236848437223
TabICL[Direct allocation scorer] Calibration Base,holdout,2024-09,9,3,0.08333333333333334,0.3333333333333333,-0.017853936199231108,-0.016790702820888816,-0.0010632333783422918
TabICL[Direct allocation scorer] Calibration Base,holdout,2024-10,9,3,0.5,0.6666666666666666,0.04581819545665492,0.028329535996731343,0.01748865945992358
TabICL[Direct allocation scorer] Calibration Base,holdout,2024-11,9,3,0.11666666666666665,0.6666666666666666,-0.031095711720381985,-0.03469253720836788,0.003596825487985896
TabICL[Direct allocation scorer] Calibration Base,holdout,2024-12,9,3,0.5,0.6666666666666666,0.038157322041251586,0.022671625556127967,0.015485696485123619
TabICL[Direct allocation scorer] Calibration Base,holdout,2025-01,9,3,-0.5,0.0,-0.020350886997085833,0.0077099186183671176,-0.02806080561545295
TabICL[Direct allocation scorer] Calibration Base,holdout,2025-02,9,3,-0.31666666666666665,0.3333333333333333,-0.016645656771147304,-0.015519909846651192,-0.001125746924496112
TabICL[Direct allocation scorer] Calibration Base,holdout,2025-03,9,3,-0.19999999999999998,0.3333333333333333,-0.00761527301486975,0.0012694874297984758,-0.008884760444668226
TabICL[Direct allocation scorer] Calibration Base,holdout,2025-04,9,3,-0.6,0.0,-0.01502060483715221,0.025658027365854614,-0.040678632203006826
TabICL[Direct allocation scorer] Calibration Base,holdout,2025-05,9,3,-0.09999999999999999,0.3333333333333333,0.03151673989075188,0.03471453004209072,-0.003197790151338843
TabICL[Direct allocation scorer] Calibration Base,holdout,2025-06,9,3,0.09999999999999999,0.6666666666666666,0.011595071960191605,0.0054856041866041295,0.006109467773587476
TabICL[Direct allocation scorer] Calibration Base,holdout,2025-07,9,3,0.3,0.3333333333333333,0.028728458026500814,0.026785585352391235,0.001942872674109579
TabICL[Direct allocation scorer] Calibration Base,holdout,2025-08,9,3,0.33333333333333337,0.6666666666666666,0.052184034424710056,0.04017926388595266,0.012004770538757398
TabICL[Direct allocation scorer] Calibration Base,holdout,2025-09,9,3,0.6,0.3333333333333333,0.029762890596501057,0.017418450493185553,0.012344440103315504
TabICL[Direct allocation scorer] Calibration Base,holdout,2025-10,9,3,-0.25,0.3333333333333333,-0.0008842371381327189,0.00853549604106548,-0.009419733179198198
TabICL[Direct allocation scorer] Calibration Base,holdout,2025-11,9,3,0.049999999999999996,0.3333333333333333,-0.0038974429864684725,-0.002367049916127511,-0.0015303930703409615
TabICL[Direct allocation scorer] Calibration Base,holdout,2025-12,9,3,0.38333333333333336,0.6666666666666666,0.049116484086799105,0.03492989815406327,0.014186585932735835
TabICL[Direct allocation scorer] Calibration Base,holdout,2026-01,9,3,-0.11666666666666665,0.0,0.009890193560642765,0.027294994422033363,-0.017404800861390596
TabICL[Direct allocation scorer] Calibration Base,holdout,2026-02,9,3,-0.5166666666666667,0.0,-0.06950176923955846,-0.05428717392251122,-0.01521459531704724
TabICL[Direct allocation scorer] Calibration Base,holdout,2026-03,9,3,0.2333333333333333,0.3333333333333333,0.0781748525639329,0.06505577186641257,0.013119080697520338
