month,Equal weight universe | turnover_cap_1,SPY only | turnover_cap_1,60/40 SPY/TLT | turnover_cap_1,Inverse volatility universe | turnover_cap_1,12M momentum top-k portfolio | turnover_cap_1,Low volatility top-k portfolio | turnover_cap_1,FeatureSensitivity[full][TabPFN direct] | turnover_cap_1,FeatureSensitivity[full][TabPFN direct] | inverse-vol capped top-k | turnover_cap_1,FeatureSensitivity[full][XGBoost light] | turnover_cap_1,FeatureSensitivity[full][XGBoost light] | inverse-vol capped top-k | turnover_cap_1,FeatureSensitivity[identity_ablated][TabPFN direct] | turnover_cap_1,FeatureSensitivity[identity_ablated][TabPFN direct] | inverse-vol capped top-k | turnover_cap_1,FeatureSensitivity[identity_ablated][XGBoost light] | turnover_cap_1,FeatureSensitivity[identity_ablated][XGBoost light] | inverse-vol capped top-k | turnover_cap_1,FeatureSensitivity[metadata_only][TabPFN direct] | turnover_cap_1,FeatureSensitivity[metadata_only][TabPFN direct] | inverse-vol capped top-k | turnover_cap_1,FeatureSensitivity[metadata_only][XGBoost light] | turnover_cap_1,FeatureSensitivity[metadata_only][XGBoost light] | inverse-vol capped top-k | turnover_cap_1,FeatureSensitivity[strict_time_series][TabPFN direct] | turnover_cap_1,FeatureSensitivity[strict_time_series][TabPFN direct] | inverse-vol capped top-k | turnover_cap_1,FeatureSensitivity[strict_time_series][XGBoost light] | turnover_cap_1,FeatureSensitivity[strict_time_series][XGBoost light] | inverse-vol capped top-k | turnover_cap_1,FeatureSensitivity[ticker_ablated][TabPFN direct] | turnover_cap_1,FeatureSensitivity[ticker_ablated][TabPFN direct] | inverse-vol capped top-k | turnover_cap_1,FeatureSensitivity[ticker_ablated][XGBoost light] | turnover_cap_1,FeatureSensitivity[ticker_ablated][XGBoost light] | inverse-vol capped top-k | turnover_cap_1,Rule[6M momentum top-k] | turnover_cap_1,Rule[6M momentum top-k] | inverse-vol capped top-k | turnover_cap_1,Rule[Risk-adjusted momentum top-k] | turnover_cap_1,Rule[Risk-adjusted momentum top-k] | inverse-vol capped top-k | turnover_cap_1,TabPFN[Direct allocation scorer] | turnover_cap_1,TabPFN[Direct allocation scorer] | inverse-vol capped top-k | turnover_cap_1,TabPFN[Direct allocation scorer] Calibration Base | turnover_cap_1,TabPFN[Direct allocation scorer] Calibration Base | inverse-vol capped top-k | turnover_cap_1,XGBoost[GPU allocation scorer] | turnover_cap_1,XGBoost[GPU allocation scorer] | inverse-vol capped top-k | turnover_cap_1,XGBoost[GPU allocation scorer] Calibrated | turnover_cap_1,XGBoost[GPU allocation scorer] Calibrated | inverse-vol capped top-k | turnover_cap_1,XGBoost[GPU allocation scorer] Calibration Base | turnover_cap_1,XGBoost[GPU allocation scorer] Calibration Base | inverse-vol capped top-k | turnover_cap_1,Equal weight universe | turnover_cap_0.5,SPY only | turnover_cap_0.5,60/40 SPY/TLT | turnover_cap_0.5,Inverse volatility universe | turnover_cap_0.5,12M momentum top-k portfolio | turnover_cap_0.5,Low volatility top-k portfolio | turnover_cap_0.5,FeatureSensitivity[full][TabPFN direct] | turnover_cap_0.5,FeatureSensitivity[full][TabPFN direct] | inverse-vol capped top-k | turnover_cap_0.5,FeatureSensitivity[full][XGBoost light] | turnover_cap_0.5,FeatureSensitivity[full][XGBoost light] | inverse-vol capped top-k | turnover_cap_0.5,FeatureSensitivity[identity_ablated][TabPFN direct] | turnover_cap_0.5,FeatureSensitivity[identity_ablated][TabPFN direct] | inverse-vol capped top-k | turnover_cap_0.5,FeatureSensitivity[identity_ablated][XGBoost light] | turnover_cap_0.5,FeatureSensitivity[identity_ablated][XGBoost light] | inverse-vol capped top-k | turnover_cap_0.5,FeatureSensitivity[metadata_only][TabPFN direct] | turnover_cap_0.5,FeatureSensitivity[metadata_only][TabPFN direct] | inverse-vol capped top-k | turnover_cap_0.5,FeatureSensitivity[metadata_only][XGBoost light] | turnover_cap_0.5,FeatureSensitivity[metadata_only][XGBoost light] | inverse-vol capped top-k | turnover_cap_0.5,FeatureSensitivity[strict_time_series][TabPFN direct] | turnover_cap_0.5,FeatureSensitivity[strict_time_series][TabPFN direct] | inverse-vol capped top-k | turnover_cap_0.5,FeatureSensitivity[strict_time_series][XGBoost light] | turnover_cap_0.5,FeatureSensitivity[strict_time_series][XGBoost light] | inverse-vol capped top-k | turnover_cap_0.5,FeatureSensitivity[ticker_ablated][TabPFN direct] | turnover_cap_0.5,FeatureSensitivity[ticker_ablated][TabPFN direct] | inverse-vol capped top-k | turnover_cap_0.5,FeatureSensitivity[ticker_ablated][XGBoost light] | turnover_cap_0.5,FeatureSensitivity[ticker_ablated][XGBoost light] | inverse-vol capped top-k | turnover_cap_0.5,Rule[6M momentum top-k] | turnover_cap_0.5,Rule[6M momentum top-k] | inverse-vol capped top-k | turnover_cap_0.5,Rule[Risk-adjusted momentum top-k] | turnover_cap_0.5,Rule[Risk-adjusted momentum top-k] | inverse-vol capped top-k | turnover_cap_0.5,TabPFN[Direct allocation scorer] | turnover_cap_0.5,TabPFN[Direct allocation scorer] | inverse-vol capped top-k | turnover_cap_0.5,TabPFN[Direct allocation scorer] Calibration Base | turnover_cap_0.5,TabPFN[Direct allocation scorer] Calibration Base | inverse-vol capped top-k | turnover_cap_0.5,XGBoost[GPU allocation scorer] | turnover_cap_0.5,XGBoost[GPU allocation scorer] | inverse-vol capped top-k | turnover_cap_0.5,XGBoost[GPU allocation scorer] Calibrated | turnover_cap_0.5,XGBoost[GPU allocation scorer] Calibrated | inverse-vol capped top-k | turnover_cap_0.5,XGBoost[GPU allocation scorer] Calibration Base | turnover_cap_0.5,XGBoost[GPU allocation scorer] Calibration Base | inverse-vol capped top-k | turnover_cap_0.5
2020-01,-0.05454852992795161,-0.07824826180382788,-0.017954724441201768,-0.03890131335296085,-0.04340960744964334,-0.008439380356632555,-0.05286561372189434,-0.04927765441145543,-0.09086345934802921,-0.09046307424059716,-0.06853607363391633,-0.06534174297167211,-0.08346963858496287,-0.08189213691155621,-0.020896995162989117,-0.01750677335117749,-0.019643191165498362,-0.017828418260443943,-0.06853607363391633,-0.06534174297167211,-0.08346963858496287,-0.08189213691155621,-0.0900015268738977,-0.08967248755398174,-0.0900015268738977,-0.08967248755398174,-0.07124419927519215,-0.07267978214772335,-0.055037000413761174,-0.05498198195281531,-0.06853607363391633,-0.06534174297167211,-0.03871724736810213,-0.028797645910784857,-0.09086345934802921,-0.09046307424059716,-0.0900015268738977,-0.08967248755398174,-0.0900015268738977,-0.08967248755398174,-0.05454852992795161,-0.07824826180382788,-0.017954724441201768,-0.03890131335296085,-0.04340960744964334,-0.008439380356632555,-0.05286561372189434,-0.04927765441145543,-0.09086345934802921,-0.09046307424059716,-0.06853607363391633,-0.06534174297167211,-0.08346963858496287,-0.08189213691155621,-0.020896995162989117,-0.01750677335117749,-0.019643191165498362,-0.017828418260443943,-0.06853607363391633,-0.06534174297167211,-0.08346963858496287,-0.08189213691155621,-0.0900015268738977,-0.08967248755398174,-0.0900015268738977,-0.08967248755398174,-0.07124419927519215,-0.07267978214772335,-0.055037000413761174,-0.05498198195281531,-0.06853607363391633,-0.06534174297167211,-0.03871724736810213,-0.028797645910784857,-0.09086345934802921,-0.09046307424059716,-0.0900015268738977,-0.08967248755398174,-0.0900015268738977,-0.08967248755398174
2020-02,-0.14485397359129104,-0.16354881001931654,-0.06355517403928701,-0.09406444930744919,-0.04848878485535091,-0.02942749652712049,-0.19475957640546362,-0.18883362661570413,-0.24096097993089793,-0.23472928614048336,-0.21124393167974706,-0.204206538820541,-0.22958759789423994,-0.22748671191424283,-0.09220633103791101,-0.07076848830074076,-0.08831398239392706,-0.0688394096338866,-0.21124393167974706,-0.204206538820541,-0.22958759789423994,-0.22748671191424283,-0.2469125866772946,-0.2394888636073631,-0.23189118937858813,-0.2302769539196586,-0.08378599470507568,-0.06850326984232967,-0.035399751145025186,-0.049531713830509645,-0.21124393167974706,-0.204206538820541,-0.1742515400937728,-0.14917943227968802,-0.21838621365918215,-0.2155852864826231,-0.19455957640546362,-0.18860912966560264,-0.19455957640546362,-0.18860912966560264,-0.14485397359129104,-0.16354881001931654,-0.06355517403928701,-0.09406444930744919,-0.059026628807068715,-0.02942749652712049,-0.18585843001286967,-0.17635644263135544,-0.23998390801982708,-0.23565735139841512,-0.20538283892635878,-0.19337667824200053,-0.2275529060107332,-0.22360712021609555,-0.09220633103791101,-0.07076848830074076,-0.08831398239392706,-0.0688394096338866,-0.20538283892635878,-0.19337667824200053,-0.2275529060107332,-0.22360712021609555,-0.23463035839972438,-0.22794173670141932,-0.22831254215742536,-0.22333578185756708,-0.09896657368676422,-0.09468652285037354,-0.0739044790216061,-0.08045204444527797,-0.20538283892635878,-0.19337667824200053,-0.1742515400937728,-0.14917943227968802,-0.22611894707777247,-0.22608535156948492,-0.19455957640546362,-0.19080546742293922,-0.19455957640546362,-0.19080546742293922
2020-03,0.10528199762534536,0.15053652755412283,0.0885109234793942,0.04591785434013629,0.052773607947397765,0.019483744818959318,0.08862273112959022,0.09240417305936094,0.04338227549073115,0.05114153551647835,0.07672111327175246,0.07527408461393124,0.10305735085491828,0.08180304910413835,0.07937154871164431,0.067431915694959,0.08111006027805082,0.07042437201476417,0.07672111327175246,0.07527408461393124,0.10305735085491828,0.08180304910413835,0.07954653918530963,0.08120228444913172,0.10328076301283406,0.08191867443559464,0.0544375052157084,0.05153217728903934,0.022397661904343148,0.014830485728210314,0.07672111327175246,0.07527408461393124,0.056445656875531366,0.0589052334072975,0.06878264538523453,0.07989280566424992,0.07574717925531556,0.08561024134160414,0.07574717925531556,0.08561024134160414,0.10528199762534536,0.15053652755412283,0.0885109234793942,0.04591785434013629,0.06282749942529338,0.019483744818959318,0.11951275872818451,0.11509400801317947,0.10377130733093094,0.10223479072060299,0.11387083828372607,0.11221964148095287,0.13507467573465187,0.12509247153715633,0.07937154871164431,0.067431915694959,0.08111006027805082,0.07042437201476417,0.11387083828372607,0.11221964148095287,0.13507467573465187,0.12509247153715633,0.12197154851873834,0.12087516045316504,0.1331940729778264,0.12155367431674102,0.09071309329652147,0.0866289715599386,0.05841844674119759,0.05828529659006158,0.11387083828372607,0.11221964148095287,0.10683340411817671,0.10087975335345027,0.12394553988361828,0.12188688347460744,0.12596176615171706,0.12902299503189538,0.12596176615171706,0.12902299503189538
2020-04,0.05812332666708574,0.06417551818010314,0.026107518288067275,0.02708337563050278,0.03463895564934281,0.018097865963571106,0.081001196412945,0.08950019212649538,0.06388608750253462,0.05452934687521429,0.08834443586043211,0.08281772685395579,0.06114572009702656,0.053801968001518236,0.06961735170044606,0.05927107242854029,0.06822005189036076,0.05888095361388479,0.08834443586043211,0.08281772685395579,0.06114572009702656,0.053801968001518236,0.0753840112816188,0.06795244717705955,0.06052331061892467,0.052555518671589474,0.03460562231600947,0.02011879830744156,0.02394363192165241,0.015276526569414015,0.08834443586043211,0.08281772685395579,0.06522382433501697,0.05197951128904737,0.06802873767498124,0.0610970718483168,0.07751667299360362,0.06643401990520882,0.07751667299360362,0.06643401990520882,0.05812332666708574,0.06417551818010314,0.026107518288067275,0.02708337563050278,0.03461752707791423,0.018097865963571106,0.08152955958969835,0.0833173779919863,0.07633775185375688,0.06743788429841727,0.08375821904299863,0.07916229061908953,0.07205447678052568,0.06905245585507316,0.06961735170044606,0.05927107242854029,0.06822005189036076,0.05888095361388479,0.08375821904299863,0.07916229061908953,0.07205447678052568,0.06905245585507316,0.07625226873034074,0.07004583418720894,0.06890474946307028,0.06476902541953562,0.0367183362810186,0.029563874372442005,0.025482104362287213,0.02286544502932858,0.08375821904299863,0.07916229061908953,0.06694829889126419,0.05563803131204836,0.07782310819871933,0.07205143651810302,0.08075367377447376,0.07532389274770956,0.08075367377447376,0.07532389274770956
2020-05,0.01999268480659916,0.024083589220398993,0.01667308769568474,0.009764559265398228,0.03624273257848423,0.009376428388236312,0.01792533942394004,0.018127561548358182,0.020497807716112232,0.018541990014507192,0.034175426354971325,0.03209258522610072,0.028287220461858525,0.023977746831422033,0.02875203527667334,0.024460641924569957,0.027131759715016558,0.024287754261234213,0.034175426354971325,0.03209258522610072,0.028287220461858525,0.023977746831422033,0.022141240676045483,0.021177330752314594,0.028287220461858525,0.023978243187625627,0.034695898290750864,0.022645364637453792,0.036042732578484234,0.029664154709032324,0.034175426354971325,0.03209258522610072,0.02614131012533909,0.026193530068258097,0.029459667332482644,0.024612823980978547,0.0245836217132452,0.02555575482097749,0.0245836217132452,0.02555575482097749,0.01999268480659916,0.024083589220398993,0.01667308769568474,0.009764559265398228,0.03624273257848423,0.009376428388236312,0.02121208343016344,0.021947619025860895,0.021226896699361716,0.020541013823057206,0.031347171041958895,0.029186950854018942,0.0258739948153846,0.024438730307868944,0.02875203527667334,0.024460641924569957,0.027131759715016558,0.024287754261234213,0.031347171041958895,0.029186950854018942,0.0258739948153846,0.024438730307868944,0.019584015317445014,0.019938048820376898,0.02509681904017568,0.023024641585119597,0.034572750142602714,0.02235409372229914,0.02749082255601305,0.02103869224534259,0.031347171041958895,0.029186950854018942,0.026118082198220517,0.024778110088975326,0.026462414865594926,0.023616699122822,0.027058121344453446,0.027062335361081363,0.027058121344453446,0.027062335361081363
2020-06,0.05777398842837514,0.060568446405498744,0.052601345921847995,0.036549384708549223,0.12582939734443901,0.03749440999906073,0.07681825199469472,0.11123789677994149,0.050331707907987855,0.0638315531174757,0.08448823378937995,0.1187775924495087,0.08209134867627765,0.08627307656122282,0.11603595418206464,0.11289736358547502,0.11838202178186186,0.11388848840072037,0.08448823378937995,0.1187775924495087,0.08209134867627765,0.08627307656122282,0.08344833397937985,0.11627943859851794,0.10954765288085236,0.10921481710048686,0.06201447462576502,0.051811776376360606,0.13243396373960403,0.1341400877026661,0.08448823378937995,0.1187775924495087,0.09084681833440203,0.1232207309143105,0.024618798848332225,0.03825845305270838,0.03636868289893581,0.0496256779091129,0.03636868289893581,0.0496256779091129,0.05777398842837514,0.060568446405498744,0.052601345921847995,0.036549384708549223,0.12582939734443901,0.03749440999906073,0.07661723519540206,0.11071561748813137,0.08012198900970398,0.07594285204094287,0.09307028562761904,0.11644149087286534,0.08641025429506483,0.08553220361998695,0.11603595418206464,0.11289736358547502,0.11838202178186186,0.11388848840072037,0.09307028562761904,0.11644149087286534,0.08641025429506483,0.08553220361998695,0.0892327350408149,0.1095310736250417,0.10494352776090746,0.10288061428877618,0.06201447462576502,0.05180488600772067,0.11839859811954247,0.1100819583474102,0.09307028562761904,0.11644149087286534,0.09391405625729632,0.12160579280485755,0.06308019610307539,0.0724028747689402,0.07897913568985783,0.08032267620039786,0.07897913568985783,0.08032267620039786
2020-07,0.03652974206645801,0.066672311265356,0.022756130098575286,0.01665958697828437,0.07497744395618126,-0.0032737599496952987,0.055965994084902,0.06201904167939223,0.0721641680998026,0.07894737158954462,0.03985034842515969,0.0406862041955369,0.04774526246566768,0.04965774170207932,0.05299573245274329,0.029972965096512472,0.05235384475441425,0.03079126406614895,0.03985034842515969,0.0406862041955369,0.04774526246566768,0.04965774170207932,0.05876430833588589,0.06167924633196911,0.0447490013908234,0.048879252808307884,0.07477744395618126,0.047141844875695324,0.10221278616809153,0.08388932898705619,0.03985034842515969,0.0406862041955369,0.05158464782922356,0.04771068880583268,0.07968925766615302,0.08538791807695477,0.05591177057231374,0.058925383128424116,0.05591177057231374,0.058925383128424116,0.03652974206645801,0.066672311265356,0.022756130098575286,0.01665958697828437,0.07497744395618126,-0.0032737599496952987,0.055965994084902,0.0634475252313149,0.05988924768266861,0.06127472473319612,0.043292905562099276,0.0514463707962599,0.048586602579485855,0.047325146070539906,0.05299573245274329,0.029972965096512472,0.05235384475441425,0.03079126406614895,0.043292905562099276,0.0514463707962599,0.048586602579485855,0.047325146070539906,0.05727561507532293,0.06376203295947994,0.04542205563181168,0.04406333313704293,0.07477744395618126,0.03777987290902152,0.10206976098335317,0.08372046867233951,0.043292905562099276,0.0514463707962599,0.05113814792748907,0.04789337116163492,0.06854316015935132,0.07097417691789575,0.05034423361477013,0.052307019195854954,0.05034423361477013,0.052307019195854954
2020-08,-0.027170320929438132,-0.03189006025885954,-0.01686292131593674,-0.012011010478320077,-0.06673633895117506,-0.001029524340237775,-0.08194985058205233,-0.06172271889423848,-0.0828449938734231,-0.06369299241465577,-0.08968759910911132,-0.07152854917519573,-0.08308666054008977,-0.06387253698523615,-0.056655760218031044,-0.03446429809391581,-0.05754225387750888,-0.03555950223586408,-0.08968759910911132,-0.07152854917519573,-0.08308666054008977,-0.06387253698523615,-0.08852489428828182,-0.06851001382809742,-0.07849991654017136,-0.04912148139518811,-0.06673633895117506,-0.050823932471377765,-0.06425826400785933,-0.047679968845703406,-0.08968759910911132,-0.07152854917519573,-0.08447791397423002,-0.06699361617618484,-0.0835214561845965,-0.052944231346623634,-0.08399573420725999,-0.06409123762435397,-0.08399573420725999,-0.06409123762435397,-0.027170320929438132,-0.03189006025885954,-0.01686292131593674,-0.012011010478320077,-0.06673633895117506,-0.001029524340237775,-0.08194985058205233,-0.06547000002378135,-0.07663262159146439,-0.059487044345492415,-0.08313105700929481,-0.07064567198325074,-0.059219404453402735,-0.04851005658183339,-0.056655760218031044,-0.03446429809391581,-0.05754225387750888,-0.03555950223586408,-0.08313105700929481,-0.07064567198325074,-0.059219404453402735,-0.04851005658183339,-0.08301370119945263,-0.06851446713017029,-0.07243074440277696,-0.04818526326316811,-0.06673633895117506,-0.046635622370326896,-0.06425826400785933,-0.05007609772742275,-0.08313105700929481,-0.07064567198325074,-0.08449579177823756,-0.06700700183717874,-0.07446831053034413,-0.05299711880090256,-0.07305776485109106,-0.059325279909627035,-0.07305776485109106,-0.059325279909627035
2020-09,-0.010365283498496759,-0.022179846916834278,-0.02226635443247125,-0.007693391610016056,-0.022112844012562888,-0.005619846892611058,-0.0215901930712354,-0.025685462126498422,-0.025294265703370497,-0.024145148839125306,-0.012145191238273378,-0.013764273616372618,-0.025294265703370497,-0.024145148839125306,-0.019442577076915928,-0.022269593719112593,-0.015324351469448397,-0.01915906305544781,-0.012145191238273378,-0.013764273616372618,-0.025294265703370497,-0.024145148839125306,-0.0215901930712354,-0.025722100501466935,-0.0215901930712354,-0.025751422549602387,-0.020308393890745235,-0.02301178016443776,-0.020308393890745235,-0.023014094259478854,-0.012145191238273378,-0.013764273616372618,-0.018806955939920413,-0.02180715247020366,-0.021790193071235402,-0.02515360272340258,-0.01841855274977218,-0.017995275714616354,-0.01841855274977218,-0.017995275714616354,-0.010365283498496759,-0.022179846916834278,-0.02226635443247125,-0.007693391610016056,-0.022112844012562888,-0.005619846892611058,-0.0215901930712354,-0.02481532901920678,-0.025333496772091613,-0.02407654220422932,-0.012003496757016237,-0.013165343176014614,-0.02333726893696233,-0.022626249530392127,-0.019442577076915928,-0.022269593719112593,-0.015324351469448397,-0.01915906305544781,-0.012003496757016237,-0.013165343176014614,-0.02333726893696233,-0.022626249530392127,-0.02163423743255547,-0.021662852735639948,-0.02163511413312294,-0.024513801614636687,-0.020308393890745235,-0.023483074121529363,-0.020308393890745235,-0.023809205035167792,-0.012003496757016237,-0.013165343176014614,-0.010439893843079084,-0.009502015633327653,-0.01986618634990865,-0.02207189277090401,-0.016705045830274778,-0.01744795793035513,-0.016705045830274778,-0.01744795793035513
2020-10,0.08653827865221968,0.10711648280265829,0.06429911720425929,0.0506938799410092,0.05218559573365882,0.012746940477389668,0.12090645120644053,0.12852779998453884,0.12994195869284025,0.13932390393726365,0.12090645120644053,0.12852824214159558,0.12994195869284025,0.13932390393726365,0.030727416036949066,0.026989549931367658,0.029988012532102152,0.02655539924580346,0.12090645120644053,0.12852824214159558,0.12994195869284025,0.13932390393726365,0.12994195869284025,0.13927517183159102,0.12994195869284025,0.13927517183159102,0.0824436907216701,0.0952347731008836,0.07473991115102308,0.08686117723598151,0.12090645120644053,0.12852824214159558,0.10173988165292708,0.09990840758608698,0.13537473672672418,0.14406177660576364,0.1324571229582483,0.13775723514177257,0.1324571229582483,0.13775723514177257,0.08653827865221968,0.10711648280265829,0.06429911720425929,0.0506938799410092,0.05218559573365882,0.012746940477389668,0.12090645120644053,0.12699343631364216,0.12994195869284025,0.13932133321287982,0.12140382475724655,0.12526164097014633,0.1299077955232587,0.1373557421861874,0.030727416036949066,0.026989549931367658,0.029988012532102152,0.02655539924580346,0.12140382475724655,0.12526164097014633,0.1299077955232587,0.1373557421861874,0.12994195869284025,0.13471185052140772,0.12994195869284025,0.13111174657375696,0.0824436907216701,0.0913044591408796,0.08038018097923952,0.09093213539776197,0.12140382475724655,0.12526164097014633,0.10161689336612251,0.09783017702315759,0.12708068118005164,0.1238727220612444,0.12806166193706414,0.1246777331833347,0.12806166193706414,0.1246777331833347
2020-11,0.03422778849949015,0.031019601715100542,0.014281137691966837,0.01855019416653763,0.06006065883434236,0.0013006961355292116,0.061891984545478576,0.05675751252508313,0.056668643909602544,0.037864682977915905,0.0722846862405208,0.07130456393880277,0.06471297614363103,0.06018494913714441,0.05935154906150191,0.04248778631050641,0.05801609914982542,0.041583113800371,0.0722846862405208,0.07130456393880277,0.06471297614363103,0.06018494913714441,0.0720846862405208,0.06572312124841823,0.056668643909602544,0.037864682977915905,0.04246144043408298,0.039879895350206016,0.03971319513533968,0.03661697197114714,0.0722846862405208,0.07130456393880277,0.0722846862405208,0.07137874314774512,0.048953595923704525,0.0375389618513771,0.05892088286882328,0.04683222107527634,0.05892088286882328,0.04683222107527634,0.03422778849949015,0.031019601715100542,0.014281137691966837,0.01855019416653763,0.06006065883434236,0.0013006961355292116,0.061891984545478576,0.056724433314019766,0.05523611723759094,0.03723720620757516,0.07226751329905888,0.06390275355263912,0.06471297614363103,0.05396016069624433,0.05935154906150191,0.04248778631050641,0.05801609914982542,0.041583113800371,0.07226751329905888,0.06390275355263912,0.06471297614363103,0.05396016069624433,0.06487114369441485,0.05237271773140076,0.05523611723759094,0.03741514265310967,0.05335988604097729,0.04438997444492395,0.04834135613630579,0.03947009542046839,0.07226751329905888,0.06390275355263912,0.07227786805870262,0.06716711726855763,0.04900922970709107,0.03817514108047241,0.057830058190511395,0.04769058711018073,0.057830058190511395,0.04769058711018073
2020-12,0.0018480658552711402,-0.004236668561282686,-0.014884360855572388,-0.0027897878710742203,0.013721728540950285,-0.011691826089455761,0.018038131032503537,0.0066935470254125325,0.009485655672291404,-0.0014072038453614086,0.021821929105016243,0.013698510895133392,0.017264824393065318,0.005121262996087916,0.0038953052332342934,-0.008006624499003958,0.006136050358734392,-0.00611189687828316,0.021821929105016243,0.013698510895133392,0.017264824393065318,0.005121262996087916,0.026624775049328375,0.010050544282363823,0.021687258608179247,0.01033373749635406,0.01412437594368383,0.008556555058959503,0.0037702757234749284,0.0056716445239206595,0.021821929105016243,0.013698510895133392,0.016662248883363345,0.0038383654697434827,0.01746482439306532,0.0020975512442233113,0.012326067673004024,0.00408192128214702,0.012326067673004024,0.00408192128214702,0.0018480658552711402,-0.004236668561282686,-0.014884360855572388,-0.0027897878710742203,0.013721728540950285,-0.011691826089455761,0.021483314148287094,0.014244180157553377,0.012598077860218994,0.0020063833192152866,0.021821929105016243,0.012688056814022235,0.021495308546130448,0.011501663864270859,0.0038953052332342934,-0.008006624499003958,0.006136050358734392,-0.00611189687828316,0.021821929105016243,0.012688056814022235,0.021495308546130448,0.011501663864270859,0.022670254482475883,0.008633259660594455,0.01947693762054751,0.008572187806732308,0.014272106160801854,0.008036831329997248,0.005690584817582847,0.004302476216449213,0.021821929105016243,0.012688056814022235,0.016662248883363345,0.003845348389023524,0.017460083761980067,0.0033148670378331337,0.01626583535884632,0.008231641598596547,0.01626583535884632,0.008231641598596547
2021-01,0.01824991547743456,0.031762272907163824,-0.009508473733897429,0.0039046337272377416,-0.0020816080158305933,-0.012089477951221327,0.01875276315319499,-0.0026744253701031758,0.0327517155310381,0.016036572069682564,0.0037656602169893654,-0.019120699983643342,0.005828276967626408,0.00856899363889029,-0.03646952300581016,-0.03442662521149702,-0.03949616274094545,-0.037495261231229295,0.0037656602169893654,-0.019120699983643342,0.005828276967626408,0.00856899363889029,0.003798993550322699,-0.02173753990697769,0.08668404041108616,0.06035757245566574,0.044271954340875656,0.042555292746009936,0.10669134997519249,0.08655222289166464,0.0037656602169893654,-0.019120699983643342,0.0069922999521246565,-0.017772022462845975,-0.0246415407462152,-0.024886214756747214,-0.019940976075871916,-0.014175962651798074,-0.019940976075871916,-0.014175962651798074,0.01824991547743456,0.031762272907163824,-0.009508473733897429,0.0039046337272377416,-0.0020816080158305933,-0.012089477951221327,0.01875276315319499,-0.001133611831513877,0.021653809660408575,0.02112434849967338,0.01790902605209749,-0.0008111650788526013,0.01696117644978628,0.018828266906478198,-0.03646952300581016,-0.03442662521149702,-0.03949616274094545,-0.037495261231229295,0.01790902605209749,-0.0008111650788526013,0.01696117644978628,0.018828266906478198,0.011087713264697823,-0.0010239835706288157,0.05718972822256162,0.04389073497681756,0.03481556681444363,0.03684470130058086,0.07216242363217958,0.06337700330468674,0.01790902605209749,-0.0008111650788526013,0.0069922999521246565,-0.01497632633936817,-0.009015431154736828,-0.012563851355699936,-0.0034308150445815657,0.0041627395527438354,-0.0034308150445815657,0.0041627395527438354
2021-02,0.02019939166907704,0.036605717042435204,0.010806829936697458,0.014707172568645063,0.00028521469138540455,0.010691580372473376,-0.011906764225826372,-0.004509548504817483,0.03645636982411036,0.039796282555574276,-0.012106764225826372,-0.004763871873134289,0.024412596328824244,0.02866020428455734,-0.012646354775999312,-0.004447411985652218,-0.012468158610020996,-0.004258601515260541,-0.012106764225826372,-0.004763871873134289,0.024412596328824244,0.02866020428455734,0.003630031080492778,0.016225200296762048,0.021077062710640148,0.025031029580436397,0.00606386076560634,0.005611247230658202,0.006497194098939674,0.006019402305765635,-0.012106764225826372,-0.004763871873134289,-0.020342934042815886,-0.013281382374948905,-0.00823829543601535,0.0036337081373360547,-0.012173430892493039,-0.004834985624185454,-0.012173430892493039,-0.004834985624185454,0.02019939166907704,0.036605717042435204,0.010806829936697458,0.014707172568645063,0.00028521469138540455,0.010691580372473376,-0.011906764225826372,-0.0045588467822403845,0.02625338284946284,0.03184798579939392,-0.012106764225826372,-0.003840300965397161,0.017329410717002187,0.023990780946180436,-0.012646354775999312,-0.004447411985652218,-0.012468158610020996,-0.004258601515260541,-0.012106764225826372,-0.003840300965397161,0.017329410717002187,0.023990780946180436,0.0035091977471594445,0.01528722462926238,0.020772761255626042,0.026248113232660977,0.010376481574976518,0.012198861130206427,0.009141745465591615,0.008743414690525081,-0.012106764225826372,-0.003840300965397161,-0.011419895683817004,-0.0008828770433456504,-0.006037011012058025,0.007436829065120658,-0.006081613891028374,0.0032430705933013592,-0.006081613891028374,0.0032430705933013592
2021-03,0.03918020186283757,0.05278602005726718,0.03856538274594845,0.0254008763783794,0.04626199565150802,0.009214313678192056,0.03959526607469324,0.03846091844003088,0.04682395073737755,0.04550104617012923,0.044690606485865605,0.043330401946900514,0.054758782048591276,0.0547326720177726,0.051011567459528,0.04682856162712632,0.0517947049823122,0.04744667485860462,0.044690606485865605,0.043330401946900514,0.054758782048591276,0.0547326720177726,0.03283810281397033,0.029495328989109684,0.03869938474586354,0.037580413596297255,0.04525932030535021,0.048757488858713824,0.04525932030535021,0.048757488858713824,0.044690606485865605,0.043330401946900514,0.0389165807479269,0.03469555517956792,0.05567388912375587,0.052580540452835944,0.05508266356257305,0.054284009673009434,0.05508266356257305,0.054284009673009434,0.03918020186283757,0.05278602005726718,0.03856538274594845,0.0254008763783794,0.048031367985955656,0.009214313678192056,0.03959526607469324,0.03912286491209355,0.04613543230783711,0.04574839049517512,0.044690606485865605,0.04332583471794239,0.05075244262016352,0.05100411799573838,0.051011567459528,0.04682856162712632,0.0517947049823122,0.04744667485860462,0.044690606485865605,0.04332583471794239,0.05075244262016352,0.05100411799573838,0.03726178504005094,0.03676334903580568,0.04046418506500241,0.04109100037689325,0.04347057969983337,0.0458107898116691,0.04521700232689661,0.047554755737715546,0.044690606485865605,0.04332583471794239,0.0387665807479269,0.035043031607386414,0.05138848481713651,0.04840527813197547,0.05164750708316698,0.05142021591953633,0.05164750708316698,0.05142021591953633
2021-04,0.019048183223282267,0.007486383696542198,0.0025260982338336734,0.01223482789485564,0.044577105144818545,0.0056550744864917405,0.023181573016244152,0.017954711286312576,0.02063284088277899,0.010512452962309515,0.023181573016244152,0.017962886636980844,0.02062919780378965,0.010525756461264487,0.026297061317371372,0.02293936031603159,0.026016230223231806,0.02260827020836935,0.023181573016244152,0.017962886636980844,0.02062919780378965,0.010525756461264487,0.02298157301624415,0.020041215223227986,0.02066334038814539,0.010559321040861009,0.03962829769130272,0.03937713643451321,0.035984129063339906,0.029894567711703856,0.023181573016244152,0.017962886636980844,0.03760043402033689,0.032982330032510394,0.02063284088277899,0.010540162719062187,0.02428481095316579,0.014980769451642756,0.02428481095316579,0.014980769451642756,0.019048183223282267,0.007486383696542198,0.0025260982338336734,0.01223482789485564,0.038281738961749294,0.0056550744864917405,0.023181573016244152,0.021494577363010844,0.018183838113401837,0.010935766566144544,0.023181573016244152,0.020946047742759537,0.020815011816456768,0.013125632112620774,0.026297061317371372,0.02293936031603159,0.026016230223231806,0.02260827020836935,0.023181573016244152,0.020946047742759537,0.020815011816456768,0.013125632112620774,0.028510060288529662,0.023929709497806716,0.020754956583835856,0.012762655059465597,0.03944733485080001,0.039194680385081615,0.03735069229882596,0.034482500761198846,0.023181573016244152,0.020946047742759537,0.03760043402033689,0.03299143227377828,0.02465578193195891,0.017531069105921657,0.028044620313219085,0.020255048522665253,0.028044620313219085,0.020255048522665253
2021-05,0.003434835956347925,0.018229199156131637,0.029360715398385875,0.003275007977224397,-0.013962341553709927,0.012993952692047284,0.0208587806157009,0.021372291458148163,0.0018146046443918702,0.0007848535301028948,0.0208587806157009,0.021372291458148163,0.0018146046443918702,0.0007846223740327565,-0.0025179799874713617,-0.0011054007167386232,-0.003607983677150493,-0.0016269638162895294,0.0208587806157009,0.021372291458148163,0.0018146046443918702,0.0007846223740327565,0.0208587806157009,0.021322205352100512,0.0018146046443918702,0.0007846223740327565,0.00044331789908882426,-0.006990681931407488,-0.008310116417281965,-0.015082943897930376,0.0208587806157009,0.021372291458148163,0.0204587806157009,0.018580348076749194,0.008012024498317593,0.004493500727665937,3.563597395628298e-05,-0.0004065608214655984,3.563597395628298e-05,-0.0004065608214655984,0.003434835956347925,0.018229199156131637,0.029360715398385875,0.003275007977224397,-0.014873157070567094,0.012993952692047284,0.0208587806157009,0.021341696481136267,0.0018877804330391112,0.0016375317555703663,0.0208587806157009,0.021335189594078142,0.0017717245686621763,0.0009744949077729311,-0.0025179799874713617,-0.0011054007167386232,-0.003607983677150493,-0.0016269638162895294,0.0208587806157009,0.021335189594078142,0.0017717245686621763,0.0009744949077729311,0.0207087806157009,0.01860504381720279,0.0018237181698480605,0.0012670821325090518,0.00044331789908882426,-0.006214584253061801,-0.0033055559415541263,-0.00713839596803945,0.0208587806157009,0.021335189594078142,0.013473018469115985,0.01007583831695107,0.00798617840147965,0.0037981235145945693,0.00014424306936338467,0.0008197806823188648,0.00014424306936338467,0.0008197806823188648
2021-06,0.009919235951926942,0.02674462293348001,0.03174951481300199,0.01164663002483832,-0.028336255777903708,0.018692025084015594,-0.023467155066810696,-0.011240594531512754,-0.014470652297198057,-0.003784994387030957,-0.027189929961255025,-0.016753717063848234,0.00562293320930266,0.009565090859320833,0.02236263402434102,0.02718444249104084,0.020267303449306565,0.025510692814323558,-0.027189929961255025,-0.016753717063848234,0.00562293320930266,0.009565090859320833,-0.023467155066810696,-0.011240594531512754,-0.010970957246083948,0.0006324392802381367,-0.0033174743652284434,0.009103371498169094,0.0021119675592646578,0.010233260471030087,-0.027189929961255025,-0.016753717063848234,-0.03275467161955143,-0.023478870990839177,-0.01077095724608395,0.000773460135990212,-0.020988953730989544,-0.010240763023049103,-0.020988953730989544,-0.010240763023049103,0.009919235951926942,0.02674462293348001,0.03174951481300199,0.01164663002483832,-0.025664016065025212,0.018692025084015594,-0.021830734531866652,-0.012957058638854883,-0.004276829372001665,0.0031149657109220442,-0.024157468840894362,-0.01571361990502262,0.00596800901594934,0.00993621948608841,0.02236263402434102,0.02718444249104084,0.020267303449306565,0.025510692814323558,-0.024157468840894362,-0.01571361990502262,0.00596800901594934,0.00993621948608841,-0.021830734531866652,-0.012014957019339745,-0.004622509210977604,0.003882324419656317,-0.011867225400332897,-0.004669353780732368,-0.005959075063866769,0.002532757597212165,-0.024157468840894362,-0.01571361990502262,-0.026037723639986673,-0.014202216178519508,-0.01077095724608395,0.0007491037588648662,-0.019686425522935605,-0.0038259608090539412,-0.019686425522935605,-0.0038259608090539412
2021-07,0.01039958041974496,0.027751280781686427,0.016677159490210203,0.007744100442884987,0.01689869271719893,0.00164001843814221,-0.006799579284317248,-0.0019016099511975782,-0.00033833806872652294,0.005294557709170064,-0.006799579284317248,-0.0018599712226710346,-0.006069114049839144,-0.00014247280582910346,0.0019021529660539138,0.004980045622632408,0.0030564950122039065,0.006596263689578699,-0.006799579284317248,-0.0018599712226710346,-0.006069114049839144,-0.00014247280582910346,-0.013024613651638938,-0.00993718188246491,0.0002421037897732279,0.006093408404397747,0.007477290915906055,0.010711215143068782,0.013378324313904944,0.015156688966137703,-0.006799579284317248,-0.0018599712226710346,-0.00930021571380908,-0.005561279831355185,-0.003814101956590645,0.0028587104012561485,0.0037625461856509506,0.007920755540041768,0.0037625461856509506,0.007920755540041768,0.01039958041974496,0.027751280781686427,0.016677159490210203,0.007744100442884987,0.016886946500020466,0.00164001843814221,-0.006145165539203056,0.0005419691211589388,0.0015084978821984594,0.007003112988305273,-0.005675102430090882,0.0017010198818066121,0.001402737939594375,0.00610162743469353,0.0019021529660539138,0.004980045622632408,0.0030564950122039065,0.006596263689578699,-0.005675102430090882,0.0017010198818066121,0.001402737939594375,0.00610162743469353,-0.007709519065297252,-0.002335694384653409,0.0027432665110164057,0.009590973389856884,0.007327290915906055,0.010477772249686237,0.009259851992100596,0.011680827276995907,-0.005675102430090882,0.0017010198818066121,-0.00934709071380908,-0.004444421849354713,-0.003814101956590645,0.002862232187804011,0.0016152047314988468,0.006449284946222739,0.0016152047314988468,0.006449284946222739
2021-08,-0.029154407226359143,-0.04463326786059174,-0.038131634336436473,-0.024279989421880525,0.010241479829258783,-0.015555608931307299,0.006509345092923779,-0.0015371022434064266,-0.00518305122987169,-0.018661344651224532,0.009866702673865047,0.004938174703413259,0.0013913166268450451,-0.010141743208013365,-0.04845705966272406,-0.04709578885730321,-0.048375645726348865,-0.04731608386405582,0.009866702673865047,0.004938174703413259,0.0013913166268450451,-0.010141743208013365,0.006112204161918954,-0.004331200061901551,0.0016159085382420277,-0.008568940136532054,-0.0455120695901734,-0.046043617289930686,-0.05580679072294394,-0.05585695439857665,0.009866702673865047,0.004938174703413259,0.006312204161918955,-0.0039044769115283255,-0.004352273315999945,-0.01975709822757998,0.00841399563563312,-0.0080294783788629,0.00841399563563312,-0.0080294783788629,-0.029154407226359143,-0.04463326786059174,-0.038131634336436473,-0.024279989421880525,-0.0006362763444751451,-0.015555608931307299,0.006502526911105596,-0.0034214958025749987,-0.01578900098983863,-0.0269149398735616,0.009859884492046866,0.002441829673740949,-0.011507399987899413,-0.019418261360311773,-0.04845705966272406,-0.04709578885730321,-0.048375645726348865,-0.04731608386405582,0.009859884492046866,0.002441829673740949,-0.011507399987899413,-0.019418261360311773,0.0009926828061579557,-0.010562569847129097,-0.0073459634295361936,-0.019101703123094425,-0.018775266758247058,-0.025625967060245784,-0.03787969216038079,-0.042055326116301986,0.009859884492046866,0.002441829673740949,0.006312204161918955,-0.003921422657578071,-0.004352273315999945,-0.01975709822757998,0.006472924083768355,-0.008598907398412549,0.006472924083768355,-0.008598907398412549
2021-09,0.04854006477878721,0.06803091227095615,0.04395497409393578,0.02929780277036154,0.0707916994346071,0.0026128011786568984,0.05517070549940664,0.04670489392619773,0.06470388970042917,0.06019811453998206,0.06685059953750618,0.06134933412074851,0.06392496788370783,0.058128100436473665,0.04806581488228216,0.045659302894951986,0.04808523323858012,0.046585814054431345,0.06685059953750618,0.06134933412074851,0.06392496788370783,0.058128100436473665,0.05275246908184759,0.04380941139505223,0.06500912947068496,0.0649866977046352,0.07061420451892915,0.07132268891806867,0.07785117836879064,0.07622675804255567,0.06685059953750618,0.06134933412074851,0.04262089205435031,0.03728480697484672,0.069962339802716,0.06489683923034997,0.0668242465661356,0.059576129852336714,0.0668242465661356,0.059576129852336714,0.04854006477878721,0.06803091227095615,0.04395497409393578,0.02929780277036154,0.07058826700278163,0.0026128011786568984,0.05517070549940664,0.04721545610403621,0.06516278427625545,0.06081059266219286,0.06685059953750618,0.062039679973828823,0.06659488713148136,0.06297087622177504,0.04806581488228216,0.045659302894951986,0.04808523323858012,0.046585814054431345,0.06685059953750618,0.062039679973828823,0.06659488713148136,0.06297087622177504,0.05470443922638332,0.0480119883023761,0.06855642871070733,0.06806247595999226,0.071075397508045,0.07126604579898708,0.07408881331366292,0.07239309996021702,0.06685059953750618,0.062039679973828823,0.04642820167601751,0.03885018481515296,0.07040649910805391,0.06613213315405364,0.06530795070164326,0.061555268263243465,0.06530795070164326,0.061555268263243465
2021-10,-0.011524008669717423,0.0029110775766445496,0.01511538110288888,-0.006545738729397811,-0.04142365472325227,-0.0008420716377093518,-0.015002662430444036,-0.007267176277718215,-0.020514367173132934,-0.015033501066568304,-0.03556878660671432,-0.032600561418019064,-0.0470290254851929,-0.04455290094509407,0.002959992511760781,0.007968392623048088,-0.0020826018910218066,0.0033804770141275674,-0.03556878660671432,-0.032600561418019064,-0.0470290254851929,-0.04455290094509407,-0.018273720127071267,-0.010449100565001338,-0.03406715735543824,-0.029412602280237635,-0.003005603119050071,0.004539088417789632,-0.0028722697857167375,0.0046668979407810205,-0.03556878660671432,-0.032600561418019064,-0.007105745051117273,0.0025787696476448022,-0.026499949096471447,-0.019492983627189518,-0.03383951370308356,-0.028510994991432122,-0.03383951370308356,-0.028510994991432122,-0.011524008669717423,0.0029110775766445496,0.01511538110288888,-0.006545738729397811,-0.041448654723252265,-0.0008420716377093518,-0.015002662430444036,-0.007522336107709495,-0.023117686928683483,-0.018635365888402252,-0.03556878660671432,-0.03260158423347835,-0.040417666147984775,-0.035076153088989606,0.002959992511760781,0.007968392623048088,-0.0020826018910218066,0.0033804770141275674,-0.03556878660671432,-0.03260158423347835,-0.040417666147984775,-0.035076153088989606,-0.01829557006741819,-0.011698388944094716,-0.033580784054990785,-0.028091540399859782,-0.005339665128690375,0.0012203823450276012,-0.006038707794284816,0.000388421108179655,-0.03556878660671432,-0.03260158423347835,-0.01081680382657595,-0.00176112037005073,-0.026349949096471446,-0.019245948130701244,-0.029110177074426875,-0.02211021724626479,-0.029110177074426875,-0.02211021724626479
2021-11,0.030873413268752755,0.035381205232966506,0.010822685539297128,0.023057725555116242,0.020864424375540123,0.01849473462612421,0.030455181470406913,0.035515203632419196,0.054627503225278415,0.0643966327899336,0.01747752425700078,0.01815052213907652,0.053367395895534,0.06314886565180036,0.020149172557581575,0.02202453199812601,0.01618249758928867,0.017923422202161348,0.01747752425700078,0.01815052213907652,0.053367395895534,0.06314886565180036,0.030455181470406913,0.03377983760876641,0.036787380487288586,0.04013817434427115,0.008516477176163353,0.009665619525562755,0.0031783897684753318,0.002489752851821538,0.01747752425700078,0.01815052213907652,0.008951385131475155,0.0074950646339325905,0.054614863979348685,0.06434968310778194,0.030103896703852023,0.03356871613401209,0.030103896703852023,0.03356871613401209,0.030873413268752755,0.035381205232966506,0.010822685539297128,0.023057725555116242,0.026110891725701194,0.01849473462612421,0.02546871216631317,0.027893589410412097,0.047702580486856626,0.055309842009164216,0.01747752425700078,0.019561775780682435,0.04613997230902995,0.052840540421424866,0.020149172557581575,0.02202453199812601,0.01618249758928867,0.017923422202161348,0.01747752425700078,0.019561775780682435,0.04613997230902995,0.052840540421424866,0.019192569874653218,0.01895615424633065,0.03183339066829304,0.03628891317906088,0.020643032925408606,0.02114191891761092,0.009120607279515622,0.008863167673737463,0.01747752425700078,0.019561775780682435,0.008939846669936694,0.007021984305740964,0.0470235991074824,0.05299177820070503,0.028381843686736137,0.03351452471661149,0.028381843686736137,0.03351452471661149
2021-12,-0.028729881341377023,-0.053789599218874606,-0.04301578621683428,-0.025280166443402086,0.015642116258338737,-0.015251834770271167,-0.002125998473549418,-0.009119386987664003,0.03572663786639987,0.008893360436404655,0.01917860322076357,0.013428955982767008,0.04004229549700354,0.025212755918514514,-0.035474063386338475,-0.032868484934741496,-0.03914345100544157,-0.03647760611900655,0.01917860322076357,0.013428955982767008,0.04004229549700354,0.025212755918514514,0.027489426955133348,0.01916530616721074,0.012855253111726299,-0.0007300327988033451,-0.07623266147637801,-0.07397638556115212,-0.04447977273203184,-0.04868906119978677,0.01917860322076357,0.013428955982767008,0.01141236675105277,0.0032778485581061814,0.04004229549700354,0.02563704625880975,0.003854978760794253,-0.00752287252603711,0.003854978760794253,-0.00752287252603711,-0.028729881341377023,-0.053789599218874606,-0.04301578621683428,-0.025280166443402086,0.016033444663427453,-0.015251834770271167,0.008214863569749837,-0.0005213033996649189,0.017474266521476156,-0.005398590973278926,0.01917860322076357,0.01395928553342426,0.03198202717543362,0.012624938179750774,-0.035474063386338475,-0.032868484934741496,-0.03914345100544157,-0.03647760611900655,0.01917860322076357,0.01395928553342426,0.03198202717543362,0.012624938179750774,0.027489426955133348,0.017406961499451465,0.011008558717213741,-0.004832575570919962,-0.059085085770098814,-0.06341884341642479,-0.03135152565856618,-0.04310079938728824,0.01917860322076357,0.01395928553342426,0.01141236675105277,0.0032738658716722716,0.033027569901093054,0.015502852074367204,0.0129462909927557,-0.0025691855245603156,0.0129462909927557,-0.0025691855245603156
2022-01,-0.0089694777050356,-0.03470319194927041,-0.025697193734164212,-0.008539306579728848,0.016768950341850865,0.00622112682877254,-0.006848528347684479,-0.005289107602346547,-0.003658524822594451,-0.007381325597458286,0.012924767672221883,0.01312502417963061,0.015916677556054953,0.011425830189587172,0.008733436503890067,0.01486199696206417,0.009209966626228817,0.01452531773488517,0.012924767672221883,0.01312502417963061,0.015916677556054953,0.011425830189587172,0.018986630924594117,0.012539072625685276,0.010705055528289554,0.009182175711003184,-0.00390856520958238,-0.008382941083100882,0.01091620687473597,0.0026914083806091446,0.012924767672221883,0.01312502417963061,0.03262751678418712,0.029160581329659565,-0.010251985810872121,-0.008855004951012525,-0.00831406214241641,-0.012990837419235146,-0.00831406214241641,-0.012990837419235146,-0.0089694777050356,-0.03470319194927041,-0.025697193734164212,-0.008539306579728848,0.016693950341850866,0.00622112682877254,0.0036382500692060957,0.004852367082508509,0.010258002225866512,0.0017382406779395886,0.012924767672221883,0.013099950125258773,0.02688630587038814,0.020239180466519142,0.008733436503890067,0.01486199696206417,0.009209966626228817,0.01452531773488517,0.012924767672221883,0.013099950125258773,0.02688630587038814,0.020239180466519142,0.03088936039876011,0.027925402609467402,0.015152827058653479,0.011014862466678727,-0.0124645701186056,-0.01727111696119713,-0.0029720712900888086,-0.011206054555951079,0.012924767672221883,0.013099950125258773,0.03262751678418712,0.029160581329659565,0.01103018631201886,0.0034658253149184083,0.001596760765198439,-0.004439088840216193,0.001596760765198439,-0.004439088840216193
2022-02,0.02565497126047468,0.04523319314721608,-0.0017880906699014008,0.006787226271616227,0.06028867565603798,-0.024333904164811942,0.03263419890279014,0.03191503250010148,0.06480108251985169,0.0692776255388445,0.03859192604584399,0.037708825114501215,0.06167995359658004,0.055402965056379136,0.0045536826259811244,-0.0012702181030570378,0.007001622150910715,0.00031887155623911394,0.03859192604584399,0.037708825114501215,0.06167995359658004,0.055402965056379136,0.013330796407909462,0.008075045155293357,0.061090995572989394,0.06117553634186386,0.035513678448382484,0.031488051390753606,0.03221781799957649,0.02996032192096746,0.03859192604584399,0.037708825114501215,0.002709705525168996,-0.00663748948707661,0.04668844105467043,0.049972911855464895,0.023886974077071146,0.012767070918301503,0.023886974077071146,0.012767070918301503,0.02565497126047468,0.04523319314721608,-0.0017880906699014008,0.006787226271616227,0.06028867565603798,-0.024333904164811942,0.02966546963989955,0.023631326573597306,0.045894186416388434,0.05028637993720194,0.03859192604584399,0.037708825114501215,0.04574545425533959,0.04586938426126656,0.0045536826259811244,-0.0012702181030570378,0.007001622150910715,0.00031887155623911394,0.03859192604584399,0.037708825114501215,0.04574545425533959,0.04586938426126656,0.015153152025692791,0.011071230851674742,0.04139501228281791,0.035834993197974285,0.04325116110267097,0.04127679278062656,0.042400916808322676,0.03913060751431958,0.03859192604584399,0.037708825114501215,0.00048326994131776195,-0.007230076136878829,0.04138051075442363,0.044756543634368186,0.03067511609729852,0.02528402044132456,0.03067511609729852,0.02528402044132456
2022-03,-0.05953558665035612,-0.09097509560403172,-0.09134949852283254,-0.04205041272549992,-0.02301412365397155,-0.02440361251550327,-0.07927269040336285,-0.0801506677131534,-0.05571638452998524,-0.05505951374468046,-0.06315336222710774,-0.06382542020460191,-0.05638580231425795,-0.05712582496042947,-0.0739518273201675,-0.06902183253455262,-0.07908841136591653,-0.0724635434158678,-0.06315336222710774,-0.06382542020460191,-0.05638580231425795,-0.05712582496042947,-0.10674380587670737,-0.10420747087425897,-0.06961965002112262,-0.06691261208905785,-0.02871160763494025,-0.030620872332133467,-0.027132405286357297,-0.0316006014563656,-0.06315336222710774,-0.06382542020460191,-0.05355493007749686,-0.05445739146834644,-0.06171103667033208,-0.06306229860183028,-0.04315725437874134,-0.046743246239273346,-0.04315725437874134,-0.046743246239273346,-0.05953558665035612,-0.09097509560403172,-0.09134949852283254,-0.04205041272549992,-0.017037459806995264,-0.02440361251550327,-0.07928204176072821,-0.08113480888912833,-0.056459992632209896,-0.05691970908868484,-0.06719011130741563,-0.0672334528210255,-0.0569122830437347,-0.05676693982817493,-0.0739518273201675,-0.06902183253455262,-0.07908841136591653,-0.0724635434158678,-0.06719011130741563,-0.0672334528210255,-0.0569122830437347,-0.05676693982817493,-0.09317334604657058,-0.09114642059876484,-0.07065806412266332,-0.06839973758566353,-0.039671051610475,-0.040917261737262865,-0.032653263182408535,-0.03600053330432586,-0.06719011130741563,-0.0672334528210255,-0.06358746203585597,-0.06298676330664643,-0.07217513370278289,-0.07277393284859796,-0.05252556129820948,-0.05130871521793842,-0.05252556129820948,-0.05130871521793842
2022-04,0.01053684274795945,0.007522780659386719,0.0024033721170526596,0.008278533590594482,0.05248190814352374,0.011017417279398912,-0.012135492706033648,-0.011797189425151691,0.04045207781407621,0.033252898888308666,0.022826620299587694,0.022078973550232597,0.013035679900933371,0.008995990859056393,-0.014549393337328699,-0.01514697837760454,-0.017049353357415753,-0.016759695611930612,0.022826620299587694,0.022078973550232597,0.013035679900933371,0.008995990859056393,0.02262662029958769,0.02181880548364086,0.04055207781407622,0.037250744830057046,0.04678218039743823,0.0288386874414721,0.04698218039743823,0.0290314197934162,0.022826620299587694,0.022078973550232597,0.02262269873096024,0.02180395679045486,0.03734160651945185,0.03529289820388614,0.056975042758264996,0.04632307261250595,0.056975042758264996,0.04632307261250595,0.01053684274795945,0.007522780659386719,0.0024033721170526596,0.008278533590594482,0.051454622621227394,0.011017417279398912,-0.012135492706033648,-0.011800742799562926,0.027042418919629718,0.019819639972183473,0.024120421911573195,0.02333152669501653,0.02120931757068483,0.015499474129320564,-0.014549393337328699,-0.01514697837760454,-0.017049353357415753,-0.016759695611930612,0.024120421911573195,0.02333152669501653,0.02120931757068483,0.015499474129320564,0.005169395333119136,0.003980165535230127,0.03610598949163325,0.029689794972503857,0.041256700123470644,0.026755910635611783,0.04614040450911843,0.028904585328605,0.024120421911573195,0.02333152669501653,0.02623986846204334,0.021951094056297988,0.029495179794313757,0.02416879759190208,0.04654668740433585,0.03459780648682492,0.04654668740433585,0.03459780648682492
2022-05,-0.07287346936361748,-0.08907994186722312,-0.05652584250282933,-0.04670931863944222,-0.06865176042966457,-0.026540095344286876,-0.09624125844175327,-0.09533640591066506,-0.09423041102848294,-0.0840458219665705,-0.1187906878544888,-0.11754595088887812,-0.09428893512777783,-0.08408080232298129,-0.06549816128370514,-0.05741501875750534,-0.06388546784585881,-0.056387539334595255,-0.1187906878544888,-0.11754595088887812,-0.09428893512777783,-0.08408080232298129,-0.10336552235134396,-0.10093974910069577,-0.09423041102848294,-0.08407296040303719,-0.06869498182891129,-0.056144256290446226,-0.09356749448895052,-0.08331259005781572,-0.1187906878544888,-0.11754595088887812,-0.09696141131588186,-0.08485015356857638,-0.1007660697989031,-0.09909545744267621,-0.10686904300507392,-0.10087335594013998,-0.10686904300507392,-0.10087335594013998,-0.07287346936361748,-0.08907994186722312,-0.05652584250282933,-0.04670931863944222,-0.06867676042966457,-0.026540095344286876,-0.09624125844175327,-0.09533640591066506,-0.09076031953984871,-0.08070776519903812,-0.1188156878544888,-0.11757077151759587,-0.09067210561201185,-0.08066314527611886,-0.06549816128370514,-0.05741501875750534,-0.06388546784585881,-0.056387539334595255,-0.1188156878544888,-0.11757077151759587,-0.09067210561201185,-0.08066314527611886,-0.0982076622062664,-0.09414579678731305,-0.09424687771094767,-0.08417030320793614,-0.06891203946167138,-0.05631751490323217,-0.08462302764754628,-0.07148376582350546,-0.1188156878544888,-0.11757077151759587,-0.09949268412757542,-0.0884331736904578,-0.10147726343120923,-0.09790513165033782,-0.09606890197403282,-0.08475867345380239,-0.09606890197403282,-0.08475867345380239
2022-06,0.056556024161425945,0.08654647564417539,0.06078001585725232,0.03607894906275986,0.021990256821633913,0.021602808970698596,0.11416026030867632,0.10532118580299571,0.07941825446751652,0.07573454963964027,0.10754252797621235,0.10020989334843403,0.07941825446751652,0.07573454963964026,0.05141966017732367,0.035233736949028656,0.05001612460911993,0.03431188662607627,0.10754252797621235,0.10020989334843403,0.07941825446751652,0.07573454963964026,0.09874182959484959,0.09125208354929744,0.09879176958613699,0.08919146789489585,0.00819404143939193,0.0014341105683078983,0.016032491893933565,0.010520706270385911,0.10754252797621235,0.10020989334843403,0.0798788948857178,0.05677427783011516,0.05068382329323043,0.04166032689094354,0.03396783698838779,0.019495135292342515,0.03396783698838779,0.019495135292342515,0.056556024161425945,0.08654647564417539,0.06078001585725232,0.03607894906275986,0.021990256821633913,0.021602808970698596,0.11416026030867632,0.10532118580299571,0.07166266446719499,0.06698646563765874,0.10754252797621235,0.10020989334843403,0.07166999353216937,0.06627656164231639,0.05141966017732367,0.035233736949028656,0.05001612460911993,0.03431188662607627,0.10754252797621235,0.10020989334843403,0.07166999353216937,0.06627656164231639,0.0877545879765875,0.08164122074154023,0.08484516520628169,0.07550116883268716,0.00819404143939193,0.005587178913030959,0.016964230088550997,0.017283407601837383,0.10754252797621235,0.10020989334843403,0.0798433876238719,0.056724567388867615,0.06398078110729812,0.05384996992350595,0.03673904181503331,0.027320652878223127,0.03673904181503331,0.027320652878223127
2022-07,-0.03955625578342089,-0.039740886300413614,-0.0514056914989081,-0.033369256023189554,-0.009003226194899416,-0.03839227252027796,-0.043654786962211256,-0.04857790645017696,-0.04776048813656082,-0.05268100581327432,-0.042938086657270634,-0.0478439021507265,-0.04776048813656082,-0.05268100581327432,-0.07168465403516894,-0.06686188227868692,-0.06991366422411445,-0.06577397522978962,-0.042938086657270634,-0.0478439021507265,-0.04776048813656082,-0.05268100581327432,-0.043654786962211256,-0.04860334699792948,-0.04313808665727063,-0.04804923535958622,-0.009403226194899415,-0.014239054878229334,-0.022794381402220634,-0.025147666510908183,-0.042938086657270634,-0.0478439021507265,-0.03862717549693815,-0.043202878587071676,-0.048028902625349534,-0.045042630946289304,-0.02745311109879762,-0.03226792708628211,-0.02745311109879762,-0.03226792708628211,-0.03955625578342089,-0.039740886300413614,-0.0514056914989081,-0.033369256023189554,-0.009003226194899416,-0.03839227252027796,-0.05085320248591568,-0.05548672520305462,-0.051208383405540146,-0.055897532985650124,-0.042938086657270634,-0.0478439021507265,-0.05280576669200438,-0.056958058388574845,-0.07168465403516894,-0.06686188227868692,-0.06991366422411445,-0.06577397522978962,-0.042938086657270634,-0.0478439021507265,-0.05280576669200438,-0.056958058388574845,-0.047443626089484096,-0.053569203147410524,-0.049368609586571244,-0.05524779068697424,-0.007412970018682405,-0.013026327856723143,-0.016739902961542822,-0.018990007427774097,-0.042938086657270634,-0.0478439021507265,-0.03862717549693815,-0.043202878587071676,-0.04853900735545878,-0.047965231846590795,-0.027492915821180318,-0.03234499981990242,-0.027492915821180318,-0.03234499981990242
2022-08,-0.05692389734433949,-0.077188801873602,-0.06732754170984334,-0.04462669675373613,-0.05222290249372805,-0.024893072747411704,-0.030623303134136373,-0.02617499453746879,-0.04941756054669075,-0.052969564648758516,-0.027681465692255894,-0.022144933463113987,-0.04102294321832953,-0.04237092882569293,-0.031367162989411244,-0.031576460212019486,-0.02888625637228146,-0.0297747825706775,-0.027681465692255894,-0.022144933463113987,-0.04102294321832953,-0.04237092882569293,-0.030623303134136373,-0.026174994537468788,-0.04945089388002408,-0.05304036653213584,-0.05222290249372805,-0.04723698491015598,-0.06299783799936771,-0.05638917950082159,-0.027681465692255894,-0.022144933463113987,-0.027881465692255893,-0.022460280792499312,-0.03470949206363749,-0.035266163569181774,-0.03470949206363749,-0.03346184190017326,-0.03470949206363749,-0.03346184190017326,-0.05692389734433949,-0.077188801873602,-0.06732754170984334,-0.04462669675373613,-0.05222290249372805,-0.024893072747411704,-0.030773303134136374,-0.026309014283601863,-0.04639266443174892,-0.046555039004875266,-0.027681465692255894,-0.022144933463113987,-0.04022273507234377,-0.039075293997053374,-0.031367162989411244,-0.031576460212019486,-0.02888625637228146,-0.0297747825706775,-0.027681465692255894,-0.022144933463113987,-0.04022273507234377,-0.039075293997053374,-0.030770805567125806,-0.026330415261223802,-0.043888073258407004,-0.042474659803760716,-0.05222290249372805,-0.04709867330362047,-0.06167901088892089,-0.055411172890518,-0.027681465692255894,-0.022144933463113987,-0.027881465692255893,-0.017178596546127155,-0.03498037359850254,-0.03442606851232686,-0.026917046792160833,-0.024326553362966033,-0.026917046792160833,-0.024326553362966033
2022-09,0.05320743137922003,0.08048072864183387,0.024291225125571404,0.034704238008638276,0.09120616029551701,-0.0006557712032253082,0.07483453215482519,0.06978487753613447,0.05082652251413816,0.0425709921902286,0.07839547867153557,0.07294567911935143,0.061778600195394946,0.05465052523867237,0.006657413819528292,0.0019852426726470565,-0.00037464887942424436,-0.003683051241937374,0.07839547867153557,0.07294567911935143,0.061778600195394946,0.05465052523867237,0.07098989940235714,0.060771761220423555,0.05082652251413816,0.0425709921902286,0.05272917267331974,0.02139355701561454,0.07040629126205714,0.03670246687795306,0.07839547867153557,0.07294567911935143,0.06707184700396962,0.048335679194392675,0.03513323521614007,0.027427940936688495,0.023371900295222493,0.01741872183580235,0.023371900295222493,0.01741872183580235,0.05320743137922003,0.08048072864183387,0.024291225125571404,0.034704238008638276,0.09120616029551701,-0.0006557712032253082,0.07483453215482519,0.06978487753613447,0.059499332930040304,0.048293395988221056,0.07839547867153557,0.07294567911935143,0.070089709015129,0.05912086240963173,0.006657413819528292,0.0019852426726470565,-0.00037464887942424436,-0.003683051241937374,0.07839547867153557,0.07294567911935143,0.070089709015129,0.05912086240963173,0.07384199162829905,0.06475196101681081,0.05985988087738026,0.04881447126371413,0.05272917267331974,0.029794323862903947,0.08113193624690886,0.05360318643783565,0.07839547867153557,0.07294567911935143,0.06707184700396962,0.04952031076925026,0.048233199552362896,0.041146152874200634,0.03348771175192386,0.022838504590486405,0.03348771175192386,0.022838504590486405
2022-10,0.0567952796245716,0.047752093263803363,0.053361027826948515,0.04357261637703127,0.03785521958011451,0.04228073585720483,0.056073824536748404,0.056245454160474107,0.040069743223359613,0.05026109471110303,0.04484747561291537,0.04443822378418863,0.05459007302209109,0.0625895093471611,0.07711706168905953,0.07666606866585941,0.07553524466897375,0.07532758575418705,0.04484747561291537,0.04443822378418863,0.05459007302209109,0.0625895093471611,0.06170881368707993,0.06192817191902742,0.046234986875239824,0.05500680642275537,0.039388581864064465,0.03886259609864766,0.04547966002958955,0.04259008600891862,0.04484747561291537,0.04443822378418863,0.062294518262900465,0.06736598845749008,0.040737020256389325,0.04837314452399028,0.05441504573431326,0.05787754428687422,0.05441504573431326,0.05787754428687422,0.0567952796245716,0.047752093263803363,0.053361027826948515,0.04357261637703127,0.03785521958011451,0.04228073585720483,0.056073824536748404,0.056245454160474107,0.04758443299493518,0.055947233781806625,0.04484747561291537,0.04443822378418863,0.05925389735187876,0.06581623770543958,0.07711706168905953,0.07666606866585941,0.07553524466897375,0.07532758575418705,0.04484747561291537,0.04443822378418863,0.05925389735187876,0.06581623770543958,0.059525100262446104,0.05891434177385269,0.05148218680222766,0.059080062427357014,0.03134298265930613,0.033049938563448567,0.04084571928951939,0.04091159140061589,0.04484747561291537,0.04443822378418863,0.062294518262900465,0.06733773189872508,0.04071762787715056,0.04833180431460734,0.05441504573431326,0.05787012087329569,0.05441504573431326,0.05787012087329569
2022-11,-0.03048629929253419,-0.05537345900902291,-0.035949423129804356,-0.019016374406604385,-0.03002244226213049,-5.004839535975846e-05,-0.03212739946303189,-0.034333819878684606,-0.04211748969782697,-0.03967090167908146,-0.04465562691092482,-0.047084105216149204,-0.052423211954828484,-0.05045264694949661,-0.003629847211267868,-0.0012825558794662983,-0.005608184054097511,-0.0035595155916902797,-0.04465562691092482,-0.047084105216149204,-0.052423211954828484,-0.05045264694949661,-0.011822588619991817,-0.014112200578179954,-0.0655516213364097,-0.06271297435478924,-0.03362656021402331,-0.03233826002527148,-0.019070611918570537,-0.024477785016700962,-0.04465562691092482,-0.047084105216149204,-0.010549796412456102,-0.008322979505604407,-0.06503060935747021,-0.06356917662785826,-0.07198325374093328,-0.07038527302089803,-0.07198325374093328,-0.07038527302089803,-0.03048629929253419,-0.05537345900902291,-0.035949423129804356,-0.019016374406604385,-0.03002244226213049,-5.004839535975846e-05,-0.03212739946303189,-0.034333819878684606,-0.04236874789393636,-0.036358758504758934,-0.04465562691092482,-0.047084105216149204,-0.04396589409219188,-0.03753454778355291,-0.003629847211267868,-0.0012825558794662983,-0.005608184054097511,-0.0035595155916902797,-0.04465562691092482,-0.047084105216149204,-0.04396589409219188,-0.03753454778355291,-0.011922588619991816,-0.014275955048127384,-0.05558101128035134,-0.048179216036349976,-0.028541547887856494,-0.024294164495322804,-0.024255036111375475,-0.02341432772626067,-0.04465562691092482,-0.047084105216149204,-0.010549796412456102,-0.008322979505604407,-0.06503060935747021,-0.05526219538496008,-0.048870707242754344,-0.03964275690585055,-0.048870707242754344,-0.03964275690585055
2022-12,0.045351835125306904,0.05421877547431131,0.054553506412108585,0.03180455924300997,0.006749384431064921,0.017771366389151805,0.05318628652078912,0.056190631833217326,0.06069863329372843,0.06317720204568184,0.05298628652078912,0.055969477838386614,0.06190108583944481,0.06569350655866259,0.04890172170688156,0.05162804201181367,0.05203396292774125,0.054566364343135595,0.05298628652078912,0.055969477838386614,0.06190108583944481,0.06569350655866259,0.0602511270926538,0.062171394119813095,0.062101085839444806,0.06591400221241764,0.019402114870755296,0.022600445745757227,0.030132709308090557,0.036190933651429086,0.05298628652078912,0.055969477838386614,0.03686635306344069,0.04091329960176701,0.05511732319368539,0.057675215370865264,0.029452392176680567,0.030679501231786793,0.029452392176680567,0.030679501231786793,0.045351835125306904,0.05421877547431131,0.054553506412108585,0.03180455924300997,0.003031161063192161,0.017771366389151805,0.05318628652078912,0.056190631833217326,0.0593577962899452,0.06023378277216894,0.05298628652078912,0.055969477838386614,0.05997256706907628,0.060559095319780584,0.04890172170688156,0.05162804201181367,0.05203396292774125,0.054566364343135595,0.05298628652078912,0.055969477838386614,0.05997256706907628,0.060559095319780584,0.05316995169626661,0.056083268631556694,0.06307801380417945,0.06763129001589233,0.01607498229833253,0.01511975301415081,0.026014979948878105,0.02628472866990807,0.05298628652078912,0.055969477838386614,0.03686635306344069,0.040762463899228815,0.060967955010640555,0.06055409124106093,0.035594775237480045,0.0372430264230521,0.035594775237480045,0.0372430264230521
2023-01,-0.036788564173675604,-0.024185039660367114,-0.038617195541691365,-0.02999940755417395,-0.06408581706102119,-0.03321684648455827,-0.04772312943950151,-0.04753847730941984,-0.05141196161700442,-0.05130809654095133,-0.040324928718466733,-0.03957757504831124,-0.05221794427312836,-0.047972576371004924,-0.05593869816257242,-0.05519111637872461,-0.05777981174733489,-0.05583446768786745,-0.040324928718466733,-0.03957757504831124,-0.05221794427312836,-0.047972576371004924,-0.05990748716056331,-0.059983220320127574,-0.05137862828367108,-0.0512518313735454,-0.049351778465813775,-0.0429514198031246,-0.05432419755547686,-0.04998462565831005,-0.040324928718466733,-0.03957757504831124,-0.050077773787223515,-0.04787228483204222,-0.048123129439501505,-0.04800802403632234,-0.04119757158380575,-0.04045008594718489,-0.04119757158380575,-0.04045008594718489,-0.036788564173675604,-0.024185039660367114,-0.038617195541691365,-0.02999940755417395,-0.06423581706102119,-0.03321684648455827,-0.04772312943950151,-0.04753847730941984,-0.051544412751251795,-0.05147520335741348,-0.040324928718466733,-0.03957757504831124,-0.05174906363624914,-0.047364634502593664,-0.05593869816257242,-0.05519111637872461,-0.05777981174733489,-0.05583446768786745,-0.040324928718466733,-0.03957757504831124,-0.05174906363624914,-0.047364634502593664,-0.05973897308015616,-0.05957298396053026,-0.05139948240486653,-0.051329279546634334,-0.04458186645121088,-0.038084695077921255,-0.04884608005722385,-0.04295999395107292,-0.040324928718466733,-0.03957757504831124,-0.052580422474035216,-0.05055457007229743,-0.046997334337432514,-0.04585298447449036,-0.04406573153876604,-0.043181960118574454,-0.04406573153876604,-0.043181960118574454
2023-02,0.02800888677347048,0.03793638840950497,0.04390213081073306,0.024029069217221623,0.01927920684799069,0.028793314561172248,0.07089818339343812,0.06625036517409989,0.06496927973553648,0.06121080420025241,0.0678563130954576,0.06491010228468841,0.06496927973553648,0.06223167064432251,0.07056268648868484,0.06619653827361527,0.06802828498664092,0.06434653204358418,0.0678563130954576,0.06491010228468841,0.06496927973553648,0.06223167064432251,0.07069818339343811,0.06603784670765764,0.06496927973553648,0.06121080420025241,0.013206416674621788,0.001305631360627711,0.012286409838536178,0.005596427038403209,0.0678563130954576,0.06491010228468841,0.08159529480293388,0.0785548004410571,0.07656066518023617,0.07160972387223263,0.060250608791625714,0.058273939053924986,0.060250608791625714,0.058273939053924986,0.02800888677347048,0.03793638840950497,0.04390213081073306,0.024029069217221623,0.03591343848375576,0.028793314561172248,0.07089818339343812,0.06625036517409989,0.062415661077723686,0.05757803621089126,0.07205862429235518,0.07110135191313657,0.06327881816035548,0.05756384094038789,0.07056268648868484,0.06619653827361527,0.06802828498664092,0.06434653204358418,0.07205862429235518,0.07110135191313657,0.06327881816035548,0.05756384094038789,0.07068445790324204,0.06473035069592811,0.062415661077723686,0.05757803621089126,0.015965152163876343,0.007032517627118366,0.025798115743499737,0.019660769049767622,0.07205862429235518,0.07110135191313657,0.08174529480293388,0.07862146880133777,0.07117549984413699,0.06472885356741258,0.06434969027681657,0.05950040764161734,0.06434969027681657,0.05950040764161734
2023-03,0.008176761269779696,0.016191691218502058,0.00841422931131417,0.007586994984782231,-1.443446490443452e-05,0.008540519615664266,0.011682155032758669,0.010503814638906579,0.01393287732459908,0.01383601303803214,0.011911860535876095,0.010976316529855852,0.01393287732459908,0.014464756653666701,0.019217181300747923,0.016225874970923246,0.020474017136859146,0.017443761050244526,0.011911860535876095,0.010976316529855852,0.01393287732459908,0.014464756653666701,0.00791793811762649,0.00670810760495122,0.01393287732459908,0.01383601303803214,0.01965913056847899,0.016633809708814062,0.02451258677126643,0.022206716658624646,0.011911860535876095,0.010976316529855852,0.0133832150380603,0.012218507473763978,0.013513453486191299,0.013024946662157894,0.014692466381258977,0.014127128816750285,0.014692466381258977,0.014127128816750285,0.008176761269779696,0.016191691218502058,0.00841422931131417,0.007586994984782231,-0.0004837313961154165,0.008540519615664266,0.012671734399937082,0.011605054002829102,0.014390310816231655,0.013218109083134304,0.012781525314644096,0.011561092278968819,0.015364559760462146,0.015028854716857155,0.019217181300747923,0.016225874970923246,0.020474017136859146,0.017443761050244526,0.012781525314644096,0.011561092278968819,0.015364559760462146,0.015028854716857155,0.01031909882797947,0.00927124660629253,0.014390310816231655,0.013218109083134304,0.020435936532220558,0.017909167298663757,0.019309143701112818,0.01765190573063265,0.012781525314644096,0.011561092278968819,0.0133832150380603,0.012217841303230887,0.014028093591873491,0.012001013060708053,0.010947848018090353,0.008451268927930147,0.010947848018090353,0.008451268927930147
2023-04,-0.022281771653133026,0.006306086986286985,-0.0027348560395044972,-0.019780039126130442,-0.033185717228625615,-0.01802912608151661,-0.03380374241627288,-0.02822913542866761,-0.033703742416272886,-0.028143561010899047,-0.03380374241627288,-0.0282225257650887,-0.033703742416272886,-0.02819738773265034,-0.01533947949871169,-0.012401582356424523,-0.016736451275695365,-0.013907605526104221,-0.03380374241627288,-0.0282225257650887,-0.033703742416272886,-0.02819738773265034,-0.052224609203107904,-0.04918902016277942,-0.033703742416272886,-0.02814356101089904,0.0044619755054856386,0.0035089535201872123,0.004795308838818972,0.0038512599650890726,-0.03380374241627288,-0.0282225257650887,-0.04772126065695714,-0.042505623638678804,-0.03363707574960622,-0.02803857481686242,-0.019941900769608247,-0.016652208906344345,-0.019941900769608247,-0.016652208906344345,-0.022281771653133026,0.006306086986286985,-0.0027348560395044972,-0.019780039126130442,-0.0425131421879679,-0.01802912608151661,-0.03380374241627288,-0.028219657901949465,-0.03380374241627288,-0.028171453375920478,-0.033839268732062354,-0.029594921794737678,-0.03379672723277555,-0.029236253914167676,-0.01533947949871169,-0.012401582356424523,-0.016736451275695365,-0.013907605526104221,-0.033839268732062354,-0.029594921794737678,-0.03379672723277555,-0.029236253914167676,-0.0523746092031079,-0.04934699075002056,-0.03380374241627288,-0.02817145337592047,-0.015038452278064739,-0.01750410705566175,-0.0008762684617959224,-0.0029265249303107796,-0.033839268732062354,-0.029594921794737678,-0.04772126065695714,-0.042505623638678804,-0.033775635071640116,-0.028209439243079257,-0.028636216531504336,-0.02520408918185814,-0.028636216531504336,-0.02520408918185814
2023-05,0.04213858010973293,0.06332433261044712,0.0373690250846852,0.03289953435603985,0.036980178477540565,0.005453907250593448,0.04704277397674111,0.049323170757701575,0.04704277397674111,0.049323170757701575,0.04457627506007424,0.04723688401977876,0.02684034585332562,0.02382238476032161,0.014027380276186196,0.013458499470702642,0.014425163600891189,0.014917341859541952,0.04457627506007424,0.04723688401977876,0.02684034585332562,0.02382238476032161,0.03513762034836556,0.03503575285551249,0.04704277397674111,0.049323170757701575,0.024023591754847785,0.02615373777588967,0.06045536048163683,0.05738448168335649,0.04457627506007424,0.04723688401977876,0.02684034585332562,0.023883897478425183,0.04437849173536925,0.04657379504372862,0.018765485953296215,0.018341280446561747,0.018765485953296215,0.018341280446561747,0.04213858010973293,0.06332433261044712,0.0373690250846852,0.03289953435603985,0.04112517956625853,0.005453907250593448,0.04704277397674111,0.049323170757701575,0.04704277397674111,0.049323170757701575,0.04457627506007424,0.0471872022464567,0.02684034585332562,0.02477342478785701,0.014027380276186196,0.013458499470702642,0.014425163600891189,0.014917341859541952,0.04457627506007424,0.0471872022464567,0.02684034585332562,0.02477342478785701,0.03513762034836556,0.03503575285551249,0.04704277397674111,0.049323170757701575,0.02378271944596758,0.028646075107098285,0.045642252829190696,0.04383729931573642,0.04457627506007424,0.0471872022464567,0.02684034585332562,0.023883897478425183,0.04437849173536925,0.04657379504372862,0.01952386908925929,0.018856189247484025,0.01952386908925929,0.018856189247484025
2023-06,0.024872318996855575,0.0301406674287632,0.0035859571943244167,0.018090498964622607,0.024591649213870297,0.0031864891414821184,0.04557851593880005,0.04340360700672769,0.03228235687200981,0.030917754292403926,0.04157963224350566,0.03811834439995284,0.034356352887839364,0.02966102858739811,0.015623232365818798,0.011937521326977011,0.0177050578120729,0.014219819714692859,0.04157963224350566,0.03811834439995284,0.034356352887839364,0.02966102858739811,0.03399616326449238,0.02827962577412098,0.04072098685881839,0.03834295491534854,0.021839435840728606,0.022287457433396527,0.0247916492138703,0.025538794794840572,0.04157963224350566,0.03811834439995284,0.036075808192425424,0.029716301206840365,0.034356352887839364,0.029587792266708553,0.035286529821943045,0.032816110235108685,0.035286529821943045,0.032816110235108685,0.024872318996855575,0.0301406674287632,0.0035859571943244167,0.018090498964622607,0.031203529178349024,0.0031864891414821184,0.04557851593880005,0.04340360700672769,0.038371920464554815,0.0368084083751173,0.04157963224350566,0.03808269738327777,0.03486508312677884,0.030564544679641835,0.015623232365818798,0.011937521326977011,0.0177050578120729,0.014219819714692859,0.04157963224350566,0.03808269738327777,0.03486508312677884,0.030564544679641835,0.03399616326449238,0.02827962577412098,0.042591235457959106,0.040521008686589616,0.02456407942343408,0.024083652220041316,0.02477980439346786,0.024853522781451334,0.04157963224350566,0.03808269738327777,0.03593974269214513,0.030577380487244194,0.03562440813334328,0.032293737862275546,0.03563904086002282,0.03395220004425666,0.03563904086002282,0.03395220004425666
2023-07,-0.011716276714760398,-0.006793988250358596,-0.015216337898399046,-0.008719768911802876,0.004226391638093641,-0.0059832736519146,-0.013001617615281024,-0.019497122059378768,-0.009179947927918028,-0.01520936023346333,-0.009104947927918028,-0.015375587005672429,-0.009104947927918028,-0.015123824856239265,-0.00910509693519772,-0.010521092223275724,-0.008967985311165272,-0.010277937698231177,-0.009104947927918028,-0.015375587005672429,-0.009104947927918028,-0.015123824856239265,-0.009345441952555444,-0.015537930011401396,-0.009179947927918028,-0.014988177570564238,-0.007356884736301916,-0.007534504103588996,-0.012526790531321686,-0.0115725362913718,-0.009104947927918028,-0.015375587005672429,-0.0018104995200529206,-0.0053091988617290095,-0.011125364709555498,-0.013487394146151714,-0.004911741599632102,-0.010409059573980034,-0.004911741599632102,-0.010409059573980034,-0.011716276714760398,-0.006793988250358596,-0.015216337898399046,-0.008719768911802876,0.0017577072525296834,-0.0059832736519146,-0.00984249681017123,-0.013516267929986003,-0.009157255466471,-0.01330230136500831,-0.00870214456932073,-0.014406110514721116,-0.0030634705754639486,-0.005795744322321899,-0.00910509693519772,-0.010521092223275724,-0.008967985311165272,-0.010277937698231177,-0.00870214456932073,-0.014406110514721116,-0.0030634705754639486,-0.005795744322321899,-0.009220024653313997,-0.014177893559924283,-0.008490840931839187,-0.012624556706135862,-0.007403005600861375,-0.007942742893297897,-0.012057461283231251,-0.010805804850696177,-0.00870214456932073,-0.014406110514721116,-0.0018104995200529206,-0.005320018637338564,-0.007103189076182721,-0.007610202740230103,-0.002335252177042546,-0.004372436390370434,-0.002335252177042546,-0.004372436390370434
2023-08,-0.05200131419392319,-0.0552666022624706,-0.06531799510369565,-0.04058835807999186,-0.07520446496540617,-0.031072425664638793,-0.06718511430856416,-0.06464986133723727,-0.08316289004948543,-0.07976434300422243,-0.08081032879125716,-0.07759190841047733,-0.08128254374537681,-0.07562829155979406,-0.08393064984496741,-0.0779555879119092,-0.08112096809545127,-0.07534774964596103,-0.08081032879125716,-0.07759190841047733,-0.08128254374537681,-0.07562829155979406,-0.08081032879125716,-0.07759638889046032,-0.08128254374537681,-0.07562193007562593,-0.07558463237064464,-0.06999699027135835,-0.04745028571392052,-0.04892154684942026,-0.08081032879125716,-0.07759190841047733,-0.06525345173450987,-0.06249915143782551,-0.08274199136531145,-0.07936179196244081,-0.0775820505256373,-0.07163326129972747,-0.0775820505256373,-0.07163326129972747,-0.05200131419392319,-0.0552666022624706,-0.06531799510369565,-0.04058835807999186,-0.07478095948590754,-0.031072425664638793,-0.06737963550989752,-0.0658736487186392,-0.0774214059045262,-0.07493830045999417,-0.07384116704442734,-0.07175028564183943,-0.07606555093955225,-0.07199804097198491,-0.08393064984496741,-0.0779555879119092,-0.08112096809545127,-0.07534774964596103,-0.07384116704442734,-0.07175028564183943,-0.07606555093955225,-0.07199804097198491,-0.07451562688492985,-0.0729268084060869,-0.07382656640996248,-0.07071182429933151,-0.0756060609420732,-0.0696607826488265,-0.04745647233669494,-0.04893536121436194,-0.07384116704442734,-0.07175028564183943,-0.0661317684602269,-0.06469003747207,-0.08196632872425536,-0.07618929404372353,-0.07165509572501019,-0.06635095986944399,-0.07165509572501019,-0.06635095986944399
2023-09,-0.01425782472975977,-0.017392464029802213,-0.02633824303969283,-0.00972415443538158,-0.022972835038072258,0.010290457162822642,-0.0007379251740330378,-0.004001407813593937,-0.017465534752054458,-0.01752654302215201,-0.0033856233929721027,-0.005148272995603316,-0.013026929314577409,-0.00982726766343817,0.013613796091746913,0.01991366621693459,0.009455842465114887,0.01594172323124472,-0.0033856233929721027,-0.005148272995603316,-0.013026929314577409,-0.00982726766343817,0.00033435435900064473,-0.0029772131061800468,-0.013026929314577409,-0.00982726766343817,-0.025974327856882938,-0.024395532606197274,-0.023968836481545932,-0.01757299907004558,-0.0033856233929721027,-0.005148272995603316,0.0017964484829584358,-0.0005966498565650509,0.0030687280159921193,0.00065754406707963,0.002868728015992119,0.0004123477911181177,0.002868728015992119,0.0004123477911181177,-0.01425782472975977,-0.017392464029802213,-0.02633824303969283,-0.00972415443538158,-0.02297530402854814,0.010290457162822642,-0.0007379251740330378,-0.003975830957022382,-0.012990645859777243,-0.014815209778303763,-0.004053430965870586,-0.006474623033905103,-0.0026522237814905333,0.0007540997449468148,0.013613796091746913,0.01991366621693459,0.009455842465114887,0.01594172323124472,-0.004053430965870586,-0.006474623033905103,-0.0026522237814905333,0.0007540997449468148,-0.0051979489734800734,-0.009786250191031855,-0.006088048455634291,-0.006072316470601772,-0.025974327856882938,-0.024395515427795333,-0.02464589574729731,-0.020995968990207163,-0.004053430965870586,-0.006474623033905103,-0.00026361015012449086,-0.0021995939279039704,0.0030606694079335114,0.0008445325299751112,0.0013855746892968807,-0.00039077002225094775,0.0013855746892968807,-0.00039077002225094775
2023-10,0.07028742850054791,0.0872374341021731,0.08832112882265516,0.056053282223772156,0.08783281428669013,0.052147321939511146,0.09753175644751462,0.09778173441508269,0.10324634607121759,0.10300705719192896,0.07024937032347468,0.07017596751109025,0.11029597834164882,0.11091412520212555,0.09359706626674895,0.08576630279108072,0.08927665858514962,0.08168922460193881,0.07024937032347468,0.07017596751109025,0.11029597834164882,0.11091412520212555,0.08693936169994662,0.08806000984969775,0.10832065752879627,0.10809059048381857,0.05541602742903006,0.05059559434935158,0.006973682890772404,0.015052593588327784,0.07024937032347468,0.07017596751109025,0.05191325630217487,0.047251877081507423,0.06841216876778695,0.0586020111016427,0.08013812097293764,0.07091552251227776,0.08013812097293764,0.07091552251227776,0.07028742850054791,0.0872374341021731,0.08832112882265516,0.056053282223772156,0.08333320289242793,0.052147321939511146,0.09000796793000956,0.08943854175421381,0.1012448098024122,0.10161767962084614,0.07308897364018108,0.0733007698188801,0.10458995891924652,0.10288718328204399,0.09359706626674895,0.08576630279108072,0.08927665858514962,0.08168922460193881,0.07308897364018108,0.0733007698188801,0.10458995891924652,0.10288718328204399,0.09027576793600409,0.09024142452699717,0.09908650331514668,0.09841483378539762,0.05541602742903006,0.05454797177990586,0.03060310482301081,0.040781986507272217,0.07308897364018108,0.0733007698188801,0.05969932339855657,0.0565694923638559,0.07909816877959924,0.07588409050700405,0.08101639182898057,0.07565151550817642,0.08101639182898057,0.07565151550817642
2023-11,0.038331033772452845,0.040161379338934156,0.05579769411551845,0.03139538552036333,0.025666748143149756,0.031217102235258174,0.02811974047707724,0.02869635079434496,0.04286603477148884,0.04322397208604868,0.022316076449161962,0.023810845707353385,0.0220669595751335,0.021698661506829118,0.03261523292166606,0.03083461298019426,0.03641111789656222,0.03499434528166146,0.022316076449161962,0.023810845707353385,0.0220669595751335,0.021698661506829118,0.028086407143743906,0.028651652958368475,0.026137407962831025,0.026802738145949457,0.04032948778802974,0.04125709682934235,0.014939763263360894,0.020515812358273263,0.022316076449161962,0.023810845707353385,0.003814196384929525,0.003882802879604497,0.0035472661091006793,0.003964914234123,0.0037472661091006794,0.004152436885652124,0.0037472661091006794,0.004152436885652124,0.038331033772452845,0.040161379338934156,0.05579769411551845,0.03139538552036333,0.025351450448563913,0.031217102235258174,0.02811974047707724,0.028690131305877567,0.047968181491266484,0.05082710390000025,0.022301847887381338,0.023791567721883542,0.03719820418518755,0.037129535377141074,0.03261523292166606,0.03083461298019426,0.03641111789656222,0.03499434528166146,0.022301847887381338,0.023791567721883542,0.03719820418518755,0.037129535377141074,0.029631942096473962,0.03142096395099495,0.03451210125138822,0.03804084603798763,0.04032948778802974,0.03977647869382043,0.01935336856693594,0.024120498943494273,0.022301847887381338,0.023791567721883542,0.005547613783250473,0.006163309364584936,0.009158378931012295,0.0103388723805651,0.003734933367724226,0.004611174500885736,0.003734933367724226,0.004611174500885736
2023-12,-0.001668048609322241,0.026410573020387185,0.013824249216859298,0.003636860280824648,0.008101732667677863,0.009951210420582201,-0.02215878657134893,-0.021328792475272397,-0.0056465478867523955,-0.00026092220584533017,-0.03020392619642465,-0.029699199125331636,0.0017731588468342771,0.00653210999101151,-0.01208192514975264,-0.006191670066379601,-0.014769961296446877,-0.009860145438780757,-0.03020392619642465,-0.029699199125331636,0.0017731588468342771,0.00653210999101151,-0.026507106431863183,-0.025511539086721133,-0.009219291320778917,-0.0026748749301400768,0.015382316172150358,0.020108596092440638,-0.0023800171770748412,0.004303988128039046,-0.03020392619642465,-0.029699199125331636,-0.01886082680902221,-0.017222569897489312,-0.009844851127603402,-0.0037979996582306434,-0.026241450662378107,-0.022845180201565396,-0.026241450662378107,-0.022845180201565396,-0.001668048609322241,0.026410573020387185,0.013824249216859298,0.003636860280824648,0.007738100710253134,0.009951210420582201,-0.02215878657134893,-0.021328792475272397,-0.012421679025770804,-0.010316209671873305,-0.027945036914144027,-0.02740326789717232,-0.006697250718604287,-0.003562798746296108,-0.01208192514975264,-0.006191670066379601,-0.014769961296446877,-0.009860145438780757,-0.027945036914144027,-0.02740326789717232,-0.006697250718604287,-0.003562798746296108,-0.026567706076831104,-0.025569933440092847,-0.01054449473305642,-0.006449059458644602,0.014578875604182757,0.018640452833640693,0.0024088673753598195,0.007814855370653037,-0.027945036914144027,-0.02740326789717232,-0.01884715760986914,-0.01719852549954876,-0.010767969606059651,-0.005608070150039309,-0.018854309038708342,-0.013868335061558656,-0.018854309038708342,-0.013868335061558656
2024-01,0.022007488831927373,0.05024455760842961,0.015010523710968246,0.01605001798983929,0.04838730419023015,-0.006869503063256644,0.007633734935248816,0.005638593906024192,0.021423131479282247,0.023432283667871184,0.027038093125591623,0.027803268642618596,0.011856989192511764,0.013644417025177102,0.004661160502545504,0.005454330013436767,0.005632902975489351,0.007776097422991819,0.027038093125591623,0.027803268642618596,0.011856989192511764,0.013644417025177102,0.021994811350280787,0.021869838227699258,0.029746268173547686,0.033668145731756215,0.04227144957697127,0.04075014455778762,0.03973310853567191,0.039229800467434656,0.027038093125591623,0.027803268642618596,0.00879734009804698,0.006696566810331737,0.029746268173547686,0.0336425359939205,0.016946317334539465,0.01814965566704839,0.016946317334539465,0.01814965566704839,0.022007488831927373,0.05024455760842961,0.015010523710968246,0.01605001798983929,0.04832513218692652,-0.006869503063256644,0.007633734935248816,0.005638593906024192,0.022640379357049996,0.024424738337381263,0.020832076383705034,0.020848776917342576,0.014771328888972564,0.01607748851132748,0.004661160502545504,0.005454330013436767,0.005632902975489351,0.007776097422991819,0.020832076383705034,0.020848776917342576,0.014771328888972564,0.01607748851132748,0.021994811350280787,0.021869838227699258,0.024553594661108312,0.027100115930379642,0.04209461681848924,0.0406666334266954,0.03350592373241611,0.034558384831729794,0.020832076383705034,0.020848776917342576,0.00879734009804698,0.006696566810331737,0.024765956763532916,0.026427672108412535,0.01712624719244776,0.018584527990931445,0.01712624719244776,0.018584527990931445
2024-02,0.035472677373623834,0.032373544953847144,0.0201032617820033,0.027225380752556344,0.019724051544049482,0.01069155372811501,0.048638632002233895,0.04573871425612645,0.04702337266287844,0.04364164352900425,0.05199311868164931,0.05032938669318803,0.03331290462071431,0.028358926252100004,0.04898683358521279,0.050067292632465545,0.05007064563749425,0.050070475687208765,0.05199311868164931,0.05032938669318803,0.03331290462071431,0.028358926252100004,0.048438632002233896,0.04551338788063558,0.03365145484599923,0.028731244685465628,0.024976372586130724,0.026850480005034906,0.029251850902694755,0.03168358375794394,0.05199311868164931,0.05032938669318803,0.0636566848329602,0.06170146838879682,0.03365145484599923,0.028731244685465628,0.033251454845999236,0.02831159571816597,0.033251454845999236,0.02831159571816597,0.035472677373623834,0.032373544953847144,0.0201032617820033,0.027225380752556344,0.019720377199914,0.01069155372811501,0.048638632002233895,0.04573871425612645,0.046973407807167245,0.04353471575964947,0.05474180979482283,0.05312186309988196,0.0352501319291971,0.031733237720484364,0.04898683358521279,0.050067292632465545,0.05007064563749425,0.050070475687208765,0.05474180979482283,0.05312186309988196,0.0352501319291971,0.031733237720484364,0.048438632002233896,0.04551338788063558,0.03347548643518847,0.028547264483501363,0.024951372586130723,0.026793335520709206,0.030462387624846255,0.030347049973498307,0.05474180979482283,0.05312186309988196,0.0636566848329602,0.063135125416124,0.033501454845999236,0.02854886512006548,0.040060948892585796,0.03753834246090152,0.040060948892585796,0.03753834246090152
2024-03,-0.03038393883022008,-0.04285736004636709,-0.044492824349466706,-0.024748262567096047,-0.04929129654299009,-0.02282789845075313,-0.035929022393043256,-0.03857424881221376,-0.0526542463747127,-0.05208714690450847,-0.032152345683359715,-0.033777405596260066,-0.034726881383196816,-0.038102561554814965,-0.026369622741097862,-0.024647191320147293,-0.023249980006498337,-0.022845038351544014,-0.032152345683359715,-0.033777405596260066,-0.034726881383196816,-0.038102561554814965,-0.052315274028979286,-0.05647738071423425,-0.060982503802766264,-0.05339063069710739,-0.04773723101195486,-0.046069827125543125,-0.04869660607609791,-0.04625442001464954,-0.032152345683359715,-0.033777405596260066,-0.02484800742847402,-0.02667041232495392,-0.040731900579469356,-0.04450164095478646,-0.047375312271811736,-0.051604016687418375,-0.047375312271811736,-0.051604016687418375,-0.03038393883022008,-0.04285736004636709,-0.044492824349466706,-0.024748262567096047,-0.04929129654299009,-0.02282789845075313,-0.035929022393043256,-0.03857424881221376,-0.051803905114817896,-0.051153030920371,-0.03218784773254004,-0.033662574045414624,-0.03537788057955154,-0.03955280168785562,-0.026369622741097862,-0.024647191320147293,-0.023249980006498337,-0.022845038351544014,-0.03218784773254004,-0.033662574045414624,-0.03537788057955154,-0.03955280168785562,-0.04335249311912653,-0.04446855465876998,-0.05569793492311864,-0.05194172718762921,-0.04773723101195486,-0.04625118357476611,-0.04640235165139641,-0.04565918590742579,-0.03218784773254004,-0.033662574045414624,-0.02484800742847402,-0.02607050479369172,-0.040731900579469356,-0.0447166777755387,-0.04367432830308126,-0.04420996741267448,-0.04367432830308126,-0.04420996741267448
2024-04,0.03858234625200459,0.05512791034761233,0.04368493741054587,0.027778398070612918,0.05333101637215248,0.016993363084651426,0.06556925976260704,0.056454027583847585,0.04370747931144164,0.04184008937266416,0.06789349871280721,0.05992259641767225,0.04093272049263144,0.04153094684147339,0.06568758055124393,0.05487485250350179,0.06358288359034421,0.05336808187664327,0.06789349871280721,0.05992259641767225,0.04093272049263144,0.04153094684147339,0.07994463182410359,0.07519737631159941,0.06657877177618358,0.0568240404893712,0.053531016372152476,0.049118835841506114,0.04779660808580182,0.039656248607638604,0.06789349871280721,0.05992259641767225,0.07460276420265119,0.06680015376665444,0.05410469227041673,0.04182401833942854,0.06717034506313888,0.059137947431452856,0.06717034506313888,0.059137947431452856,0.03858234625200459,0.05512791034761233,0.04368493741054587,0.027778398070612918,0.05333101637215248,0.016993363084651426,0.06556925976260704,0.058351682002268056,0.05048671791749647,0.04982388995110709,0.07509290606519013,0.0713210149525625,0.06197771910025299,0.0569129489233377,0.06568758055124393,0.05487485250350179,0.06358288359034421,0.05336808187664327,0.07509290606519013,0.0713210149525625,0.06197771910025299,0.0569129489233377,0.0797946318241036,0.07499933584804422,0.06390800303125974,0.055742103295349,0.053531016372152476,0.04910258442424246,0.04753118172285142,0.042116872030192036,0.07509290606519013,0.0713210149525625,0.07460276420265119,0.06678821415687164,0.0589324720850793,0.05168135929993361,0.06845263162222553,0.05989940399278466,0.06845263162222553,0.05989940399278466
2024-05,0.005875100185899931,0.03472501865073352,0.02113333293105355,0.005627460272916766,0.015196695686346386,0.0040566340885727975,-0.02089774551930208,-0.017947661892828513,0.01665409286367645,0.0219572401244428,-0.006685385161023591,-0.0049850258774808715,0.0013589927002847406,0.006360926849316503,0.00845963169045474,0.011516839394867624,0.005648710099034915,0.010582587334644365,-0.006685385161023591,-0.0049850258774808715,0.0013589927002847406,0.006360926849316503,0.004793464848905973,0.008164161723029553,0.01685409286367645,0.022141844698703752,-0.012754305983479151,-0.006291692275251322,-0.011395861504357178,-0.004935909222035708,-0.006685385161023591,-0.0049850258774808715,-0.012682391148348768,-0.008849830471048358,0.005078161130923142,0.007798987640919796,-0.009920241302745884,-0.0062230332316473005,-0.009920241302745884,-0.0062230332316473005,0.005875100185899931,0.03472501865073352,0.02113333293105355,0.005627460272916766,0.015196695686346386,0.0040566340885727975,-0.015530363389907039,-0.01158310166671671,0.017139749008026235,0.018215927432494484,-0.005873960592752944,-0.004190682041404451,0.005833735729364534,0.00860205537052797,0.00845963169045474,0.011516839394867624,0.005648710099034915,0.010582587334644365,-0.005873960592752944,-0.004190682041404451,0.005833735729364534,0.00860205537052797,0.004793464848905973,0.008506840246800988,0.01669182513101808,0.02125640474609836,0.003372189553919727,-0.0003428895292586574,-0.002912391683129046,-0.0006576593343712152,-0.005873960592752944,-0.004190682041404451,-0.00576528537369389,-0.0010217276493903816,0.00457763565308106,0.006937825180564779,-0.001305634490599761,0.002032235069915697,-0.001305634490599761,0.002032235069915697
2024-06,0.030199185187228198,0.012719158014717902,0.029914790888170995,0.027101188494402493,0.002777326664369207,0.0239642761538605,0.024658903982590522,0.03174909113730815,0.028063379246610783,0.03229806537760364,0.03335034532259941,0.04113963598137542,0.010940880517293326,0.01577278739250699,0.031575572746289374,0.03868208245491888,0.03551428373701835,0.03955819393165525,0.03335034532259941,0.04113963598137542,0.010940880517293326,0.01577278739250699,0.015755231289710236,0.020769975638299812,0.03885955804168956,0.047166380962218084,0.005965918855913455,0.011425884177238678,0.0005595148542060886,0.002610852508935058,0.03335034532259941,0.04113963598137542,0.04273319727889972,0.049471224326446524,0.014715790528121287,0.022339709097509198,0.01595523128971024,0.021019217032276334,0.01595523128971024,0.021019217032276334,0.030199185187228198,0.012719158014717902,0.029914790888170995,0.027101188494402493,0.002777326664369207,0.0239642761538605,0.03382246470037267,0.045169471639726635,0.030405331286418785,0.03584400079194551,0.0344844764517848,0.04232942644676953,0.022515270911762548,0.02508018098014457,0.031575572746289374,0.03868208245491888,0.03551428373701835,0.03955819393165525,0.0344844764517848,0.04232942644676953,0.022515270911762548,0.02508018098014457,0.024972149838430747,0.03348479957410183,0.030709872523404777,0.03491116175455833,0.013837742602030459,0.02205577267997061,0.01587190170326673,0.019027452385397013,0.0344844764517848,0.04232942644676953,0.042583197278899726,0.04927834364852738,0.014687665528121289,0.021753607936216984,0.019765626967848605,0.02560450402883132,0.019765626967848605,0.02560450402883132
2024-07,0.013461795615944249,0.014296835246407014,0.02008750652305995,0.015344793313287646,0.01358655321754454,0.020232993970796254,-0.007080025768338817,-0.003850332409217857,-0.01178409976504726,-0.008088391679310478,-0.011346375809853936,-0.00976240874064269,-0.010575138894758291,-0.009400128072372177,0.010677582056896418,0.0176572005945252,0.011471386620699088,0.01746965498552655,-0.011346375809853936,-0.00976240874064269,-0.010575138894758291,-0.009400128072372177,-0.003094777617776279,-0.0002257117646252086,-0.007929770248870066,0.0005440361162661572,0.004621333916463909,0.010684950262021117,0.013816698712629338,0.01681189426186281,-0.011346375809853936,-0.00976240874064269,-0.008942359108794772,-0.007536312538149265,-0.013208709150309892,-0.011611031575564056,-0.008742359108794773,-0.007344138250474889,-0.008742359108794773,-0.007344138250474889,0.013461795615944249,0.014296835246407014,0.02008750652305995,0.015344793313287646,0.01358655321754454,0.020232993970796254,-0.00016671706099031006,0.0056131511879418195,-0.0018688153421244798,0.0023411548465202305,-0.006341300527918623,-0.002232289564922117,-0.006361672500212321,-0.0041928417717896176,0.010677582056896418,0.0176572005945252,0.011471386620699088,0.01746965498552655,-0.006341300527918623,-0.002232289564922117,-0.006361672500212321,-0.0041928417717896176,-0.0019235669639805846,0.00175096798397233,-0.0027784640984284846,0.0009678711842259877,0.007136712428879725,0.013467927473909642,0.009902317245826082,0.013624869709369141,-0.006341300527918623,-0.002232289564922117,-0.00868486251692517,-0.006460534795141866,-0.009124109144142,-0.00578318923934395,-0.008069754664897073,-0.0035605785792294825,-0.008069754664897073,-0.0035605785792294825
2024-08,0.03043555216856435,0.026208203293267562,0.022117981995031944,0.022350167676389296,0.03080287959727028,0.013771038028378315,0.05156031983227996,0.04910272920094457,0.04256006219534719,0.03512504962080868,0.04169115685516245,0.03490035841418705,0.042580895528680524,0.035189571607150534,0.053616022376630615,0.04714921699828952,0.05315867232652467,0.046237528863848416,0.04169115685516245,0.03490035841418705,0.042580895528680524,0.035189571607150534,0.04643973817418577,0.03899376717605923,0.04251422886201386,0.03502901256162708,0.04990268115662555,0.03843811855727773,0.02962493951441375,0.02720210773566658,0.04169115685516245,0.03490035841418705,0.05288727900144897,0.04719124865997879,0.04663973817418577,0.03922518918698542,0.050703665137697175,0.047074782740281325,0.050703665137697175,0.047074782740281325,0.03043555216856435,0.026208203293267562,0.022117981995031944,0.022350167676389296,0.03080287959727028,0.013771038028378315,0.05141031983227996,0.0489362396008468,0.04583968736936789,0.04090881844116185,0.04291030953319523,0.0395710848728305,0.04449442138041655,0.03893656775800441,0.053616022376630615,0.04714921699828952,0.05315867232652467,0.046237528863848416,0.04291030953319523,0.0395710848728305,0.04449442138041655,0.03893656775800441,0.04863333062895087,0.04439493355283809,0.04504277155867603,0.03992722895724455,0.050737374684536,0.040857875744446395,0.03862355614348588,0.03460163359449499,0.04291030953319523,0.0395710848728305,0.05179139957691779,0.04247545207827772,0.04648973817418577,0.039037295699613915,0.050711069540240405,0.04703958798730468,0.050711069540240405,0.04703958798730468
2024-09,-0.010666001655943193,-0.0036276205009293516,-0.027393556995516113,-0.013357995280989162,0.008395059395096039,-0.02280795850276356,0.011255185249269873,0.01147130006113704,0.0043759205718227,-0.001539320464723779,0.011255185249269873,0.011457658595640475,-0.008735884626948654,-0.016805737497376964,-0.004628769040602477,-0.012056655971827512,-0.00321187030066319,-0.010996869808247371,0.011255185249269873,0.011457658595640475,-0.008735884626948654,-0.016805737497376964,0.011255185249269873,0.0115316977765694,-0.008735884626948654,-0.016805737497376964,0.0016173313614768158,-0.00423141411546615,-0.0070230718180818935,-0.00833923316498177,0.011255185249269873,0.011457658595640475,-0.0006511127508755938,-0.009785141517578397,-0.005377738979009551,-0.009695629986135514,-0.0009446678969213813,-0.008901540871899209,-0.0009446678969213813,-0.008901540871899209,-0.010666001655943193,-0.0036276205009293516,-0.027393556995516113,-0.013357995280989162,0.008395059395096039,-0.02280795850276356,0.011255185249269873,0.011660466154553233,0.006176680191614044,0.0006593577615060049,0.011247650875453694,0.00704573763783909,-3.400793989049417e-05,-0.0018225313094213625,-0.004628769040602477,-0.012056655971827512,-0.00321187030066319,-0.010996869808247371,0.011247650875453694,0.00704573763783909,-3.400793989049417e-05,-0.0018225313094213625,0.01122013370287812,0.011351211143071497,-0.0011369948728968777,-0.005307524974846587,0.006818777040464157,0.0015107471531881605,-0.004494569440339784,-0.006565421401238182,0.011247650875453694,0.00704573763783909,0.006955968489892602,0.002878617388264065,0.0012602176108124782,0.0010931501228515182,0.006330172741499735,0.0037772996102970733,0.006330172741499735,0.0037772996102970733
2024-10,0.028550673007024227,0.05539800367380088,0.03902123735617163,0.021691528939092583,0.03747076778414793,0.01478551680074576,0.026148960812397773,0.034265867610256295,0.003723184938630198,0.011260200423439873,0.03636002401618559,0.04491930159513279,0.00031952261856354086,0.007538778618679959,-0.003013270505950327,0.0009307915232325099,-0.0027706443796388334,0.002981229264717939,0.03636002401618559,0.04491930159513279,0.00031952261856354086,0.007538778618679959,0.026148960812397773,0.034265867610256295,0.004444406052525603,0.013517636792618892,-0.0027080264999143743,0.005486835585958003,0.02853923523910611,0.035318244240429744,0.03636002401618559,0.04491930159513279,0.03636002401618559,0.04486866603525463,0.003723184938630198,0.011534734562873489,0.03037769479788323,0.03518535347385808,0.03037769479788323,0.03518535347385808,0.028550673007024227,0.05539800367380088,0.03902123735617163,0.021691528939092583,0.038838273519318414,0.01478551680074576,0.026148960812397773,0.03533334307186252,0.012133668615299468,0.021971173233278584,0.03636002401618559,0.04482470419367737,0.01195114704275389,0.023260076269973628,-0.003013270505950327,0.0009307915232325099,-0.0027706443796388334,0.002981229264717939,0.03636002401618559,0.04482470419367737,0.01195114704275389,0.023260076269973628,0.026148960812397773,0.0355288854300973,0.01568124184875584,0.026175851545311934,-0.0029222115027568844,0.008791155974936415,0.030563213808052575,0.03352595009296844,0.03636002401618559,0.04482470419367737,0.03564086556512649,0.03918934375149235,0.013383750767396015,0.026208263976368468,0.02401430287787057,0.028086806624684775,0.02401430287787057,0.028086806624684775
2024-11,-0.0375568863410542,-0.019231997321801586,-0.033534147423278295,-0.027597506934885316,-0.05906809270690097,-0.01865836556269611,-0.035151782557892454,-0.03702130535770255,-0.013273544962483851,-0.013829591891191461,-0.020394974687329374,-0.027906754689039373,-0.013726005636570605,-0.01875131090198669,-0.034372526372934385,-0.03830079537785864,-0.03348198777844429,-0.03568584689392789,-0.020394974687329374,-0.027906754689039373,-0.013726005636570605,-0.01875131090198669,-0.01737483663464561,-0.01802636721796128,-0.013273544962483851,-0.014542089235489093,-0.05619794184070901,-0.05789376907924846,-0.054332450920348066,-0.054809489330613456,-0.020394974687329374,-0.027906754689039373,-0.02381271774746417,-0.03081688640658106,-0.03357549891870897,-0.03575157724943648,-0.041279392713749974,-0.0452824241599553,-0.041279392713749974,-0.0452824241599553,-0.0375568863410542,-0.019231997321801586,-0.033534147423278295,-0.027597506934885316,-0.04875575610723722,-0.01865836556269611,-0.036572654326903486,-0.03941345993143688,-0.020199465956353437,-0.025538143721227327,-0.03769854899944316,-0.04209851650336746,-0.022667153655624054,-0.029807131804849396,-0.034372526372934385,-0.03830079537785864,-0.03348198777844429,-0.03568584689392789,-0.03769854899944316,-0.04209851650336746,-0.022667153655624054,-0.029807131804849396,-0.02510684518262145,-0.02990332167425425,-0.02452114926132006,-0.030465683526990077,-0.05517797755376622,-0.05535813977453186,-0.046744263248048215,-0.04811675462815565,-0.03769854899944316,-0.04209851650336746,-0.03831587947173759,-0.03897572067594453,-0.03219635688824314,-0.03499914188322675,-0.03914989547844938,-0.04456316763732155,-0.03914989547844938,-0.04456316763732155
2024-12,0.016857356906338605,0.00556502148955107,0.008332279763270157,0.012950339526167743,0.022739115670847656,0.0038989119675215235,0.005944065765845412,0.0015167273894399588,0.031719464142544576,0.030070764692819284,0.009715496472019478,0.006711716060889959,0.03522987269756202,0.03463774653208901,0.023003591332809763,0.020205183780551014,0.03007117466436673,0.02647922728106227,0.009715496472019478,0.006711716060889959,0.03522987269756202,0.03463774653208901,0.01882367767969459,0.01609369056159673,0.033888115507283254,0.031654286807134425,0.02395066780950987,0.02565443678504748,0.006197617061283606,0.00717451355905095,0.009715496472019478,0.006711716060889959,0.02141033223953177,0.018910592524823484,0.008664791716301525,0.008437499838244903,0.01446231693971209,0.014618309481525801,0.01446231693971209,0.014618309481525801,0.016857356906338605,0.00556502148955107,0.008332279763270157,0.012950339526167743,0.021486649150317366,0.0038989119675215235,0.007033202104128494,0.004059648645001811,0.02634502752118791,0.023368021236178517,0.011379096925572773,0.008332608256574366,0.030623129920772086,0.029252902273034717,0.023003591332809763,0.020205183780551014,0.03007117466436673,0.02647922728106227,0.011379096925572773,0.008332608256574366,0.030623129920772086,0.029252902273034717,0.01729208684503515,0.013642229482431557,0.02762884422101238,0.02474835650494269,0.023610778185875234,0.02303141461809277,0.01602580372376539,0.015866936697753874,0.011379096925572773,0.008332608256574366,0.020066252481133057,0.017389358285524077,0.012916614645213442,0.011023730809027852,0.013437278993658153,0.014143023188117285,0.013437278993658153,0.014143023188117285
2025-01,0.01871618539014902,0.005922281274021168,0.01763205729619917,0.01715872356660943,0.009246701776889351,0.022546928616124975,0.017608915045128893,0.018769604505475865,0.02271377595799756,0.023763278687581605,-0.005651141530085335,-0.005523360298583408,0.028025357108302007,0.029351997674508364,0.023744398512479184,0.02574543235738556,0.022107582452916642,0.02357188272566711,-0.005651141530085335,-0.005523360298583408,0.028025357108302007,0.029351997674508364,0.02798369044163534,0.029434406682538376,0.025979647684050446,0.02623632956691202,0.001573656832874161,0.002887737477015973,0.0006223618206321292,0.0016702810794946186,-0.005651141530085335,-0.005523360298583408,0.009918751049234098,0.01135904784739766,0.01886328462617613,0.023353459109132127,0.0030353754183260963,0.004203998211072691,0.0030353754183260963,0.004203998211072691,0.01871618539014902,0.005922281274021168,0.01763205729619917,0.01715872356660943,0.008585270483912182,0.022546928616124975,0.017589307201991637,0.018247246740214298,0.020834484873878324,0.0215791556303583,0.001745805586351783,0.004044662730488056,0.02314187048813572,0.023435000955141685,0.023744398512479184,0.02574543235738556,0.022107582452916642,0.02357188272566711,0.001745805586351783,0.004044662730488056,0.02314187048813572,0.023435000955141685,0.02321964336510245,0.02481338917268126,0.021506564275688256,0.022333749550032287,0.007829597543233941,0.009550052432223673,0.002519965352843224,0.004336630147637438,0.001745805586351783,0.004044662730488056,0.009902001415177148,0.011696905801452728,0.01849585602185525,0.02133236994127327,0.010936392467948627,0.014389445141034256,0.010936392467948627,0.014389445141034256
2025-02,-0.017615806185670862,-0.06215071828088503,-0.03655560437965535,-0.010188072060867548,0.00463595727250303,-0.00813630738170663,-0.01466536092000881,-0.012906305425185591,-0.03418402756532047,-0.031366392338062564,-0.01247030796826405,-0.012064628388300861,-0.034339498628839504,-0.031422033939562936,0.008841381520685691,0.0155674982403372,0.010059605442605223,0.013524396695031934,-0.01247030796826405,-0.012064628388300861,-0.034339498628839504,-0.031422033939562936,-0.03014450601697313,-0.028562333238927425,-0.05066588603292032,-0.04702375104084151,-0.036315634720399496,-0.029385035357879046,0.00011733871460250839,-0.0006311088485266032,-0.01247030796826405,-0.012064628388300861,0.004884031925808996,0.012183414525023292,-0.0617445248740779,-0.05674305325139732,-0.03517490388947248,-0.02225109763070158,-0.03517490388947248,-0.02225109763070158,-0.017615806185670862,-0.06215071828088503,-0.03655560437965535,-0.010188072060867548,0.00442731416122834,-0.00813630738170663,-0.01466536092000881,-0.01290641517950164,-0.017281088907252905,-0.01755775149487767,-0.01247600305139104,-0.012285753806059346,-0.01779886463421158,-0.018761258441934926,0.008841381520685691,0.0155674982403372,0.010059605442605223,0.013524396695031934,-0.01247600305139104,-0.012285753806059346,-0.01779886463421158,-0.018761258441934926,-0.02133913696732637,-0.02158229246158934,-0.026088618919612193,-0.026967128404726405,-0.0326526131796835,-0.027797695035938676,-0.02310547436242134,-0.02189112535340744,-0.01247600305139104,-0.012285753806059346,0.004884031925808996,0.012158897056801276,-0.03979077236160186,-0.03704397125171493,-0.03338192785257332,-0.02392748563177178,-0.03338192785257332,-0.02392748563177178
2025-03,-0.011693638258600987,0.0052381930563909496,-0.00414052465881043,-0.006466974557921318,-0.010063039384196082,-0.014462302784295413,0.0034490342552194516,0.00043840013521042996,0.0036527586542161265,0.0006572281199529403,-0.007539373091450541,-0.010086369334856156,-0.002476280467502053,-0.005119944334783997,-0.0030337018680741696,-0.003879823055208801,-0.004793808144395541,-0.003995341227233814,-0.007539373091450541,-0.010086369334856156,-0.002476280467502053,-0.005119944334783997,0.003582367588552785,0.0005617572854853489,0.0038037790623793918,0.0008001304046248943,-0.044854113528688636,-0.041932065330278184,-0.04273183836262929,-0.036285089307256754,-0.007539373091450541,-0.010086369334856156,-0.0017975211093191445,-0.005584054596735867,0.007610708515940634,0.003092723117432989,0.0014558762141572376,0.0004708844926493436,0.0014558762141572376,0.0004708844926493436,-0.011693638258600987,0.0052381930563909496,-0.00414052465881043,-0.006466974557921318,-0.010063039384196082,-0.014462302784295413,-0.005955904012746961,-0.009940981793937965,-0.006201955370715071,-0.009548491242440942,-0.007539373091450541,-0.010087614271944616,-0.007528650016343901,-0.01133704276356862,-0.0030337018680741696,-0.003879823055208801,-0.004793808144395541,-0.003995341227233814,-0.007539373091450541,-0.010087614271944616,-0.007528650016343901,-0.01133704276356862,-0.00346780773524361,-0.007469286765314426,-0.00040939777431555865,-0.003072470676613236,-0.020226108456298388,-0.019199614469734883,-0.016166189868777513,-0.014097897537660284,-0.007539373091450541,-0.010087614271944616,-0.011312828902727093,-0.014160255583458091,0.007844029768881109,0.003951710670154012,0.008416561065210939,0.006621606594425269,0.008416561065210939,0.006621606594425269
2025-04,0.02881309656831115,0.048878338836268576,0.01295915116311783,0.011888228993334107,0.031321851026223646,-0.01020777432601039,0.03264073690588561,0.031186649758269375,0.0257321440245553,0.01996138081708667,0.03302731235318892,0.024019219001194872,0.03297036278955818,0.03207023458650532,0.02419316230629376,0.013369088696470266,0.023517633336135033,0.013826722681594109,0.03302731235318892,0.024019219001194872,0.03297036278955818,0.03207023458650532,0.03424965651233466,0.030538191124993487,0.030705729319603484,0.025314291812102523,0.024874089786092828,0.018910553967897342,0.026639923946678735,0.019146536974931596,0.03302731235318892,0.024019219001194872,0.035178234505270314,0.031060030859282273,0.034365682388365154,0.026626948491727667,0.02577346944585946,0.02076825688149117,0.02577346944585946,0.02076825688149117,0.02881309656831115,0.048878338836268576,0.01295915116311783,0.011888228993334107,0.031321851026223646,-0.01020777432601039,0.04364957483742501,0.041094949151765855,0.032121872191924646,0.026928154863733074,0.036390881260283135,0.030212716441071555,0.037718233947761255,0.03480582291901988,0.02419316230629376,0.013369088696470266,0.023517633336135033,0.013826722681594109,0.036390881260283135,0.030212716441071555,0.037718233947761255,0.03480582291901988,0.0437846473216645,0.0392015443473663,0.036677036825456796,0.03220673302166201,0.0359559670976461,0.03203973161902881,0.03712344775326882,0.03268773831709444,0.036390881260283135,0.030212716441071555,0.04202407393065003,0.03731282914566619,0.040999930152533046,0.03556855112325733,0.036057921034985146,0.031042406035957468,0.036057921034985146,0.031042406035957468
2025-05,0.030568332693022206,0.05175949847582162,0.04591682491637909,0.020522737289578197,0.017197909123892186,0.020928180142440314,0.05043502785275825,0.044709679381644905,0.03986983199562729,0.03448928989749985,0.053969022796386094,0.05131985735113219,0.04239033111084427,0.03692293529963164,0.0426023260307381,0.03628393587939206,0.03583089676812413,0.032925681955771634,0.053969022796386094,0.05131985735113219,0.04239033111084427,0.03692293529963164,0.05395235612971943,0.05307880905195694,0.040273496177962956,0.03532520221133277,0.03861062104021426,0.03334510556712428,0.023837763730109377,0.021610859350788977,0.053969022796386094,0.05131985735113219,0.051229424470932095,0.04556907331409945,0.03635852469421673,0.028500242625783906,0.036308524694216734,0.028486211303556375,0.036308524694216734,0.028486211303556375,0.030568332693022206,0.05175949847582162,0.04591682491637909,0.020522737289578197,0.01985123914276043,0.020928180142440314,0.04882910272759874,0.044703569708153916,0.03882609851788833,0.03430498806707006,0.05010185985903715,0.04581640247893485,0.03966574758667097,0.034603451021036805,0.0426023260307381,0.03628393587939206,0.03583089676812413,0.032925681955771634,0.05010185985903715,0.04581640247893485,0.03966574758667097,0.034603451021036805,0.05169583324416848,0.049547067476340564,0.03869264977938705,0.0343512811196166,0.031631076560286533,0.029362892902951198,0.023663534503980056,0.021815898376670948,0.05010185985903715,0.04581640247893485,0.04976640107406767,0.044079800553886946,0.03833394681399352,0.03182388936972927,0.03565765353550958,0.028964175897596898,0.03565765353550958,0.028964175897596898
2025-06,0.006917584034977074,0.016126928120048456,0.008608210385657377,0.004863213402512165,0.016327691727287985,0.002162207322229426,0.018837829724006945,0.017245225544918818,0.019212432176050006,0.018355566260587406,0.018009387705177664,0.01755076079425758,0.024350891756833873,0.02604420875574997,0.013038002302776474,0.00948610463328123,0.010437911250512943,0.008033638332599678,0.018009387705177664,0.01755076079425758,0.024350891756833873,0.02604420875574997,0.01655076164673755,0.015073649199867686,0.021820194113370505,0.02115272005869132,0.004614400200025925,0.0033468532321146664,0.009368681194792356,0.007072153405564599,0.018009387705177664,0.01755076079425758,0.016843135795098732,0.015214957853807108,0.026989862844481172,0.02920734812647763,0.016350761646737547,0.014867944441366807,0.016350761646737547,0.014867944441366807,0.006917584034977074,0.016126928120048456,0.008608210385657377,0.004863213402512165,0.016327691727287985,0.002162207322229426,0.01869300213780005,0.017114287261706936,0.019049623368764323,0.017985934129662366,0.018335645455740308,0.018213955101097867,0.023338712947065937,0.02393288844863164,0.013038002302776474,0.00948610463328123,0.010437911250512943,0.008033638332599678,0.018335645455740308,0.018213955101097867,0.023338712947065937,0.02393288844863164,0.016553219961881006,0.015576972792560817,0.01901751070226487,0.01828801105816077,0.003950881084608005,0.003754196298935269,0.007285881429252535,0.006293748753932594,0.018335645455740308,0.018213955101097867,0.016811530443928163,0.015192641804380992,0.024789580401142305,0.024898606949457117,0.01839684748566092,0.01752684234572664,0.01839684748566092,0.01752684234572664
2025-07,0.021690475095598905,0.017882750807713732,0.0034000707020990003,0.014059210200410132,0.027109315512431707,0.00474967627147247,0.04523686232660373,0.04145380199228257,0.024436780227894188,0.019872171979849106,0.03869278595486422,0.03682557611104507,0.03786253558157285,0.02964113709154853,0.022723071317823966,0.014524782212958769,0.025203676183364346,0.01666828051286287,0.03869278595486422,0.03682557611104507,0.03786253558157285,0.02964113709154853,0.03144379971165752,0.02400592772739172,0.024085811830329706,0.01962444557516909,0.023510654717279224,0.016622901216987087,0.004018354071405758,0.007144613760470273,0.03869278595486422,0.03682557611104507,0.03144379971165752,0.024330344211443502,0.02866897068979402,0.022077835991082508,0.03784551961568289,0.031089688756000922,0.03784551961568289,0.031089688756000922,0.021690475095598905,0.017882750807713732,0.0034000707020990003,0.014059210200410132,0.027109315512431707,0.00474967627147247,0.04523686232660373,0.03999335632642005,0.0263969543250685,0.02240266345038345,0.04197746870704725,0.040001129389095474,0.03178759094072134,0.026625780987424724,0.022723071317823966,0.014524782212958769,0.025203676183364346,0.01666828051286287,0.04197746870704725,0.040001129389095474,0.03178759094072134,0.026625780987424724,0.03547419354705653,0.03328992442332199,0.026821837583122423,0.02312013739776415,0.029099573123468205,0.025747626516680645,0.016997310605993604,0.016926111767465543,0.04197746870704725,0.040001129389095474,0.03669119819226235,0.03615022756651585,0.025069823249514765,0.020303439723512753,0.035710006746758394,0.03154548494986506,0.035710006746758394,0.03154548494986506
2025-08,0.03573151554994268,0.043150742183237334,0.04518907335363691,0.026107708847110143,0.07940411036573708,0.020057580161619737,0.07377429227785025,0.06813793156627909,0.055499412912412505,0.04225701599098595,0.06863550938454432,0.06342833897732572,0.07016953180668371,0.06117645389865608,0.08627215457337273,0.07568400218046185,0.08147642810011049,0.07060351424727987,0.06863550938454432,0.06342833897732572,0.07016953180668371,0.06117645389865608,0.06833999048643878,0.06226337299377799,0.0702317488415659,0.0635150424226853,0.0999112797286336,0.09145281821212459,0.0794765758166823,0.07359669998632448,0.06863550938454432,0.06342833897732572,0.07799192464660598,0.07237663770778667,0.07976004459301737,0.06811301513448415,0.08184785759633818,0.07297426686344359,0.08184785759633818,0.07297426686344359,0.03573151554994268,0.043150742183237334,0.04518907335363691,0.026107708847110143,0.08134172372112336,0.020057580161619737,0.07674492797513686,0.0729459881821103,0.06350587934145545,0.05489852032445805,0.06846492587899913,0.0637332360451872,0.06929702823818694,0.0599916643115549,0.08627215457337273,0.07568400218046185,0.08147642810011049,0.07060351424727987,0.06846492587899913,0.0637332360451872,0.06929702823818694,0.0599916643115549,0.07073198450141967,0.06804545208332541,0.0717035149685907,0.06544989278852367,0.09922004198793649,0.08945401302196607,0.07158899571735623,0.06707448851862378,0.06846492587899913,0.0637332360451872,0.07602151270372552,0.07267772478629671,0.07434441682038342,0.06342965853814063,0.07959096486934455,0.07374481304356566,0.07959096486934455,0.07374481304356566
2025-09,0.011074812126935953,0.03392797461227737,0.0225647715696911,0.008232252609143204,0.03705952198864051,0.006687788047700894,0.03009937914389458,0.032344304748869325,0.004118148282513691,0.0036665898521686703,0.027801103487764142,0.03006926937614189,0.010078509553006354,0.009050730571708162,0.02349330657529332,0.02181037622666525,0.019696111488540512,0.02020624915161794,0.027801103487764142,0.03006926937614189,0.010078509553006354,0.009050730571708162,0.0022494905663720394,-0.0002919554802039786,0.014745180009184124,0.012739946464133633,0.04967202348565654,0.05122857912534923,0.04137465387290814,0.04324525064001758,0.027801103487764142,0.03006926937614189,0.010617432858690415,0.008425677393610694,0.010841664907884518,0.010733427039825183,0.012667806847117484,0.014462352173312269,0.012667806847117484,0.014462352173312269,0.011074812126935953,0.03392797461227737,0.0225647715696911,0.008232252609143204,0.03705952198864051,0.006687788047700894,0.03009937914389458,0.03235857750980987,0.00909099724290327,0.007746340699589743,0.027767151893546078,0.029962098871767442,0.016937176903236054,0.013795882367860314,0.02349330657529332,0.02181037622666525,0.019696111488540512,0.02020624915161794,0.027767151893546078,0.029962098871767442,0.016937176903236054,0.013795882367860314,0.007579564466053575,0.008776447396052458,0.020144920492198622,0.01921628315031232,0.04966492845901681,0.05024785082262815,0.038479195999374376,0.03883766346984783,0.027767151893546078,0.029962098871767442,0.014480896676633102,0.014395563514685893,0.020463237393019643,0.018060627336831052,0.021455729649863368,0.0214220463449163,0.021455729649863368,0.0214220463449163
2025-10,0.013984383017208932,-0.010004861380681684,-0.00802346123081763,0.008077095914355747,0.020996647596800408,0.0029288283636567766,0.0350525888551651,0.018759075698533318,0.013745978415250706,0.01656180639080289,0.025839795942943593,0.0064121721064169706,0.040642721585575296,0.027078897374880215,0.037583191057533986,0.017975586789706125,0.04407503620887319,0.02179488847530066,0.025839795942943593,0.0064121721064169706,0.040642721585575296,0.027078897374880215,0.032755157316430444,0.01651943788851362,-0.006156566063472389,-0.0024048288606261024,0.021196647596800407,0.0001515451208029643,0.020996647596800408,-6.250229118782573e-05,0.025839795942943593,0.0064121721064169706,0.048124793500541205,0.029840909498426018,0.03438831914102308,0.020145726578123826,0.03498789623793847,0.020492945723505823,0.03498789623793847,0.020492945723505823,0.013984383017208932,-0.010004861380681684,-0.00802346123081763,0.008077095914355747,0.020996647596800408,0.0029288283636567766,0.034341052028139606,0.02061970530869554,0.017244314585405218,0.01708494421779048,0.0239886187977334,0.007488342494659666,0.03742196704867561,0.026504746308727425,0.037583191057533986,0.017975586789706125,0.04407503620887319,0.02179488847530066,0.0239886187977334,0.007488342494659666,0.03742196704867561,0.026504746308727425,0.034894185996296734,0.021543854622119836,0.002911152865960443,0.003370064578034137,0.021196647596800407,0.00013466531187187705,0.0195570165135341,0.0017657245265808852,0.0239886187977334,0.007488342494659666,0.04810021366860843,0.033037328379964606,0.033564438431928,0.02192633450179162,0.038082571469097666,0.02581454809729386,0.038082571469097666,0.02581454809729386
2025-11,0.020344472514725546,0.013149901804612396,0.0028934012530156036,0.008978322119208033,0.08769410514208388,-0.00031290722268300123,0.07487308362872815,0.052819420537188376,0.05115064752573614,0.02039716521820412,0.07507308362872815,0.05309575014401643,0.0662326454196878,0.033838365515076595,0.06504832468088864,0.02820032763149586,0.061574795753569736,0.024566454105303358,0.07507308362872815,0.05309575014401643,0.0662326454196878,0.033838365515076595,0.07467308362872815,0.052636137818167,0.06624224510256586,0.03388842932980527,0.08189763849956463,0.06152728232065415,0.06691973222915133,0.03941334168122841,0.07507308362872815,0.05309575014401643,0.07168535018117711,0.04765757468039197,0.06411363868560642,0.031145598325809997,0.06411623972602258,0.03110927252207915,0.06411623972602258,0.03110927252207915,0.020344472514725546,0.013149901804612396,0.0028934012530156036,0.008978322119208033,0.08769410514208388,-0.00031290722268300123,0.0741880266909249,0.05088880336908854,0.034707004483742934,0.012451958054010661,0.07492308362872815,0.05289624216635705,0.06285745953219551,0.03329043889919249,0.06504832468088864,0.02820032763149586,0.061574795753569736,0.024566454105303358,0.07492308362872815,0.05289624216635705,0.06285745953219551,0.03329043889919249,0.07377829793089594,0.05350703669511409,0.044911604290841046,0.02256569861821307,0.08189763849956463,0.0614127186054098,0.07142457701191876,0.048513843192611684,0.07492308362872815,0.05289624216635705,0.07168535018117711,0.04816470431038776,0.061063175780927924,0.031151184372260943,0.0657293590652195,0.038326009856465344,0.0657293590652195,0.038326009856465344
2025-12,0.030385954668528285,0.005643794203586516,0.0031704399169795393,0.0175500690918552,0.050123894963657725,0.0008376979632649162,0.043037094226702856,0.03138954778013873,0.04452464272183987,0.04054449555634113,0.06518604683643471,0.06346661069087665,0.04454425056497713,0.040534696039462206,0.03818014635344512,0.023636675638960155,0.04062550341299241,0.024206156992620867,0.06518604683643471,0.06346661069087665,0.04454425056497713,0.040534696039462206,0.06518604683643471,0.06346661069087665,0.058334826349218695,0.049621760471975924,0.041613695233377525,0.029781613113523273,0.05223340892353304,0.03904764632276399,0.06518604683643471,0.06346661069087665,0.06518604683643471,0.06347852040431602,0.058334826349218695,0.04961290750820776,0.033899498088250414,0.019185063330254288,0.033899498088250414,0.019185063330254288,0.030385954668528285,0.005643794203586516,0.0031704399169795393,0.0175500690918552,0.050123894963657725,0.0008376979632649162,0.04304163968124831,0.032496003110817066,0.04567567920890762,0.041886104205787165,0.06518604683643471,0.05985714927669316,0.04160094451634939,0.03682099181776105,0.03818014635344512,0.023636675638960155,0.04062550341299241,0.024206156992620867,0.06518604683643471,0.05985714927669316,0.04160094451634939,0.03682099181776105,0.06516559639878497,0.06018031668210509,0.0539929118898563,0.04461070726211347,0.041613695233377525,0.03298220900871654,0.04828661321472512,0.03589507895222927,0.06518604683643471,0.05985714927669316,0.06518604683643471,0.06134273070109143,0.058298722337430664,0.045700468113527466,0.034111588412012304,0.024014164196069422,0.034111588412012304,0.024014164196069422
2026-01,0.0326964080545975,-0.015777721252587695,0.005514800751071804,0.01993291501265307,0.04803532841319125,0.013938737279545955,0.08616550467916952,0.08230587585295271,0.007266854673496087,0.01454855117030256,0.08616550467916952,0.0822154220716367,0.007266854673496087,0.01454855117030256,0.05371453751145781,0.03944932794698442,0.05635840324358696,0.038507364810865585,0.08616550467916952,0.0822154220716367,0.007266854673496087,0.01454855117030256,0.056066872074522656,0.03984090436349658,0.013632292802835868,0.008248199166221612,0.05861156876599343,0.04126423371824889,0.1024346052304161,0.08631892545043221,0.08616550467916952,0.0822154220716367,0.060768200336977475,0.04317759596068708,0.03499504811318404,0.03932971574844101,0.04185853650832074,0.034177359789596296,0.04185853650832074,0.034177359789596296,0.0326964080545975,-0.015777721252587695,0.005514800751071804,0.01993291501265307,0.04803532841319125,0.013938737279545955,0.08616550467916952,0.07507909272595843,0.03847612561648623,0.04166638497281524,0.08616550467916952,0.07526353331768151,0.030532774067390685,0.034651418418229274,0.05371453751145781,0.03944932794698442,0.05635840324358696,0.038507364810865585,0.08616550467916952,0.07526353331768151,0.030532774067390685,0.034651418418229274,0.056066872074522656,0.04330134454425707,0.036371583557715664,0.035236181677832296,0.05861156876599343,0.0411499012216472,0.08060845815455887,0.05946975547928579,0.08616550467916952,0.07526353331768151,0.060768200336977475,0.04581100341954541,0.05425896932542859,0.05535923350434682,0.04934402644288681,0.04389075365821299,0.04934402644288681,0.04389075365821299
2026-02,-0.036566787634927475,-0.03390923756583586,-0.03526112406158708,-0.023303722339743777,-0.08948633503658364,-0.01653438397118272,-0.0569121923170169,-0.029067340227095263,-0.03909330325576463,-0.04082320767658449,-0.029274565328763064,0.010548648722988115,-0.03909330325576463,-0.04082320767658449,-0.07815928322996064,-0.053645056914038175,-0.07971490953597138,-0.052504683387050076,-0.029274565328763064,0.010548648722988115,-0.03909330325576463,-0.04082320767658449,-0.056695779491192824,-0.02869191375856073,-0.023924742521860456,-0.02839358469456956,-0.07318894059217285,-0.05385285802619861,-0.06835531102778962,-0.045788342650990785,-0.029274565328763064,0.010548648722988115,-0.056495779491192825,-0.02839160682943325,-0.050250138961085454,-0.032853431805894964,-0.06579305559863423,-0.042524344999393025,-0.06579305559863423,-0.042524344999393025,-0.036566787634927475,-0.03390923756583586,-0.03526112406158708,-0.023303722339743777,-0.08948633503658364,-0.01653438397118272,-0.0569121923170169,-0.03091021396847987,-0.04101314591304624,-0.04118311048335535,-0.029274565328763064,-0.001571335060116708,-0.04146854862139254,-0.04017226504305797,-0.07815928322996064,-0.053645056914038175,-0.07971490953597138,-0.052504683387050076,-0.029274565328763064,-0.001571335060116708,-0.04146854862139254,-0.04017226504305797,-0.056695779491192824,-0.030005445967084463,-0.03575559306952337,-0.032101626346531596,-0.07318894059217285,-0.053902028693547654,-0.06637291476002681,-0.04418705666566689,-0.029274565328763064,-0.001571335060116708,-0.056495779491192825,-0.028429308136152152,-0.04392578905231336,-0.03270529619689667,-0.06244026916677448,-0.046457535787854644,-0.06244026916677448,-0.046457535787854644
2026-03,0.051675458791928926,0.10299735903250284,0.059645976744728914,0.0335368640695292,0.028242667014653923,0.00289783482366357,0.07778444553345157,0.10660699157214394,0.10168076551650565,0.09301532632358095,0.07758444553345158,0.10303168524225689,0.07081092644586073,0.06453705114700932,0.048543947971313256,0.058632392334051195,0.039527593589037326,0.05448426998492664,0.07758444553345158,0.10303168524225689,0.07081092644586073,0.06453705114700932,0.07680662052854059,0.10893175061808792,0.0925029338390247,0.08485495599165711,0.01022977256211788,0.018794023764208686,0.010429772562117879,0.017317724246485196,0.07758444553345158,0.10303168524225689,0.04537287363359338,0.06063376000925888,0.05248296042636609,0.07069155853851677,0.05557846598158417,0.06553426256053663,0.05557846598158417,0.06553426256053663,0.051675458791928926,0.10299735903250284,0.059645976744728914,0.0335368640695292,0.03183649142428789,0.00289783482366357,0.07778444553345157,0.0970978783053927,0.09311383405904392,0.08555276949384182,0.06522982048019199,0.08197686723597204,0.0701277405815334,0.06531606362689268,0.048543947971313256,0.058632392334051195,0.039527593589037326,0.05448426998492664,0.06522982048019199,0.08197686723597204,0.0701277405815334,0.06531606362689268,0.07680662052854059,0.10366552989316098,0.08066377441229765,0.0762634150988038,0.01102015494716943,0.02233653442913872,0.010391672334112324,0.03000762454344491,0.06522982048019199,0.08197686723597204,0.05076599261680159,0.07558573940464354,0.058446708190097126,0.06658862704426116,0.057915961535574684,0.0668049797709365,0.057915961535574684,0.0668049797709365
