Strategy,Objective,Model,month,Horizon Months,Return Column,Target Column,Selected Horizon Return,Universe Horizon Return,Active Horizon Return,Selected Target Rate,Monthly Turnover,Average Holdings,Diagnostic Type,Portfolio Diagnostic Caveat
benchmark_outperform_1m | ObjectiveSpecific[benchmark_outperform_1m][XGBoost light],benchmark_outperform_1m,ObjectiveSpecific[benchmark_outperform_1m][XGBoost light],2020-01,1,forward_1m_vs_benchmark_return,target_outperform_benchmark_next_1m,-0.00641682770063634,0.03133617022397593,-0.03775299792461227,0.3333333333333333,1.0,3.0,one_month_score_to_return,benchmark-relative active-return diagnostic; not a benchmark-relative optimizer
benchmark_outperform_1m | ObjectiveSpecific[benchmark_outperform_1m][XGBoost light],benchmark_outperform_1m,ObjectiveSpecific[benchmark_outperform_1m][XGBoost light],2020-02,1,forward_1m_vs_benchmark_return,target_outperform_benchmark_next_1m,-0.004564040469604236,0.022393414747409225,-0.02695745521701346,0.6666666666666666,1.3333333333333333,3.0,one_month_score_to_return,benchmark-relative active-return diagnostic; not a benchmark-relative optimizer
benchmark_outperform_1m | ObjectiveSpecific[benchmark_outperform_1m][XGBoost light],benchmark_outperform_1m,ObjectiveSpecific[benchmark_outperform_1m][XGBoost light],2020-03,1,forward_1m_vs_benchmark_return,target_outperform_benchmark_next_1m,0.04059939334861018,-0.03550292307825642,0.0761023164268666,0.6666666666666666,1.3333333333333333,3.0,one_month_score_to_return,benchmark-relative active-return diagnostic; not a benchmark-relative optimizer
benchmark_outperform_1m | ObjectiveSpecific[benchmark_outperform_1m][XGBoost light],benchmark_outperform_1m,ObjectiveSpecific[benchmark_outperform_1m][XGBoost light],2020-04,1,forward_1m_vs_benchmark_return,target_outperform_benchmark_next_1m,0.002550892335642171,-0.0158793410340884,0.01843023336973057,0.6666666666666666,0.0,3.0,one_month_score_to_return,benchmark-relative active-return diagnostic; not a benchmark-relative optimizer
benchmark_outperform_1m | ObjectiveSpecific[benchmark_outperform_1m][XGBoost light],benchmark_outperform_1m,ObjectiveSpecific[benchmark_outperform_1m][XGBoost light],2020-05,1,forward_1m_vs_benchmark_return,target_outperform_benchmark_next_1m,-0.015830652927301715,-0.0006214973857633588,-0.015209155541538356,0.3333333333333333,0.6666666666666666,3.0,one_month_score_to_return,benchmark-relative active-return diagnostic; not a benchmark-relative optimizer
benchmark_outperform_1m | ObjectiveSpecific[benchmark_outperform_1m][XGBoost light],benchmark_outperform_1m,ObjectiveSpecific[benchmark_outperform_1m][XGBoost light],2020-06,1,forward_1m_vs_benchmark_return,target_outperform_benchmark_next_1m,-0.05440370829272963,-0.01753678041166353,-0.036866927881066096,0.0,0.0,3.0,one_month_score_to_return,benchmark-relative active-return diagnostic; not a benchmark-relative optimizer
benchmark_outperform_1m | ObjectiveSpecific[benchmark_outperform_1m][XGBoost light],benchmark_outperform_1m,ObjectiveSpecific[benchmark_outperform_1m][XGBoost light],2020-07,1,forward_1m_vs_benchmark_return,target_outperform_benchmark_next_1m,-0.04494828717932168,-0.03934959506884729,-0.005598692110474389,0.0,0.0,3.0,one_month_score_to_return,benchmark-relative active-return diagnostic; not a benchmark-relative optimizer
benchmark_outperform_1m | ObjectiveSpecific[benchmark_outperform_1m][XGBoost light],benchmark_outperform_1m,ObjectiveSpecific[benchmark_outperform_1m][XGBoost light],2020-08,1,forward_1m_vs_benchmark_return,target_outperform_benchmark_next_1m,-0.025157988226193934,-0.0032288541175911623,-0.021929134108602772,0.6666666666666666,0.6666666666666666,3.0,one_month_score_to_return,benchmark-relative active-return diagnostic; not a benchmark-relative optimizer
benchmark_outperform_1m | ObjectiveSpecific[benchmark_outperform_1m][XGBoost light],benchmark_outperform_1m,ObjectiveSpecific[benchmark_outperform_1m][XGBoost light],2020-09,1,forward_1m_vs_benchmark_return,target_outperform_benchmark_next_1m,0.0177280507552926,0.012560754818217678,0.0051672959370749234,0.6666666666666666,0.6666666666666666,3.0,one_month_score_to_return,benchmark-relative active-return diagnostic; not a benchmark-relative optimizer
benchmark_outperform_1m | ObjectiveSpecific[benchmark_outperform_1m][XGBoost light],benchmark_outperform_1m,ObjectiveSpecific[benchmark_outperform_1m][XGBoost light],2020-10,1,forward_1m_vs_benchmark_return,target_outperform_benchmark_next_1m,0.11113782292193064,0.0002606665267982589,0.11087715639513238,1.0,0.6666666666666666,3.0,one_month_score_to_return,benchmark-relative active-return diagnostic; not a benchmark-relative optimizer
benchmark_outperform_1m | ObjectiveSpecific[benchmark_outperform_1m][XGBoost light],benchmark_outperform_1m,ObjectiveSpecific[benchmark_outperform_1m][XGBoost light],2020-11,1,forward_1m_vs_benchmark_return,target_outperform_benchmark_next_1m,0.02000860609079121,0.010563675981205212,0.009444930109585997,0.6666666666666666,0.6666666666666666,3.0,one_month_score_to_return,benchmark-relative active-return diagnostic; not a benchmark-relative optimizer
benchmark_outperform_1m | ObjectiveSpecific[benchmark_outperform_1m][XGBoost light],benchmark_outperform_1m,ObjectiveSpecific[benchmark_outperform_1m][XGBoost light],2020-12,1,forward_1m_vs_benchmark_return,target_outperform_benchmark_next_1m,0.009817684997013038,0.007033795673201426,0.0027838893238116124,0.6666666666666666,0.6666666666666666,3.0,one_month_score_to_return,benchmark-relative active-return diagnostic; not a benchmark-relative optimizer
benchmark_outperform_1m | ObjectiveSpecific[benchmark_outperform_1m][XGBoost light],benchmark_outperform_1m,ObjectiveSpecific[benchmark_outperform_1m][XGBoost light],2021-01,1,forward_1m_vs_benchmark_return,target_outperform_benchmark_next_1m,-0.04698213135230518,0.00196771063984712,-0.0489498419921523,0.0,0.6666666666666666,3.0,one_month_score_to_return,benchmark-relative active-return diagnostic; not a benchmark-relative optimizer
benchmark_outperform_1m | ObjectiveSpecific[benchmark_outperform_1m][XGBoost light],benchmark_outperform_1m,ObjectiveSpecific[benchmark_outperform_1m][XGBoost light],2021-02,1,forward_1m_vs_benchmark_return,target_outperform_benchmark_next_1m,-0.030617040609526303,-0.032269148942206824,0.0016521083326805214,0.0,1.3333333333333333,3.0,one_month_score_to_return,benchmark-relative active-return diagnostic; not a benchmark-relative optimizer
benchmark_outperform_1m | ObjectiveSpecific[benchmark_outperform_1m][XGBoost light],benchmark_outperform_1m,ObjectiveSpecific[benchmark_outperform_1m][XGBoost light],2021-03,1,forward_1m_vs_benchmark_return,target_outperform_benchmark_next_1m,-0.030093503373760155,-0.022275390614571212,-0.007818112759188943,0.0,0.6666666666666666,3.0,one_month_score_to_return,benchmark-relative active-return diagnostic; not a benchmark-relative optimizer
benchmark_outperform_1m | ObjectiveSpecific[benchmark_outperform_1m][XGBoost light],benchmark_outperform_1m,ObjectiveSpecific[benchmark_outperform_1m][XGBoost light],2021-04,1,forward_1m_vs_benchmark_return,target_outperform_benchmark_next_1m,0.02640488757397604,0.01770387108145205,0.00870101649252399,0.6666666666666666,0.0,3.0,one_month_score_to_return,benchmark-relative active-return diagnostic; not a benchmark-relative optimizer
benchmark_outperform_1m | ObjectiveSpecific[benchmark_outperform_1m][XGBoost light],benchmark_outperform_1m,ObjectiveSpecific[benchmark_outperform_1m][XGBoost light],2021-05,1,forward_1m_vs_benchmark_return,target_outperform_benchmark_next_1m,0.011926310413678051,-0.012255583078462551,0.024181893492140602,0.6666666666666666,1.9999999999999998,3.0,one_month_score_to_return,benchmark-relative active-return diagnostic; not a benchmark-relative optimizer
benchmark_outperform_1m | ObjectiveSpecific[benchmark_outperform_1m][XGBoost light],benchmark_outperform_1m,ObjectiveSpecific[benchmark_outperform_1m][XGBoost light],2021-06,1,forward_1m_vs_benchmark_return,target_outperform_benchmark_next_1m,-0.009281670695702588,-0.031206124362265275,0.021924453666562687,0.3333333333333333,1.3333333333333333,3.0,one_month_score_to_return,benchmark-relative active-return diagnostic; not a benchmark-relative optimizer
benchmark_outperform_1m | ObjectiveSpecific[benchmark_outperform_1m][XGBoost light],benchmark_outperform_1m,ObjectiveSpecific[benchmark_outperform_1m][XGBoost light],2021-07,1,forward_1m_vs_benchmark_return,target_outperform_benchmark_next_1m,-0.02408074112804596,-0.013964370925638948,-0.01011637020240701,0.0,1.9999999999999998,3.0,one_month_score_to_return,benchmark-relative active-return diagnostic; not a benchmark-relative optimizer
benchmark_outperform_1m | ObjectiveSpecific[benchmark_outperform_1m][XGBoost light],benchmark_outperform_1m,ObjectiveSpecific[benchmark_outperform_1m][XGBoost light],2021-08,1,forward_1m_vs_benchmark_return,target_outperform_benchmark_next_1m,0.011074362694105961,0.023683913535058988,-0.012609550840953027,0.6666666666666666,1.3333333333333333,3.0,one_month_score_to_return,benchmark-relative active-return diagnostic; not a benchmark-relative optimizer
benchmark_outperform_1m | ObjectiveSpecific[benchmark_outperform_1m][XGBoost light],benchmark_outperform_1m,ObjectiveSpecific[benchmark_outperform_1m][XGBoost light],2021-09,1,forward_1m_vs_benchmark_return,target_outperform_benchmark_next_1m,-0.002169707446177283,-0.024346915363157095,0.022177207916979812,0.6666666666666666,0.6666666666666666,3.0,one_month_score_to_return,benchmark-relative active-return diagnostic; not a benchmark-relative optimizer
benchmark_outperform_1m | ObjectiveSpecific[benchmark_outperform_1m][XGBoost light],benchmark_outperform_1m,ObjectiveSpecific[benchmark_outperform_1m][XGBoost light],2021-10,1,forward_1m_vs_benchmark_return,target_outperform_benchmark_next_1m,-0.020350110454779708,-0.012943878122373464,-0.007406232332406244,0.3333333333333333,1.9999999999999998,3.0,one_month_score_to_return,benchmark-relative active-return diagnostic; not a benchmark-relative optimizer
benchmark_outperform_1m | ObjectiveSpecific[benchmark_outperform_1m][XGBoost light],benchmark_outperform_1m,ObjectiveSpecific[benchmark_outperform_1m][XGBoost light],2021-11,1,forward_1m_vs_benchmark_return,target_outperform_benchmark_next_1m,-0.021770827729788923,-0.02599876445519559,0.004227936725406667,0.0,1.9999999999999998,3.0,one_month_score_to_return,benchmark-relative active-return diagnostic; not a benchmark-relative optimizer
benchmark_outperform_1m | ObjectiveSpecific[benchmark_outperform_1m][XGBoost light],benchmark_outperform_1m,ObjectiveSpecific[benchmark_outperform_1m][XGBoost light],2021-12,1,forward_1m_vs_benchmark_return,target_outperform_benchmark_next_1m,0.015391827127690863,0.03907461624306445,-0.02368278911537359,0.6666666666666666,1.3333333333333333,3.0,one_month_score_to_return,benchmark-relative active-return diagnostic; not a benchmark-relative optimizer
benchmark_outperform_1m | ObjectiveSpecific[benchmark_outperform_1m][XGBoost light],benchmark_outperform_1m,ObjectiveSpecific[benchmark_outperform_1m][XGBoost light],2022-01,1,forward_1m_vs_benchmark_return,target_outperform_benchmark_next_1m,-0.0012136403674721796,0.028422287237314714,-0.029635927604786894,0.3333333333333333,2.0,3.0,one_month_score_to_return,benchmark-relative active-return diagnostic; not a benchmark-relative optimizer
benchmark_outperform_1m | ObjectiveSpecific[benchmark_outperform_1m][XGBoost light],benchmark_outperform_1m,ObjectiveSpecific[benchmark_outperform_1m][XGBoost light],2022-02,1,forward_1m_vs_benchmark_return,target_outperform_benchmark_next_1m,-0.06759516891230458,-0.03586599059156407,-0.03172917832074051,0.0,0.6666666666666666,3.0,one_month_score_to_return,benchmark-relative active-return diagnostic; not a benchmark-relative optimizer
benchmark_outperform_1m | ObjectiveSpecific[benchmark_outperform_1m][XGBoost light],benchmark_outperform_1m,ObjectiveSpecific[benchmark_outperform_1m][XGBoost light],2022-03,1,forward_1m_vs_benchmark_return,target_outperform_benchmark_next_1m,0.038960517485406514,0.013382878751480842,0.02557763873392567,0.6666666666666666,1.9999999999999998,3.0,one_month_score_to_return,benchmark-relative active-return diagnostic; not a benchmark-relative optimizer
benchmark_outperform_1m | ObjectiveSpecific[benchmark_outperform_1m][XGBoost light],benchmark_outperform_1m,ObjectiveSpecific[benchmark_outperform_1m][XGBoost light],2022-04,1,forward_1m_vs_benchmark_return,target_outperform_benchmark_next_1m,-0.009326331020338936,0.01788095791349519,-0.027207288933834124,0.0,1.9999999999999998,3.0,one_month_score_to_return,benchmark-relative active-return diagnostic; not a benchmark-relative optimizer
benchmark_outperform_1m | ObjectiveSpecific[benchmark_outperform_1m][XGBoost light],benchmark_outperform_1m,ObjectiveSpecific[benchmark_outperform_1m][XGBoost light],2022-05,1,forward_1m_vs_benchmark_return,target_outperform_benchmark_next_1m,0.01598273870632616,0.012138673281936564,0.003844065424389597,0.3333333333333333,0.6666666666666666,3.0,one_month_score_to_return,benchmark-relative active-return diagnostic; not a benchmark-relative optimizer
benchmark_outperform_1m | ObjectiveSpecific[benchmark_outperform_1m][XGBoost light],benchmark_outperform_1m,ObjectiveSpecific[benchmark_outperform_1m][XGBoost light],2022-06,1,forward_1m_vs_benchmark_return,target_outperform_benchmark_next_1m,-0.016381179592630225,-0.033056193063750315,0.01667501347112009,0.6666666666666666,0.0,3.0,one_month_score_to_return,benchmark-relative active-return diagnostic; not a benchmark-relative optimizer
benchmark_outperform_1m | ObjectiveSpecific[benchmark_outperform_1m][XGBoost light],benchmark_outperform_1m,ObjectiveSpecific[benchmark_outperform_1m][XGBoost light],2022-07,1,forward_1m_vs_benchmark_return,target_outperform_benchmark_next_1m,-0.008414037487177544,0.0051557236419845776,-0.013569761129162122,0.3333333333333333,0.6666666666666666,3.0,one_month_score_to_return,benchmark-relative active-return diagnostic; not a benchmark-relative optimizer
benchmark_outperform_1m | ObjectiveSpecific[benchmark_outperform_1m][XGBoost light],benchmark_outperform_1m,ObjectiveSpecific[benchmark_outperform_1m][XGBoost light],2022-08,1,forward_1m_vs_benchmark_return,target_outperform_benchmark_next_1m,0.004267045566725894,0.014453647456911967,-0.010186601890186072,0.6666666666666666,0.0,3.0,one_month_score_to_return,benchmark-relative active-return diagnostic; not a benchmark-relative optimizer
benchmark_outperform_1m | ObjectiveSpecific[benchmark_outperform_1m][XGBoost light],benchmark_outperform_1m,ObjectiveSpecific[benchmark_outperform_1m][XGBoost light],2022-09,1,forward_1m_vs_benchmark_return,target_outperform_benchmark_next_1m,0.04607768012913316,-0.02452065353230872,0.07059833366144189,0.6666666666666666,0.6666666666666666,3.0,one_month_score_to_return,benchmark-relative active-return diagnostic; not a benchmark-relative optimizer
benchmark_outperform_1m | ObjectiveSpecific[benchmark_outperform_1m][XGBoost light],benchmark_outperform_1m,ObjectiveSpecific[benchmark_outperform_1m][XGBoost light],2022-10,1,forward_1m_vs_benchmark_return,target_outperform_benchmark_next_1m,0.0015203731897367081,0.012869829528433541,-0.011349456338696834,0.3333333333333333,0.6666666666666666,3.0,one_month_score_to_return,benchmark-relative active-return diagnostic; not a benchmark-relative optimizer
benchmark_outperform_1m | ObjectiveSpecific[benchmark_outperform_1m][XGBoost light],benchmark_outperform_1m,ObjectiveSpecific[benchmark_outperform_1m][XGBoost light],2022-11,1,forward_1m_vs_benchmark_return,target_outperform_benchmark_next_1m,-0.006962115283616973,0.023769146553936416,-0.03073126183755339,0.3333333333333333,0.6666666666666666,3.0,one_month_score_to_return,benchmark-relative active-return diagnostic; not a benchmark-relative optimizer
benchmark_outperform_1m | ObjectiveSpecific[benchmark_outperform_1m][XGBoost light],benchmark_outperform_1m,ObjectiveSpecific[benchmark_outperform_1m][XGBoost light],2022-12,1,forward_1m_vs_benchmark_return,target_outperform_benchmark_next_1m,0.025008564386708176,0.006416642811624418,0.01859192157508376,1.0,0.6666666666666666,3.0,one_month_score_to_return,benchmark-relative active-return diagnostic; not a benchmark-relative optimizer
benchmark_outperform_1m | ObjectiveSpecific[benchmark_outperform_1m][XGBoost light],benchmark_outperform_1m,ObjectiveSpecific[benchmark_outperform_1m][XGBoost light],2023-01,1,forward_1m_vs_benchmark_return,target_outperform_benchmark_next_1m,0.0046656951569977,-0.011101318737195064,0.015767013894192765,0.6666666666666666,0.6666666666666666,3.0,one_month_score_to_return,benchmark-relative active-return diagnostic; not a benchmark-relative optimizer
benchmark_outperform_1m | ObjectiveSpecific[benchmark_outperform_1m][XGBoost light],benchmark_outperform_1m,ObjectiveSpecific[benchmark_outperform_1m][XGBoost light],2023-02,1,forward_1m_vs_benchmark_return,target_outperform_benchmark_next_1m,-0.00595892332606107,-0.014783447794941462,0.008824524468880391,0.6666666666666666,0.6666666666666666,3.0,one_month_score_to_return,benchmark-relative active-return diagnostic; not a benchmark-relative optimizer
benchmark_outperform_1m | ObjectiveSpecific[benchmark_outperform_1m][XGBoost light],benchmark_outperform_1m,ObjectiveSpecific[benchmark_outperform_1m][XGBoost light],2023-03,1,forward_1m_vs_benchmark_return,target_outperform_benchmark_next_1m,-0.02880499773542592,-0.011793313480217116,-0.017011684255208805,0.0,0.6666666666666666,3.0,one_month_score_to_return,benchmark-relative active-return diagnostic; not a benchmark-relative optimizer
benchmark_outperform_1m | ObjectiveSpecific[benchmark_outperform_1m][XGBoost light],benchmark_outperform_1m,ObjectiveSpecific[benchmark_outperform_1m][XGBoost light],2023-04,1,forward_1m_vs_benchmark_return,target_outperform_benchmark_next_1m,-0.014483902902652553,-0.02057280951054028,0.006088906607887728,0.3333333333333333,0.6666666666666666,3.0,one_month_score_to_return,benchmark-relative active-return diagnostic; not a benchmark-relative optimizer
benchmark_outperform_1m | ObjectiveSpecific[benchmark_outperform_1m][XGBoost light],benchmark_outperform_1m,ObjectiveSpecific[benchmark_outperform_1m][XGBoost light],2023-05,1,forward_1m_vs_benchmark_return,target_outperform_benchmark_next_1m,-0.05860967451632774,-0.024440001652566056,-0.034169672863761685,0.0,1.3333333333333333,3.0,one_month_score_to_return,benchmark-relative active-return diagnostic; not a benchmark-relative optimizer
benchmark_outperform_1m | ObjectiveSpecific[benchmark_outperform_1m][XGBoost light],benchmark_outperform_1m,ObjectiveSpecific[benchmark_outperform_1m][XGBoost light],2023-06,1,forward_1m_vs_benchmark_return,target_outperform_benchmark_next_1m,-0.009139854845683654,-0.00422574774096589,-0.004914107104717764,0.3333333333333333,0.6666666666666666,3.0,one_month_score_to_return,benchmark-relative active-return diagnostic; not a benchmark-relative optimizer
benchmark_outperform_1m | ObjectiveSpecific[benchmark_outperform_1m][XGBoost light],benchmark_outperform_1m,ObjectiveSpecific[benchmark_outperform_1m][XGBoost light],2023-07,1,forward_1m_vs_benchmark_return,target_outperform_benchmark_next_1m,0.01649962475390624,-0.006595351247995396,0.023094976001901635,1.0,1.3333333333333333,3.0,one_month_score_to_return,benchmark-relative active-return diagnostic; not a benchmark-relative optimizer
benchmark_outperform_1m | ObjectiveSpecific[benchmark_outperform_1m][XGBoost light],benchmark_outperform_1m,ObjectiveSpecific[benchmark_outperform_1m][XGBoost light],2023-08,1,forward_1m_vs_benchmark_return,target_outperform_benchmark_next_1m,0.0006008044291633628,0.007258135037535219,-0.006657330608371856,0.3333333333333333,1.9999999999999998,3.0,one_month_score_to_return,benchmark-relative active-return diagnostic; not a benchmark-relative optimizer
benchmark_outperform_1m | ObjectiveSpecific[benchmark_outperform_1m][XGBoost light],benchmark_outperform_1m,ObjectiveSpecific[benchmark_outperform_1m][XGBoost light],2023-09,1,forward_1m_vs_benchmark_return,target_outperform_benchmark_next_1m,-0.01826616353670814,-0.002201282632030288,-0.016064880904677854,0.0,0.6666666666666666,3.0,one_month_score_to_return,benchmark-relative active-return diagnostic; not a benchmark-relative optimizer
benchmark_outperform_1m | ObjectiveSpecific[benchmark_outperform_1m][XGBoost light],benchmark_outperform_1m,ObjectiveSpecific[benchmark_outperform_1m][XGBoost light],2023-10,1,forward_1m_vs_benchmark_return,target_outperform_benchmark_next_1m,-0.03161461929482208,-0.01934109106259093,-0.01227352823223115,0.3333333333333333,1.3333333333333333,3.0,one_month_score_to_return,benchmark-relative active-return diagnostic; not a benchmark-relative optimizer
benchmark_outperform_1m | ObjectiveSpecific[benchmark_outperform_1m][XGBoost light],benchmark_outperform_1m,ObjectiveSpecific[benchmark_outperform_1m][XGBoost light],2023-11,1,forward_1m_vs_benchmark_return,target_outperform_benchmark_next_1m,-0.013509239031190315,0.006712072291699345,-0.020221311322889658,0.0,1.9999999999999998,3.0,one_month_score_to_return,benchmark-relative active-return diagnostic; not a benchmark-relative optimizer
benchmark_outperform_1m | ObjectiveSpecific[benchmark_outperform_1m][XGBoost light],benchmark_outperform_1m,ObjectiveSpecific[benchmark_outperform_1m][XGBoost light],2023-12,1,forward_1m_vs_benchmark_return,target_outperform_benchmark_next_1m,-0.04160219830094987,-0.023214125106761907,-0.018388073194187962,0.0,0.6666666666666666,3.0,one_month_score_to_return,benchmark-relative active-return diagnostic; not a benchmark-relative optimizer
benchmark_outperform_1m | ObjectiveSpecific[benchmark_outperform_1m][XGBoost light],benchmark_outperform_1m,ObjectiveSpecific[benchmark_outperform_1m][XGBoost light],2024-01,1,forward_1m_vs_benchmark_return,target_outperform_benchmark_next_1m,-0.008031882975699048,-0.025899008441818583,0.017867125466119536,0.3333333333333333,1.9999999999999998,3.0,one_month_score_to_return,benchmark-relative active-return diagnostic; not a benchmark-relative optimizer
benchmark_outperform_1m | ObjectiveSpecific[benchmark_outperform_1m][XGBoost light],benchmark_outperform_1m,ObjectiveSpecific[benchmark_outperform_1m][XGBoost light],2024-02,1,forward_1m_vs_benchmark_return,target_outperform_benchmark_next_1m,0.03475957382289008,0.005908240360692174,0.028851333462197905,0.6666666666666666,1.9999999999999998,3.0,one_month_score_to_return,benchmark-relative active-return diagnostic; not a benchmark-relative optimizer
benchmark_outperform_1m | ObjectiveSpecific[benchmark_outperform_1m][XGBoost light],benchmark_outperform_1m,ObjectiveSpecific[benchmark_outperform_1m][XGBoost light],2024-03,1,forward_1m_vs_benchmark_return,target_outperform_benchmark_next_1m,0.0336095494125268,0.012228564971541378,0.02138098444098542,0.6666666666666666,1.3333333333333333,3.0,one_month_score_to_return,benchmark-relative active-return diagnostic; not a benchmark-relative optimizer
benchmark_outperform_1m | ObjectiveSpecific[benchmark_outperform_1m][XGBoost light],benchmark_outperform_1m,ObjectiveSpecific[benchmark_outperform_1m][XGBoost light],2024-04,1,forward_1m_vs_benchmark_return,target_outperform_benchmark_next_1m,-0.015587348195545745,-0.01923693208204601,0.003649583886500265,0.0,0.6666666666666666,3.0,one_month_score_to_return,benchmark-relative active-return diagnostic; not a benchmark-relative optimizer
benchmark_outperform_1m | ObjectiveSpecific[benchmark_outperform_1m][XGBoost light],benchmark_outperform_1m,ObjectiveSpecific[benchmark_outperform_1m][XGBoost light],2024-05,1,forward_1m_vs_benchmark_return,target_outperform_benchmark_next_1m,-0.029867283003217428,-0.027378028510983476,-0.0024892544922339513,0.0,0.6666666666666666,3.0,one_month_score_to_return,benchmark-relative active-return diagnostic; not a benchmark-relative optimizer
benchmark_outperform_1m | ObjectiveSpecific[benchmark_outperform_1m][XGBoost light],benchmark_outperform_1m,ObjectiveSpecific[benchmark_outperform_1m][XGBoost light],2024-06,1,forward_1m_vs_benchmark_return,target_outperform_benchmark_next_1m,0.028684959319013194,0.01954106312652395,0.009143896192489245,0.6666666666666666,1.3333333333333333,3.0,one_month_score_to_return,benchmark-relative active-return diagnostic; not a benchmark-relative optimizer
benchmark_outperform_1m | ObjectiveSpecific[benchmark_outperform_1m][XGBoost light],benchmark_outperform_1m,ObjectiveSpecific[benchmark_outperform_1m][XGBoost light],2024-07,1,forward_1m_vs_benchmark_return,target_outperform_benchmark_next_1m,0.0015734402255562024,-0.004284417190004908,0.005857857415561111,0.3333333333333333,1.3333333333333333,3.0,one_month_score_to_return,benchmark-relative active-return diagnostic; not a benchmark-relative optimizer
benchmark_outperform_1m | ObjectiveSpecific[benchmark_outperform_1m][XGBoost light],benchmark_outperform_1m,ObjectiveSpecific[benchmark_outperform_1m][XGBoost light],2024-08,1,forward_1m_vs_benchmark_return,target_outperform_benchmark_next_1m,0.011945772056857096,-0.0038420343728073013,0.015787806429664396,0.6666666666666666,1.3333333333333333,3.0,one_month_score_to_return,benchmark-relative active-return diagnostic; not a benchmark-relative optimizer
benchmark_outperform_1m | ObjectiveSpecific[benchmark_outperform_1m][XGBoost light],benchmark_outperform_1m,ObjectiveSpecific[benchmark_outperform_1m][XGBoost light],2024-09,1,forward_1m_vs_benchmark_return,target_outperform_benchmark_next_1m,-0.011244340204900099,-0.00494225617225591,-0.006302084032644189,0.3333333333333333,0.6666666666666666,3.0,one_month_score_to_return,benchmark-relative active-return diagnostic; not a benchmark-relative optimizer
benchmark_outperform_1m | ObjectiveSpecific[benchmark_outperform_1m][XGBoost light],benchmark_outperform_1m,ObjectiveSpecific[benchmark_outperform_1m][XGBoost light],2024-10,1,forward_1m_vs_benchmark_return,target_outperform_benchmark_next_1m,-0.061639253687922814,-0.023371349336394776,-0.038267904351528034,0.0,1.9999999999999998,3.0,one_month_score_to_return,benchmark-relative active-return diagnostic; not a benchmark-relative optimizer
benchmark_outperform_1m | ObjectiveSpecific[benchmark_outperform_1m][XGBoost light],benchmark_outperform_1m,ObjectiveSpecific[benchmark_outperform_1m][XGBoost light],2024-11,1,forward_1m_vs_benchmark_return,target_outperform_benchmark_next_1m,0.007055050400723184,-0.015637106485766727,0.02269215688648991,1.0,0.6666666666666666,3.0,one_month_score_to_return,benchmark-relative active-return diagnostic; not a benchmark-relative optimizer
benchmark_outperform_1m | ObjectiveSpecific[benchmark_outperform_1m][XGBoost light],benchmark_outperform_1m,ObjectiveSpecific[benchmark_outperform_1m][XGBoost light],2024-12,1,forward_1m_vs_benchmark_return,target_outperform_benchmark_next_1m,-0.0033243971810128494,0.011702873535321201,-0.01502727071633405,0.3333333333333333,1.9999999999999998,3.0,one_month_score_to_return,benchmark-relative active-return diagnostic; not a benchmark-relative optimizer
benchmark_outperform_1m | ObjectiveSpecific[benchmark_outperform_1m][XGBoost light],benchmark_outperform_1m,ObjectiveSpecific[benchmark_outperform_1m][XGBoost light],2025-01,1,forward_1m_vs_benchmark_return,target_outperform_benchmark_next_1m,0.029466767258907216,0.016771693103579656,0.01269507415532756,0.6666666666666666,0.6666666666666666,3.0,one_month_score_to_return,benchmark-relative active-return diagnostic; not a benchmark-relative optimizer
benchmark_outperform_1m | ObjectiveSpecific[benchmark_outperform_1m][XGBoost light],benchmark_outperform_1m,ObjectiveSpecific[benchmark_outperform_1m][XGBoost light],2025-02,1,forward_1m_vs_benchmark_return,target_outperform_benchmark_next_1m,0.029675162960633397,0.04705797470717789,-0.01738281174654449,0.6666666666666666,0.6666666666666666,3.0,one_month_score_to_return,benchmark-relative active-return diagnostic; not a benchmark-relative optimizer
benchmark_outperform_1m | ObjectiveSpecific[benchmark_outperform_1m][XGBoost light],benchmark_outperform_1m,ObjectiveSpecific[benchmark_outperform_1m][XGBoost light],2025-03,1,forward_1m_vs_benchmark_return,target_outperform_benchmark_next_1m,0.0038735731553980485,-0.012843919595290066,0.016717492750688116,0.6666666666666666,0.6666666666666666,3.0,one_month_score_to_return,benchmark-relative active-return diagnostic; not a benchmark-relative optimizer
benchmark_outperform_1m | ObjectiveSpecific[benchmark_outperform_1m][XGBoost light],benchmark_outperform_1m,ObjectiveSpecific[benchmark_outperform_1m][XGBoost light],2025-04,1,forward_1m_vs_benchmark_return,target_outperform_benchmark_next_1m,-0.05462497284887469,-0.016931500017870173,-0.037693472831004514,0.0,0.6666666666666666,3.0,one_month_score_to_return,benchmark-relative active-return diagnostic; not a benchmark-relative optimizer
benchmark_outperform_1m | ObjectiveSpecific[benchmark_outperform_1m][XGBoost light],benchmark_outperform_1m,ObjectiveSpecific[benchmark_outperform_1m][XGBoost light],2025-05,1,forward_1m_vs_benchmark_return,target_outperform_benchmark_next_1m,-0.015062297028160233,-0.014617440536922344,-0.0004448564912378893,0.3333333333333333,2.0,3.0,one_month_score_to_return,benchmark-relative active-return diagnostic; not a benchmark-relative optimizer
benchmark_outperform_1m | ObjectiveSpecific[benchmark_outperform_1m][XGBoost light],benchmark_outperform_1m,ObjectiveSpecific[benchmark_outperform_1m][XGBoost light],2025-06,1,forward_1m_vs_benchmark_return,target_outperform_benchmark_next_1m,-0.00967630169062117,-0.012803482804720823,0.003127181114099653,0.3333333333333333,0.6666666666666666,3.0,one_month_score_to_return,benchmark-relative active-return diagnostic; not a benchmark-relative optimizer
benchmark_outperform_1m | ObjectiveSpecific[benchmark_outperform_1m][XGBoost light],benchmark_outperform_1m,ObjectiveSpecific[benchmark_outperform_1m][XGBoost light],2025-07,1,forward_1m_vs_benchmark_return,target_outperform_benchmark_next_1m,0.018678057425029888,0.00715169756416546,0.011526359860864428,0.6666666666666666,1.3333333333333333,3.0,one_month_score_to_return,benchmark-relative active-return diagnostic; not a benchmark-relative optimizer
benchmark_outperform_1m | ObjectiveSpecific[benchmark_outperform_1m][XGBoost light],benchmark_outperform_1m,ObjectiveSpecific[benchmark_outperform_1m][XGBoost light],2025-08,1,forward_1m_vs_benchmark_return,target_outperform_benchmark_next_1m,-0.0048253279665373405,0.00124477081089287,-0.006070098777430211,0.6666666666666666,1.3333333333333333,3.0,one_month_score_to_return,benchmark-relative active-return diagnostic; not a benchmark-relative optimizer
benchmark_outperform_1m | ObjectiveSpecific[benchmark_outperform_1m][XGBoost light],benchmark_outperform_1m,ObjectiveSpecific[benchmark_outperform_1m][XGBoost light],2025-09,1,forward_1m_vs_benchmark_return,target_outperform_benchmark_next_1m,-0.01314796118745017,-0.016143917238419857,0.002995956050969688,0.3333333333333333,1.3333333333333333,3.0,one_month_score_to_return,benchmark-relative active-return diagnostic; not a benchmark-relative optimizer
benchmark_outperform_1m | ObjectiveSpecific[benchmark_outperform_1m][XGBoost light],benchmark_outperform_1m,ObjectiveSpecific[benchmark_outperform_1m][XGBoost light],2025-10,1,forward_1m_vs_benchmark_return,target_outperform_benchmark_next_1m,0.012633702271543848,0.01320203914472472,-0.0005683368731808722,0.6666666666666666,0.6666666666666666,3.0,one_month_score_to_return,benchmark-relative active-return diagnostic; not a benchmark-relative optimizer
benchmark_outperform_1m | ObjectiveSpecific[benchmark_outperform_1m][XGBoost light],benchmark_outperform_1m,ObjectiveSpecific[benchmark_outperform_1m][XGBoost light],2025-11,1,forward_1m_vs_benchmark_return,target_outperform_benchmark_next_1m,0.013756789756123265,0.003942861765199579,0.009813927990923687,0.6666666666666666,1.3333333333333333,3.0,one_month_score_to_return,benchmark-relative active-return diagnostic; not a benchmark-relative optimizer
benchmark_outperform_1m | ObjectiveSpecific[benchmark_outperform_1m][XGBoost light],benchmark_outperform_1m,ObjectiveSpecific[benchmark_outperform_1m][XGBoost light],2025-12,1,forward_1m_vs_benchmark_return,target_outperform_benchmark_next_1m,0.03321192988615792,0.025068354683240056,0.008143575202917863,0.3333333333333333,1.9999999999999998,3.0,one_month_score_to_return,benchmark-relative active-return diagnostic; not a benchmark-relative optimizer
benchmark_outperform_1m | ObjectiveSpecific[benchmark_outperform_1m][XGBoost light],benchmark_outperform_1m,ObjectiveSpecific[benchmark_outperform_1m][XGBoost light],2026-01,1,forward_1m_vs_benchmark_return,target_outperform_benchmark_next_1m,0.08550556746651294,0.04511747673968486,0.040388090726828085,1.0,0.6666666666666666,3.0,one_month_score_to_return,benchmark-relative active-return diagnostic; not a benchmark-relative optimizer
benchmark_outperform_1m | ObjectiveSpecific[benchmark_outperform_1m][XGBoost light],benchmark_outperform_1m,ObjectiveSpecific[benchmark_outperform_1m][XGBoost light],2026-02,1,forward_1m_vs_benchmark_return,target_outperform_benchmark_next_1m,0.0013640944602018772,0.0007835705732760379,0.0005805238869258393,0.6666666666666666,1.9999999999999998,3.0,one_month_score_to_return,benchmark-relative active-return diagnostic; not a benchmark-relative optimizer
benchmark_outperform_1m | ObjectiveSpecific[benchmark_outperform_1m][XGBoost light],benchmark_outperform_1m,ObjectiveSpecific[benchmark_outperform_1m][XGBoost light],2026-03,1,forward_1m_vs_benchmark_return,target_outperform_benchmark_next_1m,-0.07657523117582879,-0.05033212269387087,-0.02624310848195792,0.3333333333333333,1.3333333333333333,3.0,one_month_score_to_return,benchmark-relative active-return diagnostic; not a benchmark-relative optimizer
benchmark_outperform_1m | ObjectiveSpecific[benchmark_outperform_1m][XGBoost light] Calibration Base,benchmark_outperform_1m,ObjectiveSpecific[benchmark_outperform_1m][XGBoost light] Calibration Base,2020-01,1,forward_1m_vs_benchmark_return,target_outperform_benchmark_next_1m,-0.03364911095221686,0.03133617022397593,-0.06498528117619279,0.0,1.0,3.0,one_month_score_to_return,benchmark-relative active-return diagnostic; not a benchmark-relative optimizer
benchmark_outperform_1m | ObjectiveSpecific[benchmark_outperform_1m][XGBoost light] Calibration Base,benchmark_outperform_1m,ObjectiveSpecific[benchmark_outperform_1m][XGBoost light] Calibration Base,2020-02,1,forward_1m_vs_benchmark_return,target_outperform_benchmark_next_1m,-0.004564040469604236,0.022393414747409225,-0.02695745521701346,0.6666666666666666,1.3333333333333333,3.0,one_month_score_to_return,benchmark-relative active-return diagnostic; not a benchmark-relative optimizer
benchmark_outperform_1m | ObjectiveSpecific[benchmark_outperform_1m][XGBoost light] Calibration Base,benchmark_outperform_1m,ObjectiveSpecific[benchmark_outperform_1m][XGBoost light] Calibration Base,2020-03,1,forward_1m_vs_benchmark_return,target_outperform_benchmark_next_1m,-0.029150693709407184,-0.03550292307825642,0.006352229368849237,0.3333333333333333,1.3333333333333333,3.0,one_month_score_to_return,benchmark-relative active-return diagnostic; not a benchmark-relative optimizer
benchmark_outperform_1m | ObjectiveSpecific[benchmark_outperform_1m][XGBoost light] Calibration Base,benchmark_outperform_1m,ObjectiveSpecific[benchmark_outperform_1m][XGBoost light] Calibration Base,2020-04,1,forward_1m_vs_benchmark_return,target_outperform_benchmark_next_1m,-0.00044770148620158247,-0.0158793410340884,0.015431639547886818,0.3333333333333333,0.6666666666666666,3.0,one_month_score_to_return,benchmark-relative active-return diagnostic; not a benchmark-relative optimizer
benchmark_outperform_1m | ObjectiveSpecific[benchmark_outperform_1m][XGBoost light] Calibration Base,benchmark_outperform_1m,ObjectiveSpecific[benchmark_outperform_1m][XGBoost light] Calibration Base,2020-05,1,forward_1m_vs_benchmark_return,target_outperform_benchmark_next_1m,-0.01239318463853848,-0.0006214973857633588,-0.011771687252775121,0.3333333333333333,0.6666666666666666,3.0,one_month_score_to_return,benchmark-relative active-return diagnostic; not a benchmark-relative optimizer
benchmark_outperform_1m | ObjectiveSpecific[benchmark_outperform_1m][XGBoost light] Calibration Base,benchmark_outperform_1m,ObjectiveSpecific[benchmark_outperform_1m][XGBoost light] Calibration Base,2020-06,1,forward_1m_vs_benchmark_return,target_outperform_benchmark_next_1m,-0.05440370829272963,-0.01753678041166353,-0.036866927881066096,0.0,0.6666666666666666,3.0,one_month_score_to_return,benchmark-relative active-return diagnostic; not a benchmark-relative optimizer
benchmark_outperform_1m | ObjectiveSpecific[benchmark_outperform_1m][XGBoost light] Calibration Base,benchmark_outperform_1m,ObjectiveSpecific[benchmark_outperform_1m][XGBoost light] Calibration Base,2020-07,1,forward_1m_vs_benchmark_return,target_outperform_benchmark_next_1m,-0.04494828717932168,-0.03934959506884729,-0.005598692110474389,0.0,0.0,3.0,one_month_score_to_return,benchmark-relative active-return diagnostic; not a benchmark-relative optimizer
benchmark_outperform_1m | ObjectiveSpecific[benchmark_outperform_1m][XGBoost light] Calibration Base,benchmark_outperform_1m,ObjectiveSpecific[benchmark_outperform_1m][XGBoost light] Calibration Base,2020-08,1,forward_1m_vs_benchmark_return,target_outperform_benchmark_next_1m,-0.04181061707525243,-0.0032288541175911623,-0.03858176295766127,0.3333333333333333,0.6666666666666666,3.0,one_month_score_to_return,benchmark-relative active-return diagnostic; not a benchmark-relative optimizer
benchmark_outperform_1m | ObjectiveSpecific[benchmark_outperform_1m][XGBoost light] Calibration Base,benchmark_outperform_1m,ObjectiveSpecific[benchmark_outperform_1m][XGBoost light] Calibration Base,2020-09,1,forward_1m_vs_benchmark_return,target_outperform_benchmark_next_1m,0.0177280507552926,0.012560754818217678,0.0051672959370749234,0.6666666666666666,1.3333333333333333,3.0,one_month_score_to_return,benchmark-relative active-return diagnostic; not a benchmark-relative optimizer
benchmark_outperform_1m | ObjectiveSpecific[benchmark_outperform_1m][XGBoost light] Calibration Base,benchmark_outperform_1m,ObjectiveSpecific[benchmark_outperform_1m][XGBoost light] Calibration Base,2020-10,1,forward_1m_vs_benchmark_return,target_outperform_benchmark_next_1m,0.11113782292193064,0.0002606665267982589,0.11087715639513238,1.0,0.6666666666666666,3.0,one_month_score_to_return,benchmark-relative active-return diagnostic; not a benchmark-relative optimizer
benchmark_outperform_1m | ObjectiveSpecific[benchmark_outperform_1m][XGBoost light] Calibration Base,benchmark_outperform_1m,ObjectiveSpecific[benchmark_outperform_1m][XGBoost light] Calibration Base,2020-11,1,forward_1m_vs_benchmark_return,target_outperform_benchmark_next_1m,0.001264883963225399,0.010563675981205212,-0.009298792017979814,0.3333333333333333,0.6666666666666666,3.0,one_month_score_to_return,benchmark-relative active-return diagnostic; not a benchmark-relative optimizer
benchmark_outperform_1m | ObjectiveSpecific[benchmark_outperform_1m][XGBoost light] Calibration Base,benchmark_outperform_1m,ObjectiveSpecific[benchmark_outperform_1m][XGBoost light] Calibration Base,2020-12,1,forward_1m_vs_benchmark_return,target_outperform_benchmark_next_1m,0.003769878220441095,0.007033795673201426,-0.003263917452760331,0.3333333333333333,0.6666666666666666,3.0,one_month_score_to_return,benchmark-relative active-return diagnostic; not a benchmark-relative optimizer
benchmark_outperform_1m | ObjectiveSpecific[benchmark_outperform_1m][XGBoost light] Calibration Base,benchmark_outperform_1m,ObjectiveSpecific[benchmark_outperform_1m][XGBoost light] Calibration Base,2021-01,1,forward_1m_vs_benchmark_return,target_outperform_benchmark_next_1m,-0.028601366757142085,0.00196771063984712,-0.030569077396989205,0.3333333333333333,1.3333333333333333,3.0,one_month_score_to_return,benchmark-relative active-return diagnostic; not a benchmark-relative optimizer
benchmark_outperform_1m | ObjectiveSpecific[benchmark_outperform_1m][XGBoost light] Calibration Base,benchmark_outperform_1m,ObjectiveSpecific[benchmark_outperform_1m][XGBoost light] Calibration Base,2021-02,1,forward_1m_vs_benchmark_return,target_outperform_benchmark_next_1m,-0.03926677474003726,-0.032269148942206824,-0.006997625797830434,0.0,0.6666666666666666,3.0,one_month_score_to_return,benchmark-relative active-return diagnostic; not a benchmark-relative optimizer
benchmark_outperform_1m | ObjectiveSpecific[benchmark_outperform_1m][XGBoost light] Calibration Base,benchmark_outperform_1m,ObjectiveSpecific[benchmark_outperform_1m][XGBoost light] Calibration Base,2021-03,1,forward_1m_vs_benchmark_return,target_outperform_benchmark_next_1m,-0.03580170557339557,-0.022275390614571212,-0.013526314958824358,0.0,0.6666666666666666,3.0,one_month_score_to_return,benchmark-relative active-return diagnostic; not a benchmark-relative optimizer
benchmark_outperform_1m | ObjectiveSpecific[benchmark_outperform_1m][XGBoost light] Calibration Base,benchmark_outperform_1m,ObjectiveSpecific[benchmark_outperform_1m][XGBoost light] Calibration Base,2021-04,1,forward_1m_vs_benchmark_return,target_outperform_benchmark_next_1m,0.04821261892507245,0.01770387108145205,0.0305087478436204,1.0,1.3333333333333333,3.0,one_month_score_to_return,benchmark-relative active-return diagnostic; not a benchmark-relative optimizer
benchmark_outperform_1m | ObjectiveSpecific[benchmark_outperform_1m][XGBoost light] Calibration Base,benchmark_outperform_1m,ObjectiveSpecific[benchmark_outperform_1m][XGBoost light] Calibration Base,2021-05,1,forward_1m_vs_benchmark_return,target_outperform_benchmark_next_1m,-0.003443632152742829,-0.012255583078462551,0.008811950925719722,0.3333333333333333,1.9999999999999998,3.0,one_month_score_to_return,benchmark-relative active-return diagnostic; not a benchmark-relative optimizer
benchmark_outperform_1m | ObjectiveSpecific[benchmark_outperform_1m][XGBoost light] Calibration Base,benchmark_outperform_1m,ObjectiveSpecific[benchmark_outperform_1m][XGBoost light] Calibration Base,2021-06,1,forward_1m_vs_benchmark_return,target_outperform_benchmark_next_1m,-0.003077083597072816,-0.031206124362265275,0.02812904076519246,0.3333333333333333,1.3333333333333333,3.0,one_month_score_to_return,benchmark-relative active-return diagnostic; not a benchmark-relative optimizer
benchmark_outperform_1m | ObjectiveSpecific[benchmark_outperform_1m][XGBoost light] Calibration Base,benchmark_outperform_1m,ObjectiveSpecific[benchmark_outperform_1m][XGBoost light] Calibration Base,2021-07,1,forward_1m_vs_benchmark_return,target_outperform_benchmark_next_1m,-0.0221144893217479,-0.013964370925638948,-0.008150118396108953,0.0,0.6666666666666666,3.0,one_month_score_to_return,benchmark-relative active-return diagnostic; not a benchmark-relative optimizer
benchmark_outperform_1m | ObjectiveSpecific[benchmark_outperform_1m][XGBoost light] Calibration Base,benchmark_outperform_1m,ObjectiveSpecific[benchmark_outperform_1m][XGBoost light] Calibration Base,2021-08,1,forward_1m_vs_benchmark_return,target_outperform_benchmark_next_1m,0.015109790015152816,0.023683913535058988,-0.008574123519906171,0.6666666666666666,0.6666666666666666,3.0,one_month_score_to_return,benchmark-relative active-return diagnostic; not a benchmark-relative optimizer
benchmark_outperform_1m | ObjectiveSpecific[benchmark_outperform_1m][XGBoost light] Calibration Base,benchmark_outperform_1m,ObjectiveSpecific[benchmark_outperform_1m][XGBoost light] Calibration Base,2021-09,1,forward_1m_vs_benchmark_return,target_outperform_benchmark_next_1m,-0.015774408924497624,-0.024346915363157095,0.00857250643865947,0.3333333333333333,1.9999999999999998,3.0,one_month_score_to_return,benchmark-relative active-return diagnostic; not a benchmark-relative optimizer
benchmark_outperform_1m | ObjectiveSpecific[benchmark_outperform_1m][XGBoost light] Calibration Base,benchmark_outperform_1m,ObjectiveSpecific[benchmark_outperform_1m][XGBoost light] Calibration Base,2021-10,1,forward_1m_vs_benchmark_return,target_outperform_benchmark_next_1m,-0.000962945591662618,-0.012943878122373464,0.011980932530710846,0.6666666666666666,1.3333333333333333,3.0,one_month_score_to_return,benchmark-relative active-return diagnostic; not a benchmark-relative optimizer
benchmark_outperform_1m | ObjectiveSpecific[benchmark_outperform_1m][XGBoost light] Calibration Base,benchmark_outperform_1m,ObjectiveSpecific[benchmark_outperform_1m][XGBoost light] Calibration Base,2021-11,1,forward_1m_vs_benchmark_return,target_outperform_benchmark_next_1m,-0.01757112465939333,-0.02599876445519559,0.008427639795802262,0.3333333333333333,1.3333333333333333,3.0,one_month_score_to_return,benchmark-relative active-return diagnostic; not a benchmark-relative optimizer
benchmark_outperform_1m | ObjectiveSpecific[benchmark_outperform_1m][XGBoost light] Calibration Base,benchmark_outperform_1m,ObjectiveSpecific[benchmark_outperform_1m][XGBoost light] Calibration Base,2021-12,1,forward_1m_vs_benchmark_return,target_outperform_benchmark_next_1m,0.027698451957161547,0.03907461624306445,-0.011376164285902903,1.0,1.3333333333333333,3.0,one_month_score_to_return,benchmark-relative active-return diagnostic; not a benchmark-relative optimizer
benchmark_outperform_1m | ObjectiveSpecific[benchmark_outperform_1m][XGBoost light] Calibration Base,benchmark_outperform_1m,ObjectiveSpecific[benchmark_outperform_1m][XGBoost light] Calibration Base,2022-01,1,forward_1m_vs_benchmark_return,target_outperform_benchmark_next_1m,0.03659572604444983,0.028422287237314714,0.008173438807135114,0.6666666666666666,0.6666666666666666,3.0,one_month_score_to_return,benchmark-relative active-return diagnostic; not a benchmark-relative optimizer
benchmark_outperform_1m | ObjectiveSpecific[benchmark_outperform_1m][XGBoost light] Calibration Base,benchmark_outperform_1m,ObjectiveSpecific[benchmark_outperform_1m][XGBoost light] Calibration Base,2022-02,1,forward_1m_vs_benchmark_return,target_outperform_benchmark_next_1m,-0.08667526592807202,-0.03586599059156407,-0.050809275336507954,0.0,0.6666666666666666,3.0,one_month_score_to_return,benchmark-relative active-return diagnostic; not a benchmark-relative optimizer
benchmark_outperform_1m | ObjectiveSpecific[benchmark_outperform_1m][XGBoost light] Calibration Base,benchmark_outperform_1m,ObjectiveSpecific[benchmark_outperform_1m][XGBoost light] Calibration Base,2022-03,1,forward_1m_vs_benchmark_return,target_outperform_benchmark_next_1m,0.060089451794441875,0.013382878751480842,0.04670657304296103,1.0,0.6666666666666666,3.0,one_month_score_to_return,benchmark-relative active-return diagnostic; not a benchmark-relative optimizer
benchmark_outperform_1m | ObjectiveSpecific[benchmark_outperform_1m][XGBoost light] Calibration Base,benchmark_outperform_1m,ObjectiveSpecific[benchmark_outperform_1m][XGBoost light] Calibration Base,2022-04,1,forward_1m_vs_benchmark_return,target_outperform_benchmark_next_1m,-0.00949979791903936,0.01788095791349519,-0.027380755832534548,0.0,1.3333333333333333,3.0,one_month_score_to_return,benchmark-relative active-return diagnostic; not a benchmark-relative optimizer
benchmark_outperform_1m | ObjectiveSpecific[benchmark_outperform_1m][XGBoost light] Calibration Base,benchmark_outperform_1m,ObjectiveSpecific[benchmark_outperform_1m][XGBoost light] Calibration Base,2022-05,1,forward_1m_vs_benchmark_return,target_outperform_benchmark_next_1m,0.04668339704521333,0.012138673281936564,0.03454472376327676,0.6666666666666666,0.0,3.0,one_month_score_to_return,benchmark-relative active-return diagnostic; not a benchmark-relative optimizer
benchmark_outperform_1m | ObjectiveSpecific[benchmark_outperform_1m][XGBoost light] Calibration Base,benchmark_outperform_1m,ObjectiveSpecific[benchmark_outperform_1m][XGBoost light] Calibration Base,2022-06,1,forward_1m_vs_benchmark_return,target_outperform_benchmark_next_1m,-0.04177817449967377,-0.033056193063750315,-0.008721981435923454,0.3333333333333333,1.3333333333333333,3.0,one_month_score_to_return,benchmark-relative active-return diagnostic; not a benchmark-relative optimizer
benchmark_outperform_1m | ObjectiveSpecific[benchmark_outperform_1m][XGBoost light] Calibration Base,benchmark_outperform_1m,ObjectiveSpecific[benchmark_outperform_1m][XGBoost light] Calibration Base,2022-07,1,forward_1m_vs_benchmark_return,target_outperform_benchmark_next_1m,-0.006321049299131576,0.0051557236419845776,-0.011476772941116153,0.3333333333333333,1.3333333333333333,3.0,one_month_score_to_return,benchmark-relative active-return diagnostic; not a benchmark-relative optimizer
benchmark_outperform_1m | ObjectiveSpecific[benchmark_outperform_1m][XGBoost light] Calibration Base,benchmark_outperform_1m,ObjectiveSpecific[benchmark_outperform_1m][XGBoost light] Calibration Base,2022-08,1,forward_1m_vs_benchmark_return,target_outperform_benchmark_next_1m,0.02419106412204245,0.014453647456911967,0.009737416665130484,1.0,0.0,3.0,one_month_score_to_return,benchmark-relative active-return diagnostic; not a benchmark-relative optimizer
benchmark_outperform_1m | ObjectiveSpecific[benchmark_outperform_1m][XGBoost light] Calibration Base,benchmark_outperform_1m,ObjectiveSpecific[benchmark_outperform_1m][XGBoost light] Calibration Base,2022-09,1,forward_1m_vs_benchmark_return,target_outperform_benchmark_next_1m,-0.034786339067294114,-0.02452065353230872,-0.010265685534985393,0.3333333333333333,0.6666666666666666,3.0,one_month_score_to_return,benchmark-relative active-return diagnostic; not a benchmark-relative optimizer
benchmark_outperform_1m | ObjectiveSpecific[benchmark_outperform_1m][XGBoost light] Calibration Base,benchmark_outperform_1m,ObjectiveSpecific[benchmark_outperform_1m][XGBoost light] Calibration Base,2022-10,1,forward_1m_vs_benchmark_return,target_outperform_benchmark_next_1m,0.007677087495548591,0.012869829528433541,-0.00519274203288495,0.6666666666666666,1.3333333333333333,3.0,one_month_score_to_return,benchmark-relative active-return diagnostic; not a benchmark-relative optimizer
benchmark_outperform_1m | ObjectiveSpecific[benchmark_outperform_1m][XGBoost light] Calibration Base,benchmark_outperform_1m,ObjectiveSpecific[benchmark_outperform_1m][XGBoost light] Calibration Base,2022-11,1,forward_1m_vs_benchmark_return,target_outperform_benchmark_next_1m,0.0200357211818879,0.023769146553936416,-0.0037334253720485155,0.6666666666666666,2.0,3.0,one_month_score_to_return,benchmark-relative active-return diagnostic; not a benchmark-relative optimizer
benchmark_outperform_1m | ObjectiveSpecific[benchmark_outperform_1m][XGBoost light] Calibration Base,benchmark_outperform_1m,ObjectiveSpecific[benchmark_outperform_1m][XGBoost light] Calibration Base,2022-12,1,forward_1m_vs_benchmark_return,target_outperform_benchmark_next_1m,0.0016537803272199292,0.006416642811624418,-0.004762862484404488,0.6666666666666666,1.3333333333333333,3.0,one_month_score_to_return,benchmark-relative active-return diagnostic; not a benchmark-relative optimizer
benchmark_outperform_1m | ObjectiveSpecific[benchmark_outperform_1m][XGBoost light] Calibration Base,benchmark_outperform_1m,ObjectiveSpecific[benchmark_outperform_1m][XGBoost light] Calibration Base,2023-01,1,forward_1m_vs_benchmark_return,target_outperform_benchmark_next_1m,-0.014120939224320376,-0.011101318737195064,-0.003019620487125311,0.3333333333333333,0.0,3.0,one_month_score_to_return,benchmark-relative active-return diagnostic; not a benchmark-relative optimizer
benchmark_outperform_1m | ObjectiveSpecific[benchmark_outperform_1m][XGBoost light] Calibration Base,benchmark_outperform_1m,ObjectiveSpecific[benchmark_outperform_1m][XGBoost light] Calibration Base,2023-02,1,forward_1m_vs_benchmark_return,target_outperform_benchmark_next_1m,-0.021971665413855312,-0.014783447794941462,-0.007188217618913851,0.6666666666666666,0.0,3.0,one_month_score_to_return,benchmark-relative active-return diagnostic; not a benchmark-relative optimizer
benchmark_outperform_1m | ObjectiveSpecific[benchmark_outperform_1m][XGBoost light] Calibration Base,benchmark_outperform_1m,ObjectiveSpecific[benchmark_outperform_1m][XGBoost light] Calibration Base,2023-03,1,forward_1m_vs_benchmark_return,target_outperform_benchmark_next_1m,-0.017745475590351223,-0.011793313480217116,-0.005952162110134107,0.0,0.6666666666666666,3.0,one_month_score_to_return,benchmark-relative active-return diagnostic; not a benchmark-relative optimizer
benchmark_outperform_1m | ObjectiveSpecific[benchmark_outperform_1m][XGBoost light] Calibration Base,benchmark_outperform_1m,ObjectiveSpecific[benchmark_outperform_1m][XGBoost light] Calibration Base,2023-04,1,forward_1m_vs_benchmark_return,target_outperform_benchmark_next_1m,-0.020089939928636797,-0.02057280951054028,0.0004828695819034841,0.0,0.6666666666666666,3.0,one_month_score_to_return,benchmark-relative active-return diagnostic; not a benchmark-relative optimizer
benchmark_outperform_1m | ObjectiveSpecific[benchmark_outperform_1m][XGBoost light] Calibration Base,benchmark_outperform_1m,ObjectiveSpecific[benchmark_outperform_1m][XGBoost light] Calibration Base,2023-05,1,forward_1m_vs_benchmark_return,target_outperform_benchmark_next_1m,-0.07683126425451917,-0.024440001652566056,-0.052391262601953106,0.0,0.0,3.0,one_month_score_to_return,benchmark-relative active-return diagnostic; not a benchmark-relative optimizer
benchmark_outperform_1m | ObjectiveSpecific[benchmark_outperform_1m][XGBoost light] Calibration Base,benchmark_outperform_1m,ObjectiveSpecific[benchmark_outperform_1m][XGBoost light] Calibration Base,2023-06,1,forward_1m_vs_benchmark_return,target_outperform_benchmark_next_1m,-0.0237610928882724,-0.00422574774096589,-0.01953534514730651,0.0,0.6666666666666666,3.0,one_month_score_to_return,benchmark-relative active-return diagnostic; not a benchmark-relative optimizer
benchmark_outperform_1m | ObjectiveSpecific[benchmark_outperform_1m][XGBoost light] Calibration Base,benchmark_outperform_1m,ObjectiveSpecific[benchmark_outperform_1m][XGBoost light] Calibration Base,2023-07,1,forward_1m_vs_benchmark_return,target_outperform_benchmark_next_1m,-0.003380670661128904,-0.006595351247995396,0.003214680586866492,0.6666666666666666,0.6666666666666666,3.0,one_month_score_to_return,benchmark-relative active-return diagnostic; not a benchmark-relative optimizer
benchmark_outperform_1m | ObjectiveSpecific[benchmark_outperform_1m][XGBoost light] Calibration Base,benchmark_outperform_1m,ObjectiveSpecific[benchmark_outperform_1m][XGBoost light] Calibration Base,2023-08,1,forward_1m_vs_benchmark_return,target_outperform_benchmark_next_1m,0.003015175353428618,0.007258135037535219,-0.0042429596841066005,0.6666666666666666,0.6666666666666666,3.0,one_month_score_to_return,benchmark-relative active-return diagnostic; not a benchmark-relative optimizer
benchmark_outperform_1m | ObjectiveSpecific[benchmark_outperform_1m][XGBoost light] Calibration Base,benchmark_outperform_1m,ObjectiveSpecific[benchmark_outperform_1m][XGBoost light] Calibration Base,2023-09,1,forward_1m_vs_benchmark_return,target_outperform_benchmark_next_1m,-0.01826616353670814,-0.002201282632030288,-0.016064880904677854,0.0,1.3333333333333333,3.0,one_month_score_to_return,benchmark-relative active-return diagnostic; not a benchmark-relative optimizer
benchmark_outperform_1m | ObjectiveSpecific[benchmark_outperform_1m][XGBoost light] Calibration Base,benchmark_outperform_1m,ObjectiveSpecific[benchmark_outperform_1m][XGBoost light] Calibration Base,2023-10,1,forward_1m_vs_benchmark_return,target_outperform_benchmark_next_1m,-0.01692962697927965,-0.01934109106259093,0.00241146408331128,0.3333333333333333,0.6666666666666666,3.0,one_month_score_to_return,benchmark-relative active-return diagnostic; not a benchmark-relative optimizer
benchmark_outperform_1m | ObjectiveSpecific[benchmark_outperform_1m][XGBoost light] Calibration Base,benchmark_outperform_1m,ObjectiveSpecific[benchmark_outperform_1m][XGBoost light] Calibration Base,2023-11,1,forward_1m_vs_benchmark_return,target_outperform_benchmark_next_1m,0.0018710130997504262,0.006712072291699345,-0.0048410591919489186,0.3333333333333333,2.0,3.0,one_month_score_to_return,benchmark-relative active-return diagnostic; not a benchmark-relative optimizer
benchmark_outperform_1m | ObjectiveSpecific[benchmark_outperform_1m][XGBoost light] Calibration Base,benchmark_outperform_1m,ObjectiveSpecific[benchmark_outperform_1m][XGBoost light] Calibration Base,2023-12,1,forward_1m_vs_benchmark_return,target_outperform_benchmark_next_1m,-0.03643305121563552,-0.023214125106761907,-0.01321892610887361,0.0,0.6666666666666666,3.0,one_month_score_to_return,benchmark-relative active-return diagnostic; not a benchmark-relative optimizer
benchmark_outperform_1m | ObjectiveSpecific[benchmark_outperform_1m][XGBoost light] Calibration Base,benchmark_outperform_1m,ObjectiveSpecific[benchmark_outperform_1m][XGBoost light] Calibration Base,2024-01,1,forward_1m_vs_benchmark_return,target_outperform_benchmark_next_1m,-0.008031882975699048,-0.025899008441818583,0.017867125466119536,0.3333333333333333,1.9999999999999998,3.0,one_month_score_to_return,benchmark-relative active-return diagnostic; not a benchmark-relative optimizer
benchmark_outperform_1m | ObjectiveSpecific[benchmark_outperform_1m][XGBoost light] Calibration Base,benchmark_outperform_1m,ObjectiveSpecific[benchmark_outperform_1m][XGBoost light] Calibration Base,2024-02,1,forward_1m_vs_benchmark_return,target_outperform_benchmark_next_1m,-0.006352982128565646,0.005908240360692174,-0.01226122248925782,0.3333333333333333,1.3333333333333333,3.0,one_month_score_to_return,benchmark-relative active-return diagnostic; not a benchmark-relative optimizer
benchmark_outperform_1m | ObjectiveSpecific[benchmark_outperform_1m][XGBoost light] Calibration Base,benchmark_outperform_1m,ObjectiveSpecific[benchmark_outperform_1m][XGBoost light] Calibration Base,2024-03,1,forward_1m_vs_benchmark_return,target_outperform_benchmark_next_1m,0.043501816310886,0.012228564971541378,0.031273251339344624,1.0,1.3333333333333333,3.0,one_month_score_to_return,benchmark-relative active-return diagnostic; not a benchmark-relative optimizer
benchmark_outperform_1m | ObjectiveSpecific[benchmark_outperform_1m][XGBoost light] Calibration Base,benchmark_outperform_1m,ObjectiveSpecific[benchmark_outperform_1m][XGBoost light] Calibration Base,2024-04,1,forward_1m_vs_benchmark_return,target_outperform_benchmark_next_1m,-0.0281166431214754,-0.01923693208204601,-0.008879711039429389,0.0,0.6666666666666666,3.0,one_month_score_to_return,benchmark-relative active-return diagnostic; not a benchmark-relative optimizer
benchmark_outperform_1m | ObjectiveSpecific[benchmark_outperform_1m][XGBoost light] Calibration Base,benchmark_outperform_1m,ObjectiveSpecific[benchmark_outperform_1m][XGBoost light] Calibration Base,2024-05,1,forward_1m_vs_benchmark_return,target_outperform_benchmark_next_1m,-0.036946863715846136,-0.027378028510983476,-0.00956883520486266,0.0,1.3333333333333333,3.0,one_month_score_to_return,benchmark-relative active-return diagnostic; not a benchmark-relative optimizer
benchmark_outperform_1m | ObjectiveSpecific[benchmark_outperform_1m][XGBoost light] Calibration Base,benchmark_outperform_1m,ObjectiveSpecific[benchmark_outperform_1m][XGBoost light] Calibration Base,2024-06,1,forward_1m_vs_benchmark_return,target_outperform_benchmark_next_1m,0.06017273312506566,0.01954106312652395,0.04063166999854171,1.0,0.6666666666666666,3.0,one_month_score_to_return,benchmark-relative active-return diagnostic; not a benchmark-relative optimizer
benchmark_outperform_1m | ObjectiveSpecific[benchmark_outperform_1m][XGBoost light] Calibration Base,benchmark_outperform_1m,ObjectiveSpecific[benchmark_outperform_1m][XGBoost light] Calibration Base,2024-07,1,forward_1m_vs_benchmark_return,target_outperform_benchmark_next_1m,0.005907213137480437,-0.004284417190004908,0.010191630327485345,0.6666666666666666,1.9999999999999998,3.0,one_month_score_to_return,benchmark-relative active-return diagnostic; not a benchmark-relative optimizer
benchmark_outperform_1m | ObjectiveSpecific[benchmark_outperform_1m][XGBoost light] Calibration Base,benchmark_outperform_1m,ObjectiveSpecific[benchmark_outperform_1m][XGBoost light] Calibration Base,2024-08,1,forward_1m_vs_benchmark_return,target_outperform_benchmark_next_1m,0.02386405485994847,-0.0038420343728073013,0.02770608923275577,0.6666666666666666,0.6666666666666666,3.0,one_month_score_to_return,benchmark-relative active-return diagnostic; not a benchmark-relative optimizer
benchmark_outperform_1m | ObjectiveSpecific[benchmark_outperform_1m][XGBoost light] Calibration Base,benchmark_outperform_1m,ObjectiveSpecific[benchmark_outperform_1m][XGBoost light] Calibration Base,2024-09,1,forward_1m_vs_benchmark_return,target_outperform_benchmark_next_1m,0.017144639419566194,-0.00494225617225591,0.022086895591822104,0.6666666666666666,0.6666666666666666,3.0,one_month_score_to_return,benchmark-relative active-return diagnostic; not a benchmark-relative optimizer
benchmark_outperform_1m | ObjectiveSpecific[benchmark_outperform_1m][XGBoost light] Calibration Base,benchmark_outperform_1m,ObjectiveSpecific[benchmark_outperform_1m][XGBoost light] Calibration Base,2024-10,1,forward_1m_vs_benchmark_return,target_outperform_benchmark_next_1m,-0.0740855048887505,-0.023371349336394776,-0.05071415555235573,0.0,0.6666666666666666,3.0,one_month_score_to_return,benchmark-relative active-return diagnostic; not a benchmark-relative optimizer
benchmark_outperform_1m | ObjectiveSpecific[benchmark_outperform_1m][XGBoost light] Calibration Base,benchmark_outperform_1m,ObjectiveSpecific[benchmark_outperform_1m][XGBoost light] Calibration Base,2024-11,1,forward_1m_vs_benchmark_return,target_outperform_benchmark_next_1m,-0.005253583744414054,-0.015637106485766727,0.010383522741352673,0.6666666666666666,0.6666666666666666,3.0,one_month_score_to_return,benchmark-relative active-return diagnostic; not a benchmark-relative optimizer
benchmark_outperform_1m | ObjectiveSpecific[benchmark_outperform_1m][XGBoost light] Calibration Base,benchmark_outperform_1m,ObjectiveSpecific[benchmark_outperform_1m][XGBoost light] Calibration Base,2024-12,1,forward_1m_vs_benchmark_return,target_outperform_benchmark_next_1m,0.018410286153265898,0.011702873535321201,0.0067074126179446966,0.6666666666666666,1.3333333333333333,3.0,one_month_score_to_return,benchmark-relative active-return diagnostic; not a benchmark-relative optimizer
benchmark_outperform_1m | ObjectiveSpecific[benchmark_outperform_1m][XGBoost light] Calibration Base,benchmark_outperform_1m,ObjectiveSpecific[benchmark_outperform_1m][XGBoost light] Calibration Base,2025-01,1,forward_1m_vs_benchmark_return,target_outperform_benchmark_next_1m,0.03514147770740831,0.016771693103579656,0.018369784603828654,1.0,1.3333333333333333,3.0,one_month_score_to_return,benchmark-relative active-return diagnostic; not a benchmark-relative optimizer
benchmark_outperform_1m | ObjectiveSpecific[benchmark_outperform_1m][XGBoost light] Calibration Base,benchmark_outperform_1m,ObjectiveSpecific[benchmark_outperform_1m][XGBoost light] Calibration Base,2025-02,1,forward_1m_vs_benchmark_return,target_outperform_benchmark_next_1m,0.08670638732726506,0.04705797470717789,0.03964841262008717,1.0,0.0,3.0,one_month_score_to_return,benchmark-relative active-return diagnostic; not a benchmark-relative optimizer
benchmark_outperform_1m | ObjectiveSpecific[benchmark_outperform_1m][XGBoost light] Calibration Base,benchmark_outperform_1m,ObjectiveSpecific[benchmark_outperform_1m][XGBoost light] Calibration Base,2025-03,1,forward_1m_vs_benchmark_return,target_outperform_benchmark_next_1m,0.0049661634566933194,-0.012843919595290066,0.017810083051983387,0.6666666666666666,0.6666666666666666,3.0,one_month_score_to_return,benchmark-relative active-return diagnostic; not a benchmark-relative optimizer
benchmark_outperform_1m | ObjectiveSpecific[benchmark_outperform_1m][XGBoost light] Calibration Base,benchmark_outperform_1m,ObjectiveSpecific[benchmark_outperform_1m][XGBoost light] Calibration Base,2025-04,1,forward_1m_vs_benchmark_return,target_outperform_benchmark_next_1m,-0.05462497284887469,-0.016931500017870173,-0.037693472831004514,0.0,0.6666666666666666,3.0,one_month_score_to_return,benchmark-relative active-return diagnostic; not a benchmark-relative optimizer
benchmark_outperform_1m | ObjectiveSpecific[benchmark_outperform_1m][XGBoost light] Calibration Base,benchmark_outperform_1m,ObjectiveSpecific[benchmark_outperform_1m][XGBoost light] Calibration Base,2025-05,1,forward_1m_vs_benchmark_return,target_outperform_benchmark_next_1m,-0.02401389098274753,-0.014617440536922344,-0.009396450445825185,0.0,1.3333333333333333,3.0,one_month_score_to_return,benchmark-relative active-return diagnostic; not a benchmark-relative optimizer
benchmark_outperform_1m | ObjectiveSpecific[benchmark_outperform_1m][XGBoost light] Calibration Base,benchmark_outperform_1m,ObjectiveSpecific[benchmark_outperform_1m][XGBoost light] Calibration Base,2025-06,1,forward_1m_vs_benchmark_return,target_outperform_benchmark_next_1m,-0.01675587384850652,-0.012803482804720823,-0.003952391043785697,0.0,0.6666666666666666,3.0,one_month_score_to_return,benchmark-relative active-return diagnostic; not a benchmark-relative optimizer
benchmark_outperform_1m | ObjectiveSpecific[benchmark_outperform_1m][XGBoost light] Calibration Base,benchmark_outperform_1m,ObjectiveSpecific[benchmark_outperform_1m][XGBoost light] Calibration Base,2025-07,1,forward_1m_vs_benchmark_return,target_outperform_benchmark_next_1m,0.013509041504918716,0.00715169756416546,0.006357343940753255,0.6666666666666666,0.6666666666666666,3.0,one_month_score_to_return,benchmark-relative active-return diagnostic; not a benchmark-relative optimizer
benchmark_outperform_1m | ObjectiveSpecific[benchmark_outperform_1m][XGBoost light] Calibration Base,benchmark_outperform_1m,ObjectiveSpecific[benchmark_outperform_1m][XGBoost light] Calibration Base,2025-08,1,forward_1m_vs_benchmark_return,target_outperform_benchmark_next_1m,0.001667594094400279,0.00124477081089287,0.00042282328350740886,0.6666666666666666,1.3333333333333333,3.0,one_month_score_to_return,benchmark-relative active-return diagnostic; not a benchmark-relative optimizer
benchmark_outperform_1m | ObjectiveSpecific[benchmark_outperform_1m][XGBoost light] Calibration Base,benchmark_outperform_1m,ObjectiveSpecific[benchmark_outperform_1m][XGBoost light] Calibration Base,2025-09,1,forward_1m_vs_benchmark_return,target_outperform_benchmark_next_1m,-0.01661138807549789,-0.016143917238419857,-0.00046747083707803297,0.3333333333333333,0.6666666666666666,3.0,one_month_score_to_return,benchmark-relative active-return diagnostic; not a benchmark-relative optimizer
benchmark_outperform_1m | ObjectiveSpecific[benchmark_outperform_1m][XGBoost light] Calibration Base,benchmark_outperform_1m,ObjectiveSpecific[benchmark_outperform_1m][XGBoost light] Calibration Base,2025-10,1,forward_1m_vs_benchmark_return,target_outperform_benchmark_next_1m,0.011245017779399494,0.01320203914472472,-0.0019570213653252264,0.6666666666666666,0.6666666666666666,3.0,one_month_score_to_return,benchmark-relative active-return diagnostic; not a benchmark-relative optimizer
benchmark_outperform_1m | ObjectiveSpecific[benchmark_outperform_1m][XGBoost light] Calibration Base,benchmark_outperform_1m,ObjectiveSpecific[benchmark_outperform_1m][XGBoost light] Calibration Base,2025-11,1,forward_1m_vs_benchmark_return,target_outperform_benchmark_next_1m,0.019995672316009072,0.003942861765199579,0.016052810550809492,0.6666666666666666,0.6666666666666666,3.0,one_month_score_to_return,benchmark-relative active-return diagnostic; not a benchmark-relative optimizer
benchmark_outperform_1m | ObjectiveSpecific[benchmark_outperform_1m][XGBoost light] Calibration Base,benchmark_outperform_1m,ObjectiveSpecific[benchmark_outperform_1m][XGBoost light] Calibration Base,2025-12,1,forward_1m_vs_benchmark_return,target_outperform_benchmark_next_1m,0.05032113444489794,0.025068354683240056,0.025252779761657886,0.6666666666666666,1.3333333333333333,3.0,one_month_score_to_return,benchmark-relative active-return diagnostic; not a benchmark-relative optimizer
benchmark_outperform_1m | ObjectiveSpecific[benchmark_outperform_1m][XGBoost light] Calibration Base,benchmark_outperform_1m,ObjectiveSpecific[benchmark_outperform_1m][XGBoost light] Calibration Base,2026-01,1,forward_1m_vs_benchmark_return,target_outperform_benchmark_next_1m,0.08559642941561177,0.04511747673968486,0.04047895267592691,1.0,0.6666666666666666,3.0,one_month_score_to_return,benchmark-relative active-return diagnostic; not a benchmark-relative optimizer
benchmark_outperform_1m | ObjectiveSpecific[benchmark_outperform_1m][XGBoost light] Calibration Base,benchmark_outperform_1m,ObjectiveSpecific[benchmark_outperform_1m][XGBoost light] Calibration Base,2026-02,1,forward_1m_vs_benchmark_return,target_outperform_benchmark_next_1m,-0.003123834174998656,0.0007835705732760379,-0.003907404748274694,0.3333333333333333,0.6666666666666666,3.0,one_month_score_to_return,benchmark-relative active-return diagnostic; not a benchmark-relative optimizer
benchmark_outperform_1m | ObjectiveSpecific[benchmark_outperform_1m][XGBoost light] Calibration Base,benchmark_outperform_1m,ObjectiveSpecific[benchmark_outperform_1m][XGBoost light] Calibration Base,2026-03,1,forward_1m_vs_benchmark_return,target_outperform_benchmark_next_1m,-0.06984529795562866,-0.05033212269387087,-0.01951317526175779,0.3333333333333333,1.3333333333333333,3.0,one_month_score_to_return,benchmark-relative active-return diagnostic; not a benchmark-relative optimizer
benchmark_outperform_1m | ObjectiveSpecific[benchmark_outperform_1m][XGBoost light] Calibrated,benchmark_outperform_1m,ObjectiveSpecific[benchmark_outperform_1m][XGBoost light] Calibrated,2020-01,1,forward_1m_vs_benchmark_return,target_outperform_benchmark_next_1m,-0.03364911095221686,0.03133617022397593,-0.06498528117619279,0.0,1.0,3.0,one_month_score_to_return,benchmark-relative active-return diagnostic; not a benchmark-relative optimizer
benchmark_outperform_1m | ObjectiveSpecific[benchmark_outperform_1m][XGBoost light] Calibrated,benchmark_outperform_1m,ObjectiveSpecific[benchmark_outperform_1m][XGBoost light] Calibrated,2020-02,1,forward_1m_vs_benchmark_return,target_outperform_benchmark_next_1m,-0.004564040469604236,0.022393414747409225,-0.02695745521701346,0.6666666666666666,1.3333333333333333,3.0,one_month_score_to_return,benchmark-relative active-return diagnostic; not a benchmark-relative optimizer
benchmark_outperform_1m | ObjectiveSpecific[benchmark_outperform_1m][XGBoost light] Calibrated,benchmark_outperform_1m,ObjectiveSpecific[benchmark_outperform_1m][XGBoost light] Calibrated,2020-03,1,forward_1m_vs_benchmark_return,target_outperform_benchmark_next_1m,-0.029150693709407184,-0.03550292307825642,0.006352229368849237,0.3333333333333333,1.3333333333333333,3.0,one_month_score_to_return,benchmark-relative active-return diagnostic; not a benchmark-relative optimizer
benchmark_outperform_1m | ObjectiveSpecific[benchmark_outperform_1m][XGBoost light] Calibrated,benchmark_outperform_1m,ObjectiveSpecific[benchmark_outperform_1m][XGBoost light] Calibrated,2020-04,1,forward_1m_vs_benchmark_return,target_outperform_benchmark_next_1m,-0.00044770148620158247,-0.0158793410340884,0.015431639547886818,0.3333333333333333,0.6666666666666666,3.0,one_month_score_to_return,benchmark-relative active-return diagnostic; not a benchmark-relative optimizer
benchmark_outperform_1m | ObjectiveSpecific[benchmark_outperform_1m][XGBoost light] Calibrated,benchmark_outperform_1m,ObjectiveSpecific[benchmark_outperform_1m][XGBoost light] Calibrated,2020-05,1,forward_1m_vs_benchmark_return,target_outperform_benchmark_next_1m,-0.01239318463853848,-0.0006214973857633588,-0.011771687252775121,0.3333333333333333,0.6666666666666666,3.0,one_month_score_to_return,benchmark-relative active-return diagnostic; not a benchmark-relative optimizer
benchmark_outperform_1m | ObjectiveSpecific[benchmark_outperform_1m][XGBoost light] Calibrated,benchmark_outperform_1m,ObjectiveSpecific[benchmark_outperform_1m][XGBoost light] Calibrated,2020-06,1,forward_1m_vs_benchmark_return,target_outperform_benchmark_next_1m,-0.05440370829272963,-0.01753678041166353,-0.036866927881066096,0.0,0.6666666666666666,3.0,one_month_score_to_return,benchmark-relative active-return diagnostic; not a benchmark-relative optimizer
benchmark_outperform_1m | ObjectiveSpecific[benchmark_outperform_1m][XGBoost light] Calibrated,benchmark_outperform_1m,ObjectiveSpecific[benchmark_outperform_1m][XGBoost light] Calibrated,2020-07,1,forward_1m_vs_benchmark_return,target_outperform_benchmark_next_1m,-0.04494828717932168,-0.03934959506884729,-0.005598692110474389,0.0,0.0,3.0,one_month_score_to_return,benchmark-relative active-return diagnostic; not a benchmark-relative optimizer
benchmark_outperform_1m | ObjectiveSpecific[benchmark_outperform_1m][XGBoost light] Calibrated,benchmark_outperform_1m,ObjectiveSpecific[benchmark_outperform_1m][XGBoost light] Calibrated,2020-08,1,forward_1m_vs_benchmark_return,target_outperform_benchmark_next_1m,-0.04181061707525243,-0.0032288541175911623,-0.03858176295766127,0.3333333333333333,0.6666666666666666,3.0,one_month_score_to_return,benchmark-relative active-return diagnostic; not a benchmark-relative optimizer
benchmark_outperform_1m | ObjectiveSpecific[benchmark_outperform_1m][XGBoost light] Calibrated,benchmark_outperform_1m,ObjectiveSpecific[benchmark_outperform_1m][XGBoost light] Calibrated,2020-09,1,forward_1m_vs_benchmark_return,target_outperform_benchmark_next_1m,0.0177280507552926,0.012560754818217678,0.0051672959370749234,0.6666666666666666,1.3333333333333333,3.0,one_month_score_to_return,benchmark-relative active-return diagnostic; not a benchmark-relative optimizer
benchmark_outperform_1m | ObjectiveSpecific[benchmark_outperform_1m][XGBoost light] Calibrated,benchmark_outperform_1m,ObjectiveSpecific[benchmark_outperform_1m][XGBoost light] Calibrated,2020-10,1,forward_1m_vs_benchmark_return,target_outperform_benchmark_next_1m,0.11113782292193064,0.0002606665267982589,0.11087715639513238,1.0,0.6666666666666666,3.0,one_month_score_to_return,benchmark-relative active-return diagnostic; not a benchmark-relative optimizer
benchmark_outperform_1m | ObjectiveSpecific[benchmark_outperform_1m][XGBoost light] Calibrated,benchmark_outperform_1m,ObjectiveSpecific[benchmark_outperform_1m][XGBoost light] Calibrated,2020-11,1,forward_1m_vs_benchmark_return,target_outperform_benchmark_next_1m,0.001264883963225399,0.010563675981205212,-0.009298792017979814,0.3333333333333333,0.6666666666666666,3.0,one_month_score_to_return,benchmark-relative active-return diagnostic; not a benchmark-relative optimizer
benchmark_outperform_1m | ObjectiveSpecific[benchmark_outperform_1m][XGBoost light] Calibrated,benchmark_outperform_1m,ObjectiveSpecific[benchmark_outperform_1m][XGBoost light] Calibrated,2020-12,1,forward_1m_vs_benchmark_return,target_outperform_benchmark_next_1m,0.003769878220441095,0.007033795673201426,-0.003263917452760331,0.3333333333333333,0.6666666666666666,3.0,one_month_score_to_return,benchmark-relative active-return diagnostic; not a benchmark-relative optimizer
benchmark_outperform_1m | ObjectiveSpecific[benchmark_outperform_1m][XGBoost light] Calibrated,benchmark_outperform_1m,ObjectiveSpecific[benchmark_outperform_1m][XGBoost light] Calibrated,2021-01,1,forward_1m_vs_benchmark_return,target_outperform_benchmark_next_1m,-0.028601366757142085,0.00196771063984712,-0.030569077396989205,0.3333333333333333,1.3333333333333333,3.0,one_month_score_to_return,benchmark-relative active-return diagnostic; not a benchmark-relative optimizer
benchmark_outperform_1m | ObjectiveSpecific[benchmark_outperform_1m][XGBoost light] Calibrated,benchmark_outperform_1m,ObjectiveSpecific[benchmark_outperform_1m][XGBoost light] Calibrated,2021-02,1,forward_1m_vs_benchmark_return,target_outperform_benchmark_next_1m,-0.03926677474003726,-0.032269148942206824,-0.006997625797830434,0.0,0.6666666666666666,3.0,one_month_score_to_return,benchmark-relative active-return diagnostic; not a benchmark-relative optimizer
benchmark_outperform_1m | ObjectiveSpecific[benchmark_outperform_1m][XGBoost light] Calibrated,benchmark_outperform_1m,ObjectiveSpecific[benchmark_outperform_1m][XGBoost light] Calibrated,2021-03,1,forward_1m_vs_benchmark_return,target_outperform_benchmark_next_1m,-0.03580170557339557,-0.022275390614571212,-0.013526314958824358,0.0,0.6666666666666666,3.0,one_month_score_to_return,benchmark-relative active-return diagnostic; not a benchmark-relative optimizer
benchmark_outperform_1m | ObjectiveSpecific[benchmark_outperform_1m][XGBoost light] Calibrated,benchmark_outperform_1m,ObjectiveSpecific[benchmark_outperform_1m][XGBoost light] Calibrated,2021-04,1,forward_1m_vs_benchmark_return,target_outperform_benchmark_next_1m,0.04821261892507245,0.01770387108145205,0.0305087478436204,1.0,1.3333333333333333,3.0,one_month_score_to_return,benchmark-relative active-return diagnostic; not a benchmark-relative optimizer
benchmark_outperform_1m | ObjectiveSpecific[benchmark_outperform_1m][XGBoost light] Calibrated,benchmark_outperform_1m,ObjectiveSpecific[benchmark_outperform_1m][XGBoost light] Calibrated,2021-05,1,forward_1m_vs_benchmark_return,target_outperform_benchmark_next_1m,-0.003443632152742829,-0.012255583078462551,0.008811950925719722,0.3333333333333333,1.9999999999999998,3.0,one_month_score_to_return,benchmark-relative active-return diagnostic; not a benchmark-relative optimizer
benchmark_outperform_1m | ObjectiveSpecific[benchmark_outperform_1m][XGBoost light] Calibrated,benchmark_outperform_1m,ObjectiveSpecific[benchmark_outperform_1m][XGBoost light] Calibrated,2021-06,1,forward_1m_vs_benchmark_return,target_outperform_benchmark_next_1m,-0.003077083597072816,-0.031206124362265275,0.02812904076519246,0.3333333333333333,1.3333333333333333,3.0,one_month_score_to_return,benchmark-relative active-return diagnostic; not a benchmark-relative optimizer
benchmark_outperform_1m | ObjectiveSpecific[benchmark_outperform_1m][XGBoost light] Calibrated,benchmark_outperform_1m,ObjectiveSpecific[benchmark_outperform_1m][XGBoost light] Calibrated,2021-07,1,forward_1m_vs_benchmark_return,target_outperform_benchmark_next_1m,-0.0221144893217479,-0.013964370925638948,-0.008150118396108953,0.0,0.6666666666666666,3.0,one_month_score_to_return,benchmark-relative active-return diagnostic; not a benchmark-relative optimizer
benchmark_outperform_1m | ObjectiveSpecific[benchmark_outperform_1m][XGBoost light] Calibrated,benchmark_outperform_1m,ObjectiveSpecific[benchmark_outperform_1m][XGBoost light] Calibrated,2021-08,1,forward_1m_vs_benchmark_return,target_outperform_benchmark_next_1m,0.015109790015152816,0.023683913535058988,-0.008574123519906171,0.6666666666666666,0.6666666666666666,3.0,one_month_score_to_return,benchmark-relative active-return diagnostic; not a benchmark-relative optimizer
benchmark_outperform_1m | ObjectiveSpecific[benchmark_outperform_1m][XGBoost light] Calibrated,benchmark_outperform_1m,ObjectiveSpecific[benchmark_outperform_1m][XGBoost light] Calibrated,2021-09,1,forward_1m_vs_benchmark_return,target_outperform_benchmark_next_1m,-0.015774408924497624,-0.024346915363157095,0.00857250643865947,0.3333333333333333,1.9999999999999998,3.0,one_month_score_to_return,benchmark-relative active-return diagnostic; not a benchmark-relative optimizer
benchmark_outperform_1m | ObjectiveSpecific[benchmark_outperform_1m][XGBoost light] Calibrated,benchmark_outperform_1m,ObjectiveSpecific[benchmark_outperform_1m][XGBoost light] Calibrated,2021-10,1,forward_1m_vs_benchmark_return,target_outperform_benchmark_next_1m,-0.000962945591662618,-0.012943878122373464,0.011980932530710846,0.6666666666666666,1.3333333333333333,3.0,one_month_score_to_return,benchmark-relative active-return diagnostic; not a benchmark-relative optimizer
benchmark_outperform_1m | ObjectiveSpecific[benchmark_outperform_1m][XGBoost light] Calibrated,benchmark_outperform_1m,ObjectiveSpecific[benchmark_outperform_1m][XGBoost light] Calibrated,2021-11,1,forward_1m_vs_benchmark_return,target_outperform_benchmark_next_1m,-0.01757112465939333,-0.02599876445519559,0.008427639795802262,0.3333333333333333,1.3333333333333333,3.0,one_month_score_to_return,benchmark-relative active-return diagnostic; not a benchmark-relative optimizer
benchmark_outperform_1m | ObjectiveSpecific[benchmark_outperform_1m][XGBoost light] Calibrated,benchmark_outperform_1m,ObjectiveSpecific[benchmark_outperform_1m][XGBoost light] Calibrated,2021-12,1,forward_1m_vs_benchmark_return,target_outperform_benchmark_next_1m,0.027698451957161547,0.03907461624306445,-0.011376164285902903,1.0,1.3333333333333333,3.0,one_month_score_to_return,benchmark-relative active-return diagnostic; not a benchmark-relative optimizer
benchmark_outperform_1m | ObjectiveSpecific[benchmark_outperform_1m][XGBoost light] Calibrated,benchmark_outperform_1m,ObjectiveSpecific[benchmark_outperform_1m][XGBoost light] Calibrated,2022-01,1,forward_1m_vs_benchmark_return,target_outperform_benchmark_next_1m,0.03659572604444983,0.028422287237314714,0.008173438807135114,0.6666666666666666,0.6666666666666666,3.0,one_month_score_to_return,benchmark-relative active-return diagnostic; not a benchmark-relative optimizer
benchmark_outperform_1m | ObjectiveSpecific[benchmark_outperform_1m][XGBoost light] Calibrated,benchmark_outperform_1m,ObjectiveSpecific[benchmark_outperform_1m][XGBoost light] Calibrated,2022-02,1,forward_1m_vs_benchmark_return,target_outperform_benchmark_next_1m,-0.08667526592807202,-0.03586599059156407,-0.050809275336507954,0.0,0.6666666666666666,3.0,one_month_score_to_return,benchmark-relative active-return diagnostic; not a benchmark-relative optimizer
benchmark_outperform_1m | ObjectiveSpecific[benchmark_outperform_1m][XGBoost light] Calibrated,benchmark_outperform_1m,ObjectiveSpecific[benchmark_outperform_1m][XGBoost light] Calibrated,2022-03,1,forward_1m_vs_benchmark_return,target_outperform_benchmark_next_1m,0.060089451794441875,0.013382878751480842,0.04670657304296103,1.0,0.6666666666666666,3.0,one_month_score_to_return,benchmark-relative active-return diagnostic; not a benchmark-relative optimizer
benchmark_outperform_1m | ObjectiveSpecific[benchmark_outperform_1m][XGBoost light] Calibrated,benchmark_outperform_1m,ObjectiveSpecific[benchmark_outperform_1m][XGBoost light] Calibrated,2022-04,1,forward_1m_vs_benchmark_return,target_outperform_benchmark_next_1m,-0.00949979791903936,0.01788095791349519,-0.027380755832534548,0.0,1.3333333333333333,3.0,one_month_score_to_return,benchmark-relative active-return diagnostic; not a benchmark-relative optimizer
benchmark_outperform_1m | ObjectiveSpecific[benchmark_outperform_1m][XGBoost light] Calibrated,benchmark_outperform_1m,ObjectiveSpecific[benchmark_outperform_1m][XGBoost light] Calibrated,2022-05,1,forward_1m_vs_benchmark_return,target_outperform_benchmark_next_1m,0.04668339704521333,0.012138673281936564,0.03454472376327676,0.6666666666666666,0.0,3.0,one_month_score_to_return,benchmark-relative active-return diagnostic; not a benchmark-relative optimizer
benchmark_outperform_1m | ObjectiveSpecific[benchmark_outperform_1m][XGBoost light] Calibrated,benchmark_outperform_1m,ObjectiveSpecific[benchmark_outperform_1m][XGBoost light] Calibrated,2022-06,1,forward_1m_vs_benchmark_return,target_outperform_benchmark_next_1m,-0.04177817449967377,-0.033056193063750315,-0.008721981435923454,0.3333333333333333,1.3333333333333333,3.0,one_month_score_to_return,benchmark-relative active-return diagnostic; not a benchmark-relative optimizer
benchmark_outperform_1m | ObjectiveSpecific[benchmark_outperform_1m][XGBoost light] Calibrated,benchmark_outperform_1m,ObjectiveSpecific[benchmark_outperform_1m][XGBoost light] Calibrated,2022-07,1,forward_1m_vs_benchmark_return,target_outperform_benchmark_next_1m,-0.006321049299131576,0.0051557236419845776,-0.011476772941116153,0.3333333333333333,1.3333333333333333,3.0,one_month_score_to_return,benchmark-relative active-return diagnostic; not a benchmark-relative optimizer
benchmark_outperform_1m | ObjectiveSpecific[benchmark_outperform_1m][XGBoost light] Calibrated,benchmark_outperform_1m,ObjectiveSpecific[benchmark_outperform_1m][XGBoost light] Calibrated,2022-08,1,forward_1m_vs_benchmark_return,target_outperform_benchmark_next_1m,0.02419106412204245,0.014453647456911967,0.009737416665130484,1.0,0.0,3.0,one_month_score_to_return,benchmark-relative active-return diagnostic; not a benchmark-relative optimizer
benchmark_outperform_1m | ObjectiveSpecific[benchmark_outperform_1m][XGBoost light] Calibrated,benchmark_outperform_1m,ObjectiveSpecific[benchmark_outperform_1m][XGBoost light] Calibrated,2022-09,1,forward_1m_vs_benchmark_return,target_outperform_benchmark_next_1m,-0.034786339067294114,-0.02452065353230872,-0.010265685534985393,0.3333333333333333,0.6666666666666666,3.0,one_month_score_to_return,benchmark-relative active-return diagnostic; not a benchmark-relative optimizer
benchmark_outperform_1m | ObjectiveSpecific[benchmark_outperform_1m][XGBoost light] Calibrated,benchmark_outperform_1m,ObjectiveSpecific[benchmark_outperform_1m][XGBoost light] Calibrated,2022-10,1,forward_1m_vs_benchmark_return,target_outperform_benchmark_next_1m,0.007677087495548591,0.012869829528433541,-0.00519274203288495,0.6666666666666666,1.3333333333333333,3.0,one_month_score_to_return,benchmark-relative active-return diagnostic; not a benchmark-relative optimizer
benchmark_outperform_1m | ObjectiveSpecific[benchmark_outperform_1m][XGBoost light] Calibrated,benchmark_outperform_1m,ObjectiveSpecific[benchmark_outperform_1m][XGBoost light] Calibrated,2022-11,1,forward_1m_vs_benchmark_return,target_outperform_benchmark_next_1m,0.0200357211818879,0.023769146553936416,-0.0037334253720485155,0.6666666666666666,2.0,3.0,one_month_score_to_return,benchmark-relative active-return diagnostic; not a benchmark-relative optimizer
benchmark_outperform_1m | ObjectiveSpecific[benchmark_outperform_1m][XGBoost light] Calibrated,benchmark_outperform_1m,ObjectiveSpecific[benchmark_outperform_1m][XGBoost light] Calibrated,2022-12,1,forward_1m_vs_benchmark_return,target_outperform_benchmark_next_1m,0.0016537803272199292,0.006416642811624418,-0.004762862484404488,0.6666666666666666,1.3333333333333333,3.0,one_month_score_to_return,benchmark-relative active-return diagnostic; not a benchmark-relative optimizer
benchmark_outperform_1m | ObjectiveSpecific[benchmark_outperform_1m][XGBoost light] Calibrated,benchmark_outperform_1m,ObjectiveSpecific[benchmark_outperform_1m][XGBoost light] Calibrated,2023-01,1,forward_1m_vs_benchmark_return,target_outperform_benchmark_next_1m,-0.014120939224320376,-0.011101318737195064,-0.003019620487125311,0.3333333333333333,0.0,3.0,one_month_score_to_return,benchmark-relative active-return diagnostic; not a benchmark-relative optimizer
benchmark_outperform_1m | ObjectiveSpecific[benchmark_outperform_1m][XGBoost light] Calibrated,benchmark_outperform_1m,ObjectiveSpecific[benchmark_outperform_1m][XGBoost light] Calibrated,2023-02,1,forward_1m_vs_benchmark_return,target_outperform_benchmark_next_1m,-0.021971665413855312,-0.014783447794941462,-0.007188217618913851,0.6666666666666666,0.0,3.0,one_month_score_to_return,benchmark-relative active-return diagnostic; not a benchmark-relative optimizer
benchmark_outperform_1m | ObjectiveSpecific[benchmark_outperform_1m][XGBoost light] Calibrated,benchmark_outperform_1m,ObjectiveSpecific[benchmark_outperform_1m][XGBoost light] Calibrated,2023-03,1,forward_1m_vs_benchmark_return,target_outperform_benchmark_next_1m,-0.017745475590351223,-0.011793313480217116,-0.005952162110134107,0.0,0.6666666666666666,3.0,one_month_score_to_return,benchmark-relative active-return diagnostic; not a benchmark-relative optimizer
benchmark_outperform_1m | ObjectiveSpecific[benchmark_outperform_1m][XGBoost light] Calibrated,benchmark_outperform_1m,ObjectiveSpecific[benchmark_outperform_1m][XGBoost light] Calibrated,2023-04,1,forward_1m_vs_benchmark_return,target_outperform_benchmark_next_1m,-0.020089939928636797,-0.02057280951054028,0.0004828695819034841,0.0,0.6666666666666666,3.0,one_month_score_to_return,benchmark-relative active-return diagnostic; not a benchmark-relative optimizer
benchmark_outperform_1m | ObjectiveSpecific[benchmark_outperform_1m][XGBoost light] Calibrated,benchmark_outperform_1m,ObjectiveSpecific[benchmark_outperform_1m][XGBoost light] Calibrated,2023-05,1,forward_1m_vs_benchmark_return,target_outperform_benchmark_next_1m,-0.07683126425451917,-0.024440001652566056,-0.052391262601953106,0.0,0.0,3.0,one_month_score_to_return,benchmark-relative active-return diagnostic; not a benchmark-relative optimizer
benchmark_outperform_1m | ObjectiveSpecific[benchmark_outperform_1m][XGBoost light] Calibrated,benchmark_outperform_1m,ObjectiveSpecific[benchmark_outperform_1m][XGBoost light] Calibrated,2023-06,1,forward_1m_vs_benchmark_return,target_outperform_benchmark_next_1m,-0.0237610928882724,-0.00422574774096589,-0.01953534514730651,0.0,0.6666666666666666,3.0,one_month_score_to_return,benchmark-relative active-return diagnostic; not a benchmark-relative optimizer
benchmark_outperform_1m | ObjectiveSpecific[benchmark_outperform_1m][XGBoost light] Calibrated,benchmark_outperform_1m,ObjectiveSpecific[benchmark_outperform_1m][XGBoost light] Calibrated,2023-07,1,forward_1m_vs_benchmark_return,target_outperform_benchmark_next_1m,-0.003380670661128904,-0.006595351247995396,0.003214680586866492,0.6666666666666666,0.6666666666666666,3.0,one_month_score_to_return,benchmark-relative active-return diagnostic; not a benchmark-relative optimizer
benchmark_outperform_1m | ObjectiveSpecific[benchmark_outperform_1m][XGBoost light] Calibrated,benchmark_outperform_1m,ObjectiveSpecific[benchmark_outperform_1m][XGBoost light] Calibrated,2023-08,1,forward_1m_vs_benchmark_return,target_outperform_benchmark_next_1m,0.003015175353428618,0.007258135037535219,-0.0042429596841066005,0.6666666666666666,0.6666666666666666,3.0,one_month_score_to_return,benchmark-relative active-return diagnostic; not a benchmark-relative optimizer
benchmark_outperform_1m | ObjectiveSpecific[benchmark_outperform_1m][XGBoost light] Calibrated,benchmark_outperform_1m,ObjectiveSpecific[benchmark_outperform_1m][XGBoost light] Calibrated,2023-09,1,forward_1m_vs_benchmark_return,target_outperform_benchmark_next_1m,-0.01826616353670814,-0.002201282632030288,-0.016064880904677854,0.0,1.3333333333333333,3.0,one_month_score_to_return,benchmark-relative active-return diagnostic; not a benchmark-relative optimizer
benchmark_outperform_1m | ObjectiveSpecific[benchmark_outperform_1m][XGBoost light] Calibrated,benchmark_outperform_1m,ObjectiveSpecific[benchmark_outperform_1m][XGBoost light] Calibrated,2023-10,1,forward_1m_vs_benchmark_return,target_outperform_benchmark_next_1m,-0.01692962697927965,-0.01934109106259093,0.00241146408331128,0.3333333333333333,0.6666666666666666,3.0,one_month_score_to_return,benchmark-relative active-return diagnostic; not a benchmark-relative optimizer
benchmark_outperform_1m | ObjectiveSpecific[benchmark_outperform_1m][XGBoost light] Calibrated,benchmark_outperform_1m,ObjectiveSpecific[benchmark_outperform_1m][XGBoost light] Calibrated,2023-11,1,forward_1m_vs_benchmark_return,target_outperform_benchmark_next_1m,0.0018710130997504262,0.006712072291699345,-0.0048410591919489186,0.3333333333333333,2.0,3.0,one_month_score_to_return,benchmark-relative active-return diagnostic; not a benchmark-relative optimizer
benchmark_outperform_1m | ObjectiveSpecific[benchmark_outperform_1m][XGBoost light] Calibrated,benchmark_outperform_1m,ObjectiveSpecific[benchmark_outperform_1m][XGBoost light] Calibrated,2023-12,1,forward_1m_vs_benchmark_return,target_outperform_benchmark_next_1m,-0.03643305121563552,-0.023214125106761907,-0.01321892610887361,0.0,0.6666666666666666,3.0,one_month_score_to_return,benchmark-relative active-return diagnostic; not a benchmark-relative optimizer
benchmark_outperform_1m | ObjectiveSpecific[benchmark_outperform_1m][XGBoost light] Calibrated,benchmark_outperform_1m,ObjectiveSpecific[benchmark_outperform_1m][XGBoost light] Calibrated,2024-01,1,forward_1m_vs_benchmark_return,target_outperform_benchmark_next_1m,-0.008031882975699048,-0.025899008441818583,0.017867125466119536,0.3333333333333333,1.9999999999999998,3.0,one_month_score_to_return,benchmark-relative active-return diagnostic; not a benchmark-relative optimizer
benchmark_outperform_1m | ObjectiveSpecific[benchmark_outperform_1m][XGBoost light] Calibrated,benchmark_outperform_1m,ObjectiveSpecific[benchmark_outperform_1m][XGBoost light] Calibrated,2024-02,1,forward_1m_vs_benchmark_return,target_outperform_benchmark_next_1m,-0.006352982128565646,0.005908240360692174,-0.01226122248925782,0.3333333333333333,1.3333333333333333,3.0,one_month_score_to_return,benchmark-relative active-return diagnostic; not a benchmark-relative optimizer
benchmark_outperform_1m | ObjectiveSpecific[benchmark_outperform_1m][XGBoost light] Calibrated,benchmark_outperform_1m,ObjectiveSpecific[benchmark_outperform_1m][XGBoost light] Calibrated,2024-03,1,forward_1m_vs_benchmark_return,target_outperform_benchmark_next_1m,0.043501816310886,0.012228564971541378,0.031273251339344624,1.0,1.3333333333333333,3.0,one_month_score_to_return,benchmark-relative active-return diagnostic; not a benchmark-relative optimizer
benchmark_outperform_1m | ObjectiveSpecific[benchmark_outperform_1m][XGBoost light] Calibrated,benchmark_outperform_1m,ObjectiveSpecific[benchmark_outperform_1m][XGBoost light] Calibrated,2024-04,1,forward_1m_vs_benchmark_return,target_outperform_benchmark_next_1m,-0.0281166431214754,-0.01923693208204601,-0.008879711039429389,0.0,0.6666666666666666,3.0,one_month_score_to_return,benchmark-relative active-return diagnostic; not a benchmark-relative optimizer
benchmark_outperform_1m | ObjectiveSpecific[benchmark_outperform_1m][XGBoost light] Calibrated,benchmark_outperform_1m,ObjectiveSpecific[benchmark_outperform_1m][XGBoost light] Calibrated,2024-05,1,forward_1m_vs_benchmark_return,target_outperform_benchmark_next_1m,-0.036946863715846136,-0.027378028510983476,-0.00956883520486266,0.0,1.3333333333333333,3.0,one_month_score_to_return,benchmark-relative active-return diagnostic; not a benchmark-relative optimizer
benchmark_outperform_1m | ObjectiveSpecific[benchmark_outperform_1m][XGBoost light] Calibrated,benchmark_outperform_1m,ObjectiveSpecific[benchmark_outperform_1m][XGBoost light] Calibrated,2024-06,1,forward_1m_vs_benchmark_return,target_outperform_benchmark_next_1m,0.06017273312506566,0.01954106312652395,0.04063166999854171,1.0,0.6666666666666666,3.0,one_month_score_to_return,benchmark-relative active-return diagnostic; not a benchmark-relative optimizer
benchmark_outperform_1m | ObjectiveSpecific[benchmark_outperform_1m][XGBoost light] Calibrated,benchmark_outperform_1m,ObjectiveSpecific[benchmark_outperform_1m][XGBoost light] Calibrated,2024-07,1,forward_1m_vs_benchmark_return,target_outperform_benchmark_next_1m,0.005907213137480437,-0.004284417190004908,0.010191630327485345,0.6666666666666666,1.9999999999999998,3.0,one_month_score_to_return,benchmark-relative active-return diagnostic; not a benchmark-relative optimizer
benchmark_outperform_1m | ObjectiveSpecific[benchmark_outperform_1m][XGBoost light] Calibrated,benchmark_outperform_1m,ObjectiveSpecific[benchmark_outperform_1m][XGBoost light] Calibrated,2024-08,1,forward_1m_vs_benchmark_return,target_outperform_benchmark_next_1m,0.02386405485994847,-0.0038420343728073013,0.02770608923275577,0.6666666666666666,0.6666666666666666,3.0,one_month_score_to_return,benchmark-relative active-return diagnostic; not a benchmark-relative optimizer
benchmark_outperform_1m | ObjectiveSpecific[benchmark_outperform_1m][XGBoost light] Calibrated,benchmark_outperform_1m,ObjectiveSpecific[benchmark_outperform_1m][XGBoost light] Calibrated,2024-09,1,forward_1m_vs_benchmark_return,target_outperform_benchmark_next_1m,0.017144639419566194,-0.00494225617225591,0.022086895591822104,0.6666666666666666,0.6666666666666666,3.0,one_month_score_to_return,benchmark-relative active-return diagnostic; not a benchmark-relative optimizer
benchmark_outperform_1m | ObjectiveSpecific[benchmark_outperform_1m][XGBoost light] Calibrated,benchmark_outperform_1m,ObjectiveSpecific[benchmark_outperform_1m][XGBoost light] Calibrated,2024-10,1,forward_1m_vs_benchmark_return,target_outperform_benchmark_next_1m,-0.0740855048887505,-0.023371349336394776,-0.05071415555235573,0.0,0.6666666666666666,3.0,one_month_score_to_return,benchmark-relative active-return diagnostic; not a benchmark-relative optimizer
benchmark_outperform_1m | ObjectiveSpecific[benchmark_outperform_1m][XGBoost light] Calibrated,benchmark_outperform_1m,ObjectiveSpecific[benchmark_outperform_1m][XGBoost light] Calibrated,2024-11,1,forward_1m_vs_benchmark_return,target_outperform_benchmark_next_1m,-0.005253583744414054,-0.015637106485766727,0.010383522741352673,0.6666666666666666,0.6666666666666666,3.0,one_month_score_to_return,benchmark-relative active-return diagnostic; not a benchmark-relative optimizer
benchmark_outperform_1m | ObjectiveSpecific[benchmark_outperform_1m][XGBoost light] Calibrated,benchmark_outperform_1m,ObjectiveSpecific[benchmark_outperform_1m][XGBoost light] Calibrated,2024-12,1,forward_1m_vs_benchmark_return,target_outperform_benchmark_next_1m,0.018410286153265898,0.011702873535321201,0.0067074126179446966,0.6666666666666666,1.3333333333333333,3.0,one_month_score_to_return,benchmark-relative active-return diagnostic; not a benchmark-relative optimizer
benchmark_outperform_1m | ObjectiveSpecific[benchmark_outperform_1m][XGBoost light] Calibrated,benchmark_outperform_1m,ObjectiveSpecific[benchmark_outperform_1m][XGBoost light] Calibrated,2025-01,1,forward_1m_vs_benchmark_return,target_outperform_benchmark_next_1m,0.03514147770740831,0.016771693103579656,0.018369784603828654,1.0,1.3333333333333333,3.0,one_month_score_to_return,benchmark-relative active-return diagnostic; not a benchmark-relative optimizer
benchmark_outperform_1m | ObjectiveSpecific[benchmark_outperform_1m][XGBoost light] Calibrated,benchmark_outperform_1m,ObjectiveSpecific[benchmark_outperform_1m][XGBoost light] Calibrated,2025-02,1,forward_1m_vs_benchmark_return,target_outperform_benchmark_next_1m,0.08670638732726506,0.04705797470717789,0.03964841262008717,1.0,0.0,3.0,one_month_score_to_return,benchmark-relative active-return diagnostic; not a benchmark-relative optimizer
benchmark_outperform_1m | ObjectiveSpecific[benchmark_outperform_1m][XGBoost light] Calibrated,benchmark_outperform_1m,ObjectiveSpecific[benchmark_outperform_1m][XGBoost light] Calibrated,2025-03,1,forward_1m_vs_benchmark_return,target_outperform_benchmark_next_1m,0.0049661634566933194,-0.012843919595290066,0.017810083051983387,0.6666666666666666,0.6666666666666666,3.0,one_month_score_to_return,benchmark-relative active-return diagnostic; not a benchmark-relative optimizer
benchmark_outperform_1m | ObjectiveSpecific[benchmark_outperform_1m][XGBoost light] Calibrated,benchmark_outperform_1m,ObjectiveSpecific[benchmark_outperform_1m][XGBoost light] Calibrated,2025-04,1,forward_1m_vs_benchmark_return,target_outperform_benchmark_next_1m,-0.05462497284887469,-0.016931500017870173,-0.037693472831004514,0.0,0.6666666666666666,3.0,one_month_score_to_return,benchmark-relative active-return diagnostic; not a benchmark-relative optimizer
benchmark_outperform_1m | ObjectiveSpecific[benchmark_outperform_1m][XGBoost light] Calibrated,benchmark_outperform_1m,ObjectiveSpecific[benchmark_outperform_1m][XGBoost light] Calibrated,2025-05,1,forward_1m_vs_benchmark_return,target_outperform_benchmark_next_1m,-0.02401389098274753,-0.014617440536922344,-0.009396450445825185,0.0,1.3333333333333333,3.0,one_month_score_to_return,benchmark-relative active-return diagnostic; not a benchmark-relative optimizer
benchmark_outperform_1m | ObjectiveSpecific[benchmark_outperform_1m][XGBoost light] Calibrated,benchmark_outperform_1m,ObjectiveSpecific[benchmark_outperform_1m][XGBoost light] Calibrated,2025-06,1,forward_1m_vs_benchmark_return,target_outperform_benchmark_next_1m,-0.01675587384850652,-0.012803482804720823,-0.003952391043785697,0.0,0.6666666666666666,3.0,one_month_score_to_return,benchmark-relative active-return diagnostic; not a benchmark-relative optimizer
benchmark_outperform_1m | ObjectiveSpecific[benchmark_outperform_1m][XGBoost light] Calibrated,benchmark_outperform_1m,ObjectiveSpecific[benchmark_outperform_1m][XGBoost light] Calibrated,2025-07,1,forward_1m_vs_benchmark_return,target_outperform_benchmark_next_1m,0.013509041504918716,0.00715169756416546,0.006357343940753255,0.6666666666666666,0.6666666666666666,3.0,one_month_score_to_return,benchmark-relative active-return diagnostic; not a benchmark-relative optimizer
benchmark_outperform_1m | ObjectiveSpecific[benchmark_outperform_1m][XGBoost light] Calibrated,benchmark_outperform_1m,ObjectiveSpecific[benchmark_outperform_1m][XGBoost light] Calibrated,2025-08,1,forward_1m_vs_benchmark_return,target_outperform_benchmark_next_1m,0.001667594094400279,0.00124477081089287,0.00042282328350740886,0.6666666666666666,1.3333333333333333,3.0,one_month_score_to_return,benchmark-relative active-return diagnostic; not a benchmark-relative optimizer
benchmark_outperform_1m | ObjectiveSpecific[benchmark_outperform_1m][XGBoost light] Calibrated,benchmark_outperform_1m,ObjectiveSpecific[benchmark_outperform_1m][XGBoost light] Calibrated,2025-09,1,forward_1m_vs_benchmark_return,target_outperform_benchmark_next_1m,-0.01661138807549789,-0.016143917238419857,-0.00046747083707803297,0.3333333333333333,0.6666666666666666,3.0,one_month_score_to_return,benchmark-relative active-return diagnostic; not a benchmark-relative optimizer
benchmark_outperform_1m | ObjectiveSpecific[benchmark_outperform_1m][XGBoost light] Calibrated,benchmark_outperform_1m,ObjectiveSpecific[benchmark_outperform_1m][XGBoost light] Calibrated,2025-10,1,forward_1m_vs_benchmark_return,target_outperform_benchmark_next_1m,0.011245017779399494,0.01320203914472472,-0.0019570213653252264,0.6666666666666666,0.6666666666666666,3.0,one_month_score_to_return,benchmark-relative active-return diagnostic; not a benchmark-relative optimizer
benchmark_outperform_1m | ObjectiveSpecific[benchmark_outperform_1m][XGBoost light] Calibrated,benchmark_outperform_1m,ObjectiveSpecific[benchmark_outperform_1m][XGBoost light] Calibrated,2025-11,1,forward_1m_vs_benchmark_return,target_outperform_benchmark_next_1m,0.019995672316009072,0.003942861765199579,0.016052810550809492,0.6666666666666666,0.6666666666666666,3.0,one_month_score_to_return,benchmark-relative active-return diagnostic; not a benchmark-relative optimizer
benchmark_outperform_1m | ObjectiveSpecific[benchmark_outperform_1m][XGBoost light] Calibrated,benchmark_outperform_1m,ObjectiveSpecific[benchmark_outperform_1m][XGBoost light] Calibrated,2025-12,1,forward_1m_vs_benchmark_return,target_outperform_benchmark_next_1m,0.05032113444489794,0.025068354683240056,0.025252779761657886,0.6666666666666666,1.3333333333333333,3.0,one_month_score_to_return,benchmark-relative active-return diagnostic; not a benchmark-relative optimizer
benchmark_outperform_1m | ObjectiveSpecific[benchmark_outperform_1m][XGBoost light] Calibrated,benchmark_outperform_1m,ObjectiveSpecific[benchmark_outperform_1m][XGBoost light] Calibrated,2026-01,1,forward_1m_vs_benchmark_return,target_outperform_benchmark_next_1m,0.08559642941561177,0.04511747673968486,0.04047895267592691,1.0,0.6666666666666666,3.0,one_month_score_to_return,benchmark-relative active-return diagnostic; not a benchmark-relative optimizer
benchmark_outperform_1m | ObjectiveSpecific[benchmark_outperform_1m][XGBoost light] Calibrated,benchmark_outperform_1m,ObjectiveSpecific[benchmark_outperform_1m][XGBoost light] Calibrated,2026-02,1,forward_1m_vs_benchmark_return,target_outperform_benchmark_next_1m,-0.003123834174998656,0.0007835705732760379,-0.003907404748274694,0.3333333333333333,0.6666666666666666,3.0,one_month_score_to_return,benchmark-relative active-return diagnostic; not a benchmark-relative optimizer
benchmark_outperform_1m | ObjectiveSpecific[benchmark_outperform_1m][XGBoost light] Calibrated,benchmark_outperform_1m,ObjectiveSpecific[benchmark_outperform_1m][XGBoost light] Calibrated,2026-03,1,forward_1m_vs_benchmark_return,target_outperform_benchmark_next_1m,-0.06984529795562866,-0.05033212269387087,-0.01951317526175779,0.3333333333333333,1.3333333333333333,3.0,one_month_score_to_return,benchmark-relative active-return diagnostic; not a benchmark-relative optimizer
benchmark_outperform_1m | ObjectiveSpecific[benchmark_outperform_1m][XGBoost searched],benchmark_outperform_1m,ObjectiveSpecific[benchmark_outperform_1m][XGBoost searched],2020-01,1,forward_1m_vs_benchmark_return,target_outperform_benchmark_next_1m,-0.00641682770063634,0.03133617022397593,-0.03775299792461227,0.3333333333333333,1.0,3.0,one_month_score_to_return,benchmark-relative active-return diagnostic; not a benchmark-relative optimizer
benchmark_outperform_1m | ObjectiveSpecific[benchmark_outperform_1m][XGBoost searched],benchmark_outperform_1m,ObjectiveSpecific[benchmark_outperform_1m][XGBoost searched],2020-02,1,forward_1m_vs_benchmark_return,target_outperform_benchmark_next_1m,-0.08505830305070791,0.022393414747409225,-0.10745171779811713,0.3333333333333333,0.6666666666666666,3.0,one_month_score_to_return,benchmark-relative active-return diagnostic; not a benchmark-relative optimizer
benchmark_outperform_1m | ObjectiveSpecific[benchmark_outperform_1m][XGBoost searched],benchmark_outperform_1m,ObjectiveSpecific[benchmark_outperform_1m][XGBoost searched],2020-03,1,forward_1m_vs_benchmark_return,target_outperform_benchmark_next_1m,0.026787027852299694,-0.03550292307825642,0.062289950930556115,0.3333333333333333,0.6666666666666666,3.0,one_month_score_to_return,benchmark-relative active-return diagnostic; not a benchmark-relative optimizer
benchmark_outperform_1m | ObjectiveSpecific[benchmark_outperform_1m][XGBoost searched],benchmark_outperform_1m,ObjectiveSpecific[benchmark_outperform_1m][XGBoost searched],2020-04,1,forward_1m_vs_benchmark_return,target_outperform_benchmark_next_1m,-0.008794376730749748,-0.0158793410340884,0.007084964303338652,0.3333333333333333,1.3333333333333333,3.0,one_month_score_to_return,benchmark-relative active-return diagnostic; not a benchmark-relative optimizer
benchmark_outperform_1m | ObjectiveSpecific[benchmark_outperform_1m][XGBoost searched],benchmark_outperform_1m,ObjectiveSpecific[benchmark_outperform_1m][XGBoost searched],2020-05,1,forward_1m_vs_benchmark_return,target_outperform_benchmark_next_1m,-0.015830652927301715,-0.0006214973857633588,-0.015209155541538356,0.3333333333333333,0.6666666666666666,3.0,one_month_score_to_return,benchmark-relative active-return diagnostic; not a benchmark-relative optimizer
benchmark_outperform_1m | ObjectiveSpecific[benchmark_outperform_1m][XGBoost searched],benchmark_outperform_1m,ObjectiveSpecific[benchmark_outperform_1m][XGBoost searched],2020-06,1,forward_1m_vs_benchmark_return,target_outperform_benchmark_next_1m,-0.05440370829272963,-0.01753678041166353,-0.036866927881066096,0.0,0.0,3.0,one_month_score_to_return,benchmark-relative active-return diagnostic; not a benchmark-relative optimizer
benchmark_outperform_1m | ObjectiveSpecific[benchmark_outperform_1m][XGBoost searched],benchmark_outperform_1m,ObjectiveSpecific[benchmark_outperform_1m][XGBoost searched],2020-07,1,forward_1m_vs_benchmark_return,target_outperform_benchmark_next_1m,-0.04494828717932168,-0.03934959506884729,-0.005598692110474389,0.0,0.0,3.0,one_month_score_to_return,benchmark-relative active-return diagnostic; not a benchmark-relative optimizer
benchmark_outperform_1m | ObjectiveSpecific[benchmark_outperform_1m][XGBoost searched],benchmark_outperform_1m,ObjectiveSpecific[benchmark_outperform_1m][XGBoost searched],2020-08,1,forward_1m_vs_benchmark_return,target_outperform_benchmark_next_1m,-0.025157988226193934,-0.0032288541175911623,-0.021929134108602772,0.6666666666666666,0.6666666666666666,3.0,one_month_score_to_return,benchmark-relative active-return diagnostic; not a benchmark-relative optimizer
benchmark_outperform_1m | ObjectiveSpecific[benchmark_outperform_1m][XGBoost searched],benchmark_outperform_1m,ObjectiveSpecific[benchmark_outperform_1m][XGBoost searched],2020-09,1,forward_1m_vs_benchmark_return,target_outperform_benchmark_next_1m,0.020415807232300187,0.012560754818217678,0.007855052414082509,0.6666666666666666,1.3333333333333333,3.0,one_month_score_to_return,benchmark-relative active-return diagnostic; not a benchmark-relative optimizer
benchmark_outperform_1m | ObjectiveSpecific[benchmark_outperform_1m][XGBoost searched],benchmark_outperform_1m,ObjectiveSpecific[benchmark_outperform_1m][XGBoost searched],2020-10,1,forward_1m_vs_benchmark_return,target_outperform_benchmark_next_1m,0.04879139542945521,0.0002606665267982589,0.04853072890265695,1.0,0.0,3.0,one_month_score_to_return,benchmark-relative active-return diagnostic; not a benchmark-relative optimizer
benchmark_outperform_1m | ObjectiveSpecific[benchmark_outperform_1m][XGBoost searched],benchmark_outperform_1m,ObjectiveSpecific[benchmark_outperform_1m][XGBoost searched],2020-11,1,forward_1m_vs_benchmark_return,target_outperform_benchmark_next_1m,0.02000860609079121,0.010563675981205212,0.009444930109585997,0.6666666666666666,0.6666666666666666,3.0,one_month_score_to_return,benchmark-relative active-return diagnostic; not a benchmark-relative optimizer
benchmark_outperform_1m | ObjectiveSpecific[benchmark_outperform_1m][XGBoost searched],benchmark_outperform_1m,ObjectiveSpecific[benchmark_outperform_1m][XGBoost searched],2020-12,1,forward_1m_vs_benchmark_return,target_outperform_benchmark_next_1m,0.003769878220441095,0.007033795673201426,-0.003263917452760331,0.3333333333333333,1.3333333333333333,3.0,one_month_score_to_return,benchmark-relative active-return diagnostic; not a benchmark-relative optimizer
benchmark_outperform_1m | ObjectiveSpecific[benchmark_outperform_1m][XGBoost searched],benchmark_outperform_1m,ObjectiveSpecific[benchmark_outperform_1m][XGBoost searched],2021-01,1,forward_1m_vs_benchmark_return,target_outperform_benchmark_next_1m,-0.014549665352586245,0.00196771063984712,-0.016517375992433365,0.3333333333333333,1.3333333333333333,3.0,one_month_score_to_return,benchmark-relative active-return diagnostic; not a benchmark-relative optimizer
benchmark_outperform_1m | ObjectiveSpecific[benchmark_outperform_1m][XGBoost searched],benchmark_outperform_1m,ObjectiveSpecific[benchmark_outperform_1m][XGBoost searched],2021-02,1,forward_1m_vs_benchmark_return,target_outperform_benchmark_next_1m,-0.030617040609526303,-0.032269148942206824,0.0016521083326805214,0.0,0.6666666666666666,3.0,one_month_score_to_return,benchmark-relative active-return diagnostic; not a benchmark-relative optimizer
benchmark_outperform_1m | ObjectiveSpecific[benchmark_outperform_1m][XGBoost searched],benchmark_outperform_1m,ObjectiveSpecific[benchmark_outperform_1m][XGBoost searched],2021-03,1,forward_1m_vs_benchmark_return,target_outperform_benchmark_next_1m,-0.02430391642450025,-0.022275390614571212,-0.002028525809929037,0.0,0.0,3.0,one_month_score_to_return,benchmark-relative active-return diagnostic; not a benchmark-relative optimizer
benchmark_outperform_1m | ObjectiveSpecific[benchmark_outperform_1m][XGBoost searched],benchmark_outperform_1m,ObjectiveSpecific[benchmark_outperform_1m][XGBoost searched],2021-04,1,forward_1m_vs_benchmark_return,target_outperform_benchmark_next_1m,0.022176418956682837,0.01770387108145205,0.0044725478752307875,0.6666666666666666,0.6666666666666666,3.0,one_month_score_to_return,benchmark-relative active-return diagnostic; not a benchmark-relative optimizer
benchmark_outperform_1m | ObjectiveSpecific[benchmark_outperform_1m][XGBoost searched],benchmark_outperform_1m,ObjectiveSpecific[benchmark_outperform_1m][XGBoost searched],2021-05,1,forward_1m_vs_benchmark_return,target_outperform_benchmark_next_1m,0.011926310413678051,-0.012255583078462551,0.024181893492140602,0.6666666666666666,1.3333333333333333,3.0,one_month_score_to_return,benchmark-relative active-return diagnostic; not a benchmark-relative optimizer
benchmark_outperform_1m | ObjectiveSpecific[benchmark_outperform_1m][XGBoost searched],benchmark_outperform_1m,ObjectiveSpecific[benchmark_outperform_1m][XGBoost searched],2021-06,1,forward_1m_vs_benchmark_return,target_outperform_benchmark_next_1m,-0.009262666148102006,-0.031206124362265275,0.02194345821416327,0.3333333333333333,1.3333333333333333,3.0,one_month_score_to_return,benchmark-relative active-return diagnostic; not a benchmark-relative optimizer
benchmark_outperform_1m | ObjectiveSpecific[benchmark_outperform_1m][XGBoost searched],benchmark_outperform_1m,ObjectiveSpecific[benchmark_outperform_1m][XGBoost searched],2021-07,1,forward_1m_vs_benchmark_return,target_outperform_benchmark_next_1m,-0.02408074112804596,-0.013964370925638948,-0.01011637020240701,0.0,1.9999999999999998,3.0,one_month_score_to_return,benchmark-relative active-return diagnostic; not a benchmark-relative optimizer
benchmark_outperform_1m | ObjectiveSpecific[benchmark_outperform_1m][XGBoost searched],benchmark_outperform_1m,ObjectiveSpecific[benchmark_outperform_1m][XGBoost searched],2021-08,1,forward_1m_vs_benchmark_return,target_outperform_benchmark_next_1m,0.009083953924203431,0.023683913535058988,-0.014599959610855556,0.6666666666666666,1.9999999999999998,3.0,one_month_score_to_return,benchmark-relative active-return diagnostic; not a benchmark-relative optimizer
benchmark_outperform_1m | ObjectiveSpecific[benchmark_outperform_1m][XGBoost searched],benchmark_outperform_1m,ObjectiveSpecific[benchmark_outperform_1m][XGBoost searched],2021-09,1,forward_1m_vs_benchmark_return,target_outperform_benchmark_next_1m,-0.002169707446177283,-0.024346915363157095,0.022177207916979812,0.6666666666666666,1.3333333333333333,3.0,one_month_score_to_return,benchmark-relative active-return diagnostic; not a benchmark-relative optimizer
benchmark_outperform_1m | ObjectiveSpecific[benchmark_outperform_1m][XGBoost searched],benchmark_outperform_1m,ObjectiveSpecific[benchmark_outperform_1m][XGBoost searched],2021-10,1,forward_1m_vs_benchmark_return,target_outperform_benchmark_next_1m,-0.020350110454779708,-0.012943878122373464,-0.007406232332406244,0.3333333333333333,1.9999999999999998,3.0,one_month_score_to_return,benchmark-relative active-return diagnostic; not a benchmark-relative optimizer
benchmark_outperform_1m | ObjectiveSpecific[benchmark_outperform_1m][XGBoost searched],benchmark_outperform_1m,ObjectiveSpecific[benchmark_outperform_1m][XGBoost searched],2021-11,1,forward_1m_vs_benchmark_return,target_outperform_benchmark_next_1m,-0.021770827729788923,-0.02599876445519559,0.004227936725406667,0.0,1.9999999999999998,3.0,one_month_score_to_return,benchmark-relative active-return diagnostic; not a benchmark-relative optimizer
benchmark_outperform_1m | ObjectiveSpecific[benchmark_outperform_1m][XGBoost searched],benchmark_outperform_1m,ObjectiveSpecific[benchmark_outperform_1m][XGBoost searched],2021-12,1,forward_1m_vs_benchmark_return,target_outperform_benchmark_next_1m,0.08020062971634663,0.03907461624306445,0.04112601347328218,0.6666666666666666,1.3333333333333333,3.0,one_month_score_to_return,benchmark-relative active-return diagnostic; not a benchmark-relative optimizer
benchmark_outperform_1m | ObjectiveSpecific[benchmark_outperform_1m][XGBoost searched],benchmark_outperform_1m,ObjectiveSpecific[benchmark_outperform_1m][XGBoost searched],2022-01,1,forward_1m_vs_benchmark_return,target_outperform_benchmark_next_1m,0.021204706631302656,0.028422287237314714,-0.007217580606012058,0.3333333333333333,1.3333333333333333,3.0,one_month_score_to_return,benchmark-relative active-return diagnostic; not a benchmark-relative optimizer
benchmark_outperform_1m | ObjectiveSpecific[benchmark_outperform_1m][XGBoost searched],benchmark_outperform_1m,ObjectiveSpecific[benchmark_outperform_1m][XGBoost searched],2022-02,1,forward_1m_vs_benchmark_return,target_outperform_benchmark_next_1m,-0.04568873680482314,-0.03586599059156407,-0.00982274621325907,0.3333333333333333,0.6666666666666666,3.0,one_month_score_to_return,benchmark-relative active-return diagnostic; not a benchmark-relative optimizer
benchmark_outperform_1m | ObjectiveSpecific[benchmark_outperform_1m][XGBoost searched],benchmark_outperform_1m,ObjectiveSpecific[benchmark_outperform_1m][XGBoost searched],2022-03,1,forward_1m_vs_benchmark_return,target_outperform_benchmark_next_1m,-0.00037526403341447967,0.013382878751480842,-0.013758142784895322,0.3333333333333333,0.6666666666666666,3.0,one_month_score_to_return,benchmark-relative active-return diagnostic; not a benchmark-relative optimizer
benchmark_outperform_1m | ObjectiveSpecific[benchmark_outperform_1m][XGBoost searched],benchmark_outperform_1m,ObjectiveSpecific[benchmark_outperform_1m][XGBoost searched],2022-04,1,forward_1m_vs_benchmark_return,target_outperform_benchmark_next_1m,-0.010255756263224464,0.01788095791349519,-0.028136714176719653,0.0,0.0,3.0,one_month_score_to_return,benchmark-relative active-return diagnostic; not a benchmark-relative optimizer
benchmark_outperform_1m | ObjectiveSpecific[benchmark_outperform_1m][XGBoost searched],benchmark_outperform_1m,ObjectiveSpecific[benchmark_outperform_1m][XGBoost searched],2022-05,1,forward_1m_vs_benchmark_return,target_outperform_benchmark_next_1m,0.01598273870632616,0.012138673281936564,0.003844065424389597,0.3333333333333333,0.0,3.0,one_month_score_to_return,benchmark-relative active-return diagnostic; not a benchmark-relative optimizer
benchmark_outperform_1m | ObjectiveSpecific[benchmark_outperform_1m][XGBoost searched],benchmark_outperform_1m,ObjectiveSpecific[benchmark_outperform_1m][XGBoost searched],2022-06,1,forward_1m_vs_benchmark_return,target_outperform_benchmark_next_1m,-0.04177817449967377,-0.033056193063750315,-0.008721981435923454,0.3333333333333333,0.6666666666666666,3.0,one_month_score_to_return,benchmark-relative active-return diagnostic; not a benchmark-relative optimizer
benchmark_outperform_1m | ObjectiveSpecific[benchmark_outperform_1m][XGBoost searched],benchmark_outperform_1m,ObjectiveSpecific[benchmark_outperform_1m][XGBoost searched],2022-07,1,forward_1m_vs_benchmark_return,target_outperform_benchmark_next_1m,-0.008414037487177544,0.0051557236419845776,-0.013569761129162122,0.3333333333333333,1.3333333333333333,3.0,one_month_score_to_return,benchmark-relative active-return diagnostic; not a benchmark-relative optimizer
benchmark_outperform_1m | ObjectiveSpecific[benchmark_outperform_1m][XGBoost searched],benchmark_outperform_1m,ObjectiveSpecific[benchmark_outperform_1m][XGBoost searched],2022-08,1,forward_1m_vs_benchmark_return,target_outperform_benchmark_next_1m,0.004267045566725894,0.014453647456911967,-0.010186601890186072,0.6666666666666666,0.0,3.0,one_month_score_to_return,benchmark-relative active-return diagnostic; not a benchmark-relative optimizer
benchmark_outperform_1m | ObjectiveSpecific[benchmark_outperform_1m][XGBoost searched],benchmark_outperform_1m,ObjectiveSpecific[benchmark_outperform_1m][XGBoost searched],2022-09,1,forward_1m_vs_benchmark_return,target_outperform_benchmark_next_1m,-0.03289993335760506,-0.02452065353230872,-0.008379279825296342,0.3333333333333333,0.6666666666666666,3.0,one_month_score_to_return,benchmark-relative active-return diagnostic; not a benchmark-relative optimizer
benchmark_outperform_1m | ObjectiveSpecific[benchmark_outperform_1m][XGBoost searched],benchmark_outperform_1m,ObjectiveSpecific[benchmark_outperform_1m][XGBoost searched],2022-10,1,forward_1m_vs_benchmark_return,target_outperform_benchmark_next_1m,-0.006384564642580489,0.012869829528433541,-0.01925439417101403,0.3333333333333333,0.6666666666666666,3.0,one_month_score_to_return,benchmark-relative active-return diagnostic; not a benchmark-relative optimizer
benchmark_outperform_1m | ObjectiveSpecific[benchmark_outperform_1m][XGBoost searched],benchmark_outperform_1m,ObjectiveSpecific[benchmark_outperform_1m][XGBoost searched],2022-11,1,forward_1m_vs_benchmark_return,target_outperform_benchmark_next_1m,0.00153696972302079,0.023769146553936416,-0.022232176830915627,0.3333333333333333,0.6666666666666666,3.0,one_month_score_to_return,benchmark-relative active-return diagnostic; not a benchmark-relative optimizer
benchmark_outperform_1m | ObjectiveSpecific[benchmark_outperform_1m][XGBoost searched],benchmark_outperform_1m,ObjectiveSpecific[benchmark_outperform_1m][XGBoost searched],2022-12,1,forward_1m_vs_benchmark_return,target_outperform_benchmark_next_1m,0.015264028001578703,0.006416642811624418,0.008847385189954284,0.6666666666666666,0.6666666666666666,3.0,one_month_score_to_return,benchmark-relative active-return diagnostic; not a benchmark-relative optimizer
benchmark_outperform_1m | ObjectiveSpecific[benchmark_outperform_1m][XGBoost searched],benchmark_outperform_1m,ObjectiveSpecific[benchmark_outperform_1m][XGBoost searched],2023-01,1,forward_1m_vs_benchmark_return,target_outperform_benchmark_next_1m,0.0046656951569977,-0.011101318737195064,0.015767013894192765,0.6666666666666666,0.0,3.0,one_month_score_to_return,benchmark-relative active-return diagnostic; not a benchmark-relative optimizer
benchmark_outperform_1m | ObjectiveSpecific[benchmark_outperform_1m][XGBoost searched],benchmark_outperform_1m,ObjectiveSpecific[benchmark_outperform_1m][XGBoost searched],2023-02,1,forward_1m_vs_benchmark_return,target_outperform_benchmark_next_1m,-0.00595892332606107,-0.014783447794941462,0.008824524468880391,0.6666666666666666,0.6666666666666666,3.0,one_month_score_to_return,benchmark-relative active-return diagnostic; not a benchmark-relative optimizer
benchmark_outperform_1m | ObjectiveSpecific[benchmark_outperform_1m][XGBoost searched],benchmark_outperform_1m,ObjectiveSpecific[benchmark_outperform_1m][XGBoost searched],2023-03,1,forward_1m_vs_benchmark_return,target_outperform_benchmark_next_1m,-0.02880499773542592,-0.011793313480217116,-0.017011684255208805,0.0,0.6666666666666666,3.0,one_month_score_to_return,benchmark-relative active-return diagnostic; not a benchmark-relative optimizer
benchmark_outperform_1m | ObjectiveSpecific[benchmark_outperform_1m][XGBoost searched],benchmark_outperform_1m,ObjectiveSpecific[benchmark_outperform_1m][XGBoost searched],2023-04,1,forward_1m_vs_benchmark_return,target_outperform_benchmark_next_1m,0.01225257088644205,-0.02057280951054028,0.03282538039698233,0.3333333333333333,0.6666666666666666,3.0,one_month_score_to_return,benchmark-relative active-return diagnostic; not a benchmark-relative optimizer
benchmark_outperform_1m | ObjectiveSpecific[benchmark_outperform_1m][XGBoost searched],benchmark_outperform_1m,ObjectiveSpecific[benchmark_outperform_1m][XGBoost searched],2023-05,1,forward_1m_vs_benchmark_return,target_outperform_benchmark_next_1m,-0.050297316032359575,-0.024440001652566056,-0.02585731437979352,0.3333333333333333,0.6666666666666666,3.0,one_month_score_to_return,benchmark-relative active-return diagnostic; not a benchmark-relative optimizer
benchmark_outperform_1m | ObjectiveSpecific[benchmark_outperform_1m][XGBoost searched],benchmark_outperform_1m,ObjectiveSpecific[benchmark_outperform_1m][XGBoost searched],2023-06,1,forward_1m_vs_benchmark_return,target_outperform_benchmark_next_1m,0.008660548201408602,-0.00422574774096589,0.012886295942374493,0.6666666666666666,1.3333333333333333,3.0,one_month_score_to_return,benchmark-relative active-return diagnostic; not a benchmark-relative optimizer
benchmark_outperform_1m | ObjectiveSpecific[benchmark_outperform_1m][XGBoost searched],benchmark_outperform_1m,ObjectiveSpecific[benchmark_outperform_1m][XGBoost searched],2023-07,1,forward_1m_vs_benchmark_return,target_outperform_benchmark_next_1m,0.01649962475390624,-0.006595351247995396,0.023094976001901635,1.0,0.6666666666666666,3.0,one_month_score_to_return,benchmark-relative active-return diagnostic; not a benchmark-relative optimizer
benchmark_outperform_1m | ObjectiveSpecific[benchmark_outperform_1m][XGBoost searched],benchmark_outperform_1m,ObjectiveSpecific[benchmark_outperform_1m][XGBoost searched],2023-08,1,forward_1m_vs_benchmark_return,target_outperform_benchmark_next_1m,0.010326175608602457,0.007258135037535219,0.003068040571067238,0.6666666666666666,0.6666666666666666,3.0,one_month_score_to_return,benchmark-relative active-return diagnostic; not a benchmark-relative optimizer
benchmark_outperform_1m | ObjectiveSpecific[benchmark_outperform_1m][XGBoost searched],benchmark_outperform_1m,ObjectiveSpecific[benchmark_outperform_1m][XGBoost searched],2023-09,1,forward_1m_vs_benchmark_return,target_outperform_benchmark_next_1m,0.01528806697803716,-0.002201282632030288,0.01748934961006745,0.3333333333333333,0.6666666666666666,3.0,one_month_score_to_return,benchmark-relative active-return diagnostic; not a benchmark-relative optimizer
benchmark_outperform_1m | ObjectiveSpecific[benchmark_outperform_1m][XGBoost searched],benchmark_outperform_1m,ObjectiveSpecific[benchmark_outperform_1m][XGBoost searched],2023-10,1,forward_1m_vs_benchmark_return,target_outperform_benchmark_next_1m,-0.014334391538364317,-0.01934109106259093,0.005006699524226613,0.6666666666666666,0.6666666666666666,3.0,one_month_score_to_return,benchmark-relative active-return diagnostic; not a benchmark-relative optimizer
benchmark_outperform_1m | ObjectiveSpecific[benchmark_outperform_1m][XGBoost searched],benchmark_outperform_1m,ObjectiveSpecific[benchmark_outperform_1m][XGBoost searched],2023-11,1,forward_1m_vs_benchmark_return,target_outperform_benchmark_next_1m,-0.013509239031190315,0.006712072291699345,-0.020221311322889658,0.0,1.3333333333333333,3.0,one_month_score_to_return,benchmark-relative active-return diagnostic; not a benchmark-relative optimizer
benchmark_outperform_1m | ObjectiveSpecific[benchmark_outperform_1m][XGBoost searched],benchmark_outperform_1m,ObjectiveSpecific[benchmark_outperform_1m][XGBoost searched],2023-12,1,forward_1m_vs_benchmark_return,target_outperform_benchmark_next_1m,-0.04160219830094987,-0.023214125106761907,-0.018388073194187962,0.0,0.6666666666666666,3.0,one_month_score_to_return,benchmark-relative active-return diagnostic; not a benchmark-relative optimizer
benchmark_outperform_1m | ObjectiveSpecific[benchmark_outperform_1m][XGBoost searched],benchmark_outperform_1m,ObjectiveSpecific[benchmark_outperform_1m][XGBoost searched],2024-01,1,forward_1m_vs_benchmark_return,target_outperform_benchmark_next_1m,-0.008031882975699048,-0.025899008441818583,0.017867125466119536,0.3333333333333333,1.9999999999999998,3.0,one_month_score_to_return,benchmark-relative active-return diagnostic; not a benchmark-relative optimizer
benchmark_outperform_1m | ObjectiveSpecific[benchmark_outperform_1m][XGBoost searched],benchmark_outperform_1m,ObjectiveSpecific[benchmark_outperform_1m][XGBoost searched],2024-02,1,forward_1m_vs_benchmark_return,target_outperform_benchmark_next_1m,0.006794819554938103,0.005908240360692174,0.0008865791942459286,0.3333333333333333,1.9999999999999998,3.0,one_month_score_to_return,benchmark-relative active-return diagnostic; not a benchmark-relative optimizer
benchmark_outperform_1m | ObjectiveSpecific[benchmark_outperform_1m][XGBoost searched],benchmark_outperform_1m,ObjectiveSpecific[benchmark_outperform_1m][XGBoost searched],2024-03,1,forward_1m_vs_benchmark_return,target_outperform_benchmark_next_1m,0.018879542060291153,0.012228564971541378,0.0066509770887497755,0.3333333333333333,1.3333333333333333,3.0,one_month_score_to_return,benchmark-relative active-return diagnostic; not a benchmark-relative optimizer
benchmark_outperform_1m | ObjectiveSpecific[benchmark_outperform_1m][XGBoost searched],benchmark_outperform_1m,ObjectiveSpecific[benchmark_outperform_1m][XGBoost searched],2024-04,1,forward_1m_vs_benchmark_return,target_outperform_benchmark_next_1m,-0.001581119395727951,-0.01923693208204601,0.017655812686318058,0.3333333333333333,1.3333333333333333,3.0,one_month_score_to_return,benchmark-relative active-return diagnostic; not a benchmark-relative optimizer
benchmark_outperform_1m | ObjectiveSpecific[benchmark_outperform_1m][XGBoost searched],benchmark_outperform_1m,ObjectiveSpecific[benchmark_outperform_1m][XGBoost searched],2024-05,1,forward_1m_vs_benchmark_return,target_outperform_benchmark_next_1m,-0.010419906712794615,-0.027378028510983476,0.016958121798188862,0.3333333333333333,0.6666666666666666,3.0,one_month_score_to_return,benchmark-relative active-return diagnostic; not a benchmark-relative optimizer
benchmark_outperform_1m | ObjectiveSpecific[benchmark_outperform_1m][XGBoost searched],benchmark_outperform_1m,ObjectiveSpecific[benchmark_outperform_1m][XGBoost searched],2024-06,1,forward_1m_vs_benchmark_return,target_outperform_benchmark_next_1m,0.04566654980939651,0.01954106312652395,0.02612548668287256,0.6666666666666666,1.9999999999999998,3.0,one_month_score_to_return,benchmark-relative active-return diagnostic; not a benchmark-relative optimizer
benchmark_outperform_1m | ObjectiveSpecific[benchmark_outperform_1m][XGBoost searched],benchmark_outperform_1m,ObjectiveSpecific[benchmark_outperform_1m][XGBoost searched],2024-07,1,forward_1m_vs_benchmark_return,target_outperform_benchmark_next_1m,0.005600317130626104,-0.004284417190004908,0.009884734320631012,0.6666666666666666,1.9999999999999998,3.0,one_month_score_to_return,benchmark-relative active-return diagnostic; not a benchmark-relative optimizer
benchmark_outperform_1m | ObjectiveSpecific[benchmark_outperform_1m][XGBoost searched],benchmark_outperform_1m,ObjectiveSpecific[benchmark_outperform_1m][XGBoost searched],2024-08,1,forward_1m_vs_benchmark_return,target_outperform_benchmark_next_1m,-0.0017210511614854651,-0.0038420343728073013,0.0021209832113218362,0.6666666666666666,0.6666666666666666,3.0,one_month_score_to_return,benchmark-relative active-return diagnostic; not a benchmark-relative optimizer
benchmark_outperform_1m | ObjectiveSpecific[benchmark_outperform_1m][XGBoost searched],benchmark_outperform_1m,ObjectiveSpecific[benchmark_outperform_1m][XGBoost searched],2024-09,1,forward_1m_vs_benchmark_return,target_outperform_benchmark_next_1m,0.0032293598315792354,-0.00494225617225591,0.008171616003835145,0.3333333333333333,0.6666666666666666,3.0,one_month_score_to_return,benchmark-relative active-return diagnostic; not a benchmark-relative optimizer
benchmark_outperform_1m | ObjectiveSpecific[benchmark_outperform_1m][XGBoost searched],benchmark_outperform_1m,ObjectiveSpecific[benchmark_outperform_1m][XGBoost searched],2024-10,1,forward_1m_vs_benchmark_return,target_outperform_benchmark_next_1m,-0.04894328720920371,-0.023371349336394776,-0.025571937872808936,0.0,1.3333333333333333,3.0,one_month_score_to_return,benchmark-relative active-return diagnostic; not a benchmark-relative optimizer
benchmark_outperform_1m | ObjectiveSpecific[benchmark_outperform_1m][XGBoost searched],benchmark_outperform_1m,ObjectiveSpecific[benchmark_outperform_1m][XGBoost searched],2024-11,1,forward_1m_vs_benchmark_return,target_outperform_benchmark_next_1m,-0.01648908395798458,-0.015637106485766727,-0.0008519774722178519,0.6666666666666666,1.3333333333333333,3.0,one_month_score_to_return,benchmark-relative active-return diagnostic; not a benchmark-relative optimizer
benchmark_outperform_1m | ObjectiveSpecific[benchmark_outperform_1m][XGBoost searched],benchmark_outperform_1m,ObjectiveSpecific[benchmark_outperform_1m][XGBoost searched],2024-12,1,forward_1m_vs_benchmark_return,target_outperform_benchmark_next_1m,-0.0033243971810128494,0.011702873535321201,-0.01502727071633405,0.3333333333333333,1.3333333333333333,3.0,one_month_score_to_return,benchmark-relative active-return diagnostic; not a benchmark-relative optimizer
benchmark_outperform_1m | ObjectiveSpecific[benchmark_outperform_1m][XGBoost searched],benchmark_outperform_1m,ObjectiveSpecific[benchmark_outperform_1m][XGBoost searched],2025-01,1,forward_1m_vs_benchmark_return,target_outperform_benchmark_next_1m,-0.009555640585920473,0.016771693103579656,-0.02632733368950013,0.3333333333333333,0.6666666666666666,3.0,one_month_score_to_return,benchmark-relative active-return diagnostic; not a benchmark-relative optimizer
benchmark_outperform_1m | ObjectiveSpecific[benchmark_outperform_1m][XGBoost searched],benchmark_outperform_1m,ObjectiveSpecific[benchmark_outperform_1m][XGBoost searched],2025-02,1,forward_1m_vs_benchmark_return,target_outperform_benchmark_next_1m,0.057732053805975195,0.04705797470717789,0.010674079098797307,0.6666666666666666,0.6666666666666666,3.0,one_month_score_to_return,benchmark-relative active-return diagnostic; not a benchmark-relative optimizer
benchmark_outperform_1m | ObjectiveSpecific[benchmark_outperform_1m][XGBoost searched],benchmark_outperform_1m,ObjectiveSpecific[benchmark_outperform_1m][XGBoost searched],2025-03,1,forward_1m_vs_benchmark_return,target_outperform_benchmark_next_1m,0.022527228413119937,-0.012843919595290066,0.03537114800841,1.0,0.6666666666666666,3.0,one_month_score_to_return,benchmark-relative active-return diagnostic; not a benchmark-relative optimizer
benchmark_outperform_1m | ObjectiveSpecific[benchmark_outperform_1m][XGBoost searched],benchmark_outperform_1m,ObjectiveSpecific[benchmark_outperform_1m][XGBoost searched],2025-04,1,forward_1m_vs_benchmark_return,target_outperform_benchmark_next_1m,-0.05462497284887469,-0.016931500017870173,-0.037693472831004514,0.0,1.3333333333333333,3.0,one_month_score_to_return,benchmark-relative active-return diagnostic; not a benchmark-relative optimizer
benchmark_outperform_1m | ObjectiveSpecific[benchmark_outperform_1m][XGBoost searched],benchmark_outperform_1m,ObjectiveSpecific[benchmark_outperform_1m][XGBoost searched],2025-05,1,forward_1m_vs_benchmark_return,target_outperform_benchmark_next_1m,-0.008252185194281317,-0.014617440536922344,0.006365255342641027,0.3333333333333333,1.3333333333333333,3.0,one_month_score_to_return,benchmark-relative active-return diagnostic; not a benchmark-relative optimizer
benchmark_outperform_1m | ObjectiveSpecific[benchmark_outperform_1m][XGBoost searched],benchmark_outperform_1m,ObjectiveSpecific[benchmark_outperform_1m][XGBoost searched],2025-06,1,forward_1m_vs_benchmark_return,target_outperform_benchmark_next_1m,-0.00806991383285379,-0.012803482804720823,0.0047335689718670335,0.3333333333333333,0.6666666666666666,3.0,one_month_score_to_return,benchmark-relative active-return diagnostic; not a benchmark-relative optimizer
benchmark_outperform_1m | ObjectiveSpecific[benchmark_outperform_1m][XGBoost searched],benchmark_outperform_1m,ObjectiveSpecific[benchmark_outperform_1m][XGBoost searched],2025-07,1,forward_1m_vs_benchmark_return,target_outperform_benchmark_next_1m,-0.0021997979654770896,0.00715169756416546,-0.00935149552964255,0.3333333333333333,1.3333333333333333,3.0,one_month_score_to_return,benchmark-relative active-return diagnostic; not a benchmark-relative optimizer
benchmark_outperform_1m | ObjectiveSpecific[benchmark_outperform_1m][XGBoost searched],benchmark_outperform_1m,ObjectiveSpecific[benchmark_outperform_1m][XGBoost searched],2025-08,1,forward_1m_vs_benchmark_return,target_outperform_benchmark_next_1m,-0.0048253279665373405,0.00124477081089287,-0.006070098777430211,0.6666666666666666,0.6666666666666666,3.0,one_month_score_to_return,benchmark-relative active-return diagnostic; not a benchmark-relative optimizer
benchmark_outperform_1m | ObjectiveSpecific[benchmark_outperform_1m][XGBoost searched],benchmark_outperform_1m,ObjectiveSpecific[benchmark_outperform_1m][XGBoost searched],2025-09,1,forward_1m_vs_benchmark_return,target_outperform_benchmark_next_1m,-0.023521086465184027,-0.016143917238419857,-0.007377169226764169,0.3333333333333333,0.6666666666666666,3.0,one_month_score_to_return,benchmark-relative active-return diagnostic; not a benchmark-relative optimizer
benchmark_outperform_1m | ObjectiveSpecific[benchmark_outperform_1m][XGBoost searched],benchmark_outperform_1m,ObjectiveSpecific[benchmark_outperform_1m][XGBoost searched],2025-10,1,forward_1m_vs_benchmark_return,target_outperform_benchmark_next_1m,0.012633702271543848,0.01320203914472472,-0.0005683368731808722,0.6666666666666666,0.0,3.0,one_month_score_to_return,benchmark-relative active-return diagnostic; not a benchmark-relative optimizer
benchmark_outperform_1m | ObjectiveSpecific[benchmark_outperform_1m][XGBoost searched],benchmark_outperform_1m,ObjectiveSpecific[benchmark_outperform_1m][XGBoost searched],2025-11,1,forward_1m_vs_benchmark_return,target_outperform_benchmark_next_1m,0.005022005499225268,0.003942861765199579,0.0010791437340256895,0.3333333333333333,0.6666666666666666,3.0,one_month_score_to_return,benchmark-relative active-return diagnostic; not a benchmark-relative optimizer
benchmark_outperform_1m | ObjectiveSpecific[benchmark_outperform_1m][XGBoost searched],benchmark_outperform_1m,ObjectiveSpecific[benchmark_outperform_1m][XGBoost searched],2025-12,1,forward_1m_vs_benchmark_return,target_outperform_benchmark_next_1m,0.03354658495041204,0.025068354683240056,0.008478230267171982,0.3333333333333333,0.6666666666666666,3.0,one_month_score_to_return,benchmark-relative active-return diagnostic; not a benchmark-relative optimizer
benchmark_outperform_1m | ObjectiveSpecific[benchmark_outperform_1m][XGBoost searched],benchmark_outperform_1m,ObjectiveSpecific[benchmark_outperform_1m][XGBoost searched],2026-01,1,forward_1m_vs_benchmark_return,target_outperform_benchmark_next_1m,0.016799955008933054,0.04511747673968486,-0.028317521730751805,0.6666666666666666,1.3333333333333333,3.0,one_month_score_to_return,benchmark-relative active-return diagnostic; not a benchmark-relative optimizer
benchmark_outperform_1m | ObjectiveSpecific[benchmark_outperform_1m][XGBoost searched],benchmark_outperform_1m,ObjectiveSpecific[benchmark_outperform_1m][XGBoost searched],2026-02,1,forward_1m_vs_benchmark_return,target_outperform_benchmark_next_1m,-0.0046135204373440875,0.0007835705732760379,-0.005397091010620125,0.6666666666666666,0.0,3.0,one_month_score_to_return,benchmark-relative active-return diagnostic; not a benchmark-relative optimizer
benchmark_outperform_1m | ObjectiveSpecific[benchmark_outperform_1m][XGBoost searched],benchmark_outperform_1m,ObjectiveSpecific[benchmark_outperform_1m][XGBoost searched],2026-03,1,forward_1m_vs_benchmark_return,target_outperform_benchmark_next_1m,-0.014378374787697913,-0.05033212269387087,0.03595374790617296,0.6666666666666666,0.6666666666666666,3.0,one_month_score_to_return,benchmark-relative active-return diagnostic; not a benchmark-relative optimizer
benchmark_outperform_1m | ObjectiveSpecific[benchmark_outperform_1m][XGBoost searched] Calibration Base,benchmark_outperform_1m,ObjectiveSpecific[benchmark_outperform_1m][XGBoost searched] Calibration Base,2020-01,1,forward_1m_vs_benchmark_return,target_outperform_benchmark_next_1m,-0.00641682770063634,0.03133617022397593,-0.03775299792461227,0.3333333333333333,1.0,3.0,one_month_score_to_return,benchmark-relative active-return diagnostic; not a benchmark-relative optimizer
benchmark_outperform_1m | ObjectiveSpecific[benchmark_outperform_1m][XGBoost searched] Calibration Base,benchmark_outperform_1m,ObjectiveSpecific[benchmark_outperform_1m][XGBoost searched] Calibration Base,2020-02,1,forward_1m_vs_benchmark_return,target_outperform_benchmark_next_1m,-0.004564040469604236,0.022393414747409225,-0.02695745521701346,0.6666666666666666,1.3333333333333333,3.0,one_month_score_to_return,benchmark-relative active-return diagnostic; not a benchmark-relative optimizer
benchmark_outperform_1m | ObjectiveSpecific[benchmark_outperform_1m][XGBoost searched] Calibration Base,benchmark_outperform_1m,ObjectiveSpecific[benchmark_outperform_1m][XGBoost searched] Calibration Base,2020-03,1,forward_1m_vs_benchmark_return,target_outperform_benchmark_next_1m,0.04059939334861018,-0.03550292307825642,0.0761023164268666,0.6666666666666666,1.3333333333333333,3.0,one_month_score_to_return,benchmark-relative active-return diagnostic; not a benchmark-relative optimizer
benchmark_outperform_1m | ObjectiveSpecific[benchmark_outperform_1m][XGBoost searched] Calibration Base,benchmark_outperform_1m,ObjectiveSpecific[benchmark_outperform_1m][XGBoost searched] Calibration Base,2020-04,1,forward_1m_vs_benchmark_return,target_outperform_benchmark_next_1m,-0.00044770148620158247,-0.0158793410340884,0.015431639547886818,0.3333333333333333,0.6666666666666666,3.0,one_month_score_to_return,benchmark-relative active-return diagnostic; not a benchmark-relative optimizer
benchmark_outperform_1m | ObjectiveSpecific[benchmark_outperform_1m][XGBoost searched] Calibration Base,benchmark_outperform_1m,ObjectiveSpecific[benchmark_outperform_1m][XGBoost searched] Calibration Base,2020-05,1,forward_1m_vs_benchmark_return,target_outperform_benchmark_next_1m,-0.015830652927301715,-0.0006214973857633588,-0.015209155541538356,0.3333333333333333,0.0,3.0,one_month_score_to_return,benchmark-relative active-return diagnostic; not a benchmark-relative optimizer
benchmark_outperform_1m | ObjectiveSpecific[benchmark_outperform_1m][XGBoost searched] Calibration Base,benchmark_outperform_1m,ObjectiveSpecific[benchmark_outperform_1m][XGBoost searched] Calibration Base,2020-06,1,forward_1m_vs_benchmark_return,target_outperform_benchmark_next_1m,-0.05440370829272963,-0.01753678041166353,-0.036866927881066096,0.0,0.0,3.0,one_month_score_to_return,benchmark-relative active-return diagnostic; not a benchmark-relative optimizer
benchmark_outperform_1m | ObjectiveSpecific[benchmark_outperform_1m][XGBoost searched] Calibration Base,benchmark_outperform_1m,ObjectiveSpecific[benchmark_outperform_1m][XGBoost searched] Calibration Base,2020-07,1,forward_1m_vs_benchmark_return,target_outperform_benchmark_next_1m,-0.04494828717932168,-0.03934959506884729,-0.005598692110474389,0.0,0.0,3.0,one_month_score_to_return,benchmark-relative active-return diagnostic; not a benchmark-relative optimizer
benchmark_outperform_1m | ObjectiveSpecific[benchmark_outperform_1m][XGBoost searched] Calibration Base,benchmark_outperform_1m,ObjectiveSpecific[benchmark_outperform_1m][XGBoost searched] Calibration Base,2020-08,1,forward_1m_vs_benchmark_return,target_outperform_benchmark_next_1m,-0.03153371375319054,-0.0032288541175911623,-0.02830485963559938,0.3333333333333333,1.3333333333333333,3.0,one_month_score_to_return,benchmark-relative active-return diagnostic; not a benchmark-relative optimizer
benchmark_outperform_1m | ObjectiveSpecific[benchmark_outperform_1m][XGBoost searched] Calibration Base,benchmark_outperform_1m,ObjectiveSpecific[benchmark_outperform_1m][XGBoost searched] Calibration Base,2020-09,1,forward_1m_vs_benchmark_return,target_outperform_benchmark_next_1m,0.020415807232300187,0.012560754818217678,0.007855052414082509,0.6666666666666666,1.9999999999999998,3.0,one_month_score_to_return,benchmark-relative active-return diagnostic; not a benchmark-relative optimizer
benchmark_outperform_1m | ObjectiveSpecific[benchmark_outperform_1m][XGBoost searched] Calibration Base,benchmark_outperform_1m,ObjectiveSpecific[benchmark_outperform_1m][XGBoost searched] Calibration Base,2020-10,1,forward_1m_vs_benchmark_return,target_outperform_benchmark_next_1m,0.04879139542945521,0.0002606665267982589,0.04853072890265695,1.0,0.0,3.0,one_month_score_to_return,benchmark-relative active-return diagnostic; not a benchmark-relative optimizer
benchmark_outperform_1m | ObjectiveSpecific[benchmark_outperform_1m][XGBoost searched] Calibration Base,benchmark_outperform_1m,ObjectiveSpecific[benchmark_outperform_1m][XGBoost searched] Calibration Base,2020-11,1,forward_1m_vs_benchmark_return,target_outperform_benchmark_next_1m,0.00762977595184233,0.010563675981205212,-0.0029339000293628825,0.6666666666666666,0.6666666666666666,3.0,one_month_score_to_return,benchmark-relative active-return diagnostic; not a benchmark-relative optimizer
benchmark_outperform_1m | ObjectiveSpecific[benchmark_outperform_1m][XGBoost searched] Calibration Base,benchmark_outperform_1m,ObjectiveSpecific[benchmark_outperform_1m][XGBoost searched] Calibration Base,2020-12,1,forward_1m_vs_benchmark_return,target_outperform_benchmark_next_1m,-0.005750016282518811,0.007033795673201426,-0.012783811955720236,0.3333333333333333,1.3333333333333333,3.0,one_month_score_to_return,benchmark-relative active-return diagnostic; not a benchmark-relative optimizer
benchmark_outperform_1m | ObjectiveSpecific[benchmark_outperform_1m][XGBoost searched] Calibration Base,benchmark_outperform_1m,ObjectiveSpecific[benchmark_outperform_1m][XGBoost searched] Calibration Base,2021-01,1,forward_1m_vs_benchmark_return,target_outperform_benchmark_next_1m,0.0013380045022005245,0.00196771063984712,-0.0006297061376465954,0.3333333333333333,1.3333333333333333,3.0,one_month_score_to_return,benchmark-relative active-return diagnostic; not a benchmark-relative optimizer
benchmark_outperform_1m | ObjectiveSpecific[benchmark_outperform_1m][XGBoost searched] Calibration Base,benchmark_outperform_1m,ObjectiveSpecific[benchmark_outperform_1m][XGBoost searched] Calibration Base,2021-02,1,forward_1m_vs_benchmark_return,target_outperform_benchmark_next_1m,-0.03620501294551977,-0.032269148942206824,-0.003935864003312944,0.0,0.6666666666666666,3.0,one_month_score_to_return,benchmark-relative active-return diagnostic; not a benchmark-relative optimizer
benchmark_outperform_1m | ObjectiveSpecific[benchmark_outperform_1m][XGBoost searched] Calibration Base,benchmark_outperform_1m,ObjectiveSpecific[benchmark_outperform_1m][XGBoost searched] Calibration Base,2021-03,1,forward_1m_vs_benchmark_return,target_outperform_benchmark_next_1m,-0.03001211862413566,-0.022275390614571212,-0.007736728009564448,0.0,0.6666666666666666,3.0,one_month_score_to_return,benchmark-relative active-return diagnostic; not a benchmark-relative optimizer
benchmark_outperform_1m | ObjectiveSpecific[benchmark_outperform_1m][XGBoost searched] Calibration Base,benchmark_outperform_1m,ObjectiveSpecific[benchmark_outperform_1m][XGBoost searched] Calibration Base,2021-04,1,forward_1m_vs_benchmark_return,target_outperform_benchmark_next_1m,0.02640488757397604,0.01770387108145205,0.00870101649252399,0.6666666666666666,1.3333333333333333,3.0,one_month_score_to_return,benchmark-relative active-return diagnostic; not a benchmark-relative optimizer
benchmark_outperform_1m | ObjectiveSpecific[benchmark_outperform_1m][XGBoost searched] Calibration Base,benchmark_outperform_1m,ObjectiveSpecific[benchmark_outperform_1m][XGBoost searched] Calibration Base,2021-05,1,forward_1m_vs_benchmark_return,target_outperform_benchmark_next_1m,0.011926310413678051,-0.012255583078462551,0.024181893492140602,0.6666666666666666,1.9999999999999998,3.0,one_month_score_to_return,benchmark-relative active-return diagnostic; not a benchmark-relative optimizer
benchmark_outperform_1m | ObjectiveSpecific[benchmark_outperform_1m][XGBoost searched] Calibration Base,benchmark_outperform_1m,ObjectiveSpecific[benchmark_outperform_1m][XGBoost searched] Calibration Base,2021-06,1,forward_1m_vs_benchmark_return,target_outperform_benchmark_next_1m,-0.017066568901166236,-0.031206124362265275,0.014139555461099039,0.0,1.9999999999999998,3.0,one_month_score_to_return,benchmark-relative active-return diagnostic; not a benchmark-relative optimizer
benchmark_outperform_1m | ObjectiveSpecific[benchmark_outperform_1m][XGBoost searched] Calibration Base,benchmark_outperform_1m,ObjectiveSpecific[benchmark_outperform_1m][XGBoost searched] Calibration Base,2021-07,1,forward_1m_vs_benchmark_return,target_outperform_benchmark_next_1m,-0.015564915675437791,-0.013964370925638948,-0.0016005447497988434,0.3333333333333333,1.3333333333333333,3.0,one_month_score_to_return,benchmark-relative active-return diagnostic; not a benchmark-relative optimizer
benchmark_outperform_1m | ObjectiveSpecific[benchmark_outperform_1m][XGBoost searched] Calibration Base,benchmark_outperform_1m,ObjectiveSpecific[benchmark_outperform_1m][XGBoost searched] Calibration Base,2021-08,1,forward_1m_vs_benchmark_return,target_outperform_benchmark_next_1m,0.0470279656993503,0.023683913535058988,0.02334405216429131,0.6666666666666666,1.3333333333333333,3.0,one_month_score_to_return,benchmark-relative active-return diagnostic; not a benchmark-relative optimizer
benchmark_outperform_1m | ObjectiveSpecific[benchmark_outperform_1m][XGBoost searched] Calibration Base,benchmark_outperform_1m,ObjectiveSpecific[benchmark_outperform_1m][XGBoost searched] Calibration Base,2021-09,1,forward_1m_vs_benchmark_return,target_outperform_benchmark_next_1m,-0.002169707446177283,-0.024346915363157095,0.022177207916979812,0.6666666666666666,1.3333333333333333,3.0,one_month_score_to_return,benchmark-relative active-return diagnostic; not a benchmark-relative optimizer
benchmark_outperform_1m | ObjectiveSpecific[benchmark_outperform_1m][XGBoost searched] Calibration Base,benchmark_outperform_1m,ObjectiveSpecific[benchmark_outperform_1m][XGBoost searched] Calibration Base,2021-10,1,forward_1m_vs_benchmark_return,target_outperform_benchmark_next_1m,-0.020487838322915525,-0.012943878122373464,-0.007543960200542061,0.3333333333333333,1.9999999999999998,3.0,one_month_score_to_return,benchmark-relative active-return diagnostic; not a benchmark-relative optimizer
benchmark_outperform_1m | ObjectiveSpecific[benchmark_outperform_1m][XGBoost searched] Calibration Base,benchmark_outperform_1m,ObjectiveSpecific[benchmark_outperform_1m][XGBoost searched] Calibration Base,2021-11,1,forward_1m_vs_benchmark_return,target_outperform_benchmark_next_1m,-0.021770827729788923,-0.02599876445519559,0.004227936725406667,0.0,1.9999999999999998,3.0,one_month_score_to_return,benchmark-relative active-return diagnostic; not a benchmark-relative optimizer
benchmark_outperform_1m | ObjectiveSpecific[benchmark_outperform_1m][XGBoost searched] Calibration Base,benchmark_outperform_1m,ObjectiveSpecific[benchmark_outperform_1m][XGBoost searched] Calibration Base,2021-12,1,forward_1m_vs_benchmark_return,target_outperform_benchmark_next_1m,0.006847384582914376,0.03907461624306445,-0.032227231660150076,0.6666666666666666,1.3333333333333333,3.0,one_month_score_to_return,benchmark-relative active-return diagnostic; not a benchmark-relative optimizer
benchmark_outperform_1m | ObjectiveSpecific[benchmark_outperform_1m][XGBoost searched] Calibration Base,benchmark_outperform_1m,ObjectiveSpecific[benchmark_outperform_1m][XGBoost searched] Calibration Base,2022-01,1,forward_1m_vs_benchmark_return,target_outperform_benchmark_next_1m,0.03893766178300843,0.028422287237314714,0.010515374545693713,0.6666666666666666,1.3333333333333333,3.0,one_month_score_to_return,benchmark-relative active-return diagnostic; not a benchmark-relative optimizer
benchmark_outperform_1m | ObjectiveSpecific[benchmark_outperform_1m][XGBoost searched] Calibration Base,benchmark_outperform_1m,ObjectiveSpecific[benchmark_outperform_1m][XGBoost searched] Calibration Base,2022-02,1,forward_1m_vs_benchmark_return,target_outperform_benchmark_next_1m,-0.08667526592807202,-0.03586599059156407,-0.050809275336507954,0.0,0.6666666666666666,3.0,one_month_score_to_return,benchmark-relative active-return diagnostic; not a benchmark-relative optimizer
benchmark_outperform_1m | ObjectiveSpecific[benchmark_outperform_1m][XGBoost searched] Calibration Base,benchmark_outperform_1m,ObjectiveSpecific[benchmark_outperform_1m][XGBoost searched] Calibration Base,2022-03,1,forward_1m_vs_benchmark_return,target_outperform_benchmark_next_1m,0.032890479591330325,0.013382878751480842,0.01950760083984948,0.6666666666666666,0.6666666666666666,3.0,one_month_score_to_return,benchmark-relative active-return diagnostic; not a benchmark-relative optimizer
benchmark_outperform_1m | ObjectiveSpecific[benchmark_outperform_1m][XGBoost searched] Calibration Base,benchmark_outperform_1m,ObjectiveSpecific[benchmark_outperform_1m][XGBoost searched] Calibration Base,2022-04,1,forward_1m_vs_benchmark_return,target_outperform_benchmark_next_1m,-0.010255756263224464,0.01788095791349519,-0.028136714176719653,0.0,0.6666666666666666,3.0,one_month_score_to_return,benchmark-relative active-return diagnostic; not a benchmark-relative optimizer
benchmark_outperform_1m | ObjectiveSpecific[benchmark_outperform_1m][XGBoost searched] Calibration Base,benchmark_outperform_1m,ObjectiveSpecific[benchmark_outperform_1m][XGBoost searched] Calibration Base,2022-05,1,forward_1m_vs_benchmark_return,target_outperform_benchmark_next_1m,0.02323147957877684,0.012138673281936564,0.011092806296840275,0.3333333333333333,0.6666666666666666,3.0,one_month_score_to_return,benchmark-relative active-return diagnostic; not a benchmark-relative optimizer
benchmark_outperform_1m | ObjectiveSpecific[benchmark_outperform_1m][XGBoost searched] Calibration Base,benchmark_outperform_1m,ObjectiveSpecific[benchmark_outperform_1m][XGBoost searched] Calibration Base,2022-06,1,forward_1m_vs_benchmark_return,target_outperform_benchmark_next_1m,-0.04177817449967377,-0.033056193063750315,-0.008721981435923454,0.3333333333333333,1.3333333333333333,3.0,one_month_score_to_return,benchmark-relative active-return diagnostic; not a benchmark-relative optimizer
benchmark_outperform_1m | ObjectiveSpecific[benchmark_outperform_1m][XGBoost searched] Calibration Base,benchmark_outperform_1m,ObjectiveSpecific[benchmark_outperform_1m][XGBoost searched] Calibration Base,2022-07,1,forward_1m_vs_benchmark_return,target_outperform_benchmark_next_1m,-0.008414037487177544,0.0051557236419845776,-0.013569761129162122,0.3333333333333333,1.3333333333333333,3.0,one_month_score_to_return,benchmark-relative active-return diagnostic; not a benchmark-relative optimizer
benchmark_outperform_1m | ObjectiveSpecific[benchmark_outperform_1m][XGBoost searched] Calibration Base,benchmark_outperform_1m,ObjectiveSpecific[benchmark_outperform_1m][XGBoost searched] Calibration Base,2022-08,1,forward_1m_vs_benchmark_return,target_outperform_benchmark_next_1m,0.004267045566725894,0.014453647456911967,-0.010186601890186072,0.6666666666666666,0.0,3.0,one_month_score_to_return,benchmark-relative active-return diagnostic; not a benchmark-relative optimizer
benchmark_outperform_1m | ObjectiveSpecific[benchmark_outperform_1m][XGBoost searched] Calibration Base,benchmark_outperform_1m,ObjectiveSpecific[benchmark_outperform_1m][XGBoost searched] Calibration Base,2022-09,1,forward_1m_vs_benchmark_return,target_outperform_benchmark_next_1m,-0.03289993335760506,-0.02452065353230872,-0.008379279825296342,0.3333333333333333,0.6666666666666666,3.0,one_month_score_to_return,benchmark-relative active-return diagnostic; not a benchmark-relative optimizer
benchmark_outperform_1m | ObjectiveSpecific[benchmark_outperform_1m][XGBoost searched] Calibration Base,benchmark_outperform_1m,ObjectiveSpecific[benchmark_outperform_1m][XGBoost searched] Calibration Base,2022-10,1,forward_1m_vs_benchmark_return,target_outperform_benchmark_next_1m,0.0015203731897367081,0.012869829528433541,-0.011349456338696834,0.3333333333333333,0.0,3.0,one_month_score_to_return,benchmark-relative active-return diagnostic; not a benchmark-relative optimizer
benchmark_outperform_1m | ObjectiveSpecific[benchmark_outperform_1m][XGBoost searched] Calibration Base,benchmark_outperform_1m,ObjectiveSpecific[benchmark_outperform_1m][XGBoost searched] Calibration Base,2022-11,1,forward_1m_vs_benchmark_return,target_outperform_benchmark_next_1m,0.03361366570923733,0.023769146553936416,0.009844519155300914,0.6666666666666666,0.6666666666666666,3.0,one_month_score_to_return,benchmark-relative active-return diagnostic; not a benchmark-relative optimizer
benchmark_outperform_1m | ObjectiveSpecific[benchmark_outperform_1m][XGBoost searched] Calibration Base,benchmark_outperform_1m,ObjectiveSpecific[benchmark_outperform_1m][XGBoost searched] Calibration Base,2022-12,1,forward_1m_vs_benchmark_return,target_outperform_benchmark_next_1m,0.015264028001578703,0.006416642811624418,0.008847385189954284,0.6666666666666666,0.6666666666666666,3.0,one_month_score_to_return,benchmark-relative active-return diagnostic; not a benchmark-relative optimizer
benchmark_outperform_1m | ObjectiveSpecific[benchmark_outperform_1m][XGBoost searched] Calibration Base,benchmark_outperform_1m,ObjectiveSpecific[benchmark_outperform_1m][XGBoost searched] Calibration Base,2023-01,1,forward_1m_vs_benchmark_return,target_outperform_benchmark_next_1m,-0.025209447893213367,-0.011101318737195064,-0.014108129156018303,0.0,1.3333333333333333,3.0,one_month_score_to_return,benchmark-relative active-return diagnostic; not a benchmark-relative optimizer
benchmark_outperform_1m | ObjectiveSpecific[benchmark_outperform_1m][XGBoost searched] Calibration Base,benchmark_outperform_1m,ObjectiveSpecific[benchmark_outperform_1m][XGBoost searched] Calibration Base,2023-02,1,forward_1m_vs_benchmark_return,target_outperform_benchmark_next_1m,-0.00595892332606107,-0.014783447794941462,0.008824524468880391,0.6666666666666666,1.3333333333333333,3.0,one_month_score_to_return,benchmark-relative active-return diagnostic; not a benchmark-relative optimizer
benchmark_outperform_1m | ObjectiveSpecific[benchmark_outperform_1m][XGBoost searched] Calibration Base,benchmark_outperform_1m,ObjectiveSpecific[benchmark_outperform_1m][XGBoost searched] Calibration Base,2023-03,1,forward_1m_vs_benchmark_return,target_outperform_benchmark_next_1m,-0.0282879318922535,-0.011793313480217116,-0.016494618412036383,0.0,1.3333333333333333,3.0,one_month_score_to_return,benchmark-relative active-return diagnostic; not a benchmark-relative optimizer
benchmark_outperform_1m | ObjectiveSpecific[benchmark_outperform_1m][XGBoost searched] Calibration Base,benchmark_outperform_1m,ObjectiveSpecific[benchmark_outperform_1m][XGBoost searched] Calibration Base,2023-04,1,forward_1m_vs_benchmark_return,target_outperform_benchmark_next_1m,-0.02044101715488226,-0.02057280951054028,0.0001317923556580225,0.0,0.6666666666666666,3.0,one_month_score_to_return,benchmark-relative active-return diagnostic; not a benchmark-relative optimizer
benchmark_outperform_1m | ObjectiveSpecific[benchmark_outperform_1m][XGBoost searched] Calibration Base,benchmark_outperform_1m,ObjectiveSpecific[benchmark_outperform_1m][XGBoost searched] Calibration Base,2023-05,1,forward_1m_vs_benchmark_return,target_outperform_benchmark_next_1m,-0.050297316032359575,-0.024440001652566056,-0.02585731437979352,0.3333333333333333,0.6666666666666666,3.0,one_month_score_to_return,benchmark-relative active-return diagnostic; not a benchmark-relative optimizer
benchmark_outperform_1m | ObjectiveSpecific[benchmark_outperform_1m][XGBoost searched] Calibration Base,benchmark_outperform_1m,ObjectiveSpecific[benchmark_outperform_1m][XGBoost searched] Calibration Base,2023-06,1,forward_1m_vs_benchmark_return,target_outperform_benchmark_next_1m,-0.0237610928882724,-0.00422574774096589,-0.01953534514730651,0.0,0.6666666666666666,3.0,one_month_score_to_return,benchmark-relative active-return diagnostic; not a benchmark-relative optimizer
benchmark_outperform_1m | ObjectiveSpecific[benchmark_outperform_1m][XGBoost searched] Calibration Base,benchmark_outperform_1m,ObjectiveSpecific[benchmark_outperform_1m][XGBoost searched] Calibration Base,2023-07,1,forward_1m_vs_benchmark_return,target_outperform_benchmark_next_1m,-0.003380670661128904,-0.006595351247995396,0.003214680586866492,0.6666666666666666,0.6666666666666666,3.0,one_month_score_to_return,benchmark-relative active-return diagnostic; not a benchmark-relative optimizer
benchmark_outperform_1m | ObjectiveSpecific[benchmark_outperform_1m][XGBoost searched] Calibration Base,benchmark_outperform_1m,ObjectiveSpecific[benchmark_outperform_1m][XGBoost searched] Calibration Base,2023-08,1,forward_1m_vs_benchmark_return,target_outperform_benchmark_next_1m,0.010326175608602457,0.007258135037535219,0.003068040571067238,0.6666666666666666,0.6666666666666666,3.0,one_month_score_to_return,benchmark-relative active-return diagnostic; not a benchmark-relative optimizer
benchmark_outperform_1m | ObjectiveSpecific[benchmark_outperform_1m][XGBoost searched] Calibration Base,benchmark_outperform_1m,ObjectiveSpecific[benchmark_outperform_1m][XGBoost searched] Calibration Base,2023-09,1,forward_1m_vs_benchmark_return,target_outperform_benchmark_next_1m,-0.01783972183077431,-0.002201282632030288,-0.015638439198744022,0.0,1.3333333333333333,3.0,one_month_score_to_return,benchmark-relative active-return diagnostic; not a benchmark-relative optimizer
benchmark_outperform_1m | ObjectiveSpecific[benchmark_outperform_1m][XGBoost searched] Calibration Base,benchmark_outperform_1m,ObjectiveSpecific[benchmark_outperform_1m][XGBoost searched] Calibration Base,2023-10,1,forward_1m_vs_benchmark_return,target_outperform_benchmark_next_1m,-0.014334391538364317,-0.01934109106259093,0.005006699524226613,0.6666666666666666,0.6666666666666666,3.0,one_month_score_to_return,benchmark-relative active-return diagnostic; not a benchmark-relative optimizer
benchmark_outperform_1m | ObjectiveSpecific[benchmark_outperform_1m][XGBoost searched] Calibration Base,benchmark_outperform_1m,ObjectiveSpecific[benchmark_outperform_1m][XGBoost searched] Calibration Base,2023-11,1,forward_1m_vs_benchmark_return,target_outperform_benchmark_next_1m,-0.02147870039483335,0.006712072291699345,-0.028190772686532695,0.0,1.3333333333333333,3.0,one_month_score_to_return,benchmark-relative active-return diagnostic; not a benchmark-relative optimizer
benchmark_outperform_1m | ObjectiveSpecific[benchmark_outperform_1m][XGBoost searched] Calibration Base,benchmark_outperform_1m,ObjectiveSpecific[benchmark_outperform_1m][XGBoost searched] Calibration Base,2023-12,1,forward_1m_vs_benchmark_return,target_outperform_benchmark_next_1m,-0.04160219830094987,-0.023214125106761907,-0.018388073194187962,0.0,0.6666666666666666,3.0,one_month_score_to_return,benchmark-relative active-return diagnostic; not a benchmark-relative optimizer
benchmark_outperform_1m | ObjectiveSpecific[benchmark_outperform_1m][XGBoost searched] Calibration Base,benchmark_outperform_1m,ObjectiveSpecific[benchmark_outperform_1m][XGBoost searched] Calibration Base,2024-01,1,forward_1m_vs_benchmark_return,target_outperform_benchmark_next_1m,-0.008031882975699048,-0.025899008441818583,0.017867125466119536,0.3333333333333333,1.9999999999999998,3.0,one_month_score_to_return,benchmark-relative active-return diagnostic; not a benchmark-relative optimizer
benchmark_outperform_1m | ObjectiveSpecific[benchmark_outperform_1m][XGBoost searched] Calibration Base,benchmark_outperform_1m,ObjectiveSpecific[benchmark_outperform_1m][XGBoost searched] Calibration Base,2024-02,1,forward_1m_vs_benchmark_return,target_outperform_benchmark_next_1m,0.010617079543378427,0.005908240360692174,0.004708839182686253,0.3333333333333333,1.9999999999999998,3.0,one_month_score_to_return,benchmark-relative active-return diagnostic; not a benchmark-relative optimizer
benchmark_outperform_1m | ObjectiveSpecific[benchmark_outperform_1m][XGBoost searched] Calibration Base,benchmark_outperform_1m,ObjectiveSpecific[benchmark_outperform_1m][XGBoost searched] Calibration Base,2024-03,1,forward_1m_vs_benchmark_return,target_outperform_benchmark_next_1m,0.0336095494125268,0.012228564971541378,0.02138098444098542,0.6666666666666666,1.3333333333333333,3.0,one_month_score_to_return,benchmark-relative active-return diagnostic; not a benchmark-relative optimizer
benchmark_outperform_1m | ObjectiveSpecific[benchmark_outperform_1m][XGBoost searched] Calibration Base,benchmark_outperform_1m,ObjectiveSpecific[benchmark_outperform_1m][XGBoost searched] Calibration Base,2024-04,1,forward_1m_vs_benchmark_return,target_outperform_benchmark_next_1m,-0.001581119395727951,-0.01923693208204601,0.017655812686318058,0.3333333333333333,1.3333333333333333,3.0,one_month_score_to_return,benchmark-relative active-return diagnostic; not a benchmark-relative optimizer
benchmark_outperform_1m | ObjectiveSpecific[benchmark_outperform_1m][XGBoost searched] Calibration Base,benchmark_outperform_1m,ObjectiveSpecific[benchmark_outperform_1m][XGBoost searched] Calibration Base,2024-05,1,forward_1m_vs_benchmark_return,target_outperform_benchmark_next_1m,-0.030632985637390694,-0.027378028510983476,-0.0032549571264072173,0.0,1.3333333333333333,3.0,one_month_score_to_return,benchmark-relative active-return diagnostic; not a benchmark-relative optimizer
benchmark_outperform_1m | ObjectiveSpecific[benchmark_outperform_1m][XGBoost searched] Calibration Base,benchmark_outperform_1m,ObjectiveSpecific[benchmark_outperform_1m][XGBoost searched] Calibration Base,2024-06,1,forward_1m_vs_benchmark_return,target_outperform_benchmark_next_1m,0.028684959319013194,0.01954106312652395,0.009143896192489245,0.6666666666666666,1.3333333333333333,3.0,one_month_score_to_return,benchmark-relative active-return diagnostic; not a benchmark-relative optimizer
benchmark_outperform_1m | ObjectiveSpecific[benchmark_outperform_1m][XGBoost searched] Calibration Base,benchmark_outperform_1m,ObjectiveSpecific[benchmark_outperform_1m][XGBoost searched] Calibration Base,2024-07,1,forward_1m_vs_benchmark_return,target_outperform_benchmark_next_1m,-0.006603625620990705,-0.004284417190004908,-0.002319208430985797,0.3333333333333333,1.3333333333333333,3.0,one_month_score_to_return,benchmark-relative active-return diagnostic; not a benchmark-relative optimizer
benchmark_outperform_1m | ObjectiveSpecific[benchmark_outperform_1m][XGBoost searched] Calibration Base,benchmark_outperform_1m,ObjectiveSpecific[benchmark_outperform_1m][XGBoost searched] Calibration Base,2024-08,1,forward_1m_vs_benchmark_return,target_outperform_benchmark_next_1m,0.011945772056857096,-0.0038420343728073013,0.015787806429664396,0.6666666666666666,0.6666666666666666,3.0,one_month_score_to_return,benchmark-relative active-return diagnostic; not a benchmark-relative optimizer
benchmark_outperform_1m | ObjectiveSpecific[benchmark_outperform_1m][XGBoost searched] Calibration Base,benchmark_outperform_1m,ObjectiveSpecific[benchmark_outperform_1m][XGBoost searched] Calibration Base,2024-09,1,forward_1m_vs_benchmark_return,target_outperform_benchmark_next_1m,0.017144639419566194,-0.00494225617225591,0.022086895591822104,0.6666666666666666,0.0,3.0,one_month_score_to_return,benchmark-relative active-return diagnostic; not a benchmark-relative optimizer
benchmark_outperform_1m | ObjectiveSpecific[benchmark_outperform_1m][XGBoost searched] Calibration Base,benchmark_outperform_1m,ObjectiveSpecific[benchmark_outperform_1m][XGBoost searched] Calibration Base,2024-10,1,forward_1m_vs_benchmark_return,target_outperform_benchmark_next_1m,-0.016286339209083216,-0.023371349336394776,0.00708501012731156,0.3333333333333333,1.3333333333333333,3.0,one_month_score_to_return,benchmark-relative active-return diagnostic; not a benchmark-relative optimizer
benchmark_outperform_1m | ObjectiveSpecific[benchmark_outperform_1m][XGBoost searched] Calibration Base,benchmark_outperform_1m,ObjectiveSpecific[benchmark_outperform_1m][XGBoost searched] Calibration Base,2024-11,1,forward_1m_vs_benchmark_return,target_outperform_benchmark_next_1m,0.00298503848459708,-0.015637106485766727,0.018622144970363807,0.6666666666666666,1.3333333333333333,3.0,one_month_score_to_return,benchmark-relative active-return diagnostic; not a benchmark-relative optimizer
benchmark_outperform_1m | ObjectiveSpecific[benchmark_outperform_1m][XGBoost searched] Calibration Base,benchmark_outperform_1m,ObjectiveSpecific[benchmark_outperform_1m][XGBoost searched] Calibration Base,2024-12,1,forward_1m_vs_benchmark_return,target_outperform_benchmark_next_1m,0.01999559292209196,0.011702873535321201,0.00829271938677076,0.6666666666666666,1.3333333333333333,3.0,one_month_score_to_return,benchmark-relative active-return diagnostic; not a benchmark-relative optimizer
benchmark_outperform_1m | ObjectiveSpecific[benchmark_outperform_1m][XGBoost searched] Calibration Base,benchmark_outperform_1m,ObjectiveSpecific[benchmark_outperform_1m][XGBoost searched] Calibration Base,2025-01,1,forward_1m_vs_benchmark_return,target_outperform_benchmark_next_1m,0.029466767258907216,0.016771693103579656,0.01269507415532756,0.6666666666666666,0.6666666666666666,3.0,one_month_score_to_return,benchmark-relative active-return diagnostic; not a benchmark-relative optimizer
benchmark_outperform_1m | ObjectiveSpecific[benchmark_outperform_1m][XGBoost searched] Calibration Base,benchmark_outperform_1m,ObjectiveSpecific[benchmark_outperform_1m][XGBoost searched] Calibration Base,2025-02,1,forward_1m_vs_benchmark_return,target_outperform_benchmark_next_1m,0.057732053805975195,0.04705797470717789,0.010674079098797307,0.6666666666666666,0.6666666666666666,3.0,one_month_score_to_return,benchmark-relative active-return diagnostic; not a benchmark-relative optimizer
benchmark_outperform_1m | ObjectiveSpecific[benchmark_outperform_1m][XGBoost searched] Calibration Base,benchmark_outperform_1m,ObjectiveSpecific[benchmark_outperform_1m][XGBoost searched] Calibration Base,2025-03,1,forward_1m_vs_benchmark_return,target_outperform_benchmark_next_1m,0.0049661634566933194,-0.012843919595290066,0.017810083051983387,0.6666666666666666,1.3333333333333333,3.0,one_month_score_to_return,benchmark-relative active-return diagnostic; not a benchmark-relative optimizer
benchmark_outperform_1m | ObjectiveSpecific[benchmark_outperform_1m][XGBoost searched] Calibration Base,benchmark_outperform_1m,ObjectiveSpecific[benchmark_outperform_1m][XGBoost searched] Calibration Base,2025-04,1,forward_1m_vs_benchmark_return,target_outperform_benchmark_next_1m,-0.05462497284887469,-0.016931500017870173,-0.037693472831004514,0.0,0.6666666666666666,3.0,one_month_score_to_return,benchmark-relative active-return diagnostic; not a benchmark-relative optimizer
benchmark_outperform_1m | ObjectiveSpecific[benchmark_outperform_1m][XGBoost searched] Calibration Base,benchmark_outperform_1m,ObjectiveSpecific[benchmark_outperform_1m][XGBoost searched] Calibration Base,2025-05,1,forward_1m_vs_benchmark_return,target_outperform_benchmark_next_1m,-0.015062297028160233,-0.014617440536922344,-0.0004448564912378893,0.3333333333333333,2.0,3.0,one_month_score_to_return,benchmark-relative active-return diagnostic; not a benchmark-relative optimizer
benchmark_outperform_1m | ObjectiveSpecific[benchmark_outperform_1m][XGBoost searched] Calibration Base,benchmark_outperform_1m,ObjectiveSpecific[benchmark_outperform_1m][XGBoost searched] Calibration Base,2025-06,1,forward_1m_vs_benchmark_return,target_outperform_benchmark_next_1m,-0.005974594356747964,-0.012803482804720823,0.006828888447972858,0.3333333333333333,0.6666666666666666,3.0,one_month_score_to_return,benchmark-relative active-return diagnostic; not a benchmark-relative optimizer
benchmark_outperform_1m | ObjectiveSpecific[benchmark_outperform_1m][XGBoost searched] Calibration Base,benchmark_outperform_1m,ObjectiveSpecific[benchmark_outperform_1m][XGBoost searched] Calibration Base,2025-07,1,forward_1m_vs_benchmark_return,target_outperform_benchmark_next_1m,-0.006124324208637103,0.00715169756416546,-0.013276021772802564,0.6666666666666666,1.9999999999999998,3.0,one_month_score_to_return,benchmark-relative active-return diagnostic; not a benchmark-relative optimizer
benchmark_outperform_1m | ObjectiveSpecific[benchmark_outperform_1m][XGBoost searched] Calibration Base,benchmark_outperform_1m,ObjectiveSpecific[benchmark_outperform_1m][XGBoost searched] Calibration Base,2025-08,1,forward_1m_vs_benchmark_return,target_outperform_benchmark_next_1m,0.022837275565018723,0.00124477081089287,0.021592504754125854,1.0,0.6666666666666666,3.0,one_month_score_to_return,benchmark-relative active-return diagnostic; not a benchmark-relative optimizer
benchmark_outperform_1m | ObjectiveSpecific[benchmark_outperform_1m][XGBoost searched] Calibration Base,benchmark_outperform_1m,ObjectiveSpecific[benchmark_outperform_1m][XGBoost searched] Calibration Base,2025-09,1,forward_1m_vs_benchmark_return,target_outperform_benchmark_next_1m,-0.021263489654199587,-0.016143917238419857,-0.005119572415779729,0.3333333333333333,1.3333333333333333,3.0,one_month_score_to_return,benchmark-relative active-return diagnostic; not a benchmark-relative optimizer
benchmark_outperform_1m | ObjectiveSpecific[benchmark_outperform_1m][XGBoost searched] Calibration Base,benchmark_outperform_1m,ObjectiveSpecific[benchmark_outperform_1m][XGBoost searched] Calibration Base,2025-10,1,forward_1m_vs_benchmark_return,target_outperform_benchmark_next_1m,0.025176361128701436,0.01320203914472472,0.011974321983976716,1.0,0.6666666666666666,3.0,one_month_score_to_return,benchmark-relative active-return diagnostic; not a benchmark-relative optimizer
benchmark_outperform_1m | ObjectiveSpecific[benchmark_outperform_1m][XGBoost searched] Calibration Base,benchmark_outperform_1m,ObjectiveSpecific[benchmark_outperform_1m][XGBoost searched] Calibration Base,2025-11,1,forward_1m_vs_benchmark_return,target_outperform_benchmark_next_1m,0.005022005499225268,0.003942861765199579,0.0010791437340256895,0.3333333333333333,1.3333333333333333,3.0,one_month_score_to_return,benchmark-relative active-return diagnostic; not a benchmark-relative optimizer
benchmark_outperform_1m | ObjectiveSpecific[benchmark_outperform_1m][XGBoost searched] Calibration Base,benchmark_outperform_1m,ObjectiveSpecific[benchmark_outperform_1m][XGBoost searched] Calibration Base,2025-12,1,forward_1m_vs_benchmark_return,target_outperform_benchmark_next_1m,0.03354658495041204,0.025068354683240056,0.008478230267171982,0.3333333333333333,0.6666666666666666,3.0,one_month_score_to_return,benchmark-relative active-return diagnostic; not a benchmark-relative optimizer
benchmark_outperform_1m | ObjectiveSpecific[benchmark_outperform_1m][XGBoost searched] Calibration Base,benchmark_outperform_1m,ObjectiveSpecific[benchmark_outperform_1m][XGBoost searched] Calibration Base,2026-01,1,forward_1m_vs_benchmark_return,target_outperform_benchmark_next_1m,0.09186893997391184,0.04511747673968486,0.04675146323422698,1.0,0.6666666666666666,3.0,one_month_score_to_return,benchmark-relative active-return diagnostic; not a benchmark-relative optimizer
benchmark_outperform_1m | ObjectiveSpecific[benchmark_outperform_1m][XGBoost searched] Calibration Base,benchmark_outperform_1m,ObjectiveSpecific[benchmark_outperform_1m][XGBoost searched] Calibration Base,2026-02,1,forward_1m_vs_benchmark_return,target_outperform_benchmark_next_1m,-0.008740761029504496,0.0007835705732760379,-0.009524331602780534,0.3333333333333333,1.3333333333333333,3.0,one_month_score_to_return,benchmark-relative active-return diagnostic; not a benchmark-relative optimizer
benchmark_outperform_1m | ObjectiveSpecific[benchmark_outperform_1m][XGBoost searched] Calibration Base,benchmark_outperform_1m,ObjectiveSpecific[benchmark_outperform_1m][XGBoost searched] Calibration Base,2026-03,1,forward_1m_vs_benchmark_return,target_outperform_benchmark_next_1m,-0.01589889494932658,-0.05033212269387087,0.03443322774454429,0.6666666666666666,0.6666666666666666,3.0,one_month_score_to_return,benchmark-relative active-return diagnostic; not a benchmark-relative optimizer
benchmark_outperform_1m | ObjectiveSpecific[benchmark_outperform_1m][XGBoost searched] Calibrated,benchmark_outperform_1m,ObjectiveSpecific[benchmark_outperform_1m][XGBoost searched] Calibrated,2020-01,1,forward_1m_vs_benchmark_return,target_outperform_benchmark_next_1m,-0.00641682770063634,0.03133617022397593,-0.03775299792461227,0.3333333333333333,1.0,3.0,one_month_score_to_return,benchmark-relative active-return diagnostic; not a benchmark-relative optimizer
benchmark_outperform_1m | ObjectiveSpecific[benchmark_outperform_1m][XGBoost searched] Calibrated,benchmark_outperform_1m,ObjectiveSpecific[benchmark_outperform_1m][XGBoost searched] Calibrated,2020-02,1,forward_1m_vs_benchmark_return,target_outperform_benchmark_next_1m,-0.004564040469604236,0.022393414747409225,-0.02695745521701346,0.6666666666666666,1.3333333333333333,3.0,one_month_score_to_return,benchmark-relative active-return diagnostic; not a benchmark-relative optimizer
benchmark_outperform_1m | ObjectiveSpecific[benchmark_outperform_1m][XGBoost searched] Calibrated,benchmark_outperform_1m,ObjectiveSpecific[benchmark_outperform_1m][XGBoost searched] Calibrated,2020-03,1,forward_1m_vs_benchmark_return,target_outperform_benchmark_next_1m,0.04059939334861018,-0.03550292307825642,0.0761023164268666,0.6666666666666666,1.3333333333333333,3.0,one_month_score_to_return,benchmark-relative active-return diagnostic; not a benchmark-relative optimizer
benchmark_outperform_1m | ObjectiveSpecific[benchmark_outperform_1m][XGBoost searched] Calibrated,benchmark_outperform_1m,ObjectiveSpecific[benchmark_outperform_1m][XGBoost searched] Calibrated,2020-04,1,forward_1m_vs_benchmark_return,target_outperform_benchmark_next_1m,-0.00044770148620158247,-0.0158793410340884,0.015431639547886818,0.3333333333333333,0.6666666666666666,3.0,one_month_score_to_return,benchmark-relative active-return diagnostic; not a benchmark-relative optimizer
benchmark_outperform_1m | ObjectiveSpecific[benchmark_outperform_1m][XGBoost searched] Calibrated,benchmark_outperform_1m,ObjectiveSpecific[benchmark_outperform_1m][XGBoost searched] Calibrated,2020-05,1,forward_1m_vs_benchmark_return,target_outperform_benchmark_next_1m,-0.015830652927301715,-0.0006214973857633588,-0.015209155541538356,0.3333333333333333,0.0,3.0,one_month_score_to_return,benchmark-relative active-return diagnostic; not a benchmark-relative optimizer
benchmark_outperform_1m | ObjectiveSpecific[benchmark_outperform_1m][XGBoost searched] Calibrated,benchmark_outperform_1m,ObjectiveSpecific[benchmark_outperform_1m][XGBoost searched] Calibrated,2020-06,1,forward_1m_vs_benchmark_return,target_outperform_benchmark_next_1m,-0.05440370829272963,-0.01753678041166353,-0.036866927881066096,0.0,0.0,3.0,one_month_score_to_return,benchmark-relative active-return diagnostic; not a benchmark-relative optimizer
benchmark_outperform_1m | ObjectiveSpecific[benchmark_outperform_1m][XGBoost searched] Calibrated,benchmark_outperform_1m,ObjectiveSpecific[benchmark_outperform_1m][XGBoost searched] Calibrated,2020-07,1,forward_1m_vs_benchmark_return,target_outperform_benchmark_next_1m,-0.04494828717932168,-0.03934959506884729,-0.005598692110474389,0.0,0.0,3.0,one_month_score_to_return,benchmark-relative active-return diagnostic; not a benchmark-relative optimizer
benchmark_outperform_1m | ObjectiveSpecific[benchmark_outperform_1m][XGBoost searched] Calibrated,benchmark_outperform_1m,ObjectiveSpecific[benchmark_outperform_1m][XGBoost searched] Calibrated,2020-08,1,forward_1m_vs_benchmark_return,target_outperform_benchmark_next_1m,-0.03153371375319054,-0.0032288541175911623,-0.02830485963559938,0.3333333333333333,1.3333333333333333,3.0,one_month_score_to_return,benchmark-relative active-return diagnostic; not a benchmark-relative optimizer
benchmark_outperform_1m | ObjectiveSpecific[benchmark_outperform_1m][XGBoost searched] Calibrated,benchmark_outperform_1m,ObjectiveSpecific[benchmark_outperform_1m][XGBoost searched] Calibrated,2020-09,1,forward_1m_vs_benchmark_return,target_outperform_benchmark_next_1m,0.020415807232300187,0.012560754818217678,0.007855052414082509,0.6666666666666666,1.9999999999999998,3.0,one_month_score_to_return,benchmark-relative active-return diagnostic; not a benchmark-relative optimizer
benchmark_outperform_1m | ObjectiveSpecific[benchmark_outperform_1m][XGBoost searched] Calibrated,benchmark_outperform_1m,ObjectiveSpecific[benchmark_outperform_1m][XGBoost searched] Calibrated,2020-10,1,forward_1m_vs_benchmark_return,target_outperform_benchmark_next_1m,0.04879139542945521,0.0002606665267982589,0.04853072890265695,1.0,0.0,3.0,one_month_score_to_return,benchmark-relative active-return diagnostic; not a benchmark-relative optimizer
benchmark_outperform_1m | ObjectiveSpecific[benchmark_outperform_1m][XGBoost searched] Calibrated,benchmark_outperform_1m,ObjectiveSpecific[benchmark_outperform_1m][XGBoost searched] Calibrated,2020-11,1,forward_1m_vs_benchmark_return,target_outperform_benchmark_next_1m,0.00762977595184233,0.010563675981205212,-0.0029339000293628825,0.6666666666666666,0.6666666666666666,3.0,one_month_score_to_return,benchmark-relative active-return diagnostic; not a benchmark-relative optimizer
benchmark_outperform_1m | ObjectiveSpecific[benchmark_outperform_1m][XGBoost searched] Calibrated,benchmark_outperform_1m,ObjectiveSpecific[benchmark_outperform_1m][XGBoost searched] Calibrated,2020-12,1,forward_1m_vs_benchmark_return,target_outperform_benchmark_next_1m,-0.005750016282518811,0.007033795673201426,-0.012783811955720236,0.3333333333333333,1.3333333333333333,3.0,one_month_score_to_return,benchmark-relative active-return diagnostic; not a benchmark-relative optimizer
benchmark_outperform_1m | ObjectiveSpecific[benchmark_outperform_1m][XGBoost searched] Calibrated,benchmark_outperform_1m,ObjectiveSpecific[benchmark_outperform_1m][XGBoost searched] Calibrated,2021-01,1,forward_1m_vs_benchmark_return,target_outperform_benchmark_next_1m,0.0013380045022005245,0.00196771063984712,-0.0006297061376465954,0.3333333333333333,1.3333333333333333,3.0,one_month_score_to_return,benchmark-relative active-return diagnostic; not a benchmark-relative optimizer
benchmark_outperform_1m | ObjectiveSpecific[benchmark_outperform_1m][XGBoost searched] Calibrated,benchmark_outperform_1m,ObjectiveSpecific[benchmark_outperform_1m][XGBoost searched] Calibrated,2021-02,1,forward_1m_vs_benchmark_return,target_outperform_benchmark_next_1m,-0.03620501294551977,-0.032269148942206824,-0.003935864003312944,0.0,0.6666666666666666,3.0,one_month_score_to_return,benchmark-relative active-return diagnostic; not a benchmark-relative optimizer
benchmark_outperform_1m | ObjectiveSpecific[benchmark_outperform_1m][XGBoost searched] Calibrated,benchmark_outperform_1m,ObjectiveSpecific[benchmark_outperform_1m][XGBoost searched] Calibrated,2021-03,1,forward_1m_vs_benchmark_return,target_outperform_benchmark_next_1m,-0.03001211862413566,-0.022275390614571212,-0.007736728009564448,0.0,0.6666666666666666,3.0,one_month_score_to_return,benchmark-relative active-return diagnostic; not a benchmark-relative optimizer
benchmark_outperform_1m | ObjectiveSpecific[benchmark_outperform_1m][XGBoost searched] Calibrated,benchmark_outperform_1m,ObjectiveSpecific[benchmark_outperform_1m][XGBoost searched] Calibrated,2021-04,1,forward_1m_vs_benchmark_return,target_outperform_benchmark_next_1m,0.02640488757397604,0.01770387108145205,0.00870101649252399,0.6666666666666666,1.3333333333333333,3.0,one_month_score_to_return,benchmark-relative active-return diagnostic; not a benchmark-relative optimizer
benchmark_outperform_1m | ObjectiveSpecific[benchmark_outperform_1m][XGBoost searched] Calibrated,benchmark_outperform_1m,ObjectiveSpecific[benchmark_outperform_1m][XGBoost searched] Calibrated,2021-05,1,forward_1m_vs_benchmark_return,target_outperform_benchmark_next_1m,0.011926310413678051,-0.012255583078462551,0.024181893492140602,0.6666666666666666,1.9999999999999998,3.0,one_month_score_to_return,benchmark-relative active-return diagnostic; not a benchmark-relative optimizer
benchmark_outperform_1m | ObjectiveSpecific[benchmark_outperform_1m][XGBoost searched] Calibrated,benchmark_outperform_1m,ObjectiveSpecific[benchmark_outperform_1m][XGBoost searched] Calibrated,2021-06,1,forward_1m_vs_benchmark_return,target_outperform_benchmark_next_1m,-0.017066568901166236,-0.031206124362265275,0.014139555461099039,0.0,1.9999999999999998,3.0,one_month_score_to_return,benchmark-relative active-return diagnostic; not a benchmark-relative optimizer
benchmark_outperform_1m | ObjectiveSpecific[benchmark_outperform_1m][XGBoost searched] Calibrated,benchmark_outperform_1m,ObjectiveSpecific[benchmark_outperform_1m][XGBoost searched] Calibrated,2021-07,1,forward_1m_vs_benchmark_return,target_outperform_benchmark_next_1m,-0.015564915675437791,-0.013964370925638948,-0.0016005447497988434,0.3333333333333333,1.3333333333333333,3.0,one_month_score_to_return,benchmark-relative active-return diagnostic; not a benchmark-relative optimizer
benchmark_outperform_1m | ObjectiveSpecific[benchmark_outperform_1m][XGBoost searched] Calibrated,benchmark_outperform_1m,ObjectiveSpecific[benchmark_outperform_1m][XGBoost searched] Calibrated,2021-08,1,forward_1m_vs_benchmark_return,target_outperform_benchmark_next_1m,0.0470279656993503,0.023683913535058988,0.02334405216429131,0.6666666666666666,1.3333333333333333,3.0,one_month_score_to_return,benchmark-relative active-return diagnostic; not a benchmark-relative optimizer
benchmark_outperform_1m | ObjectiveSpecific[benchmark_outperform_1m][XGBoost searched] Calibrated,benchmark_outperform_1m,ObjectiveSpecific[benchmark_outperform_1m][XGBoost searched] Calibrated,2021-09,1,forward_1m_vs_benchmark_return,target_outperform_benchmark_next_1m,-0.002169707446177283,-0.024346915363157095,0.022177207916979812,0.6666666666666666,1.3333333333333333,3.0,one_month_score_to_return,benchmark-relative active-return diagnostic; not a benchmark-relative optimizer
benchmark_outperform_1m | ObjectiveSpecific[benchmark_outperform_1m][XGBoost searched] Calibrated,benchmark_outperform_1m,ObjectiveSpecific[benchmark_outperform_1m][XGBoost searched] Calibrated,2021-10,1,forward_1m_vs_benchmark_return,target_outperform_benchmark_next_1m,-0.020487838322915525,-0.012943878122373464,-0.007543960200542061,0.3333333333333333,1.9999999999999998,3.0,one_month_score_to_return,benchmark-relative active-return diagnostic; not a benchmark-relative optimizer
benchmark_outperform_1m | ObjectiveSpecific[benchmark_outperform_1m][XGBoost searched] Calibrated,benchmark_outperform_1m,ObjectiveSpecific[benchmark_outperform_1m][XGBoost searched] Calibrated,2021-11,1,forward_1m_vs_benchmark_return,target_outperform_benchmark_next_1m,-0.021770827729788923,-0.02599876445519559,0.004227936725406667,0.0,1.9999999999999998,3.0,one_month_score_to_return,benchmark-relative active-return diagnostic; not a benchmark-relative optimizer
benchmark_outperform_1m | ObjectiveSpecific[benchmark_outperform_1m][XGBoost searched] Calibrated,benchmark_outperform_1m,ObjectiveSpecific[benchmark_outperform_1m][XGBoost searched] Calibrated,2021-12,1,forward_1m_vs_benchmark_return,target_outperform_benchmark_next_1m,0.006847384582914376,0.03907461624306445,-0.032227231660150076,0.6666666666666666,1.3333333333333333,3.0,one_month_score_to_return,benchmark-relative active-return diagnostic; not a benchmark-relative optimizer
benchmark_outperform_1m | ObjectiveSpecific[benchmark_outperform_1m][XGBoost searched] Calibrated,benchmark_outperform_1m,ObjectiveSpecific[benchmark_outperform_1m][XGBoost searched] Calibrated,2022-01,1,forward_1m_vs_benchmark_return,target_outperform_benchmark_next_1m,0.03893766178300843,0.028422287237314714,0.010515374545693713,0.6666666666666666,1.3333333333333333,3.0,one_month_score_to_return,benchmark-relative active-return diagnostic; not a benchmark-relative optimizer
benchmark_outperform_1m | ObjectiveSpecific[benchmark_outperform_1m][XGBoost searched] Calibrated,benchmark_outperform_1m,ObjectiveSpecific[benchmark_outperform_1m][XGBoost searched] Calibrated,2022-02,1,forward_1m_vs_benchmark_return,target_outperform_benchmark_next_1m,-0.08667526592807202,-0.03586599059156407,-0.050809275336507954,0.0,0.6666666666666666,3.0,one_month_score_to_return,benchmark-relative active-return diagnostic; not a benchmark-relative optimizer
benchmark_outperform_1m | ObjectiveSpecific[benchmark_outperform_1m][XGBoost searched] Calibrated,benchmark_outperform_1m,ObjectiveSpecific[benchmark_outperform_1m][XGBoost searched] Calibrated,2022-03,1,forward_1m_vs_benchmark_return,target_outperform_benchmark_next_1m,0.032890479591330325,0.013382878751480842,0.01950760083984948,0.6666666666666666,0.6666666666666666,3.0,one_month_score_to_return,benchmark-relative active-return diagnostic; not a benchmark-relative optimizer
benchmark_outperform_1m | ObjectiveSpecific[benchmark_outperform_1m][XGBoost searched] Calibrated,benchmark_outperform_1m,ObjectiveSpecific[benchmark_outperform_1m][XGBoost searched] Calibrated,2022-04,1,forward_1m_vs_benchmark_return,target_outperform_benchmark_next_1m,-0.010255756263224464,0.01788095791349519,-0.028136714176719653,0.0,0.6666666666666666,3.0,one_month_score_to_return,benchmark-relative active-return diagnostic; not a benchmark-relative optimizer
benchmark_outperform_1m | ObjectiveSpecific[benchmark_outperform_1m][XGBoost searched] Calibrated,benchmark_outperform_1m,ObjectiveSpecific[benchmark_outperform_1m][XGBoost searched] Calibrated,2022-05,1,forward_1m_vs_benchmark_return,target_outperform_benchmark_next_1m,0.02323147957877684,0.012138673281936564,0.011092806296840275,0.3333333333333333,0.6666666666666666,3.0,one_month_score_to_return,benchmark-relative active-return diagnostic; not a benchmark-relative optimizer
benchmark_outperform_1m | ObjectiveSpecific[benchmark_outperform_1m][XGBoost searched] Calibrated,benchmark_outperform_1m,ObjectiveSpecific[benchmark_outperform_1m][XGBoost searched] Calibrated,2022-06,1,forward_1m_vs_benchmark_return,target_outperform_benchmark_next_1m,-0.04177817449967377,-0.033056193063750315,-0.008721981435923454,0.3333333333333333,1.3333333333333333,3.0,one_month_score_to_return,benchmark-relative active-return diagnostic; not a benchmark-relative optimizer
benchmark_outperform_1m | ObjectiveSpecific[benchmark_outperform_1m][XGBoost searched] Calibrated,benchmark_outperform_1m,ObjectiveSpecific[benchmark_outperform_1m][XGBoost searched] Calibrated,2022-07,1,forward_1m_vs_benchmark_return,target_outperform_benchmark_next_1m,-0.008414037487177544,0.0051557236419845776,-0.013569761129162122,0.3333333333333333,1.3333333333333333,3.0,one_month_score_to_return,benchmark-relative active-return diagnostic; not a benchmark-relative optimizer
benchmark_outperform_1m | ObjectiveSpecific[benchmark_outperform_1m][XGBoost searched] Calibrated,benchmark_outperform_1m,ObjectiveSpecific[benchmark_outperform_1m][XGBoost searched] Calibrated,2022-08,1,forward_1m_vs_benchmark_return,target_outperform_benchmark_next_1m,0.004267045566725894,0.014453647456911967,-0.010186601890186072,0.6666666666666666,0.0,3.0,one_month_score_to_return,benchmark-relative active-return diagnostic; not a benchmark-relative optimizer
benchmark_outperform_1m | ObjectiveSpecific[benchmark_outperform_1m][XGBoost searched] Calibrated,benchmark_outperform_1m,ObjectiveSpecific[benchmark_outperform_1m][XGBoost searched] Calibrated,2022-09,1,forward_1m_vs_benchmark_return,target_outperform_benchmark_next_1m,-0.03289993335760506,-0.02452065353230872,-0.008379279825296342,0.3333333333333333,0.6666666666666666,3.0,one_month_score_to_return,benchmark-relative active-return diagnostic; not a benchmark-relative optimizer
benchmark_outperform_1m | ObjectiveSpecific[benchmark_outperform_1m][XGBoost searched] Calibrated,benchmark_outperform_1m,ObjectiveSpecific[benchmark_outperform_1m][XGBoost searched] Calibrated,2022-10,1,forward_1m_vs_benchmark_return,target_outperform_benchmark_next_1m,0.0015203731897367081,0.012869829528433541,-0.011349456338696834,0.3333333333333333,0.0,3.0,one_month_score_to_return,benchmark-relative active-return diagnostic; not a benchmark-relative optimizer
benchmark_outperform_1m | ObjectiveSpecific[benchmark_outperform_1m][XGBoost searched] Calibrated,benchmark_outperform_1m,ObjectiveSpecific[benchmark_outperform_1m][XGBoost searched] Calibrated,2022-11,1,forward_1m_vs_benchmark_return,target_outperform_benchmark_next_1m,0.03361366570923733,0.023769146553936416,0.009844519155300914,0.6666666666666666,0.6666666666666666,3.0,one_month_score_to_return,benchmark-relative active-return diagnostic; not a benchmark-relative optimizer
benchmark_outperform_1m | ObjectiveSpecific[benchmark_outperform_1m][XGBoost searched] Calibrated,benchmark_outperform_1m,ObjectiveSpecific[benchmark_outperform_1m][XGBoost searched] Calibrated,2022-12,1,forward_1m_vs_benchmark_return,target_outperform_benchmark_next_1m,0.015264028001578703,0.006416642811624418,0.008847385189954284,0.6666666666666666,0.6666666666666666,3.0,one_month_score_to_return,benchmark-relative active-return diagnostic; not a benchmark-relative optimizer
benchmark_outperform_1m | ObjectiveSpecific[benchmark_outperform_1m][XGBoost searched] Calibrated,benchmark_outperform_1m,ObjectiveSpecific[benchmark_outperform_1m][XGBoost searched] Calibrated,2023-01,1,forward_1m_vs_benchmark_return,target_outperform_benchmark_next_1m,-0.025209447893213367,-0.011101318737195064,-0.014108129156018303,0.0,1.3333333333333333,3.0,one_month_score_to_return,benchmark-relative active-return diagnostic; not a benchmark-relative optimizer
benchmark_outperform_1m | ObjectiveSpecific[benchmark_outperform_1m][XGBoost searched] Calibrated,benchmark_outperform_1m,ObjectiveSpecific[benchmark_outperform_1m][XGBoost searched] Calibrated,2023-02,1,forward_1m_vs_benchmark_return,target_outperform_benchmark_next_1m,-0.00595892332606107,-0.014783447794941462,0.008824524468880391,0.6666666666666666,1.3333333333333333,3.0,one_month_score_to_return,benchmark-relative active-return diagnostic; not a benchmark-relative optimizer
benchmark_outperform_1m | ObjectiveSpecific[benchmark_outperform_1m][XGBoost searched] Calibrated,benchmark_outperform_1m,ObjectiveSpecific[benchmark_outperform_1m][XGBoost searched] Calibrated,2023-03,1,forward_1m_vs_benchmark_return,target_outperform_benchmark_next_1m,-0.0282879318922535,-0.011793313480217116,-0.016494618412036383,0.0,1.3333333333333333,3.0,one_month_score_to_return,benchmark-relative active-return diagnostic; not a benchmark-relative optimizer
benchmark_outperform_1m | ObjectiveSpecific[benchmark_outperform_1m][XGBoost searched] Calibrated,benchmark_outperform_1m,ObjectiveSpecific[benchmark_outperform_1m][XGBoost searched] Calibrated,2023-04,1,forward_1m_vs_benchmark_return,target_outperform_benchmark_next_1m,-0.02044101715488226,-0.02057280951054028,0.0001317923556580225,0.0,0.6666666666666666,3.0,one_month_score_to_return,benchmark-relative active-return diagnostic; not a benchmark-relative optimizer
benchmark_outperform_1m | ObjectiveSpecific[benchmark_outperform_1m][XGBoost searched] Calibrated,benchmark_outperform_1m,ObjectiveSpecific[benchmark_outperform_1m][XGBoost searched] Calibrated,2023-05,1,forward_1m_vs_benchmark_return,target_outperform_benchmark_next_1m,-0.050297316032359575,-0.024440001652566056,-0.02585731437979352,0.3333333333333333,0.6666666666666666,3.0,one_month_score_to_return,benchmark-relative active-return diagnostic; not a benchmark-relative optimizer
benchmark_outperform_1m | ObjectiveSpecific[benchmark_outperform_1m][XGBoost searched] Calibrated,benchmark_outperform_1m,ObjectiveSpecific[benchmark_outperform_1m][XGBoost searched] Calibrated,2023-06,1,forward_1m_vs_benchmark_return,target_outperform_benchmark_next_1m,-0.0237610928882724,-0.00422574774096589,-0.01953534514730651,0.0,0.6666666666666666,3.0,one_month_score_to_return,benchmark-relative active-return diagnostic; not a benchmark-relative optimizer
benchmark_outperform_1m | ObjectiveSpecific[benchmark_outperform_1m][XGBoost searched] Calibrated,benchmark_outperform_1m,ObjectiveSpecific[benchmark_outperform_1m][XGBoost searched] Calibrated,2023-07,1,forward_1m_vs_benchmark_return,target_outperform_benchmark_next_1m,-0.003380670661128904,-0.006595351247995396,0.003214680586866492,0.6666666666666666,0.6666666666666666,3.0,one_month_score_to_return,benchmark-relative active-return diagnostic; not a benchmark-relative optimizer
benchmark_outperform_1m | ObjectiveSpecific[benchmark_outperform_1m][XGBoost searched] Calibrated,benchmark_outperform_1m,ObjectiveSpecific[benchmark_outperform_1m][XGBoost searched] Calibrated,2023-08,1,forward_1m_vs_benchmark_return,target_outperform_benchmark_next_1m,0.010326175608602457,0.007258135037535219,0.003068040571067238,0.6666666666666666,0.6666666666666666,3.0,one_month_score_to_return,benchmark-relative active-return diagnostic; not a benchmark-relative optimizer
benchmark_outperform_1m | ObjectiveSpecific[benchmark_outperform_1m][XGBoost searched] Calibrated,benchmark_outperform_1m,ObjectiveSpecific[benchmark_outperform_1m][XGBoost searched] Calibrated,2023-09,1,forward_1m_vs_benchmark_return,target_outperform_benchmark_next_1m,-0.01783972183077431,-0.002201282632030288,-0.015638439198744022,0.0,1.3333333333333333,3.0,one_month_score_to_return,benchmark-relative active-return diagnostic; not a benchmark-relative optimizer
benchmark_outperform_1m | ObjectiveSpecific[benchmark_outperform_1m][XGBoost searched] Calibrated,benchmark_outperform_1m,ObjectiveSpecific[benchmark_outperform_1m][XGBoost searched] Calibrated,2023-10,1,forward_1m_vs_benchmark_return,target_outperform_benchmark_next_1m,-0.014334391538364317,-0.01934109106259093,0.005006699524226613,0.6666666666666666,0.6666666666666666,3.0,one_month_score_to_return,benchmark-relative active-return diagnostic; not a benchmark-relative optimizer
benchmark_outperform_1m | ObjectiveSpecific[benchmark_outperform_1m][XGBoost searched] Calibrated,benchmark_outperform_1m,ObjectiveSpecific[benchmark_outperform_1m][XGBoost searched] Calibrated,2023-11,1,forward_1m_vs_benchmark_return,target_outperform_benchmark_next_1m,-0.02147870039483335,0.006712072291699345,-0.028190772686532695,0.0,1.3333333333333333,3.0,one_month_score_to_return,benchmark-relative active-return diagnostic; not a benchmark-relative optimizer
benchmark_outperform_1m | ObjectiveSpecific[benchmark_outperform_1m][XGBoost searched] Calibrated,benchmark_outperform_1m,ObjectiveSpecific[benchmark_outperform_1m][XGBoost searched] Calibrated,2023-12,1,forward_1m_vs_benchmark_return,target_outperform_benchmark_next_1m,-0.04160219830094987,-0.023214125106761907,-0.018388073194187962,0.0,0.6666666666666666,3.0,one_month_score_to_return,benchmark-relative active-return diagnostic; not a benchmark-relative optimizer
benchmark_outperform_1m | ObjectiveSpecific[benchmark_outperform_1m][XGBoost searched] Calibrated,benchmark_outperform_1m,ObjectiveSpecific[benchmark_outperform_1m][XGBoost searched] Calibrated,2024-01,1,forward_1m_vs_benchmark_return,target_outperform_benchmark_next_1m,-0.008031882975699048,-0.025899008441818583,0.017867125466119536,0.3333333333333333,1.9999999999999998,3.0,one_month_score_to_return,benchmark-relative active-return diagnostic; not a benchmark-relative optimizer
benchmark_outperform_1m | ObjectiveSpecific[benchmark_outperform_1m][XGBoost searched] Calibrated,benchmark_outperform_1m,ObjectiveSpecific[benchmark_outperform_1m][XGBoost searched] Calibrated,2024-02,1,forward_1m_vs_benchmark_return,target_outperform_benchmark_next_1m,0.010617079543378427,0.005908240360692174,0.004708839182686253,0.3333333333333333,1.9999999999999998,3.0,one_month_score_to_return,benchmark-relative active-return diagnostic; not a benchmark-relative optimizer
benchmark_outperform_1m | ObjectiveSpecific[benchmark_outperform_1m][XGBoost searched] Calibrated,benchmark_outperform_1m,ObjectiveSpecific[benchmark_outperform_1m][XGBoost searched] Calibrated,2024-03,1,forward_1m_vs_benchmark_return,target_outperform_benchmark_next_1m,0.0336095494125268,0.012228564971541378,0.02138098444098542,0.6666666666666666,1.3333333333333333,3.0,one_month_score_to_return,benchmark-relative active-return diagnostic; not a benchmark-relative optimizer
benchmark_outperform_1m | ObjectiveSpecific[benchmark_outperform_1m][XGBoost searched] Calibrated,benchmark_outperform_1m,ObjectiveSpecific[benchmark_outperform_1m][XGBoost searched] Calibrated,2024-04,1,forward_1m_vs_benchmark_return,target_outperform_benchmark_next_1m,-0.001581119395727951,-0.01923693208204601,0.017655812686318058,0.3333333333333333,1.3333333333333333,3.0,one_month_score_to_return,benchmark-relative active-return diagnostic; not a benchmark-relative optimizer
benchmark_outperform_1m | ObjectiveSpecific[benchmark_outperform_1m][XGBoost searched] Calibrated,benchmark_outperform_1m,ObjectiveSpecific[benchmark_outperform_1m][XGBoost searched] Calibrated,2024-05,1,forward_1m_vs_benchmark_return,target_outperform_benchmark_next_1m,-0.030632985637390694,-0.027378028510983476,-0.0032549571264072173,0.0,1.3333333333333333,3.0,one_month_score_to_return,benchmark-relative active-return diagnostic; not a benchmark-relative optimizer
benchmark_outperform_1m | ObjectiveSpecific[benchmark_outperform_1m][XGBoost searched] Calibrated,benchmark_outperform_1m,ObjectiveSpecific[benchmark_outperform_1m][XGBoost searched] Calibrated,2024-06,1,forward_1m_vs_benchmark_return,target_outperform_benchmark_next_1m,0.028684959319013194,0.01954106312652395,0.009143896192489245,0.6666666666666666,1.3333333333333333,3.0,one_month_score_to_return,benchmark-relative active-return diagnostic; not a benchmark-relative optimizer
benchmark_outperform_1m | ObjectiveSpecific[benchmark_outperform_1m][XGBoost searched] Calibrated,benchmark_outperform_1m,ObjectiveSpecific[benchmark_outperform_1m][XGBoost searched] Calibrated,2024-07,1,forward_1m_vs_benchmark_return,target_outperform_benchmark_next_1m,-0.006603625620990705,-0.004284417190004908,-0.002319208430985797,0.3333333333333333,1.3333333333333333,3.0,one_month_score_to_return,benchmark-relative active-return diagnostic; not a benchmark-relative optimizer
benchmark_outperform_1m | ObjectiveSpecific[benchmark_outperform_1m][XGBoost searched] Calibrated,benchmark_outperform_1m,ObjectiveSpecific[benchmark_outperform_1m][XGBoost searched] Calibrated,2024-08,1,forward_1m_vs_benchmark_return,target_outperform_benchmark_next_1m,0.011945772056857096,-0.0038420343728073013,0.015787806429664396,0.6666666666666666,0.6666666666666666,3.0,one_month_score_to_return,benchmark-relative active-return diagnostic; not a benchmark-relative optimizer
benchmark_outperform_1m | ObjectiveSpecific[benchmark_outperform_1m][XGBoost searched] Calibrated,benchmark_outperform_1m,ObjectiveSpecific[benchmark_outperform_1m][XGBoost searched] Calibrated,2024-09,1,forward_1m_vs_benchmark_return,target_outperform_benchmark_next_1m,0.017144639419566194,-0.00494225617225591,0.022086895591822104,0.6666666666666666,0.0,3.0,one_month_score_to_return,benchmark-relative active-return diagnostic; not a benchmark-relative optimizer
benchmark_outperform_1m | ObjectiveSpecific[benchmark_outperform_1m][XGBoost searched] Calibrated,benchmark_outperform_1m,ObjectiveSpecific[benchmark_outperform_1m][XGBoost searched] Calibrated,2024-10,1,forward_1m_vs_benchmark_return,target_outperform_benchmark_next_1m,-0.016286339209083216,-0.023371349336394776,0.00708501012731156,0.3333333333333333,1.3333333333333333,3.0,one_month_score_to_return,benchmark-relative active-return diagnostic; not a benchmark-relative optimizer
benchmark_outperform_1m | ObjectiveSpecific[benchmark_outperform_1m][XGBoost searched] Calibrated,benchmark_outperform_1m,ObjectiveSpecific[benchmark_outperform_1m][XGBoost searched] Calibrated,2024-11,1,forward_1m_vs_benchmark_return,target_outperform_benchmark_next_1m,0.00298503848459708,-0.015637106485766727,0.018622144970363807,0.6666666666666666,1.3333333333333333,3.0,one_month_score_to_return,benchmark-relative active-return diagnostic; not a benchmark-relative optimizer
benchmark_outperform_1m | ObjectiveSpecific[benchmark_outperform_1m][XGBoost searched] Calibrated,benchmark_outperform_1m,ObjectiveSpecific[benchmark_outperform_1m][XGBoost searched] Calibrated,2024-12,1,forward_1m_vs_benchmark_return,target_outperform_benchmark_next_1m,0.01999559292209196,0.011702873535321201,0.00829271938677076,0.6666666666666666,1.3333333333333333,3.0,one_month_score_to_return,benchmark-relative active-return diagnostic; not a benchmark-relative optimizer
benchmark_outperform_1m | ObjectiveSpecific[benchmark_outperform_1m][XGBoost searched] Calibrated,benchmark_outperform_1m,ObjectiveSpecific[benchmark_outperform_1m][XGBoost searched] Calibrated,2025-01,1,forward_1m_vs_benchmark_return,target_outperform_benchmark_next_1m,0.029466767258907216,0.016771693103579656,0.01269507415532756,0.6666666666666666,0.6666666666666666,3.0,one_month_score_to_return,benchmark-relative active-return diagnostic; not a benchmark-relative optimizer
benchmark_outperform_1m | ObjectiveSpecific[benchmark_outperform_1m][XGBoost searched] Calibrated,benchmark_outperform_1m,ObjectiveSpecific[benchmark_outperform_1m][XGBoost searched] Calibrated,2025-02,1,forward_1m_vs_benchmark_return,target_outperform_benchmark_next_1m,0.057732053805975195,0.04705797470717789,0.010674079098797307,0.6666666666666666,0.6666666666666666,3.0,one_month_score_to_return,benchmark-relative active-return diagnostic; not a benchmark-relative optimizer
benchmark_outperform_1m | ObjectiveSpecific[benchmark_outperform_1m][XGBoost searched] Calibrated,benchmark_outperform_1m,ObjectiveSpecific[benchmark_outperform_1m][XGBoost searched] Calibrated,2025-03,1,forward_1m_vs_benchmark_return,target_outperform_benchmark_next_1m,0.0049661634566933194,-0.012843919595290066,0.017810083051983387,0.6666666666666666,1.3333333333333333,3.0,one_month_score_to_return,benchmark-relative active-return diagnostic; not a benchmark-relative optimizer
benchmark_outperform_1m | ObjectiveSpecific[benchmark_outperform_1m][XGBoost searched] Calibrated,benchmark_outperform_1m,ObjectiveSpecific[benchmark_outperform_1m][XGBoost searched] Calibrated,2025-04,1,forward_1m_vs_benchmark_return,target_outperform_benchmark_next_1m,-0.05462497284887469,-0.016931500017870173,-0.037693472831004514,0.0,0.6666666666666666,3.0,one_month_score_to_return,benchmark-relative active-return diagnostic; not a benchmark-relative optimizer
benchmark_outperform_1m | ObjectiveSpecific[benchmark_outperform_1m][XGBoost searched] Calibrated,benchmark_outperform_1m,ObjectiveSpecific[benchmark_outperform_1m][XGBoost searched] Calibrated,2025-05,1,forward_1m_vs_benchmark_return,target_outperform_benchmark_next_1m,-0.015062297028160233,-0.014617440536922344,-0.0004448564912378893,0.3333333333333333,2.0,3.0,one_month_score_to_return,benchmark-relative active-return diagnostic; not a benchmark-relative optimizer
benchmark_outperform_1m | ObjectiveSpecific[benchmark_outperform_1m][XGBoost searched] Calibrated,benchmark_outperform_1m,ObjectiveSpecific[benchmark_outperform_1m][XGBoost searched] Calibrated,2025-06,1,forward_1m_vs_benchmark_return,target_outperform_benchmark_next_1m,-0.005974594356747964,-0.012803482804720823,0.006828888447972858,0.3333333333333333,0.6666666666666666,3.0,one_month_score_to_return,benchmark-relative active-return diagnostic; not a benchmark-relative optimizer
benchmark_outperform_1m | ObjectiveSpecific[benchmark_outperform_1m][XGBoost searched] Calibrated,benchmark_outperform_1m,ObjectiveSpecific[benchmark_outperform_1m][XGBoost searched] Calibrated,2025-07,1,forward_1m_vs_benchmark_return,target_outperform_benchmark_next_1m,-0.006124324208637103,0.00715169756416546,-0.013276021772802564,0.6666666666666666,1.9999999999999998,3.0,one_month_score_to_return,benchmark-relative active-return diagnostic; not a benchmark-relative optimizer
benchmark_outperform_1m | ObjectiveSpecific[benchmark_outperform_1m][XGBoost searched] Calibrated,benchmark_outperform_1m,ObjectiveSpecific[benchmark_outperform_1m][XGBoost searched] Calibrated,2025-08,1,forward_1m_vs_benchmark_return,target_outperform_benchmark_next_1m,0.022837275565018723,0.00124477081089287,0.021592504754125854,1.0,0.6666666666666666,3.0,one_month_score_to_return,benchmark-relative active-return diagnostic; not a benchmark-relative optimizer
benchmark_outperform_1m | ObjectiveSpecific[benchmark_outperform_1m][XGBoost searched] Calibrated,benchmark_outperform_1m,ObjectiveSpecific[benchmark_outperform_1m][XGBoost searched] Calibrated,2025-09,1,forward_1m_vs_benchmark_return,target_outperform_benchmark_next_1m,-0.021263489654199587,-0.016143917238419857,-0.005119572415779729,0.3333333333333333,1.3333333333333333,3.0,one_month_score_to_return,benchmark-relative active-return diagnostic; not a benchmark-relative optimizer
benchmark_outperform_1m | ObjectiveSpecific[benchmark_outperform_1m][XGBoost searched] Calibrated,benchmark_outperform_1m,ObjectiveSpecific[benchmark_outperform_1m][XGBoost searched] Calibrated,2025-10,1,forward_1m_vs_benchmark_return,target_outperform_benchmark_next_1m,0.025176361128701436,0.01320203914472472,0.011974321983976716,1.0,0.6666666666666666,3.0,one_month_score_to_return,benchmark-relative active-return diagnostic; not a benchmark-relative optimizer
benchmark_outperform_1m | ObjectiveSpecific[benchmark_outperform_1m][XGBoost searched] Calibrated,benchmark_outperform_1m,ObjectiveSpecific[benchmark_outperform_1m][XGBoost searched] Calibrated,2025-11,1,forward_1m_vs_benchmark_return,target_outperform_benchmark_next_1m,0.005022005499225268,0.003942861765199579,0.0010791437340256895,0.3333333333333333,1.3333333333333333,3.0,one_month_score_to_return,benchmark-relative active-return diagnostic; not a benchmark-relative optimizer
benchmark_outperform_1m | ObjectiveSpecific[benchmark_outperform_1m][XGBoost searched] Calibrated,benchmark_outperform_1m,ObjectiveSpecific[benchmark_outperform_1m][XGBoost searched] Calibrated,2025-12,1,forward_1m_vs_benchmark_return,target_outperform_benchmark_next_1m,0.03354658495041204,0.025068354683240056,0.008478230267171982,0.3333333333333333,0.6666666666666666,3.0,one_month_score_to_return,benchmark-relative active-return diagnostic; not a benchmark-relative optimizer
benchmark_outperform_1m | ObjectiveSpecific[benchmark_outperform_1m][XGBoost searched] Calibrated,benchmark_outperform_1m,ObjectiveSpecific[benchmark_outperform_1m][XGBoost searched] Calibrated,2026-01,1,forward_1m_vs_benchmark_return,target_outperform_benchmark_next_1m,0.09186893997391184,0.04511747673968486,0.04675146323422698,1.0,0.6666666666666666,3.0,one_month_score_to_return,benchmark-relative active-return diagnostic; not a benchmark-relative optimizer
benchmark_outperform_1m | ObjectiveSpecific[benchmark_outperform_1m][XGBoost searched] Calibrated,benchmark_outperform_1m,ObjectiveSpecific[benchmark_outperform_1m][XGBoost searched] Calibrated,2026-02,1,forward_1m_vs_benchmark_return,target_outperform_benchmark_next_1m,-0.008740761029504496,0.0007835705732760379,-0.009524331602780534,0.3333333333333333,1.3333333333333333,3.0,one_month_score_to_return,benchmark-relative active-return diagnostic; not a benchmark-relative optimizer
benchmark_outperform_1m | ObjectiveSpecific[benchmark_outperform_1m][XGBoost searched] Calibrated,benchmark_outperform_1m,ObjectiveSpecific[benchmark_outperform_1m][XGBoost searched] Calibrated,2026-03,1,forward_1m_vs_benchmark_return,target_outperform_benchmark_next_1m,-0.01589889494932658,-0.05033212269387087,0.03443322774454429,0.6666666666666666,0.6666666666666666,3.0,one_month_score_to_return,benchmark-relative active-return diagnostic; not a benchmark-relative optimizer
benchmark_outperform_1m | ObjectiveSpecific[benchmark_outperform_1m][TabPFN direct],benchmark_outperform_1m,ObjectiveSpecific[benchmark_outperform_1m][TabPFN direct],2020-01,1,forward_1m_vs_benchmark_return,target_outperform_benchmark_next_1m,-0.022584224663905375,0.03133617022397593,-0.05392039488788131,0.3333333333333333,1.0,3.0,one_month_score_to_return,benchmark-relative active-return diagnostic; not a benchmark-relative optimizer
benchmark_outperform_1m | ObjectiveSpecific[benchmark_outperform_1m][TabPFN direct],benchmark_outperform_1m,ObjectiveSpecific[benchmark_outperform_1m][TabPFN direct],2020-02,1,forward_1m_vs_benchmark_return,target_outperform_benchmark_next_1m,-0.08505830305070791,0.022393414747409225,-0.10745171779811713,0.3333333333333333,0.0,3.0,one_month_score_to_return,benchmark-relative active-return diagnostic; not a benchmark-relative optimizer
benchmark_outperform_1m | ObjectiveSpecific[benchmark_outperform_1m][TabPFN direct],benchmark_outperform_1m,ObjectiveSpecific[benchmark_outperform_1m][TabPFN direct],2020-03,1,forward_1m_vs_benchmark_return,target_outperform_benchmark_next_1m,0.002441213292157185,-0.03550292307825642,0.037944136370413606,0.6666666666666666,0.6666666666666666,3.0,one_month_score_to_return,benchmark-relative active-return diagnostic; not a benchmark-relative optimizer
benchmark_outperform_1m | ObjectiveSpecific[benchmark_outperform_1m][TabPFN direct],benchmark_outperform_1m,ObjectiveSpecific[benchmark_outperform_1m][TabPFN direct],2020-04,1,forward_1m_vs_benchmark_return,target_outperform_benchmark_next_1m,0.014207672130443012,-0.0158793410340884,0.030087013164531412,0.6666666666666666,0.0,3.0,one_month_score_to_return,benchmark-relative active-return diagnostic; not a benchmark-relative optimizer
benchmark_outperform_1m | ObjectiveSpecific[benchmark_outperform_1m][TabPFN direct],benchmark_outperform_1m,ObjectiveSpecific[benchmark_outperform_1m][TabPFN direct],2020-05,1,forward_1m_vs_benchmark_return,target_outperform_benchmark_next_1m,0.008386203935294953,-0.0006214973857633588,0.009007701321058312,0.6666666666666666,0.0,3.0,one_month_score_to_return,benchmark-relative active-return diagnostic; not a benchmark-relative optimizer
benchmark_outperform_1m | ObjectiveSpecific[benchmark_outperform_1m][TabPFN direct],benchmark_outperform_1m,ObjectiveSpecific[benchmark_outperform_1m][TabPFN direct],2020-06,1,forward_1m_vs_benchmark_return,target_outperform_benchmark_next_1m,-0.009630030507954707,-0.01753678041166353,0.007906749903708824,0.3333333333333333,0.0,3.0,one_month_score_to_return,benchmark-relative active-return diagnostic; not a benchmark-relative optimizer
benchmark_outperform_1m | ObjectiveSpecific[benchmark_outperform_1m][TabPFN direct],benchmark_outperform_1m,ObjectiveSpecific[benchmark_outperform_1m][TabPFN direct],2020-07,1,forward_1m_vs_benchmark_return,target_outperform_benchmark_next_1m,-0.003202757464778605,-0.03934959506884729,0.036146837604068685,0.3333333333333333,0.0,3.0,one_month_score_to_return,benchmark-relative active-return diagnostic; not a benchmark-relative optimizer
benchmark_outperform_1m | ObjectiveSpecific[benchmark_outperform_1m][TabPFN direct],benchmark_outperform_1m,ObjectiveSpecific[benchmark_outperform_1m][TabPFN direct],2020-08,1,forward_1m_vs_benchmark_return,target_outperform_benchmark_next_1m,-0.0024600417042358598,-0.0032288541175911623,0.0007688124133553025,0.6666666666666666,0.0,3.0,one_month_score_to_return,benchmark-relative active-return diagnostic; not a benchmark-relative optimizer
benchmark_outperform_1m | ObjectiveSpecific[benchmark_outperform_1m][TabPFN direct],benchmark_outperform_1m,ObjectiveSpecific[benchmark_outperform_1m][TabPFN direct],2020-09,1,forward_1m_vs_benchmark_return,target_outperform_benchmark_next_1m,0.020415807232300187,0.012560754818217678,0.007855052414082509,0.6666666666666666,0.0,3.0,one_month_score_to_return,benchmark-relative active-return diagnostic; not a benchmark-relative optimizer
benchmark_outperform_1m | ObjectiveSpecific[benchmark_outperform_1m][TabPFN direct],benchmark_outperform_1m,ObjectiveSpecific[benchmark_outperform_1m][TabPFN direct],2020-10,1,forward_1m_vs_benchmark_return,target_outperform_benchmark_next_1m,0.04879139542945521,0.0002606665267982589,0.04853072890265695,1.0,0.0,3.0,one_month_score_to_return,benchmark-relative active-return diagnostic; not a benchmark-relative optimizer
benchmark_outperform_1m | ObjectiveSpecific[benchmark_outperform_1m][TabPFN direct],benchmark_outperform_1m,ObjectiveSpecific[benchmark_outperform_1m][TabPFN direct],2020-11,1,forward_1m_vs_benchmark_return,target_outperform_benchmark_next_1m,0.02637349807940814,0.010563675981205212,0.015809822098202926,1.0,0.0,3.0,one_month_score_to_return,benchmark-relative active-return diagnostic; not a benchmark-relative optimizer
benchmark_outperform_1m | ObjectiveSpecific[benchmark_outperform_1m][TabPFN direct],benchmark_outperform_1m,ObjectiveSpecific[benchmark_outperform_1m][TabPFN direct],2020-12,1,forward_1m_vs_benchmark_return,target_outperform_benchmark_next_1m,0.01649828975928158,0.007033795673201426,0.009464494086080156,0.6666666666666666,0.6666666666666666,3.0,one_month_score_to_return,benchmark-relative active-return diagnostic; not a benchmark-relative optimizer
benchmark_outperform_1m | ObjectiveSpecific[benchmark_outperform_1m][TabPFN direct],benchmark_outperform_1m,ObjectiveSpecific[benchmark_outperform_1m][TabPFN direct],2021-01,1,forward_1m_vs_benchmark_return,target_outperform_benchmark_next_1m,0.09090716454164215,0.00196771063984712,0.08893945390179503,0.6666666666666666,0.0,3.0,one_month_score_to_return,benchmark-relative active-return diagnostic; not a benchmark-relative optimizer
benchmark_outperform_1m | ObjectiveSpecific[benchmark_outperform_1m][TabPFN direct],benchmark_outperform_1m,ObjectiveSpecific[benchmark_outperform_1m][TabPFN direct],2021-02,1,forward_1m_vs_benchmark_return,target_outperform_benchmark_next_1m,-0.020106556543464976,-0.032269148942206824,0.012162592398741848,0.3333333333333333,0.6666666666666666,3.0,one_month_score_to_return,benchmark-relative active-return diagnostic; not a benchmark-relative optimizer
benchmark_outperform_1m | ObjectiveSpecific[benchmark_outperform_1m][TabPFN direct],benchmark_outperform_1m,ObjectiveSpecific[benchmark_outperform_1m][TabPFN direct],2021-03,1,forward_1m_vs_benchmark_return,target_outperform_benchmark_next_1m,-0.003707252655244779,-0.022275390614571212,0.018568137959326433,0.3333333333333333,0.0,3.0,one_month_score_to_return,benchmark-relative active-return diagnostic; not a benchmark-relative optimizer
benchmark_outperform_1m | ObjectiveSpecific[benchmark_outperform_1m][TabPFN direct],benchmark_outperform_1m,ObjectiveSpecific[benchmark_outperform_1m][TabPFN direct],2021-04,1,forward_1m_vs_benchmark_return,target_outperform_benchmark_next_1m,0.005425486908399649,0.01770387108145205,-0.0122783841730524,0.3333333333333333,0.0,3.0,one_month_score_to_return,benchmark-relative active-return diagnostic; not a benchmark-relative optimizer
benchmark_outperform_1m | ObjectiveSpecific[benchmark_outperform_1m][TabPFN direct],benchmark_outperform_1m,ObjectiveSpecific[benchmark_outperform_1m][TabPFN direct],2021-05,1,forward_1m_vs_benchmark_return,target_outperform_benchmark_next_1m,-0.005505839161210797,-0.012255583078462551,0.0067497439172517545,0.3333333333333333,0.0,3.0,one_month_score_to_return,benchmark-relative active-return diagnostic; not a benchmark-relative optimizer
benchmark_outperform_1m | ObjectiveSpecific[benchmark_outperform_1m][TabPFN direct],benchmark_outperform_1m,ObjectiveSpecific[benchmark_outperform_1m][TabPFN direct],2021-06,1,forward_1m_vs_benchmark_return,target_outperform_benchmark_next_1m,-0.02819828265335962,-0.031206124362265275,0.0030078417089056536,0.3333333333333333,0.0,3.0,one_month_score_to_return,benchmark-relative active-return diagnostic; not a benchmark-relative optimizer
benchmark_outperform_1m | ObjectiveSpecific[benchmark_outperform_1m][TabPFN direct],benchmark_outperform_1m,ObjectiveSpecific[benchmark_outperform_1m][TabPFN direct],2021-07,1,forward_1m_vs_benchmark_return,target_outperform_benchmark_next_1m,0.007262256416636248,-0.013964370925638948,0.021226627342275196,0.6666666666666666,0.0,3.0,one_month_score_to_return,benchmark-relative active-return diagnostic; not a benchmark-relative optimizer
benchmark_outperform_1m | ObjectiveSpecific[benchmark_outperform_1m][TabPFN direct],benchmark_outperform_1m,ObjectiveSpecific[benchmark_outperform_1m][TabPFN direct],2021-08,1,forward_1m_vs_benchmark_return,target_outperform_benchmark_next_1m,0.010693585616411353,0.023683913535058988,-0.012990327918647635,0.6666666666666666,0.0,3.0,one_month_score_to_return,benchmark-relative active-return diagnostic; not a benchmark-relative optimizer
benchmark_outperform_1m | ObjectiveSpecific[benchmark_outperform_1m][TabPFN direct],benchmark_outperform_1m,ObjectiveSpecific[benchmark_outperform_1m][TabPFN direct],2021-09,1,forward_1m_vs_benchmark_return,target_outperform_benchmark_next_1m,-0.002169707446177283,-0.024346915363157095,0.022177207916979812,0.6666666666666666,0.0,3.0,one_month_score_to_return,benchmark-relative active-return diagnostic; not a benchmark-relative optimizer
benchmark_outperform_1m | ObjectiveSpecific[benchmark_outperform_1m][TabPFN direct],benchmark_outperform_1m,ObjectiveSpecific[benchmark_outperform_1m][TabPFN direct],2021-10,1,forward_1m_vs_benchmark_return,target_outperform_benchmark_next_1m,-0.017350001548203986,-0.012943878122373464,-0.0044061234258305215,0.3333333333333333,0.0,3.0,one_month_score_to_return,benchmark-relative active-return diagnostic; not a benchmark-relative optimizer
benchmark_outperform_1m | ObjectiveSpecific[benchmark_outperform_1m][TabPFN direct],benchmark_outperform_1m,ObjectiveSpecific[benchmark_outperform_1m][TabPFN direct],2021-11,1,forward_1m_vs_benchmark_return,target_outperform_benchmark_next_1m,-0.02473567743110368,-0.02599876445519559,0.0012630870240919086,0.0,0.0,3.0,one_month_score_to_return,benchmark-relative active-return diagnostic; not a benchmark-relative optimizer
benchmark_outperform_1m | ObjectiveSpecific[benchmark_outperform_1m][TabPFN direct],benchmark_outperform_1m,ObjectiveSpecific[benchmark_outperform_1m][TabPFN direct],2021-12,1,forward_1m_vs_benchmark_return,target_outperform_benchmark_next_1m,-0.009932963452192228,0.03907461624306445,-0.04900757969525668,0.3333333333333333,0.0,3.0,one_month_score_to_return,benchmark-relative active-return diagnostic; not a benchmark-relative optimizer
benchmark_outperform_1m | ObjectiveSpecific[benchmark_outperform_1m][TabPFN direct],benchmark_outperform_1m,ObjectiveSpecific[benchmark_outperform_1m][TabPFN direct],2022-01,1,forward_1m_vs_benchmark_return,target_outperform_benchmark_next_1m,0.011087995326642211,0.028422287237314714,-0.017334291910672504,0.6666666666666666,0.0,3.0,one_month_score_to_return,benchmark-relative active-return diagnostic; not a benchmark-relative optimizer
benchmark_outperform_1m | ObjectiveSpecific[benchmark_outperform_1m][TabPFN direct],benchmark_outperform_1m,ObjectiveSpecific[benchmark_outperform_1m][TabPFN direct],2022-02,1,forward_1m_vs_benchmark_return,target_outperform_benchmark_next_1m,-0.0168213784758305,-0.03586599059156407,0.019044612115733568,0.3333333333333333,0.0,3.0,one_month_score_to_return,benchmark-relative active-return diagnostic; not a benchmark-relative optimizer
benchmark_outperform_1m | ObjectiveSpecific[benchmark_outperform_1m][TabPFN direct],benchmark_outperform_1m,ObjectiveSpecific[benchmark_outperform_1m][TabPFN direct],2022-03,1,forward_1m_vs_benchmark_return,target_outperform_benchmark_next_1m,-0.023130306053821527,0.013382878751480842,-0.03651318480530237,0.0,0.0,3.0,one_month_score_to_return,benchmark-relative active-return diagnostic; not a benchmark-relative optimizer
benchmark_outperform_1m | ObjectiveSpecific[benchmark_outperform_1m][TabPFN direct],benchmark_outperform_1m,ObjectiveSpecific[benchmark_outperform_1m][TabPFN direct],2022-04,1,forward_1m_vs_benchmark_return,target_outperform_benchmark_next_1m,-0.0007414209424301639,0.01788095791349519,-0.018622378855925353,0.3333333333333333,0.0,3.0,one_month_score_to_return,benchmark-relative active-return diagnostic; not a benchmark-relative optimizer
benchmark_outperform_1m | ObjectiveSpecific[benchmark_outperform_1m][TabPFN direct],benchmark_outperform_1m,ObjectiveSpecific[benchmark_outperform_1m][TabPFN direct],2022-05,1,forward_1m_vs_benchmark_return,target_outperform_benchmark_next_1m,-0.01059794456974228,0.012138673281936564,-0.022736617851678843,0.0,0.0,3.0,one_month_score_to_return,benchmark-relative active-return diagnostic; not a benchmark-relative optimizer
benchmark_outperform_1m | ObjectiveSpecific[benchmark_outperform_1m][TabPFN direct],benchmark_outperform_1m,ObjectiveSpecific[benchmark_outperform_1m][TabPFN direct],2022-06,1,forward_1m_vs_benchmark_return,target_outperform_benchmark_next_1m,0.00961716256269692,-0.033056193063750315,0.04267335562644724,0.6666666666666666,0.0,3.0,one_month_score_to_return,benchmark-relative active-return diagnostic; not a benchmark-relative optimizer
benchmark_outperform_1m | ObjectiveSpecific[benchmark_outperform_1m][TabPFN direct],benchmark_outperform_1m,ObjectiveSpecific[benchmark_outperform_1m][TabPFN direct],2022-07,1,forward_1m_vs_benchmark_return,target_outperform_benchmark_next_1m,0.009761798372414567,0.0051557236419845776,0.004606074730429989,0.6666666666666666,0.0,3.0,one_month_score_to_return,benchmark-relative active-return diagnostic; not a benchmark-relative optimizer
benchmark_outperform_1m | ObjectiveSpecific[benchmark_outperform_1m][TabPFN direct],benchmark_outperform_1m,ObjectiveSpecific[benchmark_outperform_1m][TabPFN direct],2022-08,1,forward_1m_vs_benchmark_return,target_outperform_benchmark_next_1m,0.005444153261179047,0.014453647456911967,-0.00900949419573292,0.6666666666666666,0.6666666666666666,3.0,one_month_score_to_return,benchmark-relative active-return diagnostic; not a benchmark-relative optimizer
benchmark_outperform_1m | ObjectiveSpecific[benchmark_outperform_1m][TabPFN direct],benchmark_outperform_1m,ObjectiveSpecific[benchmark_outperform_1m][TabPFN direct],2022-09,1,forward_1m_vs_benchmark_return,target_outperform_benchmark_next_1m,0.009713055962144185,-0.02452065353230872,0.03423370949445291,0.6666666666666666,0.6666666666666666,3.0,one_month_score_to_return,benchmark-relative active-return diagnostic; not a benchmark-relative optimizer
benchmark_outperform_1m | ObjectiveSpecific[benchmark_outperform_1m][TabPFN direct],benchmark_outperform_1m,ObjectiveSpecific[benchmark_outperform_1m][TabPFN direct],2022-10,1,forward_1m_vs_benchmark_return,target_outperform_benchmark_next_1m,-0.006384564642580489,0.012869829528433541,-0.01925439417101403,0.3333333333333333,0.0,3.0,one_month_score_to_return,benchmark-relative active-return diagnostic; not a benchmark-relative optimizer
benchmark_outperform_1m | ObjectiveSpecific[benchmark_outperform_1m][TabPFN direct],benchmark_outperform_1m,ObjectiveSpecific[benchmark_outperform_1m][TabPFN direct],2022-11,1,forward_1m_vs_benchmark_return,target_outperform_benchmark_next_1m,-0.00918967258283491,0.023769146553936416,-0.032958819136771324,0.3333333333333333,0.0,3.0,one_month_score_to_return,benchmark-relative active-return diagnostic; not a benchmark-relative optimizer
benchmark_outperform_1m | ObjectiveSpecific[benchmark_outperform_1m][TabPFN direct],benchmark_outperform_1m,ObjectiveSpecific[benchmark_outperform_1m][TabPFN direct],2022-12,1,forward_1m_vs_benchmark_return,target_outperform_benchmark_next_1m,0.016589128982457048,0.006416642811624418,0.01017248617083263,0.6666666666666666,0.6666666666666666,3.0,one_month_score_to_return,benchmark-relative active-return diagnostic; not a benchmark-relative optimizer
benchmark_outperform_1m | ObjectiveSpecific[benchmark_outperform_1m][TabPFN direct],benchmark_outperform_1m,ObjectiveSpecific[benchmark_outperform_1m][TabPFN direct],2023-01,1,forward_1m_vs_benchmark_return,target_outperform_benchmark_next_1m,-0.0037605353064678795,-0.011101318737195064,0.007340783430727185,0.6666666666666666,0.0,3.0,one_month_score_to_return,benchmark-relative active-return diagnostic; not a benchmark-relative optimizer
benchmark_outperform_1m | ObjectiveSpecific[benchmark_outperform_1m][TabPFN direct],benchmark_outperform_1m,ObjectiveSpecific[benchmark_outperform_1m][TabPFN direct],2023-02,1,forward_1m_vs_benchmark_return,target_outperform_benchmark_next_1m,-0.05432765503408132,-0.014783447794941462,-0.03954420723913986,0.3333333333333333,0.6666666666666666,3.0,one_month_score_to_return,benchmark-relative active-return diagnostic; not a benchmark-relative optimizer
benchmark_outperform_1m | ObjectiveSpecific[benchmark_outperform_1m][TabPFN direct],benchmark_outperform_1m,ObjectiveSpecific[benchmark_outperform_1m][TabPFN direct],2023-03,1,forward_1m_vs_benchmark_return,target_outperform_benchmark_next_1m,-0.008247142307439578,-0.011793313480217116,0.003546171172777538,0.3333333333333333,0.0,3.0,one_month_score_to_return,benchmark-relative active-return diagnostic; not a benchmark-relative optimizer
benchmark_outperform_1m | ObjectiveSpecific[benchmark_outperform_1m][TabPFN direct],benchmark_outperform_1m,ObjectiveSpecific[benchmark_outperform_1m][TabPFN direct],2023-04,1,forward_1m_vs_benchmark_return,target_outperform_benchmark_next_1m,0.004828406790204024,-0.02057280951054028,0.025401216300744305,0.3333333333333333,0.0,3.0,one_month_score_to_return,benchmark-relative active-return diagnostic; not a benchmark-relative optimizer
benchmark_outperform_1m | ObjectiveSpecific[benchmark_outperform_1m][TabPFN direct],benchmark_outperform_1m,ObjectiveSpecific[benchmark_outperform_1m][TabPFN direct],2023-05,1,forward_1m_vs_benchmark_return,target_outperform_benchmark_next_1m,0.007674815633860187,-0.024440001652566056,0.03211481728642624,1.0,0.6666666666666666,3.0,one_month_score_to_return,benchmark-relative active-return diagnostic; not a benchmark-relative optimizer
benchmark_outperform_1m | ObjectiveSpecific[benchmark_outperform_1m][TabPFN direct],benchmark_outperform_1m,ObjectiveSpecific[benchmark_outperform_1m][TabPFN direct],2023-06,1,forward_1m_vs_benchmark_return,target_outperform_benchmark_next_1m,0.023241321425983896,-0.00422574774096589,0.027467069166949788,1.0,0.0,3.0,one_month_score_to_return,benchmark-relative active-return diagnostic; not a benchmark-relative optimizer
benchmark_outperform_1m | ObjectiveSpecific[benchmark_outperform_1m][TabPFN direct],benchmark_outperform_1m,ObjectiveSpecific[benchmark_outperform_1m][TabPFN direct],2023-07,1,forward_1m_vs_benchmark_return,target_outperform_benchmark_next_1m,0.0032997580119524424,-0.006595351247995396,0.009895109259947838,0.6666666666666666,0.0,3.0,one_month_score_to_return,benchmark-relative active-return diagnostic; not a benchmark-relative optimizer
benchmark_outperform_1m | ObjectiveSpecific[benchmark_outperform_1m][TabPFN direct],benchmark_outperform_1m,ObjectiveSpecific[benchmark_outperform_1m][TabPFN direct],2023-08,1,forward_1m_vs_benchmark_return,target_outperform_benchmark_next_1m,0.017762627958342526,0.007258135037535219,0.010504492920807308,0.3333333333333333,0.0,3.0,one_month_score_to_return,benchmark-relative active-return diagnostic; not a benchmark-relative optimizer
benchmark_outperform_1m | ObjectiveSpecific[benchmark_outperform_1m][TabPFN direct],benchmark_outperform_1m,ObjectiveSpecific[benchmark_outperform_1m][TabPFN direct],2023-09,1,forward_1m_vs_benchmark_return,target_outperform_benchmark_next_1m,-0.02815134215554915,-0.002201282632030288,-0.02595005952351886,0.0,0.0,3.0,one_month_score_to_return,benchmark-relative active-return diagnostic; not a benchmark-relative optimizer
benchmark_outperform_1m | ObjectiveSpecific[benchmark_outperform_1m][TabPFN direct],benchmark_outperform_1m,ObjectiveSpecific[benchmark_outperform_1m][TabPFN direct],2023-10,1,forward_1m_vs_benchmark_return,target_outperform_benchmark_next_1m,-0.02807572564810519,-0.01934109106259093,-0.00873463458551426,0.6666666666666666,0.0,3.0,one_month_score_to_return,benchmark-relative active-return diagnostic; not a benchmark-relative optimizer
benchmark_outperform_1m | ObjectiveSpecific[benchmark_outperform_1m][TabPFN direct],benchmark_outperform_1m,ObjectiveSpecific[benchmark_outperform_1m][TabPFN direct],2023-11,1,forward_1m_vs_benchmark_return,target_outperform_benchmark_next_1m,0.04162227912848793,0.006712072291699345,0.03491020683678858,1.0,0.6666666666666666,3.0,one_month_score_to_return,benchmark-relative active-return diagnostic; not a benchmark-relative optimizer
benchmark_outperform_1m | ObjectiveSpecific[benchmark_outperform_1m][TabPFN direct],benchmark_outperform_1m,ObjectiveSpecific[benchmark_outperform_1m][TabPFN direct],2023-12,1,forward_1m_vs_benchmark_return,target_outperform_benchmark_next_1m,-0.02596817446479438,-0.023214125106761907,-0.002754049358032473,0.3333333333333333,0.0,3.0,one_month_score_to_return,benchmark-relative active-return diagnostic; not a benchmark-relative optimizer
benchmark_outperform_1m | ObjectiveSpecific[benchmark_outperform_1m][TabPFN direct],benchmark_outperform_1m,ObjectiveSpecific[benchmark_outperform_1m][TabPFN direct],2024-01,1,forward_1m_vs_benchmark_return,target_outperform_benchmark_next_1m,-0.004588420205655862,-0.025899008441818583,0.02131058823616272,0.6666666666666666,0.6666666666666666,3.0,one_month_score_to_return,benchmark-relative active-return diagnostic; not a benchmark-relative optimizer
benchmark_outperform_1m | ObjectiveSpecific[benchmark_outperform_1m][TabPFN direct],benchmark_outperform_1m,ObjectiveSpecific[benchmark_outperform_1m][TabPFN direct],2024-02,1,forward_1m_vs_benchmark_return,target_outperform_benchmark_next_1m,0.01636331985438984,0.005908240360692174,0.010455079493697667,0.6666666666666666,0.0,3.0,one_month_score_to_return,benchmark-relative active-return diagnostic; not a benchmark-relative optimizer
benchmark_outperform_1m | ObjectiveSpecific[benchmark_outperform_1m][TabPFN direct],benchmark_outperform_1m,ObjectiveSpecific[benchmark_outperform_1m][TabPFN direct],2024-03,1,forward_1m_vs_benchmark_return,target_outperform_benchmark_next_1m,-0.0016134242278923443,0.012228564971541378,-0.013841989199433722,0.3333333333333333,0.0,3.0,one_month_score_to_return,benchmark-relative active-return diagnostic; not a benchmark-relative optimizer
benchmark_outperform_1m | ObjectiveSpecific[benchmark_outperform_1m][TabPFN direct],benchmark_outperform_1m,ObjectiveSpecific[benchmark_outperform_1m][TabPFN direct],2024-04,1,forward_1m_vs_benchmark_return,target_outperform_benchmark_next_1m,-0.012336541979176146,-0.01923693208204601,0.006900390102869865,0.6666666666666666,0.0,3.0,one_month_score_to_return,benchmark-relative active-return diagnostic; not a benchmark-relative optimizer
benchmark_outperform_1m | ObjectiveSpecific[benchmark_outperform_1m][TabPFN direct],benchmark_outperform_1m,ObjectiveSpecific[benchmark_outperform_1m][TabPFN direct],2024-05,1,forward_1m_vs_benchmark_return,target_outperform_benchmark_next_1m,-0.02199349982496305,-0.027378028510983476,0.0053845286860204275,0.3333333333333333,0.0,3.0,one_month_score_to_return,benchmark-relative active-return diagnostic; not a benchmark-relative optimizer
benchmark_outperform_1m | ObjectiveSpecific[benchmark_outperform_1m][TabPFN direct],benchmark_outperform_1m,ObjectiveSpecific[benchmark_outperform_1m][TabPFN direct],2024-06,1,forward_1m_vs_benchmark_return,target_outperform_benchmark_next_1m,0.018760660612671898,0.01954106312652395,-0.0007804025138520507,0.3333333333333333,0.0,3.0,one_month_score_to_return,benchmark-relative active-return diagnostic; not a benchmark-relative optimizer
benchmark_outperform_1m | ObjectiveSpecific[benchmark_outperform_1m][TabPFN direct],benchmark_outperform_1m,ObjectiveSpecific[benchmark_outperform_1m][TabPFN direct],2024-07,1,forward_1m_vs_benchmark_return,target_outperform_benchmark_next_1m,-0.03318604660788589,-0.004284417190004908,-0.028901629417880985,0.0,0.0,3.0,one_month_score_to_return,benchmark-relative active-return diagnostic; not a benchmark-relative optimizer
benchmark_outperform_1m | ObjectiveSpecific[benchmark_outperform_1m][TabPFN direct],benchmark_outperform_1m,ObjectiveSpecific[benchmark_outperform_1m][TabPFN direct],2024-08,1,forward_1m_vs_benchmark_return,target_outperform_benchmark_next_1m,-0.012242437265132078,-0.0038420343728073013,-0.008400402892324776,0.3333333333333333,0.6666666666666666,3.0,one_month_score_to_return,benchmark-relative active-return diagnostic; not a benchmark-relative optimizer
benchmark_outperform_1m | ObjectiveSpecific[benchmark_outperform_1m][TabPFN direct],benchmark_outperform_1m,ObjectiveSpecific[benchmark_outperform_1m][TabPFN direct],2024-09,1,forward_1m_vs_benchmark_return,target_outperform_benchmark_next_1m,0.023319563248123565,-0.00494225617225591,0.028261819420379475,0.6666666666666666,0.6666666666666666,3.0,one_month_score_to_return,benchmark-relative active-return diagnostic; not a benchmark-relative optimizer
benchmark_outperform_1m | ObjectiveSpecific[benchmark_outperform_1m][TabPFN direct],benchmark_outperform_1m,ObjectiveSpecific[benchmark_outperform_1m][TabPFN direct],2024-10,1,forward_1m_vs_benchmark_return,target_outperform_benchmark_next_1m,0.017847231276067577,-0.023371349336394776,0.04121858061246235,0.6666666666666666,0.6666666666666666,3.0,one_month_score_to_return,benchmark-relative active-return diagnostic; not a benchmark-relative optimizer
benchmark_outperform_1m | ObjectiveSpecific[benchmark_outperform_1m][TabPFN direct],benchmark_outperform_1m,ObjectiveSpecific[benchmark_outperform_1m][TabPFN direct],2024-11,1,forward_1m_vs_benchmark_return,target_outperform_benchmark_next_1m,-0.02080893943804092,-0.015637106485766727,-0.005171832952274195,0.3333333333333333,0.6666666666666666,3.0,one_month_score_to_return,benchmark-relative active-return diagnostic; not a benchmark-relative optimizer
benchmark_outperform_1m | ObjectiveSpecific[benchmark_outperform_1m][TabPFN direct],benchmark_outperform_1m,ObjectiveSpecific[benchmark_outperform_1m][TabPFN direct],2024-12,1,forward_1m_vs_benchmark_return,target_outperform_benchmark_next_1m,-0.0033243971810128494,0.011702873535321201,-0.01502727071633405,0.3333333333333333,0.6666666666666666,3.0,one_month_score_to_return,benchmark-relative active-return diagnostic; not a benchmark-relative optimizer
benchmark_outperform_1m | ObjectiveSpecific[benchmark_outperform_1m][TabPFN direct],benchmark_outperform_1m,ObjectiveSpecific[benchmark_outperform_1m][TabPFN direct],2025-01,1,forward_1m_vs_benchmark_return,target_outperform_benchmark_next_1m,-0.0022322914435332804,0.016771693103579656,-0.019003984547112936,0.3333333333333333,0.0,3.0,one_month_score_to_return,benchmark-relative active-return diagnostic; not a benchmark-relative optimizer
benchmark_outperform_1m | ObjectiveSpecific[benchmark_outperform_1m][TabPFN direct],benchmark_outperform_1m,ObjectiveSpecific[benchmark_outperform_1m][TabPFN direct],2025-02,1,forward_1m_vs_benchmark_return,target_outperform_benchmark_next_1m,0.019591346392786518,0.04705797470717789,-0.02746662831439137,0.3333333333333333,0.0,3.0,one_month_score_to_return,benchmark-relative active-return diagnostic; not a benchmark-relative optimizer
benchmark_outperform_1m | ObjectiveSpecific[benchmark_outperform_1m][TabPFN direct],benchmark_outperform_1m,ObjectiveSpecific[benchmark_outperform_1m][TabPFN direct],2025-03,1,forward_1m_vs_benchmark_return,target_outperform_benchmark_next_1m,-0.006227436724723145,-0.012843919595290066,0.006616482870566921,0.3333333333333333,0.6666666666666666,3.0,one_month_score_to_return,benchmark-relative active-return diagnostic; not a benchmark-relative optimizer
benchmark_outperform_1m | ObjectiveSpecific[benchmark_outperform_1m][TabPFN direct],benchmark_outperform_1m,ObjectiveSpecific[benchmark_outperform_1m][TabPFN direct],2025-04,1,forward_1m_vs_benchmark_return,target_outperform_benchmark_next_1m,0.004171253244331799,-0.016931500017870173,0.02110275326220197,0.6666666666666666,0.6666666666666666,3.0,one_month_score_to_return,benchmark-relative active-return diagnostic; not a benchmark-relative optimizer
benchmark_outperform_1m | ObjectiveSpecific[benchmark_outperform_1m][TabPFN direct],benchmark_outperform_1m,ObjectiveSpecific[benchmark_outperform_1m][TabPFN direct],2025-05,1,forward_1m_vs_benchmark_return,target_outperform_benchmark_next_1m,-0.0024467033483578,-0.014617440536922344,0.012170737188564543,0.3333333333333333,0.6666666666666666,3.0,one_month_score_to_return,benchmark-relative active-return diagnostic; not a benchmark-relative optimizer
benchmark_outperform_1m | ObjectiveSpecific[benchmark_outperform_1m][TabPFN direct],benchmark_outperform_1m,ObjectiveSpecific[benchmark_outperform_1m][TabPFN direct],2025-06,1,forward_1m_vs_benchmark_return,target_outperform_benchmark_next_1m,-0.0005107272390801518,-0.012803482804720823,0.01229275556564067,0.6666666666666666,0.6666666666666666,3.0,one_month_score_to_return,benchmark-relative active-return diagnostic; not a benchmark-relative optimizer
benchmark_outperform_1m | ObjectiveSpecific[benchmark_outperform_1m][TabPFN direct],benchmark_outperform_1m,ObjectiveSpecific[benchmark_outperform_1m][TabPFN direct],2025-07,1,forward_1m_vs_benchmark_return,target_outperform_benchmark_next_1m,0.020454214184733845,0.00715169756416546,0.013302516620568385,0.6666666666666666,0.0,3.0,one_month_score_to_return,benchmark-relative active-return diagnostic; not a benchmark-relative optimizer
benchmark_outperform_1m | ObjectiveSpecific[benchmark_outperform_1m][TabPFN direct],benchmark_outperform_1m,ObjectiveSpecific[benchmark_outperform_1m][TabPFN direct],2025-08,1,forward_1m_vs_benchmark_return,target_outperform_benchmark_next_1m,-0.009952637895747442,0.00124477081089287,-0.011197408706640311,0.3333333333333333,0.0,3.0,one_month_score_to_return,benchmark-relative active-return diagnostic; not a benchmark-relative optimizer
benchmark_outperform_1m | ObjectiveSpecific[benchmark_outperform_1m][TabPFN direct],benchmark_outperform_1m,ObjectiveSpecific[benchmark_outperform_1m][TabPFN direct],2025-09,1,forward_1m_vs_benchmark_return,target_outperform_benchmark_next_1m,-0.007803043505331563,-0.016143917238419857,0.008340873733088294,0.3333333333333333,0.0,3.0,one_month_score_to_return,benchmark-relative active-return diagnostic; not a benchmark-relative optimizer
benchmark_outperform_1m | ObjectiveSpecific[benchmark_outperform_1m][TabPFN direct],benchmark_outperform_1m,ObjectiveSpecific[benchmark_outperform_1m][TabPFN direct],2025-10,1,forward_1m_vs_benchmark_return,target_outperform_benchmark_next_1m,0.007107606165813888,0.01320203914472472,-0.006094432978910833,0.6666666666666666,0.0,3.0,one_month_score_to_return,benchmark-relative active-return diagnostic; not a benchmark-relative optimizer
benchmark_outperform_1m | ObjectiveSpecific[benchmark_outperform_1m][TabPFN direct],benchmark_outperform_1m,ObjectiveSpecific[benchmark_outperform_1m][TabPFN direct],2025-11,1,forward_1m_vs_benchmark_return,target_outperform_benchmark_next_1m,-0.006689054191935439,0.003942861765199579,-0.010631915957135018,0.0,0.0,3.0,one_month_score_to_return,benchmark-relative active-return diagnostic; not a benchmark-relative optimizer
benchmark_outperform_1m | ObjectiveSpecific[benchmark_outperform_1m][TabPFN direct],benchmark_outperform_1m,ObjectiveSpecific[benchmark_outperform_1m][TabPFN direct],2025-12,1,forward_1m_vs_benchmark_return,target_outperform_benchmark_next_1m,0.04833158771409729,0.025068354683240056,0.023263233030857235,0.6666666666666666,0.0,3.0,one_month_score_to_return,benchmark-relative active-return diagnostic; not a benchmark-relative optimizer
benchmark_outperform_1m | ObjectiveSpecific[benchmark_outperform_1m][TabPFN direct],benchmark_outperform_1m,ObjectiveSpecific[benchmark_outperform_1m][TabPFN direct],2026-01,1,forward_1m_vs_benchmark_return,target_outperform_benchmark_next_1m,-0.01348668999704868,0.04511747673968486,-0.058604166736733534,0.3333333333333333,0.6666666666666666,3.0,one_month_score_to_return,benchmark-relative active-return diagnostic; not a benchmark-relative optimizer
benchmark_outperform_1m | ObjectiveSpecific[benchmark_outperform_1m][TabPFN direct],benchmark_outperform_1m,ObjectiveSpecific[benchmark_outperform_1m][TabPFN direct],2026-02,1,forward_1m_vs_benchmark_return,target_outperform_benchmark_next_1m,-0.02245843787458246,0.0007835705732760379,-0.0232420084478585,0.6666666666666666,0.6666666666666666,3.0,one_month_score_to_return,benchmark-relative active-return diagnostic; not a benchmark-relative optimizer
benchmark_outperform_1m | ObjectiveSpecific[benchmark_outperform_1m][TabPFN direct],benchmark_outperform_1m,ObjectiveSpecific[benchmark_outperform_1m][TabPFN direct],2026-03,1,forward_1m_vs_benchmark_return,target_outperform_benchmark_next_1m,0.024227077878948546,-0.05033212269387087,0.07455920057281942,1.0,0.6666666666666666,3.0,one_month_score_to_return,benchmark-relative active-return diagnostic; not a benchmark-relative optimizer
benchmark_outperform_1m | ObjectiveSpecific[benchmark_outperform_1m][TabPFN direct] Calibration Base,benchmark_outperform_1m,ObjectiveSpecific[benchmark_outperform_1m][TabPFN direct] Calibration Base,2020-01,1,forward_1m_vs_benchmark_return,target_outperform_benchmark_next_1m,-0.011697667466576706,0.03133617022397593,-0.043033837690552634,0.3333333333333333,1.0,3.0,one_month_score_to_return,benchmark-relative active-return diagnostic; not a benchmark-relative optimizer
benchmark_outperform_1m | ObjectiveSpecific[benchmark_outperform_1m][TabPFN direct] Calibration Base,benchmark_outperform_1m,ObjectiveSpecific[benchmark_outperform_1m][TabPFN direct] Calibration Base,2020-02,1,forward_1m_vs_benchmark_return,target_outperform_benchmark_next_1m,-0.08808113435832518,0.022393414747409225,-0.1104745491057344,0.3333333333333333,0.0,3.0,one_month_score_to_return,benchmark-relative active-return diagnostic; not a benchmark-relative optimizer
benchmark_outperform_1m | ObjectiveSpecific[benchmark_outperform_1m][TabPFN direct] Calibration Base,benchmark_outperform_1m,ObjectiveSpecific[benchmark_outperform_1m][TabPFN direct] Calibration Base,2020-03,1,forward_1m_vs_benchmark_return,target_outperform_benchmark_next_1m,0.06754675845358944,-0.03550292307825642,0.10304968153184586,1.0,0.0,3.0,one_month_score_to_return,benchmark-relative active-return diagnostic; not a benchmark-relative optimizer
benchmark_outperform_1m | ObjectiveSpecific[benchmark_outperform_1m][TabPFN direct] Calibration Base,benchmark_outperform_1m,ObjectiveSpecific[benchmark_outperform_1m][TabPFN direct] Calibration Base,2020-04,1,forward_1m_vs_benchmark_return,target_outperform_benchmark_next_1m,-0.012631812579632602,-0.0158793410340884,0.003247528454455799,0.3333333333333333,0.6666666666666666,3.0,one_month_score_to_return,benchmark-relative active-return diagnostic; not a benchmark-relative optimizer
benchmark_outperform_1m | ObjectiveSpecific[benchmark_outperform_1m][TabPFN direct] Calibration Base,benchmark_outperform_1m,ObjectiveSpecific[benchmark_outperform_1m][TabPFN direct] Calibration Base,2020-05,1,forward_1m_vs_benchmark_return,target_outperform_benchmark_next_1m,0.008139172578134273,-0.0006214973857633588,0.008760669963897632,0.6666666666666666,0.6666666666666666,3.0,one_month_score_to_return,benchmark-relative active-return diagnostic; not a benchmark-relative optimizer
benchmark_outperform_1m | ObjectiveSpecific[benchmark_outperform_1m][TabPFN direct] Calibration Base,benchmark_outperform_1m,ObjectiveSpecific[benchmark_outperform_1m][TabPFN direct] Calibration Base,2020-06,1,forward_1m_vs_benchmark_return,target_outperform_benchmark_next_1m,0.0044637455048629855,-0.01753678041166353,0.022000525916526518,0.6666666666666666,0.6666666666666666,3.0,one_month_score_to_return,benchmark-relative active-return diagnostic; not a benchmark-relative optimizer
benchmark_outperform_1m | ObjectiveSpecific[benchmark_outperform_1m][TabPFN direct] Calibration Base,benchmark_outperform_1m,ObjectiveSpecific[benchmark_outperform_1m][TabPFN direct] Calibration Base,2020-07,1,forward_1m_vs_benchmark_return,target_outperform_benchmark_next_1m,-0.03124190090144496,-0.03934959506884729,0.00810769416740233,0.3333333333333333,1.3333333333333333,3.0,one_month_score_to_return,benchmark-relative active-return diagnostic; not a benchmark-relative optimizer
benchmark_outperform_1m | ObjectiveSpecific[benchmark_outperform_1m][TabPFN direct] Calibration Base,benchmark_outperform_1m,ObjectiveSpecific[benchmark_outperform_1m][TabPFN direct] Calibration Base,2020-08,1,forward_1m_vs_benchmark_return,target_outperform_benchmark_next_1m,-0.04039907905943755,-0.0032288541175911623,-0.03717022494184639,0.3333333333333333,0.6666666666666666,3.0,one_month_score_to_return,benchmark-relative active-return diagnostic; not a benchmark-relative optimizer
benchmark_outperform_1m | ObjectiveSpecific[benchmark_outperform_1m][TabPFN direct] Calibration Base,benchmark_outperform_1m,ObjectiveSpecific[benchmark_outperform_1m][TabPFN direct] Calibration Base,2020-09,1,forward_1m_vs_benchmark_return,target_outperform_benchmark_next_1m,0.020415807232300187,0.012560754818217678,0.007855052414082509,0.6666666666666666,1.3333333333333333,3.0,one_month_score_to_return,benchmark-relative active-return diagnostic; not a benchmark-relative optimizer
benchmark_outperform_1m | ObjectiveSpecific[benchmark_outperform_1m][TabPFN direct] Calibration Base,benchmark_outperform_1m,ObjectiveSpecific[benchmark_outperform_1m][TabPFN direct] Calibration Base,2020-10,1,forward_1m_vs_benchmark_return,target_outperform_benchmark_next_1m,0.09118617963966764,0.0002606665267982589,0.09092551311286938,1.0,0.6666666666666666,3.0,one_month_score_to_return,benchmark-relative active-return diagnostic; not a benchmark-relative optimizer
benchmark_outperform_1m | ObjectiveSpecific[benchmark_outperform_1m][TabPFN direct] Calibration Base,benchmark_outperform_1m,ObjectiveSpecific[benchmark_outperform_1m][TabPFN direct] Calibration Base,2020-11,1,forward_1m_vs_benchmark_return,target_outperform_benchmark_next_1m,0.009410846072903212,0.010563675981205212,-0.0011528299083020006,0.6666666666666666,0.6666666666666666,3.0,one_month_score_to_return,benchmark-relative active-return diagnostic; not a benchmark-relative optimizer
benchmark_outperform_1m | ObjectiveSpecific[benchmark_outperform_1m][TabPFN direct] Calibration Base,benchmark_outperform_1m,ObjectiveSpecific[benchmark_outperform_1m][TabPFN direct] Calibration Base,2020-12,1,forward_1m_vs_benchmark_return,target_outperform_benchmark_next_1m,-0.010295044295704714,0.007033795673201426,-0.01732883996890614,0.3333333333333333,1.3333333333333333,3.0,one_month_score_to_return,benchmark-relative active-return diagnostic; not a benchmark-relative optimizer
benchmark_outperform_1m | ObjectiveSpecific[benchmark_outperform_1m][TabPFN direct] Calibration Base,benchmark_outperform_1m,ObjectiveSpecific[benchmark_outperform_1m][TabPFN direct] Calibration Base,2021-01,1,forward_1m_vs_benchmark_return,target_outperform_benchmark_next_1m,0.03485276962665155,0.00196771063984712,0.03288505898680443,0.6666666666666666,1.3333333333333333,3.0,one_month_score_to_return,benchmark-relative active-return diagnostic; not a benchmark-relative optimizer
benchmark_outperform_1m | ObjectiveSpecific[benchmark_outperform_1m][TabPFN direct] Calibration Base,benchmark_outperform_1m,ObjectiveSpecific[benchmark_outperform_1m][TabPFN direct] Calibration Base,2021-02,1,forward_1m_vs_benchmark_return,target_outperform_benchmark_next_1m,-0.027146928998817987,-0.032269148942206824,0.005122219943388837,0.0,0.6666666666666666,3.0,one_month_score_to_return,benchmark-relative active-return diagnostic; not a benchmark-relative optimizer
benchmark_outperform_1m | ObjectiveSpecific[benchmark_outperform_1m][TabPFN direct] Calibration Base,benchmark_outperform_1m,ObjectiveSpecific[benchmark_outperform_1m][TabPFN direct] Calibration Base,2021-03,1,forward_1m_vs_benchmark_return,target_outperform_benchmark_next_1m,-0.003707252655244779,-0.022275390614571212,0.018568137959326433,0.3333333333333333,0.6666666666666666,3.0,one_month_score_to_return,benchmark-relative active-return diagnostic; not a benchmark-relative optimizer
benchmark_outperform_1m | ObjectiveSpecific[benchmark_outperform_1m][TabPFN direct] Calibration Base,benchmark_outperform_1m,ObjectiveSpecific[benchmark_outperform_1m][TabPFN direct] Calibration Base,2021-04,1,forward_1m_vs_benchmark_return,target_outperform_benchmark_next_1m,0.010902958551052683,0.01770387108145205,-0.006800912530399366,0.3333333333333333,0.6666666666666666,3.0,one_month_score_to_return,benchmark-relative active-return diagnostic; not a benchmark-relative optimizer
benchmark_outperform_1m | ObjectiveSpecific[benchmark_outperform_1m][TabPFN direct] Calibration Base,benchmark_outperform_1m,ObjectiveSpecific[benchmark_outperform_1m][TabPFN direct] Calibration Base,2021-05,1,forward_1m_vs_benchmark_return,target_outperform_benchmark_next_1m,-0.026007926933072224,-0.012255583078462551,-0.013752343854609673,0.3333333333333333,1.3333333333333333,3.0,one_month_score_to_return,benchmark-relative active-return diagnostic; not a benchmark-relative optimizer
benchmark_outperform_1m | ObjectiveSpecific[benchmark_outperform_1m][TabPFN direct] Calibration Base,benchmark_outperform_1m,ObjectiveSpecific[benchmark_outperform_1m][TabPFN direct] Calibration Base,2021-06,1,forward_1m_vs_benchmark_return,target_outperform_benchmark_next_1m,-0.061655992242894454,-0.031206124362265275,-0.03044986788062918,0.3333333333333333,1.3333333333333333,3.0,one_month_score_to_return,benchmark-relative active-return diagnostic; not a benchmark-relative optimizer
benchmark_outperform_1m | ObjectiveSpecific[benchmark_outperform_1m][TabPFN direct] Calibration Base,benchmark_outperform_1m,ObjectiveSpecific[benchmark_outperform_1m][TabPFN direct] Calibration Base,2021-07,1,forward_1m_vs_benchmark_return,target_outperform_benchmark_next_1m,0.007262256416636248,-0.013964370925638948,0.021226627342275196,0.6666666666666666,0.6666666666666666,3.0,one_month_score_to_return,benchmark-relative active-return diagnostic; not a benchmark-relative optimizer
benchmark_outperform_1m | ObjectiveSpecific[benchmark_outperform_1m][TabPFN direct] Calibration Base,benchmark_outperform_1m,ObjectiveSpecific[benchmark_outperform_1m][TabPFN direct] Calibration Base,2021-08,1,forward_1m_vs_benchmark_return,target_outperform_benchmark_next_1m,0.010693585616411353,0.023683913535058988,-0.012990327918647635,0.6666666666666666,0.0,3.0,one_month_score_to_return,benchmark-relative active-return diagnostic; not a benchmark-relative optimizer
benchmark_outperform_1m | ObjectiveSpecific[benchmark_outperform_1m][TabPFN direct] Calibration Base,benchmark_outperform_1m,ObjectiveSpecific[benchmark_outperform_1m][TabPFN direct] Calibration Base,2021-09,1,forward_1m_vs_benchmark_return,target_outperform_benchmark_next_1m,0.007438215400992283,-0.024346915363157095,0.03178513076414938,0.6666666666666666,0.6666666666666666,3.0,one_month_score_to_return,benchmark-relative active-return diagnostic; not a benchmark-relative optimizer
benchmark_outperform_1m | ObjectiveSpecific[benchmark_outperform_1m][TabPFN direct] Calibration Base,benchmark_outperform_1m,ObjectiveSpecific[benchmark_outperform_1m][TabPFN direct] Calibration Base,2021-10,1,forward_1m_vs_benchmark_return,target_outperform_benchmark_next_1m,-0.01424570047881361,-0.012943878122373464,-0.0013018223564401459,0.3333333333333333,0.6666666666666666,3.0,one_month_score_to_return,benchmark-relative active-return diagnostic; not a benchmark-relative optimizer
benchmark_outperform_1m | ObjectiveSpecific[benchmark_outperform_1m][TabPFN direct] Calibration Base,benchmark_outperform_1m,ObjectiveSpecific[benchmark_outperform_1m][TabPFN direct] Calibration Base,2021-11,1,forward_1m_vs_benchmark_return,target_outperform_benchmark_next_1m,-0.02473567743110368,-0.02599876445519559,0.0012630870240919086,0.0,0.6666666666666666,3.0,one_month_score_to_return,benchmark-relative active-return diagnostic; not a benchmark-relative optimizer
benchmark_outperform_1m | ObjectiveSpecific[benchmark_outperform_1m][TabPFN direct] Calibration Base,benchmark_outperform_1m,ObjectiveSpecific[benchmark_outperform_1m][TabPFN direct] Calibration Base,2021-12,1,forward_1m_vs_benchmark_return,target_outperform_benchmark_next_1m,0.0516894680657263,0.03907461624306445,0.012614851822661852,0.3333333333333333,0.6666666666666666,3.0,one_month_score_to_return,benchmark-relative active-return diagnostic; not a benchmark-relative optimizer
benchmark_outperform_1m | ObjectiveSpecific[benchmark_outperform_1m][TabPFN direct] Calibration Base,benchmark_outperform_1m,ObjectiveSpecific[benchmark_outperform_1m][TabPFN direct] Calibration Base,2022-01,1,forward_1m_vs_benchmark_return,target_outperform_benchmark_next_1m,0.011087995326642211,0.028422287237314714,-0.017334291910672504,0.6666666666666666,0.6666666666666666,3.0,one_month_score_to_return,benchmark-relative active-return diagnostic; not a benchmark-relative optimizer
benchmark_outperform_1m | ObjectiveSpecific[benchmark_outperform_1m][TabPFN direct] Calibration Base,benchmark_outperform_1m,ObjectiveSpecific[benchmark_outperform_1m][TabPFN direct] Calibration Base,2022-02,1,forward_1m_vs_benchmark_return,target_outperform_benchmark_next_1m,0.005534198291125003,-0.03586599059156407,0.04140018888268907,0.6666666666666666,0.6666666666666666,3.0,one_month_score_to_return,benchmark-relative active-return diagnostic; not a benchmark-relative optimizer
benchmark_outperform_1m | ObjectiveSpecific[benchmark_outperform_1m][TabPFN direct] Calibration Base,benchmark_outperform_1m,ObjectiveSpecific[benchmark_outperform_1m][TabPFN direct] Calibration Base,2022-03,1,forward_1m_vs_benchmark_return,target_outperform_benchmark_next_1m,0.0034477254884466672,0.013382878751480842,-0.009935153263034175,0.3333333333333333,0.0,3.0,one_month_score_to_return,benchmark-relative active-return diagnostic; not a benchmark-relative optimizer
benchmark_outperform_1m | ObjectiveSpecific[benchmark_outperform_1m][TabPFN direct] Calibration Base,benchmark_outperform_1m,ObjectiveSpecific[benchmark_outperform_1m][TabPFN direct] Calibration Base,2022-04,1,forward_1m_vs_benchmark_return,target_outperform_benchmark_next_1m,0.0531721768002991,0.01788095791349519,0.03529121888680391,0.3333333333333333,0.0,3.0,one_month_score_to_return,benchmark-relative active-return diagnostic; not a benchmark-relative optimizer
benchmark_outperform_1m | ObjectiveSpecific[benchmark_outperform_1m][TabPFN direct] Calibration Base,benchmark_outperform_1m,ObjectiveSpecific[benchmark_outperform_1m][TabPFN direct] Calibration Base,2022-05,1,forward_1m_vs_benchmark_return,target_outperform_benchmark_next_1m,-0.01059794456974228,0.012138673281936564,-0.022736617851678843,0.0,0.6666666666666666,3.0,one_month_score_to_return,benchmark-relative active-return diagnostic; not a benchmark-relative optimizer
benchmark_outperform_1m | ObjectiveSpecific[benchmark_outperform_1m][TabPFN direct] Calibration Base,benchmark_outperform_1m,ObjectiveSpecific[benchmark_outperform_1m][TabPFN direct] Calibration Base,2022-06,1,forward_1m_vs_benchmark_return,target_outperform_benchmark_next_1m,0.00961716256269692,-0.033056193063750315,0.04267335562644724,0.6666666666666666,0.0,3.0,one_month_score_to_return,benchmark-relative active-return diagnostic; not a benchmark-relative optimizer
benchmark_outperform_1m | ObjectiveSpecific[benchmark_outperform_1m][TabPFN direct] Calibration Base,benchmark_outperform_1m,ObjectiveSpecific[benchmark_outperform_1m][TabPFN direct] Calibration Base,2022-07,1,forward_1m_vs_benchmark_return,target_outperform_benchmark_next_1m,0.02419725292804131,0.0051557236419845776,0.019041529286056732,0.6666666666666666,0.6666666666666666,3.0,one_month_score_to_return,benchmark-relative active-return diagnostic; not a benchmark-relative optimizer
benchmark_outperform_1m | ObjectiveSpecific[benchmark_outperform_1m][TabPFN direct] Calibration Base,benchmark_outperform_1m,ObjectiveSpecific[benchmark_outperform_1m][TabPFN direct] Calibration Base,2022-08,1,forward_1m_vs_benchmark_return,target_outperform_benchmark_next_1m,0.000622943262051515,0.014453647456911967,-0.013830704194860452,0.6666666666666666,0.6666666666666666,3.0,one_month_score_to_return,benchmark-relative active-return diagnostic; not a benchmark-relative optimizer
benchmark_outperform_1m | ObjectiveSpecific[benchmark_outperform_1m][TabPFN direct] Calibration Base,benchmark_outperform_1m,ObjectiveSpecific[benchmark_outperform_1m][TabPFN direct] Calibration Base,2022-09,1,forward_1m_vs_benchmark_return,target_outperform_benchmark_next_1m,0.04607768012913316,-0.02452065353230872,0.07059833366144189,0.6666666666666666,0.6666666666666666,3.0,one_month_score_to_return,benchmark-relative active-return diagnostic; not a benchmark-relative optimizer
benchmark_outperform_1m | ObjectiveSpecific[benchmark_outperform_1m][TabPFN direct] Calibration Base,benchmark_outperform_1m,ObjectiveSpecific[benchmark_outperform_1m][TabPFN direct] Calibration Base,2022-10,1,forward_1m_vs_benchmark_return,target_outperform_benchmark_next_1m,-0.006384564642580489,0.012869829528433541,-0.01925439417101403,0.3333333333333333,0.6666666666666666,3.0,one_month_score_to_return,benchmark-relative active-return diagnostic; not a benchmark-relative optimizer
benchmark_outperform_1m | ObjectiveSpecific[benchmark_outperform_1m][TabPFN direct] Calibration Base,benchmark_outperform_1m,ObjectiveSpecific[benchmark_outperform_1m][TabPFN direct] Calibration Base,2022-11,1,forward_1m_vs_benchmark_return,target_outperform_benchmark_next_1m,0.015114914250370223,0.023769146553936416,-0.008654232303566193,0.3333333333333333,0.6666666666666666,3.0,one_month_score_to_return,benchmark-relative active-return diagnostic; not a benchmark-relative optimizer
benchmark_outperform_1m | ObjectiveSpecific[benchmark_outperform_1m][TabPFN direct] Calibration Base,benchmark_outperform_1m,ObjectiveSpecific[benchmark_outperform_1m][TabPFN direct] Calibration Base,2022-12,1,forward_1m_vs_benchmark_return,target_outperform_benchmark_next_1m,0.02339586446268386,0.006416642811624418,0.01697922165105944,0.6666666666666666,0.6666666666666666,3.0,one_month_score_to_return,benchmark-relative active-return diagnostic; not a benchmark-relative optimizer
benchmark_outperform_1m | ObjectiveSpecific[benchmark_outperform_1m][TabPFN direct] Calibration Base,benchmark_outperform_1m,ObjectiveSpecific[benchmark_outperform_1m][TabPFN direct] Calibration Base,2023-01,1,forward_1m_vs_benchmark_return,target_outperform_benchmark_next_1m,-0.002436273535987004,-0.011101318737195064,0.00866504520120806,0.6666666666666666,0.6666666666666666,3.0,one_month_score_to_return,benchmark-relative active-return diagnostic; not a benchmark-relative optimizer
benchmark_outperform_1m | ObjectiveSpecific[benchmark_outperform_1m][TabPFN direct] Calibration Base,benchmark_outperform_1m,ObjectiveSpecific[benchmark_outperform_1m][TabPFN direct] Calibration Base,2023-02,1,forward_1m_vs_benchmark_return,target_outperform_benchmark_next_1m,-0.05432765503408132,-0.014783447794941462,-0.03954420723913986,0.3333333333333333,0.6666666666666666,3.0,one_month_score_to_return,benchmark-relative active-return diagnostic; not a benchmark-relative optimizer
benchmark_outperform_1m | ObjectiveSpecific[benchmark_outperform_1m][TabPFN direct] Calibration Base,benchmark_outperform_1m,ObjectiveSpecific[benchmark_outperform_1m][TabPFN direct] Calibration Base,2023-03,1,forward_1m_vs_benchmark_return,target_outperform_benchmark_next_1m,-0.016089011429034773,-0.011793313480217116,-0.0042956979488176575,0.0,0.6666666666666666,3.0,one_month_score_to_return,benchmark-relative active-return diagnostic; not a benchmark-relative optimizer
benchmark_outperform_1m | ObjectiveSpecific[benchmark_outperform_1m][TabPFN direct] Calibration Base,benchmark_outperform_1m,ObjectiveSpecific[benchmark_outperform_1m][TabPFN direct] Calibration Base,2023-04,1,forward_1m_vs_benchmark_return,target_outperform_benchmark_next_1m,0.004828406790204024,-0.02057280951054028,0.025401216300744305,0.3333333333333333,0.6666666666666666,3.0,one_month_score_to_return,benchmark-relative active-return diagnostic; not a benchmark-relative optimizer
benchmark_outperform_1m | ObjectiveSpecific[benchmark_outperform_1m][TabPFN direct] Calibration Base,benchmark_outperform_1m,ObjectiveSpecific[benchmark_outperform_1m][TabPFN direct] Calibration Base,2023-05,1,forward_1m_vs_benchmark_return,target_outperform_benchmark_next_1m,0.004640413613565597,-0.024440001652566056,0.029080415266131653,0.6666666666666666,0.0,3.0,one_month_score_to_return,benchmark-relative active-return diagnostic; not a benchmark-relative optimizer
benchmark_outperform_1m | ObjectiveSpecific[benchmark_outperform_1m][TabPFN direct] Calibration Base,benchmark_outperform_1m,ObjectiveSpecific[benchmark_outperform_1m][TabPFN direct] Calibration Base,2023-06,1,forward_1m_vs_benchmark_return,target_outperform_benchmark_next_1m,0.023241321425983896,-0.00422574774096589,0.027467069166949788,1.0,0.6666666666666666,3.0,one_month_score_to_return,benchmark-relative active-return diagnostic; not a benchmark-relative optimizer
benchmark_outperform_1m | ObjectiveSpecific[benchmark_outperform_1m][TabPFN direct] Calibration Base,benchmark_outperform_1m,ObjectiveSpecific[benchmark_outperform_1m][TabPFN direct] Calibration Base,2023-07,1,forward_1m_vs_benchmark_return,target_outperform_benchmark_next_1m,0.0032997580119524424,-0.006595351247995396,0.009895109259947838,0.6666666666666666,0.0,3.0,one_month_score_to_return,benchmark-relative active-return diagnostic; not a benchmark-relative optimizer
benchmark_outperform_1m | ObjectiveSpecific[benchmark_outperform_1m][TabPFN direct] Calibration Base,benchmark_outperform_1m,ObjectiveSpecific[benchmark_outperform_1m][TabPFN direct] Calibration Base,2023-08,1,forward_1m_vs_benchmark_return,target_outperform_benchmark_next_1m,0.0006008044291633628,0.007258135037535219,-0.006657330608371856,0.3333333333333333,0.6666666666666666,3.0,one_month_score_to_return,benchmark-relative active-return diagnostic; not a benchmark-relative optimizer
benchmark_outperform_1m | ObjectiveSpecific[benchmark_outperform_1m][TabPFN direct] Calibration Base,benchmark_outperform_1m,ObjectiveSpecific[benchmark_outperform_1m][TabPFN direct] Calibration Base,2023-09,1,forward_1m_vs_benchmark_return,target_outperform_benchmark_next_1m,-0.01783972183077431,-0.002201282632030288,-0.015638439198744022,0.0,0.0,3.0,one_month_score_to_return,benchmark-relative active-return diagnostic; not a benchmark-relative optimizer
benchmark_outperform_1m | ObjectiveSpecific[benchmark_outperform_1m][TabPFN direct] Calibration Base,benchmark_outperform_1m,ObjectiveSpecific[benchmark_outperform_1m][TabPFN direct] Calibration Base,2023-10,1,forward_1m_vs_benchmark_return,target_outperform_benchmark_next_1m,-0.014334391538364317,-0.01934109106259093,0.005006699524226613,0.6666666666666666,0.6666666666666666,3.0,one_month_score_to_return,benchmark-relative active-return diagnostic; not a benchmark-relative optimizer
benchmark_outperform_1m | ObjectiveSpecific[benchmark_outperform_1m][TabPFN direct] Calibration Base,benchmark_outperform_1m,ObjectiveSpecific[benchmark_outperform_1m][TabPFN direct] Calibration Base,2023-11,1,forward_1m_vs_benchmark_return,target_outperform_benchmark_next_1m,0.026176941225865447,0.006712072291699345,0.019464868934166102,0.6666666666666666,0.6666666666666666,3.0,one_month_score_to_return,benchmark-relative active-return diagnostic; not a benchmark-relative optimizer
benchmark_outperform_1m | ObjectiveSpecific[benchmark_outperform_1m][TabPFN direct] Calibration Base,benchmark_outperform_1m,ObjectiveSpecific[benchmark_outperform_1m][TabPFN direct] Calibration Base,2023-12,1,forward_1m_vs_benchmark_return,target_outperform_benchmark_next_1m,-0.02596817446479438,-0.023214125106761907,-0.002754049358032473,0.3333333333333333,0.6666666666666666,3.0,one_month_score_to_return,benchmark-relative active-return diagnostic; not a benchmark-relative optimizer
benchmark_outperform_1m | ObjectiveSpecific[benchmark_outperform_1m][TabPFN direct] Calibration Base,benchmark_outperform_1m,ObjectiveSpecific[benchmark_outperform_1m][TabPFN direct] Calibration Base,2024-01,1,forward_1m_vs_benchmark_return,target_outperform_benchmark_next_1m,-0.0017805700959546331,-0.025899008441818583,0.02411843834586395,0.6666666666666666,0.6666666666666666,3.0,one_month_score_to_return,benchmark-relative active-return diagnostic; not a benchmark-relative optimizer
benchmark_outperform_1m | ObjectiveSpecific[benchmark_outperform_1m][TabPFN direct] Calibration Base,benchmark_outperform_1m,ObjectiveSpecific[benchmark_outperform_1m][TabPFN direct] Calibration Base,2024-02,1,forward_1m_vs_benchmark_return,target_outperform_benchmark_next_1m,0.01636331985438984,0.005908240360692174,0.010455079493697667,0.6666666666666666,0.6666666666666666,3.0,one_month_score_to_return,benchmark-relative active-return diagnostic; not a benchmark-relative optimizer
benchmark_outperform_1m | ObjectiveSpecific[benchmark_outperform_1m][TabPFN direct] Calibration Base,benchmark_outperform_1m,ObjectiveSpecific[benchmark_outperform_1m][TabPFN direct] Calibration Base,2024-03,1,forward_1m_vs_benchmark_return,target_outperform_benchmark_next_1m,0.028771808958650356,0.012228564971541378,0.016543243987108977,0.6666666666666666,0.6666666666666666,3.0,one_month_score_to_return,benchmark-relative active-return diagnostic; not a benchmark-relative optimizer
benchmark_outperform_1m | ObjectiveSpecific[benchmark_outperform_1m][TabPFN direct] Calibration Base,benchmark_outperform_1m,ObjectiveSpecific[benchmark_outperform_1m][TabPFN direct] Calibration Base,2024-04,1,forward_1m_vs_benchmark_return,target_outperform_benchmark_next_1m,0.00019275294675350808,-0.01923693208204601,0.01942968502879952,0.6666666666666666,1.3333333333333333,3.0,one_month_score_to_return,benchmark-relative active-return diagnostic; not a benchmark-relative optimizer
benchmark_outperform_1m | ObjectiveSpecific[benchmark_outperform_1m][TabPFN direct] Calibration Base,benchmark_outperform_1m,ObjectiveSpecific[benchmark_outperform_1m][TabPFN direct] Calibration Base,2024-05,1,forward_1m_vs_benchmark_return,target_outperform_benchmark_next_1m,-0.022510668737878103,-0.027378028510983476,0.004867359773105373,0.3333333333333333,0.0,3.0,one_month_score_to_return,benchmark-relative active-return diagnostic; not a benchmark-relative optimizer
benchmark_outperform_1m | ObjectiveSpecific[benchmark_outperform_1m][TabPFN direct] Calibration Base,benchmark_outperform_1m,ObjectiveSpecific[benchmark_outperform_1m][TabPFN direct] Calibration Base,2024-06,1,forward_1m_vs_benchmark_return,target_outperform_benchmark_next_1m,0.01415297465446404,0.01954106312652395,-0.005388088472059908,0.3333333333333333,0.6666666666666666,3.0,one_month_score_to_return,benchmark-relative active-return diagnostic; not a benchmark-relative optimizer
benchmark_outperform_1m | ObjectiveSpecific[benchmark_outperform_1m][TabPFN direct] Calibration Base,benchmark_outperform_1m,ObjectiveSpecific[benchmark_outperform_1m][TabPFN direct] Calibration Base,2024-07,1,forward_1m_vs_benchmark_return,target_outperform_benchmark_next_1m,0.004220855165258571,-0.004284417190004908,0.00850527235526348,0.6666666666666666,1.3333333333333333,3.0,one_month_score_to_return,benchmark-relative active-return diagnostic; not a benchmark-relative optimizer
benchmark_outperform_1m | ObjectiveSpecific[benchmark_outperform_1m][TabPFN direct] Calibration Base,benchmark_outperform_1m,ObjectiveSpecific[benchmark_outperform_1m][TabPFN direct] Calibration Base,2024-08,1,forward_1m_vs_benchmark_return,target_outperform_benchmark_next_1m,-0.012242437265132078,-0.0038420343728073013,-0.008400402892324776,0.3333333333333333,0.6666666666666666,3.0,one_month_score_to_return,benchmark-relative active-return diagnostic; not a benchmark-relative optimizer
benchmark_outperform_1m | ObjectiveSpecific[benchmark_outperform_1m][TabPFN direct] Calibration Base,benchmark_outperform_1m,ObjectiveSpecific[benchmark_outperform_1m][TabPFN direct] Calibration Base,2024-09,1,forward_1m_vs_benchmark_return,target_outperform_benchmark_next_1m,0.004990912445835198,-0.00494225617225591,0.009933168618091109,0.3333333333333333,1.3333333333333333,3.0,one_month_score_to_return,benchmark-relative active-return diagnostic; not a benchmark-relative optimizer
benchmark_outperform_1m | ObjectiveSpecific[benchmark_outperform_1m][TabPFN direct] Calibration Base,benchmark_outperform_1m,ObjectiveSpecific[benchmark_outperform_1m][TabPFN direct] Calibration Base,2024-10,1,forward_1m_vs_benchmark_return,target_outperform_benchmark_next_1m,-0.02962174638528488,-0.023371349336394776,-0.006250397048890105,0.3333333333333333,0.6666666666666666,3.0,one_month_score_to_return,benchmark-relative active-return diagnostic; not a benchmark-relative optimizer
benchmark_outperform_1m | ObjectiveSpecific[benchmark_outperform_1m][TabPFN direct] Calibration Base,benchmark_outperform_1m,ObjectiveSpecific[benchmark_outperform_1m][TabPFN direct] Calibration Base,2024-11,1,forward_1m_vs_benchmark_return,target_outperform_benchmark_next_1m,-0.024521754752788984,-0.015637106485766727,-0.008884648267022257,0.3333333333333333,0.6666666666666666,3.0,one_month_score_to_return,benchmark-relative active-return diagnostic; not a benchmark-relative optimizer
benchmark_outperform_1m | ObjectiveSpecific[benchmark_outperform_1m][TabPFN direct] Calibration Base,benchmark_outperform_1m,ObjectiveSpecific[benchmark_outperform_1m][TabPFN direct] Calibration Base,2024-12,1,forward_1m_vs_benchmark_return,target_outperform_benchmark_next_1m,0.00666318847311409,0.011702873535321201,-0.005039685062207111,0.3333333333333333,0.6666666666666666,3.0,one_month_score_to_return,benchmark-relative active-return diagnostic; not a benchmark-relative optimizer
benchmark_outperform_1m | ObjectiveSpecific[benchmark_outperform_1m][TabPFN direct] Calibration Base,benchmark_outperform_1m,ObjectiveSpecific[benchmark_outperform_1m][TabPFN direct] Calibration Base,2025-01,1,forward_1m_vs_benchmark_return,target_outperform_benchmark_next_1m,-0.009555640585920473,0.016771693103579656,-0.02632733368950013,0.3333333333333333,0.6666666666666666,3.0,one_month_score_to_return,benchmark-relative active-return diagnostic; not a benchmark-relative optimizer
benchmark_outperform_1m | ObjectiveSpecific[benchmark_outperform_1m][TabPFN direct] Calibration Base,benchmark_outperform_1m,ObjectiveSpecific[benchmark_outperform_1m][TabPFN direct] Calibration Base,2025-02,1,forward_1m_vs_benchmark_return,target_outperform_benchmark_next_1m,0.04490734962145304,0.04705797470717789,-0.002150625085724847,0.6666666666666666,1.3333333333333333,3.0,one_month_score_to_return,benchmark-relative active-return diagnostic; not a benchmark-relative optimizer
benchmark_outperform_1m | ObjectiveSpecific[benchmark_outperform_1m][TabPFN direct] Calibration Base,benchmark_outperform_1m,ObjectiveSpecific[benchmark_outperform_1m][TabPFN direct] Calibration Base,2025-03,1,forward_1m_vs_benchmark_return,target_outperform_benchmark_next_1m,0.011005918670289362,-0.012843919595290066,0.023849838265579428,0.6666666666666666,1.3333333333333333,3.0,one_month_score_to_return,benchmark-relative active-return diagnostic; not a benchmark-relative optimizer
benchmark_outperform_1m | ObjectiveSpecific[benchmark_outperform_1m][TabPFN direct] Calibration Base,benchmark_outperform_1m,ObjectiveSpecific[benchmark_outperform_1m][TabPFN direct] Calibration Base,2025-04,1,forward_1m_vs_benchmark_return,target_outperform_benchmark_next_1m,0.004041956551186518,-0.016931500017870173,0.020973456569056692,0.6666666666666666,0.0,3.0,one_month_score_to_return,benchmark-relative active-return diagnostic; not a benchmark-relative optimizer
benchmark_outperform_1m | ObjectiveSpecific[benchmark_outperform_1m][TabPFN direct] Calibration Base,benchmark_outperform_1m,ObjectiveSpecific[benchmark_outperform_1m][TabPFN direct] Calibration Base,2025-05,1,forward_1m_vs_benchmark_return,target_outperform_benchmark_next_1m,-0.015062297028160233,-0.014617440536922344,-0.0004448564912378893,0.3333333333333333,0.0,3.0,one_month_score_to_return,benchmark-relative active-return diagnostic; not a benchmark-relative optimizer
benchmark_outperform_1m | ObjectiveSpecific[benchmark_outperform_1m][TabPFN direct] Calibration Base,benchmark_outperform_1m,ObjectiveSpecific[benchmark_outperform_1m][TabPFN direct] Calibration Base,2025-06,1,forward_1m_vs_benchmark_return,target_outperform_benchmark_next_1m,-0.0027889232858496387,-0.012803482804720823,0.010014559518871185,0.6666666666666666,1.3333333333333333,3.0,one_month_score_to_return,benchmark-relative active-return diagnostic; not a benchmark-relative optimizer
benchmark_outperform_1m | ObjectiveSpecific[benchmark_outperform_1m][TabPFN direct] Calibration Base,benchmark_outperform_1m,ObjectiveSpecific[benchmark_outperform_1m][TabPFN direct] Calibration Base,2025-07,1,forward_1m_vs_benchmark_return,target_outperform_benchmark_next_1m,0.020454214184733845,0.00715169756416546,0.013302516620568385,0.6666666666666666,0.6666666666666666,3.0,one_month_score_to_return,benchmark-relative active-return diagnostic; not a benchmark-relative optimizer
benchmark_outperform_1m | ObjectiveSpecific[benchmark_outperform_1m][TabPFN direct] Calibration Base,benchmark_outperform_1m,ObjectiveSpecific[benchmark_outperform_1m][TabPFN direct] Calibration Base,2025-08,1,forward_1m_vs_benchmark_return,target_outperform_benchmark_next_1m,-0.00759897098008048,0.00124477081089287,-0.00884374179097335,0.3333333333333333,0.6666666666666666,3.0,one_month_score_to_return,benchmark-relative active-return diagnostic; not a benchmark-relative optimizer
benchmark_outperform_1m | ObjectiveSpecific[benchmark_outperform_1m][TabPFN direct] Calibration Base,benchmark_outperform_1m,ObjectiveSpecific[benchmark_outperform_1m][TabPFN direct] Calibration Base,2025-09,1,forward_1m_vs_benchmark_return,target_outperform_benchmark_next_1m,0.0069322633230339825,-0.016143917238419857,0.02307618056145384,0.6666666666666666,0.6666666666666666,3.0,one_month_score_to_return,benchmark-relative active-return diagnostic; not a benchmark-relative optimizer
benchmark_outperform_1m | ObjectiveSpecific[benchmark_outperform_1m][TabPFN direct] Calibration Base,benchmark_outperform_1m,ObjectiveSpecific[benchmark_outperform_1m][TabPFN direct] Calibration Base,2025-10,1,forward_1m_vs_benchmark_return,target_outperform_benchmark_next_1m,-0.011298945820576703,0.01320203914472472,-0.024500984965301426,0.3333333333333333,0.6666666666666666,3.0,one_month_score_to_return,benchmark-relative active-return diagnostic; not a benchmark-relative optimizer
benchmark_outperform_1m | ObjectiveSpecific[benchmark_outperform_1m][TabPFN direct] Calibration Base,benchmark_outperform_1m,ObjectiveSpecific[benchmark_outperform_1m][TabPFN direct] Calibration Base,2025-11,1,forward_1m_vs_benchmark_return,target_outperform_benchmark_next_1m,0.01033489457847699,0.003942861765199579,0.0063920328132774104,0.3333333333333333,0.0,3.0,one_month_score_to_return,benchmark-relative active-return diagnostic; not a benchmark-relative optimizer
benchmark_outperform_1m | ObjectiveSpecific[benchmark_outperform_1m][TabPFN direct] Calibration Base,benchmark_outperform_1m,ObjectiveSpecific[benchmark_outperform_1m][TabPFN direct] Calibration Base,2025-12,1,forward_1m_vs_benchmark_return,target_outperform_benchmark_next_1m,0.008050364746218971,0.025068354683240056,-0.017017989937021083,0.3333333333333333,0.6666666666666666,3.0,one_month_score_to_return,benchmark-relative active-return diagnostic; not a benchmark-relative optimizer
benchmark_outperform_1m | ObjectiveSpecific[benchmark_outperform_1m][TabPFN direct] Calibration Base,benchmark_outperform_1m,ObjectiveSpecific[benchmark_outperform_1m][TabPFN direct] Calibration Base,2026-01,1,forward_1m_vs_benchmark_return,target_outperform_benchmark_next_1m,0.03045623967737021,0.04511747673968486,-0.014661237062314647,0.3333333333333333,1.3333333333333333,3.0,one_month_score_to_return,benchmark-relative active-return diagnostic; not a benchmark-relative optimizer
benchmark_outperform_1m | ObjectiveSpecific[benchmark_outperform_1m][TabPFN direct] Calibration Base,benchmark_outperform_1m,ObjectiveSpecific[benchmark_outperform_1m][TabPFN direct] Calibration Base,2026-02,1,forward_1m_vs_benchmark_return,target_outperform_benchmark_next_1m,-0.0046135204373440875,0.0007835705732760379,-0.005397091010620125,0.6666666666666666,1.3333333333333333,3.0,one_month_score_to_return,benchmark-relative active-return diagnostic; not a benchmark-relative optimizer
benchmark_outperform_1m | ObjectiveSpecific[benchmark_outperform_1m][TabPFN direct] Calibration Base,benchmark_outperform_1m,ObjectiveSpecific[benchmark_outperform_1m][TabPFN direct] Calibration Base,2026-03,1,forward_1m_vs_benchmark_return,target_outperform_benchmark_next_1m,0.024227077878948546,-0.05033212269387087,0.07455920057281942,1.0,0.0,3.0,one_month_score_to_return,benchmark-relative active-return diagnostic; not a benchmark-relative optimizer
top_k_next_3m | ObjectiveSpecific[top_k_next_3m][XGBoost light],top_k_next_3m,ObjectiveSpecific[top_k_next_3m][XGBoost light],2020-01,3,forward_3m_return,target_top_k_next_3m,-0.16331350277554615,-0.0921117135528258,-0.07120178922272036,0.0,1.0,3.0,overlapping_horizon_score_to_return,3-month overlapping forward-return diagnostic; not a monthly executable backtest
top_k_next_3m | ObjectiveSpecific[top_k_next_3m][XGBoost light],top_k_next_3m,ObjectiveSpecific[top_k_next_3m][XGBoost light],2020-02,3,forward_3m_return,target_top_k_next_3m,-0.04673417884602852,-0.009592706702394227,-0.037141472143634294,0.3333333333333333,0.6666666666666666,3.0,overlapping_horizon_score_to_return,3-month overlapping forward-return diagnostic; not a monthly executable backtest
top_k_next_3m | ObjectiveSpecific[top_k_next_3m][XGBoost light],top_k_next_3m,ObjectiveSpecific[top_k_next_3m][XGBoost light],2020-03,3,forward_3m_return,target_top_k_next_3m,0.27948833824088914,0.19862209789741386,0.08086624034347528,0.6666666666666666,0.6666666666666666,3.0,overlapping_horizon_score_to_return,3-month overlapping forward-return diagnostic; not a monthly executable backtest
top_k_next_3m | ObjectiveSpecific[top_k_next_3m][XGBoost light],top_k_next_3m,ObjectiveSpecific[top_k_next_3m][XGBoost light],2020-04,3,forward_3m_return,target_top_k_next_3m,0.18847961026999416,0.1206414990186265,0.06783811125136766,0.6666666666666666,1.3333333333333333,3.0,overlapping_horizon_score_to_return,3-month overlapping forward-return diagnostic; not a monthly executable backtest
top_k_next_3m | ObjectiveSpecific[top_k_next_3m][XGBoost light],top_k_next_3m,ObjectiveSpecific[top_k_next_3m][XGBoost light],2020-05,3,forward_3m_return,target_top_k_next_3m,0.12450545531405802,0.09897481214727596,0.025530643166782052,0.3333333333333333,0.6666666666666666,3.0,overlapping_horizon_score_to_return,3-month overlapping forward-return diagnostic; not a monthly executable backtest
top_k_next_3m | ObjectiveSpecific[top_k_next_3m][XGBoost light],top_k_next_3m,ObjectiveSpecific[top_k_next_3m][XGBoost light],2020-06,3,forward_3m_return,target_top_k_next_3m,-0.03604004567500322,0.03557389742106315,-0.07161394309606636,0.0,0.6666666666666666,3.0,overlapping_horizon_score_to_return,3-month overlapping forward-return diagnostic; not a monthly executable backtest
top_k_next_3m | ObjectiveSpecific[top_k_next_3m][XGBoost light],top_k_next_3m,ObjectiveSpecific[top_k_next_3m][XGBoost light],2020-07,3,forward_3m_return,target_top_k_next_3m,-0.07562065007205639,-0.0181872482182715,-0.057433401853784885,0.0,0.6666666666666666,3.0,overlapping_horizon_score_to_return,3-month overlapping forward-return diagnostic; not a monthly executable backtest
top_k_next_3m | ObjectiveSpecific[top_k_next_3m][XGBoost light],top_k_next_3m,ObjectiveSpecific[top_k_next_3m][XGBoost light],2020-08,3,forward_3m_return,target_top_k_next_3m,0.07254676211585598,0.05589039331485637,0.01665636880099961,0.3333333333333333,0.6666666666666666,3.0,overlapping_horizon_score_to_return,3-month overlapping forward-return diagnostic; not a monthly executable backtest
top_k_next_3m | ObjectiveSpecific[top_k_next_3m][XGBoost light],top_k_next_3m,ObjectiveSpecific[top_k_next_3m][XGBoost light],2020-09,3,forward_3m_return,target_top_k_next_3m,0.2854889195626661,0.143534600452596,0.1419543191100701,1.0,0.6666666666666666,3.0,overlapping_horizon_score_to_return,3-month overlapping forward-return diagnostic; not a monthly executable backtest
top_k_next_3m | ObjectiveSpecific[top_k_next_3m][XGBoost light],top_k_next_3m,ObjectiveSpecific[top_k_next_3m][XGBoost light],2020-10,3,forward_3m_return,target_top_k_next_3m,0.3023424762264191,0.15977000951694204,0.14257246670947704,0.6666666666666666,0.6666666666666666,3.0,overlapping_horizon_score_to_return,3-month overlapping forward-return diagnostic; not a monthly executable backtest
top_k_next_3m | ObjectiveSpecific[top_k_next_3m][XGBoost light],top_k_next_3m,ObjectiveSpecific[top_k_next_3m][XGBoost light],2020-11,3,forward_3m_return,target_top_k_next_3m,0.0916636929452822,0.08201464876049233,0.009649044184789873,0.3333333333333333,0.6666666666666666,3.0,overlapping_horizon_score_to_return,3-month overlapping forward-return diagnostic; not a monthly executable backtest
top_k_next_3m | ObjectiveSpecific[top_k_next_3m][XGBoost light],top_k_next_3m,ObjectiveSpecific[top_k_next_3m][XGBoost light],2020-12,3,forward_3m_return,target_top_k_next_3m,-0.09653614018391983,0.043666508291328766,-0.1402026484752486,0.0,1.3333333333333333,3.0,overlapping_horizon_score_to_return,3-month overlapping forward-return diagnostic; not a monthly executable backtest
top_k_next_3m | ObjectiveSpecific[top_k_next_3m][XGBoost light],top_k_next_3m,ObjectiveSpecific[top_k_next_3m][XGBoost light],2021-01,3,forward_3m_return,target_top_k_next_3m,-0.010193126710422867,0.07154291002721548,-0.08173603673763835,0.0,0.6666666666666666,3.0,overlapping_horizon_score_to_return,3-month overlapping forward-return diagnostic; not a monthly executable backtest
top_k_next_3m | ObjectiveSpecific[top_k_next_3m][XGBoost light],top_k_next_3m,ObjectiveSpecific[top_k_next_3m][XGBoost light],2021-02,3,forward_3m_return,target_top_k_next_3m,0.04400764733453544,0.061587546578811894,-0.017579899244276456,0.3333333333333333,0.6666666666666666,3.0,overlapping_horizon_score_to_return,3-month overlapping forward-return diagnostic; not a monthly executable backtest
top_k_next_3m | ObjectiveSpecific[top_k_next_3m][XGBoost light],top_k_next_3m,ObjectiveSpecific[top_k_next_3m][XGBoost light],2021-03,3,forward_3m_return,target_top_k_next_3m,0.03719285171319645,0.06190994266147254,-0.024717090948276087,0.0,0.6666666666666666,3.0,overlapping_horizon_score_to_return,3-month overlapping forward-return diagnostic; not a monthly executable backtest
top_k_next_3m | ObjectiveSpecific[top_k_next_3m][XGBoost light],top_k_next_3m,ObjectiveSpecific[top_k_next_3m][XGBoost light],2021-04,3,forward_3m_return,target_top_k_next_3m,0.04260296934010636,0.025220325420044896,0.01738264392006146,0.3333333333333333,0.0,3.0,overlapping_horizon_score_to_return,3-month overlapping forward-return diagnostic; not a monthly executable backtest
top_k_next_3m | ObjectiveSpecific[top_k_next_3m][XGBoost light],top_k_next_3m,ObjectiveSpecific[top_k_next_3m][XGBoost light],2021-05,3,forward_3m_return,target_top_k_next_3m,0.022234116791746545,0.015466369129023627,0.0067677476627229175,0.3333333333333333,0.0,3.0,overlapping_horizon_score_to_return,3-month overlapping forward-return diagnostic; not a monthly executable backtest
top_k_next_3m | ObjectiveSpecific[top_k_next_3m][XGBoost light],top_k_next_3m,ObjectiveSpecific[top_k_next_3m][XGBoost light],2021-06,3,forward_3m_return,target_top_k_next_3m,-0.005033174475237693,-0.013365553449628153,0.00833237897439046,0.3333333333333333,0.6666666666666666,3.0,overlapping_horizon_score_to_return,3-month overlapping forward-return diagnostic; not a monthly executable backtest
top_k_next_3m | ObjectiveSpecific[top_k_next_3m][XGBoost light],top_k_next_3m,ObjectiveSpecific[top_k_next_3m][XGBoost light],2021-07,3,forward_3m_return,target_top_k_next_3m,-0.018107662935190207,0.036205834973662455,-0.05431349790885266,0.0,0.6666666666666666,3.0,overlapping_horizon_score_to_return,3-month overlapping forward-return diagnostic; not a monthly executable backtest
top_k_next_3m | ObjectiveSpecific[top_k_next_3m][XGBoost light],top_k_next_3m,ObjectiveSpecific[top_k_next_3m][XGBoost light],2021-08,3,forward_3m_return,target_top_k_next_3m,-0.004436732919333627,0.01142905634327871,-0.015865789262612336,0.3333333333333333,1.3333333333333333,3.0,overlapping_horizon_score_to_return,3-month overlapping forward-return diagnostic; not a monthly executable backtest
top_k_next_3m | ObjectiveSpecific[top_k_next_3m][XGBoost light],top_k_next_3m,ObjectiveSpecific[top_k_next_3m][XGBoost light],2021-09,3,forward_3m_return,target_top_k_next_3m,0.05863225934170383,0.042564625977140856,0.016067633364562975,0.3333333333333333,0.0,3.0,overlapping_horizon_score_to_return,3-month overlapping forward-return diagnostic; not a monthly executable backtest
top_k_next_3m | ObjectiveSpecific[top_k_next_3m][XGBoost light],top_k_next_3m,ObjectiveSpecific[top_k_next_3m][XGBoost light],2021-10,3,forward_3m_return,target_top_k_next_3m,-0.01817048090281692,-0.01656254901186057,-0.0016079318909563503,0.3333333333333333,0.6666666666666666,3.0,overlapping_horizon_score_to_return,3-month overlapping forward-return diagnostic; not a monthly executable backtest
top_k_next_3m | ObjectiveSpecific[top_k_next_3m][XGBoost light],top_k_next_3m,ObjectiveSpecific[top_k_next_3m][XGBoost light],2021-11,3,forward_3m_return,target_top_k_next_3m,-0.00708673218814293,-0.009654621484755477,0.0025678892966125473,0.3333333333333333,0.0,3.0,overlapping_horizon_score_to_return,3-month overlapping forward-return diagnostic; not a monthly executable backtest
top_k_next_3m | ObjectiveSpecific[top_k_next_3m][XGBoost light],top_k_next_3m,ObjectiveSpecific[top_k_next_3m][XGBoost light],2021-12,3,forward_3m_return,target_top_k_next_3m,-0.022858343287266734,-0.007974201926096847,-0.014884141361169887,0.3333333333333333,0.6666666666666666,3.0,overlapping_horizon_score_to_return,3-month overlapping forward-return diagnostic; not a monthly executable backtest
top_k_next_3m | ObjectiveSpecific[top_k_next_3m][XGBoost light],top_k_next_3m,ObjectiveSpecific[top_k_next_3m][XGBoost light],2022-01,3,forward_3m_return,target_top_k_next_3m,-0.09282767361093676,-0.0732497189346082,-0.019577954676328557,0.3333333333333333,1.3333333333333333,3.0,overlapping_horizon_score_to_return,3-month overlapping forward-return diagnostic; not a monthly executable backtest
top_k_next_3m | ObjectiveSpecific[top_k_next_3m][XGBoost light],top_k_next_3m,ObjectiveSpecific[top_k_next_3m][XGBoost light],2022-02,3,forward_3m_return,target_top_k_next_3m,-0.08589740981881855,-0.043097456884075146,-0.0427999529347434,0.0,1.3333333333333333,3.0,overlapping_horizon_score_to_return,3-month overlapping forward-return diagnostic; not a monthly executable backtest
top_k_next_3m | ObjectiveSpecific[top_k_next_3m][XGBoost light],top_k_next_3m,ObjectiveSpecific[top_k_next_3m][XGBoost light],2022-03,3,forward_3m_return,target_top_k_next_3m,-0.09105929910533372,-0.12764142043198384,0.03658212132665012,0.6666666666666666,1.3333333333333333,3.0,overlapping_horizon_score_to_return,3-month overlapping forward-return diagnostic; not a monthly executable backtest
top_k_next_3m | ObjectiveSpecific[top_k_next_3m][XGBoost light],top_k_next_3m,ObjectiveSpecific[top_k_next_3m][XGBoost light],2022-04,3,forward_3m_return,target_top_k_next_3m,-0.0032516790646065132,-0.0058644617642282125,0.0026127826996216992,0.3333333333333333,0.6666666666666666,3.0,overlapping_horizon_score_to_return,3-month overlapping forward-return diagnostic; not a monthly executable backtest
top_k_next_3m | ObjectiveSpecific[top_k_next_3m][XGBoost light],top_k_next_3m,ObjectiveSpecific[top_k_next_3m][XGBoost light],2022-05,3,forward_3m_return,target_top_k_next_3m,-0.04995768387127445,-0.063292849482713,0.013335165611438556,0.6666666666666666,0.0,3.0,overlapping_horizon_score_to_return,3-month overlapping forward-return diagnostic; not a monthly executable backtest
top_k_next_3m | ObjectiveSpecific[top_k_next_3m][XGBoost light],top_k_next_3m,ObjectiveSpecific[top_k_next_3m][XGBoost light],2022-06,3,forward_3m_return,target_top_k_next_3m,-0.05353317942094648,-0.04724242770935645,-0.006290751711590027,0.0,0.0,3.0,overlapping_horizon_score_to_return,3-month overlapping forward-return diagnostic; not a monthly executable backtest
top_k_next_3m | ObjectiveSpecific[top_k_next_3m][XGBoost light],top_k_next_3m,ObjectiveSpecific[top_k_next_3m][XGBoost light],2022-07,3,forward_3m_return,target_top_k_next_3m,-0.04299498350985813,-0.04324771276497806,0.00025272925511993227,0.3333333333333333,0.6666666666666666,3.0,overlapping_horizon_score_to_return,3-month overlapping forward-return diagnostic; not a monthly executable backtest
top_k_next_3m | ObjectiveSpecific[top_k_next_3m][XGBoost light],top_k_next_3m,ObjectiveSpecific[top_k_next_3m][XGBoost light],2022-08,3,forward_3m_return,target_top_k_next_3m,0.01826477215465505,0.04779636350728574,-0.02953159135263069,0.0,0.6666666666666666,3.0,overlapping_horizon_score_to_return,3-month overlapping forward-return diagnostic; not a monthly executable backtest
top_k_next_3m | ObjectiveSpecific[top_k_next_3m][XGBoost light],top_k_next_3m,ObjectiveSpecific[top_k_next_3m][XGBoost light],2022-09,3,forward_3m_return,target_top_k_next_3m,0.037023995363253036,0.0823014549869842,-0.04527745962373116,0.0,0.6666666666666666,3.0,overlapping_horizon_score_to_return,3-month overlapping forward-return diagnostic; not a monthly executable backtest
top_k_next_3m | ObjectiveSpecific[top_k_next_3m][XGBoost light],top_k_next_3m,ObjectiveSpecific[top_k_next_3m][XGBoost light],2022-10,3,forward_3m_return,target_top_k_next_3m,0.08931734681134394,0.08999063162591828,-0.0006732848145743348,0.3333333333333333,0.0,3.0,overlapping_horizon_score_to_return,3-month overlapping forward-return diagnostic; not a monthly executable backtest
top_k_next_3m | ObjectiveSpecific[top_k_next_3m][XGBoost light],top_k_next_3m,ObjectiveSpecific[top_k_next_3m][XGBoost light],2022-11,3,forward_3m_return,target_top_k_next_3m,0.0008121447675426184,-0.009622359703316218,0.010434504470858837,0.3333333333333333,0.0,3.0,overlapping_horizon_score_to_return,3-month overlapping forward-return diagnostic; not a monthly executable backtest
top_k_next_3m | ObjectiveSpecific[top_k_next_3m][XGBoost light],top_k_next_3m,ObjectiveSpecific[top_k_next_3m][XGBoost light],2022-12,3,forward_3m_return,target_top_k_next_3m,0.08606191489706243,0.04678307051036268,0.03927884438669975,0.3333333333333333,0.6666666666666666,3.0,overlapping_horizon_score_to_return,3-month overlapping forward-return diagnostic; not a monthly executable backtest
top_k_next_3m | ObjectiveSpecific[top_k_next_3m][XGBoost light],top_k_next_3m,ObjectiveSpecific[top_k_next_3m][XGBoost light],2023-01,3,forward_3m_return,target_top_k_next_3m,0.04543219321444739,-0.008814181009664713,0.054246374224112104,0.6666666666666666,0.6666666666666666,3.0,overlapping_horizon_score_to_return,3-month overlapping forward-return diagnostic; not a monthly executable backtest
top_k_next_3m | ObjectiveSpecific[top_k_next_3m][XGBoost light],top_k_next_3m,ObjectiveSpecific[top_k_next_3m][XGBoost light],2023-02,3,forward_3m_return,target_top_k_next_3m,0.09841900506051611,0.013797491073661117,0.084621513986855,0.6666666666666666,0.0,3.0,overlapping_horizon_score_to_return,3-month overlapping forward-return diagnostic; not a monthly executable backtest
top_k_next_3m | ObjectiveSpecific[top_k_next_3m][XGBoost light],top_k_next_3m,ObjectiveSpecific[top_k_next_3m][XGBoost light],2023-03,3,forward_3m_return,target_top_k_next_3m,0.019475839355134267,0.028651903905981057,-0.00917606455084679,0.3333333333333333,1.3333333333333333,3.0,overlapping_horizon_score_to_return,3-month overlapping forward-return diagnostic; not a monthly executable backtest
top_k_next_3m | ObjectiveSpecific[top_k_next_3m][XGBoost light],top_k_next_3m,ObjectiveSpecific[top_k_next_3m][XGBoost light],2023-04,3,forward_3m_return,target_top_k_next_3m,0.004708057903696331,0.05122851959188569,-0.046520461688189366,0.0,0.6666666666666666,3.0,overlapping_horizon_score_to_return,3-month overlapping forward-return diagnostic; not a monthly executable backtest
top_k_next_3m | ObjectiveSpecific[top_k_next_3m][XGBoost light],top_k_next_3m,ObjectiveSpecific[top_k_next_3m][XGBoost light],2023-05,3,forward_3m_return,target_top_k_next_3m,0.00212505533256376,0.05247402292208052,-0.050348967589516756,0.0,0.0,3.0,overlapping_horizon_score_to_return,3-month overlapping forward-return diagnostic; not a monthly executable backtest
top_k_next_3m | ObjectiveSpecific[top_k_next_3m][XGBoost light],top_k_next_3m,ObjectiveSpecific[top_k_next_3m][XGBoost light],2023-06,3,forward_3m_return,target_top_k_next_3m,-0.04974511338811908,-0.035551004962809794,-0.014194108425309285,0.0,0.0,3.0,overlapping_horizon_score_to_return,3-month overlapping forward-return diagnostic; not a monthly executable backtest
top_k_next_3m | ObjectiveSpecific[top_k_next_3m][XGBoost light],top_k_next_3m,ObjectiveSpecific[top_k_next_3m][XGBoost light],2023-07,3,forward_3m_return,target_top_k_next_3m,-0.036408754781093323,-0.07877894687060062,0.0423701920895073,0.6666666666666666,0.6666666666666666,3.0,overlapping_horizon_score_to_return,3-month overlapping forward-return diagnostic; not a monthly executable backtest
top_k_next_3m | ObjectiveSpecific[top_k_next_3m][XGBoost light],top_k_next_3m,ObjectiveSpecific[top_k_next_3m][XGBoost light],2023-08,3,forward_3m_return,target_top_k_next_3m,0.025975604697411704,-0.0043027903261592115,0.030278395023570916,0.6666666666666666,0.0,3.0,overlapping_horizon_score_to_return,3-month overlapping forward-return diagnostic; not a monthly executable backtest
top_k_next_3m | ObjectiveSpecific[top_k_next_3m][XGBoost light],top_k_next_3m,ObjectiveSpecific[top_k_next_3m][XGBoost light],2023-09,3,forward_3m_return,target_top_k_next_3m,0.09942266584559056,0.09575029571017588,0.0036723701354146876,0.0,1.3333333333333333,3.0,overlapping_horizon_score_to_return,3-month overlapping forward-return diagnostic; not a monthly executable backtest
top_k_next_3m | ObjectiveSpecific[top_k_next_3m][XGBoost light],top_k_next_3m,ObjectiveSpecific[top_k_next_3m][XGBoost light],2023-10,3,forward_3m_return,target_top_k_next_3m,0.12006508657426576,0.1224034225504301,-0.0023383359761643407,0.3333333333333333,0.6666666666666666,3.0,overlapping_horizon_score_to_return,3-month overlapping forward-return diagnostic; not a monthly executable backtest
top_k_next_3m | ObjectiveSpecific[top_k_next_3m][XGBoost light],top_k_next_3m,ObjectiveSpecific[top_k_next_3m][XGBoost light],2023-11,3,forward_3m_return,target_top_k_next_3m,0.045822079375988846,0.07582689724165208,-0.03000481786566323,0.0,0.6666666666666666,3.0,overlapping_horizon_score_to_return,3-month overlapping forward-return diagnostic; not a monthly executable backtest
top_k_next_3m | ObjectiveSpecific[top_k_next_3m][XGBoost light],top_k_next_3m,ObjectiveSpecific[top_k_next_3m][XGBoost light],2023-12,3,forward_3m_return,target_top_k_next_3m,0.03783855533694358,0.06714657864740536,-0.029308023310461784,0.0,0.6666666666666666,3.0,overlapping_horizon_score_to_return,3-month overlapping forward-return diagnostic; not a monthly executable backtest
top_k_next_3m | ObjectiveSpecific[top_k_next_3m][XGBoost light],top_k_next_3m,ObjectiveSpecific[top_k_next_3m][XGBoost light],2024-01,3,forward_3m_return,target_top_k_next_3m,0.07104418145419585,0.03147211170456575,0.039572069749630095,0.6666666666666666,0.6666666666666666,3.0,overlapping_horizon_score_to_return,3-month overlapping forward-return diagnostic; not a monthly executable backtest
top_k_next_3m | ObjectiveSpecific[top_k_next_3m][XGBoost light],top_k_next_3m,ObjectiveSpecific[top_k_next_3m][XGBoost light],2024-02,3,forward_3m_return,target_top_k_next_3m,0.060983207495023395,0.042281930791664014,0.01870127670335938,0.6666666666666666,0.6666666666666666,3.0,overlapping_horizon_score_to_return,3-month overlapping forward-return diagnostic; not a monthly executable backtest
top_k_next_3m | ObjectiveSpecific[top_k_next_3m][XGBoost light],top_k_next_3m,ObjectiveSpecific[top_k_next_3m][XGBoost light],2024-03,3,forward_3m_return,target_top_k_next_3m,0.02014624794124098,0.011330766289411386,0.008815481651829594,0.3333333333333333,0.6666666666666666,3.0,overlapping_horizon_score_to_return,3-month overlapping forward-return diagnostic; not a monthly executable backtest
top_k_next_3m | ObjectiveSpecific[top_k_next_3m][XGBoost light],top_k_next_3m,ObjectiveSpecific[top_k_next_3m][XGBoost light],2024-04,3,forward_3m_return,target_top_k_next_3m,0.07689488586285871,0.07675726677463005,0.00013761908822866598,0.3333333333333333,0.6666666666666666,3.0,overlapping_horizon_score_to_return,3-month overlapping forward-return diagnostic; not a monthly executable backtest
top_k_next_3m | ObjectiveSpecific[top_k_next_3m][XGBoost light],top_k_next_3m,ObjectiveSpecific[top_k_next_3m][XGBoost light],2024-05,3,forward_3m_return,target_top_k_next_3m,0.0616478454877322,0.04970151700166662,0.011946328486065583,0.6666666666666666,0.6666666666666666,3.0,overlapping_horizon_score_to_return,3-month overlapping forward-return diagnostic; not a monthly executable backtest
top_k_next_3m | ObjectiveSpecific[top_k_next_3m][XGBoost light],top_k_next_3m,ObjectiveSpecific[top_k_next_3m][XGBoost light],2024-06,3,forward_3m_return,target_top_k_next_3m,0.0923166210983597,0.06580143287026231,0.026515188228097383,0.3333333333333333,0.6666666666666666,3.0,overlapping_horizon_score_to_return,3-month overlapping forward-return diagnostic; not a monthly executable backtest
top_k_next_3m | ObjectiveSpecific[top_k_next_3m][XGBoost light],top_k_next_3m,ObjectiveSpecific[top_k_next_3m][XGBoost light],2024-07,3,forward_3m_return,target_top_k_next_3m,0.04721481453130001,0.02347464954269781,0.0237401649886022,0.6666666666666666,0.6666666666666666,3.0,overlapping_horizon_score_to_return,3-month overlapping forward-return diagnostic; not a monthly executable backtest
top_k_next_3m | ObjectiveSpecific[top_k_next_3m][XGBoost light],top_k_next_3m,ObjectiveSpecific[top_k_next_3m][XGBoost light],2024-08,3,forward_3m_return,target_top_k_next_3m,0.04122131847854993,0.04565516958554672,-0.004433851106996789,0.3333333333333333,1.3333333333333333,3.0,overlapping_horizon_score_to_return,3-month overlapping forward-return diagnostic; not a monthly executable backtest
top_k_next_3m | ObjectiveSpecific[top_k_next_3m][XGBoost light],top_k_next_3m,ObjectiveSpecific[top_k_next_3m][XGBoost light],2024-09,3,forward_3m_return,target_top_k_next_3m,-0.07514929185242625,-0.01289136657095975,-0.062257925281466495,0.0,1.3333333333333333,3.0,overlapping_horizon_score_to_return,3-month overlapping forward-return diagnostic; not a monthly executable backtest
top_k_next_3m | ObjectiveSpecific[top_k_next_3m][XGBoost light],top_k_next_3m,ObjectiveSpecific[top_k_next_3m][XGBoost light],2024-10,3,forward_3m_return,target_top_k_next_3m,-0.005521841450002599,0.012193345814492284,-0.017715187264494885,0.0,1.3333333333333333,3.0,overlapping_horizon_score_to_return,3-month overlapping forward-return diagnostic; not a monthly executable backtest
top_k_next_3m | ObjectiveSpecific[top_k_next_3m][XGBoost light],top_k_next_3m,ObjectiveSpecific[top_k_next_3m][XGBoost light],2024-11,3,forward_3m_return,target_top_k_next_3m,0.03250199164967337,0.0043589001304387585,0.028143091519234612,0.3333333333333333,1.3333333333333333,3.0,overlapping_horizon_score_to_return,3-month overlapping forward-return diagnostic; not a monthly executable backtest
top_k_next_3m | ObjectiveSpecific[top_k_next_3m][XGBoost light],top_k_next_3m,ObjectiveSpecific[top_k_next_3m][XGBoost light],2024-12,3,forward_3m_return,target_top_k_next_3m,-0.0046468560609171546,0.026168099192316142,-0.030814955253233297,0.3333333333333333,0.6666666666666666,3.0,overlapping_horizon_score_to_return,3-month overlapping forward-return diagnostic; not a monthly executable backtest
top_k_next_3m | ObjectiveSpecific[top_k_next_3m][XGBoost light],top_k_next_3m,ObjectiveSpecific[top_k_next_3m][XGBoost light],2025-01,3,forward_3m_return,target_top_k_next_3m,0.026353790141808383,-0.000419691007017553,0.026773481148825936,0.6666666666666666,1.3333333333333333,3.0,overlapping_horizon_score_to_return,3-month overlapping forward-return diagnostic; not a monthly executable backtest
top_k_next_3m | ObjectiveSpecific[top_k_next_3m][XGBoost light],top_k_next_3m,ObjectiveSpecific[top_k_next_3m][XGBoost light],2025-02,3,forward_3m_return,target_top_k_next_3m,-0.006552202260450578,0.007707493151291189,-0.014259695411741767,0.3333333333333333,0.6666666666666666,3.0,overlapping_horizon_score_to_return,3-month overlapping forward-return diagnostic; not a monthly executable backtest
top_k_next_3m | ObjectiveSpecific[top_k_next_3m][XGBoost light],top_k_next_3m,ObjectiveSpecific[top_k_next_3m][XGBoost light],2025-03,3,forward_3m_return,target_top_k_next_3m,0.09090765420661387,0.06246846106141658,0.028439193145197286,0.6666666666666666,0.6666666666666666,3.0,overlapping_horizon_score_to_return,3-month overlapping forward-return diagnostic; not a monthly executable backtest
top_k_next_3m | ObjectiveSpecific[top_k_next_3m][XGBoost light],top_k_next_3m,ObjectiveSpecific[top_k_next_3m][XGBoost light],2025-04,3,forward_3m_return,target_top_k_next_3m,0.08711289165511485,0.07422575365591817,0.012887137999196677,0.6666666666666666,0.0,3.0,overlapping_horizon_score_to_return,3-month overlapping forward-return diagnostic; not a monthly executable backtest
top_k_next_3m | ObjectiveSpecific[top_k_next_3m][XGBoost light],top_k_next_3m,ObjectiveSpecific[top_k_next_3m][XGBoost light],2025-05,3,forward_3m_return,target_top_k_next_3m,0.06791576301218841,0.0666696350225742,0.0012461279896142097,0.3333333333333333,0.6666666666666666,3.0,overlapping_horizon_score_to_return,3-month overlapping forward-return diagnostic; not a monthly executable backtest
top_k_next_3m | ObjectiveSpecific[top_k_next_3m][XGBoost light],top_k_next_3m,ObjectiveSpecific[top_k_next_3m][XGBoost light],2025-06,3,forward_3m_return,target_top_k_next_3m,0.061874101112794046,0.07399196314421512,-0.012117862031421074,0.3333333333333333,0.6666666666666666,3.0,overlapping_horizon_score_to_return,3-month overlapping forward-return diagnostic; not a monthly executable backtest
top_k_next_3m | ObjectiveSpecific[top_k_next_3m][XGBoost light],top_k_next_3m,ObjectiveSpecific[top_k_next_3m][XGBoost light],2025-07,3,forward_3m_return,target_top_k_next_3m,0.09984526976875537,0.09011438374522047,0.00973088602353489,0.3333333333333333,1.3333333333333333,3.0,overlapping_horizon_score_to_return,3-month overlapping forward-return diagnostic; not a monthly executable backtest
top_k_next_3m | ObjectiveSpecific[top_k_next_3m][XGBoost light],top_k_next_3m,ObjectiveSpecific[top_k_next_3m][XGBoost light],2025-08,3,forward_3m_return,target_top_k_next_3m,0.0846420443659266,0.0667353713766303,0.017906672989296296,0.3333333333333333,0.6666666666666666,3.0,overlapping_horizon_score_to_return,3-month overlapping forward-return diagnostic; not a monthly executable backtest
top_k_next_3m | ObjectiveSpecific[top_k_next_3m][XGBoost light],top_k_next_3m,ObjectiveSpecific[top_k_next_3m][XGBoost light],2025-09,3,forward_3m_return,target_top_k_next_3m,0.02635223962623434,0.03827326747102876,-0.011921027844794416,0.3333333333333333,0.6666666666666666,3.0,overlapping_horizon_score_to_return,3-month overlapping forward-return diagnostic; not a monthly executable backtest
top_k_next_3m | ObjectiveSpecific[top_k_next_3m][XGBoost light],top_k_next_3m,ObjectiveSpecific[top_k_next_3m][XGBoost light],2025-10,3,forward_3m_return,target_top_k_next_3m,0.06510879854978331,0.05221985249733507,0.012888946052448239,0.3333333333333333,0.6666666666666666,3.0,overlapping_horizon_score_to_return,3-month overlapping forward-return diagnostic; not a monthly executable backtest
top_k_next_3m | ObjectiveSpecific[top_k_next_3m][XGBoost light],top_k_next_3m,ObjectiveSpecific[top_k_next_3m][XGBoost light],2025-11,3,forward_3m_return,target_top_k_next_3m,0.015449262739218683,0.08120968448414774,-0.06576042174492906,0.0,1.9999999999999998,3.0,overlapping_horizon_score_to_return,3-month overlapping forward-return diagnostic; not a monthly executable backtest
top_k_next_3m | ObjectiveSpecific[top_k_next_3m][XGBoost light],top_k_next_3m,ObjectiveSpecific[top_k_next_3m][XGBoost light],2025-12,3,forward_3m_return,target_top_k_next_3m,0.10224203755775922,0.028044841689618405,0.07419719586814082,0.6666666666666666,1.3333333333333333,3.0,overlapping_horizon_score_to_return,3-month overlapping forward-return diagnostic; not a monthly executable backtest
top_k_next_3m | ObjectiveSpecific[top_k_next_3m][XGBoost light],top_k_next_3m,ObjectiveSpecific[top_k_next_3m][XGBoost light],2026-01,3,forward_3m_return,target_top_k_next_3m,-0.007332677646783655,0.04509778793046517,-0.05243046557724883,0.0,1.9999999999999998,3.0,overlapping_horizon_score_to_return,3-month overlapping forward-return diagnostic; not a monthly executable backtest
top_k_next_3m | ObjectiveSpecific[top_k_next_3m][XGBoost light] Calibration Base,top_k_next_3m,ObjectiveSpecific[top_k_next_3m][XGBoost light] Calibration Base,2020-01,3,forward_3m_return,target_top_k_next_3m,-0.25113192988650596,-0.0921117135528258,-0.15902021633368016,0.0,1.0,3.0,overlapping_horizon_score_to_return,3-month overlapping forward-return diagnostic; not a monthly executable backtest
top_k_next_3m | ObjectiveSpecific[top_k_next_3m][XGBoost light] Calibration Base,top_k_next_3m,ObjectiveSpecific[top_k_next_3m][XGBoost light] Calibration Base,2020-02,3,forward_3m_return,target_top_k_next_3m,-0.04673417884602852,-0.009592706702394227,-0.037141472143634294,0.3333333333333333,0.6666666666666666,3.0,overlapping_horizon_score_to_return,3-month overlapping forward-return diagnostic; not a monthly executable backtest
top_k_next_3m | ObjectiveSpecific[top_k_next_3m][XGBoost light] Calibration Base,top_k_next_3m,ObjectiveSpecific[top_k_next_3m][XGBoost light] Calibration Base,2020-03,3,forward_3m_return,target_top_k_next_3m,0.27948833824088914,0.19862209789741386,0.08086624034347528,0.6666666666666666,0.6666666666666666,3.0,overlapping_horizon_score_to_return,3-month overlapping forward-return diagnostic; not a monthly executable backtest
top_k_next_3m | ObjectiveSpecific[top_k_next_3m][XGBoost light] Calibration Base,top_k_next_3m,ObjectiveSpecific[top_k_next_3m][XGBoost light] Calibration Base,2020-04,3,forward_3m_return,target_top_k_next_3m,0.10772377041958917,0.1206414990186265,-0.012917728599037337,0.3333333333333333,0.6666666666666666,3.0,overlapping_horizon_score_to_return,3-month overlapping forward-return diagnostic; not a monthly executable backtest
top_k_next_3m | ObjectiveSpecific[top_k_next_3m][XGBoost light] Calibration Base,top_k_next_3m,ObjectiveSpecific[top_k_next_3m][XGBoost light] Calibration Base,2020-05,3,forward_3m_return,target_top_k_next_3m,0.12450545531405802,0.09897481214727596,0.025530643166782052,0.3333333333333333,1.3333333333333333,3.0,overlapping_horizon_score_to_return,3-month overlapping forward-return diagnostic; not a monthly executable backtest
top_k_next_3m | ObjectiveSpecific[top_k_next_3m][XGBoost light] Calibration Base,top_k_next_3m,ObjectiveSpecific[top_k_next_3m][XGBoost light] Calibration Base,2020-06,3,forward_3m_return,target_top_k_next_3m,-0.03604004567500322,0.03557389742106315,-0.07161394309606636,0.0,0.6666666666666666,3.0,overlapping_horizon_score_to_return,3-month overlapping forward-return diagnostic; not a monthly executable backtest
top_k_next_3m | ObjectiveSpecific[top_k_next_3m][XGBoost light] Calibration Base,top_k_next_3m,ObjectiveSpecific[top_k_next_3m][XGBoost light] Calibration Base,2020-07,3,forward_3m_return,target_top_k_next_3m,-0.07562065007205639,-0.0181872482182715,-0.057433401853784885,0.0,0.6666666666666666,3.0,overlapping_horizon_score_to_return,3-month overlapping forward-return diagnostic; not a monthly executable backtest
top_k_next_3m | ObjectiveSpecific[top_k_next_3m][XGBoost light] Calibration Base,top_k_next_3m,ObjectiveSpecific[top_k_next_3m][XGBoost light] Calibration Base,2020-08,3,forward_3m_return,target_top_k_next_3m,0.070240018936316,0.05589039331485637,0.014349625621459632,0.3333333333333333,0.0,3.0,overlapping_horizon_score_to_return,3-month overlapping forward-return diagnostic; not a monthly executable backtest
top_k_next_3m | ObjectiveSpecific[top_k_next_3m][XGBoost light] Calibration Base,top_k_next_3m,ObjectiveSpecific[top_k_next_3m][XGBoost light] Calibration Base,2020-09,3,forward_3m_return,target_top_k_next_3m,0.2854889195626661,0.143534600452596,0.1419543191100701,1.0,0.6666666666666666,3.0,overlapping_horizon_score_to_return,3-month overlapping forward-return diagnostic; not a monthly executable backtest
top_k_next_3m | ObjectiveSpecific[top_k_next_3m][XGBoost light] Calibration Base,top_k_next_3m,ObjectiveSpecific[top_k_next_3m][XGBoost light] Calibration Base,2020-10,3,forward_3m_return,target_top_k_next_3m,0.31590776275537835,0.15977000951694204,0.15613775323843632,0.6666666666666666,0.0,3.0,overlapping_horizon_score_to_return,3-month overlapping forward-return diagnostic; not a monthly executable backtest
top_k_next_3m | ObjectiveSpecific[top_k_next_3m][XGBoost light] Calibration Base,top_k_next_3m,ObjectiveSpecific[top_k_next_3m][XGBoost light] Calibration Base,2020-11,3,forward_3m_return,target_top_k_next_3m,0.05871342277969886,0.08201464876049233,-0.02330122598079347,0.3333333333333333,1.3333333333333333,3.0,overlapping_horizon_score_to_return,3-month overlapping forward-return diagnostic; not a monthly executable backtest
top_k_next_3m | ObjectiveSpecific[top_k_next_3m][XGBoost light] Calibration Base,top_k_next_3m,ObjectiveSpecific[top_k_next_3m][XGBoost light] Calibration Base,2020-12,3,forward_3m_return,target_top_k_next_3m,-0.07073064464215124,0.043666508291328766,-0.11439715293348002,0.0,0.6666666666666666,3.0,overlapping_horizon_score_to_return,3-month overlapping forward-return diagnostic; not a monthly executable backtest
top_k_next_3m | ObjectiveSpecific[top_k_next_3m][XGBoost light] Calibration Base,top_k_next_3m,ObjectiveSpecific[top_k_next_3m][XGBoost light] Calibration Base,2021-01,3,forward_3m_return,target_top_k_next_3m,-0.044305294450227684,0.07154291002721548,-0.11584820447744316,0.0,0.6666666666666666,3.0,overlapping_horizon_score_to_return,3-month overlapping forward-return diagnostic; not a monthly executable backtest
top_k_next_3m | ObjectiveSpecific[top_k_next_3m][XGBoost light] Calibration Base,top_k_next_3m,ObjectiveSpecific[top_k_next_3m][XGBoost light] Calibration Base,2021-02,3,forward_3m_return,target_top_k_next_3m,0.11935617798929057,0.061587546578811894,0.05776863141047868,0.6666666666666666,1.3333333333333333,3.0,overlapping_horizon_score_to_return,3-month overlapping forward-return diagnostic; not a monthly executable backtest
top_k_next_3m | ObjectiveSpecific[top_k_next_3m][XGBoost light] Calibration Base,top_k_next_3m,ObjectiveSpecific[top_k_next_3m][XGBoost light] Calibration Base,2021-03,3,forward_3m_return,target_top_k_next_3m,0.04633215232510827,0.06190994266147254,-0.01557779033636427,0.0,1.3333333333333333,3.0,overlapping_horizon_score_to_return,3-month overlapping forward-return diagnostic; not a monthly executable backtest
top_k_next_3m | ObjectiveSpecific[top_k_next_3m][XGBoost light] Calibration Base,top_k_next_3m,ObjectiveSpecific[top_k_next_3m][XGBoost light] Calibration Base,2021-04,3,forward_3m_return,target_top_k_next_3m,0.0036119306363368007,0.025220325420044896,-0.021608394783708094,0.0,0.6666666666666666,3.0,overlapping_horizon_score_to_return,3-month overlapping forward-return diagnostic; not a monthly executable backtest
top_k_next_3m | ObjectiveSpecific[top_k_next_3m][XGBoost light] Calibration Base,top_k_next_3m,ObjectiveSpecific[top_k_next_3m][XGBoost light] Calibration Base,2021-05,3,forward_3m_return,target_top_k_next_3m,0.01618114679728614,0.015466369129023627,0.0007147776682625128,0.3333333333333333,0.6666666666666666,3.0,overlapping_horizon_score_to_return,3-month overlapping forward-return diagnostic; not a monthly executable backtest
top_k_next_3m | ObjectiveSpecific[top_k_next_3m][XGBoost light] Calibration Base,top_k_next_3m,ObjectiveSpecific[top_k_next_3m][XGBoost light] Calibration Base,2021-06,3,forward_3m_return,target_top_k_next_3m,-0.03736610979549804,-0.013365553449628153,-0.024000556345869884,0.0,0.6666666666666666,3.0,overlapping_horizon_score_to_return,3-month overlapping forward-return diagnostic; not a monthly executable backtest
top_k_next_3m | ObjectiveSpecific[top_k_next_3m][XGBoost light] Calibration Base,top_k_next_3m,ObjectiveSpecific[top_k_next_3m][XGBoost light] Calibration Base,2021-07,3,forward_3m_return,target_top_k_next_3m,-0.007839888750303245,0.036205834973662455,-0.0440457237239657,0.0,0.0,3.0,overlapping_horizon_score_to_return,3-month overlapping forward-return diagnostic; not a monthly executable backtest
top_k_next_3m | ObjectiveSpecific[top_k_next_3m][XGBoost light] Calibration Base,top_k_next_3m,ObjectiveSpecific[top_k_next_3m][XGBoost light] Calibration Base,2021-08,3,forward_3m_return,target_top_k_next_3m,-0.039627663923891936,0.01142905634327871,-0.05105672026717065,0.0,0.0,3.0,overlapping_horizon_score_to_return,3-month overlapping forward-return diagnostic; not a monthly executable backtest
top_k_next_3m | ObjectiveSpecific[top_k_next_3m][XGBoost light] Calibration Base,top_k_next_3m,ObjectiveSpecific[top_k_next_3m][XGBoost light] Calibration Base,2021-09,3,forward_3m_return,target_top_k_next_3m,0.016849254882946935,0.042564625977140856,-0.02571537109419392,0.0,0.0,3.0,overlapping_horizon_score_to_return,3-month overlapping forward-return diagnostic; not a monthly executable backtest
top_k_next_3m | ObjectiveSpecific[top_k_next_3m][XGBoost light] Calibration Base,top_k_next_3m,ObjectiveSpecific[top_k_next_3m][XGBoost light] Calibration Base,2021-10,3,forward_3m_return,target_top_k_next_3m,-0.01817048090281692,-0.01656254901186057,-0.0016079318909563503,0.3333333333333333,0.0,3.0,overlapping_horizon_score_to_return,3-month overlapping forward-return diagnostic; not a monthly executable backtest
top_k_next_3m | ObjectiveSpecific[top_k_next_3m][XGBoost light] Calibration Base,top_k_next_3m,ObjectiveSpecific[top_k_next_3m][XGBoost light] Calibration Base,2021-11,3,forward_3m_return,target_top_k_next_3m,-0.00708673218814293,-0.009654621484755477,0.0025678892966125473,0.3333333333333333,0.0,3.0,overlapping_horizon_score_to_return,3-month overlapping forward-return diagnostic; not a monthly executable backtest
top_k_next_3m | ObjectiveSpecific[top_k_next_3m][XGBoost light] Calibration Base,top_k_next_3m,ObjectiveSpecific[top_k_next_3m][XGBoost light] Calibration Base,2021-12,3,forward_3m_return,target_top_k_next_3m,-0.021144684382148893,-0.007974201926096847,-0.013170482456052046,0.3333333333333333,0.0,3.0,overlapping_horizon_score_to_return,3-month overlapping forward-return diagnostic; not a monthly executable backtest
top_k_next_3m | ObjectiveSpecific[top_k_next_3m][XGBoost light] Calibration Base,top_k_next_3m,ObjectiveSpecific[top_k_next_3m][XGBoost light] Calibration Base,2022-01,3,forward_3m_return,target_top_k_next_3m,-0.0805017709758157,-0.0732497189346082,-0.007252052041207505,0.3333333333333333,0.6666666666666666,3.0,overlapping_horizon_score_to_return,3-month overlapping forward-return diagnostic; not a monthly executable backtest
top_k_next_3m | ObjectiveSpecific[top_k_next_3m][XGBoost light] Calibration Base,top_k_next_3m,ObjectiveSpecific[top_k_next_3m][XGBoost light] Calibration Base,2022-02,3,forward_3m_return,target_top_k_next_3m,-0.0924782233811895,-0.043097456884075146,-0.04938076649711435,0.3333333333333333,0.6666666666666666,3.0,overlapping_horizon_score_to_return,3-month overlapping forward-return diagnostic; not a monthly executable backtest
top_k_next_3m | ObjectiveSpecific[top_k_next_3m][XGBoost light] Calibration Base,top_k_next_3m,ObjectiveSpecific[top_k_next_3m][XGBoost light] Calibration Base,2022-03,3,forward_3m_return,target_top_k_next_3m,-0.07560610447421537,-0.12764142043198384,0.052035315957768474,0.6666666666666666,0.6666666666666666,3.0,overlapping_horizon_score_to_return,3-month overlapping forward-return diagnostic; not a monthly executable backtest
top_k_next_3m | ObjectiveSpecific[top_k_next_3m][XGBoost light] Calibration Base,top_k_next_3m,ObjectiveSpecific[top_k_next_3m][XGBoost light] Calibration Base,2022-04,3,forward_3m_return,target_top_k_next_3m,-0.02349250391560228,-0.0058644617642282125,-0.017628042151374066,0.3333333333333333,0.0,3.0,overlapping_horizon_score_to_return,3-month overlapping forward-return diagnostic; not a monthly executable backtest
top_k_next_3m | ObjectiveSpecific[top_k_next_3m][XGBoost light] Calibration Base,top_k_next_3m,ObjectiveSpecific[top_k_next_3m][XGBoost light] Calibration Base,2022-05,3,forward_3m_return,target_top_k_next_3m,-0.06321477198370584,-0.063292849482713,7.807749900716476e-05,0.3333333333333333,0.0,3.0,overlapping_horizon_score_to_return,3-month overlapping forward-return diagnostic; not a monthly executable backtest
top_k_next_3m | ObjectiveSpecific[top_k_next_3m][XGBoost light] Calibration Base,top_k_next_3m,ObjectiveSpecific[top_k_next_3m][XGBoost light] Calibration Base,2022-06,3,forward_3m_return,target_top_k_next_3m,-0.08016450443415953,-0.04724242770935645,-0.03292207672480307,0.0,0.0,3.0,overlapping_horizon_score_to_return,3-month overlapping forward-return diagnostic; not a monthly executable backtest
top_k_next_3m | ObjectiveSpecific[top_k_next_3m][XGBoost light] Calibration Base,top_k_next_3m,ObjectiveSpecific[top_k_next_3m][XGBoost light] Calibration Base,2022-07,3,forward_3m_return,target_top_k_next_3m,-0.09098469337230247,-0.04324771276497806,-0.04773698060732441,0.0,0.0,3.0,overlapping_horizon_score_to_return,3-month overlapping forward-return diagnostic; not a monthly executable backtest
top_k_next_3m | ObjectiveSpecific[top_k_next_3m][XGBoost light] Calibration Base,top_k_next_3m,ObjectiveSpecific[top_k_next_3m][XGBoost light] Calibration Base,2022-08,3,forward_3m_return,target_top_k_next_3m,0.01826477215465505,0.04779636350728574,-0.02953159135263069,0.0,0.0,3.0,overlapping_horizon_score_to_return,3-month overlapping forward-return diagnostic; not a monthly executable backtest
top_k_next_3m | ObjectiveSpecific[top_k_next_3m][XGBoost light] Calibration Base,top_k_next_3m,ObjectiveSpecific[top_k_next_3m][XGBoost light] Calibration Base,2022-09,3,forward_3m_return,target_top_k_next_3m,0.07285574653736189,0.0823014549869842,-0.009445708449622309,0.0,0.0,3.0,overlapping_horizon_score_to_return,3-month overlapping forward-return diagnostic; not a monthly executable backtest
top_k_next_3m | ObjectiveSpecific[top_k_next_3m][XGBoost light] Calibration Base,top_k_next_3m,ObjectiveSpecific[top_k_next_3m][XGBoost light] Calibration Base,2022-10,3,forward_3m_return,target_top_k_next_3m,0.14046343985423348,0.08999063162591828,0.05047280822831521,0.6666666666666666,0.0,3.0,overlapping_horizon_score_to_return,3-month overlapping forward-return diagnostic; not a monthly executable backtest
top_k_next_3m | ObjectiveSpecific[top_k_next_3m][XGBoost light] Calibration Base,top_k_next_3m,ObjectiveSpecific[top_k_next_3m][XGBoost light] Calibration Base,2022-11,3,forward_3m_return,target_top_k_next_3m,0.001655768976833838,-0.009622359703316218,0.011278128680150056,0.3333333333333333,0.0,3.0,overlapping_horizon_score_to_return,3-month overlapping forward-return diagnostic; not a monthly executable backtest
top_k_next_3m | ObjectiveSpecific[top_k_next_3m][XGBoost light] Calibration Base,top_k_next_3m,ObjectiveSpecific[top_k_next_3m][XGBoost light] Calibration Base,2022-12,3,forward_3m_return,target_top_k_next_3m,0.04258086165937998,0.04678307051036268,-0.0042022088509827,0.3333333333333333,0.0,3.0,overlapping_horizon_score_to_return,3-month overlapping forward-return diagnostic; not a monthly executable backtest
top_k_next_3m | ObjectiveSpecific[top_k_next_3m][XGBoost light] Calibration Base,top_k_next_3m,ObjectiveSpecific[top_k_next_3m][XGBoost light] Calibration Base,2023-01,3,forward_3m_return,target_top_k_next_3m,0.008922206902190439,-0.008814181009664713,0.017736387911855153,0.3333333333333333,0.6666666666666666,3.0,overlapping_horizon_score_to_return,3-month overlapping forward-return diagnostic; not a monthly executable backtest
top_k_next_3m | ObjectiveSpecific[top_k_next_3m][XGBoost light] Calibration Base,top_k_next_3m,ObjectiveSpecific[top_k_next_3m][XGBoost light] Calibration Base,2023-02,3,forward_3m_return,target_top_k_next_3m,0.09841900506051611,0.013797491073661117,0.084621513986855,0.6666666666666666,0.6666666666666666,3.0,overlapping_horizon_score_to_return,3-month overlapping forward-return diagnostic; not a monthly executable backtest
top_k_next_3m | ObjectiveSpecific[top_k_next_3m][XGBoost light] Calibration Base,top_k_next_3m,ObjectiveSpecific[top_k_next_3m][XGBoost light] Calibration Base,2023-03,3,forward_3m_return,target_top_k_next_3m,-0.018381269449131835,0.028651903905981057,-0.047033173355112895,0.0,1.3333333333333333,3.0,overlapping_horizon_score_to_return,3-month overlapping forward-return diagnostic; not a monthly executable backtest
top_k_next_3m | ObjectiveSpecific[top_k_next_3m][XGBoost light] Calibration Base,top_k_next_3m,ObjectiveSpecific[top_k_next_3m][XGBoost light] Calibration Base,2023-04,3,forward_3m_return,target_top_k_next_3m,0.031270406006491745,0.05122851959188569,-0.019958113585393948,0.0,0.0,3.0,overlapping_horizon_score_to_return,3-month overlapping forward-return diagnostic; not a monthly executable backtest
top_k_next_3m | ObjectiveSpecific[top_k_next_3m][XGBoost light] Calibration Base,top_k_next_3m,ObjectiveSpecific[top_k_next_3m][XGBoost light] Calibration Base,2023-05,3,forward_3m_return,target_top_k_next_3m,0.023134932590437637,0.05247402292208052,-0.02933909033164288,0.0,0.6666666666666666,3.0,overlapping_horizon_score_to_return,3-month overlapping forward-return diagnostic; not a monthly executable backtest
top_k_next_3m | ObjectiveSpecific[top_k_next_3m][XGBoost light] Calibration Base,top_k_next_3m,ObjectiveSpecific[top_k_next_3m][XGBoost light] Calibration Base,2023-06,3,forward_3m_return,target_top_k_next_3m,-0.03835084473510523,-0.035551004962809794,-0.0027998397722954343,0.3333333333333333,0.6666666666666666,3.0,overlapping_horizon_score_to_return,3-month overlapping forward-return diagnostic; not a monthly executable backtest
top_k_next_3m | ObjectiveSpecific[top_k_next_3m][XGBoost light] Calibration Base,top_k_next_3m,ObjectiveSpecific[top_k_next_3m][XGBoost light] Calibration Base,2023-07,3,forward_3m_return,target_top_k_next_3m,-0.059251746478080514,-0.07877894687060062,0.019527200392520108,0.3333333333333333,0.0,3.0,overlapping_horizon_score_to_return,3-month overlapping forward-return diagnostic; not a monthly executable backtest
top_k_next_3m | ObjectiveSpecific[top_k_next_3m][XGBoost light] Calibration Base,top_k_next_3m,ObjectiveSpecific[top_k_next_3m][XGBoost light] Calibration Base,2023-08,3,forward_3m_return,target_top_k_next_3m,0.010769223372831666,-0.0043027903261592115,0.015072013698990878,0.6666666666666666,0.6666666666666666,3.0,overlapping_horizon_score_to_return,3-month overlapping forward-return diagnostic; not a monthly executable backtest
top_k_next_3m | ObjectiveSpecific[top_k_next_3m][XGBoost light] Calibration Base,top_k_next_3m,ObjectiveSpecific[top_k_next_3m][XGBoost light] Calibration Base,2023-09,3,forward_3m_return,target_top_k_next_3m,0.09942266584559056,0.09575029571017588,0.0036723701354146876,0.0,1.3333333333333333,3.0,overlapping_horizon_score_to_return,3-month overlapping forward-return diagnostic; not a monthly executable backtest
top_k_next_3m | ObjectiveSpecific[top_k_next_3m][XGBoost light] Calibration Base,top_k_next_3m,ObjectiveSpecific[top_k_next_3m][XGBoost light] Calibration Base,2023-10,3,forward_3m_return,target_top_k_next_3m,0.07966918703073837,0.1224034225504301,-0.04273423551969173,0.0,0.0,3.0,overlapping_horizon_score_to_return,3-month overlapping forward-return diagnostic; not a monthly executable backtest
top_k_next_3m | ObjectiveSpecific[top_k_next_3m][XGBoost light] Calibration Base,top_k_next_3m,ObjectiveSpecific[top_k_next_3m][XGBoost light] Calibration Base,2023-11,3,forward_3m_return,target_top_k_next_3m,0.06105601421596707,0.07582689724165208,-0.014770883025685008,0.3333333333333333,0.6666666666666666,3.0,overlapping_horizon_score_to_return,3-month overlapping forward-return diagnostic; not a monthly executable backtest
top_k_next_3m | ObjectiveSpecific[top_k_next_3m][XGBoost light] Calibration Base,top_k_next_3m,ObjectiveSpecific[top_k_next_3m][XGBoost light] Calibration Base,2023-12,3,forward_3m_return,target_top_k_next_3m,0.03783855533694358,0.06714657864740536,-0.029308023310461784,0.0,0.6666666666666666,3.0,overlapping_horizon_score_to_return,3-month overlapping forward-return diagnostic; not a monthly executable backtest
top_k_next_3m | ObjectiveSpecific[top_k_next_3m][XGBoost light] Calibration Base,top_k_next_3m,ObjectiveSpecific[top_k_next_3m][XGBoost light] Calibration Base,2024-01,3,forward_3m_return,target_top_k_next_3m,0.05353084064269235,0.03147211170456575,0.022058728938126597,0.3333333333333333,1.3333333333333333,3.0,overlapping_horizon_score_to_return,3-month overlapping forward-return diagnostic; not a monthly executable backtest
top_k_next_3m | ObjectiveSpecific[top_k_next_3m][XGBoost light] Calibration Base,top_k_next_3m,ObjectiveSpecific[top_k_next_3m][XGBoost light] Calibration Base,2024-02,3,forward_3m_return,target_top_k_next_3m,0.0887502428217218,0.042281930791664014,0.04646831203005778,1.0,1.3333333333333333,3.0,overlapping_horizon_score_to_return,3-month overlapping forward-return diagnostic; not a monthly executable backtest
top_k_next_3m | ObjectiveSpecific[top_k_next_3m][XGBoost light] Calibration Base,top_k_next_3m,ObjectiveSpecific[top_k_next_3m][XGBoost light] Calibration Base,2024-03,3,forward_3m_return,target_top_k_next_3m,0.027544974146360552,0.011330766289411386,0.016214207856949166,0.3333333333333333,0.6666666666666666,3.0,overlapping_horizon_score_to_return,3-month overlapping forward-return diagnostic; not a monthly executable backtest
top_k_next_3m | ObjectiveSpecific[top_k_next_3m][XGBoost light] Calibration Base,top_k_next_3m,ObjectiveSpecific[top_k_next_3m][XGBoost light] Calibration Base,2024-04,3,forward_3m_return,target_top_k_next_3m,0.06895523179263392,0.07675726677463005,-0.007802034981996123,0.0,0.6666666666666666,3.0,overlapping_horizon_score_to_return,3-month overlapping forward-return diagnostic; not a monthly executable backtest
top_k_next_3m | ObjectiveSpecific[top_k_next_3m][XGBoost light] Calibration Base,top_k_next_3m,ObjectiveSpecific[top_k_next_3m][XGBoost light] Calibration Base,2024-05,3,forward_3m_return,target_top_k_next_3m,0.0616478454877322,0.04970151700166662,0.011946328486065583,0.6666666666666666,0.0,3.0,overlapping_horizon_score_to_return,3-month overlapping forward-return diagnostic; not a monthly executable backtest
top_k_next_3m | ObjectiveSpecific[top_k_next_3m][XGBoost light] Calibration Base,top_k_next_3m,ObjectiveSpecific[top_k_next_3m][XGBoost light] Calibration Base,2024-06,3,forward_3m_return,target_top_k_next_3m,0.1045560351440154,0.06580143287026231,0.03875460227375309,0.6666666666666666,0.0,3.0,overlapping_horizon_score_to_return,3-month overlapping forward-return diagnostic; not a monthly executable backtest
top_k_next_3m | ObjectiveSpecific[top_k_next_3m][XGBoost light] Calibration Base,top_k_next_3m,ObjectiveSpecific[top_k_next_3m][XGBoost light] Calibration Base,2024-07,3,forward_3m_return,target_top_k_next_3m,0.04721481453130001,0.02347464954269781,0.0237401649886022,0.6666666666666666,0.6666666666666666,3.0,overlapping_horizon_score_to_return,3-month overlapping forward-return diagnostic; not a monthly executable backtest
top_k_next_3m | ObjectiveSpecific[top_k_next_3m][XGBoost light] Calibration Base,top_k_next_3m,ObjectiveSpecific[top_k_next_3m][XGBoost light] Calibration Base,2024-08,3,forward_3m_return,target_top_k_next_3m,0.0330622525998554,0.04565516958554672,-0.012592916985691316,0.0,0.6666666666666666,3.0,overlapping_horizon_score_to_return,3-month overlapping forward-return diagnostic; not a monthly executable backtest
top_k_next_3m | ObjectiveSpecific[top_k_next_3m][XGBoost light] Calibration Base,top_k_next_3m,ObjectiveSpecific[top_k_next_3m][XGBoost light] Calibration Base,2024-09,3,forward_3m_return,target_top_k_next_3m,-0.060728036472601346,-0.01289136657095975,-0.04783666990164159,0.0,0.6666666666666666,3.0,overlapping_horizon_score_to_return,3-month overlapping forward-return diagnostic; not a monthly executable backtest
top_k_next_3m | ObjectiveSpecific[top_k_next_3m][XGBoost light] Calibration Base,top_k_next_3m,ObjectiveSpecific[top_k_next_3m][XGBoost light] Calibration Base,2024-10,3,forward_3m_return,target_top_k_next_3m,-0.005521841450002599,0.012193345814492284,-0.017715187264494885,0.0,0.6666666666666666,3.0,overlapping_horizon_score_to_return,3-month overlapping forward-return diagnostic; not a monthly executable backtest
top_k_next_3m | ObjectiveSpecific[top_k_next_3m][XGBoost light] Calibration Base,top_k_next_3m,ObjectiveSpecific[top_k_next_3m][XGBoost light] Calibration Base,2024-11,3,forward_3m_return,target_top_k_next_3m,0.05364807691920455,0.0043589001304387585,0.04928917678876579,0.6666666666666666,0.6666666666666666,3.0,overlapping_horizon_score_to_return,3-month overlapping forward-return diagnostic; not a monthly executable backtest
top_k_next_3m | ObjectiveSpecific[top_k_next_3m][XGBoost light] Calibration Base,top_k_next_3m,ObjectiveSpecific[top_k_next_3m][XGBoost light] Calibration Base,2024-12,3,forward_3m_return,target_top_k_next_3m,0.10143514350878509,0.026168099192316142,0.07526704431646894,0.6666666666666666,0.6666666666666666,3.0,overlapping_horizon_score_to_return,3-month overlapping forward-return diagnostic; not a monthly executable backtest
top_k_next_3m | ObjectiveSpecific[top_k_next_3m][XGBoost light] Calibration Base,top_k_next_3m,ObjectiveSpecific[top_k_next_3m][XGBoost light] Calibration Base,2025-01,3,forward_3m_return,target_top_k_next_3m,0.09372862735016807,-0.000419691007017553,0.09414831835718562,1.0,0.0,3.0,overlapping_horizon_score_to_return,3-month overlapping forward-return diagnostic; not a monthly executable backtest
top_k_next_3m | ObjectiveSpecific[top_k_next_3m][XGBoost light] Calibration Base,top_k_next_3m,ObjectiveSpecific[top_k_next_3m][XGBoost light] Calibration Base,2025-02,3,forward_3m_return,target_top_k_next_3m,-0.02966681496172685,0.007707493151291189,-0.03737430811301804,0.3333333333333333,1.3333333333333333,3.0,overlapping_horizon_score_to_return,3-month overlapping forward-return diagnostic; not a monthly executable backtest
top_k_next_3m | ObjectiveSpecific[top_k_next_3m][XGBoost light] Calibration Base,top_k_next_3m,ObjectiveSpecific[top_k_next_3m][XGBoost light] Calibration Base,2025-03,3,forward_3m_return,target_top_k_next_3m,0.06783561787730766,0.06246846106141658,0.005367156815891075,0.3333333333333333,0.6666666666666666,3.0,overlapping_horizon_score_to_return,3-month overlapping forward-return diagnostic; not a monthly executable backtest
top_k_next_3m | ObjectiveSpecific[top_k_next_3m][XGBoost light] Calibration Base,top_k_next_3m,ObjectiveSpecific[top_k_next_3m][XGBoost light] Calibration Base,2025-04,3,forward_3m_return,target_top_k_next_3m,0.08711289165511485,0.07422575365591817,0.012887137999196677,0.6666666666666666,0.6666666666666666,3.0,overlapping_horizon_score_to_return,3-month overlapping forward-return diagnostic; not a monthly executable backtest
top_k_next_3m | ObjectiveSpecific[top_k_next_3m][XGBoost light] Calibration Base,top_k_next_3m,ObjectiveSpecific[top_k_next_3m][XGBoost light] Calibration Base,2025-05,3,forward_3m_return,target_top_k_next_3m,0.045017063873669994,0.0666696350225742,-0.021652571148904204,0.3333333333333333,1.3333333333333333,3.0,overlapping_horizon_score_to_return,3-month overlapping forward-return diagnostic; not a monthly executable backtest
top_k_next_3m | ObjectiveSpecific[top_k_next_3m][XGBoost light] Calibration Base,top_k_next_3m,ObjectiveSpecific[top_k_next_3m][XGBoost light] Calibration Base,2025-06,3,forward_3m_return,target_top_k_next_3m,0.061874101112794046,0.07399196314421512,-0.012117862031421074,0.3333333333333333,0.6666666666666666,3.0,overlapping_horizon_score_to_return,3-month overlapping forward-return diagnostic; not a monthly executable backtest
top_k_next_3m | ObjectiveSpecific[top_k_next_3m][XGBoost light] Calibration Base,top_k_next_3m,ObjectiveSpecific[top_k_next_3m][XGBoost light] Calibration Base,2025-07,3,forward_3m_return,target_top_k_next_3m,0.08321003100895615,0.09011438374522047,-0.00690435273626433,0.3333333333333333,1.3333333333333333,3.0,overlapping_horizon_score_to_return,3-month overlapping forward-return diagnostic; not a monthly executable backtest
top_k_next_3m | ObjectiveSpecific[top_k_next_3m][XGBoost light] Calibration Base,top_k_next_3m,ObjectiveSpecific[top_k_next_3m][XGBoost light] Calibration Base,2025-08,3,forward_3m_return,target_top_k_next_3m,0.10893743615192479,0.0667353713766303,0.04220206477529449,0.6666666666666666,1.3333333333333333,3.0,overlapping_horizon_score_to_return,3-month overlapping forward-return diagnostic; not a monthly executable backtest
top_k_next_3m | ObjectiveSpecific[top_k_next_3m][XGBoost light] Calibration Base,top_k_next_3m,ObjectiveSpecific[top_k_next_3m][XGBoost light] Calibration Base,2025-09,3,forward_3m_return,target_top_k_next_3m,0.03294169531279485,0.03827326747102876,-0.005331572158233905,0.3333333333333333,0.6666666666666666,3.0,overlapping_horizon_score_to_return,3-month overlapping forward-return diagnostic; not a monthly executable backtest
top_k_next_3m | ObjectiveSpecific[top_k_next_3m][XGBoost light] Calibration Base,top_k_next_3m,ObjectiveSpecific[top_k_next_3m][XGBoost light] Calibration Base,2025-10,3,forward_3m_return,target_top_k_next_3m,0.024636833521842722,0.05221985249733507,-0.02758301897549235,0.0,0.6666666666666666,3.0,overlapping_horizon_score_to_return,3-month overlapping forward-return diagnostic; not a monthly executable backtest
top_k_next_3m | ObjectiveSpecific[top_k_next_3m][XGBoost light] Calibration Base,top_k_next_3m,ObjectiveSpecific[top_k_next_3m][XGBoost light] Calibration Base,2025-11,3,forward_3m_return,target_top_k_next_3m,0.06595998234329892,0.08120968448414774,-0.015249702140848823,0.3333333333333333,0.6666666666666666,3.0,overlapping_horizon_score_to_return,3-month overlapping forward-return diagnostic; not a monthly executable backtest
top_k_next_3m | ObjectiveSpecific[top_k_next_3m][XGBoost light] Calibration Base,top_k_next_3m,ObjectiveSpecific[top_k_next_3m][XGBoost light] Calibration Base,2025-12,3,forward_3m_return,target_top_k_next_3m,0.09356472875791169,0.028044841689618405,0.06551988706829329,0.6666666666666666,0.6666666666666666,3.0,overlapping_horizon_score_to_return,3-month overlapping forward-return diagnostic; not a monthly executable backtest
top_k_next_3m | ObjectiveSpecific[top_k_next_3m][XGBoost light] Calibration Base,top_k_next_3m,ObjectiveSpecific[top_k_next_3m][XGBoost light] Calibration Base,2026-01,3,forward_3m_return,target_top_k_next_3m,0.02286004667966801,0.04509778793046517,-0.02223774125079716,0.3333333333333333,0.6666666666666666,3.0,overlapping_horizon_score_to_return,3-month overlapping forward-return diagnostic; not a monthly executable backtest
top_k_next_3m | ObjectiveSpecific[top_k_next_3m][XGBoost light] Calibrated,top_k_next_3m,ObjectiveSpecific[top_k_next_3m][XGBoost light] Calibrated,2020-01,3,forward_3m_return,target_top_k_next_3m,-0.07107067520750146,-0.0921117135528258,0.021041038345324337,0.3333333333333333,1.0,3.0,overlapping_horizon_score_to_return,3-month overlapping forward-return diagnostic; not a monthly executable backtest
top_k_next_3m | ObjectiveSpecific[top_k_next_3m][XGBoost light] Calibrated,top_k_next_3m,ObjectiveSpecific[top_k_next_3m][XGBoost light] Calibrated,2020-02,3,forward_3m_return,target_top_k_next_3m,0.03670145742997192,-0.009592706702394227,0.046294164132366145,0.3333333333333333,0.6666666666666666,3.0,overlapping_horizon_score_to_return,3-month overlapping forward-return diagnostic; not a monthly executable backtest
top_k_next_3m | ObjectiveSpecific[top_k_next_3m][XGBoost light] Calibrated,top_k_next_3m,ObjectiveSpecific[top_k_next_3m][XGBoost light] Calibrated,2020-03,3,forward_3m_return,target_top_k_next_3m,0.16266422341066558,0.19862209789741386,-0.03595787448674828,0.3333333333333333,1.3333333333333333,3.0,overlapping_horizon_score_to_return,3-month overlapping forward-return diagnostic; not a monthly executable backtest
top_k_next_3m | ObjectiveSpecific[top_k_next_3m][XGBoost light] Calibrated,top_k_next_3m,ObjectiveSpecific[top_k_next_3m][XGBoost light] Calibrated,2020-04,3,forward_3m_return,target_top_k_next_3m,0.10868594044141155,0.1206414990186265,-0.011955558577214948,0.3333333333333333,0.6666666666666666,3.0,overlapping_horizon_score_to_return,3-month overlapping forward-return diagnostic; not a monthly executable backtest
top_k_next_3m | ObjectiveSpecific[top_k_next_3m][XGBoost light] Calibrated,top_k_next_3m,ObjectiveSpecific[top_k_next_3m][XGBoost light] Calibrated,2020-05,3,forward_3m_return,target_top_k_next_3m,0.08190957426741274,0.09897481214727596,-0.01706523787986322,0.0,0.0,3.0,overlapping_horizon_score_to_return,3-month overlapping forward-return diagnostic; not a monthly executable backtest
top_k_next_3m | ObjectiveSpecific[top_k_next_3m][XGBoost light] Calibrated,top_k_next_3m,ObjectiveSpecific[top_k_next_3m][XGBoost light] Calibrated,2020-06,3,forward_3m_return,target_top_k_next_3m,0.08677754301376102,0.03557389742106315,0.05120364559269787,0.3333333333333333,0.6666666666666666,3.0,overlapping_horizon_score_to_return,3-month overlapping forward-return diagnostic; not a monthly executable backtest
top_k_next_3m | ObjectiveSpecific[top_k_next_3m][XGBoost light] Calibrated,top_k_next_3m,ObjectiveSpecific[top_k_next_3m][XGBoost light] Calibrated,2020-07,3,forward_3m_return,target_top_k_next_3m,0.004795895313571237,-0.0181872482182715,0.022983143531842738,0.3333333333333333,0.6666666666666666,3.0,overlapping_horizon_score_to_return,3-month overlapping forward-return diagnostic; not a monthly executable backtest
top_k_next_3m | ObjectiveSpecific[top_k_next_3m][XGBoost light] Calibrated,top_k_next_3m,ObjectiveSpecific[top_k_next_3m][XGBoost light] Calibrated,2020-08,3,forward_3m_return,target_top_k_next_3m,0.0552115979530879,0.05589039331485637,-0.0006787953617684653,0.3333333333333333,0.6666666666666666,3.0,overlapping_horizon_score_to_return,3-month overlapping forward-return diagnostic; not a monthly executable backtest
top_k_next_3m | ObjectiveSpecific[top_k_next_3m][XGBoost light] Calibrated,top_k_next_3m,ObjectiveSpecific[top_k_next_3m][XGBoost light] Calibrated,2020-09,3,forward_3m_return,target_top_k_next_3m,0.07435653214100897,0.143534600452596,-0.06917806831158703,0.0,0.6666666666666666,3.0,overlapping_horizon_score_to_return,3-month overlapping forward-return diagnostic; not a monthly executable backtest
top_k_next_3m | ObjectiveSpecific[top_k_next_3m][XGBoost light] Calibrated,top_k_next_3m,ObjectiveSpecific[top_k_next_3m][XGBoost light] Calibrated,2020-10,3,forward_3m_return,target_top_k_next_3m,0.10523079124171911,0.15977000951694204,-0.05453921827522293,0.0,0.6666666666666666,3.0,overlapping_horizon_score_to_return,3-month overlapping forward-return diagnostic; not a monthly executable backtest
top_k_next_3m | ObjectiveSpecific[top_k_next_3m][XGBoost light] Calibrated,top_k_next_3m,ObjectiveSpecific[top_k_next_3m][XGBoost light] Calibrated,2020-11,3,forward_3m_return,target_top_k_next_3m,0.059520350250597355,0.08201464876049233,-0.022494298509894976,0.0,0.6666666666666666,3.0,overlapping_horizon_score_to_return,3-month overlapping forward-return diagnostic; not a monthly executable backtest
top_k_next_3m | ObjectiveSpecific[top_k_next_3m][XGBoost light] Calibrated,top_k_next_3m,ObjectiveSpecific[top_k_next_3m][XGBoost light] Calibrated,2020-12,3,forward_3m_return,target_top_k_next_3m,0.07317349296613636,0.043666508291328766,0.029506984674807592,0.3333333333333333,0.6666666666666666,3.0,overlapping_horizon_score_to_return,3-month overlapping forward-return diagnostic; not a monthly executable backtest
top_k_next_3m | ObjectiveSpecific[top_k_next_3m][XGBoost light] Calibrated,top_k_next_3m,ObjectiveSpecific[top_k_next_3m][XGBoost light] Calibrated,2021-01,3,forward_3m_return,target_top_k_next_3m,0.1495552585568145,0.07154291002721548,0.07801234852959903,0.6666666666666666,0.6666666666666666,3.0,overlapping_horizon_score_to_return,3-month overlapping forward-return diagnostic; not a monthly executable backtest
top_k_next_3m | ObjectiveSpecific[top_k_next_3m][XGBoost light] Calibrated,top_k_next_3m,ObjectiveSpecific[top_k_next_3m][XGBoost light] Calibrated,2021-02,3,forward_3m_return,target_top_k_next_3m,0.036690993490024804,0.061587546578811894,-0.02489655308878709,0.3333333333333333,1.3333333333333333,3.0,overlapping_horizon_score_to_return,3-month overlapping forward-return diagnostic; not a monthly executable backtest
top_k_next_3m | ObjectiveSpecific[top_k_next_3m][XGBoost light] Calibrated,top_k_next_3m,ObjectiveSpecific[top_k_next_3m][XGBoost light] Calibrated,2021-03,3,forward_3m_return,target_top_k_next_3m,0.07220085558737661,0.06190994266147254,0.010290912925904075,0.3333333333333333,0.6666666666666666,3.0,overlapping_horizon_score_to_return,3-month overlapping forward-return diagnostic; not a monthly executable backtest
top_k_next_3m | ObjectiveSpecific[top_k_next_3m][XGBoost light] Calibrated,top_k_next_3m,ObjectiveSpecific[top_k_next_3m][XGBoost light] Calibrated,2021-04,3,forward_3m_return,target_top_k_next_3m,0.038296401204481446,0.025220325420044896,0.01307607578443655,0.6666666666666666,0.0,3.0,overlapping_horizon_score_to_return,3-month overlapping forward-return diagnostic; not a monthly executable backtest
top_k_next_3m | ObjectiveSpecific[top_k_next_3m][XGBoost light] Calibrated,top_k_next_3m,ObjectiveSpecific[top_k_next_3m][XGBoost light] Calibrated,2021-05,3,forward_3m_return,target_top_k_next_3m,0.07031198976951276,0.015466369129023627,0.05484562064048914,0.6666666666666666,0.0,3.0,overlapping_horizon_score_to_return,3-month overlapping forward-return diagnostic; not a monthly executable backtest
top_k_next_3m | ObjectiveSpecific[top_k_next_3m][XGBoost light] Calibrated,top_k_next_3m,ObjectiveSpecific[top_k_next_3m][XGBoost light] Calibrated,2021-06,3,forward_3m_return,target_top_k_next_3m,-0.007369562520721332,-0.013365553449628153,0.005995990928906821,0.3333333333333333,0.0,3.0,overlapping_horizon_score_to_return,3-month overlapping forward-return diagnostic; not a monthly executable backtest
top_k_next_3m | ObjectiveSpecific[top_k_next_3m][XGBoost light] Calibrated,top_k_next_3m,ObjectiveSpecific[top_k_next_3m][XGBoost light] Calibrated,2021-07,3,forward_3m_return,target_top_k_next_3m,0.04627082570782355,0.036205834973662455,0.010064990734161096,0.3333333333333333,0.0,3.0,overlapping_horizon_score_to_return,3-month overlapping forward-return diagnostic; not a monthly executable backtest
top_k_next_3m | ObjectiveSpecific[top_k_next_3m][XGBoost light] Calibrated,top_k_next_3m,ObjectiveSpecific[top_k_next_3m][XGBoost light] Calibrated,2021-08,3,forward_3m_return,target_top_k_next_3m,0.006577705208579587,0.01142905634327871,-0.004851351134699122,0.3333333333333333,0.6666666666666666,3.0,overlapping_horizon_score_to_return,3-month overlapping forward-return diagnostic; not a monthly executable backtest
top_k_next_3m | ObjectiveSpecific[top_k_next_3m][XGBoost light] Calibrated,top_k_next_3m,ObjectiveSpecific[top_k_next_3m][XGBoost light] Calibrated,2021-09,3,forward_3m_return,target_top_k_next_3m,0.041002841137720195,0.042564625977140856,-0.0015617848394206615,0.3333333333333333,0.6666666666666666,3.0,overlapping_horizon_score_to_return,3-month overlapping forward-return diagnostic; not a monthly executable backtest
top_k_next_3m | ObjectiveSpecific[top_k_next_3m][XGBoost light] Calibrated,top_k_next_3m,ObjectiveSpecific[top_k_next_3m][XGBoost light] Calibrated,2021-10,3,forward_3m_return,target_top_k_next_3m,-0.04919751540215345,-0.01656254901186057,-0.032634966390292876,0.3333333333333333,0.0,3.0,overlapping_horizon_score_to_return,3-month overlapping forward-return diagnostic; not a monthly executable backtest
top_k_next_3m | ObjectiveSpecific[top_k_next_3m][XGBoost light] Calibrated,top_k_next_3m,ObjectiveSpecific[top_k_next_3m][XGBoost light] Calibrated,2021-11,3,forward_3m_return,target_top_k_next_3m,-0.04624439999824688,-0.009654621484755477,-0.036589778513491406,0.0,0.6666666666666666,3.0,overlapping_horizon_score_to_return,3-month overlapping forward-return diagnostic; not a monthly executable backtest
top_k_next_3m | ObjectiveSpecific[top_k_next_3m][XGBoost light] Calibrated,top_k_next_3m,ObjectiveSpecific[top_k_next_3m][XGBoost light] Calibrated,2021-12,3,forward_3m_return,target_top_k_next_3m,-0.07051727159142636,-0.007974201926096847,-0.0625430696653295,0.0,1.3333333333333333,3.0,overlapping_horizon_score_to_return,3-month overlapping forward-return diagnostic; not a monthly executable backtest
top_k_next_3m | ObjectiveSpecific[top_k_next_3m][XGBoost light] Calibrated,top_k_next_3m,ObjectiveSpecific[top_k_next_3m][XGBoost light] Calibrated,2022-01,3,forward_3m_return,target_top_k_next_3m,-0.004483915036341601,-0.0732497189346082,0.0687658038982666,0.6666666666666666,0.6666666666666666,3.0,overlapping_horizon_score_to_return,3-month overlapping forward-return diagnostic; not a monthly executable backtest
top_k_next_3m | ObjectiveSpecific[top_k_next_3m][XGBoost light] Calibrated,top_k_next_3m,ObjectiveSpecific[top_k_next_3m][XGBoost light] Calibrated,2022-02,3,forward_3m_return,target_top_k_next_3m,0.04335962181025113,-0.043097456884075146,0.08645707869432628,0.3333333333333333,0.0,3.0,overlapping_horizon_score_to_return,3-month overlapping forward-return diagnostic; not a monthly executable backtest
top_k_next_3m | ObjectiveSpecific[top_k_next_3m][XGBoost light] Calibrated,top_k_next_3m,ObjectiveSpecific[top_k_next_3m][XGBoost light] Calibrated,2022-03,3,forward_3m_return,target_top_k_next_3m,-0.14554170092928545,-0.12764142043198384,-0.017900280497301607,0.3333333333333333,0.6666666666666666,3.0,overlapping_horizon_score_to_return,3-month overlapping forward-return diagnostic; not a monthly executable backtest
top_k_next_3m | ObjectiveSpecific[top_k_next_3m][XGBoost light] Calibrated,top_k_next_3m,ObjectiveSpecific[top_k_next_3m][XGBoost light] Calibrated,2022-04,3,forward_3m_return,target_top_k_next_3m,0.010984296242085818,-0.0058644617642282125,0.01684875800631403,0.3333333333333333,1.3333333333333333,3.0,overlapping_horizon_score_to_return,3-month overlapping forward-return diagnostic; not a monthly executable backtest
top_k_next_3m | ObjectiveSpecific[top_k_next_3m][XGBoost light] Calibrated,top_k_next_3m,ObjectiveSpecific[top_k_next_3m][XGBoost light] Calibrated,2022-05,3,forward_3m_return,target_top_k_next_3m,-0.0838994504738162,-0.063292849482713,-0.02060660099110319,0.3333333333333333,0.6666666666666666,3.0,overlapping_horizon_score_to_return,3-month overlapping forward-return diagnostic; not a monthly executable backtest
top_k_next_3m | ObjectiveSpecific[top_k_next_3m][XGBoost light] Calibrated,top_k_next_3m,ObjectiveSpecific[top_k_next_3m][XGBoost light] Calibrated,2022-06,3,forward_3m_return,target_top_k_next_3m,-0.041711186705519356,-0.04724242770935645,0.0055312410038370965,0.3333333333333333,1.3333333333333333,3.0,overlapping_horizon_score_to_return,3-month overlapping forward-return diagnostic; not a monthly executable backtest
top_k_next_3m | ObjectiveSpecific[top_k_next_3m][XGBoost light] Calibrated,top_k_next_3m,ObjectiveSpecific[top_k_next_3m][XGBoost light] Calibrated,2022-07,3,forward_3m_return,target_top_k_next_3m,0.05326806029713094,-0.04324771276497806,0.096515773062109,0.6666666666666666,0.6666666666666666,3.0,overlapping_horizon_score_to_return,3-month overlapping forward-return diagnostic; not a monthly executable backtest
top_k_next_3m | ObjectiveSpecific[top_k_next_3m][XGBoost light] Calibrated,top_k_next_3m,ObjectiveSpecific[top_k_next_3m][XGBoost light] Calibrated,2022-08,3,forward_3m_return,target_top_k_next_3m,0.11031705412290956,0.04779636350728574,0.06252069061562382,0.6666666666666666,0.6666666666666666,3.0,overlapping_horizon_score_to_return,3-month overlapping forward-return diagnostic; not a monthly executable backtest
top_k_next_3m | ObjectiveSpecific[top_k_next_3m][XGBoost light] Calibrated,top_k_next_3m,ObjectiveSpecific[top_k_next_3m][XGBoost light] Calibrated,2022-09,3,forward_3m_return,target_top_k_next_3m,0.10156454403753537,0.0823014549869842,0.01926308905055117,0.3333333333333333,0.6666666666666666,3.0,overlapping_horizon_score_to_return,3-month overlapping forward-return diagnostic; not a monthly executable backtest
top_k_next_3m | ObjectiveSpecific[top_k_next_3m][XGBoost light] Calibrated,top_k_next_3m,ObjectiveSpecific[top_k_next_3m][XGBoost light] Calibrated,2022-10,3,forward_3m_return,target_top_k_next_3m,0.02283273074095804,0.08999063162591828,-0.06715790088496024,0.0,0.6666666666666666,3.0,overlapping_horizon_score_to_return,3-month overlapping forward-return diagnostic; not a monthly executable backtest
top_k_next_3m | ObjectiveSpecific[top_k_next_3m][XGBoost light] Calibrated,top_k_next_3m,ObjectiveSpecific[top_k_next_3m][XGBoost light] Calibrated,2022-11,3,forward_3m_return,target_top_k_next_3m,-0.004525842662232994,-0.009622359703316218,0.0050965170410832246,0.3333333333333333,1.3333333333333333,3.0,overlapping_horizon_score_to_return,3-month overlapping forward-return diagnostic; not a monthly executable backtest
top_k_next_3m | ObjectiveSpecific[top_k_next_3m][XGBoost light] Calibrated,top_k_next_3m,ObjectiveSpecific[top_k_next_3m][XGBoost light] Calibrated,2022-12,3,forward_3m_return,target_top_k_next_3m,0.0557871326724421,0.04678307051036268,0.00900406216207942,0.3333333333333333,0.6666666666666666,3.0,overlapping_horizon_score_to_return,3-month overlapping forward-return diagnostic; not a monthly executable backtest
top_k_next_3m | ObjectiveSpecific[top_k_next_3m][XGBoost light] Calibrated,top_k_next_3m,ObjectiveSpecific[top_k_next_3m][XGBoost light] Calibrated,2023-01,3,forward_3m_return,target_top_k_next_3m,-0.0070986440551684335,-0.008814181009664713,0.001715536954496279,0.3333333333333333,0.0,3.0,overlapping_horizon_score_to_return,3-month overlapping forward-return diagnostic; not a monthly executable backtest
top_k_next_3m | ObjectiveSpecific[top_k_next_3m][XGBoost light] Calibrated,top_k_next_3m,ObjectiveSpecific[top_k_next_3m][XGBoost light] Calibrated,2023-02,3,forward_3m_return,target_top_k_next_3m,-0.006498783383369323,0.013797491073661117,-0.02029627445703044,0.3333333333333333,0.6666666666666666,3.0,overlapping_horizon_score_to_return,3-month overlapping forward-return diagnostic; not a monthly executable backtest
top_k_next_3m | ObjectiveSpecific[top_k_next_3m][XGBoost light] Calibrated,top_k_next_3m,ObjectiveSpecific[top_k_next_3m][XGBoost light] Calibrated,2023-03,3,forward_3m_return,target_top_k_next_3m,0.09309641204389596,0.028651903905981057,0.0644445081379149,0.6666666666666666,0.6666666666666666,3.0,overlapping_horizon_score_to_return,3-month overlapping forward-return diagnostic; not a monthly executable backtest
top_k_next_3m | ObjectiveSpecific[top_k_next_3m][XGBoost light] Calibrated,top_k_next_3m,ObjectiveSpecific[top_k_next_3m][XGBoost light] Calibrated,2023-04,3,forward_3m_return,target_top_k_next_3m,0.03791203725802446,0.05122851959188569,-0.013316482333861235,0.3333333333333333,1.3333333333333333,3.0,overlapping_horizon_score_to_return,3-month overlapping forward-return diagnostic; not a monthly executable backtest
top_k_next_3m | ObjectiveSpecific[top_k_next_3m][XGBoost light] Calibrated,top_k_next_3m,ObjectiveSpecific[top_k_next_3m][XGBoost light] Calibrated,2023-05,3,forward_3m_return,target_top_k_next_3m,0.09040396790610594,0.05247402292208052,0.037929944984025424,0.3333333333333333,0.6666666666666666,3.0,overlapping_horizon_score_to_return,3-month overlapping forward-return diagnostic; not a monthly executable backtest
top_k_next_3m | ObjectiveSpecific[top_k_next_3m][XGBoost light] Calibrated,top_k_next_3m,ObjectiveSpecific[top_k_next_3m][XGBoost light] Calibrated,2023-06,3,forward_3m_return,target_top_k_next_3m,-0.03741275718157984,-0.035551004962809794,-0.001861752218770045,0.3333333333333333,0.6666666666666666,3.0,overlapping_horizon_score_to_return,3-month overlapping forward-return diagnostic; not a monthly executable backtest
top_k_next_3m | ObjectiveSpecific[top_k_next_3m][XGBoost light] Calibrated,top_k_next_3m,ObjectiveSpecific[top_k_next_3m][XGBoost light] Calibrated,2023-07,3,forward_3m_return,target_top_k_next_3m,-0.10659104291548951,-0.07877894687060062,-0.027812096044888893,0.0,0.6666666666666666,3.0,overlapping_horizon_score_to_return,3-month overlapping forward-return diagnostic; not a monthly executable backtest
top_k_next_3m | ObjectiveSpecific[top_k_next_3m][XGBoost light] Calibrated,top_k_next_3m,ObjectiveSpecific[top_k_next_3m][XGBoost light] Calibrated,2023-08,3,forward_3m_return,target_top_k_next_3m,-0.011796420927261705,-0.0043027903261592115,-0.0074936306011024936,0.0,1.3333333333333333,3.0,overlapping_horizon_score_to_return,3-month overlapping forward-return diagnostic; not a monthly executable backtest
top_k_next_3m | ObjectiveSpecific[top_k_next_3m][XGBoost light] Calibrated,top_k_next_3m,ObjectiveSpecific[top_k_next_3m][XGBoost light] Calibrated,2023-09,3,forward_3m_return,target_top_k_next_3m,0.10175571343122065,0.09575029571017588,0.0060054177210447784,0.0,0.0,3.0,overlapping_horizon_score_to_return,3-month overlapping forward-return diagnostic; not a monthly executable backtest
top_k_next_3m | ObjectiveSpecific[top_k_next_3m][XGBoost light] Calibrated,top_k_next_3m,ObjectiveSpecific[top_k_next_3m][XGBoost light] Calibrated,2023-10,3,forward_3m_return,target_top_k_next_3m,0.17232859828210506,0.1224034225504301,0.04992517573167496,0.3333333333333333,0.6666666666666666,3.0,overlapping_horizon_score_to_return,3-month overlapping forward-return diagnostic; not a monthly executable backtest
top_k_next_3m | ObjectiveSpecific[top_k_next_3m][XGBoost light] Calibrated,top_k_next_3m,ObjectiveSpecific[top_k_next_3m][XGBoost light] Calibrated,2023-11,3,forward_3m_return,target_top_k_next_3m,0.09999124595338152,0.07582689724165208,0.02416434871172944,0.3333333333333333,0.0,3.0,overlapping_horizon_score_to_return,3-month overlapping forward-return diagnostic; not a monthly executable backtest
top_k_next_3m | ObjectiveSpecific[top_k_next_3m][XGBoost light] Calibrated,top_k_next_3m,ObjectiveSpecific[top_k_next_3m][XGBoost light] Calibrated,2023-12,3,forward_3m_return,target_top_k_next_3m,0.03883113497038981,0.06714657864740536,-0.02831544367701555,0.0,0.6666666666666666,3.0,overlapping_horizon_score_to_return,3-month overlapping forward-return diagnostic; not a monthly executable backtest
top_k_next_3m | ObjectiveSpecific[top_k_next_3m][XGBoost light] Calibrated,top_k_next_3m,ObjectiveSpecific[top_k_next_3m][XGBoost light] Calibrated,2024-01,3,forward_3m_return,target_top_k_next_3m,-0.010643083278678765,0.03147211170456575,-0.042115194983244515,0.0,0.6666666666666666,3.0,overlapping_horizon_score_to_return,3-month overlapping forward-return diagnostic; not a monthly executable backtest
top_k_next_3m | ObjectiveSpecific[top_k_next_3m][XGBoost light] Calibrated,top_k_next_3m,ObjectiveSpecific[top_k_next_3m][XGBoost light] Calibrated,2024-02,3,forward_3m_return,target_top_k_next_3m,0.01910247367063115,0.042281930791664014,-0.023179457121032865,0.0,0.0,3.0,overlapping_horizon_score_to_return,3-month overlapping forward-return diagnostic; not a monthly executable backtest
top_k_next_3m | ObjectiveSpecific[top_k_next_3m][XGBoost light] Calibrated,top_k_next_3m,ObjectiveSpecific[top_k_next_3m][XGBoost light] Calibrated,2024-03,3,forward_3m_return,target_top_k_next_3m,0.04073190076203692,0.011330766289411386,0.029401134472625535,0.6666666666666666,0.6666666666666666,3.0,overlapping_horizon_score_to_return,3-month overlapping forward-return diagnostic; not a monthly executable backtest
top_k_next_3m | ObjectiveSpecific[top_k_next_3m][XGBoost light] Calibrated,top_k_next_3m,ObjectiveSpecific[top_k_next_3m][XGBoost light] Calibrated,2024-04,3,forward_3m_return,target_top_k_next_3m,0.08322858736337127,0.07675726677463005,0.006471320588741225,0.3333333333333333,0.6666666666666666,3.0,overlapping_horizon_score_to_return,3-month overlapping forward-return diagnostic; not a monthly executable backtest
top_k_next_3m | ObjectiveSpecific[top_k_next_3m][XGBoost light] Calibrated,top_k_next_3m,ObjectiveSpecific[top_k_next_3m][XGBoost light] Calibrated,2024-05,3,forward_3m_return,target_top_k_next_3m,0.03236109698069212,0.04970151700166662,-0.017340420020974502,0.0,0.6666666666666666,3.0,overlapping_horizon_score_to_return,3-month overlapping forward-return diagnostic; not a monthly executable backtest
top_k_next_3m | ObjectiveSpecific[top_k_next_3m][XGBoost light] Calibrated,top_k_next_3m,ObjectiveSpecific[top_k_next_3m][XGBoost light] Calibrated,2024-06,3,forward_3m_return,target_top_k_next_3m,0.07480965241285267,0.06580143287026231,0.00900821954259036,0.3333333333333333,0.6666666666666666,3.0,overlapping_horizon_score_to_return,3-month overlapping forward-return diagnostic; not a monthly executable backtest
top_k_next_3m | ObjectiveSpecific[top_k_next_3m][XGBoost light] Calibrated,top_k_next_3m,ObjectiveSpecific[top_k_next_3m][XGBoost light] Calibrated,2024-07,3,forward_3m_return,target_top_k_next_3m,0.01731328404988941,0.02347464954269781,-0.0061613654928084,0.0,1.3333333333333333,3.0,overlapping_horizon_score_to_return,3-month overlapping forward-return diagnostic; not a monthly executable backtest
top_k_next_3m | ObjectiveSpecific[top_k_next_3m][XGBoost light] Calibrated,top_k_next_3m,ObjectiveSpecific[top_k_next_3m][XGBoost light] Calibrated,2024-08,3,forward_3m_return,target_top_k_next_3m,0.0916231465629873,0.04565516958554672,0.04596797697744058,0.6666666666666666,0.0,3.0,overlapping_horizon_score_to_return,3-month overlapping forward-return diagnostic; not a monthly executable backtest
top_k_next_3m | ObjectiveSpecific[top_k_next_3m][XGBoost light] Calibrated,top_k_next_3m,ObjectiveSpecific[top_k_next_3m][XGBoost light] Calibrated,2024-09,3,forward_3m_return,target_top_k_next_3m,-0.011976595147908203,-0.01289136657095975,0.0009147714230515469,0.3333333333333333,0.6666666666666666,3.0,overlapping_horizon_score_to_return,3-month overlapping forward-return diagnostic; not a monthly executable backtest
top_k_next_3m | ObjectiveSpecific[top_k_next_3m][XGBoost light] Calibrated,top_k_next_3m,ObjectiveSpecific[top_k_next_3m][XGBoost light] Calibrated,2024-10,3,forward_3m_return,target_top_k_next_3m,0.06439120037089419,0.012193345814492284,0.0521978545564019,1.0,1.3333333333333333,3.0,overlapping_horizon_score_to_return,3-month overlapping forward-return diagnostic; not a monthly executable backtest
top_k_next_3m | ObjectiveSpecific[top_k_next_3m][XGBoost light] Calibrated,top_k_next_3m,ObjectiveSpecific[top_k_next_3m][XGBoost light] Calibrated,2024-11,3,forward_3m_return,target_top_k_next_3m,0.0055070661775398575,0.0043589001304387585,0.001148166047101099,0.3333333333333333,0.0,3.0,overlapping_horizon_score_to_return,3-month overlapping forward-return diagnostic; not a monthly executable backtest
top_k_next_3m | ObjectiveSpecific[top_k_next_3m][XGBoost light] Calibrated,top_k_next_3m,ObjectiveSpecific[top_k_next_3m][XGBoost light] Calibrated,2024-12,3,forward_3m_return,target_top_k_next_3m,-0.08225418711975577,0.026168099192316142,-0.1084222863120719,0.0,0.6666666666666666,3.0,overlapping_horizon_score_to_return,3-month overlapping forward-return diagnostic; not a monthly executable backtest
top_k_next_3m | ObjectiveSpecific[top_k_next_3m][XGBoost light] Calibrated,top_k_next_3m,ObjectiveSpecific[top_k_next_3m][XGBoost light] Calibrated,2025-01,3,forward_3m_return,target_top_k_next_3m,-0.04935839635461903,-0.000419691007017553,-0.048938705347601474,0.0,0.6666666666666666,3.0,overlapping_horizon_score_to_return,3-month overlapping forward-return diagnostic; not a monthly executable backtest
top_k_next_3m | ObjectiveSpecific[top_k_next_3m][XGBoost light] Calibrated,top_k_next_3m,ObjectiveSpecific[top_k_next_3m][XGBoost light] Calibrated,2025-02,3,forward_3m_return,target_top_k_next_3m,-0.012738661497210627,0.007707493151291189,-0.020446154648501816,0.0,0.6666666666666666,3.0,overlapping_horizon_score_to_return,3-month overlapping forward-return diagnostic; not a monthly executable backtest
top_k_next_3m | ObjectiveSpecific[top_k_next_3m][XGBoost light] Calibrated,top_k_next_3m,ObjectiveSpecific[top_k_next_3m][XGBoost light] Calibrated,2025-03,3,forward_3m_return,target_top_k_next_3m,0.07824648061718031,0.06246846106141658,0.01577801955576373,0.3333333333333333,0.6666666666666666,3.0,overlapping_horizon_score_to_return,3-month overlapping forward-return diagnostic; not a monthly executable backtest
top_k_next_3m | ObjectiveSpecific[top_k_next_3m][XGBoost light] Calibrated,top_k_next_3m,ObjectiveSpecific[top_k_next_3m][XGBoost light] Calibrated,2025-04,3,forward_3m_return,target_top_k_next_3m,0.09122102849343744,0.07422575365591817,0.016995274837519267,0.3333333333333333,1.3333333333333333,3.0,overlapping_horizon_score_to_return,3-month overlapping forward-return diagnostic; not a monthly executable backtest
top_k_next_3m | ObjectiveSpecific[top_k_next_3m][XGBoost light] Calibrated,top_k_next_3m,ObjectiveSpecific[top_k_next_3m][XGBoost light] Calibrated,2025-05,3,forward_3m_return,target_top_k_next_3m,0.06816422453721219,0.0666696350225742,0.0014945895146379895,0.0,0.6666666666666666,3.0,overlapping_horizon_score_to_return,3-month overlapping forward-return diagnostic; not a monthly executable backtest
top_k_next_3m | ObjectiveSpecific[top_k_next_3m][XGBoost light] Calibrated,top_k_next_3m,ObjectiveSpecific[top_k_next_3m][XGBoost light] Calibrated,2025-06,3,forward_3m_return,target_top_k_next_3m,0.0733381240547409,0.07399196314421512,-0.000653839089474223,0.0,0.0,3.0,overlapping_horizon_score_to_return,3-month overlapping forward-return diagnostic; not a monthly executable backtest
top_k_next_3m | ObjectiveSpecific[top_k_next_3m][XGBoost light] Calibrated,top_k_next_3m,ObjectiveSpecific[top_k_next_3m][XGBoost light] Calibrated,2025-07,3,forward_3m_return,target_top_k_next_3m,0.12579757425962806,0.09011438374522047,0.03568319051440759,0.3333333333333333,0.6666666666666666,3.0,overlapping_horizon_score_to_return,3-month overlapping forward-return diagnostic; not a monthly executable backtest
top_k_next_3m | ObjectiveSpecific[top_k_next_3m][XGBoost light] Calibrated,top_k_next_3m,ObjectiveSpecific[top_k_next_3m][XGBoost light] Calibrated,2025-08,3,forward_3m_return,target_top_k_next_3m,0.0745898169480977,0.0667353713766303,0.007854445571467403,0.3333333333333333,0.0,3.0,overlapping_horizon_score_to_return,3-month overlapping forward-return diagnostic; not a monthly executable backtest
top_k_next_3m | ObjectiveSpecific[top_k_next_3m][XGBoost light] Calibrated,top_k_next_3m,ObjectiveSpecific[top_k_next_3m][XGBoost light] Calibrated,2025-09,3,forward_3m_return,target_top_k_next_3m,0.03650370692283629,0.03827326747102876,-0.001769560548192467,0.0,0.0,3.0,overlapping_horizon_score_to_return,3-month overlapping forward-return diagnostic; not a monthly executable backtest
top_k_next_3m | ObjectiveSpecific[top_k_next_3m][XGBoost light] Calibrated,top_k_next_3m,ObjectiveSpecific[top_k_next_3m][XGBoost light] Calibrated,2025-10,3,forward_3m_return,target_top_k_next_3m,0.06226258113468545,0.05221985249733507,0.010042728637350375,0.3333333333333333,1.3333333333333333,3.0,overlapping_horizon_score_to_return,3-month overlapping forward-return diagnostic; not a monthly executable backtest
top_k_next_3m | ObjectiveSpecific[top_k_next_3m][XGBoost light] Calibrated,top_k_next_3m,ObjectiveSpecific[top_k_next_3m][XGBoost light] Calibrated,2025-11,3,forward_3m_return,target_top_k_next_3m,0.09109774484553612,0.08120968448414774,0.009888060361388382,0.3333333333333333,0.0,3.0,overlapping_horizon_score_to_return,3-month overlapping forward-return diagnostic; not a monthly executable backtest
top_k_next_3m | ObjectiveSpecific[top_k_next_3m][XGBoost light] Calibrated,top_k_next_3m,ObjectiveSpecific[top_k_next_3m][XGBoost light] Calibrated,2025-12,3,forward_3m_return,target_top_k_next_3m,0.012054507863623535,0.028044841689618405,-0.015990333825994872,0.3333333333333333,0.0,3.0,overlapping_horizon_score_to_return,3-month overlapping forward-return diagnostic; not a monthly executable backtest
top_k_next_3m | ObjectiveSpecific[top_k_next_3m][XGBoost light] Calibrated,top_k_next_3m,ObjectiveSpecific[top_k_next_3m][XGBoost light] Calibrated,2026-01,3,forward_3m_return,target_top_k_next_3m,0.03422435924096956,0.04509778793046517,-0.01087342868949561,0.3333333333333333,0.6666666666666666,3.0,overlapping_horizon_score_to_return,3-month overlapping forward-return diagnostic; not a monthly executable backtest
top_k_next_3m | ObjectiveSpecific[top_k_next_3m][XGBoost searched],top_k_next_3m,ObjectiveSpecific[top_k_next_3m][XGBoost searched],2020-01,3,forward_3m_return,target_top_k_next_3m,-0.17356022461439471,-0.0921117135528258,-0.08144851106156892,0.0,1.0,3.0,overlapping_horizon_score_to_return,3-month overlapping forward-return diagnostic; not a monthly executable backtest
top_k_next_3m | ObjectiveSpecific[top_k_next_3m][XGBoost searched],top_k_next_3m,ObjectiveSpecific[top_k_next_3m][XGBoost searched],2020-02,3,forward_3m_return,target_top_k_next_3m,-0.04673417884602852,-0.009592706702394227,-0.037141472143634294,0.3333333333333333,0.6666666666666666,3.0,overlapping_horizon_score_to_return,3-month overlapping forward-return diagnostic; not a monthly executable backtest
top_k_next_3m | ObjectiveSpecific[top_k_next_3m][XGBoost searched],top_k_next_3m,ObjectiveSpecific[top_k_next_3m][XGBoost searched],2020-03,3,forward_3m_return,target_top_k_next_3m,0.27948833824088914,0.19862209789741386,0.08086624034347528,0.6666666666666666,0.6666666666666666,3.0,overlapping_horizon_score_to_return,3-month overlapping forward-return diagnostic; not a monthly executable backtest
top_k_next_3m | ObjectiveSpecific[top_k_next_3m][XGBoost searched],top_k_next_3m,ObjectiveSpecific[top_k_next_3m][XGBoost searched],2020-04,3,forward_3m_return,target_top_k_next_3m,0.171068670221743,0.1206414990186265,0.05042717120311649,0.3333333333333333,1.3333333333333333,3.0,overlapping_horizon_score_to_return,3-month overlapping forward-return diagnostic; not a monthly executable backtest
top_k_next_3m | ObjectiveSpecific[top_k_next_3m][XGBoost searched],top_k_next_3m,ObjectiveSpecific[top_k_next_3m][XGBoost searched],2020-05,3,forward_3m_return,target_top_k_next_3m,0.12450545531405802,0.09897481214727596,0.025530643166782052,0.3333333333333333,0.6666666666666666,3.0,overlapping_horizon_score_to_return,3-month overlapping forward-return diagnostic; not a monthly executable backtest
top_k_next_3m | ObjectiveSpecific[top_k_next_3m][XGBoost searched],top_k_next_3m,ObjectiveSpecific[top_k_next_3m][XGBoost searched],2020-06,3,forward_3m_return,target_top_k_next_3m,-0.03604004567500322,0.03557389742106315,-0.07161394309606636,0.0,0.6666666666666666,3.0,overlapping_horizon_score_to_return,3-month overlapping forward-return diagnostic; not a monthly executable backtest
top_k_next_3m | ObjectiveSpecific[top_k_next_3m][XGBoost searched],top_k_next_3m,ObjectiveSpecific[top_k_next_3m][XGBoost searched],2020-07,3,forward_3m_return,target_top_k_next_3m,-0.06114845426975261,-0.0181872482182715,-0.042961206051481106,0.0,0.6666666666666666,3.0,overlapping_horizon_score_to_return,3-month overlapping forward-return diagnostic; not a monthly executable backtest
top_k_next_3m | ObjectiveSpecific[top_k_next_3m][XGBoost searched],top_k_next_3m,ObjectiveSpecific[top_k_next_3m][XGBoost searched],2020-08,3,forward_3m_return,target_top_k_next_3m,0.07254676211585598,0.05589039331485637,0.01665636880099961,0.3333333333333333,0.0,3.0,overlapping_horizon_score_to_return,3-month overlapping forward-return diagnostic; not a monthly executable backtest
top_k_next_3m | ObjectiveSpecific[top_k_next_3m][XGBoost searched],top_k_next_3m,ObjectiveSpecific[top_k_next_3m][XGBoost searched],2020-09,3,forward_3m_return,target_top_k_next_3m,0.2854889195626661,0.143534600452596,0.1419543191100701,1.0,0.6666666666666666,3.0,overlapping_horizon_score_to_return,3-month overlapping forward-return diagnostic; not a monthly executable backtest
top_k_next_3m | ObjectiveSpecific[top_k_next_3m][XGBoost searched],top_k_next_3m,ObjectiveSpecific[top_k_next_3m][XGBoost searched],2020-10,3,forward_3m_return,target_top_k_next_3m,0.2448327324928172,0.15977000951694204,0.08506272297587517,0.3333333333333333,0.6666666666666666,3.0,overlapping_horizon_score_to_return,3-month overlapping forward-return diagnostic; not a monthly executable backtest
top_k_next_3m | ObjectiveSpecific[top_k_next_3m][XGBoost searched],top_k_next_3m,ObjectiveSpecific[top_k_next_3m][XGBoost searched],2020-11,3,forward_3m_return,target_top_k_next_3m,-0.028769896150652466,0.08201464876049233,-0.1107845449111448,0.0,1.3333333333333333,3.0,overlapping_horizon_score_to_return,3-month overlapping forward-return diagnostic; not a monthly executable backtest
top_k_next_3m | ObjectiveSpecific[top_k_next_3m][XGBoost searched],top_k_next_3m,ObjectiveSpecific[top_k_next_3m][XGBoost searched],2020-12,3,forward_3m_return,target_top_k_next_3m,-0.09653614018391983,0.043666508291328766,-0.1402026484752486,0.0,0.6666666666666666,3.0,overlapping_horizon_score_to_return,3-month overlapping forward-return diagnostic; not a monthly executable backtest
top_k_next_3m | ObjectiveSpecific[top_k_next_3m][XGBoost searched],top_k_next_3m,ObjectiveSpecific[top_k_next_3m][XGBoost searched],2021-01,3,forward_3m_return,target_top_k_next_3m,0.02649922634088449,0.07154291002721548,-0.04504368368633099,0.0,1.3333333333333333,3.0,overlapping_horizon_score_to_return,3-month overlapping forward-return diagnostic; not a monthly executable backtest
top_k_next_3m | ObjectiveSpecific[top_k_next_3m][XGBoost searched],top_k_next_3m,ObjectiveSpecific[top_k_next_3m][XGBoost searched],2021-02,3,forward_3m_return,target_top_k_next_3m,0.055914469419917914,0.061587546578811894,-0.00567307715889398,0.3333333333333333,0.6666666666666666,3.0,overlapping_horizon_score_to_return,3-month overlapping forward-return diagnostic; not a monthly executable backtest
top_k_next_3m | ObjectiveSpecific[top_k_next_3m][XGBoost searched],top_k_next_3m,ObjectiveSpecific[top_k_next_3m][XGBoost searched],2021-03,3,forward_3m_return,target_top_k_next_3m,0.06252967289924918,0.06190994266147254,0.0006197302377766445,0.3333333333333333,0.6666666666666666,3.0,overlapping_horizon_score_to_return,3-month overlapping forward-return diagnostic; not a monthly executable backtest
top_k_next_3m | ObjectiveSpecific[top_k_next_3m][XGBoost searched],top_k_next_3m,ObjectiveSpecific[top_k_next_3m][XGBoost searched],2021-04,3,forward_3m_return,target_top_k_next_3m,0.04260296934010636,0.025220325420044896,0.01738264392006146,0.3333333333333333,0.6666666666666666,3.0,overlapping_horizon_score_to_return,3-month overlapping forward-return diagnostic; not a monthly executable backtest
top_k_next_3m | ObjectiveSpecific[top_k_next_3m][XGBoost searched],top_k_next_3m,ObjectiveSpecific[top_k_next_3m][XGBoost searched],2021-05,3,forward_3m_return,target_top_k_next_3m,0.05852911365812796,0.015466369129023627,0.04306274452910434,0.6666666666666666,0.6666666666666666,3.0,overlapping_horizon_score_to_return,3-month overlapping forward-return diagnostic; not a monthly executable backtest
top_k_next_3m | ObjectiveSpecific[top_k_next_3m][XGBoost searched],top_k_next_3m,ObjectiveSpecific[top_k_next_3m][XGBoost searched],2021-06,3,forward_3m_return,target_top_k_next_3m,-0.03736610979549804,-0.013365553449628153,-0.024000556345869884,0.0,1.3333333333333333,3.0,overlapping_horizon_score_to_return,3-month overlapping forward-return diagnostic; not a monthly executable backtest
top_k_next_3m | ObjectiveSpecific[top_k_next_3m][XGBoost searched],top_k_next_3m,ObjectiveSpecific[top_k_next_3m][XGBoost searched],2021-07,3,forward_3m_return,target_top_k_next_3m,-0.007839888750303245,0.036205834973662455,-0.0440457237239657,0.0,0.0,3.0,overlapping_horizon_score_to_return,3-month overlapping forward-return diagnostic; not a monthly executable backtest
top_k_next_3m | ObjectiveSpecific[top_k_next_3m][XGBoost searched],top_k_next_3m,ObjectiveSpecific[top_k_next_3m][XGBoost searched],2021-08,3,forward_3m_return,target_top_k_next_3m,-0.039627663923891936,0.01142905634327871,-0.05105672026717065,0.0,0.0,3.0,overlapping_horizon_score_to_return,3-month overlapping forward-return diagnostic; not a monthly executable backtest
top_k_next_3m | ObjectiveSpecific[top_k_next_3m][XGBoost searched],top_k_next_3m,ObjectiveSpecific[top_k_next_3m][XGBoost searched],2021-09,3,forward_3m_return,target_top_k_next_3m,0.05219764197367634,0.042564625977140856,0.00963301599653548,0.3333333333333333,1.3333333333333333,3.0,overlapping_horizon_score_to_return,3-month overlapping forward-return diagnostic; not a monthly executable backtest
top_k_next_3m | ObjectiveSpecific[top_k_next_3m][XGBoost searched],top_k_next_3m,ObjectiveSpecific[top_k_next_3m][XGBoost searched],2021-10,3,forward_3m_return,target_top_k_next_3m,-0.01817048090281692,-0.01656254901186057,-0.0016079318909563503,0.3333333333333333,1.3333333333333333,3.0,overlapping_horizon_score_to_return,3-month overlapping forward-return diagnostic; not a monthly executable backtest
top_k_next_3m | ObjectiveSpecific[top_k_next_3m][XGBoost searched],top_k_next_3m,ObjectiveSpecific[top_k_next_3m][XGBoost searched],2021-11,3,forward_3m_return,target_top_k_next_3m,-0.03545236613978242,-0.009654621484755477,-0.025797744655026943,0.3333333333333333,0.6666666666666666,3.0,overlapping_horizon_score_to_return,3-month overlapping forward-return diagnostic; not a monthly executable backtest
top_k_next_3m | ObjectiveSpecific[top_k_next_3m][XGBoost searched],top_k_next_3m,ObjectiveSpecific[top_k_next_3m][XGBoost searched],2021-12,3,forward_3m_return,target_top_k_next_3m,-0.035826893721781786,-0.007974201926096847,-0.02785269179568494,0.3333333333333333,0.6666666666666666,3.0,overlapping_horizon_score_to_return,3-month overlapping forward-return diagnostic; not a monthly executable backtest
top_k_next_3m | ObjectiveSpecific[top_k_next_3m][XGBoost searched],top_k_next_3m,ObjectiveSpecific[top_k_next_3m][XGBoost searched],2022-01,3,forward_3m_return,target_top_k_next_3m,-0.08267013822103608,-0.0732497189346082,-0.00942041928642788,0.3333333333333333,0.6666666666666666,3.0,overlapping_horizon_score_to_return,3-month overlapping forward-return diagnostic; not a monthly executable backtest
top_k_next_3m | ObjectiveSpecific[top_k_next_3m][XGBoost searched],top_k_next_3m,ObjectiveSpecific[top_k_next_3m][XGBoost searched],2022-02,3,forward_3m_return,target_top_k_next_3m,-0.11338731840727378,-0.043097456884075146,-0.07028986152319863,0.0,1.3333333333333333,3.0,overlapping_horizon_score_to_return,3-month overlapping forward-return diagnostic; not a monthly executable backtest
top_k_next_3m | ObjectiveSpecific[top_k_next_3m][XGBoost searched],top_k_next_3m,ObjectiveSpecific[top_k_next_3m][XGBoost searched],2022-03,3,forward_3m_return,target_top_k_next_3m,-0.092774823765293,-0.12764142043198384,0.03486659666669084,0.6666666666666666,1.9999999999999998,3.0,overlapping_horizon_score_to_return,3-month overlapping forward-return diagnostic; not a monthly executable backtest
top_k_next_3m | ObjectiveSpecific[top_k_next_3m][XGBoost searched],top_k_next_3m,ObjectiveSpecific[top_k_next_3m][XGBoost searched],2022-04,3,forward_3m_return,target_top_k_next_3m,-0.0032516790646065132,-0.0058644617642282125,0.0026127826996216992,0.3333333333333333,0.6666666666666666,3.0,overlapping_horizon_score_to_return,3-month overlapping forward-return diagnostic; not a monthly executable backtest
top_k_next_3m | ObjectiveSpecific[top_k_next_3m][XGBoost searched],top_k_next_3m,ObjectiveSpecific[top_k_next_3m][XGBoost searched],2022-05,3,forward_3m_return,target_top_k_next_3m,-0.050879421100470314,-0.063292849482713,0.012413428382242693,0.3333333333333333,1.3333333333333333,3.0,overlapping_horizon_score_to_return,3-month overlapping forward-return diagnostic; not a monthly executable backtest
top_k_next_3m | ObjectiveSpecific[top_k_next_3m][XGBoost searched],top_k_next_3m,ObjectiveSpecific[top_k_next_3m][XGBoost searched],2022-06,3,forward_3m_return,target_top_k_next_3m,-0.05353317942094648,-0.04724242770935645,-0.006290751711590027,0.0,1.3333333333333333,3.0,overlapping_horizon_score_to_return,3-month overlapping forward-return diagnostic; not a monthly executable backtest
top_k_next_3m | ObjectiveSpecific[top_k_next_3m][XGBoost searched],top_k_next_3m,ObjectiveSpecific[top_k_next_3m][XGBoost searched],2022-07,3,forward_3m_return,target_top_k_next_3m,-0.04299498350985813,-0.04324771276497806,0.00025272925511993227,0.3333333333333333,0.6666666666666666,3.0,overlapping_horizon_score_to_return,3-month overlapping forward-return diagnostic; not a monthly executable backtest
top_k_next_3m | ObjectiveSpecific[top_k_next_3m][XGBoost searched],top_k_next_3m,ObjectiveSpecific[top_k_next_3m][XGBoost searched],2022-08,3,forward_3m_return,target_top_k_next_3m,0.01050289743233897,0.04779636350728574,-0.03729346607494677,0.0,0.6666666666666666,3.0,overlapping_horizon_score_to_return,3-month overlapping forward-return diagnostic; not a monthly executable backtest
top_k_next_3m | ObjectiveSpecific[top_k_next_3m][XGBoost searched],top_k_next_3m,ObjectiveSpecific[top_k_next_3m][XGBoost searched],2022-09,3,forward_3m_return,target_top_k_next_3m,0.037023995363253036,0.0823014549869842,-0.04527745962373116,0.0,0.0,3.0,overlapping_horizon_score_to_return,3-month overlapping forward-return diagnostic; not a monthly executable backtest
top_k_next_3m | ObjectiveSpecific[top_k_next_3m][XGBoost searched],top_k_next_3m,ObjectiveSpecific[top_k_next_3m][XGBoost searched],2022-10,3,forward_3m_return,target_top_k_next_3m,0.08931734681134394,0.08999063162591828,-0.0006732848145743348,0.3333333333333333,0.0,3.0,overlapping_horizon_score_to_return,3-month overlapping forward-return diagnostic; not a monthly executable backtest
top_k_next_3m | ObjectiveSpecific[top_k_next_3m][XGBoost searched],top_k_next_3m,ObjectiveSpecific[top_k_next_3m][XGBoost searched],2022-11,3,forward_3m_return,target_top_k_next_3m,0.0008121447675426184,-0.009622359703316218,0.010434504470858837,0.3333333333333333,0.0,3.0,overlapping_horizon_score_to_return,3-month overlapping forward-return diagnostic; not a monthly executable backtest
top_k_next_3m | ObjectiveSpecific[top_k_next_3m][XGBoost searched],top_k_next_3m,ObjectiveSpecific[top_k_next_3m][XGBoost searched],2022-12,3,forward_3m_return,target_top_k_next_3m,0.08606191489706243,0.04678307051036268,0.03927884438669975,0.3333333333333333,0.6666666666666666,3.0,overlapping_horizon_score_to_return,3-month overlapping forward-return diagnostic; not a monthly executable backtest
top_k_next_3m | ObjectiveSpecific[top_k_next_3m][XGBoost searched],top_k_next_3m,ObjectiveSpecific[top_k_next_3m][XGBoost searched],2023-01,3,forward_3m_return,target_top_k_next_3m,0.04543219321444739,-0.008814181009664713,0.054246374224112104,0.6666666666666666,0.6666666666666666,3.0,overlapping_horizon_score_to_return,3-month overlapping forward-return diagnostic; not a monthly executable backtest
top_k_next_3m | ObjectiveSpecific[top_k_next_3m][XGBoost searched],top_k_next_3m,ObjectiveSpecific[top_k_next_3m][XGBoost searched],2023-02,3,forward_3m_return,target_top_k_next_3m,0.061405016273897495,0.013797491073661117,0.04760752520023638,0.6666666666666666,0.6666666666666666,3.0,overlapping_horizon_score_to_return,3-month overlapping forward-return diagnostic; not a monthly executable backtest
top_k_next_3m | ObjectiveSpecific[top_k_next_3m][XGBoost searched],top_k_next_3m,ObjectiveSpecific[top_k_next_3m][XGBoost searched],2023-03,3,forward_3m_return,target_top_k_next_3m,-0.010056342998014386,0.028651903905981057,-0.03870824690399544,0.0,0.6666666666666666,3.0,overlapping_horizon_score_to_return,3-month overlapping forward-return diagnostic; not a monthly executable backtest
top_k_next_3m | ObjectiveSpecific[top_k_next_3m][XGBoost searched],top_k_next_3m,ObjectiveSpecific[top_k_next_3m][XGBoost searched],2023-04,3,forward_3m_return,target_top_k_next_3m,0.004708057903696331,0.05122851959188569,-0.046520461688189366,0.0,1.3333333333333333,3.0,overlapping_horizon_score_to_return,3-month overlapping forward-return diagnostic; not a monthly executable backtest
top_k_next_3m | ObjectiveSpecific[top_k_next_3m][XGBoost searched],top_k_next_3m,ObjectiveSpecific[top_k_next_3m][XGBoost searched],2023-05,3,forward_3m_return,target_top_k_next_3m,0.00212505533256376,0.05247402292208052,-0.050348967589516756,0.0,0.0,3.0,overlapping_horizon_score_to_return,3-month overlapping forward-return diagnostic; not a monthly executable backtest
top_k_next_3m | ObjectiveSpecific[top_k_next_3m][XGBoost searched],top_k_next_3m,ObjectiveSpecific[top_k_next_3m][XGBoost searched],2023-06,3,forward_3m_return,target_top_k_next_3m,-0.04974511338811908,-0.035551004962809794,-0.014194108425309285,0.0,0.0,3.0,overlapping_horizon_score_to_return,3-month overlapping forward-return diagnostic; not a monthly executable backtest
top_k_next_3m | ObjectiveSpecific[top_k_next_3m][XGBoost searched],top_k_next_3m,ObjectiveSpecific[top_k_next_3m][XGBoost searched],2023-07,3,forward_3m_return,target_top_k_next_3m,-0.036408754781093323,-0.07877894687060062,0.0423701920895073,0.6666666666666666,0.6666666666666666,3.0,overlapping_horizon_score_to_return,3-month overlapping forward-return diagnostic; not a monthly executable backtest
top_k_next_3m | ObjectiveSpecific[top_k_next_3m][XGBoost searched],top_k_next_3m,ObjectiveSpecific[top_k_next_3m][XGBoost searched],2023-08,3,forward_3m_return,target_top_k_next_3m,0.025975604697411704,-0.0043027903261592115,0.030278395023570916,0.6666666666666666,0.0,3.0,overlapping_horizon_score_to_return,3-month overlapping forward-return diagnostic; not a monthly executable backtest
top_k_next_3m | ObjectiveSpecific[top_k_next_3m][XGBoost searched],top_k_next_3m,ObjectiveSpecific[top_k_next_3m][XGBoost searched],2023-09,3,forward_3m_return,target_top_k_next_3m,0.13309825397013197,0.09575029571017588,0.0373479582599561,0.6666666666666666,0.6666666666666666,3.0,overlapping_horizon_score_to_return,3-month overlapping forward-return diagnostic; not a monthly executable backtest
top_k_next_3m | ObjectiveSpecific[top_k_next_3m][XGBoost searched],top_k_next_3m,ObjectiveSpecific[top_k_next_3m][XGBoost searched],2023-10,3,forward_3m_return,target_top_k_next_3m,0.15546565208174284,0.1224034225504301,0.03306222953131274,0.6666666666666666,1.3333333333333333,3.0,overlapping_horizon_score_to_return,3-month overlapping forward-return diagnostic; not a monthly executable backtest
top_k_next_3m | ObjectiveSpecific[top_k_next_3m][XGBoost searched],top_k_next_3m,ObjectiveSpecific[top_k_next_3m][XGBoost searched],2023-11,3,forward_3m_return,target_top_k_next_3m,0.02269539569751955,0.07582689724165208,-0.05313150154413253,0.0,1.3333333333333333,3.0,overlapping_horizon_score_to_return,3-month overlapping forward-return diagnostic; not a monthly executable backtest
top_k_next_3m | ObjectiveSpecific[top_k_next_3m][XGBoost searched],top_k_next_3m,ObjectiveSpecific[top_k_next_3m][XGBoost searched],2023-12,3,forward_3m_return,target_top_k_next_3m,0.06870424242683484,0.06714657864740536,0.00155766377942948,0.3333333333333333,0.6666666666666666,3.0,overlapping_horizon_score_to_return,3-month overlapping forward-return diagnostic; not a monthly executable backtest
top_k_next_3m | ObjectiveSpecific[top_k_next_3m][XGBoost searched],top_k_next_3m,ObjectiveSpecific[top_k_next_3m][XGBoost searched],2024-01,3,forward_3m_return,target_top_k_next_3m,0.03484853337534928,0.03147211170456575,0.0033764216707835304,0.3333333333333333,0.6666666666666666,3.0,overlapping_horizon_score_to_return,3-month overlapping forward-return diagnostic; not a monthly executable backtest
top_k_next_3m | ObjectiveSpecific[top_k_next_3m][XGBoost searched],top_k_next_3m,ObjectiveSpecific[top_k_next_3m][XGBoost searched],2024-02,3,forward_3m_return,target_top_k_next_3m,0.07004042464303062,0.042281930791664014,0.027758493851366604,0.6666666666666666,0.6666666666666666,3.0,overlapping_horizon_score_to_return,3-month overlapping forward-return diagnostic; not a monthly executable backtest
top_k_next_3m | ObjectiveSpecific[top_k_next_3m][XGBoost searched],top_k_next_3m,ObjectiveSpecific[top_k_next_3m][XGBoost searched],2024-03,3,forward_3m_return,target_top_k_next_3m,0.024708140398927065,0.011330766289411386,0.013377374109515679,0.3333333333333333,0.6666666666666666,3.0,overlapping_horizon_score_to_return,3-month overlapping forward-return diagnostic; not a monthly executable backtest
top_k_next_3m | ObjectiveSpecific[top_k_next_3m][XGBoost searched],top_k_next_3m,ObjectiveSpecific[top_k_next_3m][XGBoost searched],2024-04,3,forward_3m_return,target_top_k_next_3m,0.0886805726083928,0.07675726677463005,0.011923305833762748,0.6666666666666666,1.9999999999999998,3.0,overlapping_horizon_score_to_return,3-month overlapping forward-return diagnostic; not a monthly executable backtest
top_k_next_3m | ObjectiveSpecific[top_k_next_3m][XGBoost searched],top_k_next_3m,ObjectiveSpecific[top_k_next_3m][XGBoost searched],2024-05,3,forward_3m_return,target_top_k_next_3m,0.043430812846391165,0.04970151700166662,-0.006270704155275454,0.3333333333333333,1.3333333333333333,3.0,overlapping_horizon_score_to_return,3-month overlapping forward-return diagnostic; not a monthly executable backtest
top_k_next_3m | ObjectiveSpecific[top_k_next_3m][XGBoost searched],top_k_next_3m,ObjectiveSpecific[top_k_next_3m][XGBoost searched],2024-06,3,forward_3m_return,target_top_k_next_3m,0.0851525905042226,0.06580143287026231,0.01935115763396028,0.6666666666666666,0.6666666666666666,3.0,overlapping_horizon_score_to_return,3-month overlapping forward-return diagnostic; not a monthly executable backtest
top_k_next_3m | ObjectiveSpecific[top_k_next_3m][XGBoost searched],top_k_next_3m,ObjectiveSpecific[top_k_next_3m][XGBoost searched],2024-07,3,forward_3m_return,target_top_k_next_3m,0.06625284696424123,0.02347464954269781,0.04277819742154342,0.6666666666666666,0.6666666666666666,3.0,overlapping_horizon_score_to_return,3-month overlapping forward-return diagnostic; not a monthly executable backtest
top_k_next_3m | ObjectiveSpecific[top_k_next_3m][XGBoost searched],top_k_next_3m,ObjectiveSpecific[top_k_next_3m][XGBoost searched],2024-08,3,forward_3m_return,target_top_k_next_3m,0.0856188991051813,0.04565516958554672,0.03996372951963459,0.6666666666666666,0.6666666666666666,3.0,overlapping_horizon_score_to_return,3-month overlapping forward-return diagnostic; not a monthly executable backtest
top_k_next_3m | ObjectiveSpecific[top_k_next_3m][XGBoost searched],top_k_next_3m,ObjectiveSpecific[top_k_next_3m][XGBoost searched],2024-09,3,forward_3m_return,target_top_k_next_3m,-0.02652146111573272,-0.01289136657095975,-0.013630094544772972,0.0,1.3333333333333333,3.0,overlapping_horizon_score_to_return,3-month overlapping forward-return diagnostic; not a monthly executable backtest
top_k_next_3m | ObjectiveSpecific[top_k_next_3m][XGBoost searched],top_k_next_3m,ObjectiveSpecific[top_k_next_3m][XGBoost searched],2024-10,3,forward_3m_return,target_top_k_next_3m,0.001368458717565673,0.012193345814492284,-0.010824887096926611,0.0,1.3333333333333333,3.0,overlapping_horizon_score_to_return,3-month overlapping forward-return diagnostic; not a monthly executable backtest
top_k_next_3m | ObjectiveSpecific[top_k_next_3m][XGBoost searched],top_k_next_3m,ObjectiveSpecific[top_k_next_3m][XGBoost searched],2024-11,3,forward_3m_return,target_top_k_next_3m,0.03250199164967337,0.0043589001304387585,0.028143091519234612,0.3333333333333333,1.3333333333333333,3.0,overlapping_horizon_score_to_return,3-month overlapping forward-return diagnostic; not a monthly executable backtest
top_k_next_3m | ObjectiveSpecific[top_k_next_3m][XGBoost searched],top_k_next_3m,ObjectiveSpecific[top_k_next_3m][XGBoost searched],2024-12,3,forward_3m_return,target_top_k_next_3m,-0.0046468560609171546,0.026168099192316142,-0.030814955253233297,0.3333333333333333,0.6666666666666666,3.0,overlapping_horizon_score_to_return,3-month overlapping forward-return diagnostic; not a monthly executable backtest
top_k_next_3m | ObjectiveSpecific[top_k_next_3m][XGBoost searched],top_k_next_3m,ObjectiveSpecific[top_k_next_3m][XGBoost searched],2025-01,3,forward_3m_return,target_top_k_next_3m,0.09372862735016807,-0.000419691007017553,0.09414831835718562,1.0,1.3333333333333333,3.0,overlapping_horizon_score_to_return,3-month overlapping forward-return diagnostic; not a monthly executable backtest
top_k_next_3m | ObjectiveSpecific[top_k_next_3m][XGBoost searched],top_k_next_3m,ObjectiveSpecific[top_k_next_3m][XGBoost searched],2025-02,3,forward_3m_return,target_top_k_next_3m,-0.006552202260450578,0.007707493151291189,-0.014259695411741767,0.3333333333333333,1.3333333333333333,3.0,overlapping_horizon_score_to_return,3-month overlapping forward-return diagnostic; not a monthly executable backtest
top_k_next_3m | ObjectiveSpecific[top_k_next_3m][XGBoost searched],top_k_next_3m,ObjectiveSpecific[top_k_next_3m][XGBoost searched],2025-03,3,forward_3m_return,target_top_k_next_3m,0.09090765420661387,0.06246846106141658,0.028439193145197286,0.6666666666666666,0.6666666666666666,3.0,overlapping_horizon_score_to_return,3-month overlapping forward-return diagnostic; not a monthly executable backtest
top_k_next_3m | ObjectiveSpecific[top_k_next_3m][XGBoost searched],top_k_next_3m,ObjectiveSpecific[top_k_next_3m][XGBoost searched],2025-04,3,forward_3m_return,target_top_k_next_3m,0.12571138586622768,0.07422575365591817,0.05148563221030951,0.6666666666666666,0.6666666666666666,3.0,overlapping_horizon_score_to_return,3-month overlapping forward-return diagnostic; not a monthly executable backtest
top_k_next_3m | ObjectiveSpecific[top_k_next_3m][XGBoost searched],top_k_next_3m,ObjectiveSpecific[top_k_next_3m][XGBoost searched],2025-05,3,forward_3m_return,target_top_k_next_3m,0.04425212542390611,0.0666696350225742,-0.02241750959866809,0.3333333333333333,1.3333333333333333,3.0,overlapping_horizon_score_to_return,3-month overlapping forward-return diagnostic; not a monthly executable backtest
top_k_next_3m | ObjectiveSpecific[top_k_next_3m][XGBoost searched],top_k_next_3m,ObjectiveSpecific[top_k_next_3m][XGBoost searched],2025-06,3,forward_3m_return,target_top_k_next_3m,0.10002719468384269,0.07399196314421512,0.02603523153962757,0.6666666666666666,1.3333333333333333,3.0,overlapping_horizon_score_to_return,3-month overlapping forward-return diagnostic; not a monthly executable backtest
top_k_next_3m | ObjectiveSpecific[top_k_next_3m][XGBoost searched],top_k_next_3m,ObjectiveSpecific[top_k_next_3m][XGBoost searched],2025-07,3,forward_3m_return,target_top_k_next_3m,0.09984526976875537,0.09011438374522047,0.00973088602353489,0.3333333333333333,0.6666666666666666,3.0,overlapping_horizon_score_to_return,3-month overlapping forward-return diagnostic; not a monthly executable backtest
top_k_next_3m | ObjectiveSpecific[top_k_next_3m][XGBoost searched],top_k_next_3m,ObjectiveSpecific[top_k_next_3m][XGBoost searched],2025-08,3,forward_3m_return,target_top_k_next_3m,0.0846420443659266,0.0667353713766303,0.017906672989296296,0.3333333333333333,0.6666666666666666,3.0,overlapping_horizon_score_to_return,3-month overlapping forward-return diagnostic; not a monthly executable backtest
top_k_next_3m | ObjectiveSpecific[top_k_next_3m][XGBoost searched],top_k_next_3m,ObjectiveSpecific[top_k_next_3m][XGBoost searched],2025-09,3,forward_3m_return,target_top_k_next_3m,0.015848343732008198,0.03827326747102876,-0.02242492373902056,0.0,0.6666666666666666,3.0,overlapping_horizon_score_to_return,3-month overlapping forward-return diagnostic; not a monthly executable backtest
top_k_next_3m | ObjectiveSpecific[top_k_next_3m][XGBoost searched],top_k_next_3m,ObjectiveSpecific[top_k_next_3m][XGBoost searched],2025-10,3,forward_3m_return,target_top_k_next_3m,0.05111705504958397,0.05221985249733507,-0.0011027974477511027,0.3333333333333333,0.6666666666666666,3.0,overlapping_horizon_score_to_return,3-month overlapping forward-return diagnostic; not a monthly executable backtest
top_k_next_3m | ObjectiveSpecific[top_k_next_3m][XGBoost searched],top_k_next_3m,ObjectiveSpecific[top_k_next_3m][XGBoost searched],2025-11,3,forward_3m_return,target_top_k_next_3m,-0.004156537197391065,0.08120968448414774,-0.0853662216815388,0.0,1.3333333333333333,3.0,overlapping_horizon_score_to_return,3-month overlapping forward-return diagnostic; not a monthly executable backtest
top_k_next_3m | ObjectiveSpecific[top_k_next_3m][XGBoost searched],top_k_next_3m,ObjectiveSpecific[top_k_next_3m][XGBoost searched],2025-12,3,forward_3m_return,target_top_k_next_3m,0.09356472875791169,0.028044841689618405,0.06551988706829329,0.6666666666666666,1.3333333333333333,3.0,overlapping_horizon_score_to_return,3-month overlapping forward-return diagnostic; not a monthly executable backtest
top_k_next_3m | ObjectiveSpecific[top_k_next_3m][XGBoost searched],top_k_next_3m,ObjectiveSpecific[top_k_next_3m][XGBoost searched],2026-01,3,forward_3m_return,target_top_k_next_3m,0.05511101436057182,0.04509778793046517,0.010013226430106652,0.3333333333333333,0.6666666666666666,3.0,overlapping_horizon_score_to_return,3-month overlapping forward-return diagnostic; not a monthly executable backtest
top_k_next_3m | ObjectiveSpecific[top_k_next_3m][XGBoost searched] Calibration Base,top_k_next_3m,ObjectiveSpecific[top_k_next_3m][XGBoost searched] Calibration Base,2020-01,3,forward_3m_return,target_top_k_next_3m,-0.25113192988650596,-0.0921117135528258,-0.15902021633368016,0.0,1.0,3.0,overlapping_horizon_score_to_return,3-month overlapping forward-return diagnostic; not a monthly executable backtest
top_k_next_3m | ObjectiveSpecific[top_k_next_3m][XGBoost searched] Calibration Base,top_k_next_3m,ObjectiveSpecific[top_k_next_3m][XGBoost searched] Calibration Base,2020-02,3,forward_3m_return,target_top_k_next_3m,-0.04673417884602852,-0.009592706702394227,-0.037141472143634294,0.3333333333333333,0.6666666666666666,3.0,overlapping_horizon_score_to_return,3-month overlapping forward-return diagnostic; not a monthly executable backtest
top_k_next_3m | ObjectiveSpecific[top_k_next_3m][XGBoost searched] Calibration Base,top_k_next_3m,ObjectiveSpecific[top_k_next_3m][XGBoost searched] Calibration Base,2020-03,3,forward_3m_return,target_top_k_next_3m,0.27948833824088914,0.19862209789741386,0.08086624034347528,0.6666666666666666,0.6666666666666666,3.0,overlapping_horizon_score_to_return,3-month overlapping forward-return diagnostic; not a monthly executable backtest
top_k_next_3m | ObjectiveSpecific[top_k_next_3m][XGBoost searched] Calibration Base,top_k_next_3m,ObjectiveSpecific[top_k_next_3m][XGBoost searched] Calibration Base,2020-04,3,forward_3m_return,target_top_k_next_3m,0.171068670221743,0.1206414990186265,0.05042717120311649,0.3333333333333333,1.3333333333333333,3.0,overlapping_horizon_score_to_return,3-month overlapping forward-return diagnostic; not a monthly executable backtest
top_k_next_3m | ObjectiveSpecific[top_k_next_3m][XGBoost searched] Calibration Base,top_k_next_3m,ObjectiveSpecific[top_k_next_3m][XGBoost searched] Calibration Base,2020-05,3,forward_3m_return,target_top_k_next_3m,0.12450545531405802,0.09897481214727596,0.025530643166782052,0.3333333333333333,0.6666666666666666,3.0,overlapping_horizon_score_to_return,3-month overlapping forward-return diagnostic; not a monthly executable backtest
top_k_next_3m | ObjectiveSpecific[top_k_next_3m][XGBoost searched] Calibration Base,top_k_next_3m,ObjectiveSpecific[top_k_next_3m][XGBoost searched] Calibration Base,2020-06,3,forward_3m_return,target_top_k_next_3m,-0.03604004567500322,0.03557389742106315,-0.07161394309606636,0.0,0.6666666666666666,3.0,overlapping_horizon_score_to_return,3-month overlapping forward-return diagnostic; not a monthly executable backtest
top_k_next_3m | ObjectiveSpecific[top_k_next_3m][XGBoost searched] Calibration Base,top_k_next_3m,ObjectiveSpecific[top_k_next_3m][XGBoost searched] Calibration Base,2020-07,3,forward_3m_return,target_top_k_next_3m,-0.07562065007205639,-0.0181872482182715,-0.057433401853784885,0.0,0.6666666666666666,3.0,overlapping_horizon_score_to_return,3-month overlapping forward-return diagnostic; not a monthly executable backtest
top_k_next_3m | ObjectiveSpecific[top_k_next_3m][XGBoost searched] Calibration Base,top_k_next_3m,ObjectiveSpecific[top_k_next_3m][XGBoost searched] Calibration Base,2020-08,3,forward_3m_return,target_top_k_next_3m,0.070240018936316,0.05589039331485637,0.014349625621459632,0.3333333333333333,0.0,3.0,overlapping_horizon_score_to_return,3-month overlapping forward-return diagnostic; not a monthly executable backtest
top_k_next_3m | ObjectiveSpecific[top_k_next_3m][XGBoost searched] Calibration Base,top_k_next_3m,ObjectiveSpecific[top_k_next_3m][XGBoost searched] Calibration Base,2020-09,3,forward_3m_return,target_top_k_next_3m,0.2854889195626661,0.143534600452596,0.1419543191100701,1.0,0.6666666666666666,3.0,overlapping_horizon_score_to_return,3-month overlapping forward-return diagnostic; not a monthly executable backtest
top_k_next_3m | ObjectiveSpecific[top_k_next_3m][XGBoost searched] Calibration Base,top_k_next_3m,ObjectiveSpecific[top_k_next_3m][XGBoost searched] Calibration Base,2020-10,3,forward_3m_return,target_top_k_next_3m,0.31590776275537835,0.15977000951694204,0.15613775323843632,0.6666666666666666,0.0,3.0,overlapping_horizon_score_to_return,3-month overlapping forward-return diagnostic; not a monthly executable backtest
top_k_next_3m | ObjectiveSpecific[top_k_next_3m][XGBoost searched] Calibration Base,top_k_next_3m,ObjectiveSpecific[top_k_next_3m][XGBoost searched] Calibration Base,2020-11,3,forward_3m_return,target_top_k_next_3m,-0.06172016631623581,0.08201464876049233,-0.14373481507672814,0.0,1.9999999999999998,3.0,overlapping_horizon_score_to_return,3-month overlapping forward-return diagnostic; not a monthly executable backtest
top_k_next_3m | ObjectiveSpecific[top_k_next_3m][XGBoost searched] Calibration Base,top_k_next_3m,ObjectiveSpecific[top_k_next_3m][XGBoost searched] Calibration Base,2020-12,3,forward_3m_return,target_top_k_next_3m,0.02054981259068231,0.043666508291328766,-0.023116695700646457,0.3333333333333333,0.6666666666666666,3.0,overlapping_horizon_score_to_return,3-month overlapping forward-return diagnostic; not a monthly executable backtest
top_k_next_3m | ObjectiveSpecific[top_k_next_3m][XGBoost searched] Calibration Base,top_k_next_3m,ObjectiveSpecific[top_k_next_3m][XGBoost searched] Calibration Base,2021-01,3,forward_3m_return,target_top_k_next_3m,-0.010193126710422867,0.07154291002721548,-0.08173603673763835,0.0,0.6666666666666666,3.0,overlapping_horizon_score_to_return,3-month overlapping forward-return diagnostic; not a monthly executable backtest
top_k_next_3m | ObjectiveSpecific[top_k_next_3m][XGBoost searched] Calibration Base,top_k_next_3m,ObjectiveSpecific[top_k_next_3m][XGBoost searched] Calibration Base,2021-02,3,forward_3m_return,target_top_k_next_3m,0.04400764733453544,0.061587546578811894,-0.017579899244276456,0.3333333333333333,0.6666666666666666,3.0,overlapping_horizon_score_to_return,3-month overlapping forward-return diagnostic; not a monthly executable backtest
top_k_next_3m | ObjectiveSpecific[top_k_next_3m][XGBoost searched] Calibration Base,top_k_next_3m,ObjectiveSpecific[top_k_next_3m][XGBoost searched] Calibration Base,2021-03,3,forward_3m_return,target_top_k_next_3m,0.04633215232510827,0.06190994266147254,-0.01557779033636427,0.0,0.6666666666666666,3.0,overlapping_horizon_score_to_return,3-month overlapping forward-return diagnostic; not a monthly executable backtest
top_k_next_3m | ObjectiveSpecific[top_k_next_3m][XGBoost searched] Calibration Base,top_k_next_3m,ObjectiveSpecific[top_k_next_3m][XGBoost searched] Calibration Base,2021-04,3,forward_3m_return,target_top_k_next_3m,0.02035005247570435,0.025220325420044896,-0.004870272944340545,0.3333333333333333,0.6666666666666666,3.0,overlapping_horizon_score_to_return,3-month overlapping forward-return diagnostic; not a monthly executable backtest
top_k_next_3m | ObjectiveSpecific[top_k_next_3m][XGBoost searched] Calibration Base,top_k_next_3m,ObjectiveSpecific[top_k_next_3m][XGBoost searched] Calibration Base,2021-05,3,forward_3m_return,target_top_k_next_3m,-0.014904380550270508,0.015466369129023627,-0.030370749679294137,0.3333333333333333,0.6666666666666666,3.0,overlapping_horizon_score_to_return,3-month overlapping forward-return diagnostic; not a monthly executable backtest
top_k_next_3m | ObjectiveSpecific[top_k_next_3m][XGBoost searched] Calibration Base,top_k_next_3m,ObjectiveSpecific[top_k_next_3m][XGBoost searched] Calibration Base,2021-06,3,forward_3m_return,target_top_k_next_3m,-0.02932912546468835,-0.013365553449628153,-0.0159635720150602,0.3333333333333333,1.3333333333333333,3.0,overlapping_horizon_score_to_return,3-month overlapping forward-return diagnostic; not a monthly executable backtest
top_k_next_3m | ObjectiveSpecific[top_k_next_3m][XGBoost searched] Calibration Base,top_k_next_3m,ObjectiveSpecific[top_k_next_3m][XGBoost searched] Calibration Base,2021-07,3,forward_3m_return,target_top_k_next_3m,-0.007839888750303245,0.036205834973662455,-0.0440457237239657,0.0,0.6666666666666666,3.0,overlapping_horizon_score_to_return,3-month overlapping forward-return diagnostic; not a monthly executable backtest
top_k_next_3m | ObjectiveSpecific[top_k_next_3m][XGBoost searched] Calibration Base,top_k_next_3m,ObjectiveSpecific[top_k_next_3m][XGBoost searched] Calibration Base,2021-08,3,forward_3m_return,target_top_k_next_3m,-0.039627663923891936,0.01142905634327871,-0.05105672026717065,0.0,0.0,3.0,overlapping_horizon_score_to_return,3-month overlapping forward-return diagnostic; not a monthly executable backtest
top_k_next_3m | ObjectiveSpecific[top_k_next_3m][XGBoost searched] Calibration Base,top_k_next_3m,ObjectiveSpecific[top_k_next_3m][XGBoost searched] Calibration Base,2021-09,3,forward_3m_return,target_top_k_next_3m,0.02536877578146253,0.042564625977140856,-0.017195850195678326,0.0,0.6666666666666666,3.0,overlapping_horizon_score_to_return,3-month overlapping forward-return diagnostic; not a monthly executable backtest
top_k_next_3m | ObjectiveSpecific[top_k_next_3m][XGBoost searched] Calibration Base,top_k_next_3m,ObjectiveSpecific[top_k_next_3m][XGBoost searched] Calibration Base,2021-10,3,forward_3m_return,target_top_k_next_3m,-0.01817048090281692,-0.01656254901186057,-0.0016079318909563503,0.3333333333333333,0.6666666666666666,3.0,overlapping_horizon_score_to_return,3-month overlapping forward-return diagnostic; not a monthly executable backtest
top_k_next_3m | ObjectiveSpecific[top_k_next_3m][XGBoost searched] Calibration Base,top_k_next_3m,ObjectiveSpecific[top_k_next_3m][XGBoost searched] Calibration Base,2021-11,3,forward_3m_return,target_top_k_next_3m,-0.00708673218814293,-0.009654621484755477,0.0025678892966125473,0.3333333333333333,0.0,3.0,overlapping_horizon_score_to_return,3-month overlapping forward-return diagnostic; not a monthly executable backtest
top_k_next_3m | ObjectiveSpecific[top_k_next_3m][XGBoost searched] Calibration Base,top_k_next_3m,ObjectiveSpecific[top_k_next_3m][XGBoost searched] Calibration Base,2021-12,3,forward_3m_return,target_top_k_next_3m,-0.03637325678416318,-0.007974201926096847,-0.028399054858066333,0.3333333333333333,0.6666666666666666,3.0,overlapping_horizon_score_to_return,3-month overlapping forward-return diagnostic; not a monthly executable backtest
top_k_next_3m | ObjectiveSpecific[top_k_next_3m][XGBoost searched] Calibration Base,top_k_next_3m,ObjectiveSpecific[top_k_next_3m][XGBoost searched] Calibration Base,2022-01,3,forward_3m_return,target_top_k_next_3m,-0.0805017709758157,-0.0732497189346082,-0.007252052041207505,0.3333333333333333,0.0,3.0,overlapping_horizon_score_to_return,3-month overlapping forward-return diagnostic; not a monthly executable backtest
top_k_next_3m | ObjectiveSpecific[top_k_next_3m][XGBoost searched] Calibration Base,top_k_next_3m,ObjectiveSpecific[top_k_next_3m][XGBoost searched] Calibration Base,2022-02,3,forward_3m_return,target_top_k_next_3m,-0.0924782233811895,-0.043097456884075146,-0.04938076649711435,0.3333333333333333,0.6666666666666666,3.0,overlapping_horizon_score_to_return,3-month overlapping forward-return diagnostic; not a monthly executable backtest
top_k_next_3m | ObjectiveSpecific[top_k_next_3m][XGBoost searched] Calibration Base,top_k_next_3m,ObjectiveSpecific[top_k_next_3m][XGBoost searched] Calibration Base,2022-03,3,forward_3m_return,target_top_k_next_3m,-0.092774823765293,-0.12764142043198384,0.03486659666669084,0.6666666666666666,1.3333333333333333,3.0,overlapping_horizon_score_to_return,3-month overlapping forward-return diagnostic; not a monthly executable backtest
top_k_next_3m | ObjectiveSpecific[top_k_next_3m][XGBoost searched] Calibration Base,top_k_next_3m,ObjectiveSpecific[top_k_next_3m][XGBoost searched] Calibration Base,2022-04,3,forward_3m_return,target_top_k_next_3m,-0.0032516790646065132,-0.0058644617642282125,0.0026127826996216992,0.3333333333333333,0.6666666666666666,3.0,overlapping_horizon_score_to_return,3-month overlapping forward-return diagnostic; not a monthly executable backtest
top_k_next_3m | ObjectiveSpecific[top_k_next_3m][XGBoost searched] Calibration Base,top_k_next_3m,ObjectiveSpecific[top_k_next_3m][XGBoost searched] Calibration Base,2022-05,3,forward_3m_return,target_top_k_next_3m,-0.05434767574664815,-0.063292849482713,0.008945173736064856,0.3333333333333333,0.6666666666666666,3.0,overlapping_horizon_score_to_return,3-month overlapping forward-return diagnostic; not a monthly executable backtest
top_k_next_3m | ObjectiveSpecific[top_k_next_3m][XGBoost searched] Calibration Base,top_k_next_3m,ObjectiveSpecific[top_k_next_3m][XGBoost searched] Calibration Base,2022-06,3,forward_3m_return,target_top_k_next_3m,-0.05353317942094648,-0.04724242770935645,-0.006290751711590027,0.0,0.6666666666666666,3.0,overlapping_horizon_score_to_return,3-month overlapping forward-return diagnostic; not a monthly executable backtest
top_k_next_3m | ObjectiveSpecific[top_k_next_3m][XGBoost searched] Calibration Base,top_k_next_3m,ObjectiveSpecific[top_k_next_3m][XGBoost searched] Calibration Base,2022-07,3,forward_3m_return,target_top_k_next_3m,-0.09098469337230247,-0.04324771276497806,-0.04773698060732441,0.0,0.6666666666666666,3.0,overlapping_horizon_score_to_return,3-month overlapping forward-return diagnostic; not a monthly executable backtest
top_k_next_3m | ObjectiveSpecific[top_k_next_3m][XGBoost searched] Calibration Base,top_k_next_3m,ObjectiveSpecific[top_k_next_3m][XGBoost searched] Calibration Base,2022-08,3,forward_3m_return,target_top_k_next_3m,0.01050289743233897,0.04779636350728574,-0.03729346607494677,0.0,0.6666666666666666,3.0,overlapping_horizon_score_to_return,3-month overlapping forward-return diagnostic; not a monthly executable backtest
top_k_next_3m | ObjectiveSpecific[top_k_next_3m][XGBoost searched] Calibration Base,top_k_next_3m,ObjectiveSpecific[top_k_next_3m][XGBoost searched] Calibration Base,2022-09,3,forward_3m_return,target_top_k_next_3m,0.037023995363253036,0.0823014549869842,-0.04527745962373116,0.0,0.0,3.0,overlapping_horizon_score_to_return,3-month overlapping forward-return diagnostic; not a monthly executable backtest
top_k_next_3m | ObjectiveSpecific[top_k_next_3m][XGBoost searched] Calibration Base,top_k_next_3m,ObjectiveSpecific[top_k_next_3m][XGBoost searched] Calibration Base,2022-10,3,forward_3m_return,target_top_k_next_3m,0.08931734681134394,0.08999063162591828,-0.0006732848145743348,0.3333333333333333,0.0,3.0,overlapping_horizon_score_to_return,3-month overlapping forward-return diagnostic; not a monthly executable backtest
top_k_next_3m | ObjectiveSpecific[top_k_next_3m][XGBoost searched] Calibration Base,top_k_next_3m,ObjectiveSpecific[top_k_next_3m][XGBoost searched] Calibration Base,2022-11,3,forward_3m_return,target_top_k_next_3m,0.001655768976833838,-0.009622359703316218,0.011278128680150056,0.3333333333333333,0.6666666666666666,3.0,overlapping_horizon_score_to_return,3-month overlapping forward-return diagnostic; not a monthly executable backtest
top_k_next_3m | ObjectiveSpecific[top_k_next_3m][XGBoost searched] Calibration Base,top_k_next_3m,ObjectiveSpecific[top_k_next_3m][XGBoost searched] Calibration Base,2022-12,3,forward_3m_return,target_top_k_next_3m,0.08606191489706243,0.04678307051036268,0.03927884438669975,0.3333333333333333,1.3333333333333333,3.0,overlapping_horizon_score_to_return,3-month overlapping forward-return diagnostic; not a monthly executable backtest
top_k_next_3m | ObjectiveSpecific[top_k_next_3m][XGBoost searched] Calibration Base,top_k_next_3m,ObjectiveSpecific[top_k_next_3m][XGBoost searched] Calibration Base,2023-01,3,forward_3m_return,target_top_k_next_3m,-0.003500634236393239,-0.008814181009664713,0.0053135467732714735,0.3333333333333333,1.3333333333333333,3.0,overlapping_horizon_score_to_return,3-month overlapping forward-return diagnostic; not a monthly executable backtest
top_k_next_3m | ObjectiveSpecific[top_k_next_3m][XGBoost searched] Calibration Base,top_k_next_3m,ObjectiveSpecific[top_k_next_3m][XGBoost searched] Calibration Base,2023-02,3,forward_3m_return,target_top_k_next_3m,0.04905469430998781,0.013797491073661117,0.035257203236326695,0.3333333333333333,1.9999999999999998,3.0,overlapping_horizon_score_to_return,3-month overlapping forward-return diagnostic; not a monthly executable backtest
top_k_next_3m | ObjectiveSpecific[top_k_next_3m][XGBoost searched] Calibration Base,top_k_next_3m,ObjectiveSpecific[top_k_next_3m][XGBoost searched] Calibration Base,2023-03,3,forward_3m_return,target_top_k_next_3m,-0.018381269449131835,0.028651903905981057,-0.047033173355112895,0.0,1.9999999999999998,3.0,overlapping_horizon_score_to_return,3-month overlapping forward-return diagnostic; not a monthly executable backtest
top_k_next_3m | ObjectiveSpecific[top_k_next_3m][XGBoost searched] Calibration Base,top_k_next_3m,ObjectiveSpecific[top_k_next_3m][XGBoost searched] Calibration Base,2023-04,3,forward_3m_return,target_top_k_next_3m,0.031270406006491745,0.05122851959188569,-0.019958113585393948,0.0,0.0,3.0,overlapping_horizon_score_to_return,3-month overlapping forward-return diagnostic; not a monthly executable backtest
top_k_next_3m | ObjectiveSpecific[top_k_next_3m][XGBoost searched] Calibration Base,top_k_next_3m,ObjectiveSpecific[top_k_next_3m][XGBoost searched] Calibration Base,2023-05,3,forward_3m_return,target_top_k_next_3m,0.023134932590437637,0.05247402292208052,-0.02933909033164288,0.0,0.6666666666666666,3.0,overlapping_horizon_score_to_return,3-month overlapping forward-return diagnostic; not a monthly executable backtest
top_k_next_3m | ObjectiveSpecific[top_k_next_3m][XGBoost searched] Calibration Base,top_k_next_3m,ObjectiveSpecific[top_k_next_3m][XGBoost searched] Calibration Base,2023-06,3,forward_3m_return,target_top_k_next_3m,-0.05178325565479739,-0.035551004962809794,-0.016232250691987596,0.0,0.0,3.0,overlapping_horizon_score_to_return,3-month overlapping forward-return diagnostic; not a monthly executable backtest
top_k_next_3m | ObjectiveSpecific[top_k_next_3m][XGBoost searched] Calibration Base,top_k_next_3m,ObjectiveSpecific[top_k_next_3m][XGBoost searched] Calibration Base,2023-07,3,forward_3m_return,target_top_k_next_3m,-0.059251746478080514,-0.07877894687060062,0.019527200392520108,0.3333333333333333,0.6666666666666666,3.0,overlapping_horizon_score_to_return,3-month overlapping forward-return diagnostic; not a monthly executable backtest
top_k_next_3m | ObjectiveSpecific[top_k_next_3m][XGBoost searched] Calibration Base,top_k_next_3m,ObjectiveSpecific[top_k_next_3m][XGBoost searched] Calibration Base,2023-08,3,forward_3m_return,target_top_k_next_3m,0.010769223372831666,-0.0043027903261592115,0.015072013698990878,0.6666666666666666,0.6666666666666666,3.0,overlapping_horizon_score_to_return,3-month overlapping forward-return diagnostic; not a monthly executable backtest
top_k_next_3m | ObjectiveSpecific[top_k_next_3m][XGBoost searched] Calibration Base,top_k_next_3m,ObjectiveSpecific[top_k_next_3m][XGBoost searched] Calibration Base,2023-09,3,forward_3m_return,target_top_k_next_3m,0.13309825397013197,0.09575029571017588,0.0373479582599561,0.6666666666666666,0.6666666666666666,3.0,overlapping_horizon_score_to_return,3-month overlapping forward-return diagnostic; not a monthly executable backtest
top_k_next_3m | ObjectiveSpecific[top_k_next_3m][XGBoost searched] Calibration Base,top_k_next_3m,ObjectiveSpecific[top_k_next_3m][XGBoost searched] Calibration Base,2023-10,3,forward_3m_return,target_top_k_next_3m,0.1337225485440548,0.1224034225504301,0.011319125993624696,0.3333333333333333,1.3333333333333333,3.0,overlapping_horizon_score_to_return,3-month overlapping forward-return diagnostic; not a monthly executable backtest
top_k_next_3m | ObjectiveSpecific[top_k_next_3m][XGBoost searched] Calibration Base,top_k_next_3m,ObjectiveSpecific[top_k_next_3m][XGBoost searched] Calibration Base,2023-11,3,forward_3m_return,target_top_k_next_3m,0.06105601421596707,0.07582689724165208,-0.014770883025685008,0.3333333333333333,1.3333333333333333,3.0,overlapping_horizon_score_to_return,3-month overlapping forward-return diagnostic; not a monthly executable backtest
top_k_next_3m | ObjectiveSpecific[top_k_next_3m][XGBoost searched] Calibration Base,top_k_next_3m,ObjectiveSpecific[top_k_next_3m][XGBoost searched] Calibration Base,2023-12,3,forward_3m_return,target_top_k_next_3m,0.03783855533694358,0.06714657864740536,-0.029308023310461784,0.0,0.6666666666666666,3.0,overlapping_horizon_score_to_return,3-month overlapping forward-return diagnostic; not a monthly executable backtest
top_k_next_3m | ObjectiveSpecific[top_k_next_3m][XGBoost searched] Calibration Base,top_k_next_3m,ObjectiveSpecific[top_k_next_3m][XGBoost searched] Calibration Base,2024-01,3,forward_3m_return,target_top_k_next_3m,0.05353084064269235,0.03147211170456575,0.022058728938126597,0.3333333333333333,1.3333333333333333,3.0,overlapping_horizon_score_to_return,3-month overlapping forward-return diagnostic; not a monthly executable backtest
top_k_next_3m | ObjectiveSpecific[top_k_next_3m][XGBoost searched] Calibration Base,top_k_next_3m,ObjectiveSpecific[top_k_next_3m][XGBoost searched] Calibration Base,2024-02,3,forward_3m_return,target_top_k_next_3m,0.0887502428217218,0.042281930791664014,0.04646831203005778,1.0,1.3333333333333333,3.0,overlapping_horizon_score_to_return,3-month overlapping forward-return diagnostic; not a monthly executable backtest
top_k_next_3m | ObjectiveSpecific[top_k_next_3m][XGBoost searched] Calibration Base,top_k_next_3m,ObjectiveSpecific[top_k_next_3m][XGBoost searched] Calibration Base,2024-03,3,forward_3m_return,target_top_k_next_3m,0.027544974146360552,0.011330766289411386,0.016214207856949166,0.3333333333333333,0.6666666666666666,3.0,overlapping_horizon_score_to_return,3-month overlapping forward-return diagnostic; not a monthly executable backtest
top_k_next_3m | ObjectiveSpecific[top_k_next_3m][XGBoost searched] Calibration Base,top_k_next_3m,ObjectiveSpecific[top_k_next_3m][XGBoost searched] Calibration Base,2024-04,3,forward_3m_return,target_top_k_next_3m,0.09139512450982826,0.07675726677463005,0.014637857735198212,0.3333333333333333,1.3333333333333333,3.0,overlapping_horizon_score_to_return,3-month overlapping forward-return diagnostic; not a monthly executable backtest
top_k_next_3m | ObjectiveSpecific[top_k_next_3m][XGBoost searched] Calibration Base,top_k_next_3m,ObjectiveSpecific[top_k_next_3m][XGBoost searched] Calibration Base,2024-05,3,forward_3m_return,target_top_k_next_3m,0.0616478454877322,0.04970151700166662,0.011946328486065583,0.6666666666666666,0.6666666666666666,3.0,overlapping_horizon_score_to_return,3-month overlapping forward-return diagnostic; not a monthly executable backtest
top_k_next_3m | ObjectiveSpecific[top_k_next_3m][XGBoost searched] Calibration Base,top_k_next_3m,ObjectiveSpecific[top_k_next_3m][XGBoost searched] Calibration Base,2024-06,3,forward_3m_return,target_top_k_next_3m,0.1045560351440154,0.06580143287026231,0.03875460227375309,0.6666666666666666,0.0,3.0,overlapping_horizon_score_to_return,3-month overlapping forward-return diagnostic; not a monthly executable backtest
top_k_next_3m | ObjectiveSpecific[top_k_next_3m][XGBoost searched] Calibration Base,top_k_next_3m,ObjectiveSpecific[top_k_next_3m][XGBoost searched] Calibration Base,2024-07,3,forward_3m_return,target_top_k_next_3m,0.04721481453130001,0.02347464954269781,0.0237401649886022,0.6666666666666666,0.6666666666666666,3.0,overlapping_horizon_score_to_return,3-month overlapping forward-return diagnostic; not a monthly executable backtest
top_k_next_3m | ObjectiveSpecific[top_k_next_3m][XGBoost searched] Calibration Base,top_k_next_3m,ObjectiveSpecific[top_k_next_3m][XGBoost searched] Calibration Base,2024-08,3,forward_3m_return,target_top_k_next_3m,0.038206649983643384,0.04565516958554672,-0.007448519601903333,0.0,0.6666666666666666,3.0,overlapping_horizon_score_to_return,3-month overlapping forward-return diagnostic; not a monthly executable backtest
top_k_next_3m | ObjectiveSpecific[top_k_next_3m][XGBoost searched] Calibration Base,top_k_next_3m,ObjectiveSpecific[top_k_next_3m][XGBoost searched] Calibration Base,2024-09,3,forward_3m_return,target_top_k_next_3m,-0.060728036472601346,-0.01289136657095975,-0.04783666990164159,0.0,1.3333333333333333,3.0,overlapping_horizon_score_to_return,3-month overlapping forward-return diagnostic; not a monthly executable backtest
top_k_next_3m | ObjectiveSpecific[top_k_next_3m][XGBoost searched] Calibration Base,top_k_next_3m,ObjectiveSpecific[top_k_next_3m][XGBoost searched] Calibration Base,2024-10,3,forward_3m_return,target_top_k_next_3m,-0.027889759358180017,0.012193345814492284,-0.0400831051726723,0.0,0.6666666666666666,3.0,overlapping_horizon_score_to_return,3-month overlapping forward-return diagnostic; not a monthly executable backtest
top_k_next_3m | ObjectiveSpecific[top_k_next_3m][XGBoost searched] Calibration Base,top_k_next_3m,ObjectiveSpecific[top_k_next_3m][XGBoost searched] Calibration Base,2024-11,3,forward_3m_return,target_top_k_next_3m,0.05364807691920455,0.0043589001304387585,0.04928917678876579,0.6666666666666666,1.3333333333333333,3.0,overlapping_horizon_score_to_return,3-month overlapping forward-return diagnostic; not a monthly executable backtest
top_k_next_3m | ObjectiveSpecific[top_k_next_3m][XGBoost searched] Calibration Base,top_k_next_3m,ObjectiveSpecific[top_k_next_3m][XGBoost searched] Calibration Base,2024-12,3,forward_3m_return,target_top_k_next_3m,0.10143514350878509,0.026168099192316142,0.07526704431646894,0.6666666666666666,0.6666666666666666,3.0,overlapping_horizon_score_to_return,3-month overlapping forward-return diagnostic; not a monthly executable backtest
top_k_next_3m | ObjectiveSpecific[top_k_next_3m][XGBoost searched] Calibration Base,top_k_next_3m,ObjectiveSpecific[top_k_next_3m][XGBoost searched] Calibration Base,2025-01,3,forward_3m_return,target_top_k_next_3m,0.018136573030127202,-0.000419691007017553,0.018556264037144755,0.6666666666666666,0.6666666666666666,3.0,overlapping_horizon_score_to_return,3-month overlapping forward-return diagnostic; not a monthly executable backtest
top_k_next_3m | ObjectiveSpecific[top_k_next_3m][XGBoost searched] Calibration Base,top_k_next_3m,ObjectiveSpecific[top_k_next_3m][XGBoost searched] Calibration Base,2025-02,3,forward_3m_return,target_top_k_next_3m,-0.006552202260450578,0.007707493151291189,-0.014259695411741767,0.3333333333333333,0.6666666666666666,3.0,overlapping_horizon_score_to_return,3-month overlapping forward-return diagnostic; not a monthly executable backtest
top_k_next_3m | ObjectiveSpecific[top_k_next_3m][XGBoost searched] Calibration Base,top_k_next_3m,ObjectiveSpecific[top_k_next_3m][XGBoost searched] Calibration Base,2025-03,3,forward_3m_return,target_top_k_next_3m,0.09090765420661387,0.06246846106141658,0.028439193145197286,0.6666666666666666,0.6666666666666666,3.0,overlapping_horizon_score_to_return,3-month overlapping forward-return diagnostic; not a monthly executable backtest
top_k_next_3m | ObjectiveSpecific[top_k_next_3m][XGBoost searched] Calibration Base,top_k_next_3m,ObjectiveSpecific[top_k_next_3m][XGBoost searched] Calibration Base,2025-04,3,forward_3m_return,target_top_k_next_3m,0.04722735715224857,0.07422575365591817,-0.0269983965036696,0.3333333333333333,0.6666666666666666,3.0,overlapping_horizon_score_to_return,3-month overlapping forward-return diagnostic; not a monthly executable backtest
top_k_next_3m | ObjectiveSpecific[top_k_next_3m][XGBoost searched] Calibration Base,top_k_next_3m,ObjectiveSpecific[top_k_next_3m][XGBoost searched] Calibration Base,2025-05,3,forward_3m_return,target_top_k_next_3m,0.05733868550454221,0.0666696350225742,-0.00933094951803199,0.3333333333333333,0.6666666666666666,3.0,overlapping_horizon_score_to_return,3-month overlapping forward-return diagnostic; not a monthly executable backtest
top_k_next_3m | ObjectiveSpecific[top_k_next_3m][XGBoost searched] Calibration Base,top_k_next_3m,ObjectiveSpecific[top_k_next_3m][XGBoost searched] Calibration Base,2025-06,3,forward_3m_return,target_top_k_next_3m,0.0671122539177978,0.07399196314421512,-0.006879709226417313,0.3333333333333333,1.9999999999999998,3.0,overlapping_horizon_score_to_return,3-month overlapping forward-return diagnostic; not a monthly executable backtest
top_k_next_3m | ObjectiveSpecific[top_k_next_3m][XGBoost searched] Calibration Base,top_k_next_3m,ObjectiveSpecific[top_k_next_3m][XGBoost searched] Calibration Base,2025-07,3,forward_3m_return,target_top_k_next_3m,0.08321003100895615,0.09011438374522047,-0.00690435273626433,0.3333333333333333,1.9999999999999998,3.0,overlapping_horizon_score_to_return,3-month overlapping forward-return diagnostic; not a monthly executable backtest
top_k_next_3m | ObjectiveSpecific[top_k_next_3m][XGBoost searched] Calibration Base,top_k_next_3m,ObjectiveSpecific[top_k_next_3m][XGBoost searched] Calibration Base,2025-08,3,forward_3m_return,target_top_k_next_3m,0.07413391929350432,0.0667353713766303,0.0073985479168740265,0.3333333333333333,1.3333333333333333,3.0,overlapping_horizon_score_to_return,3-month overlapping forward-return diagnostic; not a monthly executable backtest
top_k_next_3m | ObjectiveSpecific[top_k_next_3m][XGBoost searched] Calibration Base,top_k_next_3m,ObjectiveSpecific[top_k_next_3m][XGBoost searched] Calibration Base,2025-09,3,forward_3m_return,target_top_k_next_3m,0.03294169531279485,0.03827326747102876,-0.005331572158233905,0.3333333333333333,0.6666666666666666,3.0,overlapping_horizon_score_to_return,3-month overlapping forward-return diagnostic; not a monthly executable backtest
top_k_next_3m | ObjectiveSpecific[top_k_next_3m][XGBoost searched] Calibration Base,top_k_next_3m,ObjectiveSpecific[top_k_next_3m][XGBoost searched] Calibration Base,2025-10,3,forward_3m_return,target_top_k_next_3m,0.06510879854978331,0.05221985249733507,0.012888946052448239,0.3333333333333333,0.6666666666666666,3.0,overlapping_horizon_score_to_return,3-month overlapping forward-return diagnostic; not a monthly executable backtest
top_k_next_3m | ObjectiveSpecific[top_k_next_3m][XGBoost searched] Calibration Base,top_k_next_3m,ObjectiveSpecific[top_k_next_3m][XGBoost searched] Calibration Base,2025-11,3,forward_3m_return,target_top_k_next_3m,0.06595998234329892,0.08120968448414774,-0.015249702140848823,0.3333333333333333,1.3333333333333333,3.0,overlapping_horizon_score_to_return,3-month overlapping forward-return diagnostic; not a monthly executable backtest
top_k_next_3m | ObjectiveSpecific[top_k_next_3m][XGBoost searched] Calibration Base,top_k_next_3m,ObjectiveSpecific[top_k_next_3m][XGBoost searched] Calibration Base,2025-12,3,forward_3m_return,target_top_k_next_3m,0.09356472875791169,0.028044841689618405,0.06551988706829329,0.6666666666666666,0.6666666666666666,3.0,overlapping_horizon_score_to_return,3-month overlapping forward-return diagnostic; not a monthly executable backtest
top_k_next_3m | ObjectiveSpecific[top_k_next_3m][XGBoost searched] Calibration Base,top_k_next_3m,ObjectiveSpecific[top_k_next_3m][XGBoost searched] Calibration Base,2026-01,3,forward_3m_return,target_top_k_next_3m,0.05511101436057182,0.04509778793046517,0.010013226430106652,0.3333333333333333,0.6666666666666666,3.0,overlapping_horizon_score_to_return,3-month overlapping forward-return diagnostic; not a monthly executable backtest
top_k_next_3m | ObjectiveSpecific[top_k_next_3m][XGBoost searched] Calibrated,top_k_next_3m,ObjectiveSpecific[top_k_next_3m][XGBoost searched] Calibrated,2020-01,3,forward_3m_return,target_top_k_next_3m,0.04122845357247813,-0.0921117135528258,0.13334016712530394,0.6666666666666666,1.0,3.0,overlapping_horizon_score_to_return,3-month overlapping forward-return diagnostic; not a monthly executable backtest
top_k_next_3m | ObjectiveSpecific[top_k_next_3m][XGBoost searched] Calibrated,top_k_next_3m,ObjectiveSpecific[top_k_next_3m][XGBoost searched] Calibrated,2020-02,3,forward_3m_return,target_top_k_next_3m,0.03670145742997192,-0.009592706702394227,0.046294164132366145,0.3333333333333333,0.0,3.0,overlapping_horizon_score_to_return,3-month overlapping forward-return diagnostic; not a monthly executable backtest
top_k_next_3m | ObjectiveSpecific[top_k_next_3m][XGBoost searched] Calibrated,top_k_next_3m,ObjectiveSpecific[top_k_next_3m][XGBoost searched] Calibrated,2020-03,3,forward_3m_return,target_top_k_next_3m,0.09800276261867487,0.19862209789741386,-0.100619335278739,0.3333333333333333,0.6666666666666666,3.0,overlapping_horizon_score_to_return,3-month overlapping forward-return diagnostic; not a monthly executable backtest
top_k_next_3m | ObjectiveSpecific[top_k_next_3m][XGBoost searched] Calibrated,top_k_next_3m,ObjectiveSpecific[top_k_next_3m][XGBoost searched] Calibrated,2020-04,3,forward_3m_return,target_top_k_next_3m,0.06464472644262301,0.1206414990186265,-0.055996772576003495,0.3333333333333333,0.6666666666666666,3.0,overlapping_horizon_score_to_return,3-month overlapping forward-return diagnostic; not a monthly executable backtest
top_k_next_3m | ObjectiveSpecific[top_k_next_3m][XGBoost searched] Calibrated,top_k_next_3m,ObjectiveSpecific[top_k_next_3m][XGBoost searched] Calibrated,2020-05,3,forward_3m_return,target_top_k_next_3m,0.08168214152975861,0.09897481214727596,-0.017292670617517353,0.0,0.6666666666666666,3.0,overlapping_horizon_score_to_return,3-month overlapping forward-return diagnostic; not a monthly executable backtest
top_k_next_3m | ObjectiveSpecific[top_k_next_3m][XGBoost searched] Calibrated,top_k_next_3m,ObjectiveSpecific[top_k_next_3m][XGBoost searched] Calibrated,2020-06,3,forward_3m_return,target_top_k_next_3m,0.06996389779859287,0.03557389742106315,0.03439000037752972,0.3333333333333333,0.6666666666666666,3.0,overlapping_horizon_score_to_return,3-month overlapping forward-return diagnostic; not a monthly executable backtest
top_k_next_3m | ObjectiveSpecific[top_k_next_3m][XGBoost searched] Calibrated,top_k_next_3m,ObjectiveSpecific[top_k_next_3m][XGBoost searched] Calibrated,2020-07,3,forward_3m_return,target_top_k_next_3m,0.02131125854468204,-0.0181872482182715,0.039498506762953536,0.6666666666666666,1.3333333333333333,3.0,overlapping_horizon_score_to_return,3-month overlapping forward-return diagnostic; not a monthly executable backtest
top_k_next_3m | ObjectiveSpecific[top_k_next_3m][XGBoost searched] Calibrated,top_k_next_3m,ObjectiveSpecific[top_k_next_3m][XGBoost searched] Calibrated,2020-08,3,forward_3m_return,target_top_k_next_3m,0.07159924877696389,0.05589039331485637,0.01570885546210752,0.3333333333333333,0.6666666666666666,3.0,overlapping_horizon_score_to_return,3-month overlapping forward-return diagnostic; not a monthly executable backtest
top_k_next_3m | ObjectiveSpecific[top_k_next_3m][XGBoost searched] Calibrated,top_k_next_3m,ObjectiveSpecific[top_k_next_3m][XGBoost searched] Calibrated,2020-09,3,forward_3m_return,target_top_k_next_3m,0.07435653214100897,0.143534600452596,-0.06917806831158703,0.0,1.3333333333333333,3.0,overlapping_horizon_score_to_return,3-month overlapping forward-return diagnostic; not a monthly executable backtest
top_k_next_3m | ObjectiveSpecific[top_k_next_3m][XGBoost searched] Calibrated,top_k_next_3m,ObjectiveSpecific[top_k_next_3m][XGBoost searched] Calibrated,2020-10,3,forward_3m_return,target_top_k_next_3m,0.10523079124171911,0.15977000951694204,-0.05453921827522293,0.0,0.6666666666666666,3.0,overlapping_horizon_score_to_return,3-month overlapping forward-return diagnostic; not a monthly executable backtest
top_k_next_3m | ObjectiveSpecific[top_k_next_3m][XGBoost searched] Calibrated,top_k_next_3m,ObjectiveSpecific[top_k_next_3m][XGBoost searched] Calibrated,2020-11,3,forward_3m_return,target_top_k_next_3m,0.07874928927596617,0.08201464876049233,-0.0032653594845261646,0.0,0.6666666666666666,3.0,overlapping_horizon_score_to_return,3-month overlapping forward-return diagnostic; not a monthly executable backtest
top_k_next_3m | ObjectiveSpecific[top_k_next_3m][XGBoost searched] Calibrated,top_k_next_3m,ObjectiveSpecific[top_k_next_3m][XGBoost searched] Calibrated,2020-12,3,forward_3m_return,target_top_k_next_3m,0.081894957043145,0.043666508291328766,0.03822844875181624,0.3333333333333333,1.3333333333333333,3.0,overlapping_horizon_score_to_return,3-month overlapping forward-return diagnostic; not a monthly executable backtest
top_k_next_3m | ObjectiveSpecific[top_k_next_3m][XGBoost searched] Calibrated,top_k_next_3m,ObjectiveSpecific[top_k_next_3m][XGBoost searched] Calibrated,2021-01,3,forward_3m_return,target_top_k_next_3m,0.21650721491453245,0.07154291002721548,0.14496430488731699,1.0,0.6666666666666666,3.0,overlapping_horizon_score_to_return,3-month overlapping forward-return diagnostic; not a monthly executable backtest
top_k_next_3m | ObjectiveSpecific[top_k_next_3m][XGBoost searched] Calibrated,top_k_next_3m,ObjectiveSpecific[top_k_next_3m][XGBoost searched] Calibrated,2021-02,3,forward_3m_return,target_top_k_next_3m,0.036690993490024804,0.061587546578811894,-0.02489655308878709,0.3333333333333333,1.3333333333333333,3.0,overlapping_horizon_score_to_return,3-month overlapping forward-return diagnostic; not a monthly executable backtest
top_k_next_3m | ObjectiveSpecific[top_k_next_3m][XGBoost searched] Calibrated,top_k_next_3m,ObjectiveSpecific[top_k_next_3m][XGBoost searched] Calibrated,2021-03,3,forward_3m_return,target_top_k_next_3m,0.0994124125566759,0.06190994266147254,0.037502469895203366,0.6666666666666666,1.3333333333333333,3.0,overlapping_horizon_score_to_return,3-month overlapping forward-return diagnostic; not a monthly executable backtest
top_k_next_3m | ObjectiveSpecific[top_k_next_3m][XGBoost searched] Calibrated,top_k_next_3m,ObjectiveSpecific[top_k_next_3m][XGBoost searched] Calibrated,2021-04,3,forward_3m_return,target_top_k_next_3m,0.038296401204481446,0.025220325420044896,0.01307607578443655,0.6666666666666666,1.3333333333333333,3.0,overlapping_horizon_score_to_return,3-month overlapping forward-return diagnostic; not a monthly executable backtest
top_k_next_3m | ObjectiveSpecific[top_k_next_3m][XGBoost searched] Calibrated,top_k_next_3m,ObjectiveSpecific[top_k_next_3m][XGBoost searched] Calibrated,2021-05,3,forward_3m_return,target_top_k_next_3m,0.03401699290313135,0.015466369129023627,0.018550623774107725,0.3333333333333333,0.6666666666666666,3.0,overlapping_horizon_score_to_return,3-month overlapping forward-return diagnostic; not a monthly executable backtest
top_k_next_3m | ObjectiveSpecific[top_k_next_3m][XGBoost searched] Calibrated,top_k_next_3m,ObjectiveSpecific[top_k_next_3m][XGBoost searched] Calibrated,2021-06,3,forward_3m_return,target_top_k_next_3m,-0.007369562520721332,-0.013365553449628153,0.005995990928906821,0.3333333333333333,0.6666666666666666,3.0,overlapping_horizon_score_to_return,3-month overlapping forward-return diagnostic; not a monthly executable backtest
top_k_next_3m | ObjectiveSpecific[top_k_next_3m][XGBoost searched] Calibrated,top_k_next_3m,ObjectiveSpecific[top_k_next_3m][XGBoost searched] Calibrated,2021-07,3,forward_3m_return,target_top_k_next_3m,0.04627082570782355,0.036205834973662455,0.010064990734161096,0.3333333333333333,0.0,3.0,overlapping_horizon_score_to_return,3-month overlapping forward-return diagnostic; not a monthly executable backtest
top_k_next_3m | ObjectiveSpecific[top_k_next_3m][XGBoost searched] Calibrated,top_k_next_3m,ObjectiveSpecific[top_k_next_3m][XGBoost searched] Calibrated,2021-08,3,forward_3m_return,target_top_k_next_3m,-0.001442020145409284,0.01142905634327871,-0.012871076488687993,0.3333333333333333,0.6666666666666666,3.0,overlapping_horizon_score_to_return,3-month overlapping forward-return diagnostic; not a monthly executable backtest
top_k_next_3m | ObjectiveSpecific[top_k_next_3m][XGBoost searched] Calibrated,top_k_next_3m,ObjectiveSpecific[top_k_next_3m][XGBoost searched] Calibrated,2021-09,3,forward_3m_return,target_top_k_next_3m,0.041002841137720195,0.042564625977140856,-0.0015617848394206615,0.3333333333333333,0.0,3.0,overlapping_horizon_score_to_return,3-month overlapping forward-return diagnostic; not a monthly executable backtest
top_k_next_3m | ObjectiveSpecific[top_k_next_3m][XGBoost searched] Calibrated,top_k_next_3m,ObjectiveSpecific[top_k_next_3m][XGBoost searched] Calibrated,2021-10,3,forward_3m_return,target_top_k_next_3m,0.002843963440917051,-0.01656254901186057,0.01940651245277762,0.3333333333333333,0.6666666666666666,3.0,overlapping_horizon_score_to_return,3-month overlapping forward-return diagnostic; not a monthly executable backtest
top_k_next_3m | ObjectiveSpecific[top_k_next_3m][XGBoost searched] Calibrated,top_k_next_3m,ObjectiveSpecific[top_k_next_3m][XGBoost searched] Calibrated,2021-11,3,forward_3m_return,target_top_k_next_3m,-0.04624439999824688,-0.009654621484755477,-0.036589778513491406,0.0,1.3333333333333333,3.0,overlapping_horizon_score_to_return,3-month overlapping forward-return diagnostic; not a monthly executable backtest
top_k_next_3m | ObjectiveSpecific[top_k_next_3m][XGBoost searched] Calibrated,top_k_next_3m,ObjectiveSpecific[top_k_next_3m][XGBoost searched] Calibrated,2021-12,3,forward_3m_return,target_top_k_next_3m,-0.07051727159142636,-0.007974201926096847,-0.0625430696653295,0.0,1.3333333333333333,3.0,overlapping_horizon_score_to_return,3-month overlapping forward-return diagnostic; not a monthly executable backtest
top_k_next_3m | ObjectiveSpecific[top_k_next_3m][XGBoost searched] Calibrated,top_k_next_3m,ObjectiveSpecific[top_k_next_3m][XGBoost searched] Calibrated,2022-01,3,forward_3m_return,target_top_k_next_3m,-0.023717248630153266,-0.0732497189346082,0.049532470304454936,0.6666666666666666,0.6666666666666666,3.0,overlapping_horizon_score_to_return,3-month overlapping forward-return diagnostic; not a monthly executable backtest
top_k_next_3m | ObjectiveSpecific[top_k_next_3m][XGBoost searched] Calibrated,top_k_next_3m,ObjectiveSpecific[top_k_next_3m][XGBoost searched] Calibrated,2022-02,3,forward_3m_return,target_top_k_next_3m,0.04335962181025113,-0.043097456884075146,0.08645707869432628,0.3333333333333333,0.6666666666666666,3.0,overlapping_horizon_score_to_return,3-month overlapping forward-return diagnostic; not a monthly executable backtest
top_k_next_3m | ObjectiveSpecific[top_k_next_3m][XGBoost searched] Calibrated,top_k_next_3m,ObjectiveSpecific[top_k_next_3m][XGBoost searched] Calibrated,2022-03,3,forward_3m_return,target_top_k_next_3m,-0.11842850644710541,-0.12764142043198384,0.009212913984878432,0.3333333333333333,0.6666666666666666,3.0,overlapping_horizon_score_to_return,3-month overlapping forward-return diagnostic; not a monthly executable backtest
top_k_next_3m | ObjectiveSpecific[top_k_next_3m][XGBoost searched] Calibrated,top_k_next_3m,ObjectiveSpecific[top_k_next_3m][XGBoost searched] Calibrated,2022-04,3,forward_3m_return,target_top_k_next_3m,0.010984296242085818,-0.0058644617642282125,0.01684875800631403,0.3333333333333333,0.6666666666666666,3.0,overlapping_horizon_score_to_return,3-month overlapping forward-return diagnostic; not a monthly executable backtest
top_k_next_3m | ObjectiveSpecific[top_k_next_3m][XGBoost searched] Calibrated,top_k_next_3m,ObjectiveSpecific[top_k_next_3m][XGBoost searched] Calibrated,2022-05,3,forward_3m_return,target_top_k_next_3m,-0.09136758165933896,-0.063292849482713,-0.028074732176625955,0.0,0.6666666666666666,3.0,overlapping_horizon_score_to_return,3-month overlapping forward-return diagnostic; not a monthly executable backtest
top_k_next_3m | ObjectiveSpecific[top_k_next_3m][XGBoost searched] Calibrated,top_k_next_3m,ObjectiveSpecific[top_k_next_3m][XGBoost searched] Calibrated,2022-06,3,forward_3m_return,target_top_k_next_3m,-0.041711186705519356,-0.04724242770935645,0.0055312410038370965,0.3333333333333333,1.3333333333333333,3.0,overlapping_horizon_score_to_return,3-month overlapping forward-return diagnostic; not a monthly executable backtest
top_k_next_3m | ObjectiveSpecific[top_k_next_3m][XGBoost searched] Calibrated,top_k_next_3m,ObjectiveSpecific[top_k_next_3m][XGBoost searched] Calibrated,2022-07,3,forward_3m_return,target_top_k_next_3m,0.0261530935056236,-0.04324771276497806,0.06940080627060166,0.3333333333333333,0.6666666666666666,3.0,overlapping_horizon_score_to_return,3-month overlapping forward-return diagnostic; not a monthly executable backtest
top_k_next_3m | ObjectiveSpecific[top_k_next_3m][XGBoost searched] Calibrated,top_k_next_3m,ObjectiveSpecific[top_k_next_3m][XGBoost searched] Calibrated,2022-08,3,forward_3m_return,target_top_k_next_3m,0.11031705412290956,0.04779636350728574,0.06252069061562382,0.6666666666666666,0.0,3.0,overlapping_horizon_score_to_return,3-month overlapping forward-return diagnostic; not a monthly executable backtest
top_k_next_3m | ObjectiveSpecific[top_k_next_3m][XGBoost searched] Calibrated,top_k_next_3m,ObjectiveSpecific[top_k_next_3m][XGBoost searched] Calibrated,2022-09,3,forward_3m_return,target_top_k_next_3m,0.03894910746762337,0.0823014549869842,-0.04335234751936083,0.0,1.3333333333333333,3.0,overlapping_horizon_score_to_return,3-month overlapping forward-return diagnostic; not a monthly executable backtest
top_k_next_3m | ObjectiveSpecific[top_k_next_3m][XGBoost searched] Calibrated,top_k_next_3m,ObjectiveSpecific[top_k_next_3m][XGBoost searched] Calibrated,2022-10,3,forward_3m_return,target_top_k_next_3m,0.07266876454299039,0.08999063162591828,-0.01732186708292789,0.3333333333333333,1.3333333333333333,3.0,overlapping_horizon_score_to_return,3-month overlapping forward-return diagnostic; not a monthly executable backtest
top_k_next_3m | ObjectiveSpecific[top_k_next_3m][XGBoost searched] Calibrated,top_k_next_3m,ObjectiveSpecific[top_k_next_3m][XGBoost searched] Calibrated,2022-11,3,forward_3m_return,target_top_k_next_3m,-0.004525842662232994,-0.009622359703316218,0.0050965170410832246,0.3333333333333333,0.6666666666666666,3.0,overlapping_horizon_score_to_return,3-month overlapping forward-return diagnostic; not a monthly executable backtest
top_k_next_3m | ObjectiveSpecific[top_k_next_3m][XGBoost searched] Calibrated,top_k_next_3m,ObjectiveSpecific[top_k_next_3m][XGBoost searched] Calibrated,2022-12,3,forward_3m_return,target_top_k_next_3m,0.04996795557270883,0.04678307051036268,0.0031848850623461544,0.3333333333333333,0.6666666666666666,3.0,overlapping_horizon_score_to_return,3-month overlapping forward-return diagnostic; not a monthly executable backtest
top_k_next_3m | ObjectiveSpecific[top_k_next_3m][XGBoost searched] Calibrated,top_k_next_3m,ObjectiveSpecific[top_k_next_3m][XGBoost searched] Calibrated,2023-01,3,forward_3m_return,target_top_k_next_3m,-0.0070986440551684335,-0.008814181009664713,0.001715536954496279,0.3333333333333333,0.6666666666666666,3.0,overlapping_horizon_score_to_return,3-month overlapping forward-return diagnostic; not a monthly executable backtest
top_k_next_3m | ObjectiveSpecific[top_k_next_3m][XGBoost searched] Calibrated,top_k_next_3m,ObjectiveSpecific[top_k_next_3m][XGBoost searched] Calibrated,2023-02,3,forward_3m_return,target_top_k_next_3m,-0.006498783383369323,0.013797491073661117,-0.02029627445703044,0.3333333333333333,0.6666666666666666,3.0,overlapping_horizon_score_to_return,3-month overlapping forward-return diagnostic; not a monthly executable backtest
top_k_next_3m | ObjectiveSpecific[top_k_next_3m][XGBoost searched] Calibrated,top_k_next_3m,ObjectiveSpecific[top_k_next_3m][XGBoost searched] Calibrated,2023-03,3,forward_3m_return,target_top_k_next_3m,0.09309641204389596,0.028651903905981057,0.0644445081379149,0.6666666666666666,0.6666666666666666,3.0,overlapping_horizon_score_to_return,3-month overlapping forward-return diagnostic; not a monthly executable backtest
top_k_next_3m | ObjectiveSpecific[top_k_next_3m][XGBoost searched] Calibrated,top_k_next_3m,ObjectiveSpecific[top_k_next_3m][XGBoost searched] Calibrated,2023-04,3,forward_3m_return,target_top_k_next_3m,0.03791203725802446,0.05122851959188569,-0.013316482333861235,0.3333333333333333,1.3333333333333333,3.0,overlapping_horizon_score_to_return,3-month overlapping forward-return diagnostic; not a monthly executable backtest
top_k_next_3m | ObjectiveSpecific[top_k_next_3m][XGBoost searched] Calibrated,top_k_next_3m,ObjectiveSpecific[top_k_next_3m][XGBoost searched] Calibrated,2023-05,3,forward_3m_return,target_top_k_next_3m,0.09040396790610594,0.05247402292208052,0.037929944984025424,0.3333333333333333,0.6666666666666666,3.0,overlapping_horizon_score_to_return,3-month overlapping forward-return diagnostic; not a monthly executable backtest
top_k_next_3m | ObjectiveSpecific[top_k_next_3m][XGBoost searched] Calibrated,top_k_next_3m,ObjectiveSpecific[top_k_next_3m][XGBoost searched] Calibrated,2023-06,3,forward_3m_return,target_top_k_next_3m,-0.03844490244615335,-0.035551004962809794,-0.002893897483343559,0.3333333333333333,0.6666666666666666,3.0,overlapping_horizon_score_to_return,3-month overlapping forward-return diagnostic; not a monthly executable backtest
top_k_next_3m | ObjectiveSpecific[top_k_next_3m][XGBoost searched] Calibrated,top_k_next_3m,ObjectiveSpecific[top_k_next_3m][XGBoost searched] Calibrated,2023-07,3,forward_3m_return,target_top_k_next_3m,-0.10659104291548951,-0.07877894687060062,-0.027812096044888893,0.0,0.0,3.0,overlapping_horizon_score_to_return,3-month overlapping forward-return diagnostic; not a monthly executable backtest
top_k_next_3m | ObjectiveSpecific[top_k_next_3m][XGBoost searched] Calibrated,top_k_next_3m,ObjectiveSpecific[top_k_next_3m][XGBoost searched] Calibrated,2023-08,3,forward_3m_return,target_top_k_next_3m,-0.017071683803672667,-0.0043027903261592115,-0.012768893477513456,0.0,1.3333333333333333,3.0,overlapping_horizon_score_to_return,3-month overlapping forward-return diagnostic; not a monthly executable backtest
top_k_next_3m | ObjectiveSpecific[top_k_next_3m][XGBoost searched] Calibrated,top_k_next_3m,ObjectiveSpecific[top_k_next_3m][XGBoost searched] Calibrated,2023-09,3,forward_3m_return,target_top_k_next_3m,0.0461076126544531,0.09575029571017588,-0.049642683055722774,0.0,0.6666666666666666,3.0,overlapping_horizon_score_to_return,3-month overlapping forward-return diagnostic; not a monthly executable backtest
top_k_next_3m | ObjectiveSpecific[top_k_next_3m][XGBoost searched] Calibrated,top_k_next_3m,ObjectiveSpecific[top_k_next_3m][XGBoost searched] Calibrated,2023-10,3,forward_3m_return,target_top_k_next_3m,0.14448998218028475,0.1224034225504301,0.022086559629854646,0.3333333333333333,1.3333333333333333,3.0,overlapping_horizon_score_to_return,3-month overlapping forward-return diagnostic; not a monthly executable backtest
top_k_next_3m | ObjectiveSpecific[top_k_next_3m][XGBoost searched] Calibrated,top_k_next_3m,ObjectiveSpecific[top_k_next_3m][XGBoost searched] Calibrated,2023-11,3,forward_3m_return,target_top_k_next_3m,0.09999124595338152,0.07582689724165208,0.02416434871172944,0.3333333333333333,0.6666666666666666,3.0,overlapping_horizon_score_to_return,3-month overlapping forward-return diagnostic; not a monthly executable backtest
top_k_next_3m | ObjectiveSpecific[top_k_next_3m][XGBoost searched] Calibrated,top_k_next_3m,ObjectiveSpecific[top_k_next_3m][XGBoost searched] Calibrated,2023-12,3,forward_3m_return,target_top_k_next_3m,0.09015079224712208,0.06714657864740536,0.023004213599716716,0.3333333333333333,0.6666666666666666,3.0,overlapping_horizon_score_to_return,3-month overlapping forward-return diagnostic; not a monthly executable backtest
top_k_next_3m | ObjectiveSpecific[top_k_next_3m][XGBoost searched] Calibrated,top_k_next_3m,ObjectiveSpecific[top_k_next_3m][XGBoost searched] Calibrated,2024-01,3,forward_3m_return,target_top_k_next_3m,-0.010643083278678765,0.03147211170456575,-0.042115194983244515,0.0,0.6666666666666666,3.0,overlapping_horizon_score_to_return,3-month overlapping forward-return diagnostic; not a monthly executable backtest
top_k_next_3m | ObjectiveSpecific[top_k_next_3m][XGBoost searched] Calibrated,top_k_next_3m,ObjectiveSpecific[top_k_next_3m][XGBoost searched] Calibrated,2024-02,3,forward_3m_return,target_top_k_next_3m,0.01910247367063115,0.042281930791664014,-0.023179457121032865,0.0,0.0,3.0,overlapping_horizon_score_to_return,3-month overlapping forward-return diagnostic; not a monthly executable backtest
top_k_next_3m | ObjectiveSpecific[top_k_next_3m][XGBoost searched] Calibrated,top_k_next_3m,ObjectiveSpecific[top_k_next_3m][XGBoost searched] Calibrated,2024-03,3,forward_3m_return,target_top_k_next_3m,0.04073190076203692,0.011330766289411386,0.029401134472625535,0.6666666666666666,0.6666666666666666,3.0,overlapping_horizon_score_to_return,3-month overlapping forward-return diagnostic; not a monthly executable backtest
top_k_next_3m | ObjectiveSpecific[top_k_next_3m][XGBoost searched] Calibrated,top_k_next_3m,ObjectiveSpecific[top_k_next_3m][XGBoost searched] Calibrated,2024-04,3,forward_3m_return,target_top_k_next_3m,0.08322858736337127,0.07675726677463005,0.006471320588741225,0.3333333333333333,0.6666666666666666,3.0,overlapping_horizon_score_to_return,3-month overlapping forward-return diagnostic; not a monthly executable backtest
top_k_next_3m | ObjectiveSpecific[top_k_next_3m][XGBoost searched] Calibrated,top_k_next_3m,ObjectiveSpecific[top_k_next_3m][XGBoost searched] Calibrated,2024-05,3,forward_3m_return,target_top_k_next_3m,0.06986264843451558,0.04970151700166662,0.020161131432848957,0.3333333333333333,0.0,3.0,overlapping_horizon_score_to_return,3-month overlapping forward-return diagnostic; not a monthly executable backtest
top_k_next_3m | ObjectiveSpecific[top_k_next_3m][XGBoost searched] Calibrated,top_k_next_3m,ObjectiveSpecific[top_k_next_3m][XGBoost searched] Calibrated,2024-06,3,forward_3m_return,target_top_k_next_3m,0.08102123795168295,0.06580143287026231,0.015219805081420637,0.3333333333333333,0.6666666666666666,3.0,overlapping_horizon_score_to_return,3-month overlapping forward-return diagnostic; not a monthly executable backtest
top_k_next_3m | ObjectiveSpecific[top_k_next_3m][XGBoost searched] Calibrated,top_k_next_3m,ObjectiveSpecific[top_k_next_3m][XGBoost searched] Calibrated,2024-07,3,forward_3m_return,target_top_k_next_3m,0.01731328404988941,0.02347464954269781,-0.0061613654928084,0.0,0.6666666666666666,3.0,overlapping_horizon_score_to_return,3-month overlapping forward-return diagnostic; not a monthly executable backtest
top_k_next_3m | ObjectiveSpecific[top_k_next_3m][XGBoost searched] Calibrated,top_k_next_3m,ObjectiveSpecific[top_k_next_3m][XGBoost searched] Calibrated,2024-08,3,forward_3m_return,target_top_k_next_3m,0.05706217001906018,0.04565516958554672,0.011407000433513462,0.3333333333333333,1.3333333333333333,3.0,overlapping_horizon_score_to_return,3-month overlapping forward-return diagnostic; not a monthly executable backtest
top_k_next_3m | ObjectiveSpecific[top_k_next_3m][XGBoost searched] Calibrated,top_k_next_3m,ObjectiveSpecific[top_k_next_3m][XGBoost searched] Calibrated,2024-09,3,forward_3m_return,target_top_k_next_3m,0.034376684464977325,-0.01289136657095975,0.04726805103593708,0.6666666666666666,1.3333333333333333,3.0,overlapping_horizon_score_to_return,3-month overlapping forward-return diagnostic; not a monthly executable backtest
top_k_next_3m | ObjectiveSpecific[top_k_next_3m][XGBoost searched] Calibrated,top_k_next_3m,ObjectiveSpecific[top_k_next_3m][XGBoost searched] Calibrated,2024-10,3,forward_3m_return,target_top_k_next_3m,0.06439120037089419,0.012193345814492284,0.0521978545564019,1.0,0.6666666666666666,3.0,overlapping_horizon_score_to_return,3-month overlapping forward-return diagnostic; not a monthly executable backtest
top_k_next_3m | ObjectiveSpecific[top_k_next_3m][XGBoost searched] Calibrated,top_k_next_3m,ObjectiveSpecific[top_k_next_3m][XGBoost searched] Calibrated,2024-11,3,forward_3m_return,target_top_k_next_3m,-0.031416698138690705,0.0043589001304387585,-0.03577559826912946,0.3333333333333333,0.6666666666666666,3.0,overlapping_horizon_score_to_return,3-month overlapping forward-return diagnostic; not a monthly executable backtest
top_k_next_3m | ObjectiveSpecific[top_k_next_3m][XGBoost searched] Calibrated,top_k_next_3m,ObjectiveSpecific[top_k_next_3m][XGBoost searched] Calibrated,2024-12,3,forward_3m_return,target_top_k_next_3m,-0.03450777191435728,0.026168099192316142,-0.06067587110667342,0.0,1.3333333333333333,3.0,overlapping_horizon_score_to_return,3-month overlapping forward-return diagnostic; not a monthly executable backtest
top_k_next_3m | ObjectiveSpecific[top_k_next_3m][XGBoost searched] Calibrated,top_k_next_3m,ObjectiveSpecific[top_k_next_3m][XGBoost searched] Calibrated,2025-01,3,forward_3m_return,target_top_k_next_3m,-0.04935839635461903,-0.000419691007017553,-0.048938705347601474,0.0,0.6666666666666666,3.0,overlapping_horizon_score_to_return,3-month overlapping forward-return diagnostic; not a monthly executable backtest
top_k_next_3m | ObjectiveSpecific[top_k_next_3m][XGBoost searched] Calibrated,top_k_next_3m,ObjectiveSpecific[top_k_next_3m][XGBoost searched] Calibrated,2025-02,3,forward_3m_return,target_top_k_next_3m,-0.01790119745225342,0.007707493151291189,-0.025608690603544607,0.0,1.3333333333333333,3.0,overlapping_horizon_score_to_return,3-month overlapping forward-return diagnostic; not a monthly executable backtest
top_k_next_3m | ObjectiveSpecific[top_k_next_3m][XGBoost searched] Calibrated,top_k_next_3m,ObjectiveSpecific[top_k_next_3m][XGBoost searched] Calibrated,2025-03,3,forward_3m_return,target_top_k_next_3m,0.08661963431567561,0.06246846106141658,0.02415117325425903,0.3333333333333333,0.6666666666666666,3.0,overlapping_horizon_score_to_return,3-month overlapping forward-return diagnostic; not a monthly executable backtest
top_k_next_3m | ObjectiveSpecific[top_k_next_3m][XGBoost searched] Calibrated,top_k_next_3m,ObjectiveSpecific[top_k_next_3m][XGBoost searched] Calibrated,2025-04,3,forward_3m_return,target_top_k_next_3m,0.05669836824411304,0.07422575365591817,-0.01752738541180513,0.3333333333333333,1.3333333333333333,3.0,overlapping_horizon_score_to_return,3-month overlapping forward-return diagnostic; not a monthly executable backtest
top_k_next_3m | ObjectiveSpecific[top_k_next_3m][XGBoost searched] Calibrated,top_k_next_3m,ObjectiveSpecific[top_k_next_3m][XGBoost searched] Calibrated,2025-05,3,forward_3m_return,target_top_k_next_3m,0.06816422453721219,0.0666696350225742,0.0014945895146379895,0.0,0.6666666666666666,3.0,overlapping_horizon_score_to_return,3-month overlapping forward-return diagnostic; not a monthly executable backtest
top_k_next_3m | ObjectiveSpecific[top_k_next_3m][XGBoost searched] Calibrated,top_k_next_3m,ObjectiveSpecific[top_k_next_3m][XGBoost searched] Calibrated,2025-06,3,forward_3m_return,target_top_k_next_3m,0.0733381240547409,0.07399196314421512,-0.000653839089474223,0.0,0.0,3.0,overlapping_horizon_score_to_return,3-month overlapping forward-return diagnostic; not a monthly executable backtest
top_k_next_3m | ObjectiveSpecific[top_k_next_3m][XGBoost searched] Calibrated,top_k_next_3m,ObjectiveSpecific[top_k_next_3m][XGBoost searched] Calibrated,2025-07,3,forward_3m_return,target_top_k_next_3m,0.12579757425962806,0.09011438374522047,0.03568319051440759,0.3333333333333333,0.6666666666666666,3.0,overlapping_horizon_score_to_return,3-month overlapping forward-return diagnostic; not a monthly executable backtest
top_k_next_3m | ObjectiveSpecific[top_k_next_3m][XGBoost searched] Calibrated,top_k_next_3m,ObjectiveSpecific[top_k_next_3m][XGBoost searched] Calibrated,2025-08,3,forward_3m_return,target_top_k_next_3m,0.0745898169480977,0.0667353713766303,0.007854445571467403,0.3333333333333333,0.0,3.0,overlapping_horizon_score_to_return,3-month overlapping forward-return diagnostic; not a monthly executable backtest
top_k_next_3m | ObjectiveSpecific[top_k_next_3m][XGBoost searched] Calibrated,top_k_next_3m,ObjectiveSpecific[top_k_next_3m][XGBoost searched] Calibrated,2025-09,3,forward_3m_return,target_top_k_next_3m,0.03650370692283629,0.03827326747102876,-0.001769560548192467,0.0,0.0,3.0,overlapping_horizon_score_to_return,3-month overlapping forward-return diagnostic; not a monthly executable backtest
top_k_next_3m | ObjectiveSpecific[top_k_next_3m][XGBoost searched] Calibrated,top_k_next_3m,ObjectiveSpecific[top_k_next_3m][XGBoost searched] Calibrated,2025-10,3,forward_3m_return,target_top_k_next_3m,0.06226258113468545,0.05221985249733507,0.010042728637350375,0.3333333333333333,1.3333333333333333,3.0,overlapping_horizon_score_to_return,3-month overlapping forward-return diagnostic; not a monthly executable backtest
top_k_next_3m | ObjectiveSpecific[top_k_next_3m][XGBoost searched] Calibrated,top_k_next_3m,ObjectiveSpecific[top_k_next_3m][XGBoost searched] Calibrated,2025-11,3,forward_3m_return,target_top_k_next_3m,0.09109774484553612,0.08120968448414774,0.009888060361388382,0.3333333333333333,0.0,3.0,overlapping_horizon_score_to_return,3-month overlapping forward-return diagnostic; not a monthly executable backtest
top_k_next_3m | ObjectiveSpecific[top_k_next_3m][XGBoost searched] Calibrated,top_k_next_3m,ObjectiveSpecific[top_k_next_3m][XGBoost searched] Calibrated,2025-12,3,forward_3m_return,target_top_k_next_3m,0.012054507863623535,0.028044841689618405,-0.015990333825994872,0.3333333333333333,0.0,3.0,overlapping_horizon_score_to_return,3-month overlapping forward-return diagnostic; not a monthly executable backtest
top_k_next_3m | ObjectiveSpecific[top_k_next_3m][XGBoost searched] Calibrated,top_k_next_3m,ObjectiveSpecific[top_k_next_3m][XGBoost searched] Calibrated,2026-01,3,forward_3m_return,target_top_k_next_3m,0.006321606885391443,0.04509778793046517,-0.03877618104507373,0.0,0.0,3.0,overlapping_horizon_score_to_return,3-month overlapping forward-return diagnostic; not a monthly executable backtest
top_k_next_3m | ObjectiveSpecific[top_k_next_3m][TabPFN direct],top_k_next_3m,ObjectiveSpecific[top_k_next_3m][TabPFN direct],2020-01,3,forward_3m_return,target_top_k_next_3m,-0.16331350277554615,-0.0921117135528258,-0.07120178922272036,0.0,1.0,3.0,overlapping_horizon_score_to_return,3-month overlapping forward-return diagnostic; not a monthly executable backtest
top_k_next_3m | ObjectiveSpecific[top_k_next_3m][TabPFN direct],top_k_next_3m,ObjectiveSpecific[top_k_next_3m][TabPFN direct],2020-02,3,forward_3m_return,target_top_k_next_3m,-0.01678431255392084,-0.009592706702394227,-0.007191605851526612,0.3333333333333333,0.0,3.0,overlapping_horizon_score_to_return,3-month overlapping forward-return diagnostic; not a monthly executable backtest
top_k_next_3m | ObjectiveSpecific[top_k_next_3m][TabPFN direct],top_k_next_3m,ObjectiveSpecific[top_k_next_3m][TabPFN direct],2020-03,3,forward_3m_return,target_top_k_next_3m,0.28486805671231935,0.19862209789741386,0.08624595881490549,0.6666666666666666,0.0,3.0,overlapping_horizon_score_to_return,3-month overlapping forward-return diagnostic; not a monthly executable backtest
top_k_next_3m | ObjectiveSpecific[top_k_next_3m][TabPFN direct],top_k_next_3m,ObjectiveSpecific[top_k_next_3m][TabPFN direct],2020-04,3,forward_3m_return,target_top_k_next_3m,0.171068670221743,0.1206414990186265,0.05042717120311649,0.3333333333333333,0.0,3.0,overlapping_horizon_score_to_return,3-month overlapping forward-return diagnostic; not a monthly executable backtest
top_k_next_3m | ObjectiveSpecific[top_k_next_3m][TabPFN direct],top_k_next_3m,ObjectiveSpecific[top_k_next_3m][TabPFN direct],2020-05,3,forward_3m_return,target_top_k_next_3m,0.09298867161202572,0.09897481214727596,-0.005986140535250248,0.3333333333333333,0.6666666666666666,3.0,overlapping_horizon_score_to_return,3-month overlapping forward-return diagnostic; not a monthly executable backtest
top_k_next_3m | ObjectiveSpecific[top_k_next_3m][TabPFN direct],top_k_next_3m,ObjectiveSpecific[top_k_next_3m][TabPFN direct],2020-06,3,forward_3m_return,target_top_k_next_3m,0.09611312231162783,0.03557389742106315,0.06053922489056468,0.6666666666666666,0.6666666666666666,3.0,overlapping_horizon_score_to_return,3-month overlapping forward-return diagnostic; not a monthly executable backtest
top_k_next_3m | ObjectiveSpecific[top_k_next_3m][TabPFN direct],top_k_next_3m,ObjectiveSpecific[top_k_next_3m][TabPFN direct],2020-07,3,forward_3m_return,target_top_k_next_3m,-0.051086381328405074,-0.0181872482182715,-0.03289913311013357,0.3333333333333333,0.6666666666666666,3.0,overlapping_horizon_score_to_return,3-month overlapping forward-return diagnostic; not a monthly executable backtest
top_k_next_3m | ObjectiveSpecific[top_k_next_3m][TabPFN direct],top_k_next_3m,ObjectiveSpecific[top_k_next_3m][TabPFN direct],2020-08,3,forward_3m_return,target_top_k_next_3m,0.11580565215419295,0.05589039331485637,0.05991525883933658,0.6666666666666666,0.6666666666666666,3.0,overlapping_horizon_score_to_return,3-month overlapping forward-return diagnostic; not a monthly executable backtest
top_k_next_3m | ObjectiveSpecific[top_k_next_3m][TabPFN direct],top_k_next_3m,ObjectiveSpecific[top_k_next_3m][TabPFN direct],2020-09,3,forward_3m_return,target_top_k_next_3m,0.2854889195626661,0.143534600452596,0.1419543191100701,1.0,0.6666666666666666,3.0,overlapping_horizon_score_to_return,3-month overlapping forward-return diagnostic; not a monthly executable backtest
top_k_next_3m | ObjectiveSpecific[top_k_next_3m][TabPFN direct],top_k_next_3m,ObjectiveSpecific[top_k_next_3m][TabPFN direct],2020-10,3,forward_3m_return,target_top_k_next_3m,0.2448327324928172,0.15977000951694204,0.08506272297587517,0.3333333333333333,0.6666666666666666,3.0,overlapping_horizon_score_to_return,3-month overlapping forward-return diagnostic; not a monthly executable backtest
top_k_next_3m | ObjectiveSpecific[top_k_next_3m][TabPFN direct],top_k_next_3m,ObjectiveSpecific[top_k_next_3m][TabPFN direct],2020-11,3,forward_3m_return,target_top_k_next_3m,0.06093695521829094,0.08201464876049233,-0.02107769354220139,0.3333333333333333,0.6666666666666666,3.0,overlapping_horizon_score_to_return,3-month overlapping forward-return diagnostic; not a monthly executable backtest
top_k_next_3m | ObjectiveSpecific[top_k_next_3m][TabPFN direct],top_k_next_3m,ObjectiveSpecific[top_k_next_3m][TabPFN direct],2020-12,3,forward_3m_return,target_top_k_next_3m,0.02284138986261474,0.043666508291328766,-0.020825118428714026,0.3333333333333333,0.0,3.0,overlapping_horizon_score_to_return,3-month overlapping forward-return diagnostic; not a monthly executable backtest
top_k_next_3m | ObjectiveSpecific[top_k_next_3m][TabPFN direct],top_k_next_3m,ObjectiveSpecific[top_k_next_3m][TabPFN direct],2021-01,3,forward_3m_return,target_top_k_next_3m,0.0934470965514584,0.07154291002721548,0.02190418652424292,0.3333333333333333,0.0,3.0,overlapping_horizon_score_to_return,3-month overlapping forward-return diagnostic; not a monthly executable backtest
top_k_next_3m | ObjectiveSpecific[top_k_next_3m][TabPFN direct],top_k_next_3m,ObjectiveSpecific[top_k_next_3m][TabPFN direct],2021-02,3,forward_3m_return,target_top_k_next_3m,0.10695881204159947,0.061587546578811894,0.04537126546278758,0.6666666666666666,0.0,3.0,overlapping_horizon_score_to_return,3-month overlapping forward-return diagnostic; not a monthly executable backtest
top_k_next_3m | ObjectiveSpecific[top_k_next_3m][TabPFN direct],top_k_next_3m,ObjectiveSpecific[top_k_next_3m][TabPFN direct],2021-03,3,forward_3m_return,target_top_k_next_3m,0.07247948504837667,0.06190994266147254,0.010569542386904135,0.6666666666666666,0.0,3.0,overlapping_horizon_score_to_return,3-month overlapping forward-return diagnostic; not a monthly executable backtest
top_k_next_3m | ObjectiveSpecific[top_k_next_3m][TabPFN direct],top_k_next_3m,ObjectiveSpecific[top_k_next_3m][TabPFN direct],2021-04,3,forward_3m_return,target_top_k_next_3m,0.03350879884629521,0.025220325420044896,0.00828847342625031,0.3333333333333333,0.0,3.0,overlapping_horizon_score_to_return,3-month overlapping forward-return diagnostic; not a monthly executable backtest
top_k_next_3m | ObjectiveSpecific[top_k_next_3m][TabPFN direct],top_k_next_3m,ObjectiveSpecific[top_k_next_3m][TabPFN direct],2021-05,3,forward_3m_return,target_top_k_next_3m,0.010588450984646447,0.015466369129023627,-0.0048779181443771805,0.3333333333333333,0.6666666666666666,3.0,overlapping_horizon_score_to_return,3-month overlapping forward-return diagnostic; not a monthly executable backtest
top_k_next_3m | ObjectiveSpecific[top_k_next_3m][TabPFN direct],top_k_next_3m,ObjectiveSpecific[top_k_next_3m][TabPFN direct],2021-06,3,forward_3m_return,target_top_k_next_3m,-0.029177912945346256,-0.013365553449628153,-0.015812359495718104,0.3333333333333333,0.0,3.0,overlapping_horizon_score_to_return,3-month overlapping forward-return diagnostic; not a monthly executable backtest
top_k_next_3m | ObjectiveSpecific[top_k_next_3m][TabPFN direct],top_k_next_3m,ObjectiveSpecific[top_k_next_3m][TabPFN direct],2021-07,3,forward_3m_return,target_top_k_next_3m,0.007636739832633244,0.036205834973662455,-0.028569095141029212,0.3333333333333333,0.0,3.0,overlapping_horizon_score_to_return,3-month overlapping forward-return diagnostic; not a monthly executable backtest
top_k_next_3m | ObjectiveSpecific[top_k_next_3m][TabPFN direct],top_k_next_3m,ObjectiveSpecific[top_k_next_3m][TabPFN direct],2021-08,3,forward_3m_return,target_top_k_next_3m,-0.010335918048482216,0.01142905634327871,-0.021764974391760925,0.3333333333333333,0.0,3.0,overlapping_horizon_score_to_return,3-month overlapping forward-return diagnostic; not a monthly executable backtest
top_k_next_3m | ObjectiveSpecific[top_k_next_3m][TabPFN direct],top_k_next_3m,ObjectiveSpecific[top_k_next_3m][TabPFN direct],2021-09,3,forward_3m_return,target_top_k_next_3m,0.05118125244726383,0.042564625977140856,0.00861662647012297,0.3333333333333333,0.6666666666666666,3.0,overlapping_horizon_score_to_return,3-month overlapping forward-return diagnostic; not a monthly executable backtest
top_k_next_3m | ObjectiveSpecific[top_k_next_3m][TabPFN direct],top_k_next_3m,ObjectiveSpecific[top_k_next_3m][TabPFN direct],2021-10,3,forward_3m_return,target_top_k_next_3m,-0.03637503012196319,-0.01656254901186057,-0.01981248111010262,0.0,0.0,3.0,overlapping_horizon_score_to_return,3-month overlapping forward-return diagnostic; not a monthly executable backtest
top_k_next_3m | ObjectiveSpecific[top_k_next_3m][TabPFN direct],top_k_next_3m,ObjectiveSpecific[top_k_next_3m][TabPFN direct],2021-11,3,forward_3m_return,target_top_k_next_3m,-0.062411794189278814,-0.009654621484755477,-0.052757172704523334,0.3333333333333333,0.0,3.0,overlapping_horizon_score_to_return,3-month overlapping forward-return diagnostic; not a monthly executable backtest
top_k_next_3m | ObjectiveSpecific[top_k_next_3m][TabPFN direct],top_k_next_3m,ObjectiveSpecific[top_k_next_3m][TabPFN direct],2021-12,3,forward_3m_return,target_top_k_next_3m,-0.02964522011220372,-0.007974201926096847,-0.021671018186106873,0.3333333333333333,0.6666666666666666,3.0,overlapping_horizon_score_to_return,3-month overlapping forward-return diagnostic; not a monthly executable backtest
top_k_next_3m | ObjectiveSpecific[top_k_next_3m][TabPFN direct],top_k_next_3m,ObjectiveSpecific[top_k_next_3m][TabPFN direct],2022-01,3,forward_3m_return,target_top_k_next_3m,-0.0828448511647077,-0.0732497189346082,-0.009595132230099501,0.3333333333333333,0.0,3.0,overlapping_horizon_score_to_return,3-month overlapping forward-return diagnostic; not a monthly executable backtest
top_k_next_3m | ObjectiveSpecific[top_k_next_3m][TabPFN direct],top_k_next_3m,ObjectiveSpecific[top_k_next_3m][TabPFN direct],2022-02,3,forward_3m_return,target_top_k_next_3m,-0.07211162272258434,-0.043097456884075146,-0.029014165838509194,0.3333333333333333,0.0,3.0,overlapping_horizon_score_to_return,3-month overlapping forward-return diagnostic; not a monthly executable backtest
top_k_next_3m | ObjectiveSpecific[top_k_next_3m][TabPFN direct],top_k_next_3m,ObjectiveSpecific[top_k_next_3m][TabPFN direct],2022-03,3,forward_3m_return,target_top_k_next_3m,-0.10830522983384668,-0.12764142043198384,0.019336190598137168,0.6666666666666666,0.6666666666666666,3.0,overlapping_horizon_score_to_return,3-month overlapping forward-return diagnostic; not a monthly executable backtest
top_k_next_3m | ObjectiveSpecific[top_k_next_3m][TabPFN direct],top_k_next_3m,ObjectiveSpecific[top_k_next_3m][TabPFN direct],2022-04,3,forward_3m_return,target_top_k_next_3m,-0.0032516790646065132,-0.0058644617642282125,0.0026127826996216992,0.3333333333333333,0.0,3.0,overlapping_horizon_score_to_return,3-month overlapping forward-return diagnostic; not a monthly executable backtest
top_k_next_3m | ObjectiveSpecific[top_k_next_3m][TabPFN direct],top_k_next_3m,ObjectiveSpecific[top_k_next_3m][TabPFN direct],2022-05,3,forward_3m_return,target_top_k_next_3m,-0.06873376174920316,-0.063292849482713,-0.0054409122664901555,0.3333333333333333,0.6666666666666666,3.0,overlapping_horizon_score_to_return,3-month overlapping forward-return diagnostic; not a monthly executable backtest
top_k_next_3m | ObjectiveSpecific[top_k_next_3m][TabPFN direct],top_k_next_3m,ObjectiveSpecific[top_k_next_3m][TabPFN direct],2022-06,3,forward_3m_return,target_top_k_next_3m,-0.07242170307302061,-0.04724242770935645,-0.025179275363664155,0.0,0.0,3.0,overlapping_horizon_score_to_return,3-month overlapping forward-return diagnostic; not a monthly executable backtest
top_k_next_3m | ObjectiveSpecific[top_k_next_3m][TabPFN direct],top_k_next_3m,ObjectiveSpecific[top_k_next_3m][TabPFN direct],2022-07,3,forward_3m_return,target_top_k_next_3m,-0.04956910014762235,-0.04324771276497806,-0.006321387382644289,0.3333333333333333,0.6666666666666666,3.0,overlapping_horizon_score_to_return,3-month overlapping forward-return diagnostic; not a monthly executable backtest
top_k_next_3m | ObjectiveSpecific[top_k_next_3m][TabPFN direct],top_k_next_3m,ObjectiveSpecific[top_k_next_3m][TabPFN direct],2022-08,3,forward_3m_return,target_top_k_next_3m,0.06277578759787428,0.04779636350728574,0.014979424090588535,0.3333333333333333,0.0,3.0,overlapping_horizon_score_to_return,3-month overlapping forward-return diagnostic; not a monthly executable backtest
top_k_next_3m | ObjectiveSpecific[top_k_next_3m][TabPFN direct],top_k_next_3m,ObjectiveSpecific[top_k_next_3m][TabPFN direct],2022-09,3,forward_3m_return,target_top_k_next_3m,0.11371529094756701,0.0823014549869842,0.03141383596058281,0.3333333333333333,0.0,3.0,overlapping_horizon_score_to_return,3-month overlapping forward-return diagnostic; not a monthly executable backtest
top_k_next_3m | ObjectiveSpecific[top_k_next_3m][TabPFN direct],top_k_next_3m,ObjectiveSpecific[top_k_next_3m][TabPFN direct],2022-10,3,forward_3m_return,target_top_k_next_3m,0.1443469570291315,0.08999063162591828,0.054356325403213224,0.6666666666666666,0.0,3.0,overlapping_horizon_score_to_return,3-month overlapping forward-return diagnostic; not a monthly executable backtest
top_k_next_3m | ObjectiveSpecific[top_k_next_3m][TabPFN direct],top_k_next_3m,ObjectiveSpecific[top_k_next_3m][TabPFN direct],2022-11,3,forward_3m_return,target_top_k_next_3m,0.008367491163116931,-0.009622359703316218,0.01798985086643315,0.3333333333333333,0.6666666666666666,3.0,overlapping_horizon_score_to_return,3-month overlapping forward-return diagnostic; not a monthly executable backtest
top_k_next_3m | ObjectiveSpecific[top_k_next_3m][TabPFN direct],top_k_next_3m,ObjectiveSpecific[top_k_next_3m][TabPFN direct],2022-12,3,forward_3m_return,target_top_k_next_3m,0.09674270503623097,0.04678307051036268,0.049959634525868296,0.6666666666666666,0.0,3.0,overlapping_horizon_score_to_return,3-month overlapping forward-return diagnostic; not a monthly executable backtest
top_k_next_3m | ObjectiveSpecific[top_k_next_3m][TabPFN direct],top_k_next_3m,ObjectiveSpecific[top_k_next_3m][TabPFN direct],2023-01,3,forward_3m_return,target_top_k_next_3m,0.022889113320586518,-0.008814181009664713,0.03170329433025123,0.6666666666666666,0.0,3.0,overlapping_horizon_score_to_return,3-month overlapping forward-return diagnostic; not a monthly executable backtest
top_k_next_3m | ObjectiveSpecific[top_k_next_3m][TabPFN direct],top_k_next_3m,ObjectiveSpecific[top_k_next_3m][TabPFN direct],2023-02,3,forward_3m_return,target_top_k_next_3m,0.07782176374538947,0.013797491073661117,0.06402427267172836,0.6666666666666666,0.0,3.0,overlapping_horizon_score_to_return,3-month overlapping forward-return diagnostic; not a monthly executable backtest
top_k_next_3m | ObjectiveSpecific[top_k_next_3m][TabPFN direct],top_k_next_3m,ObjectiveSpecific[top_k_next_3m][TabPFN direct],2023-03,3,forward_3m_return,target_top_k_next_3m,0.052140466582185595,0.028651903905981057,0.023488562676204538,0.3333333333333333,0.0,3.0,overlapping_horizon_score_to_return,3-month overlapping forward-return diagnostic; not a monthly executable backtest
top_k_next_3m | ObjectiveSpecific[top_k_next_3m][TabPFN direct],top_k_next_3m,ObjectiveSpecific[top_k_next_3m][TabPFN direct],2023-04,3,forward_3m_return,target_top_k_next_3m,0.07891818655995597,0.05122851959188569,0.02768966696807028,0.3333333333333333,0.0,3.0,overlapping_horizon_score_to_return,3-month overlapping forward-return diagnostic; not a monthly executable backtest
top_k_next_3m | ObjectiveSpecific[top_k_next_3m][TabPFN direct],top_k_next_3m,ObjectiveSpecific[top_k_next_3m][TabPFN direct],2023-05,3,forward_3m_return,target_top_k_next_3m,0.043586993835230126,0.05247402292208052,-0.008887029086850393,0.3333333333333333,0.0,3.0,overlapping_horizon_score_to_return,3-month overlapping forward-return diagnostic; not a monthly executable backtest
top_k_next_3m | ObjectiveSpecific[top_k_next_3m][TabPFN direct],top_k_next_3m,ObjectiveSpecific[top_k_next_3m][TabPFN direct],2023-06,3,forward_3m_return,target_top_k_next_3m,-0.03835084473510523,-0.035551004962809794,-0.0027998397722954343,0.3333333333333333,0.6666666666666666,3.0,overlapping_horizon_score_to_return,3-month overlapping forward-return diagnostic; not a monthly executable backtest
top_k_next_3m | ObjectiveSpecific[top_k_next_3m][TabPFN direct],top_k_next_3m,ObjectiveSpecific[top_k_next_3m][TabPFN direct],2023-07,3,forward_3m_return,target_top_k_next_3m,-0.0600008892036609,-0.07877894687060062,0.01877805766693972,0.3333333333333333,0.6666666666666666,3.0,overlapping_horizon_score_to_return,3-month overlapping forward-return diagnostic; not a monthly executable backtest
top_k_next_3m | ObjectiveSpecific[top_k_next_3m][TabPFN direct],top_k_next_3m,ObjectiveSpecific[top_k_next_3m][TabPFN direct],2023-08,3,forward_3m_return,target_top_k_next_3m,0.01817456352914352,-0.0043027903261592115,0.02247735385530273,0.6666666666666666,0.0,3.0,overlapping_horizon_score_to_return,3-month overlapping forward-return diagnostic; not a monthly executable backtest
top_k_next_3m | ObjectiveSpecific[top_k_next_3m][TabPFN direct],top_k_next_3m,ObjectiveSpecific[top_k_next_3m][TabPFN direct],2023-09,3,forward_3m_return,target_top_k_next_3m,0.11024717953879877,0.09575029571017588,0.014496883828622895,0.3333333333333333,0.0,3.0,overlapping_horizon_score_to_return,3-month overlapping forward-return diagnostic; not a monthly executable backtest
top_k_next_3m | ObjectiveSpecific[top_k_next_3m][TabPFN direct],top_k_next_3m,ObjectiveSpecific[top_k_next_3m][TabPFN direct],2023-10,3,forward_3m_return,target_top_k_next_3m,0.09924800436650057,0.1224034225504301,-0.023155418183929535,0.3333333333333333,0.0,3.0,overlapping_horizon_score_to_return,3-month overlapping forward-return diagnostic; not a monthly executable backtest
top_k_next_3m | ObjectiveSpecific[top_k_next_3m][TabPFN direct],top_k_next_3m,ObjectiveSpecific[top_k_next_3m][TabPFN direct],2023-11,3,forward_3m_return,target_top_k_next_3m,0.06322528111571679,0.07582689724165208,-0.012601616125935286,0.3333333333333333,0.0,3.0,overlapping_horizon_score_to_return,3-month overlapping forward-return diagnostic; not a monthly executable backtest
top_k_next_3m | ObjectiveSpecific[top_k_next_3m][TabPFN direct],top_k_next_3m,ObjectiveSpecific[top_k_next_3m][TabPFN direct],2023-12,3,forward_3m_return,target_top_k_next_3m,0.07460788802220941,0.06714657864740536,0.007461309374804048,0.0,0.0,3.0,overlapping_horizon_score_to_return,3-month overlapping forward-return diagnostic; not a monthly executable backtest
top_k_next_3m | ObjectiveSpecific[top_k_next_3m][TabPFN direct],top_k_next_3m,ObjectiveSpecific[top_k_next_3m][TabPFN direct],2024-01,3,forward_3m_return,target_top_k_next_3m,0.06582736733738355,0.03147211170456575,0.0343552556328178,0.6666666666666666,0.0,3.0,overlapping_horizon_score_to_return,3-month overlapping forward-return diagnostic; not a monthly executable backtest
top_k_next_3m | ObjectiveSpecific[top_k_next_3m][TabPFN direct],top_k_next_3m,ObjectiveSpecific[top_k_next_3m][TabPFN direct],2024-02,3,forward_3m_return,target_top_k_next_3m,0.07388621525315009,0.042281930791664014,0.031604284461486075,0.6666666666666666,0.0,3.0,overlapping_horizon_score_to_return,3-month overlapping forward-return diagnostic; not a monthly executable backtest
top_k_next_3m | ObjectiveSpecific[top_k_next_3m][TabPFN direct],top_k_next_3m,ObjectiveSpecific[top_k_next_3m][TabPFN direct],2024-03,3,forward_3m_return,target_top_k_next_3m,0.052654574660308276,0.011330766289411386,0.041323808370896886,0.6666666666666666,0.0,3.0,overlapping_horizon_score_to_return,3-month overlapping forward-return diagnostic; not a monthly executable backtest
top_k_next_3m | ObjectiveSpecific[top_k_next_3m][TabPFN direct],top_k_next_3m,ObjectiveSpecific[top_k_next_3m][TabPFN direct],2024-04,3,forward_3m_return,target_top_k_next_3m,0.07689488586285871,0.07675726677463005,0.00013761908822866598,0.3333333333333333,0.0,3.0,overlapping_horizon_score_to_return,3-month overlapping forward-return diagnostic; not a monthly executable backtest
top_k_next_3m | ObjectiveSpecific[top_k_next_3m][TabPFN direct],top_k_next_3m,ObjectiveSpecific[top_k_next_3m][TabPFN direct],2024-05,3,forward_3m_return,target_top_k_next_3m,0.043430812846391165,0.04970151700166662,-0.006270704155275454,0.3333333333333333,0.0,3.0,overlapping_horizon_score_to_return,3-month overlapping forward-return diagnostic; not a monthly executable backtest
top_k_next_3m | ObjectiveSpecific[top_k_next_3m][TabPFN direct],top_k_next_3m,ObjectiveSpecific[top_k_next_3m][TabPFN direct],2024-06,3,forward_3m_return,target_top_k_next_3m,0.07737340118109351,0.06580143287026231,0.011571968310831196,0.3333333333333333,0.0,3.0,overlapping_horizon_score_to_return,3-month overlapping forward-return diagnostic; not a monthly executable backtest
top_k_next_3m | ObjectiveSpecific[top_k_next_3m][TabPFN direct],top_k_next_3m,ObjectiveSpecific[top_k_next_3m][TabPFN direct],2024-07,3,forward_3m_return,target_top_k_next_3m,0.06625284696424123,0.02347464954269781,0.04277819742154342,0.6666666666666666,0.0,3.0,overlapping_horizon_score_to_return,3-month overlapping forward-return diagnostic; not a monthly executable backtest
top_k_next_3m | ObjectiveSpecific[top_k_next_3m][TabPFN direct],top_k_next_3m,ObjectiveSpecific[top_k_next_3m][TabPFN direct],2024-08,3,forward_3m_return,target_top_k_next_3m,0.054369228593718066,0.04565516958554672,0.008714059008171349,0.3333333333333333,0.6666666666666666,3.0,overlapping_horizon_score_to_return,3-month overlapping forward-return diagnostic; not a monthly executable backtest
top_k_next_3m | ObjectiveSpecific[top_k_next_3m][TabPFN direct],top_k_next_3m,ObjectiveSpecific[top_k_next_3m][TabPFN direct],2024-09,3,forward_3m_return,target_top_k_next_3m,-0.006441828235720259,-0.01289136657095975,0.00644953833523949,0.3333333333333333,0.0,3.0,overlapping_horizon_score_to_return,3-month overlapping forward-return diagnostic; not a monthly executable backtest
top_k_next_3m | ObjectiveSpecific[top_k_next_3m][TabPFN direct],top_k_next_3m,ObjectiveSpecific[top_k_next_3m][TabPFN direct],2024-10,3,forward_3m_return,target_top_k_next_3m,-0.0007818183740846045,0.012193345814492284,-0.012975164188576888,0.3333333333333333,0.0,3.0,overlapping_horizon_score_to_return,3-month overlapping forward-return diagnostic; not a monthly executable backtest
top_k_next_3m | ObjectiveSpecific[top_k_next_3m][TabPFN direct],top_k_next_3m,ObjectiveSpecific[top_k_next_3m][TabPFN direct],2024-11,3,forward_3m_return,target_top_k_next_3m,0.03538260910086362,0.0043589001304387585,0.03102370897042486,0.3333333333333333,0.6666666666666666,3.0,overlapping_horizon_score_to_return,3-month overlapping forward-return diagnostic; not a monthly executable backtest
top_k_next_3m | ObjectiveSpecific[top_k_next_3m][TabPFN direct],top_k_next_3m,ObjectiveSpecific[top_k_next_3m][TabPFN direct],2024-12,3,forward_3m_return,target_top_k_next_3m,0.01453418474052896,0.026168099192316142,-0.011633914451787183,0.3333333333333333,0.6666666666666666,3.0,overlapping_horizon_score_to_return,3-month overlapping forward-return diagnostic; not a monthly executable backtest
top_k_next_3m | ObjectiveSpecific[top_k_next_3m][TabPFN direct],top_k_next_3m,ObjectiveSpecific[top_k_next_3m][TabPFN direct],2025-01,3,forward_3m_return,target_top_k_next_3m,-0.03115833334692752,-0.000419691007017553,-0.03073864233990997,0.3333333333333333,0.0,3.0,overlapping_horizon_score_to_return,3-month overlapping forward-return diagnostic; not a monthly executable backtest
top_k_next_3m | ObjectiveSpecific[top_k_next_3m][TabPFN direct],top_k_next_3m,ObjectiveSpecific[top_k_next_3m][TabPFN direct],2025-02,3,forward_3m_return,target_top_k_next_3m,-0.006552202260450578,0.007707493151291189,-0.014259695411741767,0.3333333333333333,0.0,3.0,overlapping_horizon_score_to_return,3-month overlapping forward-return diagnostic; not a monthly executable backtest
top_k_next_3m | ObjectiveSpecific[top_k_next_3m][TabPFN direct],top_k_next_3m,ObjectiveSpecific[top_k_next_3m][TabPFN direct],2025-03,3,forward_3m_return,target_top_k_next_3m,0.12183543858705333,0.06246846106141658,0.059366977525636744,0.6666666666666666,0.6666666666666666,3.0,overlapping_horizon_score_to_return,3-month overlapping forward-return diagnostic; not a monthly executable backtest
top_k_next_3m | ObjectiveSpecific[top_k_next_3m][TabPFN direct],top_k_next_3m,ObjectiveSpecific[top_k_next_3m][TabPFN direct],2025-04,3,forward_3m_return,target_top_k_next_3m,0.12210330622653494,0.07422575365591817,0.047877552570616766,0.6666666666666666,0.6666666666666666,3.0,overlapping_horizon_score_to_return,3-month overlapping forward-return diagnostic; not a monthly executable backtest
top_k_next_3m | ObjectiveSpecific[top_k_next_3m][TabPFN direct],top_k_next_3m,ObjectiveSpecific[top_k_next_3m][TabPFN direct],2025-05,3,forward_3m_return,target_top_k_next_3m,0.09083495658900698,0.0666696350225742,0.02416532156643278,0.6666666666666666,0.0,3.0,overlapping_horizon_score_to_return,3-month overlapping forward-return diagnostic; not a monthly executable backtest
top_k_next_3m | ObjectiveSpecific[top_k_next_3m][TabPFN direct],top_k_next_3m,ObjectiveSpecific[top_k_next_3m][TabPFN direct],2025-06,3,forward_3m_return,target_top_k_next_3m,0.08382841318916362,0.07399196314421512,0.0098364500449485,0.3333333333333333,0.0,3.0,overlapping_horizon_score_to_return,3-month overlapping forward-return diagnostic; not a monthly executable backtest
top_k_next_3m | ObjectiveSpecific[top_k_next_3m][TabPFN direct],top_k_next_3m,ObjectiveSpecific[top_k_next_3m][TabPFN direct],2025-07,3,forward_3m_return,target_top_k_next_3m,0.1013457804450814,0.09011438374522047,0.011231396699860924,0.3333333333333333,0.6666666666666666,3.0,overlapping_horizon_score_to_return,3-month overlapping forward-return diagnostic; not a monthly executable backtest
top_k_next_3m | ObjectiveSpecific[top_k_next_3m][TabPFN direct],top_k_next_3m,ObjectiveSpecific[top_k_next_3m][TabPFN direct],2025-08,3,forward_3m_return,target_top_k_next_3m,0.060643800326870584,0.0667353713766303,-0.006091571049759714,0.6666666666666666,0.0,3.0,overlapping_horizon_score_to_return,3-month overlapping forward-return diagnostic; not a monthly executable backtest
top_k_next_3m | ObjectiveSpecific[top_k_next_3m][TabPFN direct],top_k_next_3m,ObjectiveSpecific[top_k_next_3m][TabPFN direct],2025-09,3,forward_3m_return,target_top_k_next_3m,0.041281168157785965,0.03827326747102876,0.0030079006867572075,0.3333333333333333,0.0,3.0,overlapping_horizon_score_to_return,3-month overlapping forward-return diagnostic; not a monthly executable backtest
top_k_next_3m | ObjectiveSpecific[top_k_next_3m][TabPFN direct],top_k_next_3m,ObjectiveSpecific[top_k_next_3m][TabPFN direct],2025-10,3,forward_3m_return,target_top_k_next_3m,0.06291775286132417,0.05221985249733507,0.010697900363989099,0.3333333333333333,0.6666666666666666,3.0,overlapping_horizon_score_to_return,3-month overlapping forward-return diagnostic; not a monthly executable backtest
top_k_next_3m | ObjectiveSpecific[top_k_next_3m][TabPFN direct],top_k_next_3m,ObjectiveSpecific[top_k_next_3m][TabPFN direct],2025-11,3,forward_3m_return,target_top_k_next_3m,0.13410202134237983,0.08120968448414774,0.052892336858232095,0.6666666666666666,0.0,3.0,overlapping_horizon_score_to_return,3-month overlapping forward-return diagnostic; not a monthly executable backtest
top_k_next_3m | ObjectiveSpecific[top_k_next_3m][TabPFN direct],top_k_next_3m,ObjectiveSpecific[top_k_next_3m][TabPFN direct],2025-12,3,forward_3m_return,target_top_k_next_3m,0.10224203755775922,0.028044841689618405,0.07419719586814082,0.6666666666666666,0.0,3.0,overlapping_horizon_score_to_return,3-month overlapping forward-return diagnostic; not a monthly executable backtest
top_k_next_3m | ObjectiveSpecific[top_k_next_3m][TabPFN direct],top_k_next_3m,ObjectiveSpecific[top_k_next_3m][TabPFN direct],2026-01,3,forward_3m_return,target_top_k_next_3m,0.11975270204529272,0.04509778793046517,0.07465491411482755,1.0,0.0,3.0,overlapping_horizon_score_to_return,3-month overlapping forward-return diagnostic; not a monthly executable backtest
top_k_next_3m | ObjectiveSpecific[top_k_next_3m][TabPFN direct] Calibration Base,top_k_next_3m,ObjectiveSpecific[top_k_next_3m][TabPFN direct] Calibration Base,2020-01,3,forward_3m_return,target_top_k_next_3m,-0.16331350277554615,-0.0921117135528258,-0.07120178922272036,0.0,1.0,3.0,overlapping_horizon_score_to_return,3-month overlapping forward-return diagnostic; not a monthly executable backtest
top_k_next_3m | ObjectiveSpecific[top_k_next_3m][TabPFN direct] Calibration Base,top_k_next_3m,ObjectiveSpecific[top_k_next_3m][TabPFN direct] Calibration Base,2020-02,3,forward_3m_return,target_top_k_next_3m,-0.10356206311742178,-0.009592706702394227,-0.09396935641502754,0.0,0.6666666666666666,3.0,overlapping_horizon_score_to_return,3-month overlapping forward-return diagnostic; not a monthly executable backtest
top_k_next_3m | ObjectiveSpecific[top_k_next_3m][TabPFN direct] Calibration Base,top_k_next_3m,ObjectiveSpecific[top_k_next_3m][TabPFN direct] Calibration Base,2020-03,3,forward_3m_return,target_top_k_next_3m,0.2935642315580233,0.19862209789741386,0.09494213366060944,0.6666666666666666,0.0,3.0,overlapping_horizon_score_to_return,3-month overlapping forward-return diagnostic; not a monthly executable backtest
top_k_next_3m | ObjectiveSpecific[top_k_next_3m][TabPFN direct] Calibration Base,top_k_next_3m,ObjectiveSpecific[top_k_next_3m][TabPFN direct] Calibration Base,2020-04,3,forward_3m_return,target_top_k_next_3m,0.11947293660050227,0.1206414990186265,-0.0011685624181242277,0.3333333333333333,1.3333333333333333,3.0,overlapping_horizon_score_to_return,3-month overlapping forward-return diagnostic; not a monthly executable backtest
top_k_next_3m | ObjectiveSpecific[top_k_next_3m][TabPFN direct] Calibration Base,top_k_next_3m,ObjectiveSpecific[top_k_next_3m][TabPFN direct] Calibration Base,2020-05,3,forward_3m_return,target_top_k_next_3m,0.06131854895993796,0.09897481214727596,-0.037656263187338,0.3333333333333333,0.6666666666666666,3.0,overlapping_horizon_score_to_return,3-month overlapping forward-return diagnostic; not a monthly executable backtest
top_k_next_3m | ObjectiveSpecific[top_k_next_3m][TabPFN direct] Calibration Base,top_k_next_3m,ObjectiveSpecific[top_k_next_3m][TabPFN direct] Calibration Base,2020-06,3,forward_3m_return,target_top_k_next_3m,-0.019088280744648592,0.03557389742106315,-0.05466217816571174,0.3333333333333333,0.0,3.0,overlapping_horizon_score_to_return,3-month overlapping forward-return diagnostic; not a monthly executable backtest
top_k_next_3m | ObjectiveSpecific[top_k_next_3m][TabPFN direct] Calibration Base,top_k_next_3m,ObjectiveSpecific[top_k_next_3m][TabPFN direct] Calibration Base,2020-07,3,forward_3m_return,target_top_k_next_3m,-0.04260303090026966,-0.0181872482182715,-0.024415782681998156,0.3333333333333333,0.0,3.0,overlapping_horizon_score_to_return,3-month overlapping forward-return diagnostic; not a monthly executable backtest
top_k_next_3m | ObjectiveSpecific[top_k_next_3m][TabPFN direct] Calibration Base,top_k_next_3m,ObjectiveSpecific[top_k_next_3m][TabPFN direct] Calibration Base,2020-08,3,forward_3m_return,target_top_k_next_3m,0.1382798129699881,0.05589039331485637,0.08238941965513172,0.6666666666666666,0.6666666666666666,3.0,overlapping_horizon_score_to_return,3-month overlapping forward-return diagnostic; not a monthly executable backtest
top_k_next_3m | ObjectiveSpecific[top_k_next_3m][TabPFN direct] Calibration Base,top_k_next_3m,ObjectiveSpecific[top_k_next_3m][TabPFN direct] Calibration Base,2020-09,3,forward_3m_return,target_top_k_next_3m,0.2854889195626661,0.143534600452596,0.1419543191100701,1.0,0.0,3.0,overlapping_horizon_score_to_return,3-month overlapping forward-return diagnostic; not a monthly executable backtest
top_k_next_3m | ObjectiveSpecific[top_k_next_3m][TabPFN direct] Calibration Base,top_k_next_3m,ObjectiveSpecific[top_k_next_3m][TabPFN direct] Calibration Base,2020-10,3,forward_3m_return,target_top_k_next_3m,0.31590776275537835,0.15977000951694204,0.15613775323843632,0.6666666666666666,0.0,3.0,overlapping_horizon_score_to_return,3-month overlapping forward-return diagnostic; not a monthly executable backtest
top_k_next_3m | ObjectiveSpecific[top_k_next_3m][TabPFN direct] Calibration Base,top_k_next_3m,ObjectiveSpecific[top_k_next_3m][TabPFN direct] Calibration Base,2020-11,3,forward_3m_return,target_top_k_next_3m,0.1689866312258228,0.08201464876049233,0.08697198246533047,0.6666666666666666,0.6666666666666666,3.0,overlapping_horizon_score_to_return,3-month overlapping forward-return diagnostic; not a monthly executable backtest
top_k_next_3m | ObjectiveSpecific[top_k_next_3m][TabPFN direct] Calibration Base,top_k_next_3m,ObjectiveSpecific[top_k_next_3m][TabPFN direct] Calibration Base,2020-12,3,forward_3m_return,target_top_k_next_3m,0.07112460563216341,0.043666508291328766,0.027458097340834646,0.3333333333333333,0.6666666666666666,3.0,overlapping_horizon_score_to_return,3-month overlapping forward-return diagnostic; not a monthly executable backtest
top_k_next_3m | ObjectiveSpecific[top_k_next_3m][TabPFN direct] Calibration Base,top_k_next_3m,ObjectiveSpecific[top_k_next_3m][TabPFN direct] Calibration Base,2021-01,3,forward_3m_return,target_top_k_next_3m,0.07247886851266952,0.07154291002721548,0.0009359584854540387,0.3333333333333333,0.6666666666666666,3.0,overlapping_horizon_score_to_return,3-month overlapping forward-return diagnostic; not a monthly executable backtest
top_k_next_3m | ObjectiveSpecific[top_k_next_3m][TabPFN direct] Calibration Base,top_k_next_3m,ObjectiveSpecific[top_k_next_3m][TabPFN direct] Calibration Base,2021-02,3,forward_3m_return,target_top_k_next_3m,0.06956052576092056,0.061587546578811894,0.007972979182108667,0.3333333333333333,0.6666666666666666,3.0,overlapping_horizon_score_to_return,3-month overlapping forward-return diagnostic; not a monthly executable backtest
top_k_next_3m | ObjectiveSpecific[top_k_next_3m][TabPFN direct] Calibration Base,top_k_next_3m,ObjectiveSpecific[top_k_next_3m][TabPFN direct] Calibration Base,2021-03,3,forward_3m_return,target_top_k_next_3m,0.04633215232510827,0.06190994266147254,-0.01557779033636427,0.0,0.6666666666666666,3.0,overlapping_horizon_score_to_return,3-month overlapping forward-return diagnostic; not a monthly executable backtest
top_k_next_3m | ObjectiveSpecific[top_k_next_3m][TabPFN direct] Calibration Base,top_k_next_3m,ObjectiveSpecific[top_k_next_3m][TabPFN direct] Calibration Base,2021-04,3,forward_3m_return,target_top_k_next_3m,0.0303881805817523,0.025220325420044896,0.005167855161707403,0.3333333333333333,0.6666666666666666,3.0,overlapping_horizon_score_to_return,3-month overlapping forward-return diagnostic; not a monthly executable backtest
top_k_next_3m | ObjectiveSpecific[top_k_next_3m][TabPFN direct] Calibration Base,top_k_next_3m,ObjectiveSpecific[top_k_next_3m][TabPFN direct] Calibration Base,2021-05,3,forward_3m_return,target_top_k_next_3m,-0.014904380550270508,0.015466369129023627,-0.030370749679294137,0.3333333333333333,0.0,3.0,overlapping_horizon_score_to_return,3-month overlapping forward-return diagnostic; not a monthly executable backtest
top_k_next_3m | ObjectiveSpecific[top_k_next_3m][TabPFN direct] Calibration Base,top_k_next_3m,ObjectiveSpecific[top_k_next_3m][TabPFN direct] Calibration Base,2021-06,3,forward_3m_return,target_top_k_next_3m,-0.03054033306242095,-0.013365553449628153,-0.017174779612792797,0.3333333333333333,0.6666666666666666,3.0,overlapping_horizon_score_to_return,3-month overlapping forward-return diagnostic; not a monthly executable backtest
top_k_next_3m | ObjectiveSpecific[top_k_next_3m][TabPFN direct] Calibration Base,top_k_next_3m,ObjectiveSpecific[top_k_next_3m][TabPFN direct] Calibration Base,2021-07,3,forward_3m_return,target_top_k_next_3m,0.05168815272563332,0.036205834973662455,0.015482317751970863,0.3333333333333333,0.6666666666666666,3.0,overlapping_horizon_score_to_return,3-month overlapping forward-return diagnostic; not a monthly executable backtest
top_k_next_3m | ObjectiveSpecific[top_k_next_3m][TabPFN direct] Calibration Base,top_k_next_3m,ObjectiveSpecific[top_k_next_3m][TabPFN direct] Calibration Base,2021-08,3,forward_3m_return,target_top_k_next_3m,0.030720088649776524,0.01142905634327871,0.019291032306497813,0.3333333333333333,0.0,3.0,overlapping_horizon_score_to_return,3-month overlapping forward-return diagnostic; not a monthly executable backtest
top_k_next_3m | ObjectiveSpecific[top_k_next_3m][TabPFN direct] Calibration Base,top_k_next_3m,ObjectiveSpecific[top_k_next_3m][TabPFN direct] Calibration Base,2021-09,3,forward_3m_return,target_top_k_next_3m,0.016849254882946935,0.042564625977140856,-0.02571537109419392,0.0,0.6666666666666666,3.0,overlapping_horizon_score_to_return,3-month overlapping forward-return diagnostic; not a monthly executable backtest
top_k_next_3m | ObjectiveSpecific[top_k_next_3m][TabPFN direct] Calibration Base,top_k_next_3m,ObjectiveSpecific[top_k_next_3m][TabPFN direct] Calibration Base,2021-10,3,forward_3m_return,target_top_k_next_3m,-0.01817048090281692,-0.01656254901186057,-0.0016079318909563503,0.3333333333333333,0.0,3.0,overlapping_horizon_score_to_return,3-month overlapping forward-return diagnostic; not a monthly executable backtest
top_k_next_3m | ObjectiveSpecific[top_k_next_3m][TabPFN direct] Calibration Base,top_k_next_3m,ObjectiveSpecific[top_k_next_3m][TabPFN direct] Calibration Base,2021-11,3,forward_3m_return,target_top_k_next_3m,0.10516517748894079,-0.009654621484755477,0.11481979897369626,0.6666666666666666,0.6666666666666666,3.0,overlapping_horizon_score_to_return,3-month overlapping forward-return diagnostic; not a monthly executable backtest
top_k_next_3m | ObjectiveSpecific[top_k_next_3m][TabPFN direct] Calibration Base,top_k_next_3m,ObjectiveSpecific[top_k_next_3m][TabPFN direct] Calibration Base,2021-12,3,forward_3m_return,target_top_k_next_3m,-0.021144684382148893,-0.007974201926096847,-0.013170482456052046,0.3333333333333333,0.6666666666666666,3.0,overlapping_horizon_score_to_return,3-month overlapping forward-return diagnostic; not a monthly executable backtest
top_k_next_3m | ObjectiveSpecific[top_k_next_3m][TabPFN direct] Calibration Base,top_k_next_3m,ObjectiveSpecific[top_k_next_3m][TabPFN direct] Calibration Base,2022-01,3,forward_3m_return,target_top_k_next_3m,-0.0828448511647077,-0.0732497189346082,-0.009595132230099501,0.3333333333333333,0.6666666666666666,3.0,overlapping_horizon_score_to_return,3-month overlapping forward-return diagnostic; not a monthly executable backtest
top_k_next_3m | ObjectiveSpecific[top_k_next_3m][TabPFN direct] Calibration Base,top_k_next_3m,ObjectiveSpecific[top_k_next_3m][TabPFN direct] Calibration Base,2022-02,3,forward_3m_return,target_top_k_next_3m,-0.07211162272258434,-0.043097456884075146,-0.029014165838509194,0.3333333333333333,0.0,3.0,overlapping_horizon_score_to_return,3-month overlapping forward-return diagnostic; not a monthly executable backtest
top_k_next_3m | ObjectiveSpecific[top_k_next_3m][TabPFN direct] Calibration Base,top_k_next_3m,ObjectiveSpecific[top_k_next_3m][TabPFN direct] Calibration Base,2022-03,3,forward_3m_return,target_top_k_next_3m,-0.14344820124608695,-0.12764142043198384,-0.01580678081410311,0.3333333333333333,0.0,3.0,overlapping_horizon_score_to_return,3-month overlapping forward-return diagnostic; not a monthly executable backtest
top_k_next_3m | ObjectiveSpecific[top_k_next_3m][TabPFN direct] Calibration Base,top_k_next_3m,ObjectiveSpecific[top_k_next_3m][TabPFN direct] Calibration Base,2022-04,3,forward_3m_return,target_top_k_next_3m,-0.04588950538997805,-0.0058644617642282125,-0.04002504362574984,0.0,0.6666666666666666,3.0,overlapping_horizon_score_to_return,3-month overlapping forward-return diagnostic; not a monthly executable backtest
top_k_next_3m | ObjectiveSpecific[top_k_next_3m][TabPFN direct] Calibration Base,top_k_next_3m,ObjectiveSpecific[top_k_next_3m][TabPFN direct] Calibration Base,2022-05,3,forward_3m_return,target_top_k_next_3m,-0.07620189293472593,-0.063292849482713,-0.012909043452012922,0.0,0.0,3.0,overlapping_horizon_score_to_return,3-month overlapping forward-return diagnostic; not a monthly executable backtest
top_k_next_3m | ObjectiveSpecific[top_k_next_3m][TabPFN direct] Calibration Base,top_k_next_3m,ObjectiveSpecific[top_k_next_3m][TabPFN direct] Calibration Base,2022-06,3,forward_3m_return,target_top_k_next_3m,-0.06681509008649114,-0.04724242770935645,-0.01957266237713469,0.3333333333333333,0.0,3.0,overlapping_horizon_score_to_return,3-month overlapping forward-return diagnostic; not a monthly executable backtest
top_k_next_3m | ObjectiveSpecific[top_k_next_3m][TabPFN direct] Calibration Base,top_k_next_3m,ObjectiveSpecific[top_k_next_3m][TabPFN direct] Calibration Base,2022-07,3,forward_3m_return,target_top_k_next_3m,-0.04956910014762235,-0.04324771276497806,-0.006321387382644289,0.3333333333333333,0.0,3.0,overlapping_horizon_score_to_return,3-month overlapping forward-return diagnostic; not a monthly executable backtest
top_k_next_3m | ObjectiveSpecific[top_k_next_3m][TabPFN direct] Calibration Base,top_k_next_3m,ObjectiveSpecific[top_k_next_3m][TabPFN direct] Calibration Base,2022-08,3,forward_3m_return,target_top_k_next_3m,0.06277578759787428,0.04779636350728574,0.014979424090588535,0.3333333333333333,0.0,3.0,overlapping_horizon_score_to_return,3-month overlapping forward-return diagnostic; not a monthly executable backtest
top_k_next_3m | ObjectiveSpecific[top_k_next_3m][TabPFN direct] Calibration Base,top_k_next_3m,ObjectiveSpecific[top_k_next_3m][TabPFN direct] Calibration Base,2022-09,3,forward_3m_return,target_top_k_next_3m,0.06725372899279716,0.0823014549869842,-0.015047725994187036,0.0,0.6666666666666666,3.0,overlapping_horizon_score_to_return,3-month overlapping forward-return diagnostic; not a monthly executable backtest
top_k_next_3m | ObjectiveSpecific[top_k_next_3m][TabPFN direct] Calibration Base,top_k_next_3m,ObjectiveSpecific[top_k_next_3m][TabPFN direct] Calibration Base,2022-10,3,forward_3m_return,target_top_k_next_3m,0.16099167361740144,0.08999063162591828,0.07100104199148316,0.6666666666666666,0.0,3.0,overlapping_horizon_score_to_return,3-month overlapping forward-return diagnostic; not a monthly executable backtest
top_k_next_3m | ObjectiveSpecific[top_k_next_3m][TabPFN direct] Calibration Base,top_k_next_3m,ObjectiveSpecific[top_k_next_3m][TabPFN direct] Calibration Base,2022-11,3,forward_3m_return,target_top_k_next_3m,0.002964270095625979,-0.009622359703316218,0.012586629798942197,0.3333333333333333,0.0,3.0,overlapping_horizon_score_to_return,3-month overlapping forward-return diagnostic; not a monthly executable backtest
top_k_next_3m | ObjectiveSpecific[top_k_next_3m][TabPFN direct] Calibration Base,top_k_next_3m,ObjectiveSpecific[top_k_next_3m][TabPFN direct] Calibration Base,2022-12,3,forward_3m_return,target_top_k_next_3m,0.0485670948645586,0.04678307051036268,0.0017840243541959247,0.3333333333333333,0.0,3.0,overlapping_horizon_score_to_return,3-month overlapping forward-return diagnostic; not a monthly executable backtest
top_k_next_3m | ObjectiveSpecific[top_k_next_3m][TabPFN direct] Calibration Base,top_k_next_3m,ObjectiveSpecific[top_k_next_3m][TabPFN direct] Calibration Base,2023-01,3,forward_3m_return,target_top_k_next_3m,-0.03611595617685792,-0.008814181009664713,-0.02730177516719321,0.3333333333333333,0.6666666666666666,3.0,overlapping_horizon_score_to_return,3-month overlapping forward-return diagnostic; not a monthly executable backtest
top_k_next_3m | ObjectiveSpecific[top_k_next_3m][TabPFN direct] Calibration Base,top_k_next_3m,ObjectiveSpecific[top_k_next_3m][TabPFN direct] Calibration Base,2023-02,3,forward_3m_return,target_top_k_next_3m,0.026071943779514013,0.013797491073661117,0.012274452705852895,0.3333333333333333,0.6666666666666666,3.0,overlapping_horizon_score_to_return,3-month overlapping forward-return diagnostic; not a monthly executable backtest
top_k_next_3m | ObjectiveSpecific[top_k_next_3m][TabPFN direct] Calibration Base,top_k_next_3m,ObjectiveSpecific[top_k_next_3m][TabPFN direct] Calibration Base,2023-03,3,forward_3m_return,target_top_k_next_3m,-0.009043549991520423,0.028651903905981057,-0.03769545389750148,0.0,0.0,3.0,overlapping_horizon_score_to_return,3-month overlapping forward-return diagnostic; not a monthly executable backtest
top_k_next_3m | ObjectiveSpecific[top_k_next_3m][TabPFN direct] Calibration Base,top_k_next_3m,ObjectiveSpecific[top_k_next_3m][TabPFN direct] Calibration Base,2023-04,3,forward_3m_return,target_top_k_next_3m,0.031270406006491745,0.05122851959188569,-0.019958113585393948,0.0,0.6666666666666666,3.0,overlapping_horizon_score_to_return,3-month overlapping forward-return diagnostic; not a monthly executable backtest
top_k_next_3m | ObjectiveSpecific[top_k_next_3m][TabPFN direct] Calibration Base,top_k_next_3m,ObjectiveSpecific[top_k_next_3m][TabPFN direct] Calibration Base,2023-05,3,forward_3m_return,target_top_k_next_3m,0.041045194884396355,0.05247402292208052,-0.011428828037684163,0.0,0.6666666666666666,3.0,overlapping_horizon_score_to_return,3-month overlapping forward-return diagnostic; not a monthly executable backtest
top_k_next_3m | ObjectiveSpecific[top_k_next_3m][TabPFN direct] Calibration Base,top_k_next_3m,ObjectiveSpecific[top_k_next_3m][TabPFN direct] Calibration Base,2023-06,3,forward_3m_return,target_top_k_next_3m,-0.03835084473510523,-0.035551004962809794,-0.0027998397722954343,0.3333333333333333,0.0,3.0,overlapping_horizon_score_to_return,3-month overlapping forward-return diagnostic; not a monthly executable backtest
top_k_next_3m | ObjectiveSpecific[top_k_next_3m][TabPFN direct] Calibration Base,top_k_next_3m,ObjectiveSpecific[top_k_next_3m][TabPFN direct] Calibration Base,2023-07,3,forward_3m_return,target_top_k_next_3m,-0.059251746478080514,-0.07877894687060062,0.019527200392520108,0.3333333333333333,0.0,3.0,overlapping_horizon_score_to_return,3-month overlapping forward-return diagnostic; not a monthly executable backtest
top_k_next_3m | ObjectiveSpecific[top_k_next_3m][TabPFN direct] Calibration Base,top_k_next_3m,ObjectiveSpecific[top_k_next_3m][TabPFN direct] Calibration Base,2023-08,3,forward_3m_return,target_top_k_next_3m,-0.006346001288433508,-0.0043027903261592115,-0.002043210962274297,0.3333333333333333,0.6666666666666666,3.0,overlapping_horizon_score_to_return,3-month overlapping forward-return diagnostic; not a monthly executable backtest
top_k_next_3m | ObjectiveSpecific[top_k_next_3m][TabPFN direct] Calibration Base,top_k_next_3m,ObjectiveSpecific[top_k_next_3m][TabPFN direct] Calibration Base,2023-09,3,forward_3m_return,target_top_k_next_3m,0.11195900254930076,0.09575029571017588,0.016208706839124884,0.3333333333333333,0.6666666666666666,3.0,overlapping_horizon_score_to_return,3-month overlapping forward-return diagnostic; not a monthly executable backtest
top_k_next_3m | ObjectiveSpecific[top_k_next_3m][TabPFN direct] Calibration Base,top_k_next_3m,ObjectiveSpecific[top_k_next_3m][TabPFN direct] Calibration Base,2023-10,3,forward_3m_return,target_top_k_next_3m,0.1011179386418776,0.1224034225504301,-0.021285483908552505,0.3333333333333333,0.0,3.0,overlapping_horizon_score_to_return,3-month overlapping forward-return diagnostic; not a monthly executable backtest
top_k_next_3m | ObjectiveSpecific[top_k_next_3m][TabPFN direct] Calibration Base,top_k_next_3m,ObjectiveSpecific[top_k_next_3m][TabPFN direct] Calibration Base,2023-11,3,forward_3m_return,target_top_k_next_3m,0.06105601421596707,0.07582689724165208,-0.014770883025685008,0.3333333333333333,0.0,3.0,overlapping_horizon_score_to_return,3-month overlapping forward-return diagnostic; not a monthly executable backtest
top_k_next_3m | ObjectiveSpecific[top_k_next_3m][TabPFN direct] Calibration Base,top_k_next_3m,ObjectiveSpecific[top_k_next_3m][TabPFN direct] Calibration Base,2023-12,3,forward_3m_return,target_top_k_next_3m,0.08481863394163516,0.06714657864740536,0.0176720552942298,0.3333333333333333,0.0,3.0,overlapping_horizon_score_to_return,3-month overlapping forward-return diagnostic; not a monthly executable backtest
top_k_next_3m | ObjectiveSpecific[top_k_next_3m][TabPFN direct] Calibration Base,top_k_next_3m,ObjectiveSpecific[top_k_next_3m][TabPFN direct] Calibration Base,2024-01,3,forward_3m_return,target_top_k_next_3m,0.10256916691396092,0.03147211170456575,0.07109705520939517,1.0,0.6666666666666666,3.0,overlapping_horizon_score_to_return,3-month overlapping forward-return diagnostic; not a monthly executable backtest
top_k_next_3m | ObjectiveSpecific[top_k_next_3m][TabPFN direct] Calibration Base,top_k_next_3m,ObjectiveSpecific[top_k_next_3m][TabPFN direct] Calibration Base,2024-02,3,forward_3m_return,target_top_k_next_3m,0.0887502428217218,0.042281930791664014,0.04646831203005778,1.0,0.0,3.0,overlapping_horizon_score_to_return,3-month overlapping forward-return diagnostic; not a monthly executable backtest
top_k_next_3m | ObjectiveSpecific[top_k_next_3m][TabPFN direct] Calibration Base,top_k_next_3m,ObjectiveSpecific[top_k_next_3m][TabPFN direct] Calibration Base,2024-03,3,forward_3m_return,target_top_k_next_3m,0.018517059541934243,0.011330766289411386,0.007186293252522857,0.3333333333333333,0.0,3.0,overlapping_horizon_score_to_return,3-month overlapping forward-return diagnostic; not a monthly executable backtest
top_k_next_3m | ObjectiveSpecific[top_k_next_3m][TabPFN direct] Calibration Base,top_k_next_3m,ObjectiveSpecific[top_k_next_3m][TabPFN direct] Calibration Base,2024-04,3,forward_3m_return,target_top_k_next_3m,0.03928566952805479,0.07675726677463005,-0.037471597246575256,0.0,0.0,3.0,overlapping_horizon_score_to_return,3-month overlapping forward-return diagnostic; not a monthly executable backtest
top_k_next_3m | ObjectiveSpecific[top_k_next_3m][TabPFN direct] Calibration Base,top_k_next_3m,ObjectiveSpecific[top_k_next_3m][TabPFN direct] Calibration Base,2024-05,3,forward_3m_return,target_top_k_next_3m,0.02068126920945257,0.04970151700166662,-0.02902024779221405,0.3333333333333333,0.0,3.0,overlapping_horizon_score_to_return,3-month overlapping forward-return diagnostic; not a monthly executable backtest
top_k_next_3m | ObjectiveSpecific[top_k_next_3m][TabPFN direct] Calibration Base,top_k_next_3m,ObjectiveSpecific[top_k_next_3m][TabPFN direct] Calibration Base,2024-06,3,forward_3m_return,target_top_k_next_3m,0.0565173864098426,0.06580143287026231,-0.009284046460419713,0.3333333333333333,0.0,3.0,overlapping_horizon_score_to_return,3-month overlapping forward-return diagnostic; not a monthly executable backtest
top_k_next_3m | ObjectiveSpecific[top_k_next_3m][TabPFN direct] Calibration Base,top_k_next_3m,ObjectiveSpecific[top_k_next_3m][TabPFN direct] Calibration Base,2024-07,3,forward_3m_return,target_top_k_next_3m,0.04721481453130001,0.02347464954269781,0.0237401649886022,0.6666666666666666,0.0,3.0,overlapping_horizon_score_to_return,3-month overlapping forward-return diagnostic; not a monthly executable backtest
top_k_next_3m | ObjectiveSpecific[top_k_next_3m][TabPFN direct] Calibration Base,top_k_next_3m,ObjectiveSpecific[top_k_next_3m][TabPFN direct] Calibration Base,2024-08,3,forward_3m_return,target_top_k_next_3m,0.04760125070735947,0.04565516958554672,0.0019460811218127497,0.0,0.0,3.0,overlapping_horizon_score_to_return,3-month overlapping forward-return diagnostic; not a monthly executable backtest
top_k_next_3m | ObjectiveSpecific[top_k_next_3m][TabPFN direct] Calibration Base,top_k_next_3m,ObjectiveSpecific[top_k_next_3m][TabPFN direct] Calibration Base,2024-09,3,forward_3m_return,target_top_k_next_3m,-0.02652146111573272,-0.01289136657095975,-0.013630094544772972,0.0,0.0,3.0,overlapping_horizon_score_to_return,3-month overlapping forward-return diagnostic; not a monthly executable backtest
top_k_next_3m | ObjectiveSpecific[top_k_next_3m][TabPFN direct] Calibration Base,top_k_next_3m,ObjectiveSpecific[top_k_next_3m][TabPFN direct] Calibration Base,2024-10,3,forward_3m_return,target_top_k_next_3m,-0.01345020232000312,0.012193345814492284,-0.025643548134495403,0.0,0.0,3.0,overlapping_horizon_score_to_return,3-month overlapping forward-return diagnostic; not a monthly executable backtest
top_k_next_3m | ObjectiveSpecific[top_k_next_3m][TabPFN direct] Calibration Base,top_k_next_3m,ObjectiveSpecific[top_k_next_3m][TabPFN direct] Calibration Base,2024-11,3,forward_3m_return,target_top_k_next_3m,0.02270165274903979,0.0043589001304387585,0.018342752618601032,0.3333333333333333,0.0,3.0,overlapping_horizon_score_to_return,3-month overlapping forward-return diagnostic; not a monthly executable backtest
top_k_next_3m | ObjectiveSpecific[top_k_next_3m][TabPFN direct] Calibration Base,top_k_next_3m,ObjectiveSpecific[top_k_next_3m][TabPFN direct] Calibration Base,2024-12,3,forward_3m_return,target_top_k_next_3m,0.10503653190500217,0.026168099192316142,0.07886843271268604,0.6666666666666666,0.0,3.0,overlapping_horizon_score_to_return,3-month overlapping forward-return diagnostic; not a monthly executable backtest
top_k_next_3m | ObjectiveSpecific[top_k_next_3m][TabPFN direct] Calibration Base,top_k_next_3m,ObjectiveSpecific[top_k_next_3m][TabPFN direct] Calibration Base,2025-01,3,forward_3m_return,target_top_k_next_3m,0.03621650386143215,-0.000419691007017553,0.036636194868449705,0.6666666666666666,0.0,3.0,overlapping_horizon_score_to_return,3-month overlapping forward-return diagnostic; not a monthly executable backtest
top_k_next_3m | ObjectiveSpecific[top_k_next_3m][TabPFN direct] Calibration Base,top_k_next_3m,ObjectiveSpecific[top_k_next_3m][TabPFN direct] Calibration Base,2025-02,3,forward_3m_return,target_top_k_next_3m,0.044725015685457205,0.007707493151291189,0.037017522534166014,0.6666666666666666,0.0,3.0,overlapping_horizon_score_to_return,3-month overlapping forward-return diagnostic; not a monthly executable backtest
top_k_next_3m | ObjectiveSpecific[top_k_next_3m][TabPFN direct] Calibration Base,top_k_next_3m,ObjectiveSpecific[top_k_next_3m][TabPFN direct] Calibration Base,2025-03,3,forward_3m_return,target_top_k_next_3m,0.034542750454275684,0.06246846106141658,-0.0279257106071409,0.3333333333333333,0.0,3.0,overlapping_horizon_score_to_return,3-month overlapping forward-return diagnostic; not a monthly executable backtest
top_k_next_3m | ObjectiveSpecific[top_k_next_3m][TabPFN direct] Calibration Base,top_k_next_3m,ObjectiveSpecific[top_k_next_3m][TabPFN direct] Calibration Base,2025-04,3,forward_3m_return,target_top_k_next_3m,0.09242636004998757,0.07422575365591817,0.018200606394069396,0.3333333333333333,0.6666666666666666,3.0,overlapping_horizon_score_to_return,3-month overlapping forward-return diagnostic; not a monthly executable backtest
top_k_next_3m | ObjectiveSpecific[top_k_next_3m][TabPFN direct] Calibration Base,top_k_next_3m,ObjectiveSpecific[top_k_next_3m][TabPFN direct] Calibration Base,2025-05,3,forward_3m_return,target_top_k_next_3m,0.08359179306615094,0.0666696350225742,0.016922158043576746,0.6666666666666666,0.0,3.0,overlapping_horizon_score_to_return,3-month overlapping forward-return diagnostic; not a monthly executable backtest
top_k_next_3m | ObjectiveSpecific[top_k_next_3m][TabPFN direct] Calibration Base,top_k_next_3m,ObjectiveSpecific[top_k_next_3m][TabPFN direct] Calibration Base,2025-06,3,forward_3m_return,target_top_k_next_3m,0.08382841318916362,0.07399196314421512,0.0098364500449485,0.3333333333333333,0.6666666666666666,3.0,overlapping_horizon_score_to_return,3-month overlapping forward-return diagnostic; not a monthly executable backtest
top_k_next_3m | ObjectiveSpecific[top_k_next_3m][TabPFN direct] Calibration Base,top_k_next_3m,ObjectiveSpecific[top_k_next_3m][TabPFN direct] Calibration Base,2025-07,3,forward_3m_return,target_top_k_next_3m,0.08592711259012834,0.09011438374522047,-0.00418727115509214,0.3333333333333333,0.6666666666666666,3.0,overlapping_horizon_score_to_return,3-month overlapping forward-return diagnostic; not a monthly executable backtest
top_k_next_3m | ObjectiveSpecific[top_k_next_3m][TabPFN direct] Calibration Base,top_k_next_3m,ObjectiveSpecific[top_k_next_3m][TabPFN direct] Calibration Base,2025-08,3,forward_3m_return,target_top_k_next_3m,0.10893743615192479,0.0667353713766303,0.04220206477529449,0.6666666666666666,0.6666666666666666,3.0,overlapping_horizon_score_to_return,3-month overlapping forward-return diagnostic; not a monthly executable backtest
top_k_next_3m | ObjectiveSpecific[top_k_next_3m][TabPFN direct] Calibration Base,top_k_next_3m,ObjectiveSpecific[top_k_next_3m][TabPFN direct] Calibration Base,2025-09,3,forward_3m_return,target_top_k_next_3m,0.037387411491757096,0.03827326747102876,-0.0008858559792716617,0.3333333333333333,0.6666666666666666,3.0,overlapping_horizon_score_to_return,3-month overlapping forward-return diagnostic; not a monthly executable backtest
top_k_next_3m | ObjectiveSpecific[top_k_next_3m][TabPFN direct] Calibration Base,top_k_next_3m,ObjectiveSpecific[top_k_next_3m][TabPFN direct] Calibration Base,2025-10,3,forward_3m_return,target_top_k_next_3m,0.07943618684160676,0.05221985249733507,0.02721633434427169,0.3333333333333333,0.6666666666666666,3.0,overlapping_horizon_score_to_return,3-month overlapping forward-return diagnostic; not a monthly executable backtest
top_k_next_3m | ObjectiveSpecific[top_k_next_3m][TabPFN direct] Calibration Base,top_k_next_3m,ObjectiveSpecific[top_k_next_3m][TabPFN direct] Calibration Base,2025-11,3,forward_3m_return,target_top_k_next_3m,0.12736592795396046,0.08120968448414774,0.046156243469812716,0.6666666666666666,0.0,3.0,overlapping_horizon_score_to_return,3-month overlapping forward-return diagnostic; not a monthly executable backtest
top_k_next_3m | ObjectiveSpecific[top_k_next_3m][TabPFN direct] Calibration Base,top_k_next_3m,ObjectiveSpecific[top_k_next_3m][TabPFN direct] Calibration Base,2025-12,3,forward_3m_return,target_top_k_next_3m,0.12199753314881108,0.028044841689618405,0.09395269145919267,0.6666666666666666,0.6666666666666666,3.0,overlapping_horizon_score_to_return,3-month overlapping forward-return diagnostic; not a monthly executable backtest
top_k_next_3m | ObjectiveSpecific[top_k_next_3m][TabPFN direct] Calibration Base,top_k_next_3m,ObjectiveSpecific[top_k_next_3m][TabPFN direct] Calibration Base,2026-01,3,forward_3m_return,target_top_k_next_3m,0.08724373057683095,0.04509778793046517,0.04214594264636578,0.6666666666666666,0.6666666666666666,3.0,overlapping_horizon_score_to_return,3-month overlapping forward-return diagnostic; not a monthly executable backtest
top_k_next_6m | ObjectiveSpecific[top_k_next_6m][XGBoost light],top_k_next_6m,ObjectiveSpecific[top_k_next_6m][XGBoost light],2020-01,6,forward_6m_return,target_top_k_next_6m,-0.013949777800147202,0.01628525231601622,-0.030235030116163422,0.3333333333333333,1.0,3.0,overlapping_horizon_score_to_return,6-month overlapping forward-return diagnostic; not a monthly executable backtest
top_k_next_6m | ObjectiveSpecific[top_k_next_6m][XGBoost light],top_k_next_6m,ObjectiveSpecific[top_k_next_6m][XGBoost light],2020-02,6,forward_6m_return,target_top_k_next_6m,0.14557896150523772,0.09242740072577746,0.05315156077946026,0.3333333333333333,0.0,3.0,overlapping_horizon_score_to_return,6-month overlapping forward-return diagnostic; not a monthly executable backtest
top_k_next_6m | ObjectiveSpecific[top_k_next_6m][XGBoost light],top_k_next_6m,ObjectiveSpecific[top_k_next_6m][XGBoost light],2020-03,6,forward_6m_return,target_top_k_next_6m,0.3206400215631542,0.24050222187160855,0.08013779969154564,0.3333333333333333,1.3333333333333333,3.0,overlapping_horizon_score_to_return,6-month overlapping forward-return diagnostic; not a monthly executable backtest
top_k_next_6m | ObjectiveSpecific[top_k_next_6m][XGBoost light],top_k_next_6m,ObjectiveSpecific[top_k_next_6m][XGBoost light],2020-04,6,forward_6m_return,target_top_k_next_6m,0.17999378138129718,0.10418168155343888,0.0758120998278583,0.3333333333333333,1.3333333333333333,3.0,overlapping_horizon_score_to_return,6-month overlapping forward-return diagnostic; not a monthly executable backtest
top_k_next_6m | ObjectiveSpecific[top_k_next_6m][XGBoost light],top_k_next_6m,ObjectiveSpecific[top_k_next_6m][XGBoost light],2020-05,6,forward_6m_return,target_top_k_next_6m,0.2811179195072469,0.16016355789357284,0.12095436161367407,0.6666666666666666,0.6666666666666666,3.0,overlapping_horizon_score_to_return,6-month overlapping forward-return diagnostic; not a monthly executable backtest
top_k_next_6m | ObjectiveSpecific[top_k_next_6m][XGBoost light],top_k_next_6m,ObjectiveSpecific[top_k_next_6m][XGBoost light],2020-06,6,forward_6m_return,target_top_k_next_6m,0.1767805980511246,0.18123914945283864,-0.004458551401714056,0.3333333333333333,1.3333333333333333,3.0,overlapping_horizon_score_to_return,6-month overlapping forward-return diagnostic; not a monthly executable backtest
top_k_next_6m | ObjectiveSpecific[top_k_next_6m][XGBoost light],top_k_next_6m,ObjectiveSpecific[top_k_next_6m][XGBoost light],2020-07,6,forward_6m_return,target_top_k_next_6m,0.25930641842023894,0.13797615285360254,0.1213302655666364,0.6666666666666666,1.3333333333333333,3.0,overlapping_horizon_score_to_return,6-month overlapping forward-return diagnostic; not a monthly executable backtest
top_k_next_6m | ObjectiveSpecific[top_k_next_6m][XGBoost light],top_k_next_6m,ObjectiveSpecific[top_k_next_6m][XGBoost light],2020-08,6,forward_6m_return,target_top_k_next_6m,-0.09936169445834042,0.14983500839146488,-0.2491967028498053,0.0,1.9999999999999998,3.0,overlapping_horizon_score_to_return,6-month overlapping forward-return diagnostic; not a monthly executable backtest
top_k_next_6m | ObjectiveSpecific[top_k_next_6m][XGBoost light],top_k_next_6m,ObjectiveSpecific[top_k_next_6m][XGBoost light],2020-09,6,forward_6m_return,target_top_k_next_6m,0.5354947499450753,0.20644441375510064,0.32905033618997465,1.0,1.9999999999999998,3.0,overlapping_horizon_score_to_return,6-month overlapping forward-return diagnostic; not a monthly executable backtest
top_k_next_6m | ObjectiveSpecific[top_k_next_6m][XGBoost light],top_k_next_6m,ObjectiveSpecific[top_k_next_6m][XGBoost light],2020-10,6,forward_6m_return,target_top_k_next_6m,0.3945499443006185,0.25493539410723426,0.13961455019338426,0.6666666666666666,0.6666666666666666,3.0,overlapping_horizon_score_to_return,6-month overlapping forward-return diagnostic; not a monthly executable backtest
top_k_next_6m | ObjectiveSpecific[top_k_next_6m][XGBoost light],top_k_next_6m,ObjectiveSpecific[top_k_next_6m][XGBoost light],2020-11,6,forward_6m_return,target_top_k_next_6m,0.025505696908498722,0.15128038501239993,-0.12577468810390122,0.3333333333333333,0.6666666666666666,3.0,overlapping_horizon_score_to_return,6-month overlapping forward-return diagnostic; not a monthly executable backtest
top_k_next_6m | ObjectiveSpecific[top_k_next_6m][XGBoost light],top_k_next_6m,ObjectiveSpecific[top_k_next_6m][XGBoost light],2020-12,6,forward_6m_return,target_top_k_next_6m,-0.06334659772675606,0.1110881613572555,-0.17443475908401157,0.0,0.6666666666666666,3.0,overlapping_horizon_score_to_return,6-month overlapping forward-return diagnostic; not a monthly executable backtest
top_k_next_6m | ObjectiveSpecific[top_k_next_6m][XGBoost light],top_k_next_6m,ObjectiveSpecific[top_k_next_6m][XGBoost light],2021-01,6,forward_6m_return,target_top_k_next_6m,0.07468818222851943,0.09744228828245814,-0.02275410605393871,0.0,1.3333333333333333,3.0,overlapping_horizon_score_to_return,6-month overlapping forward-return diagnostic; not a monthly executable backtest
top_k_next_6m | ObjectiveSpecific[top_k_next_6m][XGBoost light],top_k_next_6m,ObjectiveSpecific[top_k_next_6m][XGBoost light],2021-02,6,forward_6m_return,target_top_k_next_6m,0.09520270325013916,0.07718112307303507,0.01802158017710409,0.3333333333333333,0.6666666666666666,3.0,overlapping_horizon_score_to_return,6-month overlapping forward-return diagnostic; not a monthly executable backtest
top_k_next_6m | ObjectiveSpecific[top_k_next_6m][XGBoost light],top_k_next_6m,ObjectiveSpecific[top_k_next_6m][XGBoost light],2021-03,6,forward_6m_return,target_top_k_next_6m,0.06828954603635862,0.04807993488702681,0.020209611149331806,0.3333333333333333,0.0,3.0,overlapping_horizon_score_to_return,6-month overlapping forward-return diagnostic; not a monthly executable backtest
top_k_next_6m | ObjectiveSpecific[top_k_next_6m][XGBoost light],top_k_next_6m,ObjectiveSpecific[top_k_next_6m][XGBoost light],2021-04,6,forward_6m_return,target_top_k_next_6m,0.021469076052531823,0.06198386367696539,-0.040514787624433564,0.0,0.6666666666666666,3.0,overlapping_horizon_score_to_return,6-month overlapping forward-return diagnostic; not a monthly executable backtest
top_k_next_6m | ObjectiveSpecific[top_k_next_6m][XGBoost light],top_k_next_6m,ObjectiveSpecific[top_k_next_6m][XGBoost light],2021-05,6,forward_6m_return,target_top_k_next_6m,0.015817146919060547,0.02675843193748346,-0.010941285018422914,0.3333333333333333,0.0,3.0,overlapping_horizon_score_to_return,6-month overlapping forward-return diagnostic; not a monthly executable backtest
top_k_next_6m | ObjectiveSpecific[top_k_next_6m][XGBoost light],top_k_next_6m,ObjectiveSpecific[top_k_next_6m][XGBoost light],2021-06,6,forward_6m_return,target_top_k_next_6m,0.04620485781775359,0.02925419978114697,0.016950658036606617,0.3333333333333333,0.6666666666666666,3.0,overlapping_horizon_score_to_return,6-month overlapping forward-return diagnostic; not a monthly executable backtest
top_k_next_6m | ObjectiveSpecific[top_k_next_6m][XGBoost light],top_k_next_6m,ObjectiveSpecific[top_k_next_6m][XGBoost light],2021-07,6,forward_6m_return,target_top_k_next_6m,-0.015873638318095663,0.021308330542899136,-0.0371819688609948,0.0,0.0,3.0,overlapping_horizon_score_to_return,6-month overlapping forward-return diagnostic; not a monthly executable backtest
top_k_next_6m | ObjectiveSpecific[top_k_next_6m][XGBoost light],top_k_next_6m,ObjectiveSpecific[top_k_next_6m][XGBoost light],2021-08,6,forward_6m_return,target_top_k_next_6m,-0.023914482192714415,0.006384677160452823,-0.030299159353167238,0.3333333333333333,0.0,3.0,overlapping_horizon_score_to_return,6-month overlapping forward-return diagnostic; not a monthly executable backtest
top_k_next_6m | ObjectiveSpecific[top_k_next_6m][XGBoost light],top_k_next_6m,ObjectiveSpecific[top_k_next_6m][XGBoost light],2021-09,6,forward_6m_return,target_top_k_next_6m,-0.05152315889951464,0.035577209790009154,-0.0871003686895238,0.0,0.6666666666666666,3.0,overlapping_horizon_score_to_return,6-month overlapping forward-return diagnostic; not a monthly executable backtest
top_k_next_6m | ObjectiveSpecific[top_k_next_6m][XGBoost light],top_k_next_6m,ObjectiveSpecific[top_k_next_6m][XGBoost light],2021-10,6,forward_6m_return,target_top_k_next_6m,-0.0672873235224091,-0.08422971437577598,0.01694239085336688,0.3333333333333333,1.3333333333333333,3.0,overlapping_horizon_score_to_return,6-month overlapping forward-return diagnostic; not a monthly executable backtest
top_k_next_6m | ObjectiveSpecific[top_k_next_6m][XGBoost light],top_k_next_6m,ObjectiveSpecific[top_k_next_6m][XGBoost light],2021-11,6,forward_6m_return,target_top_k_next_6m,-0.1594291409715283,-0.041661400665463956,-0.11776774030606435,0.0,1.3333333333333333,3.0,overlapping_horizon_score_to_return,6-month overlapping forward-return diagnostic; not a monthly executable backtest
top_k_next_6m | ObjectiveSpecific[top_k_next_6m][XGBoost light],top_k_next_6m,ObjectiveSpecific[top_k_next_6m][XGBoost light],2021-12,6,forward_6m_return,target_top_k_next_6m,-0.19716131385074737,-0.13011771817925644,-0.06704359567149093,0.3333333333333333,0.6666666666666666,3.0,overlapping_horizon_score_to_return,6-month overlapping forward-return diagnostic; not a monthly executable backtest
top_k_next_6m | ObjectiveSpecific[top_k_next_6m][XGBoost light],top_k_next_6m,ObjectiveSpecific[top_k_next_6m][XGBoost light],2022-01,6,forward_6m_return,target_top_k_next_6m,-0.07157149722521264,-0.07786086196116662,0.006289364735953984,0.6666666666666666,0.6666666666666666,3.0,overlapping_horizon_score_to_return,6-month overlapping forward-return diagnostic; not a monthly executable backtest
top_k_next_6m | ObjectiveSpecific[top_k_next_6m][XGBoost light],top_k_next_6m,ObjectiveSpecific[top_k_next_6m][XGBoost light],2022-02,6,forward_6m_return,target_top_k_next_6m,-0.1137953545556151,-0.10498823459497841,-0.008807119960636683,0.3333333333333333,0.6666666666666666,3.0,overlapping_horizon_score_to_return,6-month overlapping forward-return diagnostic; not a monthly executable backtest
top_k_next_6m | ObjectiveSpecific[top_k_next_6m][XGBoost light],top_k_next_6m,ObjectiveSpecific[top_k_next_6m][XGBoost light],2022-03,6,forward_6m_return,target_top_k_next_6m,-0.17631088039205506,-0.16889367903388203,-0.007417201358173031,0.3333333333333333,0.6666666666666666,3.0,overlapping_horizon_score_to_return,6-month overlapping forward-return diagnostic; not a monthly executable backtest
top_k_next_6m | ObjectiveSpecific[top_k_next_6m][XGBoost light],top_k_next_6m,ObjectiveSpecific[top_k_next_6m][XGBoost light],2022-04,6,forward_6m_return,target_top_k_next_6m,-0.09048824275075695,-0.04774174580134573,-0.042746496949411225,0.0,0.6666666666666666,3.0,overlapping_horizon_score_to_return,6-month overlapping forward-return diagnostic; not a monthly executable backtest
top_k_next_6m | ObjectiveSpecific[top_k_next_6m][XGBoost light],top_k_next_6m,ObjectiveSpecific[top_k_next_6m][XGBoost light],2022-05,6,forward_6m_return,target_top_k_next_6m,-0.04077176959963835,-0.019689010471046254,-0.0210827591285921,0.0,0.0,3.0,overlapping_horizon_score_to_return,6-month overlapping forward-return diagnostic; not a monthly executable backtest
top_k_next_6m | ObjectiveSpecific[top_k_next_6m][XGBoost light],top_k_next_6m,ObjectiveSpecific[top_k_next_6m][XGBoost light],2022-06,6,forward_6m_return,target_top_k_next_6m,-0.019055612856161898,0.03190225667657411,-0.05095786953273601,0.0,0.0,3.0,overlapping_horizon_score_to_return,6-month overlapping forward-return diagnostic; not a monthly executable backtest
top_k_next_6m | ObjectiveSpecific[top_k_next_6m][XGBoost light],top_k_next_6m,ObjectiveSpecific[top_k_next_6m][XGBoost light],2022-07,6,forward_6m_return,target_top_k_next_6m,-0.004797406516869478,0.038757675959309165,-0.04355508247617865,0.0,0.0,3.0,overlapping_horizon_score_to_return,6-month overlapping forward-return diagnostic; not a monthly executable backtest
top_k_next_6m | ObjectiveSpecific[top_k_next_6m][XGBoost light],top_k_next_6m,ObjectiveSpecific[top_k_next_6m][XGBoost light],2022-08,6,forward_6m_return,target_top_k_next_6m,0.020465305755736463,0.03715952529292861,-0.016694219537192148,0.3333333333333333,0.6666666666666666,3.0,overlapping_horizon_score_to_return,6-month overlapping forward-return diagnostic; not a monthly executable backtest
top_k_next_6m | ObjectiveSpecific[top_k_next_6m][XGBoost light],top_k_next_6m,ObjectiveSpecific[top_k_next_6m][XGBoost light],2022-09,6,forward_6m_return,target_top_k_next_6m,0.11903301539843936,0.13137602408872032,-0.01234300869028096,0.3333333333333333,0.0,3.0,overlapping_horizon_score_to_return,6-month overlapping forward-return diagnostic; not a monthly executable backtest
top_k_next_6m | ObjectiveSpecific[top_k_next_6m][XGBoost light],top_k_next_6m,ObjectiveSpecific[top_k_next_6m][XGBoost light],2022-10,6,forward_6m_return,target_top_k_next_6m,0.1311801837451798,0.08083339086476406,0.050346792880415756,0.3333333333333333,0.0,3.0,overlapping_horizon_score_to_return,6-month overlapping forward-return diagnostic; not a monthly executable backtest
top_k_next_6m | ObjectiveSpecific[top_k_next_6m][XGBoost light],top_k_next_6m,ObjectiveSpecific[top_k_next_6m][XGBoost light],2022-11,6,forward_6m_return,target_top_k_next_6m,0.029927336453145638,0.004818195277581571,0.025109141175564065,0.3333333333333333,0.0,3.0,overlapping_horizon_score_to_return,6-month overlapping forward-return diagnostic; not a monthly executable backtest
top_k_next_6m | ObjectiveSpecific[top_k_next_6m][XGBoost light],top_k_next_6m,ObjectiveSpecific[top_k_next_6m][XGBoost light],2022-12,6,forward_6m_return,target_top_k_next_6m,0.14378453676794356,0.07877715947732866,0.0650073772906149,0.3333333333333333,0.6666666666666666,3.0,overlapping_horizon_score_to_return,6-month overlapping forward-return diagnostic; not a monthly executable backtest
top_k_next_6m | ObjectiveSpecific[top_k_next_6m][XGBoost light],top_k_next_6m,ObjectiveSpecific[top_k_next_6m][XGBoost light],2023-01,6,forward_6m_return,target_top_k_next_6m,-0.02969429067229723,0.04226619542722182,-0.07196048609951905,0.0,0.6666666666666666,3.0,overlapping_horizon_score_to_return,6-month overlapping forward-return diagnostic; not a monthly executable backtest
top_k_next_6m | ObjectiveSpecific[top_k_next_6m][XGBoost light],top_k_next_6m,ObjectiveSpecific[top_k_next_6m][XGBoost light],2023-02,6,forward_6m_return,target_top_k_next_6m,0.029203613427144722,0.06525835427044747,-0.03605474084330275,0.0,0.6666666666666666,3.0,overlapping_horizon_score_to_return,6-month overlapping forward-return diagnostic; not a monthly executable backtest
top_k_next_6m | ObjectiveSpecific[top_k_next_6m][XGBoost light],top_k_next_6m,ObjectiveSpecific[top_k_next_6m][XGBoost light],2023-03,6,forward_6m_return,target_top_k_next_6m,0.01809587133378262,-0.008346525426850538,0.026442396760633157,0.3333333333333333,1.3333333333333333,3.0,overlapping_horizon_score_to_return,6-month overlapping forward-return diagnostic; not a monthly executable backtest
top_k_next_6m | ObjectiveSpecific[top_k_next_6m][XGBoost light],top_k_next_6m,ObjectiveSpecific[top_k_next_6m][XGBoost light],2023-04,6,forward_6m_return,target_top_k_next_6m,-0.012704219800409255,-0.03270158335809733,0.019997363557688073,0.3333333333333333,0.6666666666666666,3.0,overlapping_horizon_score_to_return,6-month overlapping forward-return diagnostic; not a monthly executable backtest
top_k_next_6m | ObjectiveSpecific[top_k_next_6m][XGBoost light],top_k_next_6m,ObjectiveSpecific[top_k_next_6m][XGBoost light],2023-05,6,forward_6m_return,target_top_k_next_6m,0.03920014024838854,0.04751008169627996,-0.00830994144789142,0.3333333333333333,0.0,3.0,overlapping_horizon_score_to_return,6-month overlapping forward-return diagnostic; not a monthly executable backtest
top_k_next_6m | ObjectiveSpecific[top_k_next_6m][XGBoost light],top_k_next_6m,ObjectiveSpecific[top_k_next_6m][XGBoost light],2023-06,6,forward_6m_return,target_top_k_next_6m,0.03279644286939291,0.05422013324884979,-0.021423690379456885,0.0,0.6666666666666666,3.0,overlapping_horizon_score_to_return,6-month overlapping forward-return diagnostic; not a monthly executable backtest
top_k_next_6m | ObjectiveSpecific[top_k_next_6m][XGBoost light],top_k_next_6m,ObjectiveSpecific[top_k_next_6m][XGBoost light],2023-07,6,forward_6m_return,target_top_k_next_6m,0.06315473895805992,0.03143786345373413,0.031716875504325795,0.3333333333333333,0.6666666666666666,3.0,overlapping_horizon_score_to_return,6-month overlapping forward-return diagnostic; not a monthly executable backtest
top_k_next_6m | ObjectiveSpecific[top_k_next_6m][XGBoost light],top_k_next_6m,ObjectiveSpecific[top_k_next_6m][XGBoost light],2023-08,6,forward_6m_return,target_top_k_next_6m,0.07928078740184048,0.07136982591960415,0.007910961482236328,0.3333333333333333,0.0,3.0,overlapping_horizon_score_to_return,6-month overlapping forward-return diagnostic; not a monthly executable backtest
top_k_next_6m | ObjectiveSpecific[top_k_next_6m][XGBoost light],top_k_next_6m,ObjectiveSpecific[top_k_next_6m][XGBoost light],2023-09,6,forward_6m_return,target_top_k_next_6m,0.17431376522574343,0.16882466180687913,0.0054891034188642995,0.3333333333333333,0.6666666666666666,3.0,overlapping_horizon_score_to_return,6-month overlapping forward-return diagnostic; not a monthly executable backtest
top_k_next_6m | ObjectiveSpecific[top_k_next_6m][XGBoost light],top_k_next_6m,ObjectiveSpecific[top_k_next_6m][XGBoost light],2023-10,6,forward_6m_return,target_top_k_next_6m,0.13439682664776575,0.15511905650144464,-0.020722229853678886,0.3333333333333333,0.0,3.0,overlapping_horizon_score_to_return,6-month overlapping forward-return diagnostic; not a monthly executable backtest
top_k_next_6m | ObjectiveSpecific[top_k_next_6m][XGBoost light],top_k_next_6m,ObjectiveSpecific[top_k_next_6m][XGBoost light],2023-11,6,forward_6m_return,target_top_k_next_6m,0.09586579734802525,0.12080703584335348,-0.024941238495328227,0.3333333333333333,0.6666666666666666,3.0,overlapping_horizon_score_to_return,6-month overlapping forward-return diagnostic; not a monthly executable backtest
top_k_next_6m | ObjectiveSpecific[top_k_next_6m][XGBoost light],top_k_next_6m,ObjectiveSpecific[top_k_next_6m][XGBoost light],2023-12,6,forward_6m_return,target_top_k_next_6m,0.08469009703115962,0.07965449604858489,0.005035600982574731,0.3333333333333333,0.0,3.0,overlapping_horizon_score_to_return,6-month overlapping forward-return diagnostic; not a monthly executable backtest
top_k_next_6m | ObjectiveSpecific[top_k_next_6m][XGBoost light],top_k_next_6m,ObjectiveSpecific[top_k_next_6m][XGBoost light],2024-01,6,forward_6m_return,target_top_k_next_6m,0.1121220961666353,0.10966620716734561,0.002455888999289682,0.3333333333333333,0.6666666666666666,3.0,overlapping_horizon_score_to_return,6-month overlapping forward-return diagnostic; not a monthly executable backtest
top_k_next_6m | ObjectiveSpecific[top_k_next_6m][XGBoost light],top_k_next_6m,ObjectiveSpecific[top_k_next_6m][XGBoost light],2024-02,6,forward_6m_return,target_top_k_next_6m,0.11343252967205647,0.09361049358220637,0.0198220360898501,0.3333333333333333,0.6666666666666666,3.0,overlapping_horizon_score_to_return,6-month overlapping forward-return diagnostic; not a monthly executable backtest
top_k_next_6m | ObjectiveSpecific[top_k_next_6m][XGBoost light],top_k_next_6m,ObjectiveSpecific[top_k_next_6m][XGBoost light],2024-03,6,forward_6m_return,target_top_k_next_6m,0.09588952230750121,0.077754306009929,0.018135216297572213,0.3333333333333333,0.6666666666666666,3.0,overlapping_horizon_score_to_return,6-month overlapping forward-return diagnostic; not a monthly executable backtest
top_k_next_6m | ObjectiveSpecific[top_k_next_6m][XGBoost light],top_k_next_6m,ObjectiveSpecific[top_k_next_6m][XGBoost light],2024-04,6,forward_6m_return,target_top_k_next_6m,0.1097533385754153,0.10216572480688826,0.007587613768527041,0.3333333333333333,0.6666666666666666,3.0,overlapping_horizon_score_to_return,6-month overlapping forward-return diagnostic; not a monthly executable backtest
top_k_next_6m | ObjectiveSpecific[top_k_next_6m][XGBoost light],top_k_next_6m,ObjectiveSpecific[top_k_next_6m][XGBoost light],2024-05,6,forward_6m_return,target_top_k_next_6m,0.06584771080367369,0.09782411360907259,-0.0319764028053989,0.0,0.6666666666666666,3.0,overlapping_horizon_score_to_return,6-month overlapping forward-return diagnostic; not a monthly executable backtest
top_k_next_6m | ObjectiveSpecific[top_k_next_6m][XGBoost light],top_k_next_6m,ObjectiveSpecific[top_k_next_6m][XGBoost light],2024-06,6,forward_6m_return,target_top_k_next_6m,0.028148225208576367,0.05157437639087646,-0.023426151182300094,0.0,0.0,3.0,overlapping_horizon_score_to_return,6-month overlapping forward-return diagnostic; not a monthly executable backtest
top_k_next_6m | ObjectiveSpecific[top_k_next_6m][XGBoost light],top_k_next_6m,ObjectiveSpecific[top_k_next_6m][XGBoost light],2024-07,6,forward_6m_return,target_top_k_next_6m,0.07862314821979936,0.03674599091982535,0.041877157299974016,0.6666666666666666,0.6666666666666666,3.0,overlapping_horizon_score_to_return,6-month overlapping forward-return diagnostic; not a monthly executable backtest
top_k_next_6m | ObjectiveSpecific[top_k_next_6m][XGBoost light],top_k_next_6m,ObjectiveSpecific[top_k_next_6m][XGBoost light],2024-08,6,forward_6m_return,target_top_k_next_6m,0.0348251793706709,0.04904021104912389,-0.014215031678452991,0.3333333333333333,0.6666666666666666,3.0,overlapping_horizon_score_to_return,6-month overlapping forward-return diagnostic; not a monthly executable backtest
top_k_next_6m | ObjectiveSpecific[top_k_next_6m][XGBoost light],top_k_next_6m,ObjectiveSpecific[top_k_next_6m][XGBoost light],2024-09,6,forward_6m_return,target_top_k_next_6m,-0.03561978643295042,0.010902010947950114,-0.04652179738090054,0.0,0.6666666666666666,3.0,overlapping_horizon_score_to_return,6-month overlapping forward-return diagnostic; not a monthly executable backtest
top_k_next_6m | ObjectiveSpecific[top_k_next_6m][XGBoost light],top_k_next_6m,ObjectiveSpecific[top_k_next_6m][XGBoost light],2024-10,6,forward_6m_return,target_top_k_next_6m,0.06436302031045091,0.010798005505983744,0.05356501480446717,0.3333333333333333,0.6666666666666666,3.0,overlapping_horizon_score_to_return,6-month overlapping forward-return diagnostic; not a monthly executable backtest
top_k_next_6m | ObjectiveSpecific[top_k_next_6m][XGBoost light],top_k_next_6m,ObjectiveSpecific[top_k_next_6m][XGBoost light],2024-11,6,forward_6m_return,target_top_k_next_6m,0.13932732031349687,0.01481359240546699,0.12451372790802988,0.6666666666666666,0.6666666666666666,3.0,overlapping_horizon_score_to_return,6-month overlapping forward-return diagnostic; not a monthly executable backtest
top_k_next_6m | ObjectiveSpecific[top_k_next_6m][XGBoost light],top_k_next_6m,ObjectiveSpecific[top_k_next_6m][XGBoost light],2024-12,6,forward_6m_return,target_top_k_next_6m,0.01422093605462782,0.08755260421742209,-0.07333166816279427,0.0,1.3333333333333333,3.0,overlapping_horizon_score_to_return,6-month overlapping forward-return diagnostic; not a monthly executable backtest
top_k_next_6m | ObjectiveSpecific[top_k_next_6m][XGBoost light],top_k_next_6m,ObjectiveSpecific[top_k_next_6m][XGBoost light],2025-01,6,forward_6m_return,target_top_k_next_6m,0.09202470334664073,0.07145067289410181,0.020574030452538916,0.3333333333333333,1.3333333333333333,3.0,overlapping_horizon_score_to_return,6-month overlapping forward-return diagnostic; not a monthly executable backtest
top_k_next_6m | ObjectiveSpecific[top_k_next_6m][XGBoost light],top_k_next_6m,ObjectiveSpecific[top_k_next_6m][XGBoost light],2025-02,6,forward_6m_return,target_top_k_next_6m,0.09190874204130546,0.0740436919387153,0.017865050102590166,0.3333333333333333,0.6666666666666666,3.0,overlapping_horizon_score_to_return,6-month overlapping forward-return diagnostic; not a monthly executable backtest
top_k_next_6m | ObjectiveSpecific[top_k_next_6m][XGBoost light],top_k_next_6m,ObjectiveSpecific[top_k_next_6m][XGBoost light],2025-03,6,forward_6m_return,target_top_k_next_6m,0.10546752565286498,0.1424852193691071,-0.037017693716242125,0.3333333333333333,0.6666666666666666,3.0,overlapping_horizon_score_to_return,6-month overlapping forward-return diagnostic; not a monthly executable backtest
top_k_next_6m | ObjectiveSpecific[top_k_next_6m][XGBoost light],top_k_next_6m,ObjectiveSpecific[top_k_next_6m][XGBoost light],2025-04,6,forward_6m_return,target_top_k_next_6m,0.20729982533786076,0.17233242704381527,0.03496739829404549,0.6666666666666666,0.6666666666666666,3.0,overlapping_horizon_score_to_return,6-month overlapping forward-return diagnostic; not a monthly executable backtest
top_k_next_6m | ObjectiveSpecific[top_k_next_6m][XGBoost light],top_k_next_6m,ObjectiveSpecific[top_k_next_6m][XGBoost light],2025-05,6,forward_6m_return,target_top_k_next_6m,0.1449232203470149,0.1376998968675988,0.007223323479416122,0.3333333333333333,0.0,3.0,overlapping_horizon_score_to_return,6-month overlapping forward-return diagnostic; not a monthly executable backtest
top_k_next_6m | ObjectiveSpecific[top_k_next_6m][XGBoost light],top_k_next_6m,ObjectiveSpecific[top_k_next_6m][XGBoost light],2025-06,6,forward_6m_return,target_top_k_next_6m,0.0926644166411883,0.11632951345399481,-0.023665096812806513,0.0,0.6666666666666666,3.0,overlapping_horizon_score_to_return,6-month overlapping forward-return diagnostic; not a monthly executable backtest
top_k_next_6m | ObjectiveSpecific[top_k_next_6m][XGBoost light],top_k_next_6m,ObjectiveSpecific[top_k_next_6m][XGBoost light],2025-07,6,forward_6m_return,target_top_k_next_6m,0.12014014417585228,0.14833670258499349,-0.028196558409141204,0.3333333333333333,0.6666666666666666,3.0,overlapping_horizon_score_to_return,6-month overlapping forward-return diagnostic; not a monthly executable backtest
top_k_next_6m | ObjectiveSpecific[top_k_next_6m][XGBoost light],top_k_next_6m,ObjectiveSpecific[top_k_next_6m][XGBoost light],2025-08,6,forward_6m_return,target_top_k_next_6m,0.11888030376852998,0.1560665539487492,-0.037186250180219205,0.3333333333333333,0.0,3.0,overlapping_horizon_score_to_return,6-month overlapping forward-return diagnostic; not a monthly executable backtest
top_k_next_6m | ObjectiveSpecific[top_k_next_6m][XGBoost light],top_k_next_6m,ObjectiveSpecific[top_k_next_6m][XGBoost light],2025-09,6,forward_6m_return,target_top_k_next_6m,-0.027814096400519166,0.06750246559984471,-0.09531656200036388,0.0,0.6666666666666666,3.0,overlapping_horizon_score_to_return,6-month overlapping forward-return diagnostic; not a monthly executable backtest
top_k_next_6m | ObjectiveSpecific[top_k_next_6m][XGBoost light],top_k_next_6m,ObjectiveSpecific[top_k_next_6m][XGBoost light],2025-10,6,forward_6m_return,target_top_k_next_6m,0.11894988969923964,0.10049962781128818,0.018450261887951458,0.3333333333333333,1.3333333333333333,3.0,overlapping_horizon_score_to_return,6-month overlapping forward-return diagnostic; not a monthly executable backtest
top_k_next_6m | ObjectiveSpecific[top_k_next_6m][XGBoost light] Calibration Base,top_k_next_6m,ObjectiveSpecific[top_k_next_6m][XGBoost light] Calibration Base,2020-01,6,forward_6m_return,target_top_k_next_6m,-0.013949777800147202,0.01628525231601622,-0.030235030116163422,0.3333333333333333,1.0,3.0,overlapping_horizon_score_to_return,6-month overlapping forward-return diagnostic; not a monthly executable backtest
top_k_next_6m | ObjectiveSpecific[top_k_next_6m][XGBoost light] Calibration Base,top_k_next_6m,ObjectiveSpecific[top_k_next_6m][XGBoost light] Calibration Base,2020-02,6,forward_6m_return,target_top_k_next_6m,0.05806364169028704,0.09242740072577746,-0.03436375903549042,0.3333333333333333,0.6666666666666666,3.0,overlapping_horizon_score_to_return,6-month overlapping forward-return diagnostic; not a monthly executable backtest
top_k_next_6m | ObjectiveSpecific[top_k_next_6m][XGBoost light] Calibration Base,top_k_next_6m,ObjectiveSpecific[top_k_next_6m][XGBoost light] Calibration Base,2020-03,6,forward_6m_return,target_top_k_next_6m,0.3206400215631542,0.24050222187160855,0.08013779969154564,0.3333333333333333,0.6666666666666666,3.0,overlapping_horizon_score_to_return,6-month overlapping forward-return diagnostic; not a monthly executable backtest
top_k_next_6m | ObjectiveSpecific[top_k_next_6m][XGBoost light] Calibration Base,top_k_next_6m,ObjectiveSpecific[top_k_next_6m][XGBoost light] Calibration Base,2020-04,6,forward_6m_return,target_top_k_next_6m,0.2555581451499913,0.10418168155343888,0.15137646359655244,1.0,0.6666666666666666,3.0,overlapping_horizon_score_to_return,6-month overlapping forward-return diagnostic; not a monthly executable backtest
top_k_next_6m | ObjectiveSpecific[top_k_next_6m][XGBoost light] Calibration Base,top_k_next_6m,ObjectiveSpecific[top_k_next_6m][XGBoost light] Calibration Base,2020-05,6,forward_6m_return,target_top_k_next_6m,0.2811179195072469,0.16016355789357284,0.12095436161367407,0.6666666666666666,0.6666666666666666,3.0,overlapping_horizon_score_to_return,6-month overlapping forward-return diagnostic; not a monthly executable backtest
top_k_next_6m | ObjectiveSpecific[top_k_next_6m][XGBoost light] Calibration Base,top_k_next_6m,ObjectiveSpecific[top_k_next_6m][XGBoost light] Calibration Base,2020-06,6,forward_6m_return,target_top_k_next_6m,0.18846499119827154,0.18123914945283864,0.007225841745432893,0.3333333333333333,1.3333333333333333,3.0,overlapping_horizon_score_to_return,6-month overlapping forward-return diagnostic; not a monthly executable backtest
top_k_next_6m | ObjectiveSpecific[top_k_next_6m][XGBoost light] Calibration Base,top_k_next_6m,ObjectiveSpecific[top_k_next_6m][XGBoost light] Calibration Base,2020-07,6,forward_6m_return,target_top_k_next_6m,0.30173352186744684,0.13797615285360254,0.1637573690138443,1.0,1.3333333333333333,3.0,overlapping_horizon_score_to_return,6-month overlapping forward-return diagnostic; not a monthly executable backtest
top_k_next_6m | ObjectiveSpecific[top_k_next_6m][XGBoost light] Calibration Base,top_k_next_6m,ObjectiveSpecific[top_k_next_6m][XGBoost light] Calibration Base,2020-08,6,forward_6m_return,target_top_k_next_6m,0.06562770062172198,0.14983500839146488,-0.0842073077697429,0.3333333333333333,1.3333333333333333,3.0,overlapping_horizon_score_to_return,6-month overlapping forward-return diagnostic; not a monthly executable backtest
top_k_next_6m | ObjectiveSpecific[top_k_next_6m][XGBoost light] Calibration Base,top_k_next_6m,ObjectiveSpecific[top_k_next_6m][XGBoost light] Calibration Base,2020-09,6,forward_6m_return,target_top_k_next_6m,0.15131917502973175,0.20644441375510064,-0.0551252387253689,0.3333333333333333,0.6666666666666666,3.0,overlapping_horizon_score_to_return,6-month overlapping forward-return diagnostic; not a monthly executable backtest
top_k_next_6m | ObjectiveSpecific[top_k_next_6m][XGBoost light] Calibration Base,top_k_next_6m,ObjectiveSpecific[top_k_next_6m][XGBoost light] Calibration Base,2020-10,6,forward_6m_return,target_top_k_next_6m,0.39253436299817057,0.25493539410723426,0.1375989688909363,0.6666666666666666,0.6666666666666666,3.0,overlapping_horizon_score_to_return,6-month overlapping forward-return diagnostic; not a monthly executable backtest
top_k_next_6m | ObjectiveSpecific[top_k_next_6m][XGBoost light] Calibration Base,top_k_next_6m,ObjectiveSpecific[top_k_next_6m][XGBoost light] Calibration Base,2020-11,6,forward_6m_return,target_top_k_next_6m,0.161788218568723,0.15128038501239993,0.010507833556323065,0.6666666666666666,1.3333333333333333,3.0,overlapping_horizon_score_to_return,6-month overlapping forward-return diagnostic; not a monthly executable backtest
top_k_next_6m | ObjectiveSpecific[top_k_next_6m][XGBoost light] Calibration Base,top_k_next_6m,ObjectiveSpecific[top_k_next_6m][XGBoost light] Calibration Base,2020-12,6,forward_6m_return,target_top_k_next_6m,0.004836636445699465,0.1110881613572555,-0.10625152491155603,0.3333333333333333,0.6666666666666666,3.0,overlapping_horizon_score_to_return,6-month overlapping forward-return diagnostic; not a monthly executable backtest
top_k_next_6m | ObjectiveSpecific[top_k_next_6m][XGBoost light] Calibration Base,top_k_next_6m,ObjectiveSpecific[top_k_next_6m][XGBoost light] Calibration Base,2021-01,6,forward_6m_return,target_top_k_next_6m,0.07328879152483354,0.09744228828245814,-0.0241534967576246,0.0,0.6666666666666666,3.0,overlapping_horizon_score_to_return,6-month overlapping forward-return diagnostic; not a monthly executable backtest
top_k_next_6m | ObjectiveSpecific[top_k_next_6m][XGBoost light] Calibration Base,top_k_next_6m,ObjectiveSpecific[top_k_next_6m][XGBoost light] Calibration Base,2021-02,6,forward_6m_return,target_top_k_next_6m,0.12484790449367658,0.07718112307303507,0.04766678142064151,0.6666666666666666,1.3333333333333333,3.0,overlapping_horizon_score_to_return,6-month overlapping forward-return diagnostic; not a monthly executable backtest
top_k_next_6m | ObjectiveSpecific[top_k_next_6m][XGBoost light] Calibration Base,top_k_next_6m,ObjectiveSpecific[top_k_next_6m][XGBoost light] Calibration Base,2021-03,6,forward_6m_return,target_top_k_next_6m,0.03638224390189474,0.04807993488702681,-0.01169769098513207,0.0,1.9999999999999998,3.0,overlapping_horizon_score_to_return,6-month overlapping forward-return diagnostic; not a monthly executable backtest
top_k_next_6m | ObjectiveSpecific[top_k_next_6m][XGBoost light] Calibration Base,top_k_next_6m,ObjectiveSpecific[top_k_next_6m][XGBoost light] Calibration Base,2021-04,6,forward_6m_return,target_top_k_next_6m,0.021469076052531823,0.06198386367696539,-0.040514787624433564,0.0,0.0,3.0,overlapping_horizon_score_to_return,6-month overlapping forward-return diagnostic; not a monthly executable backtest
top_k_next_6m | ObjectiveSpecific[top_k_next_6m][XGBoost light] Calibration Base,top_k_next_6m,ObjectiveSpecific[top_k_next_6m][XGBoost light] Calibration Base,2021-05,6,forward_6m_return,target_top_k_next_6m,0.006371561910150016,0.02675843193748346,-0.020386870027333446,0.3333333333333333,0.6666666666666666,3.0,overlapping_horizon_score_to_return,6-month overlapping forward-return diagnostic; not a monthly executable backtest
top_k_next_6m | ObjectiveSpecific[top_k_next_6m][XGBoost light] Calibration Base,top_k_next_6m,ObjectiveSpecific[top_k_next_6m][XGBoost light] Calibration Base,2021-06,6,forward_6m_return,target_top_k_next_6m,0.05523862280282158,0.02925419978114697,0.02598442302167461,0.3333333333333333,1.3333333333333333,3.0,overlapping_horizon_score_to_return,6-month overlapping forward-return diagnostic; not a monthly executable backtest
top_k_next_6m | ObjectiveSpecific[top_k_next_6m][XGBoost light] Calibration Base,top_k_next_6m,ObjectiveSpecific[top_k_next_6m][XGBoost light] Calibration Base,2021-07,6,forward_6m_return,target_top_k_next_6m,-0.02485261576346161,0.021308330542899136,-0.04616094630636075,0.0,0.6666666666666666,3.0,overlapping_horizon_score_to_return,6-month overlapping forward-return diagnostic; not a monthly executable backtest
top_k_next_6m | ObjectiveSpecific[top_k_next_6m][XGBoost light] Calibration Base,top_k_next_6m,ObjectiveSpecific[top_k_next_6m][XGBoost light] Calibration Base,2021-08,6,forward_6m_return,target_top_k_next_6m,-0.04070169086555986,0.006384677160452823,-0.04708636802601268,0.3333333333333333,0.6666666666666666,3.0,overlapping_horizon_score_to_return,6-month overlapping forward-return diagnostic; not a monthly executable backtest
top_k_next_6m | ObjectiveSpecific[top_k_next_6m][XGBoost light] Calibration Base,top_k_next_6m,ObjectiveSpecific[top_k_next_6m][XGBoost light] Calibration Base,2021-09,6,forward_6m_return,target_top_k_next_6m,0.024893629267367268,0.035577209790009154,-0.010683580522641886,0.3333333333333333,0.0,3.0,overlapping_horizon_score_to_return,6-month overlapping forward-return diagnostic; not a monthly executable backtest
top_k_next_6m | ObjectiveSpecific[top_k_next_6m][XGBoost light] Calibration Base,top_k_next_6m,ObjectiveSpecific[top_k_next_6m][XGBoost light] Calibration Base,2021-10,6,forward_6m_return,target_top_k_next_6m,-0.08623475547316979,-0.08422971437577598,-0.0020050410973938143,0.3333333333333333,0.6666666666666666,3.0,overlapping_horizon_score_to_return,6-month overlapping forward-return diagnostic; not a monthly executable backtest
top_k_next_6m | ObjectiveSpecific[top_k_next_6m][XGBoost light] Calibration Base,top_k_next_6m,ObjectiveSpecific[top_k_next_6m][XGBoost light] Calibration Base,2021-11,6,forward_6m_return,target_top_k_next_6m,-0.13180053703788647,-0.041661400665463956,-0.09013913637242252,0.0,1.3333333333333333,3.0,overlapping_horizon_score_to_return,6-month overlapping forward-return diagnostic; not a monthly executable backtest
top_k_next_6m | ObjectiveSpecific[top_k_next_6m][XGBoost light] Calibration Base,top_k_next_6m,ObjectiveSpecific[top_k_next_6m][XGBoost light] Calibration Base,2021-12,6,forward_6m_return,target_top_k_next_6m,-0.10097156818829144,-0.13011771817925644,0.029146149990965,0.6666666666666666,1.3333333333333333,3.0,overlapping_horizon_score_to_return,6-month overlapping forward-return diagnostic; not a monthly executable backtest
top_k_next_6m | ObjectiveSpecific[top_k_next_6m][XGBoost light] Calibration Base,top_k_next_6m,ObjectiveSpecific[top_k_next_6m][XGBoost light] Calibration Base,2022-01,6,forward_6m_return,target_top_k_next_6m,-0.06595150578438787,-0.07786086196116662,0.011909356176778754,0.6666666666666666,0.6666666666666666,3.0,overlapping_horizon_score_to_return,6-month overlapping forward-return diagnostic; not a monthly executable backtest
top_k_next_6m | ObjectiveSpecific[top_k_next_6m][XGBoost light] Calibration Base,top_k_next_6m,ObjectiveSpecific[top_k_next_6m][XGBoost light] Calibration Base,2022-02,6,forward_6m_return,target_top_k_next_6m,-0.11970112637873187,-0.10498823459497841,-0.014712891783753457,0.0,0.6666666666666666,3.0,overlapping_horizon_score_to_return,6-month overlapping forward-return diagnostic; not a monthly executable backtest
top_k_next_6m | ObjectiveSpecific[top_k_next_6m][XGBoost light] Calibration Base,top_k_next_6m,ObjectiveSpecific[top_k_next_6m][XGBoost light] Calibration Base,2022-03,6,forward_6m_return,target_top_k_next_6m,-0.15715109152689294,-0.16889367903388203,0.011742587506989088,0.6666666666666666,0.0,3.0,overlapping_horizon_score_to_return,6-month overlapping forward-return diagnostic; not a monthly executable backtest
top_k_next_6m | ObjectiveSpecific[top_k_next_6m][XGBoost light] Calibration Base,top_k_next_6m,ObjectiveSpecific[top_k_next_6m][XGBoost light] Calibration Base,2022-04,6,forward_6m_return,target_top_k_next_6m,-0.09048824275075695,-0.04774174580134573,-0.042746496949411225,0.0,0.0,3.0,overlapping_horizon_score_to_return,6-month overlapping forward-return diagnostic; not a monthly executable backtest
top_k_next_6m | ObjectiveSpecific[top_k_next_6m][XGBoost light] Calibration Base,top_k_next_6m,ObjectiveSpecific[top_k_next_6m][XGBoost light] Calibration Base,2022-05,6,forward_6m_return,target_top_k_next_6m,-0.04077176959963835,-0.019689010471046254,-0.0210827591285921,0.0,0.0,3.0,overlapping_horizon_score_to_return,6-month overlapping forward-return diagnostic; not a monthly executable backtest
top_k_next_6m | ObjectiveSpecific[top_k_next_6m][XGBoost light] Calibration Base,top_k_next_6m,ObjectiveSpecific[top_k_next_6m][XGBoost light] Calibration Base,2022-06,6,forward_6m_return,target_top_k_next_6m,-0.013947008691319408,0.03190225667657411,-0.04584926536789352,0.0,0.6666666666666666,3.0,overlapping_horizon_score_to_return,6-month overlapping forward-return diagnostic; not a monthly executable backtest
top_k_next_6m | ObjectiveSpecific[top_k_next_6m][XGBoost light] Calibration Base,top_k_next_6m,ObjectiveSpecific[top_k_next_6m][XGBoost light] Calibration Base,2022-07,6,forward_6m_return,target_top_k_next_6m,0.03653111667028046,0.038757675959309165,-0.0022265592890287067,0.0,0.0,3.0,overlapping_horizon_score_to_return,6-month overlapping forward-return diagnostic; not a monthly executable backtest
top_k_next_6m | ObjectiveSpecific[top_k_next_6m][XGBoost light] Calibration Base,top_k_next_6m,ObjectiveSpecific[top_k_next_6m][XGBoost light] Calibration Base,2022-08,6,forward_6m_return,target_top_k_next_6m,0.020465305755736463,0.03715952529292861,-0.016694219537192148,0.3333333333333333,0.0,3.0,overlapping_horizon_score_to_return,6-month overlapping forward-return diagnostic; not a monthly executable backtest
top_k_next_6m | ObjectiveSpecific[top_k_next_6m][XGBoost light] Calibration Base,top_k_next_6m,ObjectiveSpecific[top_k_next_6m][XGBoost light] Calibration Base,2022-09,6,forward_6m_return,target_top_k_next_6m,0.11903301539843936,0.13137602408872032,-0.01234300869028096,0.3333333333333333,0.0,3.0,overlapping_horizon_score_to_return,6-month overlapping forward-return diagnostic; not a monthly executable backtest
top_k_next_6m | ObjectiveSpecific[top_k_next_6m][XGBoost light] Calibration Base,top_k_next_6m,ObjectiveSpecific[top_k_next_6m][XGBoost light] Calibration Base,2022-10,6,forward_6m_return,target_top_k_next_6m,0.1311801837451798,0.08083339086476406,0.050346792880415756,0.3333333333333333,0.0,3.0,overlapping_horizon_score_to_return,6-month overlapping forward-return diagnostic; not a monthly executable backtest
top_k_next_6m | ObjectiveSpecific[top_k_next_6m][XGBoost light] Calibration Base,top_k_next_6m,ObjectiveSpecific[top_k_next_6m][XGBoost light] Calibration Base,2022-11,6,forward_6m_return,target_top_k_next_6m,0.029927336453145638,0.004818195277581571,0.025109141175564065,0.3333333333333333,0.0,3.0,overlapping_horizon_score_to_return,6-month overlapping forward-return diagnostic; not a monthly executable backtest
top_k_next_6m | ObjectiveSpecific[top_k_next_6m][XGBoost light] Calibration Base,top_k_next_6m,ObjectiveSpecific[top_k_next_6m][XGBoost light] Calibration Base,2022-12,6,forward_6m_return,target_top_k_next_6m,0.033848190090720154,0.07877715947732866,-0.04492896938660851,0.0,0.0,3.0,overlapping_horizon_score_to_return,6-month overlapping forward-return diagnostic; not a monthly executable backtest
top_k_next_6m | ObjectiveSpecific[top_k_next_6m][XGBoost light] Calibration Base,top_k_next_6m,ObjectiveSpecific[top_k_next_6m][XGBoost light] Calibration Base,2023-01,6,forward_6m_return,target_top_k_next_6m,-0.0044264810119042,0.04226619542722182,-0.04669267643912602,0.0,0.0,3.0,overlapping_horizon_score_to_return,6-month overlapping forward-return diagnostic; not a monthly executable backtest
top_k_next_6m | ObjectiveSpecific[top_k_next_6m][XGBoost light] Calibration Base,top_k_next_6m,ObjectiveSpecific[top_k_next_6m][XGBoost light] Calibration Base,2023-02,6,forward_6m_return,target_top_k_next_6m,0.041350131960057324,0.06525835427044747,-0.02390822231039015,0.3333333333333333,0.6666666666666666,3.0,overlapping_horizon_score_to_return,6-month overlapping forward-return diagnostic; not a monthly executable backtest
top_k_next_6m | ObjectiveSpecific[top_k_next_6m][XGBoost light] Calibration Base,top_k_next_6m,ObjectiveSpecific[top_k_next_6m][XGBoost light] Calibration Base,2023-03,6,forward_6m_return,target_top_k_next_6m,0.06113833811211337,-0.008346525426850538,0.06948486353896391,0.6666666666666666,1.3333333333333333,3.0,overlapping_horizon_score_to_return,6-month overlapping forward-return diagnostic; not a monthly executable backtest
top_k_next_6m | ObjectiveSpecific[top_k_next_6m][XGBoost light] Calibration Base,top_k_next_6m,ObjectiveSpecific[top_k_next_6m][XGBoost light] Calibration Base,2023-04,6,forward_6m_return,target_top_k_next_6m,0.04000447486711826,-0.03270158335809733,0.07270605822521559,0.6666666666666666,0.6666666666666666,3.0,overlapping_horizon_score_to_return,6-month overlapping forward-return diagnostic; not a monthly executable backtest
top_k_next_6m | ObjectiveSpecific[top_k_next_6m][XGBoost light] Calibration Base,top_k_next_6m,ObjectiveSpecific[top_k_next_6m][XGBoost light] Calibration Base,2023-05,6,forward_6m_return,target_top_k_next_6m,0.09059553936271283,0.04751008169627996,0.043085457666432875,0.6666666666666666,0.6666666666666666,3.0,overlapping_horizon_score_to_return,6-month overlapping forward-return diagnostic; not a monthly executable backtest
top_k_next_6m | ObjectiveSpecific[top_k_next_6m][XGBoost light] Calibration Base,top_k_next_6m,ObjectiveSpecific[top_k_next_6m][XGBoost light] Calibration Base,2023-06,6,forward_6m_return,target_top_k_next_6m,0.04645457587679195,0.05422013324884979,-0.007765557372057842,0.0,1.3333333333333333,3.0,overlapping_horizon_score_to_return,6-month overlapping forward-return diagnostic; not a monthly executable backtest
top_k_next_6m | ObjectiveSpecific[top_k_next_6m][XGBoost light] Calibration Base,top_k_next_6m,ObjectiveSpecific[top_k_next_6m][XGBoost light] Calibration Base,2023-07,6,forward_6m_return,target_top_k_next_6m,0.02043144204877556,0.03143786345373413,-0.011006421404958569,0.0,0.0,3.0,overlapping_horizon_score_to_return,6-month overlapping forward-return diagnostic; not a monthly executable backtest
top_k_next_6m | ObjectiveSpecific[top_k_next_6m][XGBoost light] Calibration Base,top_k_next_6m,ObjectiveSpecific[top_k_next_6m][XGBoost light] Calibration Base,2023-08,6,forward_6m_return,target_top_k_next_6m,0.04083920768541086,0.07136982591960415,-0.030530618234193292,0.0,0.6666666666666666,3.0,overlapping_horizon_score_to_return,6-month overlapping forward-return diagnostic; not a monthly executable backtest
top_k_next_6m | ObjectiveSpecific[top_k_next_6m][XGBoost light] Calibration Base,top_k_next_6m,ObjectiveSpecific[top_k_next_6m][XGBoost light] Calibration Base,2023-09,6,forward_6m_return,target_top_k_next_6m,0.15200417218176493,0.16882466180687913,-0.016820489625114204,0.0,0.6666666666666666,3.0,overlapping_horizon_score_to_return,6-month overlapping forward-return diagnostic; not a monthly executable backtest
top_k_next_6m | ObjectiveSpecific[top_k_next_6m][XGBoost light] Calibration Base,top_k_next_6m,ObjectiveSpecific[top_k_next_6m][XGBoost light] Calibration Base,2023-10,6,forward_6m_return,target_top_k_next_6m,0.1547612882904228,0.15511905650144464,-0.0003577682110218472,0.0,0.6666666666666666,3.0,overlapping_horizon_score_to_return,6-month overlapping forward-return diagnostic; not a monthly executable backtest
top_k_next_6m | ObjectiveSpecific[top_k_next_6m][XGBoost light] Calibration Base,top_k_next_6m,ObjectiveSpecific[top_k_next_6m][XGBoost light] Calibration Base,2023-11,6,forward_6m_return,target_top_k_next_6m,0.1273051628583471,0.12080703584335348,0.00649812701499361,0.0,0.0,3.0,overlapping_horizon_score_to_return,6-month overlapping forward-return diagnostic; not a monthly executable backtest
top_k_next_6m | ObjectiveSpecific[top_k_next_6m][XGBoost light] Calibration Base,top_k_next_6m,ObjectiveSpecific[top_k_next_6m][XGBoost light] Calibration Base,2023-12,6,forward_6m_return,target_top_k_next_6m,0.06405541947618923,0.07965449604858489,-0.015599076572395662,0.3333333333333333,0.6666666666666666,3.0,overlapping_horizon_score_to_return,6-month overlapping forward-return diagnostic; not a monthly executable backtest
top_k_next_6m | ObjectiveSpecific[top_k_next_6m][XGBoost light] Calibration Base,top_k_next_6m,ObjectiveSpecific[top_k_next_6m][XGBoost light] Calibration Base,2024-01,6,forward_6m_return,target_top_k_next_6m,0.093403199974748,0.10966620716734561,-0.016263007192597614,0.3333333333333333,0.6666666666666666,3.0,overlapping_horizon_score_to_return,6-month overlapping forward-return diagnostic; not a monthly executable backtest
top_k_next_6m | ObjectiveSpecific[top_k_next_6m][XGBoost light] Calibration Base,top_k_next_6m,ObjectiveSpecific[top_k_next_6m][XGBoost light] Calibration Base,2024-02,6,forward_6m_return,target_top_k_next_6m,0.11896364864405742,0.09361049358220637,0.025353155061851054,0.3333333333333333,1.3333333333333333,3.0,overlapping_horizon_score_to_return,6-month overlapping forward-return diagnostic; not a monthly executable backtest
top_k_next_6m | ObjectiveSpecific[top_k_next_6m][XGBoost light] Calibration Base,top_k_next_6m,ObjectiveSpecific[top_k_next_6m][XGBoost light] Calibration Base,2024-03,6,forward_6m_return,target_top_k_next_6m,0.12111993120772482,0.077754306009929,0.043365625197795826,0.6666666666666666,0.6666666666666666,3.0,overlapping_horizon_score_to_return,6-month overlapping forward-return diagnostic; not a monthly executable backtest
top_k_next_6m | ObjectiveSpecific[top_k_next_6m][XGBoost light] Calibration Base,top_k_next_6m,ObjectiveSpecific[top_k_next_6m][XGBoost light] Calibration Base,2024-04,6,forward_6m_return,target_top_k_next_6m,0.1399792281218094,0.10216572480688826,0.03781350331492114,0.3333333333333333,0.6666666666666666,3.0,overlapping_horizon_score_to_return,6-month overlapping forward-return diagnostic; not a monthly executable backtest
top_k_next_6m | ObjectiveSpecific[top_k_next_6m][XGBoost light] Calibration Base,top_k_next_6m,ObjectiveSpecific[top_k_next_6m][XGBoost light] Calibration Base,2024-05,6,forward_6m_return,target_top_k_next_6m,0.0966324466236892,0.09782411360907259,-0.0011916669853833939,0.0,0.6666666666666666,3.0,overlapping_horizon_score_to_return,6-month overlapping forward-return diagnostic; not a monthly executable backtest
top_k_next_6m | ObjectiveSpecific[top_k_next_6m][XGBoost light] Calibration Base,top_k_next_6m,ObjectiveSpecific[top_k_next_6m][XGBoost light] Calibration Base,2024-06,6,forward_6m_return,target_top_k_next_6m,0.048142588206519545,0.05157437639087646,-0.0034317881843569167,0.3333333333333333,0.6666666666666666,3.0,overlapping_horizon_score_to_return,6-month overlapping forward-return diagnostic; not a monthly executable backtest
top_k_next_6m | ObjectiveSpecific[top_k_next_6m][XGBoost light] Calibration Base,top_k_next_6m,ObjectiveSpecific[top_k_next_6m][XGBoost light] Calibration Base,2024-07,6,forward_6m_return,target_top_k_next_6m,0.03158009112917859,0.03674599091982535,-0.005165899790646758,0.3333333333333333,0.6666666666666666,3.0,overlapping_horizon_score_to_return,6-month overlapping forward-return diagnostic; not a monthly executable backtest
top_k_next_6m | ObjectiveSpecific[top_k_next_6m][XGBoost light] Calibration Base,top_k_next_6m,ObjectiveSpecific[top_k_next_6m][XGBoost light] Calibration Base,2024-08,6,forward_6m_return,target_top_k_next_6m,0.056935883784640276,0.04904021104912389,0.007895672735516383,0.3333333333333333,0.6666666666666666,3.0,overlapping_horizon_score_to_return,6-month overlapping forward-return diagnostic; not a monthly executable backtest
top_k_next_6m | ObjectiveSpecific[top_k_next_6m][XGBoost light] Calibration Base,top_k_next_6m,ObjectiveSpecific[top_k_next_6m][XGBoost light] Calibration Base,2024-09,6,forward_6m_return,target_top_k_next_6m,0.036249010639259005,0.010902010947950114,0.02534699969130889,0.3333333333333333,0.6666666666666666,3.0,overlapping_horizon_score_to_return,6-month overlapping forward-return diagnostic; not a monthly executable backtest
top_k_next_6m | ObjectiveSpecific[top_k_next_6m][XGBoost light] Calibration Base,top_k_next_6m,ObjectiveSpecific[top_k_next_6m][XGBoost light] Calibration Base,2024-10,6,forward_6m_return,target_top_k_next_6m,0.0954079667109895,0.010798005505983744,0.08460996120500576,0.6666666666666666,0.6666666666666666,3.0,overlapping_horizon_score_to_return,6-month overlapping forward-return diagnostic; not a monthly executable backtest
top_k_next_6m | ObjectiveSpecific[top_k_next_6m][XGBoost light] Calibration Base,top_k_next_6m,ObjectiveSpecific[top_k_next_6m][XGBoost light] Calibration Base,2024-11,6,forward_6m_return,target_top_k_next_6m,0.13932732031349687,0.01481359240546699,0.12451372790802988,0.6666666666666666,0.0,3.0,overlapping_horizon_score_to_return,6-month overlapping forward-return diagnostic; not a monthly executable backtest
top_k_next_6m | ObjectiveSpecific[top_k_next_6m][XGBoost light] Calibration Base,top_k_next_6m,ObjectiveSpecific[top_k_next_6m][XGBoost light] Calibration Base,2024-12,6,forward_6m_return,target_top_k_next_6m,0.17020681157616369,0.08755260421742209,0.0826542073587416,0.6666666666666666,0.0,3.0,overlapping_horizon_score_to_return,6-month overlapping forward-return diagnostic; not a monthly executable backtest
top_k_next_6m | ObjectiveSpecific[top_k_next_6m][XGBoost light] Calibration Base,top_k_next_6m,ObjectiveSpecific[top_k_next_6m][XGBoost light] Calibration Base,2025-01,6,forward_6m_return,target_top_k_next_6m,0.11579906750878528,0.07145067289410181,0.04434839461468347,0.6666666666666666,0.6666666666666666,3.0,overlapping_horizon_score_to_return,6-month overlapping forward-return diagnostic; not a monthly executable backtest
top_k_next_6m | ObjectiveSpecific[top_k_next_6m][XGBoost light] Calibration Base,top_k_next_6m,ObjectiveSpecific[top_k_next_6m][XGBoost light] Calibration Base,2025-02,6,forward_6m_return,target_top_k_next_6m,0.029194608754147845,0.0740436919387153,-0.04484908318456745,0.3333333333333333,0.6666666666666666,3.0,overlapping_horizon_score_to_return,6-month overlapping forward-return diagnostic; not a monthly executable backtest
top_k_next_6m | ObjectiveSpecific[top_k_next_6m][XGBoost light] Calibration Base,top_k_next_6m,ObjectiveSpecific[top_k_next_6m][XGBoost light] Calibration Base,2025-03,6,forward_6m_return,target_top_k_next_6m,0.0678024378307865,0.1424852193691071,-0.0746827815383206,0.0,0.0,3.0,overlapping_horizon_score_to_return,6-month overlapping forward-return diagnostic; not a monthly executable backtest
top_k_next_6m | ObjectiveSpecific[top_k_next_6m][XGBoost light] Calibration Base,top_k_next_6m,ObjectiveSpecific[top_k_next_6m][XGBoost light] Calibration Base,2025-04,6,forward_6m_return,target_top_k_next_6m,0.23978508237719032,0.17233242704381527,0.06745265533337505,0.6666666666666666,1.9999999999999998,3.0,overlapping_horizon_score_to_return,6-month overlapping forward-return diagnostic; not a monthly executable backtest
top_k_next_6m | ObjectiveSpecific[top_k_next_6m][XGBoost light] Calibration Base,top_k_next_6m,ObjectiveSpecific[top_k_next_6m][XGBoost light] Calibration Base,2025-05,6,forward_6m_return,target_top_k_next_6m,0.0979306352925786,0.1376998968675988,-0.039769261575020184,0.0,1.3333333333333333,3.0,overlapping_horizon_score_to_return,6-month overlapping forward-return diagnostic; not a monthly executable backtest
top_k_next_6m | ObjectiveSpecific[top_k_next_6m][XGBoost light] Calibration Base,top_k_next_6m,ObjectiveSpecific[top_k_next_6m][XGBoost light] Calibration Base,2025-06,6,forward_6m_return,target_top_k_next_6m,0.10668556555627765,0.11632951345399481,-0.009643947897717164,0.3333333333333333,0.6666666666666666,3.0,overlapping_horizon_score_to_return,6-month overlapping forward-return diagnostic; not a monthly executable backtest
top_k_next_6m | ObjectiveSpecific[top_k_next_6m][XGBoost light] Calibration Base,top_k_next_6m,ObjectiveSpecific[top_k_next_6m][XGBoost light] Calibration Base,2025-07,6,forward_6m_return,target_top_k_next_6m,0.18555318029812518,0.14833670258499349,0.03721647771313169,0.3333333333333333,1.3333333333333333,3.0,overlapping_horizon_score_to_return,6-month overlapping forward-return diagnostic; not a monthly executable backtest
top_k_next_6m | ObjectiveSpecific[top_k_next_6m][XGBoost light] Calibration Base,top_k_next_6m,ObjectiveSpecific[top_k_next_6m][XGBoost light] Calibration Base,2025-08,6,forward_6m_return,target_top_k_next_6m,0.20701047278233775,0.1560665539487492,0.050943918833588564,0.6666666666666666,1.3333333333333333,3.0,overlapping_horizon_score_to_return,6-month overlapping forward-return diagnostic; not a monthly executable backtest
top_k_next_6m | ObjectiveSpecific[top_k_next_6m][XGBoost light] Calibration Base,top_k_next_6m,ObjectiveSpecific[top_k_next_6m][XGBoost light] Calibration Base,2025-09,6,forward_6m_return,target_top_k_next_6m,-0.033542052524423396,0.06750246559984471,-0.10104451812426811,0.0,1.3333333333333333,3.0,overlapping_horizon_score_to_return,6-month overlapping forward-return diagnostic; not a monthly executable backtest
top_k_next_6m | ObjectiveSpecific[top_k_next_6m][XGBoost light] Calibration Base,top_k_next_6m,ObjectiveSpecific[top_k_next_6m][XGBoost light] Calibration Base,2025-10,6,forward_6m_return,target_top_k_next_6m,0.11894988969923964,0.10049962781128818,0.018450261887951458,0.3333333333333333,1.3333333333333333,3.0,overlapping_horizon_score_to_return,6-month overlapping forward-return diagnostic; not a monthly executable backtest
top_k_next_6m | ObjectiveSpecific[top_k_next_6m][XGBoost light] Calibrated,top_k_next_6m,ObjectiveSpecific[top_k_next_6m][XGBoost light] Calibrated,2020-01,6,forward_6m_return,target_top_k_next_6m,0.12124929359865627,0.01628525231601622,0.10496404128264006,0.3333333333333333,1.0,3.0,overlapping_horizon_score_to_return,6-month overlapping forward-return diagnostic; not a monthly executable backtest
top_k_next_6m | ObjectiveSpecific[top_k_next_6m][XGBoost light] Calibrated,top_k_next_6m,ObjectiveSpecific[top_k_next_6m][XGBoost light] Calibrated,2020-02,6,forward_6m_return,target_top_k_next_6m,0.06690877771832354,0.09242740072577746,-0.025518623007453917,0.0,0.6666666666666666,3.0,overlapping_horizon_score_to_return,6-month overlapping forward-return diagnostic; not a monthly executable backtest
top_k_next_6m | ObjectiveSpecific[top_k_next_6m][XGBoost light] Calibrated,top_k_next_6m,ObjectiveSpecific[top_k_next_6m][XGBoost light] Calibrated,2020-03,6,forward_6m_return,target_top_k_next_6m,0.1536152703229405,0.24050222187160855,-0.08688695154866805,0.0,1.3333333333333333,3.0,overlapping_horizon_score_to_return,6-month overlapping forward-return diagnostic; not a monthly executable backtest
top_k_next_6m | ObjectiveSpecific[top_k_next_6m][XGBoost light] Calibrated,top_k_next_6m,ObjectiveSpecific[top_k_next_6m][XGBoost light] Calibrated,2020-04,6,forward_6m_return,target_top_k_next_6m,0.08187674126725422,0.10418168155343888,-0.022304940286184655,0.0,0.0,3.0,overlapping_horizon_score_to_return,6-month overlapping forward-return diagnostic; not a monthly executable backtest
top_k_next_6m | ObjectiveSpecific[top_k_next_6m][XGBoost light] Calibrated,top_k_next_6m,ObjectiveSpecific[top_k_next_6m][XGBoost light] Calibrated,2020-05,6,forward_6m_return,target_top_k_next_6m,0.06635203593814208,0.16016355789357284,-0.09381152195543076,0.0,0.6666666666666666,3.0,overlapping_horizon_score_to_return,6-month overlapping forward-return diagnostic; not a monthly executable backtest
top_k_next_6m | ObjectiveSpecific[top_k_next_6m][XGBoost light] Calibrated,top_k_next_6m,ObjectiveSpecific[top_k_next_6m][XGBoost light] Calibrated,2020-06,6,forward_6m_return,target_top_k_next_6m,0.10451031922317836,0.18123914945283864,-0.07672883022966029,0.0,0.6666666666666666,3.0,overlapping_horizon_score_to_return,6-month overlapping forward-return diagnostic; not a monthly executable backtest
top_k_next_6m | ObjectiveSpecific[top_k_next_6m][XGBoost light] Calibrated,top_k_next_6m,ObjectiveSpecific[top_k_next_6m][XGBoost light] Calibrated,2020-07,6,forward_6m_return,target_top_k_next_6m,0.11366108360385485,0.13797615285360254,-0.02431506924974769,0.0,0.6666666666666666,3.0,overlapping_horizon_score_to_return,6-month overlapping forward-return diagnostic; not a monthly executable backtest
top_k_next_6m | ObjectiveSpecific[top_k_next_6m][XGBoost light] Calibrated,top_k_next_6m,ObjectiveSpecific[top_k_next_6m][XGBoost light] Calibrated,2020-08,6,forward_6m_return,target_top_k_next_6m,0.11598987184564785,0.14983500839146488,-0.03384513654581703,0.0,0.6666666666666666,3.0,overlapping_horizon_score_to_return,6-month overlapping forward-return diagnostic; not a monthly executable backtest
top_k_next_6m | ObjectiveSpecific[top_k_next_6m][XGBoost light] Calibrated,top_k_next_6m,ObjectiveSpecific[top_k_next_6m][XGBoost light] Calibrated,2020-09,6,forward_6m_return,target_top_k_next_6m,0.10896548745529921,0.20644441375510064,-0.09747892629980143,0.0,0.6666666666666666,3.0,overlapping_horizon_score_to_return,6-month overlapping forward-return diagnostic; not a monthly executable backtest
top_k_next_6m | ObjectiveSpecific[top_k_next_6m][XGBoost light] Calibrated,top_k_next_6m,ObjectiveSpecific[top_k_next_6m][XGBoost light] Calibrated,2020-10,6,forward_6m_return,target_top_k_next_6m,0.17041887045170234,0.25493539410723426,-0.08451652365553192,0.0,0.0,3.0,overlapping_horizon_score_to_return,6-month overlapping forward-return diagnostic; not a monthly executable backtest
top_k_next_6m | ObjectiveSpecific[top_k_next_6m][XGBoost light] Calibrated,top_k_next_6m,ObjectiveSpecific[top_k_next_6m][XGBoost light] Calibrated,2020-11,6,forward_6m_return,target_top_k_next_6m,0.14398334986636288,0.15128038501239993,-0.007297035146037051,0.0,0.6666666666666666,3.0,overlapping_horizon_score_to_return,6-month overlapping forward-return diagnostic; not a monthly executable backtest
top_k_next_6m | ObjectiveSpecific[top_k_next_6m][XGBoost light] Calibrated,top_k_next_6m,ObjectiveSpecific[top_k_next_6m][XGBoost light] Calibrated,2020-12,6,forward_6m_return,target_top_k_next_6m,0.11718664028810476,0.1110881613572555,0.006098478930849263,0.0,0.0,3.0,overlapping_horizon_score_to_return,6-month overlapping forward-return diagnostic; not a monthly executable backtest
top_k_next_6m | ObjectiveSpecific[top_k_next_6m][XGBoost light] Calibrated,top_k_next_6m,ObjectiveSpecific[top_k_next_6m][XGBoost light] Calibrated,2021-01,6,forward_6m_return,target_top_k_next_6m,0.18742132600260253,0.09744228828245814,0.08997903772014439,0.6666666666666666,0.6666666666666666,3.0,overlapping_horizon_score_to_return,6-month overlapping forward-return diagnostic; not a monthly executable backtest
top_k_next_6m | ObjectiveSpecific[top_k_next_6m][XGBoost light] Calibrated,top_k_next_6m,ObjectiveSpecific[top_k_next_6m][XGBoost light] Calibrated,2021-02,6,forward_6m_return,target_top_k_next_6m,0.05352011505587328,0.07718112307303507,-0.02366100801716179,0.0,1.3333333333333333,3.0,overlapping_horizon_score_to_return,6-month overlapping forward-return diagnostic; not a monthly executable backtest
top_k_next_6m | ObjectiveSpecific[top_k_next_6m][XGBoost light] Calibrated,top_k_next_6m,ObjectiveSpecific[top_k_next_6m][XGBoost light] Calibrated,2021-03,6,forward_6m_return,target_top_k_next_6m,0.0978113364676926,0.04807993488702681,0.049731401580665795,0.6666666666666666,1.9999999999999998,3.0,overlapping_horizon_score_to_return,6-month overlapping forward-return diagnostic; not a monthly executable backtest
top_k_next_6m | ObjectiveSpecific[top_k_next_6m][XGBoost light] Calibrated,top_k_next_6m,ObjectiveSpecific[top_k_next_6m][XGBoost light] Calibrated,2021-04,6,forward_6m_return,target_top_k_next_6m,0.03578261604534923,0.06198386367696539,-0.02620124763161616,0.3333333333333333,1.3333333333333333,3.0,overlapping_horizon_score_to_return,6-month overlapping forward-return diagnostic; not a monthly executable backtest
top_k_next_6m | ObjectiveSpecific[top_k_next_6m][XGBoost light] Calibrated,top_k_next_6m,ObjectiveSpecific[top_k_next_6m][XGBoost light] Calibrated,2021-05,6,forward_6m_return,target_top_k_next_6m,0.027819369797002128,0.02675843193748346,0.001060937859518666,0.3333333333333333,0.6666666666666666,3.0,overlapping_horizon_score_to_return,6-month overlapping forward-return diagnostic; not a monthly executable backtest
top_k_next_6m | ObjectiveSpecific[top_k_next_6m][XGBoost light] Calibrated,top_k_next_6m,ObjectiveSpecific[top_k_next_6m][XGBoost light] Calibrated,2021-06,6,forward_6m_return,target_top_k_next_6m,0.06347894872890938,0.02925419978114697,0.03422474894776241,0.6666666666666666,0.6666666666666666,3.0,overlapping_horizon_score_to_return,6-month overlapping forward-return diagnostic; not a monthly executable backtest
top_k_next_6m | ObjectiveSpecific[top_k_next_6m][XGBoost light] Calibrated,top_k_next_6m,ObjectiveSpecific[top_k_next_6m][XGBoost light] Calibrated,2021-07,6,forward_6m_return,target_top_k_next_6m,0.005232390137442401,0.021308330542899136,-0.016075940405456735,0.6666666666666666,0.6666666666666666,3.0,overlapping_horizon_score_to_return,6-month overlapping forward-return diagnostic; not a monthly executable backtest
top_k_next_6m | ObjectiveSpecific[top_k_next_6m][XGBoost light] Calibrated,top_k_next_6m,ObjectiveSpecific[top_k_next_6m][XGBoost light] Calibrated,2021-08,6,forward_6m_return,target_top_k_next_6m,0.159846911021567,0.006384677160452823,0.15346223386111418,0.6666666666666666,0.6666666666666666,3.0,overlapping_horizon_score_to_return,6-month overlapping forward-return diagnostic; not a monthly executable backtest
top_k_next_6m | ObjectiveSpecific[top_k_next_6m][XGBoost light] Calibrated,top_k_next_6m,ObjectiveSpecific[top_k_next_6m][XGBoost light] Calibrated,2021-09,6,forward_6m_return,target_top_k_next_6m,-0.03223470289983772,0.035577209790009154,-0.06781191268984688,0.0,1.3333333333333333,3.0,overlapping_horizon_score_to_return,6-month overlapping forward-return diagnostic; not a monthly executable backtest
top_k_next_6m | ObjectiveSpecific[top_k_next_6m][XGBoost light] Calibrated,top_k_next_6m,ObjectiveSpecific[top_k_next_6m][XGBoost light] Calibrated,2021-10,6,forward_6m_return,target_top_k_next_6m,-0.12955226457861238,-0.08422971437577598,-0.045322550202836404,0.3333333333333333,1.3333333333333333,3.0,overlapping_horizon_score_to_return,6-month overlapping forward-return diagnostic; not a monthly executable backtest
top_k_next_6m | ObjectiveSpecific[top_k_next_6m][XGBoost light] Calibrated,top_k_next_6m,ObjectiveSpecific[top_k_next_6m][XGBoost light] Calibrated,2021-11,6,forward_6m_return,target_top_k_next_6m,-0.09767998301238419,-0.041661400665463956,-0.05601858234692023,0.3333333333333333,1.3333333333333333,3.0,overlapping_horizon_score_to_return,6-month overlapping forward-return diagnostic; not a monthly executable backtest
top_k_next_6m | ObjectiveSpecific[top_k_next_6m][XGBoost light] Calibrated,top_k_next_6m,ObjectiveSpecific[top_k_next_6m][XGBoost light] Calibrated,2021-12,6,forward_6m_return,target_top_k_next_6m,-0.2133654020782055,-0.13011771817925644,-0.08324768389894907,0.0,0.6666666666666666,3.0,overlapping_horizon_score_to_return,6-month overlapping forward-return diagnostic; not a monthly executable backtest
top_k_next_6m | ObjectiveSpecific[top_k_next_6m][XGBoost light] Calibrated,top_k_next_6m,ObjectiveSpecific[top_k_next_6m][XGBoost light] Calibrated,2022-01,6,forward_6m_return,target_top_k_next_6m,-0.0076388913049785165,-0.07786086196116662,0.0702219706561881,0.3333333333333333,0.6666666666666666,3.0,overlapping_horizon_score_to_return,6-month overlapping forward-return diagnostic; not a monthly executable backtest
top_k_next_6m | ObjectiveSpecific[top_k_next_6m][XGBoost light] Calibrated,top_k_next_6m,ObjectiveSpecific[top_k_next_6m][XGBoost light] Calibrated,2022-02,6,forward_6m_return,target_top_k_next_6m,-0.0336014302440274,-0.10498823459497841,0.07138680435095102,0.6666666666666666,0.6666666666666666,3.0,overlapping_horizon_score_to_return,6-month overlapping forward-return diagnostic; not a monthly executable backtest
top_k_next_6m | ObjectiveSpecific[top_k_next_6m][XGBoost light] Calibrated,top_k_next_6m,ObjectiveSpecific[top_k_next_6m][XGBoost light] Calibrated,2022-03,6,forward_6m_return,target_top_k_next_6m,-0.13888118948203806,-0.16889367903388203,0.030012489551843963,0.3333333333333333,0.0,3.0,overlapping_horizon_score_to_return,6-month overlapping forward-return diagnostic; not a monthly executable backtest
top_k_next_6m | ObjectiveSpecific[top_k_next_6m][XGBoost light] Calibrated,top_k_next_6m,ObjectiveSpecific[top_k_next_6m][XGBoost light] Calibrated,2022-04,6,forward_6m_return,target_top_k_next_6m,0.03714150275486161,-0.04774174580134573,0.08488324855620734,0.3333333333333333,0.0,3.0,overlapping_horizon_score_to_return,6-month overlapping forward-return diagnostic; not a monthly executable backtest
top_k_next_6m | ObjectiveSpecific[top_k_next_6m][XGBoost light] Calibrated,top_k_next_6m,ObjectiveSpecific[top_k_next_6m][XGBoost light] Calibrated,2022-05,6,forward_6m_return,target_top_k_next_6m,0.013551123903323579,-0.019689010471046254,0.03324013437436983,0.3333333333333333,0.0,3.0,overlapping_horizon_score_to_return,6-month overlapping forward-return diagnostic; not a monthly executable backtest
top_k_next_6m | ObjectiveSpecific[top_k_next_6m][XGBoost light] Calibrated,top_k_next_6m,ObjectiveSpecific[top_k_next_6m][XGBoost light] Calibrated,2022-06,6,forward_6m_return,target_top_k_next_6m,0.12257047035103091,0.03190225667657411,0.0906682136744568,0.6666666666666666,0.6666666666666666,3.0,overlapping_horizon_score_to_return,6-month overlapping forward-return diagnostic; not a monthly executable backtest
top_k_next_6m | ObjectiveSpecific[top_k_next_6m][XGBoost light] Calibrated,top_k_next_6m,ObjectiveSpecific[top_k_next_6m][XGBoost light] Calibrated,2022-07,6,forward_6m_return,target_top_k_next_6m,0.09250296327528121,0.038757675959309165,0.05374528731597204,0.6666666666666666,0.6666666666666666,3.0,overlapping_horizon_score_to_return,6-month overlapping forward-return diagnostic; not a monthly executable backtest
top_k_next_6m | ObjectiveSpecific[top_k_next_6m][XGBoost light] Calibrated,top_k_next_6m,ObjectiveSpecific[top_k_next_6m][XGBoost light] Calibrated,2022-08,6,forward_6m_return,target_top_k_next_6m,0.0826963148159608,0.03715952529292861,0.045536789523032195,0.3333333333333333,0.0,3.0,overlapping_horizon_score_to_return,6-month overlapping forward-return diagnostic; not a monthly executable backtest
top_k_next_6m | ObjectiveSpecific[top_k_next_6m][XGBoost light] Calibrated,top_k_next_6m,ObjectiveSpecific[top_k_next_6m][XGBoost light] Calibrated,2022-09,6,forward_6m_return,target_top_k_next_6m,0.12744090027127006,0.13137602408872032,-0.003935123817450259,0.0,0.6666666666666666,3.0,overlapping_horizon_score_to_return,6-month overlapping forward-return diagnostic; not a monthly executable backtest
top_k_next_6m | ObjectiveSpecific[top_k_next_6m][XGBoost light] Calibrated,top_k_next_6m,ObjectiveSpecific[top_k_next_6m][XGBoost light] Calibrated,2022-10,6,forward_6m_return,target_top_k_next_6m,0.07817782065806718,0.08083339086476406,-0.002655570206696878,0.3333333333333333,0.6666666666666666,3.0,overlapping_horizon_score_to_return,6-month overlapping forward-return diagnostic; not a monthly executable backtest
top_k_next_6m | ObjectiveSpecific[top_k_next_6m][XGBoost light] Calibrated,top_k_next_6m,ObjectiveSpecific[top_k_next_6m][XGBoost light] Calibrated,2022-11,6,forward_6m_return,target_top_k_next_6m,-0.07653828187646401,0.004818195277581571,-0.08135647715404558,0.0,0.6666666666666666,3.0,overlapping_horizon_score_to_return,6-month overlapping forward-return diagnostic; not a monthly executable backtest
top_k_next_6m | ObjectiveSpecific[top_k_next_6m][XGBoost light] Calibrated,top_k_next_6m,ObjectiveSpecific[top_k_next_6m][XGBoost light] Calibrated,2022-12,6,forward_6m_return,target_top_k_next_6m,0.034353460528764826,0.07877715947732866,-0.044423698948563836,0.3333333333333333,0.0,3.0,overlapping_horizon_score_to_return,6-month overlapping forward-return diagnostic; not a monthly executable backtest
top_k_next_6m | ObjectiveSpecific[top_k_next_6m][XGBoost light] Calibrated,top_k_next_6m,ObjectiveSpecific[top_k_next_6m][XGBoost light] Calibrated,2023-01,6,forward_6m_return,target_top_k_next_6m,0.058991998619321244,0.04226619542722182,0.016725803192099424,0.6666666666666666,0.6666666666666666,3.0,overlapping_horizon_score_to_return,6-month overlapping forward-return diagnostic; not a monthly executable backtest
top_k_next_6m | ObjectiveSpecific[top_k_next_6m][XGBoost light] Calibrated,top_k_next_6m,ObjectiveSpecific[top_k_next_6m][XGBoost light] Calibrated,2023-02,6,forward_6m_return,target_top_k_next_6m,0.1689219980049464,0.06525835427044747,0.10366364373449892,0.6666666666666666,0.6666666666666666,3.0,overlapping_horizon_score_to_return,6-month overlapping forward-return diagnostic; not a monthly executable backtest
top_k_next_6m | ObjectiveSpecific[top_k_next_6m][XGBoost light] Calibrated,top_k_next_6m,ObjectiveSpecific[top_k_next_6m][XGBoost light] Calibrated,2023-03,6,forward_6m_return,target_top_k_next_6m,0.02071028494040579,-0.008346525426850538,0.02905681036725633,0.3333333333333333,0.6666666666666666,3.0,overlapping_horizon_score_to_return,6-month overlapping forward-return diagnostic; not a monthly executable backtest
top_k_next_6m | ObjectiveSpecific[top_k_next_6m][XGBoost light] Calibrated,top_k_next_6m,ObjectiveSpecific[top_k_next_6m][XGBoost light] Calibrated,2023-04,6,forward_6m_return,target_top_k_next_6m,-0.024406830330212737,-0.03270158335809733,0.008294753027884592,0.3333333333333333,0.0,3.0,overlapping_horizon_score_to_return,6-month overlapping forward-return diagnostic; not a monthly executable backtest
top_k_next_6m | ObjectiveSpecific[top_k_next_6m][XGBoost light] Calibrated,top_k_next_6m,ObjectiveSpecific[top_k_next_6m][XGBoost light] Calibrated,2023-05,6,forward_6m_return,target_top_k_next_6m,0.08954332213394973,0.04751008169627996,0.042033240437669775,0.3333333333333333,0.6666666666666666,3.0,overlapping_horizon_score_to_return,6-month overlapping forward-return diagnostic; not a monthly executable backtest
top_k_next_6m | ObjectiveSpecific[top_k_next_6m][XGBoost light] Calibrated,top_k_next_6m,ObjectiveSpecific[top_k_next_6m][XGBoost light] Calibrated,2023-06,6,forward_6m_return,target_top_k_next_6m,0.049449690011151806,0.05422013324884979,-0.0047704432376979855,0.3333333333333333,1.3333333333333333,3.0,overlapping_horizon_score_to_return,6-month overlapping forward-return diagnostic; not a monthly executable backtest
top_k_next_6m | ObjectiveSpecific[top_k_next_6m][XGBoost light] Calibrated,top_k_next_6m,ObjectiveSpecific[top_k_next_6m][XGBoost light] Calibrated,2023-07,6,forward_6m_return,target_top_k_next_6m,0.03175339245393227,0.03143786345373413,0.000315529000198142,0.3333333333333333,1.3333333333333333,3.0,overlapping_horizon_score_to_return,6-month overlapping forward-return diagnostic; not a monthly executable backtest
top_k_next_6m | ObjectiveSpecific[top_k_next_6m][XGBoost light] Calibrated,top_k_next_6m,ObjectiveSpecific[top_k_next_6m][XGBoost light] Calibrated,2023-08,6,forward_6m_return,target_top_k_next_6m,0.0703892351740913,0.07136982591960415,-0.0009805907455128493,0.3333333333333333,0.6666666666666666,3.0,overlapping_horizon_score_to_return,6-month overlapping forward-return diagnostic; not a monthly executable backtest
top_k_next_6m | ObjectiveSpecific[top_k_next_6m][XGBoost light] Calibrated,top_k_next_6m,ObjectiveSpecific[top_k_next_6m][XGBoost light] Calibrated,2023-09,6,forward_6m_return,target_top_k_next_6m,0.1291421037138564,0.16882466180687913,-0.039682558093022735,0.3333333333333333,0.6666666666666666,3.0,overlapping_horizon_score_to_return,6-month overlapping forward-return diagnostic; not a monthly executable backtest
top_k_next_6m | ObjectiveSpecific[top_k_next_6m][XGBoost light] Calibrated,top_k_next_6m,ObjectiveSpecific[top_k_next_6m][XGBoost light] Calibrated,2023-10,6,forward_6m_return,target_top_k_next_6m,0.12740092475253634,0.15511905650144464,-0.027718131748908303,0.0,0.6666666666666666,3.0,overlapping_horizon_score_to_return,6-month overlapping forward-return diagnostic; not a monthly executable backtest
top_k_next_6m | ObjectiveSpecific[top_k_next_6m][XGBoost light] Calibrated,top_k_next_6m,ObjectiveSpecific[top_k_next_6m][XGBoost light] Calibrated,2023-11,6,forward_6m_return,target_top_k_next_6m,0.10020557385308773,0.12080703584335348,-0.020601461990265746,0.3333333333333333,0.6666666666666666,3.0,overlapping_horizon_score_to_return,6-month overlapping forward-return diagnostic; not a monthly executable backtest
top_k_next_6m | ObjectiveSpecific[top_k_next_6m][XGBoost light] Calibrated,top_k_next_6m,ObjectiveSpecific[top_k_next_6m][XGBoost light] Calibrated,2023-12,6,forward_6m_return,target_top_k_next_6m,0.058943028905892425,0.07965449604858489,-0.020711467142692466,0.3333333333333333,0.6666666666666666,3.0,overlapping_horizon_score_to_return,6-month overlapping forward-return diagnostic; not a monthly executable backtest
top_k_next_6m | ObjectiveSpecific[top_k_next_6m][XGBoost light] Calibrated,top_k_next_6m,ObjectiveSpecific[top_k_next_6m][XGBoost light] Calibrated,2024-01,6,forward_6m_return,target_top_k_next_6m,0.08995292536746083,0.10966620716734561,-0.019713281799884783,0.3333333333333333,0.6666666666666666,3.0,overlapping_horizon_score_to_return,6-month overlapping forward-return diagnostic; not a monthly executable backtest
top_k_next_6m | ObjectiveSpecific[top_k_next_6m][XGBoost light] Calibrated,top_k_next_6m,ObjectiveSpecific[top_k_next_6m][XGBoost light] Calibrated,2024-02,6,forward_6m_return,target_top_k_next_6m,0.08539924799601542,0.09361049358220637,-0.008211245586190949,0.3333333333333333,0.6666666666666666,3.0,overlapping_horizon_score_to_return,6-month overlapping forward-return diagnostic; not a monthly executable backtest
top_k_next_6m | ObjectiveSpecific[top_k_next_6m][XGBoost light] Calibrated,top_k_next_6m,ObjectiveSpecific[top_k_next_6m][XGBoost light] Calibrated,2024-03,6,forward_6m_return,target_top_k_next_6m,0.08952714043746468,0.077754306009929,0.011772834427535683,0.3333333333333333,0.6666666666666666,3.0,overlapping_horizon_score_to_return,6-month overlapping forward-return diagnostic; not a monthly executable backtest
top_k_next_6m | ObjectiveSpecific[top_k_next_6m][XGBoost light] Calibrated,top_k_next_6m,ObjectiveSpecific[top_k_next_6m][XGBoost light] Calibrated,2024-04,6,forward_6m_return,target_top_k_next_6m,0.06198144346662832,0.10216572480688826,-0.04018428134025994,0.0,1.3333333333333333,3.0,overlapping_horizon_score_to_return,6-month overlapping forward-return diagnostic; not a monthly executable backtest
top_k_next_6m | ObjectiveSpecific[top_k_next_6m][XGBoost light] Calibrated,top_k_next_6m,ObjectiveSpecific[top_k_next_6m][XGBoost light] Calibrated,2024-05,6,forward_6m_return,target_top_k_next_6m,0.08049694117550728,0.09782411360907259,-0.01732717243356531,0.3333333333333333,0.0,3.0,overlapping_horizon_score_to_return,6-month overlapping forward-return diagnostic; not a monthly executable backtest
top_k_next_6m | ObjectiveSpecific[top_k_next_6m][XGBoost light] Calibrated,top_k_next_6m,ObjectiveSpecific[top_k_next_6m][XGBoost light] Calibrated,2024-06,6,forward_6m_return,target_top_k_next_6m,0.06022886389938837,0.05157437639087646,0.008654487508511909,0.3333333333333333,0.6666666666666666,3.0,overlapping_horizon_score_to_return,6-month overlapping forward-return diagnostic; not a monthly executable backtest
top_k_next_6m | ObjectiveSpecific[top_k_next_6m][XGBoost light] Calibrated,top_k_next_6m,ObjectiveSpecific[top_k_next_6m][XGBoost light] Calibrated,2024-07,6,forward_6m_return,target_top_k_next_6m,0.0802949778071961,0.03674599091982535,0.04354898688737076,0.3333333333333333,0.6666666666666666,3.0,overlapping_horizon_score_to_return,6-month overlapping forward-return diagnostic; not a monthly executable backtest
top_k_next_6m | ObjectiveSpecific[top_k_next_6m][XGBoost light] Calibrated,top_k_next_6m,ObjectiveSpecific[top_k_next_6m][XGBoost light] Calibrated,2024-08,6,forward_6m_return,target_top_k_next_6m,0.08355517644630286,0.04904021104912389,0.03451496539717897,0.3333333333333333,0.6666666666666666,3.0,overlapping_horizon_score_to_return,6-month overlapping forward-return diagnostic; not a monthly executable backtest
top_k_next_6m | ObjectiveSpecific[top_k_next_6m][XGBoost light] Calibrated,top_k_next_6m,ObjectiveSpecific[top_k_next_6m][XGBoost light] Calibrated,2024-09,6,forward_6m_return,target_top_k_next_6m,-0.040747697457251666,0.010902010947950114,-0.05164970840520178,0.0,0.6666666666666666,3.0,overlapping_horizon_score_to_return,6-month overlapping forward-return diagnostic; not a monthly executable backtest
top_k_next_6m | ObjectiveSpecific[top_k_next_6m][XGBoost light] Calibrated,top_k_next_6m,ObjectiveSpecific[top_k_next_6m][XGBoost light] Calibrated,2024-10,6,forward_6m_return,target_top_k_next_6m,0.011981814650414958,0.010798005505983744,0.0011838091444312145,0.3333333333333333,1.3333333333333333,3.0,overlapping_horizon_score_to_return,6-month overlapping forward-return diagnostic; not a monthly executable backtest
top_k_next_6m | ObjectiveSpecific[top_k_next_6m][XGBoost light] Calibrated,top_k_next_6m,ObjectiveSpecific[top_k_next_6m][XGBoost light] Calibrated,2024-11,6,forward_6m_return,target_top_k_next_6m,-0.0038771075555128114,0.01481359240546699,-0.0186906999609798,0.0,0.0,3.0,overlapping_horizon_score_to_return,6-month overlapping forward-return diagnostic; not a monthly executable backtest
top_k_next_6m | ObjectiveSpecific[top_k_next_6m][XGBoost light] Calibrated,top_k_next_6m,ObjectiveSpecific[top_k_next_6m][XGBoost light] Calibrated,2024-12,6,forward_6m_return,target_top_k_next_6m,0.06887873940011416,0.08755260421742209,-0.018673864817307928,0.0,0.0,3.0,overlapping_horizon_score_to_return,6-month overlapping forward-return diagnostic; not a monthly executable backtest
top_k_next_6m | ObjectiveSpecific[top_k_next_6m][XGBoost light] Calibrated,top_k_next_6m,ObjectiveSpecific[top_k_next_6m][XGBoost light] Calibrated,2025-01,6,forward_6m_return,target_top_k_next_6m,0.06018766908061579,0.07145067289410181,-0.011263003813486022,0.0,0.0,3.0,overlapping_horizon_score_to_return,6-month overlapping forward-return diagnostic; not a monthly executable backtest
top_k_next_6m | ObjectiveSpecific[top_k_next_6m][XGBoost light] Calibrated,top_k_next_6m,ObjectiveSpecific[top_k_next_6m][XGBoost light] Calibrated,2025-02,6,forward_6m_return,target_top_k_next_6m,0.06984588331941244,0.0740436919387153,-0.004197808619302856,0.0,0.0,3.0,overlapping_horizon_score_to_return,6-month overlapping forward-return diagnostic; not a monthly executable backtest
top_k_next_6m | ObjectiveSpecific[top_k_next_6m][XGBoost light] Calibrated,top_k_next_6m,ObjectiveSpecific[top_k_next_6m][XGBoost light] Calibrated,2025-03,6,forward_6m_return,target_top_k_next_6m,0.16663119608953125,0.1424852193691071,0.02414597672042415,0.0,0.6666666666666666,3.0,overlapping_horizon_score_to_return,6-month overlapping forward-return diagnostic; not a monthly executable backtest
top_k_next_6m | ObjectiveSpecific[top_k_next_6m][XGBoost light] Calibrated,top_k_next_6m,ObjectiveSpecific[top_k_next_6m][XGBoost light] Calibrated,2025-04,6,forward_6m_return,target_top_k_next_6m,0.1329706219441585,0.17233242704381527,-0.039361805099656755,0.0,1.9999999999999998,3.0,overlapping_horizon_score_to_return,6-month overlapping forward-return diagnostic; not a monthly executable backtest
top_k_next_6m | ObjectiveSpecific[top_k_next_6m][XGBoost light] Calibrated,top_k_next_6m,ObjectiveSpecific[top_k_next_6m][XGBoost light] Calibrated,2025-05,6,forward_6m_return,target_top_k_next_6m,0.13229587993268868,0.1376998968675988,-0.005404016934910105,0.3333333333333333,1.3333333333333333,3.0,overlapping_horizon_score_to_return,6-month overlapping forward-return diagnostic; not a monthly executable backtest
top_k_next_6m | ObjectiveSpecific[top_k_next_6m][XGBoost light] Calibrated,top_k_next_6m,ObjectiveSpecific[top_k_next_6m][XGBoost light] Calibrated,2025-06,6,forward_6m_return,target_top_k_next_6m,0.15563956252563,0.11632951345399481,0.039310049071635184,0.3333333333333333,1.3333333333333333,3.0,overlapping_horizon_score_to_return,6-month overlapping forward-return diagnostic; not a monthly executable backtest
top_k_next_6m | ObjectiveSpecific[top_k_next_6m][XGBoost light] Calibrated,top_k_next_6m,ObjectiveSpecific[top_k_next_6m][XGBoost light] Calibrated,2025-07,6,forward_6m_return,target_top_k_next_6m,0.16232584967774064,0.14833670258499349,0.01398914709274715,0.3333333333333333,1.3333333333333333,3.0,overlapping_horizon_score_to_return,6-month overlapping forward-return diagnostic; not a monthly executable backtest
top_k_next_6m | ObjectiveSpecific[top_k_next_6m][XGBoost light] Calibrated,top_k_next_6m,ObjectiveSpecific[top_k_next_6m][XGBoost light] Calibrated,2025-08,6,forward_6m_return,target_top_k_next_6m,0.04974970088947195,0.1560665539487492,-0.10631685305927724,0.0,1.3333333333333333,3.0,overlapping_horizon_score_to_return,6-month overlapping forward-return diagnostic; not a monthly executable backtest
top_k_next_6m | ObjectiveSpecific[top_k_next_6m][XGBoost light] Calibrated,top_k_next_6m,ObjectiveSpecific[top_k_next_6m][XGBoost light] Calibrated,2025-09,6,forward_6m_return,target_top_k_next_6m,0.0938012543952606,0.06750246559984471,0.02629878879541589,0.3333333333333333,1.3333333333333333,3.0,overlapping_horizon_score_to_return,6-month overlapping forward-return diagnostic; not a monthly executable backtest
top_k_next_6m | ObjectiveSpecific[top_k_next_6m][XGBoost light] Calibrated,top_k_next_6m,ObjectiveSpecific[top_k_next_6m][XGBoost light] Calibrated,2025-10,6,forward_6m_return,target_top_k_next_6m,0.1396603841456249,0.10049962781128818,0.039160756334336716,0.3333333333333333,1.3333333333333333,3.0,overlapping_horizon_score_to_return,6-month overlapping forward-return diagnostic; not a monthly executable backtest
top_k_next_6m | ObjectiveSpecific[top_k_next_6m][XGBoost searched],top_k_next_6m,ObjectiveSpecific[top_k_next_6m][XGBoost searched],2020-01,6,forward_6m_return,target_top_k_next_6m,-0.013949777800147202,0.01628525231601622,-0.030235030116163422,0.3333333333333333,1.0,3.0,overlapping_horizon_score_to_return,6-month overlapping forward-return diagnostic; not a monthly executable backtest
top_k_next_6m | ObjectiveSpecific[top_k_next_6m][XGBoost searched],top_k_next_6m,ObjectiveSpecific[top_k_next_6m][XGBoost searched],2020-02,6,forward_6m_return,target_top_k_next_6m,0.09367935255859114,0.09242740072577746,0.0012519518328136803,0.3333333333333333,0.6666666666666666,3.0,overlapping_horizon_score_to_return,6-month overlapping forward-return diagnostic; not a monthly executable backtest
top_k_next_6m | ObjectiveSpecific[top_k_next_6m][XGBoost searched],top_k_next_6m,ObjectiveSpecific[top_k_next_6m][XGBoost searched],2020-03,6,forward_6m_return,target_top_k_next_6m,0.3725933236196426,0.24050222187160855,0.13209110174803404,0.3333333333333333,1.3333333333333333,3.0,overlapping_horizon_score_to_return,6-month overlapping forward-return diagnostic; not a monthly executable backtest
top_k_next_6m | ObjectiveSpecific[top_k_next_6m][XGBoost searched],top_k_next_6m,ObjectiveSpecific[top_k_next_6m][XGBoost searched],2020-04,6,forward_6m_return,target_top_k_next_6m,0.17999378138129718,0.10418168155343888,0.0758120998278583,0.3333333333333333,0.6666666666666666,3.0,overlapping_horizon_score_to_return,6-month overlapping forward-return diagnostic; not a monthly executable backtest
top_k_next_6m | ObjectiveSpecific[top_k_next_6m][XGBoost searched],top_k_next_6m,ObjectiveSpecific[top_k_next_6m][XGBoost searched],2020-05,6,forward_6m_return,target_top_k_next_6m,0.2811179195072469,0.16016355789357284,0.12095436161367407,0.6666666666666666,0.6666666666666666,3.0,overlapping_horizon_score_to_return,6-month overlapping forward-return diagnostic; not a monthly executable backtest
top_k_next_6m | ObjectiveSpecific[top_k_next_6m][XGBoost searched],top_k_next_6m,ObjectiveSpecific[top_k_next_6m][XGBoost searched],2020-06,6,forward_6m_return,target_top_k_next_6m,0.2134269231068956,0.18123914945283864,0.03218777365405695,0.6666666666666666,1.3333333333333333,3.0,overlapping_horizon_score_to_return,6-month overlapping forward-return diagnostic; not a monthly executable backtest
top_k_next_6m | ObjectiveSpecific[top_k_next_6m][XGBoost searched],top_k_next_6m,ObjectiveSpecific[top_k_next_6m][XGBoost searched],2020-07,6,forward_6m_return,target_top_k_next_6m,0.25930641842023894,0.13797615285360254,0.1213302655666364,0.6666666666666666,0.6666666666666666,3.0,overlapping_horizon_score_to_return,6-month overlapping forward-return diagnostic; not a monthly executable backtest
top_k_next_6m | ObjectiveSpecific[top_k_next_6m][XGBoost searched],top_k_next_6m,ObjectiveSpecific[top_k_next_6m][XGBoost searched],2020-08,6,forward_6m_return,target_top_k_next_6m,-0.09936169445834042,0.14983500839146488,-0.2491967028498053,0.0,1.9999999999999998,3.0,overlapping_horizon_score_to_return,6-month overlapping forward-return diagnostic; not a monthly executable backtest
top_k_next_6m | ObjectiveSpecific[top_k_next_6m][XGBoost searched],top_k_next_6m,ObjectiveSpecific[top_k_next_6m][XGBoost searched],2020-09,6,forward_6m_return,target_top_k_next_6m,0.445329572555753,0.20644441375510064,0.23888515880065236,0.6666666666666666,1.9999999999999998,3.0,overlapping_horizon_score_to_return,6-month overlapping forward-return diagnostic; not a monthly executable backtest
top_k_next_6m | ObjectiveSpecific[top_k_next_6m][XGBoost searched],top_k_next_6m,ObjectiveSpecific[top_k_next_6m][XGBoost searched],2020-10,6,forward_6m_return,target_top_k_next_6m,0.2238819347982805,0.25493539410723426,-0.031053459308953757,0.3333333333333333,0.6666666666666666,3.0,overlapping_horizon_score_to_return,6-month overlapping forward-return diagnostic; not a monthly executable backtest
top_k_next_6m | ObjectiveSpecific[top_k_next_6m][XGBoost searched],top_k_next_6m,ObjectiveSpecific[top_k_next_6m][XGBoost searched],2020-11,6,forward_6m_return,target_top_k_next_6m,0.10478675806260525,0.15128038501239993,-0.046493626949794684,0.3333333333333333,0.6666666666666666,3.0,overlapping_horizon_score_to_return,6-month overlapping forward-return diagnostic; not a monthly executable backtest
top_k_next_6m | ObjectiveSpecific[top_k_next_6m][XGBoost searched],top_k_next_6m,ObjectiveSpecific[top_k_next_6m][XGBoost searched],2020-12,6,forward_6m_return,target_top_k_next_6m,-0.06334659772675606,0.1110881613572555,-0.17443475908401157,0.0,1.3333333333333333,3.0,overlapping_horizon_score_to_return,6-month overlapping forward-return diagnostic; not a monthly executable backtest
top_k_next_6m | ObjectiveSpecific[top_k_next_6m][XGBoost searched],top_k_next_6m,ObjectiveSpecific[top_k_next_6m][XGBoost searched],2021-01,6,forward_6m_return,target_top_k_next_6m,0.048363157252332534,0.09744228828245814,-0.04907913103012561,0.0,0.6666666666666666,3.0,overlapping_horizon_score_to_return,6-month overlapping forward-return diagnostic; not a monthly executable backtest
top_k_next_6m | ObjectiveSpecific[top_k_next_6m][XGBoost searched],top_k_next_6m,ObjectiveSpecific[top_k_next_6m][XGBoost searched],2021-02,6,forward_6m_return,target_top_k_next_6m,0.09486488600613874,0.07718112307303507,0.01768376293310367,0.3333333333333333,0.6666666666666666,3.0,overlapping_horizon_score_to_return,6-month overlapping forward-return diagnostic; not a monthly executable backtest
top_k_next_6m | ObjectiveSpecific[top_k_next_6m][XGBoost searched],top_k_next_6m,ObjectiveSpecific[top_k_next_6m][XGBoost searched],2021-03,6,forward_6m_return,target_top_k_next_6m,0.06828954603635862,0.04807993488702681,0.020209611149331806,0.3333333333333333,0.6666666666666666,3.0,overlapping_horizon_score_to_return,6-month overlapping forward-return diagnostic; not a monthly executable backtest
top_k_next_6m | ObjectiveSpecific[top_k_next_6m][XGBoost searched],top_k_next_6m,ObjectiveSpecific[top_k_next_6m][XGBoost searched],2021-04,6,forward_6m_return,target_top_k_next_6m,0.03652477433251696,0.06198386367696539,-0.025459089344448425,0.0,1.3333333333333333,3.0,overlapping_horizon_score_to_return,6-month overlapping forward-return diagnostic; not a monthly executable backtest
top_k_next_6m | ObjectiveSpecific[top_k_next_6m][XGBoost searched],top_k_next_6m,ObjectiveSpecific[top_k_next_6m][XGBoost searched],2021-05,6,forward_6m_return,target_top_k_next_6m,0.015817146919060547,0.02675843193748346,-0.010941285018422914,0.3333333333333333,0.6666666666666666,3.0,overlapping_horizon_score_to_return,6-month overlapping forward-return diagnostic; not a monthly executable backtest
top_k_next_6m | ObjectiveSpecific[top_k_next_6m][XGBoost searched],top_k_next_6m,ObjectiveSpecific[top_k_next_6m][XGBoost searched],2021-06,6,forward_6m_return,target_top_k_next_6m,0.04620485781775359,0.02925419978114697,0.016950658036606617,0.3333333333333333,0.6666666666666666,3.0,overlapping_horizon_score_to_return,6-month overlapping forward-return diagnostic; not a monthly executable backtest
top_k_next_6m | ObjectiveSpecific[top_k_next_6m][XGBoost searched],top_k_next_6m,ObjectiveSpecific[top_k_next_6m][XGBoost searched],2021-07,6,forward_6m_return,target_top_k_next_6m,-0.015873638318095663,0.021308330542899136,-0.0371819688609948,0.0,0.0,3.0,overlapping_horizon_score_to_return,6-month overlapping forward-return diagnostic; not a monthly executable backtest
top_k_next_6m | ObjectiveSpecific[top_k_next_6m][XGBoost searched],top_k_next_6m,ObjectiveSpecific[top_k_next_6m][XGBoost searched],2021-08,6,forward_6m_return,target_top_k_next_6m,-0.023914482192714415,0.006384677160452823,-0.030299159353167238,0.3333333333333333,0.0,3.0,overlapping_horizon_score_to_return,6-month overlapping forward-return diagnostic; not a monthly executable backtest
top_k_next_6m | ObjectiveSpecific[top_k_next_6m][XGBoost searched],top_k_next_6m,ObjectiveSpecific[top_k_next_6m][XGBoost searched],2021-09,6,forward_6m_return,target_top_k_next_6m,-0.05152315889951464,0.035577209790009154,-0.0871003686895238,0.0,0.6666666666666666,3.0,overlapping_horizon_score_to_return,6-month overlapping forward-return diagnostic; not a monthly executable backtest
top_k_next_6m | ObjectiveSpecific[top_k_next_6m][XGBoost searched],top_k_next_6m,ObjectiveSpecific[top_k_next_6m][XGBoost searched],2021-10,6,forward_6m_return,target_top_k_next_6m,-0.0672873235224091,-0.08422971437577598,0.01694239085336688,0.3333333333333333,1.3333333333333333,3.0,overlapping_horizon_score_to_return,6-month overlapping forward-return diagnostic; not a monthly executable backtest
top_k_next_6m | ObjectiveSpecific[top_k_next_6m][XGBoost searched],top_k_next_6m,ObjectiveSpecific[top_k_next_6m][XGBoost searched],2021-11,6,forward_6m_return,target_top_k_next_6m,-0.09497902331818027,-0.041661400665463956,-0.053317622652716314,0.3333333333333333,0.6666666666666666,3.0,overlapping_horizon_score_to_return,6-month overlapping forward-return diagnostic; not a monthly executable backtest
top_k_next_6m | ObjectiveSpecific[top_k_next_6m][XGBoost searched],top_k_next_6m,ObjectiveSpecific[top_k_next_6m][XGBoost searched],2021-12,6,forward_6m_return,target_top_k_next_6m,-0.10097156818829144,-0.13011771817925644,0.029146149990965,0.6666666666666666,0.6666666666666666,3.0,overlapping_horizon_score_to_return,6-month overlapping forward-return diagnostic; not a monthly executable backtest
top_k_next_6m | ObjectiveSpecific[top_k_next_6m][XGBoost searched],top_k_next_6m,ObjectiveSpecific[top_k_next_6m][XGBoost searched],2022-01,6,forward_6m_return,target_top_k_next_6m,-0.08929032015538603,-0.07786086196116662,-0.011429458194219408,0.3333333333333333,1.3333333333333333,3.0,overlapping_horizon_score_to_return,6-month overlapping forward-return diagnostic; not a monthly executable backtest
top_k_next_6m | ObjectiveSpecific[top_k_next_6m][XGBoost searched],top_k_next_6m,ObjectiveSpecific[top_k_next_6m][XGBoost searched],2022-02,6,forward_6m_return,target_top_k_next_6m,-0.1137953545556151,-0.10498823459497841,-0.008807119960636683,0.3333333333333333,0.0,3.0,overlapping_horizon_score_to_return,6-month overlapping forward-return diagnostic; not a monthly executable backtest
top_k_next_6m | ObjectiveSpecific[top_k_next_6m][XGBoost searched],top_k_next_6m,ObjectiveSpecific[top_k_next_6m][XGBoost searched],2022-03,6,forward_6m_return,target_top_k_next_6m,-0.17631088039205506,-0.16889367903388203,-0.007417201358173031,0.3333333333333333,0.6666666666666666,3.0,overlapping_horizon_score_to_return,6-month overlapping forward-return diagnostic; not a monthly executable backtest
top_k_next_6m | ObjectiveSpecific[top_k_next_6m][XGBoost searched],top_k_next_6m,ObjectiveSpecific[top_k_next_6m][XGBoost searched],2022-04,6,forward_6m_return,target_top_k_next_6m,-0.09048824275075695,-0.04774174580134573,-0.042746496949411225,0.0,0.6666666666666666,3.0,overlapping_horizon_score_to_return,6-month overlapping forward-return diagnostic; not a monthly executable backtest
top_k_next_6m | ObjectiveSpecific[top_k_next_6m][XGBoost searched],top_k_next_6m,ObjectiveSpecific[top_k_next_6m][XGBoost searched],2022-05,6,forward_6m_return,target_top_k_next_6m,-0.04077176959963835,-0.019689010471046254,-0.0210827591285921,0.0,0.0,3.0,overlapping_horizon_score_to_return,6-month overlapping forward-return diagnostic; not a monthly executable backtest
top_k_next_6m | ObjectiveSpecific[top_k_next_6m][XGBoost searched],top_k_next_6m,ObjectiveSpecific[top_k_next_6m][XGBoost searched],2022-06,6,forward_6m_return,target_top_k_next_6m,-0.019055612856161898,0.03190225667657411,-0.05095786953273601,0.0,0.0,3.0,overlapping_horizon_score_to_return,6-month overlapping forward-return diagnostic; not a monthly executable backtest
top_k_next_6m | ObjectiveSpecific[top_k_next_6m][XGBoost searched],top_k_next_6m,ObjectiveSpecific[top_k_next_6m][XGBoost searched],2022-07,6,forward_6m_return,target_top_k_next_6m,-0.004797406516869478,0.038757675959309165,-0.04355508247617865,0.0,0.0,3.0,overlapping_horizon_score_to_return,6-month overlapping forward-return diagnostic; not a monthly executable backtest
top_k_next_6m | ObjectiveSpecific[top_k_next_6m][XGBoost searched],top_k_next_6m,ObjectiveSpecific[top_k_next_6m][XGBoost searched],2022-08,6,forward_6m_return,target_top_k_next_6m,0.011840086417984728,0.03715952529292861,-0.02531943887494388,0.3333333333333333,0.0,3.0,overlapping_horizon_score_to_return,6-month overlapping forward-return diagnostic; not a monthly executable backtest
top_k_next_6m | ObjectiveSpecific[top_k_next_6m][XGBoost searched],top_k_next_6m,ObjectiveSpecific[top_k_next_6m][XGBoost searched],2022-09,6,forward_6m_return,target_top_k_next_6m,0.13545357985071838,0.13137602408872032,0.0040775557619980585,0.6666666666666666,0.0,3.0,overlapping_horizon_score_to_return,6-month overlapping forward-return diagnostic; not a monthly executable backtest
top_k_next_6m | ObjectiveSpecific[top_k_next_6m][XGBoost searched],top_k_next_6m,ObjectiveSpecific[top_k_next_6m][XGBoost searched],2022-10,6,forward_6m_return,target_top_k_next_6m,0.1383561405811279,0.08083339086476406,0.057522749716363855,0.6666666666666666,0.0,3.0,overlapping_horizon_score_to_return,6-month overlapping forward-return diagnostic; not a monthly executable backtest
top_k_next_6m | ObjectiveSpecific[top_k_next_6m][XGBoost searched],top_k_next_6m,ObjectiveSpecific[top_k_next_6m][XGBoost searched],2022-11,6,forward_6m_return,target_top_k_next_6m,0.09952294723338717,0.004818195277581571,0.0947047519558056,0.6666666666666666,0.0,3.0,overlapping_horizon_score_to_return,6-month overlapping forward-return diagnostic; not a monthly executable backtest
top_k_next_6m | ObjectiveSpecific[top_k_next_6m][XGBoost searched],top_k_next_6m,ObjectiveSpecific[top_k_next_6m][XGBoost searched],2022-12,6,forward_6m_return,target_top_k_next_6m,0.14378453676794356,0.07877715947732866,0.0650073772906149,0.3333333333333333,0.0,3.0,overlapping_horizon_score_to_return,6-month overlapping forward-return diagnostic; not a monthly executable backtest
top_k_next_6m | ObjectiveSpecific[top_k_next_6m][XGBoost searched],top_k_next_6m,ObjectiveSpecific[top_k_next_6m][XGBoost searched],2023-01,6,forward_6m_return,target_top_k_next_6m,0.0932629166963006,0.04226619542722182,0.05099672126907878,0.3333333333333333,0.0,3.0,overlapping_horizon_score_to_return,6-month overlapping forward-return diagnostic; not a monthly executable backtest
top_k_next_6m | ObjectiveSpecific[top_k_next_6m][XGBoost searched],top_k_next_6m,ObjectiveSpecific[top_k_next_6m][XGBoost searched],2023-02,6,forward_6m_return,target_top_k_next_6m,0.12227178841110167,0.06525835427044747,0.0570134341406542,0.3333333333333333,0.0,3.0,overlapping_horizon_score_to_return,6-month overlapping forward-return diagnostic; not a monthly executable backtest
top_k_next_6m | ObjectiveSpecific[top_k_next_6m][XGBoost searched],top_k_next_6m,ObjectiveSpecific[top_k_next_6m][XGBoost searched],2023-03,6,forward_6m_return,target_top_k_next_6m,0.01809587133378262,-0.008346525426850538,0.026442396760633157,0.3333333333333333,0.6666666666666666,3.0,overlapping_horizon_score_to_return,6-month overlapping forward-return diagnostic; not a monthly executable backtest
top_k_next_6m | ObjectiveSpecific[top_k_next_6m][XGBoost searched],top_k_next_6m,ObjectiveSpecific[top_k_next_6m][XGBoost searched],2023-04,6,forward_6m_return,target_top_k_next_6m,-0.012704219800409255,-0.03270158335809733,0.019997363557688073,0.3333333333333333,0.6666666666666666,3.0,overlapping_horizon_score_to_return,6-month overlapping forward-return diagnostic; not a monthly executable backtest
top_k_next_6m | ObjectiveSpecific[top_k_next_6m][XGBoost searched],top_k_next_6m,ObjectiveSpecific[top_k_next_6m][XGBoost searched],2023-05,6,forward_6m_return,target_top_k_next_6m,-0.03343099650507708,0.04751008169627996,-0.08094107820135704,0.0,0.6666666666666666,3.0,overlapping_horizon_score_to_return,6-month overlapping forward-return diagnostic; not a monthly executable backtest
top_k_next_6m | ObjectiveSpecific[top_k_next_6m][XGBoost searched],top_k_next_6m,ObjectiveSpecific[top_k_next_6m][XGBoost searched],2023-06,6,forward_6m_return,target_top_k_next_6m,0.03279644286939291,0.05422013324884979,-0.021423690379456885,0.0,0.6666666666666666,3.0,overlapping_horizon_score_to_return,6-month overlapping forward-return diagnostic; not a monthly executable backtest
top_k_next_6m | ObjectiveSpecific[top_k_next_6m][XGBoost searched],top_k_next_6m,ObjectiveSpecific[top_k_next_6m][XGBoost searched],2023-07,6,forward_6m_return,target_top_k_next_6m,0.050683341004123486,0.03143786345373413,0.019245477550389356,0.3333333333333333,0.6666666666666666,3.0,overlapping_horizon_score_to_return,6-month overlapping forward-return diagnostic; not a monthly executable backtest
top_k_next_6m | ObjectiveSpecific[top_k_next_6m][XGBoost searched],top_k_next_6m,ObjectiveSpecific[top_k_next_6m][XGBoost searched],2023-08,6,forward_6m_return,target_top_k_next_6m,0.0739667787229364,0.07136982591960415,0.0025969528033322475,0.3333333333333333,0.6666666666666666,3.0,overlapping_horizon_score_to_return,6-month overlapping forward-return diagnostic; not a monthly executable backtest
top_k_next_6m | ObjectiveSpecific[top_k_next_6m][XGBoost searched],top_k_next_6m,ObjectiveSpecific[top_k_next_6m][XGBoost searched],2023-09,6,forward_6m_return,target_top_k_next_6m,0.17431376522574343,0.16882466180687913,0.0054891034188642995,0.3333333333333333,0.0,3.0,overlapping_horizon_score_to_return,6-month overlapping forward-return diagnostic; not a monthly executable backtest
top_k_next_6m | ObjectiveSpecific[top_k_next_6m][XGBoost searched],top_k_next_6m,ObjectiveSpecific[top_k_next_6m][XGBoost searched],2023-10,6,forward_6m_return,target_top_k_next_6m,0.13439682664776575,0.15511905650144464,-0.020722229853678886,0.3333333333333333,0.0,3.0,overlapping_horizon_score_to_return,6-month overlapping forward-return diagnostic; not a monthly executable backtest
top_k_next_6m | ObjectiveSpecific[top_k_next_6m][XGBoost searched],top_k_next_6m,ObjectiveSpecific[top_k_next_6m][XGBoost searched],2023-11,6,forward_6m_return,target_top_k_next_6m,0.09586579734802525,0.12080703584335348,-0.024941238495328227,0.3333333333333333,0.6666666666666666,3.0,overlapping_horizon_score_to_return,6-month overlapping forward-return diagnostic; not a monthly executable backtest
top_k_next_6m | ObjectiveSpecific[top_k_next_6m][XGBoost searched],top_k_next_6m,ObjectiveSpecific[top_k_next_6m][XGBoost searched],2023-12,6,forward_6m_return,target_top_k_next_6m,0.09831342844520859,0.07965449604858489,0.018658932396623695,0.6666666666666666,0.6666666666666666,3.0,overlapping_horizon_score_to_return,6-month overlapping forward-return diagnostic; not a monthly executable backtest
top_k_next_6m | ObjectiveSpecific[top_k_next_6m][XGBoost searched],top_k_next_6m,ObjectiveSpecific[top_k_next_6m][XGBoost searched],2024-01,6,forward_6m_return,target_top_k_next_6m,0.1121220961666353,0.10966620716734561,0.002455888999289682,0.3333333333333333,0.0,3.0,overlapping_horizon_score_to_return,6-month overlapping forward-return diagnostic; not a monthly executable backtest
top_k_next_6m | ObjectiveSpecific[top_k_next_6m][XGBoost searched],top_k_next_6m,ObjectiveSpecific[top_k_next_6m][XGBoost searched],2024-02,6,forward_6m_return,target_top_k_next_6m,0.1150774479302019,0.09361049358220637,0.02146695434799553,0.3333333333333333,0.0,3.0,overlapping_horizon_score_to_return,6-month overlapping forward-return diagnostic; not a monthly executable backtest
top_k_next_6m | ObjectiveSpecific[top_k_next_6m][XGBoost searched],top_k_next_6m,ObjectiveSpecific[top_k_next_6m][XGBoost searched],2024-03,6,forward_6m_return,target_top_k_next_6m,0.1331127413866524,0.077754306009929,0.055358435376723414,0.6666666666666666,0.6666666666666666,3.0,overlapping_horizon_score_to_return,6-month overlapping forward-return diagnostic; not a monthly executable backtest
top_k_next_6m | ObjectiveSpecific[top_k_next_6m][XGBoost searched],top_k_next_6m,ObjectiveSpecific[top_k_next_6m][XGBoost searched],2024-04,6,forward_6m_return,target_top_k_next_6m,0.1097533385754153,0.10216572480688826,0.007587613768527041,0.3333333333333333,1.3333333333333333,3.0,overlapping_horizon_score_to_return,6-month overlapping forward-return diagnostic; not a monthly executable backtest
top_k_next_6m | ObjectiveSpecific[top_k_next_6m][XGBoost searched],top_k_next_6m,ObjectiveSpecific[top_k_next_6m][XGBoost searched],2024-05,6,forward_6m_return,target_top_k_next_6m,0.09984443708517038,0.09782411360907259,0.0020203234760977906,0.0,0.6666666666666666,3.0,overlapping_horizon_score_to_return,6-month overlapping forward-return diagnostic; not a monthly executable backtest
top_k_next_6m | ObjectiveSpecific[top_k_next_6m][XGBoost searched],top_k_next_6m,ObjectiveSpecific[top_k_next_6m][XGBoost searched],2024-06,6,forward_6m_return,target_top_k_next_6m,0.028148225208576367,0.05157437639087646,-0.023426151182300094,0.0,0.6666666666666666,3.0,overlapping_horizon_score_to_return,6-month overlapping forward-return diagnostic; not a monthly executable backtest
top_k_next_6m | ObjectiveSpecific[top_k_next_6m][XGBoost searched],top_k_next_6m,ObjectiveSpecific[top_k_next_6m][XGBoost searched],2024-07,6,forward_6m_return,target_top_k_next_6m,0.07862314821979936,0.03674599091982535,0.041877157299974016,0.6666666666666666,0.6666666666666666,3.0,overlapping_horizon_score_to_return,6-month overlapping forward-return diagnostic; not a monthly executable backtest
top_k_next_6m | ObjectiveSpecific[top_k_next_6m][XGBoost searched],top_k_next_6m,ObjectiveSpecific[top_k_next_6m][XGBoost searched],2024-08,6,forward_6m_return,target_top_k_next_6m,0.023184727689541974,0.04904021104912389,-0.02585548335958192,0.3333333333333333,1.3333333333333333,3.0,overlapping_horizon_score_to_return,6-month overlapping forward-return diagnostic; not a monthly executable backtest
top_k_next_6m | ObjectiveSpecific[top_k_next_6m][XGBoost searched],top_k_next_6m,ObjectiveSpecific[top_k_next_6m][XGBoost searched],2024-09,6,forward_6m_return,target_top_k_next_6m,-0.06238163255763111,0.010902010947950114,-0.07328364350558123,0.0,0.6666666666666666,3.0,overlapping_horizon_score_to_return,6-month overlapping forward-return diagnostic; not a monthly executable backtest
top_k_next_6m | ObjectiveSpecific[top_k_next_6m][XGBoost searched],top_k_next_6m,ObjectiveSpecific[top_k_next_6m][XGBoost searched],2024-10,6,forward_6m_return,target_top_k_next_6m,0.007496891481930667,0.010798005505983744,-0.003301114024053077,0.0,0.6666666666666666,3.0,overlapping_horizon_score_to_return,6-month overlapping forward-return diagnostic; not a monthly executable backtest
top_k_next_6m | ObjectiveSpecific[top_k_next_6m][XGBoost searched],top_k_next_6m,ObjectiveSpecific[top_k_next_6m][XGBoost searched],2024-11,6,forward_6m_return,target_top_k_next_6m,0.13932732031349687,0.01481359240546699,0.12451372790802988,0.6666666666666666,1.3333333333333333,3.0,overlapping_horizon_score_to_return,6-month overlapping forward-return diagnostic; not a monthly executable backtest
top_k_next_6m | ObjectiveSpecific[top_k_next_6m][XGBoost searched],top_k_next_6m,ObjectiveSpecific[top_k_next_6m][XGBoost searched],2024-12,6,forward_6m_return,target_top_k_next_6m,0.01422093605462782,0.08755260421742209,-0.07333166816279427,0.0,1.3333333333333333,3.0,overlapping_horizon_score_to_return,6-month overlapping forward-return diagnostic; not a monthly executable backtest
top_k_next_6m | ObjectiveSpecific[top_k_next_6m][XGBoost searched],top_k_next_6m,ObjectiveSpecific[top_k_next_6m][XGBoost searched],2025-01,6,forward_6m_return,target_top_k_next_6m,0.09202470334664073,0.07145067289410181,0.020574030452538916,0.3333333333333333,1.3333333333333333,3.0,overlapping_horizon_score_to_return,6-month overlapping forward-return diagnostic; not a monthly executable backtest
top_k_next_6m | ObjectiveSpecific[top_k_next_6m][XGBoost searched],top_k_next_6m,ObjectiveSpecific[top_k_next_6m][XGBoost searched],2025-02,6,forward_6m_return,target_top_k_next_6m,0.09190874204130546,0.0740436919387153,0.017865050102590166,0.3333333333333333,0.6666666666666666,3.0,overlapping_horizon_score_to_return,6-month overlapping forward-return diagnostic; not a monthly executable backtest
top_k_next_6m | ObjectiveSpecific[top_k_next_6m][XGBoost searched],top_k_next_6m,ObjectiveSpecific[top_k_next_6m][XGBoost searched],2025-03,6,forward_6m_return,target_top_k_next_6m,0.10546752565286498,0.1424852193691071,-0.037017693716242125,0.3333333333333333,0.6666666666666666,3.0,overlapping_horizon_score_to_return,6-month overlapping forward-return diagnostic; not a monthly executable backtest
top_k_next_6m | ObjectiveSpecific[top_k_next_6m][XGBoost searched],top_k_next_6m,ObjectiveSpecific[top_k_next_6m][XGBoost searched],2025-04,6,forward_6m_return,target_top_k_next_6m,0.20729982533786076,0.17233242704381527,0.03496739829404549,0.6666666666666666,0.6666666666666666,3.0,overlapping_horizon_score_to_return,6-month overlapping forward-return diagnostic; not a monthly executable backtest
top_k_next_6m | ObjectiveSpecific[top_k_next_6m][XGBoost searched],top_k_next_6m,ObjectiveSpecific[top_k_next_6m][XGBoost searched],2025-05,6,forward_6m_return,target_top_k_next_6m,0.1671263054640127,0.1376998968675988,0.029426408596413905,0.3333333333333333,0.6666666666666666,3.0,overlapping_horizon_score_to_return,6-month overlapping forward-return diagnostic; not a monthly executable backtest
top_k_next_6m | ObjectiveSpecific[top_k_next_6m][XGBoost searched],top_k_next_6m,ObjectiveSpecific[top_k_next_6m][XGBoost searched],2025-06,6,forward_6m_return,target_top_k_next_6m,0.153563812678187,0.11632951345399481,0.03723429922419219,0.3333333333333333,0.0,3.0,overlapping_horizon_score_to_return,6-month overlapping forward-return diagnostic; not a monthly executable backtest
top_k_next_6m | ObjectiveSpecific[top_k_next_6m][XGBoost searched],top_k_next_6m,ObjectiveSpecific[top_k_next_6m][XGBoost searched],2025-07,6,forward_6m_return,target_top_k_next_6m,0.1795333319255739,0.14833670258499349,0.03119662934058043,0.3333333333333333,0.0,3.0,overlapping_horizon_score_to_return,6-month overlapping forward-return diagnostic; not a monthly executable backtest
top_k_next_6m | ObjectiveSpecific[top_k_next_6m][XGBoost searched],top_k_next_6m,ObjectiveSpecific[top_k_next_6m][XGBoost searched],2025-08,6,forward_6m_return,target_top_k_next_6m,0.1637647383255935,0.1560665539487492,0.007698184376844303,0.3333333333333333,1.3333333333333333,3.0,overlapping_horizon_score_to_return,6-month overlapping forward-return diagnostic; not a monthly executable backtest
top_k_next_6m | ObjectiveSpecific[top_k_next_6m][XGBoost searched],top_k_next_6m,ObjectiveSpecific[top_k_next_6m][XGBoost searched],2025-09,6,forward_6m_return,target_top_k_next_6m,-0.014205476712837414,0.06750246559984471,-0.08170794231268212,0.0,0.6666666666666666,3.0,overlapping_horizon_score_to_return,6-month overlapping forward-return diagnostic; not a monthly executable backtest
top_k_next_6m | ObjectiveSpecific[top_k_next_6m][XGBoost searched],top_k_next_6m,ObjectiveSpecific[top_k_next_6m][XGBoost searched],2025-10,6,forward_6m_return,target_top_k_next_6m,0.1847799498822924,0.10049962781128818,0.08428032207100422,0.3333333333333333,0.6666666666666666,3.0,overlapping_horizon_score_to_return,6-month overlapping forward-return diagnostic; not a monthly executable backtest
top_k_next_6m | ObjectiveSpecific[top_k_next_6m][XGBoost searched] Calibration Base,top_k_next_6m,ObjectiveSpecific[top_k_next_6m][XGBoost searched] Calibration Base,2020-01,6,forward_6m_return,target_top_k_next_6m,-0.013949777800147202,0.01628525231601622,-0.030235030116163422,0.3333333333333333,1.0,3.0,overlapping_horizon_score_to_return,6-month overlapping forward-return diagnostic; not a monthly executable backtest
top_k_next_6m | ObjectiveSpecific[top_k_next_6m][XGBoost searched] Calibration Base,top_k_next_6m,ObjectiveSpecific[top_k_next_6m][XGBoost searched] Calibration Base,2020-02,6,forward_6m_return,target_top_k_next_6m,0.09367935255859114,0.09242740072577746,0.0012519518328136803,0.3333333333333333,0.6666666666666666,3.0,overlapping_horizon_score_to_return,6-month overlapping forward-return diagnostic; not a monthly executable backtest
top_k_next_6m | ObjectiveSpecific[top_k_next_6m][XGBoost searched] Calibration Base,top_k_next_6m,ObjectiveSpecific[top_k_next_6m][XGBoost searched] Calibration Base,2020-03,6,forward_6m_return,target_top_k_next_6m,0.3725933236196426,0.24050222187160855,0.13209110174803404,0.3333333333333333,1.3333333333333333,3.0,overlapping_horizon_score_to_return,6-month overlapping forward-return diagnostic; not a monthly executable backtest
top_k_next_6m | ObjectiveSpecific[top_k_next_6m][XGBoost searched] Calibration Base,top_k_next_6m,ObjectiveSpecific[top_k_next_6m][XGBoost searched] Calibration Base,2020-04,6,forward_6m_return,target_top_k_next_6m,0.19963078565209003,0.10418168155343888,0.09544910409865115,0.6666666666666666,0.6666666666666666,3.0,overlapping_horizon_score_to_return,6-month overlapping forward-return diagnostic; not a monthly executable backtest
top_k_next_6m | ObjectiveSpecific[top_k_next_6m][XGBoost searched] Calibration Base,top_k_next_6m,ObjectiveSpecific[top_k_next_6m][XGBoost searched] Calibration Base,2020-05,6,forward_6m_return,target_top_k_next_6m,0.2840285917778411,0.16016355789357284,0.12386503388426828,0.6666666666666666,0.0,3.0,overlapping_horizon_score_to_return,6-month overlapping forward-return diagnostic; not a monthly executable backtest
top_k_next_6m | ObjectiveSpecific[top_k_next_6m][XGBoost searched] Calibration Base,top_k_next_6m,ObjectiveSpecific[top_k_next_6m][XGBoost searched] Calibration Base,2020-06,6,forward_6m_return,target_top_k_next_6m,0.2134269231068956,0.18123914945283864,0.03218777365405695,0.6666666666666666,0.6666666666666666,3.0,overlapping_horizon_score_to_return,6-month overlapping forward-return diagnostic; not a monthly executable backtest
top_k_next_6m | ObjectiveSpecific[top_k_next_6m][XGBoost searched] Calibration Base,top_k_next_6m,ObjectiveSpecific[top_k_next_6m][XGBoost searched] Calibration Base,2020-07,6,forward_6m_return,target_top_k_next_6m,0.18056954999840974,0.13797615285360254,0.0425933971448072,0.6666666666666666,0.0,3.0,overlapping_horizon_score_to_return,6-month overlapping forward-return diagnostic; not a monthly executable backtest
top_k_next_6m | ObjectiveSpecific[top_k_next_6m][XGBoost searched] Calibration Base,top_k_next_6m,ObjectiveSpecific[top_k_next_6m][XGBoost searched] Calibration Base,2020-08,6,forward_6m_return,target_top_k_next_6m,0.06048910707728583,0.14983500839146488,-0.08934590131417905,0.3333333333333333,1.3333333333333333,3.0,overlapping_horizon_score_to_return,6-month overlapping forward-return diagnostic; not a monthly executable backtest
top_k_next_6m | ObjectiveSpecific[top_k_next_6m][XGBoost searched] Calibration Base,top_k_next_6m,ObjectiveSpecific[top_k_next_6m][XGBoost searched] Calibration Base,2020-09,6,forward_6m_return,target_top_k_next_6m,0.3633341156339772,0.20644441375510064,0.15688970187887658,0.6666666666666666,0.6666666666666666,3.0,overlapping_horizon_score_to_return,6-month overlapping forward-return diagnostic; not a monthly executable backtest
top_k_next_6m | ObjectiveSpecific[top_k_next_6m][XGBoost searched] Calibration Base,top_k_next_6m,ObjectiveSpecific[top_k_next_6m][XGBoost searched] Calibration Base,2020-10,6,forward_6m_return,target_top_k_next_6m,0.20247913637067366,0.25493539410723426,-0.052456257736560596,0.3333333333333333,1.3333333333333333,3.0,overlapping_horizon_score_to_return,6-month overlapping forward-return diagnostic; not a monthly executable backtest
top_k_next_6m | ObjectiveSpecific[top_k_next_6m][XGBoost searched] Calibration Base,top_k_next_6m,ObjectiveSpecific[top_k_next_6m][XGBoost searched] Calibration Base,2020-11,6,forward_6m_return,target_top_k_next_6m,0.07827797442847775,0.15128038501239993,-0.07300241058392218,0.3333333333333333,0.0,3.0,overlapping_horizon_score_to_return,6-month overlapping forward-return diagnostic; not a monthly executable backtest
top_k_next_6m | ObjectiveSpecific[top_k_next_6m][XGBoost searched] Calibration Base,top_k_next_6m,ObjectiveSpecific[top_k_next_6m][XGBoost searched] Calibration Base,2020-12,6,forward_6m_return,target_top_k_next_6m,0.004836636445699465,0.1110881613572555,-0.10625152491155603,0.3333333333333333,0.6666666666666666,3.0,overlapping_horizon_score_to_return,6-month overlapping forward-return diagnostic; not a monthly executable backtest
top_k_next_6m | ObjectiveSpecific[top_k_next_6m][XGBoost searched] Calibration Base,top_k_next_6m,ObjectiveSpecific[top_k_next_6m][XGBoost searched] Calibration Base,2021-01,6,forward_6m_return,target_top_k_next_6m,0.06461579152690822,0.09744228828245814,-0.032826496755549925,0.0,0.6666666666666666,3.0,overlapping_horizon_score_to_return,6-month overlapping forward-return diagnostic; not a monthly executable backtest
top_k_next_6m | ObjectiveSpecific[top_k_next_6m][XGBoost searched] Calibration Base,top_k_next_6m,ObjectiveSpecific[top_k_next_6m][XGBoost searched] Calibration Base,2021-02,6,forward_6m_return,target_top_k_next_6m,0.13137881603533647,0.07718112307303507,0.0541976929623014,0.6666666666666666,0.6666666666666666,3.0,overlapping_horizon_score_to_return,6-month overlapping forward-return diagnostic; not a monthly executable backtest
top_k_next_6m | ObjectiveSpecific[top_k_next_6m][XGBoost searched] Calibration Base,top_k_next_6m,ObjectiveSpecific[top_k_next_6m][XGBoost searched] Calibration Base,2021-03,6,forward_6m_return,target_top_k_next_6m,0.06828954603635862,0.04807993488702681,0.020209611149331806,0.3333333333333333,1.3333333333333333,3.0,overlapping_horizon_score_to_return,6-month overlapping forward-return diagnostic; not a monthly executable backtest
top_k_next_6m | ObjectiveSpecific[top_k_next_6m][XGBoost searched] Calibration Base,top_k_next_6m,ObjectiveSpecific[top_k_next_6m][XGBoost searched] Calibration Base,2021-04,6,forward_6m_return,target_top_k_next_6m,0.021469076052531823,0.06198386367696539,-0.040514787624433564,0.0,0.6666666666666666,3.0,overlapping_horizon_score_to_return,6-month overlapping forward-return diagnostic; not a monthly executable backtest
top_k_next_6m | ObjectiveSpecific[top_k_next_6m][XGBoost searched] Calibration Base,top_k_next_6m,ObjectiveSpecific[top_k_next_6m][XGBoost searched] Calibration Base,2021-05,6,forward_6m_return,target_top_k_next_6m,0.07468416969652195,0.02675843193748346,0.04792573775903848,0.6666666666666666,0.6666666666666666,3.0,overlapping_horizon_score_to_return,6-month overlapping forward-return diagnostic; not a monthly executable backtest
top_k_next_6m | ObjectiveSpecific[top_k_next_6m][XGBoost searched] Calibration Base,top_k_next_6m,ObjectiveSpecific[top_k_next_6m][XGBoost searched] Calibration Base,2021-06,6,forward_6m_return,target_top_k_next_6m,-0.01673278507360957,0.02925419978114697,-0.04598698485475654,0.0,1.3333333333333333,3.0,overlapping_horizon_score_to_return,6-month overlapping forward-return diagnostic; not a monthly executable backtest
top_k_next_6m | ObjectiveSpecific[top_k_next_6m][XGBoost searched] Calibration Base,top_k_next_6m,ObjectiveSpecific[top_k_next_6m][XGBoost searched] Calibration Base,2021-07,6,forward_6m_return,target_top_k_next_6m,-0.015873638318095663,0.021308330542899136,-0.0371819688609948,0.0,2.0,3.0,overlapping_horizon_score_to_return,6-month overlapping forward-return diagnostic; not a monthly executable backtest
top_k_next_6m | ObjectiveSpecific[top_k_next_6m][XGBoost searched] Calibration Base,top_k_next_6m,ObjectiveSpecific[top_k_next_6m][XGBoost searched] Calibration Base,2021-08,6,forward_6m_return,target_top_k_next_6m,-0.04070169086555986,0.006384677160452823,-0.04708636802601268,0.3333333333333333,0.6666666666666666,3.0,overlapping_horizon_score_to_return,6-month overlapping forward-return diagnostic; not a monthly executable backtest
top_k_next_6m | ObjectiveSpecific[top_k_next_6m][XGBoost searched] Calibration Base,top_k_next_6m,ObjectiveSpecific[top_k_next_6m][XGBoost searched] Calibration Base,2021-09,6,forward_6m_return,target_top_k_next_6m,0.024893629267367268,0.035577209790009154,-0.010683580522641886,0.3333333333333333,0.0,3.0,overlapping_horizon_score_to_return,6-month overlapping forward-return diagnostic; not a monthly executable backtest
top_k_next_6m | ObjectiveSpecific[top_k_next_6m][XGBoost searched] Calibration Base,top_k_next_6m,ObjectiveSpecific[top_k_next_6m][XGBoost searched] Calibration Base,2021-10,6,forward_6m_return,target_top_k_next_6m,-0.09672122727891433,-0.08422971437577598,-0.012491512903138352,0.3333333333333333,0.0,3.0,overlapping_horizon_score_to_return,6-month overlapping forward-return diagnostic; not a monthly executable backtest
top_k_next_6m | ObjectiveSpecific[top_k_next_6m][XGBoost searched] Calibration Base,top_k_next_6m,ObjectiveSpecific[top_k_next_6m][XGBoost searched] Calibration Base,2021-11,6,forward_6m_return,target_top_k_next_6m,-0.048234215441884,-0.041661400665463956,-0.006572814776420043,0.3333333333333333,0.6666666666666666,3.0,overlapping_horizon_score_to_return,6-month overlapping forward-return diagnostic; not a monthly executable backtest
top_k_next_6m | ObjectiveSpecific[top_k_next_6m][XGBoost searched] Calibration Base,top_k_next_6m,ObjectiveSpecific[top_k_next_6m][XGBoost searched] Calibration Base,2021-12,6,forward_6m_return,target_top_k_next_6m,-0.10174556414878629,-0.13011771817925644,0.02837215403047015,0.6666666666666666,0.0,3.0,overlapping_horizon_score_to_return,6-month overlapping forward-return diagnostic; not a monthly executable backtest
top_k_next_6m | ObjectiveSpecific[top_k_next_6m][XGBoost searched] Calibration Base,top_k_next_6m,ObjectiveSpecific[top_k_next_6m][XGBoost searched] Calibration Base,2022-01,6,forward_6m_return,target_top_k_next_6m,-0.0795091969956911,-0.07786086196116662,-0.0016483350345244813,0.6666666666666666,0.6666666666666666,3.0,overlapping_horizon_score_to_return,6-month overlapping forward-return diagnostic; not a monthly executable backtest
top_k_next_6m | ObjectiveSpecific[top_k_next_6m][XGBoost searched] Calibration Base,top_k_next_6m,ObjectiveSpecific[top_k_next_6m][XGBoost searched] Calibration Base,2022-02,6,forward_6m_return,target_top_k_next_6m,-0.14288183572721083,-0.10498823459497841,-0.03789360113223242,0.0,0.0,3.0,overlapping_horizon_score_to_return,6-month overlapping forward-return diagnostic; not a monthly executable backtest
top_k_next_6m | ObjectiveSpecific[top_k_next_6m][XGBoost searched] Calibration Base,top_k_next_6m,ObjectiveSpecific[top_k_next_6m][XGBoost searched] Calibration Base,2022-03,6,forward_6m_return,target_top_k_next_6m,-0.15715109152689294,-0.16889367903388203,0.011742587506989088,0.6666666666666666,0.6666666666666666,3.0,overlapping_horizon_score_to_return,6-month overlapping forward-return diagnostic; not a monthly executable backtest
top_k_next_6m | ObjectiveSpecific[top_k_next_6m][XGBoost searched] Calibration Base,top_k_next_6m,ObjectiveSpecific[top_k_next_6m][XGBoost searched] Calibration Base,2022-04,6,forward_6m_return,target_top_k_next_6m,-0.09048824275075695,-0.04774174580134573,-0.042746496949411225,0.0,0.0,3.0,overlapping_horizon_score_to_return,6-month overlapping forward-return diagnostic; not a monthly executable backtest
top_k_next_6m | ObjectiveSpecific[top_k_next_6m][XGBoost searched] Calibration Base,top_k_next_6m,ObjectiveSpecific[top_k_next_6m][XGBoost searched] Calibration Base,2022-05,6,forward_6m_return,target_top_k_next_6m,-0.04077176959963835,-0.019689010471046254,-0.0210827591285921,0.0,0.0,3.0,overlapping_horizon_score_to_return,6-month overlapping forward-return diagnostic; not a monthly executable backtest
top_k_next_6m | ObjectiveSpecific[top_k_next_6m][XGBoost searched] Calibration Base,top_k_next_6m,ObjectiveSpecific[top_k_next_6m][XGBoost searched] Calibration Base,2022-06,6,forward_6m_return,target_top_k_next_6m,-0.019055612856161898,0.03190225667657411,-0.05095786953273601,0.0,0.0,3.0,overlapping_horizon_score_to_return,6-month overlapping forward-return diagnostic; not a monthly executable backtest
top_k_next_6m | ObjectiveSpecific[top_k_next_6m][XGBoost searched] Calibration Base,top_k_next_6m,ObjectiveSpecific[top_k_next_6m][XGBoost searched] Calibration Base,2022-07,6,forward_6m_return,target_top_k_next_6m,-0.004797406516869478,0.038757675959309165,-0.04355508247617865,0.0,0.0,3.0,overlapping_horizon_score_to_return,6-month overlapping forward-return diagnostic; not a monthly executable backtest
top_k_next_6m | ObjectiveSpecific[top_k_next_6m][XGBoost searched] Calibration Base,top_k_next_6m,ObjectiveSpecific[top_k_next_6m][XGBoost searched] Calibration Base,2022-08,6,forward_6m_return,target_top_k_next_6m,0.020465305755736463,0.03715952529292861,-0.016694219537192148,0.3333333333333333,0.6666666666666666,3.0,overlapping_horizon_score_to_return,6-month overlapping forward-return diagnostic; not a monthly executable backtest
top_k_next_6m | ObjectiveSpecific[top_k_next_6m][XGBoost searched] Calibration Base,top_k_next_6m,ObjectiveSpecific[top_k_next_6m][XGBoost searched] Calibration Base,2022-09,6,forward_6m_return,target_top_k_next_6m,0.11903301539843936,0.13137602408872032,-0.01234300869028096,0.3333333333333333,0.0,3.0,overlapping_horizon_score_to_return,6-month overlapping forward-return diagnostic; not a monthly executable backtest
top_k_next_6m | ObjectiveSpecific[top_k_next_6m][XGBoost searched] Calibration Base,top_k_next_6m,ObjectiveSpecific[top_k_next_6m][XGBoost searched] Calibration Base,2022-10,6,forward_6m_return,target_top_k_next_6m,0.1311801837451798,0.08083339086476406,0.050346792880415756,0.3333333333333333,0.0,3.0,overlapping_horizon_score_to_return,6-month overlapping forward-return diagnostic; not a monthly executable backtest
top_k_next_6m | ObjectiveSpecific[top_k_next_6m][XGBoost searched] Calibration Base,top_k_next_6m,ObjectiveSpecific[top_k_next_6m][XGBoost searched] Calibration Base,2022-11,6,forward_6m_return,target_top_k_next_6m,0.029927336453145638,0.004818195277581571,0.025109141175564065,0.3333333333333333,0.0,3.0,overlapping_horizon_score_to_return,6-month overlapping forward-return diagnostic; not a monthly executable backtest
top_k_next_6m | ObjectiveSpecific[top_k_next_6m][XGBoost searched] Calibration Base,top_k_next_6m,ObjectiveSpecific[top_k_next_6m][XGBoost searched] Calibration Base,2022-12,6,forward_6m_return,target_top_k_next_6m,0.033848190090720154,0.07877715947732866,-0.04492896938660851,0.0,0.0,3.0,overlapping_horizon_score_to_return,6-month overlapping forward-return diagnostic; not a monthly executable backtest
top_k_next_6m | ObjectiveSpecific[top_k_next_6m][XGBoost searched] Calibration Base,top_k_next_6m,ObjectiveSpecific[top_k_next_6m][XGBoost searched] Calibration Base,2023-01,6,forward_6m_return,target_top_k_next_6m,0.0932629166963006,0.04226619542722182,0.05099672126907878,0.3333333333333333,0.6666666666666666,3.0,overlapping_horizon_score_to_return,6-month overlapping forward-return diagnostic; not a monthly executable backtest
top_k_next_6m | ObjectiveSpecific[top_k_next_6m][XGBoost searched] Calibration Base,top_k_next_6m,ObjectiveSpecific[top_k_next_6m][XGBoost searched] Calibration Base,2023-02,6,forward_6m_return,target_top_k_next_6m,0.029203613427144722,0.06525835427044747,-0.03605474084330275,0.0,0.6666666666666666,3.0,overlapping_horizon_score_to_return,6-month overlapping forward-return diagnostic; not a monthly executable backtest
top_k_next_6m | ObjectiveSpecific[top_k_next_6m][XGBoost searched] Calibration Base,top_k_next_6m,ObjectiveSpecific[top_k_next_6m][XGBoost searched] Calibration Base,2023-03,6,forward_6m_return,target_top_k_next_6m,0.03886922794128448,-0.008346525426850538,0.04721575336813502,0.6666666666666666,1.3333333333333333,3.0,overlapping_horizon_score_to_return,6-month overlapping forward-return diagnostic; not a monthly executable backtest
top_k_next_6m | ObjectiveSpecific[top_k_next_6m][XGBoost searched] Calibration Base,top_k_next_6m,ObjectiveSpecific[top_k_next_6m][XGBoost searched] Calibration Base,2023-04,6,forward_6m_return,target_top_k_next_6m,-0.008730310979396659,-0.03270158335809733,0.02397127237870067,0.3333333333333333,0.6666666666666666,3.0,overlapping_horizon_score_to_return,6-month overlapping forward-return diagnostic; not a monthly executable backtest
top_k_next_6m | ObjectiveSpecific[top_k_next_6m][XGBoost searched] Calibration Base,top_k_next_6m,ObjectiveSpecific[top_k_next_6m][XGBoost searched] Calibration Base,2023-05,6,forward_6m_return,target_top_k_next_6m,0.010728733347393882,0.04751008169627996,-0.03678134834888608,0.0,0.6666666666666666,3.0,overlapping_horizon_score_to_return,6-month overlapping forward-return diagnostic; not a monthly executable backtest
top_k_next_6m | ObjectiveSpecific[top_k_next_6m][XGBoost searched] Calibration Base,top_k_next_6m,ObjectiveSpecific[top_k_next_6m][XGBoost searched] Calibration Base,2023-06,6,forward_6m_return,target_top_k_next_6m,0.03279644286939291,0.05422013324884979,-0.021423690379456885,0.0,0.0,3.0,overlapping_horizon_score_to_return,6-month overlapping forward-return diagnostic; not a monthly executable backtest
top_k_next_6m | ObjectiveSpecific[top_k_next_6m][XGBoost searched] Calibration Base,top_k_next_6m,ObjectiveSpecific[top_k_next_6m][XGBoost searched] Calibration Base,2023-07,6,forward_6m_return,target_top_k_next_6m,0.06315473895805992,0.03143786345373413,0.031716875504325795,0.3333333333333333,0.6666666666666666,3.0,overlapping_horizon_score_to_return,6-month overlapping forward-return diagnostic; not a monthly executable backtest
top_k_next_6m | ObjectiveSpecific[top_k_next_6m][XGBoost searched] Calibration Base,top_k_next_6m,ObjectiveSpecific[top_k_next_6m][XGBoost searched] Calibration Base,2023-08,6,forward_6m_return,target_top_k_next_6m,0.014140119320747322,0.07136982591960415,-0.05722970659885683,0.0,0.6666666666666666,3.0,overlapping_horizon_score_to_return,6-month overlapping forward-return diagnostic; not a monthly executable backtest
top_k_next_6m | ObjectiveSpecific[top_k_next_6m][XGBoost searched] Calibration Base,top_k_next_6m,ObjectiveSpecific[top_k_next_6m][XGBoost searched] Calibration Base,2023-09,6,forward_6m_return,target_top_k_next_6m,0.21687359394833422,0.16882466180687913,0.048048932141455086,0.3333333333333333,1.3333333333333333,3.0,overlapping_horizon_score_to_return,6-month overlapping forward-return diagnostic; not a monthly executable backtest
top_k_next_6m | ObjectiveSpecific[top_k_next_6m][XGBoost searched] Calibration Base,top_k_next_6m,ObjectiveSpecific[top_k_next_6m][XGBoost searched] Calibration Base,2023-10,6,forward_6m_return,target_top_k_next_6m,0.1772443509675668,0.15511905650144464,0.02212529446612216,0.3333333333333333,0.0,3.0,overlapping_horizon_score_to_return,6-month overlapping forward-return diagnostic; not a monthly executable backtest
top_k_next_6m | ObjectiveSpecific[top_k_next_6m][XGBoost searched] Calibration Base,top_k_next_6m,ObjectiveSpecific[top_k_next_6m][XGBoost searched] Calibration Base,2023-11,6,forward_6m_return,target_top_k_next_6m,0.1273051628583471,0.12080703584335348,0.00649812701499361,0.0,0.6666666666666666,3.0,overlapping_horizon_score_to_return,6-month overlapping forward-return diagnostic; not a monthly executable backtest
top_k_next_6m | ObjectiveSpecific[top_k_next_6m][XGBoost searched] Calibration Base,top_k_next_6m,ObjectiveSpecific[top_k_next_6m][XGBoost searched] Calibration Base,2023-12,6,forward_6m_return,target_top_k_next_6m,0.06405541947618923,0.07965449604858489,-0.015599076572395662,0.3333333333333333,0.6666666666666666,3.0,overlapping_horizon_score_to_return,6-month overlapping forward-return diagnostic; not a monthly executable backtest
top_k_next_6m | ObjectiveSpecific[top_k_next_6m][XGBoost searched] Calibration Base,top_k_next_6m,ObjectiveSpecific[top_k_next_6m][XGBoost searched] Calibration Base,2024-01,6,forward_6m_return,target_top_k_next_6m,0.093403199974748,0.10966620716734561,-0.016263007192597614,0.3333333333333333,0.6666666666666666,3.0,overlapping_horizon_score_to_return,6-month overlapping forward-return diagnostic; not a monthly executable backtest
top_k_next_6m | ObjectiveSpecific[top_k_next_6m][XGBoost searched] Calibration Base,top_k_next_6m,ObjectiveSpecific[top_k_next_6m][XGBoost searched] Calibration Base,2024-02,6,forward_6m_return,target_top_k_next_6m,0.11343252967205647,0.09361049358220637,0.0198220360898501,0.3333333333333333,0.6666666666666666,3.0,overlapping_horizon_score_to_return,6-month overlapping forward-return diagnostic; not a monthly executable backtest
top_k_next_6m | ObjectiveSpecific[top_k_next_6m][XGBoost searched] Calibration Base,top_k_next_6m,ObjectiveSpecific[top_k_next_6m][XGBoost searched] Calibration Base,2024-03,6,forward_6m_return,target_top_k_next_6m,0.1267599050115901,0.077754306009929,0.0490055990016611,0.6666666666666666,0.6666666666666666,3.0,overlapping_horizon_score_to_return,6-month overlapping forward-return diagnostic; not a monthly executable backtest
top_k_next_6m | ObjectiveSpecific[top_k_next_6m][XGBoost searched] Calibration Base,top_k_next_6m,ObjectiveSpecific[top_k_next_6m][XGBoost searched] Calibration Base,2024-04,6,forward_6m_return,target_top_k_next_6m,0.14772566974279464,0.10216572480688826,0.04555994493590637,0.6666666666666666,0.6666666666666666,3.0,overlapping_horizon_score_to_return,6-month overlapping forward-return diagnostic; not a monthly executable backtest
top_k_next_6m | ObjectiveSpecific[top_k_next_6m][XGBoost searched] Calibration Base,top_k_next_6m,ObjectiveSpecific[top_k_next_6m][XGBoost searched] Calibration Base,2024-05,6,forward_6m_return,target_top_k_next_6m,0.0966324466236892,0.09782411360907259,-0.0011916669853833939,0.0,0.0,3.0,overlapping_horizon_score_to_return,6-month overlapping forward-return diagnostic; not a monthly executable backtest
top_k_next_6m | ObjectiveSpecific[top_k_next_6m][XGBoost searched] Calibration Base,top_k_next_6m,ObjectiveSpecific[top_k_next_6m][XGBoost searched] Calibration Base,2024-06,6,forward_6m_return,target_top_k_next_6m,0.048142588206519545,0.05157437639087646,-0.0034317881843569167,0.3333333333333333,0.6666666666666666,3.0,overlapping_horizon_score_to_return,6-month overlapping forward-return diagnostic; not a monthly executable backtest
top_k_next_6m | ObjectiveSpecific[top_k_next_6m][XGBoost searched] Calibration Base,top_k_next_6m,ObjectiveSpecific[top_k_next_6m][XGBoost searched] Calibration Base,2024-07,6,forward_6m_return,target_top_k_next_6m,0.07862314821979936,0.03674599091982535,0.041877157299974016,0.6666666666666666,0.6666666666666666,3.0,overlapping_horizon_score_to_return,6-month overlapping forward-return diagnostic; not a monthly executable backtest
top_k_next_6m | ObjectiveSpecific[top_k_next_6m][XGBoost searched] Calibration Base,top_k_next_6m,ObjectiveSpecific[top_k_next_6m][XGBoost searched] Calibration Base,2024-08,6,forward_6m_return,target_top_k_next_6m,0.056935883784640276,0.04904021104912389,0.007895672735516383,0.3333333333333333,0.6666666666666666,3.0,overlapping_horizon_score_to_return,6-month overlapping forward-return diagnostic; not a monthly executable backtest
top_k_next_6m | ObjectiveSpecific[top_k_next_6m][XGBoost searched] Calibration Base,top_k_next_6m,ObjectiveSpecific[top_k_next_6m][XGBoost searched] Calibration Base,2024-09,6,forward_6m_return,target_top_k_next_6m,0.036249010639259005,0.010902010947950114,0.02534699969130889,0.3333333333333333,0.6666666666666666,3.0,overlapping_horizon_score_to_return,6-month overlapping forward-return diagnostic; not a monthly executable backtest
top_k_next_6m | ObjectiveSpecific[top_k_next_6m][XGBoost searched] Calibration Base,top_k_next_6m,ObjectiveSpecific[top_k_next_6m][XGBoost searched] Calibration Base,2024-10,6,forward_6m_return,target_top_k_next_6m,0.07972069376814339,0.010798005505983744,0.06892268826215965,0.6666666666666666,0.6666666666666666,3.0,overlapping_horizon_score_to_return,6-month overlapping forward-return diagnostic; not a monthly executable backtest
top_k_next_6m | ObjectiveSpecific[top_k_next_6m][XGBoost searched] Calibration Base,top_k_next_6m,ObjectiveSpecific[top_k_next_6m][XGBoost searched] Calibration Base,2024-11,6,forward_6m_return,target_top_k_next_6m,0.13932732031349687,0.01481359240546699,0.12451372790802988,0.6666666666666666,0.6666666666666666,3.0,overlapping_horizon_score_to_return,6-month overlapping forward-return diagnostic; not a monthly executable backtest
top_k_next_6m | ObjectiveSpecific[top_k_next_6m][XGBoost searched] Calibration Base,top_k_next_6m,ObjectiveSpecific[top_k_next_6m][XGBoost searched] Calibration Base,2024-12,6,forward_6m_return,target_top_k_next_6m,0.17020681157616369,0.08755260421742209,0.0826542073587416,0.6666666666666666,0.0,3.0,overlapping_horizon_score_to_return,6-month overlapping forward-return diagnostic; not a monthly executable backtest
top_k_next_6m | ObjectiveSpecific[top_k_next_6m][XGBoost searched] Calibration Base,top_k_next_6m,ObjectiveSpecific[top_k_next_6m][XGBoost searched] Calibration Base,2025-01,6,forward_6m_return,target_top_k_next_6m,0.11579906750878528,0.07145067289410181,0.04434839461468347,0.6666666666666666,0.6666666666666666,3.0,overlapping_horizon_score_to_return,6-month overlapping forward-return diagnostic; not a monthly executable backtest
top_k_next_6m | ObjectiveSpecific[top_k_next_6m][XGBoost searched] Calibration Base,top_k_next_6m,ObjectiveSpecific[top_k_next_6m][XGBoost searched] Calibration Base,2025-02,6,forward_6m_return,target_top_k_next_6m,0.09253426981069508,0.0740436919387153,0.018490577871979788,0.6666666666666666,0.0,3.0,overlapping_horizon_score_to_return,6-month overlapping forward-return diagnostic; not a monthly executable backtest
top_k_next_6m | ObjectiveSpecific[top_k_next_6m][XGBoost searched] Calibration Base,top_k_next_6m,ObjectiveSpecific[top_k_next_6m][XGBoost searched] Calibration Base,2025-03,6,forward_6m_return,target_top_k_next_6m,0.0678024378307865,0.1424852193691071,-0.0746827815383206,0.0,0.6666666666666666,3.0,overlapping_horizon_score_to_return,6-month overlapping forward-return diagnostic; not a monthly executable backtest
top_k_next_6m | ObjectiveSpecific[top_k_next_6m][XGBoost searched] Calibration Base,top_k_next_6m,ObjectiveSpecific[top_k_next_6m][XGBoost searched] Calibration Base,2025-04,6,forward_6m_return,target_top_k_next_6m,0.20729982533786076,0.17233242704381527,0.03496739829404549,0.6666666666666666,1.3333333333333333,3.0,overlapping_horizon_score_to_return,6-month overlapping forward-return diagnostic; not a monthly executable backtest
top_k_next_6m | ObjectiveSpecific[top_k_next_6m][XGBoost searched] Calibration Base,top_k_next_6m,ObjectiveSpecific[top_k_next_6m][XGBoost searched] Calibration Base,2025-05,6,forward_6m_return,target_top_k_next_6m,0.1671263054640127,0.1376998968675988,0.029426408596413905,0.3333333333333333,0.6666666666666666,3.0,overlapping_horizon_score_to_return,6-month overlapping forward-return diagnostic; not a monthly executable backtest
top_k_next_6m | ObjectiveSpecific[top_k_next_6m][XGBoost searched] Calibration Base,top_k_next_6m,ObjectiveSpecific[top_k_next_6m][XGBoost searched] Calibration Base,2025-06,6,forward_6m_return,target_top_k_next_6m,0.10668556555627765,0.11632951345399481,-0.009643947897717164,0.3333333333333333,0.6666666666666666,3.0,overlapping_horizon_score_to_return,6-month overlapping forward-return diagnostic; not a monthly executable backtest
top_k_next_6m | ObjectiveSpecific[top_k_next_6m][XGBoost searched] Calibration Base,top_k_next_6m,ObjectiveSpecific[top_k_next_6m][XGBoost searched] Calibration Base,2025-07,6,forward_6m_return,target_top_k_next_6m,0.12014014417585228,0.14833670258499349,-0.028196558409141204,0.3333333333333333,0.6666666666666666,3.0,overlapping_horizon_score_to_return,6-month overlapping forward-return diagnostic; not a monthly executable backtest
top_k_next_6m | ObjectiveSpecific[top_k_next_6m][XGBoost searched] Calibration Base,top_k_next_6m,ObjectiveSpecific[top_k_next_6m][XGBoost searched] Calibration Base,2025-08,6,forward_6m_return,target_top_k_next_6m,0.20701047278233775,0.1560665539487492,0.050943918833588564,0.6666666666666666,0.6666666666666666,3.0,overlapping_horizon_score_to_return,6-month overlapping forward-return diagnostic; not a monthly executable backtest
top_k_next_6m | ObjectiveSpecific[top_k_next_6m][XGBoost searched] Calibration Base,top_k_next_6m,ObjectiveSpecific[top_k_next_6m][XGBoost searched] Calibration Base,2025-09,6,forward_6m_return,target_top_k_next_6m,0.0923391390295264,0.06750246559984471,0.024836673429681683,0.3333333333333333,0.6666666666666666,3.0,overlapping_horizon_score_to_return,6-month overlapping forward-return diagnostic; not a monthly executable backtest
top_k_next_6m | ObjectiveSpecific[top_k_next_6m][XGBoost searched] Calibration Base,top_k_next_6m,ObjectiveSpecific[top_k_next_6m][XGBoost searched] Calibration Base,2025-10,6,forward_6m_return,target_top_k_next_6m,0.1930974079711832,0.10049962781128818,0.092597780159895,0.6666666666666666,0.6666666666666666,3.0,overlapping_horizon_score_to_return,6-month overlapping forward-return diagnostic; not a monthly executable backtest
top_k_next_6m | ObjectiveSpecific[top_k_next_6m][XGBoost searched] Calibrated,top_k_next_6m,ObjectiveSpecific[top_k_next_6m][XGBoost searched] Calibrated,2020-01,6,forward_6m_return,target_top_k_next_6m,-0.013949777800147202,0.01628525231601622,-0.030235030116163422,0.3333333333333333,1.0,3.0,overlapping_horizon_score_to_return,6-month overlapping forward-return diagnostic; not a monthly executable backtest
top_k_next_6m | ObjectiveSpecific[top_k_next_6m][XGBoost searched] Calibrated,top_k_next_6m,ObjectiveSpecific[top_k_next_6m][XGBoost searched] Calibrated,2020-02,6,forward_6m_return,target_top_k_next_6m,0.09367935255859114,0.09242740072577746,0.0012519518328136803,0.3333333333333333,0.6666666666666666,3.0,overlapping_horizon_score_to_return,6-month overlapping forward-return diagnostic; not a monthly executable backtest
top_k_next_6m | ObjectiveSpecific[top_k_next_6m][XGBoost searched] Calibrated,top_k_next_6m,ObjectiveSpecific[top_k_next_6m][XGBoost searched] Calibrated,2020-03,6,forward_6m_return,target_top_k_next_6m,0.3725933236196426,0.24050222187160855,0.13209110174803404,0.3333333333333333,1.3333333333333333,3.0,overlapping_horizon_score_to_return,6-month overlapping forward-return diagnostic; not a monthly executable backtest
top_k_next_6m | ObjectiveSpecific[top_k_next_6m][XGBoost searched] Calibrated,top_k_next_6m,ObjectiveSpecific[top_k_next_6m][XGBoost searched] Calibrated,2020-04,6,forward_6m_return,target_top_k_next_6m,0.19963078565209003,0.10418168155343888,0.09544910409865115,0.6666666666666666,0.6666666666666666,3.0,overlapping_horizon_score_to_return,6-month overlapping forward-return diagnostic; not a monthly executable backtest
top_k_next_6m | ObjectiveSpecific[top_k_next_6m][XGBoost searched] Calibrated,top_k_next_6m,ObjectiveSpecific[top_k_next_6m][XGBoost searched] Calibrated,2020-05,6,forward_6m_return,target_top_k_next_6m,0.2840285917778411,0.16016355789357284,0.12386503388426828,0.6666666666666666,0.0,3.0,overlapping_horizon_score_to_return,6-month overlapping forward-return diagnostic; not a monthly executable backtest
top_k_next_6m | ObjectiveSpecific[top_k_next_6m][XGBoost searched] Calibrated,top_k_next_6m,ObjectiveSpecific[top_k_next_6m][XGBoost searched] Calibrated,2020-06,6,forward_6m_return,target_top_k_next_6m,0.2134269231068956,0.18123914945283864,0.03218777365405695,0.6666666666666666,0.6666666666666666,3.0,overlapping_horizon_score_to_return,6-month overlapping forward-return diagnostic; not a monthly executable backtest
top_k_next_6m | ObjectiveSpecific[top_k_next_6m][XGBoost searched] Calibrated,top_k_next_6m,ObjectiveSpecific[top_k_next_6m][XGBoost searched] Calibrated,2020-07,6,forward_6m_return,target_top_k_next_6m,0.18056954999840974,0.13797615285360254,0.0425933971448072,0.6666666666666666,0.0,3.0,overlapping_horizon_score_to_return,6-month overlapping forward-return diagnostic; not a monthly executable backtest
top_k_next_6m | ObjectiveSpecific[top_k_next_6m][XGBoost searched] Calibrated,top_k_next_6m,ObjectiveSpecific[top_k_next_6m][XGBoost searched] Calibrated,2020-08,6,forward_6m_return,target_top_k_next_6m,0.06048910707728583,0.14983500839146488,-0.08934590131417905,0.3333333333333333,1.3333333333333333,3.0,overlapping_horizon_score_to_return,6-month overlapping forward-return diagnostic; not a monthly executable backtest
top_k_next_6m | ObjectiveSpecific[top_k_next_6m][XGBoost searched] Calibrated,top_k_next_6m,ObjectiveSpecific[top_k_next_6m][XGBoost searched] Calibrated,2020-09,6,forward_6m_return,target_top_k_next_6m,0.3633341156339772,0.20644441375510064,0.15688970187887658,0.6666666666666666,0.6666666666666666,3.0,overlapping_horizon_score_to_return,6-month overlapping forward-return diagnostic; not a monthly executable backtest
top_k_next_6m | ObjectiveSpecific[top_k_next_6m][XGBoost searched] Calibrated,top_k_next_6m,ObjectiveSpecific[top_k_next_6m][XGBoost searched] Calibrated,2020-10,6,forward_6m_return,target_top_k_next_6m,0.20247913637067366,0.25493539410723426,-0.052456257736560596,0.3333333333333333,1.3333333333333333,3.0,overlapping_horizon_score_to_return,6-month overlapping forward-return diagnostic; not a monthly executable backtest
top_k_next_6m | ObjectiveSpecific[top_k_next_6m][XGBoost searched] Calibrated,top_k_next_6m,ObjectiveSpecific[top_k_next_6m][XGBoost searched] Calibrated,2020-11,6,forward_6m_return,target_top_k_next_6m,0.07827797442847775,0.15128038501239993,-0.07300241058392218,0.3333333333333333,0.0,3.0,overlapping_horizon_score_to_return,6-month overlapping forward-return diagnostic; not a monthly executable backtest
top_k_next_6m | ObjectiveSpecific[top_k_next_6m][XGBoost searched] Calibrated,top_k_next_6m,ObjectiveSpecific[top_k_next_6m][XGBoost searched] Calibrated,2020-12,6,forward_6m_return,target_top_k_next_6m,0.004836636445699465,0.1110881613572555,-0.10625152491155603,0.3333333333333333,0.6666666666666666,3.0,overlapping_horizon_score_to_return,6-month overlapping forward-return diagnostic; not a monthly executable backtest
top_k_next_6m | ObjectiveSpecific[top_k_next_6m][XGBoost searched] Calibrated,top_k_next_6m,ObjectiveSpecific[top_k_next_6m][XGBoost searched] Calibrated,2021-01,6,forward_6m_return,target_top_k_next_6m,0.06461579152690822,0.09744228828245814,-0.032826496755549925,0.0,0.6666666666666666,3.0,overlapping_horizon_score_to_return,6-month overlapping forward-return diagnostic; not a monthly executable backtest
top_k_next_6m | ObjectiveSpecific[top_k_next_6m][XGBoost searched] Calibrated,top_k_next_6m,ObjectiveSpecific[top_k_next_6m][XGBoost searched] Calibrated,2021-02,6,forward_6m_return,target_top_k_next_6m,0.13137881603533647,0.07718112307303507,0.0541976929623014,0.6666666666666666,0.6666666666666666,3.0,overlapping_horizon_score_to_return,6-month overlapping forward-return diagnostic; not a monthly executable backtest
top_k_next_6m | ObjectiveSpecific[top_k_next_6m][XGBoost searched] Calibrated,top_k_next_6m,ObjectiveSpecific[top_k_next_6m][XGBoost searched] Calibrated,2021-03,6,forward_6m_return,target_top_k_next_6m,0.06828954603635862,0.04807993488702681,0.020209611149331806,0.3333333333333333,1.3333333333333333,3.0,overlapping_horizon_score_to_return,6-month overlapping forward-return diagnostic; not a monthly executable backtest
top_k_next_6m | ObjectiveSpecific[top_k_next_6m][XGBoost searched] Calibrated,top_k_next_6m,ObjectiveSpecific[top_k_next_6m][XGBoost searched] Calibrated,2021-04,6,forward_6m_return,target_top_k_next_6m,0.021469076052531823,0.06198386367696539,-0.040514787624433564,0.0,0.6666666666666666,3.0,overlapping_horizon_score_to_return,6-month overlapping forward-return diagnostic; not a monthly executable backtest
top_k_next_6m | ObjectiveSpecific[top_k_next_6m][XGBoost searched] Calibrated,top_k_next_6m,ObjectiveSpecific[top_k_next_6m][XGBoost searched] Calibrated,2021-05,6,forward_6m_return,target_top_k_next_6m,0.07468416969652195,0.02675843193748346,0.04792573775903848,0.6666666666666666,0.6666666666666666,3.0,overlapping_horizon_score_to_return,6-month overlapping forward-return diagnostic; not a monthly executable backtest
top_k_next_6m | ObjectiveSpecific[top_k_next_6m][XGBoost searched] Calibrated,top_k_next_6m,ObjectiveSpecific[top_k_next_6m][XGBoost searched] Calibrated,2021-06,6,forward_6m_return,target_top_k_next_6m,-0.01673278507360957,0.02925419978114697,-0.04598698485475654,0.0,1.3333333333333333,3.0,overlapping_horizon_score_to_return,6-month overlapping forward-return diagnostic; not a monthly executable backtest
top_k_next_6m | ObjectiveSpecific[top_k_next_6m][XGBoost searched] Calibrated,top_k_next_6m,ObjectiveSpecific[top_k_next_6m][XGBoost searched] Calibrated,2021-07,6,forward_6m_return,target_top_k_next_6m,-0.015873638318095663,0.021308330542899136,-0.0371819688609948,0.0,2.0,3.0,overlapping_horizon_score_to_return,6-month overlapping forward-return diagnostic; not a monthly executable backtest
top_k_next_6m | ObjectiveSpecific[top_k_next_6m][XGBoost searched] Calibrated,top_k_next_6m,ObjectiveSpecific[top_k_next_6m][XGBoost searched] Calibrated,2021-08,6,forward_6m_return,target_top_k_next_6m,-0.04070169086555986,0.006384677160452823,-0.04708636802601268,0.3333333333333333,0.6666666666666666,3.0,overlapping_horizon_score_to_return,6-month overlapping forward-return diagnostic; not a monthly executable backtest
top_k_next_6m | ObjectiveSpecific[top_k_next_6m][XGBoost searched] Calibrated,top_k_next_6m,ObjectiveSpecific[top_k_next_6m][XGBoost searched] Calibrated,2021-09,6,forward_6m_return,target_top_k_next_6m,0.024893629267367268,0.035577209790009154,-0.010683580522641886,0.3333333333333333,0.0,3.0,overlapping_horizon_score_to_return,6-month overlapping forward-return diagnostic; not a monthly executable backtest
top_k_next_6m | ObjectiveSpecific[top_k_next_6m][XGBoost searched] Calibrated,top_k_next_6m,ObjectiveSpecific[top_k_next_6m][XGBoost searched] Calibrated,2021-10,6,forward_6m_return,target_top_k_next_6m,-0.09672122727891433,-0.08422971437577598,-0.012491512903138352,0.3333333333333333,0.0,3.0,overlapping_horizon_score_to_return,6-month overlapping forward-return diagnostic; not a monthly executable backtest
top_k_next_6m | ObjectiveSpecific[top_k_next_6m][XGBoost searched] Calibrated,top_k_next_6m,ObjectiveSpecific[top_k_next_6m][XGBoost searched] Calibrated,2021-11,6,forward_6m_return,target_top_k_next_6m,-0.048234215441884,-0.041661400665463956,-0.006572814776420043,0.3333333333333333,0.6666666666666666,3.0,overlapping_horizon_score_to_return,6-month overlapping forward-return diagnostic; not a monthly executable backtest
top_k_next_6m | ObjectiveSpecific[top_k_next_6m][XGBoost searched] Calibrated,top_k_next_6m,ObjectiveSpecific[top_k_next_6m][XGBoost searched] Calibrated,2021-12,6,forward_6m_return,target_top_k_next_6m,-0.10174556414878629,-0.13011771817925644,0.02837215403047015,0.6666666666666666,0.0,3.0,overlapping_horizon_score_to_return,6-month overlapping forward-return diagnostic; not a monthly executable backtest
top_k_next_6m | ObjectiveSpecific[top_k_next_6m][XGBoost searched] Calibrated,top_k_next_6m,ObjectiveSpecific[top_k_next_6m][XGBoost searched] Calibrated,2022-01,6,forward_6m_return,target_top_k_next_6m,-0.0795091969956911,-0.07786086196116662,-0.0016483350345244813,0.6666666666666666,0.6666666666666666,3.0,overlapping_horizon_score_to_return,6-month overlapping forward-return diagnostic; not a monthly executable backtest
top_k_next_6m | ObjectiveSpecific[top_k_next_6m][XGBoost searched] Calibrated,top_k_next_6m,ObjectiveSpecific[top_k_next_6m][XGBoost searched] Calibrated,2022-02,6,forward_6m_return,target_top_k_next_6m,-0.14288183572721083,-0.10498823459497841,-0.03789360113223242,0.0,0.0,3.0,overlapping_horizon_score_to_return,6-month overlapping forward-return diagnostic; not a monthly executable backtest
top_k_next_6m | ObjectiveSpecific[top_k_next_6m][XGBoost searched] Calibrated,top_k_next_6m,ObjectiveSpecific[top_k_next_6m][XGBoost searched] Calibrated,2022-03,6,forward_6m_return,target_top_k_next_6m,-0.15715109152689294,-0.16889367903388203,0.011742587506989088,0.6666666666666666,0.6666666666666666,3.0,overlapping_horizon_score_to_return,6-month overlapping forward-return diagnostic; not a monthly executable backtest
top_k_next_6m | ObjectiveSpecific[top_k_next_6m][XGBoost searched] Calibrated,top_k_next_6m,ObjectiveSpecific[top_k_next_6m][XGBoost searched] Calibrated,2022-04,6,forward_6m_return,target_top_k_next_6m,-0.09048824275075695,-0.04774174580134573,-0.042746496949411225,0.0,0.0,3.0,overlapping_horizon_score_to_return,6-month overlapping forward-return diagnostic; not a monthly executable backtest
top_k_next_6m | ObjectiveSpecific[top_k_next_6m][XGBoost searched] Calibrated,top_k_next_6m,ObjectiveSpecific[top_k_next_6m][XGBoost searched] Calibrated,2022-05,6,forward_6m_return,target_top_k_next_6m,-0.04077176959963835,-0.019689010471046254,-0.0210827591285921,0.0,0.0,3.0,overlapping_horizon_score_to_return,6-month overlapping forward-return diagnostic; not a monthly executable backtest
top_k_next_6m | ObjectiveSpecific[top_k_next_6m][XGBoost searched] Calibrated,top_k_next_6m,ObjectiveSpecific[top_k_next_6m][XGBoost searched] Calibrated,2022-06,6,forward_6m_return,target_top_k_next_6m,-0.019055612856161898,0.03190225667657411,-0.05095786953273601,0.0,0.0,3.0,overlapping_horizon_score_to_return,6-month overlapping forward-return diagnostic; not a monthly executable backtest
top_k_next_6m | ObjectiveSpecific[top_k_next_6m][XGBoost searched] Calibrated,top_k_next_6m,ObjectiveSpecific[top_k_next_6m][XGBoost searched] Calibrated,2022-07,6,forward_6m_return,target_top_k_next_6m,-0.004797406516869478,0.038757675959309165,-0.04355508247617865,0.0,0.0,3.0,overlapping_horizon_score_to_return,6-month overlapping forward-return diagnostic; not a monthly executable backtest
top_k_next_6m | ObjectiveSpecific[top_k_next_6m][XGBoost searched] Calibrated,top_k_next_6m,ObjectiveSpecific[top_k_next_6m][XGBoost searched] Calibrated,2022-08,6,forward_6m_return,target_top_k_next_6m,0.020465305755736463,0.03715952529292861,-0.016694219537192148,0.3333333333333333,0.6666666666666666,3.0,overlapping_horizon_score_to_return,6-month overlapping forward-return diagnostic; not a monthly executable backtest
top_k_next_6m | ObjectiveSpecific[top_k_next_6m][XGBoost searched] Calibrated,top_k_next_6m,ObjectiveSpecific[top_k_next_6m][XGBoost searched] Calibrated,2022-09,6,forward_6m_return,target_top_k_next_6m,0.11903301539843936,0.13137602408872032,-0.01234300869028096,0.3333333333333333,0.0,3.0,overlapping_horizon_score_to_return,6-month overlapping forward-return diagnostic; not a monthly executable backtest
top_k_next_6m | ObjectiveSpecific[top_k_next_6m][XGBoost searched] Calibrated,top_k_next_6m,ObjectiveSpecific[top_k_next_6m][XGBoost searched] Calibrated,2022-10,6,forward_6m_return,target_top_k_next_6m,0.1311801837451798,0.08083339086476406,0.050346792880415756,0.3333333333333333,0.0,3.0,overlapping_horizon_score_to_return,6-month overlapping forward-return diagnostic; not a monthly executable backtest
top_k_next_6m | ObjectiveSpecific[top_k_next_6m][XGBoost searched] Calibrated,top_k_next_6m,ObjectiveSpecific[top_k_next_6m][XGBoost searched] Calibrated,2022-11,6,forward_6m_return,target_top_k_next_6m,0.029927336453145638,0.004818195277581571,0.025109141175564065,0.3333333333333333,0.0,3.0,overlapping_horizon_score_to_return,6-month overlapping forward-return diagnostic; not a monthly executable backtest
top_k_next_6m | ObjectiveSpecific[top_k_next_6m][XGBoost searched] Calibrated,top_k_next_6m,ObjectiveSpecific[top_k_next_6m][XGBoost searched] Calibrated,2022-12,6,forward_6m_return,target_top_k_next_6m,0.033848190090720154,0.07877715947732866,-0.04492896938660851,0.0,0.0,3.0,overlapping_horizon_score_to_return,6-month overlapping forward-return diagnostic; not a monthly executable backtest
top_k_next_6m | ObjectiveSpecific[top_k_next_6m][XGBoost searched] Calibrated,top_k_next_6m,ObjectiveSpecific[top_k_next_6m][XGBoost searched] Calibrated,2023-01,6,forward_6m_return,target_top_k_next_6m,0.0932629166963006,0.04226619542722182,0.05099672126907878,0.3333333333333333,0.6666666666666666,3.0,overlapping_horizon_score_to_return,6-month overlapping forward-return diagnostic; not a monthly executable backtest
top_k_next_6m | ObjectiveSpecific[top_k_next_6m][XGBoost searched] Calibrated,top_k_next_6m,ObjectiveSpecific[top_k_next_6m][XGBoost searched] Calibrated,2023-02,6,forward_6m_return,target_top_k_next_6m,0.029203613427144722,0.06525835427044747,-0.03605474084330275,0.0,0.6666666666666666,3.0,overlapping_horizon_score_to_return,6-month overlapping forward-return diagnostic; not a monthly executable backtest
top_k_next_6m | ObjectiveSpecific[top_k_next_6m][XGBoost searched] Calibrated,top_k_next_6m,ObjectiveSpecific[top_k_next_6m][XGBoost searched] Calibrated,2023-03,6,forward_6m_return,target_top_k_next_6m,0.03886922794128448,-0.008346525426850538,0.04721575336813502,0.6666666666666666,1.3333333333333333,3.0,overlapping_horizon_score_to_return,6-month overlapping forward-return diagnostic; not a monthly executable backtest
top_k_next_6m | ObjectiveSpecific[top_k_next_6m][XGBoost searched] Calibrated,top_k_next_6m,ObjectiveSpecific[top_k_next_6m][XGBoost searched] Calibrated,2023-04,6,forward_6m_return,target_top_k_next_6m,-0.008730310979396659,-0.03270158335809733,0.02397127237870067,0.3333333333333333,0.6666666666666666,3.0,overlapping_horizon_score_to_return,6-month overlapping forward-return diagnostic; not a monthly executable backtest
top_k_next_6m | ObjectiveSpecific[top_k_next_6m][XGBoost searched] Calibrated,top_k_next_6m,ObjectiveSpecific[top_k_next_6m][XGBoost searched] Calibrated,2023-05,6,forward_6m_return,target_top_k_next_6m,0.010728733347393882,0.04751008169627996,-0.03678134834888608,0.0,0.6666666666666666,3.0,overlapping_horizon_score_to_return,6-month overlapping forward-return diagnostic; not a monthly executable backtest
top_k_next_6m | ObjectiveSpecific[top_k_next_6m][XGBoost searched] Calibrated,top_k_next_6m,ObjectiveSpecific[top_k_next_6m][XGBoost searched] Calibrated,2023-06,6,forward_6m_return,target_top_k_next_6m,0.03279644286939291,0.05422013324884979,-0.021423690379456885,0.0,0.0,3.0,overlapping_horizon_score_to_return,6-month overlapping forward-return diagnostic; not a monthly executable backtest
top_k_next_6m | ObjectiveSpecific[top_k_next_6m][XGBoost searched] Calibrated,top_k_next_6m,ObjectiveSpecific[top_k_next_6m][XGBoost searched] Calibrated,2023-07,6,forward_6m_return,target_top_k_next_6m,0.06315473895805992,0.03143786345373413,0.031716875504325795,0.3333333333333333,0.6666666666666666,3.0,overlapping_horizon_score_to_return,6-month overlapping forward-return diagnostic; not a monthly executable backtest
top_k_next_6m | ObjectiveSpecific[top_k_next_6m][XGBoost searched] Calibrated,top_k_next_6m,ObjectiveSpecific[top_k_next_6m][XGBoost searched] Calibrated,2023-08,6,forward_6m_return,target_top_k_next_6m,0.014140119320747322,0.07136982591960415,-0.05722970659885683,0.0,0.6666666666666666,3.0,overlapping_horizon_score_to_return,6-month overlapping forward-return diagnostic; not a monthly executable backtest
top_k_next_6m | ObjectiveSpecific[top_k_next_6m][XGBoost searched] Calibrated,top_k_next_6m,ObjectiveSpecific[top_k_next_6m][XGBoost searched] Calibrated,2023-09,6,forward_6m_return,target_top_k_next_6m,0.21687359394833422,0.16882466180687913,0.048048932141455086,0.3333333333333333,1.3333333333333333,3.0,overlapping_horizon_score_to_return,6-month overlapping forward-return diagnostic; not a monthly executable backtest
top_k_next_6m | ObjectiveSpecific[top_k_next_6m][XGBoost searched] Calibrated,top_k_next_6m,ObjectiveSpecific[top_k_next_6m][XGBoost searched] Calibrated,2023-10,6,forward_6m_return,target_top_k_next_6m,0.1772443509675668,0.15511905650144464,0.02212529446612216,0.3333333333333333,0.0,3.0,overlapping_horizon_score_to_return,6-month overlapping forward-return diagnostic; not a monthly executable backtest
top_k_next_6m | ObjectiveSpecific[top_k_next_6m][XGBoost searched] Calibrated,top_k_next_6m,ObjectiveSpecific[top_k_next_6m][XGBoost searched] Calibrated,2023-11,6,forward_6m_return,target_top_k_next_6m,0.1273051628583471,0.12080703584335348,0.00649812701499361,0.0,0.6666666666666666,3.0,overlapping_horizon_score_to_return,6-month overlapping forward-return diagnostic; not a monthly executable backtest
top_k_next_6m | ObjectiveSpecific[top_k_next_6m][XGBoost searched] Calibrated,top_k_next_6m,ObjectiveSpecific[top_k_next_6m][XGBoost searched] Calibrated,2023-12,6,forward_6m_return,target_top_k_next_6m,0.06405541947618923,0.07965449604858489,-0.015599076572395662,0.3333333333333333,0.6666666666666666,3.0,overlapping_horizon_score_to_return,6-month overlapping forward-return diagnostic; not a monthly executable backtest
top_k_next_6m | ObjectiveSpecific[top_k_next_6m][XGBoost searched] Calibrated,top_k_next_6m,ObjectiveSpecific[top_k_next_6m][XGBoost searched] Calibrated,2024-01,6,forward_6m_return,target_top_k_next_6m,0.093403199974748,0.10966620716734561,-0.016263007192597614,0.3333333333333333,0.6666666666666666,3.0,overlapping_horizon_score_to_return,6-month overlapping forward-return diagnostic; not a monthly executable backtest
top_k_next_6m | ObjectiveSpecific[top_k_next_6m][XGBoost searched] Calibrated,top_k_next_6m,ObjectiveSpecific[top_k_next_6m][XGBoost searched] Calibrated,2024-02,6,forward_6m_return,target_top_k_next_6m,0.11343252967205647,0.09361049358220637,0.0198220360898501,0.3333333333333333,0.6666666666666666,3.0,overlapping_horizon_score_to_return,6-month overlapping forward-return diagnostic; not a monthly executable backtest
top_k_next_6m | ObjectiveSpecific[top_k_next_6m][XGBoost searched] Calibrated,top_k_next_6m,ObjectiveSpecific[top_k_next_6m][XGBoost searched] Calibrated,2024-03,6,forward_6m_return,target_top_k_next_6m,0.1267599050115901,0.077754306009929,0.0490055990016611,0.6666666666666666,0.6666666666666666,3.0,overlapping_horizon_score_to_return,6-month overlapping forward-return diagnostic; not a monthly executable backtest
top_k_next_6m | ObjectiveSpecific[top_k_next_6m][XGBoost searched] Calibrated,top_k_next_6m,ObjectiveSpecific[top_k_next_6m][XGBoost searched] Calibrated,2024-04,6,forward_6m_return,target_top_k_next_6m,0.14772566974279464,0.10216572480688826,0.04555994493590637,0.6666666666666666,0.6666666666666666,3.0,overlapping_horizon_score_to_return,6-month overlapping forward-return diagnostic; not a monthly executable backtest
top_k_next_6m | ObjectiveSpecific[top_k_next_6m][XGBoost searched] Calibrated,top_k_next_6m,ObjectiveSpecific[top_k_next_6m][XGBoost searched] Calibrated,2024-05,6,forward_6m_return,target_top_k_next_6m,0.0966324466236892,0.09782411360907259,-0.0011916669853833939,0.0,0.0,3.0,overlapping_horizon_score_to_return,6-month overlapping forward-return diagnostic; not a monthly executable backtest
top_k_next_6m | ObjectiveSpecific[top_k_next_6m][XGBoost searched] Calibrated,top_k_next_6m,ObjectiveSpecific[top_k_next_6m][XGBoost searched] Calibrated,2024-06,6,forward_6m_return,target_top_k_next_6m,0.048142588206519545,0.05157437639087646,-0.0034317881843569167,0.3333333333333333,0.6666666666666666,3.0,overlapping_horizon_score_to_return,6-month overlapping forward-return diagnostic; not a monthly executable backtest
top_k_next_6m | ObjectiveSpecific[top_k_next_6m][XGBoost searched] Calibrated,top_k_next_6m,ObjectiveSpecific[top_k_next_6m][XGBoost searched] Calibrated,2024-07,6,forward_6m_return,target_top_k_next_6m,0.07862314821979936,0.03674599091982535,0.041877157299974016,0.6666666666666666,0.6666666666666666,3.0,overlapping_horizon_score_to_return,6-month overlapping forward-return diagnostic; not a monthly executable backtest
top_k_next_6m | ObjectiveSpecific[top_k_next_6m][XGBoost searched] Calibrated,top_k_next_6m,ObjectiveSpecific[top_k_next_6m][XGBoost searched] Calibrated,2024-08,6,forward_6m_return,target_top_k_next_6m,0.056935883784640276,0.04904021104912389,0.007895672735516383,0.3333333333333333,0.6666666666666666,3.0,overlapping_horizon_score_to_return,6-month overlapping forward-return diagnostic; not a monthly executable backtest
top_k_next_6m | ObjectiveSpecific[top_k_next_6m][XGBoost searched] Calibrated,top_k_next_6m,ObjectiveSpecific[top_k_next_6m][XGBoost searched] Calibrated,2024-09,6,forward_6m_return,target_top_k_next_6m,0.036249010639259005,0.010902010947950114,0.02534699969130889,0.3333333333333333,0.6666666666666666,3.0,overlapping_horizon_score_to_return,6-month overlapping forward-return diagnostic; not a monthly executable backtest
top_k_next_6m | ObjectiveSpecific[top_k_next_6m][XGBoost searched] Calibrated,top_k_next_6m,ObjectiveSpecific[top_k_next_6m][XGBoost searched] Calibrated,2024-10,6,forward_6m_return,target_top_k_next_6m,0.07972069376814339,0.010798005505983744,0.06892268826215965,0.6666666666666666,0.6666666666666666,3.0,overlapping_horizon_score_to_return,6-month overlapping forward-return diagnostic; not a monthly executable backtest
top_k_next_6m | ObjectiveSpecific[top_k_next_6m][XGBoost searched] Calibrated,top_k_next_6m,ObjectiveSpecific[top_k_next_6m][XGBoost searched] Calibrated,2024-11,6,forward_6m_return,target_top_k_next_6m,0.13932732031349687,0.01481359240546699,0.12451372790802988,0.6666666666666666,0.6666666666666666,3.0,overlapping_horizon_score_to_return,6-month overlapping forward-return diagnostic; not a monthly executable backtest
top_k_next_6m | ObjectiveSpecific[top_k_next_6m][XGBoost searched] Calibrated,top_k_next_6m,ObjectiveSpecific[top_k_next_6m][XGBoost searched] Calibrated,2024-12,6,forward_6m_return,target_top_k_next_6m,0.17020681157616369,0.08755260421742209,0.0826542073587416,0.6666666666666666,0.0,3.0,overlapping_horizon_score_to_return,6-month overlapping forward-return diagnostic; not a monthly executable backtest
top_k_next_6m | ObjectiveSpecific[top_k_next_6m][XGBoost searched] Calibrated,top_k_next_6m,ObjectiveSpecific[top_k_next_6m][XGBoost searched] Calibrated,2025-01,6,forward_6m_return,target_top_k_next_6m,0.11579906750878528,0.07145067289410181,0.04434839461468347,0.6666666666666666,0.6666666666666666,3.0,overlapping_horizon_score_to_return,6-month overlapping forward-return diagnostic; not a monthly executable backtest
top_k_next_6m | ObjectiveSpecific[top_k_next_6m][XGBoost searched] Calibrated,top_k_next_6m,ObjectiveSpecific[top_k_next_6m][XGBoost searched] Calibrated,2025-02,6,forward_6m_return,target_top_k_next_6m,0.09253426981069508,0.0740436919387153,0.018490577871979788,0.6666666666666666,0.0,3.0,overlapping_horizon_score_to_return,6-month overlapping forward-return diagnostic; not a monthly executable backtest
top_k_next_6m | ObjectiveSpecific[top_k_next_6m][XGBoost searched] Calibrated,top_k_next_6m,ObjectiveSpecific[top_k_next_6m][XGBoost searched] Calibrated,2025-03,6,forward_6m_return,target_top_k_next_6m,0.0678024378307865,0.1424852193691071,-0.0746827815383206,0.0,0.6666666666666666,3.0,overlapping_horizon_score_to_return,6-month overlapping forward-return diagnostic; not a monthly executable backtest
top_k_next_6m | ObjectiveSpecific[top_k_next_6m][XGBoost searched] Calibrated,top_k_next_6m,ObjectiveSpecific[top_k_next_6m][XGBoost searched] Calibrated,2025-04,6,forward_6m_return,target_top_k_next_6m,0.20729982533786076,0.17233242704381527,0.03496739829404549,0.6666666666666666,1.3333333333333333,3.0,overlapping_horizon_score_to_return,6-month overlapping forward-return diagnostic; not a monthly executable backtest
top_k_next_6m | ObjectiveSpecific[top_k_next_6m][XGBoost searched] Calibrated,top_k_next_6m,ObjectiveSpecific[top_k_next_6m][XGBoost searched] Calibrated,2025-05,6,forward_6m_return,target_top_k_next_6m,0.1671263054640127,0.1376998968675988,0.029426408596413905,0.3333333333333333,0.6666666666666666,3.0,overlapping_horizon_score_to_return,6-month overlapping forward-return diagnostic; not a monthly executable backtest
top_k_next_6m | ObjectiveSpecific[top_k_next_6m][XGBoost searched] Calibrated,top_k_next_6m,ObjectiveSpecific[top_k_next_6m][XGBoost searched] Calibrated,2025-06,6,forward_6m_return,target_top_k_next_6m,0.10668556555627765,0.11632951345399481,-0.009643947897717164,0.3333333333333333,0.6666666666666666,3.0,overlapping_horizon_score_to_return,6-month overlapping forward-return diagnostic; not a monthly executable backtest
top_k_next_6m | ObjectiveSpecific[top_k_next_6m][XGBoost searched] Calibrated,top_k_next_6m,ObjectiveSpecific[top_k_next_6m][XGBoost searched] Calibrated,2025-07,6,forward_6m_return,target_top_k_next_6m,0.12014014417585228,0.14833670258499349,-0.028196558409141204,0.3333333333333333,0.6666666666666666,3.0,overlapping_horizon_score_to_return,6-month overlapping forward-return diagnostic; not a monthly executable backtest
top_k_next_6m | ObjectiveSpecific[top_k_next_6m][XGBoost searched] Calibrated,top_k_next_6m,ObjectiveSpecific[top_k_next_6m][XGBoost searched] Calibrated,2025-08,6,forward_6m_return,target_top_k_next_6m,0.20701047278233775,0.1560665539487492,0.050943918833588564,0.6666666666666666,0.6666666666666666,3.0,overlapping_horizon_score_to_return,6-month overlapping forward-return diagnostic; not a monthly executable backtest
top_k_next_6m | ObjectiveSpecific[top_k_next_6m][XGBoost searched] Calibrated,top_k_next_6m,ObjectiveSpecific[top_k_next_6m][XGBoost searched] Calibrated,2025-09,6,forward_6m_return,target_top_k_next_6m,0.0923391390295264,0.06750246559984471,0.024836673429681683,0.3333333333333333,0.6666666666666666,3.0,overlapping_horizon_score_to_return,6-month overlapping forward-return diagnostic; not a monthly executable backtest
top_k_next_6m | ObjectiveSpecific[top_k_next_6m][XGBoost searched] Calibrated,top_k_next_6m,ObjectiveSpecific[top_k_next_6m][XGBoost searched] Calibrated,2025-10,6,forward_6m_return,target_top_k_next_6m,0.1930974079711832,0.10049962781128818,0.092597780159895,0.6666666666666666,0.6666666666666666,3.0,overlapping_horizon_score_to_return,6-month overlapping forward-return diagnostic; not a monthly executable backtest
top_k_next_6m | ObjectiveSpecific[top_k_next_6m][TabPFN direct],top_k_next_6m,ObjectiveSpecific[top_k_next_6m][TabPFN direct],2020-01,6,forward_6m_return,target_top_k_next_6m,-0.013949777800147202,0.01628525231601622,-0.030235030116163422,0.3333333333333333,1.0,3.0,overlapping_horizon_score_to_return,6-month overlapping forward-return diagnostic; not a monthly executable backtest
top_k_next_6m | ObjectiveSpecific[top_k_next_6m][TabPFN direct],top_k_next_6m,ObjectiveSpecific[top_k_next_6m][TabPFN direct],2020-02,6,forward_6m_return,target_top_k_next_6m,0.14557896150523772,0.09242740072577746,0.05315156077946026,0.3333333333333333,0.0,3.0,overlapping_horizon_score_to_return,6-month overlapping forward-return diagnostic; not a monthly executable backtest
top_k_next_6m | ObjectiveSpecific[top_k_next_6m][TabPFN direct],top_k_next_6m,ObjectiveSpecific[top_k_next_6m][TabPFN direct],2020-03,6,forward_6m_return,target_top_k_next_6m,0.38846446444986904,0.24050222187160855,0.1479622425782605,0.6666666666666666,0.0,3.0,overlapping_horizon_score_to_return,6-month overlapping forward-return diagnostic; not a monthly executable backtest
top_k_next_6m | ObjectiveSpecific[top_k_next_6m][TabPFN direct],top_k_next_6m,ObjectiveSpecific[top_k_next_6m][TabPFN direct],2020-04,6,forward_6m_return,target_top_k_next_6m,0.19963078565209003,0.10418168155343888,0.09544910409865115,0.6666666666666666,0.0,3.0,overlapping_horizon_score_to_return,6-month overlapping forward-return diagnostic; not a monthly executable backtest
top_k_next_6m | ObjectiveSpecific[top_k_next_6m][TabPFN direct],top_k_next_6m,ObjectiveSpecific[top_k_next_6m][TabPFN direct],2020-05,6,forward_6m_return,target_top_k_next_6m,0.2840285917778411,0.16016355789357284,0.12386503388426828,0.6666666666666666,0.0,3.0,overlapping_horizon_score_to_return,6-month overlapping forward-return diagnostic; not a monthly executable backtest
top_k_next_6m | ObjectiveSpecific[top_k_next_6m][TabPFN direct],top_k_next_6m,ObjectiveSpecific[top_k_next_6m][TabPFN direct],2020-06,6,forward_6m_return,target_top_k_next_6m,0.3155203561674925,0.18123914945283864,0.13428120671465388,0.6666666666666666,0.0,3.0,overlapping_horizon_score_to_return,6-month overlapping forward-return diagnostic; not a monthly executable backtest
top_k_next_6m | ObjectiveSpecific[top_k_next_6m][TabPFN direct],top_k_next_6m,ObjectiveSpecific[top_k_next_6m][TabPFN direct],2020-07,6,forward_6m_return,target_top_k_next_6m,0.2763025429298421,0.13797615285360254,0.13832639007623954,0.6666666666666666,0.0,3.0,overlapping_horizon_score_to_return,6-month overlapping forward-return diagnostic; not a monthly executable backtest
top_k_next_6m | ObjectiveSpecific[top_k_next_6m][TabPFN direct],top_k_next_6m,ObjectiveSpecific[top_k_next_6m][TabPFN direct],2020-08,6,forward_6m_return,target_top_k_next_6m,0.28563245758153766,0.14983500839146488,0.13579744919007278,0.6666666666666666,0.0,3.0,overlapping_horizon_score_to_return,6-month overlapping forward-return diagnostic; not a monthly executable backtest
top_k_next_6m | ObjectiveSpecific[top_k_next_6m][TabPFN direct],top_k_next_6m,ObjectiveSpecific[top_k_next_6m][TabPFN direct],2020-09,6,forward_6m_return,target_top_k_next_6m,0.35087471093698086,0.20644441375510064,0.14443029718188022,0.6666666666666666,0.0,3.0,overlapping_horizon_score_to_return,6-month overlapping forward-return diagnostic; not a monthly executable backtest
top_k_next_6m | ObjectiveSpecific[top_k_next_6m][TabPFN direct],top_k_next_6m,ObjectiveSpecific[top_k_next_6m][TabPFN direct],2020-10,6,forward_6m_return,target_top_k_next_6m,0.416440326944689,0.25493539410723426,0.16150493283745476,0.6666666666666666,0.0,3.0,overlapping_horizon_score_to_return,6-month overlapping forward-return diagnostic; not a monthly executable backtest
top_k_next_6m | ObjectiveSpecific[top_k_next_6m][TabPFN direct],top_k_next_6m,ObjectiveSpecific[top_k_next_6m][TabPFN direct],2020-11,6,forward_6m_return,target_top_k_next_6m,0.24106927972282954,0.15128038501239993,0.08978889471042961,0.6666666666666666,0.0,3.0,overlapping_horizon_score_to_return,6-month overlapping forward-return diagnostic; not a monthly executable backtest
top_k_next_6m | ObjectiveSpecific[top_k_next_6m][TabPFN direct],top_k_next_6m,ObjectiveSpecific[top_k_next_6m][TabPFN direct],2020-12,6,forward_6m_return,target_top_k_next_6m,0.18508350753091124,0.1110881613572555,0.07399534617365575,0.6666666666666666,0.0,3.0,overlapping_horizon_score_to_return,6-month overlapping forward-return diagnostic; not a monthly executable backtest
top_k_next_6m | ObjectiveSpecific[top_k_next_6m][TabPFN direct],top_k_next_6m,ObjectiveSpecific[top_k_next_6m][TabPFN direct],2021-01,6,forward_6m_return,target_top_k_next_6m,0.1644435852682581,0.09744228828245814,0.06700129698579997,0.3333333333333333,0.0,3.0,overlapping_horizon_score_to_return,6-month overlapping forward-return diagnostic; not a monthly executable backtest
top_k_next_6m | ObjectiveSpecific[top_k_next_6m][TabPFN direct],top_k_next_6m,ObjectiveSpecific[top_k_next_6m][TabPFN direct],2021-02,6,forward_6m_return,target_top_k_next_6m,0.0780776213617221,0.07718112307303507,0.0008964982886870282,0.3333333333333333,0.6666666666666666,3.0,overlapping_horizon_score_to_return,6-month overlapping forward-return diagnostic; not a monthly executable backtest
top_k_next_6m | ObjectiveSpecific[top_k_next_6m][TabPFN direct],top_k_next_6m,ObjectiveSpecific[top_k_next_6m][TabPFN direct],2021-03,6,forward_6m_return,target_top_k_next_6m,0.06828954603635862,0.04807993488702681,0.020209611149331806,0.3333333333333333,0.6666666666666666,3.0,overlapping_horizon_score_to_return,6-month overlapping forward-return diagnostic; not a monthly executable backtest
top_k_next_6m | ObjectiveSpecific[top_k_next_6m][TabPFN direct],top_k_next_6m,ObjectiveSpecific[top_k_next_6m][TabPFN direct],2021-04,6,forward_6m_return,target_top_k_next_6m,0.06929590943157342,0.06198386367696539,0.007312045754608032,0.3333333333333333,0.0,3.0,overlapping_horizon_score_to_return,6-month overlapping forward-return diagnostic; not a monthly executable backtest
top_k_next_6m | ObjectiveSpecific[top_k_next_6m][TabPFN direct],top_k_next_6m,ObjectiveSpecific[top_k_next_6m][TabPFN direct],2021-05,6,forward_6m_return,target_top_k_next_6m,0.10195809369744001,0.02675843193748346,0.07519966175995654,0.6666666666666666,0.6666666666666666,3.0,overlapping_horizon_score_to_return,6-month overlapping forward-return diagnostic; not a monthly executable backtest
top_k_next_6m | ObjectiveSpecific[top_k_next_6m][TabPFN direct],top_k_next_6m,ObjectiveSpecific[top_k_next_6m][TabPFN direct],2021-06,6,forward_6m_return,target_top_k_next_6m,0.0769582523127575,0.02925419978114697,0.04770405253161053,0.6666666666666666,0.0,3.0,overlapping_horizon_score_to_return,6-month overlapping forward-return diagnostic; not a monthly executable backtest
top_k_next_6m | ObjectiveSpecific[top_k_next_6m][TabPFN direct],top_k_next_6m,ObjectiveSpecific[top_k_next_6m][TabPFN direct],2021-07,6,forward_6m_return,target_top_k_next_6m,0.009973586418091205,0.021308330542899136,-0.01133474412480793,0.3333333333333333,0.0,3.0,overlapping_horizon_score_to_return,6-month overlapping forward-return diagnostic; not a monthly executable backtest
top_k_next_6m | ObjectiveSpecific[top_k_next_6m][TabPFN direct],top_k_next_6m,ObjectiveSpecific[top_k_next_6m][TabPFN direct],2021-08,6,forward_6m_return,target_top_k_next_6m,0.12234361734391028,0.006384677160452823,0.11595894018345745,0.3333333333333333,0.6666666666666666,3.0,overlapping_horizon_score_to_return,6-month overlapping forward-return diagnostic; not a monthly executable backtest
top_k_next_6m | ObjectiveSpecific[top_k_next_6m][TabPFN direct],top_k_next_6m,ObjectiveSpecific[top_k_next_6m][TabPFN direct],2021-09,6,forward_6m_return,target_top_k_next_6m,-0.04633106663884701,0.035577209790009154,-0.08190827642885616,0.0,0.6666666666666666,3.0,overlapping_horizon_score_to_return,6-month overlapping forward-return diagnostic; not a monthly executable backtest
top_k_next_6m | ObjectiveSpecific[top_k_next_6m][TabPFN direct],top_k_next_6m,ObjectiveSpecific[top_k_next_6m][TabPFN direct],2021-10,6,forward_6m_return,target_top_k_next_6m,-0.1769475547050468,-0.08422971437577598,-0.09271784032927083,0.0,0.6666666666666666,3.0,overlapping_horizon_score_to_return,6-month overlapping forward-return diagnostic; not a monthly executable backtest
top_k_next_6m | ObjectiveSpecific[top_k_next_6m][TabPFN direct],top_k_next_6m,ObjectiveSpecific[top_k_next_6m][TabPFN direct],2021-11,6,forward_6m_return,target_top_k_next_6m,0.07885209642724145,-0.041661400665463956,0.1205134970927054,0.3333333333333333,1.3333333333333333,3.0,overlapping_horizon_score_to_return,6-month overlapping forward-return diagnostic; not a monthly executable backtest
top_k_next_6m | ObjectiveSpecific[top_k_next_6m][TabPFN direct],top_k_next_6m,ObjectiveSpecific[top_k_next_6m][TabPFN direct],2021-12,6,forward_6m_return,target_top_k_next_6m,-0.24675961971784768,-0.13011771817925644,-0.11664190153859125,0.0,0.6666666666666666,3.0,overlapping_horizon_score_to_return,6-month overlapping forward-return diagnostic; not a monthly executable backtest
top_k_next_6m | ObjectiveSpecific[top_k_next_6m][TabPFN direct],top_k_next_6m,ObjectiveSpecific[top_k_next_6m][TabPFN direct],2022-01,6,forward_6m_return,target_top_k_next_6m,-0.12383577205119985,-0.07786086196116662,-0.045974910090033225,0.0,0.0,3.0,overlapping_horizon_score_to_return,6-month overlapping forward-return diagnostic; not a monthly executable backtest
top_k_next_6m | ObjectiveSpecific[top_k_next_6m][TabPFN direct],top_k_next_6m,ObjectiveSpecific[top_k_next_6m][TabPFN direct],2022-02,6,forward_6m_return,target_top_k_next_6m,-0.14887688636575996,-0.10498823459497841,-0.04388865177078155,0.3333333333333333,0.0,3.0,overlapping_horizon_score_to_return,6-month overlapping forward-return diagnostic; not a monthly executable backtest
top_k_next_6m | ObjectiveSpecific[top_k_next_6m][TabPFN direct],top_k_next_6m,ObjectiveSpecific[top_k_next_6m][TabPFN direct],2022-03,6,forward_6m_return,target_top_k_next_6m,-0.17631088039205506,-0.16889367903388203,-0.007417201358173031,0.3333333333333333,0.6666666666666666,3.0,overlapping_horizon_score_to_return,6-month overlapping forward-return diagnostic; not a monthly executable backtest
top_k_next_6m | ObjectiveSpecific[top_k_next_6m][TabPFN direct],top_k_next_6m,ObjectiveSpecific[top_k_next_6m][TabPFN direct],2022-04,6,forward_6m_return,target_top_k_next_6m,-0.09048824275075695,-0.04774174580134573,-0.042746496949411225,0.0,0.6666666666666666,3.0,overlapping_horizon_score_to_return,6-month overlapping forward-return diagnostic; not a monthly executable backtest
top_k_next_6m | ObjectiveSpecific[top_k_next_6m][TabPFN direct],top_k_next_6m,ObjectiveSpecific[top_k_next_6m][TabPFN direct],2022-05,6,forward_6m_return,target_top_k_next_6m,-0.04077176959963835,-0.019689010471046254,-0.0210827591285921,0.0,0.0,3.0,overlapping_horizon_score_to_return,6-month overlapping forward-return diagnostic; not a monthly executable backtest
top_k_next_6m | ObjectiveSpecific[top_k_next_6m][TabPFN direct],top_k_next_6m,ObjectiveSpecific[top_k_next_6m][TabPFN direct],2022-06,6,forward_6m_return,target_top_k_next_6m,-0.019055612856161898,0.03190225667657411,-0.05095786953273601,0.0,0.0,3.0,overlapping_horizon_score_to_return,6-month overlapping forward-return diagnostic; not a monthly executable backtest
top_k_next_6m | ObjectiveSpecific[top_k_next_6m][TabPFN direct],top_k_next_6m,ObjectiveSpecific[top_k_next_6m][TabPFN direct],2022-07,6,forward_6m_return,target_top_k_next_6m,-0.004797406516869478,0.038757675959309165,-0.04355508247617865,0.0,0.0,3.0,overlapping_horizon_score_to_return,6-month overlapping forward-return diagnostic; not a monthly executable backtest
top_k_next_6m | ObjectiveSpecific[top_k_next_6m][TabPFN direct],top_k_next_6m,ObjectiveSpecific[top_k_next_6m][TabPFN direct],2022-08,6,forward_6m_return,target_top_k_next_6m,0.011840086417984728,0.03715952529292861,-0.02531943887494388,0.3333333333333333,0.0,3.0,overlapping_horizon_score_to_return,6-month overlapping forward-return diagnostic; not a monthly executable backtest
top_k_next_6m | ObjectiveSpecific[top_k_next_6m][TabPFN direct],top_k_next_6m,ObjectiveSpecific[top_k_next_6m][TabPFN direct],2022-09,6,forward_6m_return,target_top_k_next_6m,0.08391341854576757,0.13137602408872032,-0.04746260554295274,0.3333333333333333,0.6666666666666666,3.0,overlapping_horizon_score_to_return,6-month overlapping forward-return diagnostic; not a monthly executable backtest
top_k_next_6m | ObjectiveSpecific[top_k_next_6m][TabPFN direct],top_k_next_6m,ObjectiveSpecific[top_k_next_6m][TabPFN direct],2022-10,6,forward_6m_return,target_top_k_next_6m,0.12119552785954016,0.08083339086476406,0.0403621369947761,0.3333333333333333,0.0,3.0,overlapping_horizon_score_to_return,6-month overlapping forward-return diagnostic; not a monthly executable backtest
top_k_next_6m | ObjectiveSpecific[top_k_next_6m][TabPFN direct],top_k_next_6m,ObjectiveSpecific[top_k_next_6m][TabPFN direct],2022-11,6,forward_6m_return,target_top_k_next_6m,0.09952294723338717,0.004818195277581571,0.0947047519558056,0.6666666666666666,0.6666666666666666,3.0,overlapping_horizon_score_to_return,6-month overlapping forward-return diagnostic; not a monthly executable backtest
top_k_next_6m | ObjectiveSpecific[top_k_next_6m][TabPFN direct],top_k_next_6m,ObjectiveSpecific[top_k_next_6m][TabPFN direct],2022-12,6,forward_6m_return,target_top_k_next_6m,0.14378453676794356,0.07877715947732866,0.0650073772906149,0.3333333333333333,0.0,3.0,overlapping_horizon_score_to_return,6-month overlapping forward-return diagnostic; not a monthly executable backtest
top_k_next_6m | ObjectiveSpecific[top_k_next_6m][TabPFN direct],top_k_next_6m,ObjectiveSpecific[top_k_next_6m][TabPFN direct],2023-01,6,forward_6m_return,target_top_k_next_6m,0.0932629166963006,0.04226619542722182,0.05099672126907878,0.3333333333333333,0.0,3.0,overlapping_horizon_score_to_return,6-month overlapping forward-return diagnostic; not a monthly executable backtest
top_k_next_6m | ObjectiveSpecific[top_k_next_6m][TabPFN direct],top_k_next_6m,ObjectiveSpecific[top_k_next_6m][TabPFN direct],2023-02,6,forward_6m_return,target_top_k_next_6m,0.10807987715278478,0.06525835427044747,0.0428215228823373,0.3333333333333333,0.6666666666666666,3.0,overlapping_horizon_score_to_return,6-month overlapping forward-return diagnostic; not a monthly executable backtest
top_k_next_6m | ObjectiveSpecific[top_k_next_6m][TabPFN direct],top_k_next_6m,ObjectiveSpecific[top_k_next_6m][TabPFN direct],2023-03,6,forward_6m_return,target_top_k_next_6m,-0.03422543937521605,-0.008346525426850538,-0.02587891394836551,0.3333333333333333,0.0,3.0,overlapping_horizon_score_to_return,6-month overlapping forward-return diagnostic; not a monthly executable backtest
top_k_next_6m | ObjectiveSpecific[top_k_next_6m][TabPFN direct],top_k_next_6m,ObjectiveSpecific[top_k_next_6m][TabPFN direct],2023-04,6,forward_6m_return,target_top_k_next_6m,-0.03461589762504658,-0.03270158335809733,-0.0019143142669492477,0.3333333333333333,0.0,3.0,overlapping_horizon_score_to_return,6-month overlapping forward-return diagnostic; not a monthly executable backtest
top_k_next_6m | ObjectiveSpecific[top_k_next_6m][TabPFN direct],top_k_next_6m,ObjectiveSpecific[top_k_next_6m][TabPFN direct],2023-05,6,forward_6m_return,target_top_k_next_6m,0.01713263914102011,0.04751008169627996,-0.03037744255525985,0.3333333333333333,0.0,3.0,overlapping_horizon_score_to_return,6-month overlapping forward-return diagnostic; not a monthly executable backtest
top_k_next_6m | ObjectiveSpecific[top_k_next_6m][TabPFN direct],top_k_next_6m,ObjectiveSpecific[top_k_next_6m][TabPFN direct],2023-06,6,forward_6m_return,target_top_k_next_6m,0.06169292093243172,0.05422013324884979,0.007472787683581929,0.3333333333333333,0.6666666666666666,3.0,overlapping_horizon_score_to_return,6-month overlapping forward-return diagnostic; not a monthly executable backtest
top_k_next_6m | ObjectiveSpecific[top_k_next_6m][TabPFN direct],top_k_next_6m,ObjectiveSpecific[top_k_next_6m][TabPFN direct],2023-07,6,forward_6m_return,target_top_k_next_6m,0.06053348249921564,0.03143786345373413,0.02909561904548151,0.3333333333333333,0.0,3.0,overlapping_horizon_score_to_return,6-month overlapping forward-return diagnostic; not a monthly executable backtest
top_k_next_6m | ObjectiveSpecific[top_k_next_6m][TabPFN direct],top_k_next_6m,ObjectiveSpecific[top_k_next_6m][TabPFN direct],2023-08,6,forward_6m_return,target_top_k_next_6m,0.0739667787229364,0.07136982591960415,0.0025969528033322475,0.3333333333333333,0.0,3.0,overlapping_horizon_score_to_return,6-month overlapping forward-return diagnostic; not a monthly executable backtest
top_k_next_6m | ObjectiveSpecific[top_k_next_6m][TabPFN direct],top_k_next_6m,ObjectiveSpecific[top_k_next_6m][TabPFN direct],2023-09,6,forward_6m_return,target_top_k_next_6m,0.17431376522574343,0.16882466180687913,0.0054891034188642995,0.3333333333333333,0.0,3.0,overlapping_horizon_score_to_return,6-month overlapping forward-return diagnostic; not a monthly executable backtest
top_k_next_6m | ObjectiveSpecific[top_k_next_6m][TabPFN direct],top_k_next_6m,ObjectiveSpecific[top_k_next_6m][TabPFN direct],2023-10,6,forward_6m_return,target_top_k_next_6m,0.14690894617379957,0.15511905650144464,-0.00821011032764507,0.3333333333333333,0.6666666666666666,3.0,overlapping_horizon_score_to_return,6-month overlapping forward-return diagnostic; not a monthly executable backtest
top_k_next_6m | ObjectiveSpecific[top_k_next_6m][TabPFN direct],top_k_next_6m,ObjectiveSpecific[top_k_next_6m][TabPFN direct],2023-11,6,forward_6m_return,target_top_k_next_6m,0.1109716098538025,0.12080703584335348,-0.009835425989550978,0.3333333333333333,0.0,3.0,overlapping_horizon_score_to_return,6-month overlapping forward-return diagnostic; not a monthly executable backtest
top_k_next_6m | ObjectiveSpecific[top_k_next_6m][TabPFN direct],top_k_next_6m,ObjectiveSpecific[top_k_next_6m][TabPFN direct],2023-12,6,forward_6m_return,target_top_k_next_6m,0.08316358265650554,0.07965449604858489,0.003509086607920653,0.6666666666666666,0.0,3.0,overlapping_horizon_score_to_return,6-month overlapping forward-return diagnostic; not a monthly executable backtest
top_k_next_6m | ObjectiveSpecific[top_k_next_6m][TabPFN direct],top_k_next_6m,ObjectiveSpecific[top_k_next_6m][TabPFN direct],2024-01,6,forward_6m_return,target_top_k_next_6m,0.10704530706505884,0.10966620716734561,-0.0026209001022867717,0.3333333333333333,0.0,3.0,overlapping_horizon_score_to_return,6-month overlapping forward-return diagnostic; not a monthly executable backtest
top_k_next_6m | ObjectiveSpecific[top_k_next_6m][TabPFN direct],top_k_next_6m,ObjectiveSpecific[top_k_next_6m][TabPFN direct],2024-02,6,forward_6m_return,target_top_k_next_6m,0.11826165198587302,0.09361049358220637,0.024651158403666648,0.3333333333333333,0.0,3.0,overlapping_horizon_score_to_return,6-month overlapping forward-return diagnostic; not a monthly executable backtest
top_k_next_6m | ObjectiveSpecific[top_k_next_6m][TabPFN direct],top_k_next_6m,ObjectiveSpecific[top_k_next_6m][TabPFN direct],2024-03,6,forward_6m_return,target_top_k_next_6m,0.11255119066273012,0.077754306009929,0.03479688465280112,0.3333333333333333,0.6666666666666666,3.0,overlapping_horizon_score_to_return,6-month overlapping forward-return diagnostic; not a monthly executable backtest
top_k_next_6m | ObjectiveSpecific[top_k_next_6m][TabPFN direct],top_k_next_6m,ObjectiveSpecific[top_k_next_6m][TabPFN direct],2024-04,6,forward_6m_return,target_top_k_next_6m,0.14772566974279464,0.10216572480688826,0.04555994493590637,0.6666666666666666,0.6666666666666666,3.0,overlapping_horizon_score_to_return,6-month overlapping forward-return diagnostic; not a monthly executable backtest
top_k_next_6m | ObjectiveSpecific[top_k_next_6m][TabPFN direct],top_k_next_6m,ObjectiveSpecific[top_k_next_6m][TabPFN direct],2024-05,6,forward_6m_return,target_top_k_next_6m,0.09984443708517038,0.09782411360907259,0.0020203234760977906,0.0,0.6666666666666666,3.0,overlapping_horizon_score_to_return,6-month overlapping forward-return diagnostic; not a monthly executable backtest
top_k_next_6m | ObjectiveSpecific[top_k_next_6m][TabPFN direct],top_k_next_6m,ObjectiveSpecific[top_k_next_6m][TabPFN direct],2024-06,6,forward_6m_return,target_top_k_next_6m,0.07521284086569327,0.05157437639087646,0.02363846447481681,0.3333333333333333,0.0,3.0,overlapping_horizon_score_to_return,6-month overlapping forward-return diagnostic; not a monthly executable backtest
top_k_next_6m | ObjectiveSpecific[top_k_next_6m][TabPFN direct],top_k_next_6m,ObjectiveSpecific[top_k_next_6m][TabPFN direct],2024-07,6,forward_6m_return,target_top_k_next_6m,0.012159354294417907,0.03674599091982535,-0.02458663662540744,0.3333333333333333,0.6666666666666666,3.0,overlapping_horizon_score_to_return,6-month overlapping forward-return diagnostic; not a monthly executable backtest
top_k_next_6m | ObjectiveSpecific[top_k_next_6m][TabPFN direct],top_k_next_6m,ObjectiveSpecific[top_k_next_6m][TabPFN direct],2024-08,6,forward_6m_return,target_top_k_next_6m,0.07544515146958652,0.04904021104912389,0.02640494042046263,0.6666666666666666,0.6666666666666666,3.0,overlapping_horizon_score_to_return,6-month overlapping forward-return diagnostic; not a monthly executable backtest
top_k_next_6m | ObjectiveSpecific[top_k_next_6m][TabPFN direct],top_k_next_6m,ObjectiveSpecific[top_k_next_6m][TabPFN direct],2024-09,6,forward_6m_return,target_top_k_next_6m,0.04223525904089294,0.010902010947950114,0.03133324809294283,0.3333333333333333,0.0,3.0,overlapping_horizon_score_to_return,6-month overlapping forward-return diagnostic; not a monthly executable backtest
top_k_next_6m | ObjectiveSpecific[top_k_next_6m][TabPFN direct],top_k_next_6m,ObjectiveSpecific[top_k_next_6m][TabPFN direct],2024-10,6,forward_6m_return,target_top_k_next_6m,0.0678521360321139,0.010798005505983744,0.05705413052613016,0.3333333333333333,0.0,3.0,overlapping_horizon_score_to_return,6-month overlapping forward-return diagnostic; not a monthly executable backtest
top_k_next_6m | ObjectiveSpecific[top_k_next_6m][TabPFN direct],top_k_next_6m,ObjectiveSpecific[top_k_next_6m][TabPFN direct],2024-11,6,forward_6m_return,target_top_k_next_6m,0.09764145575017029,0.01481359240546699,0.0828278633447033,0.3333333333333333,0.0,3.0,overlapping_horizon_score_to_return,6-month overlapping forward-return diagnostic; not a monthly executable backtest
top_k_next_6m | ObjectiveSpecific[top_k_next_6m][TabPFN direct],top_k_next_6m,ObjectiveSpecific[top_k_next_6m][TabPFN direct],2024-12,6,forward_6m_return,target_top_k_next_6m,0.12825786729597213,0.08755260421742209,0.04070526307855005,0.3333333333333333,0.0,3.0,overlapping_horizon_score_to_return,6-month overlapping forward-return diagnostic; not a monthly executable backtest
top_k_next_6m | ObjectiveSpecific[top_k_next_6m][TabPFN direct],top_k_next_6m,ObjectiveSpecific[top_k_next_6m][TabPFN direct],2025-01,6,forward_6m_return,target_top_k_next_6m,0.1081699805701511,0.07145067289410181,0.03671930767604929,0.3333333333333333,0.0,3.0,overlapping_horizon_score_to_return,6-month overlapping forward-return diagnostic; not a monthly executable backtest
top_k_next_6m | ObjectiveSpecific[top_k_next_6m][TabPFN direct],top_k_next_6m,ObjectiveSpecific[top_k_next_6m][TabPFN direct],2025-02,6,forward_6m_return,target_top_k_next_6m,0.11270888940836542,0.0740436919387153,0.03866519746965012,0.3333333333333333,0.0,3.0,overlapping_horizon_score_to_return,6-month overlapping forward-return diagnostic; not a monthly executable backtest
top_k_next_6m | ObjectiveSpecific[top_k_next_6m][TabPFN direct],top_k_next_6m,ObjectiveSpecific[top_k_next_6m][TabPFN direct],2025-03,6,forward_6m_return,target_top_k_next_6m,0.18283765544335462,0.1424852193691071,0.040352436074247516,0.6666666666666666,0.0,3.0,overlapping_horizon_score_to_return,6-month overlapping forward-return diagnostic; not a monthly executable backtest
top_k_next_6m | ObjectiveSpecific[top_k_next_6m][TabPFN direct],top_k_next_6m,ObjectiveSpecific[top_k_next_6m][TabPFN direct],2025-04,6,forward_6m_return,target_top_k_next_6m,0.20729982533786076,0.17233242704381527,0.03496739829404549,0.6666666666666666,0.6666666666666666,3.0,overlapping_horizon_score_to_return,6-month overlapping forward-return diagnostic; not a monthly executable backtest
top_k_next_6m | ObjectiveSpecific[top_k_next_6m][TabPFN direct],top_k_next_6m,ObjectiveSpecific[top_k_next_6m][TabPFN direct],2025-05,6,forward_6m_return,target_top_k_next_6m,0.10100583092140575,0.1376998968675988,-0.03669406594619304,0.0,0.6666666666666666,3.0,overlapping_horizon_score_to_return,6-month overlapping forward-return diagnostic; not a monthly executable backtest
top_k_next_6m | ObjectiveSpecific[top_k_next_6m][TabPFN direct],top_k_next_6m,ObjectiveSpecific[top_k_next_6m][TabPFN direct],2025-06,6,forward_6m_return,target_top_k_next_6m,0.05767169566321913,0.11632951345399481,-0.05865781779077568,0.0,0.0,3.0,overlapping_horizon_score_to_return,6-month overlapping forward-return diagnostic; not a monthly executable backtest
top_k_next_6m | ObjectiveSpecific[top_k_next_6m][TabPFN direct],top_k_next_6m,ObjectiveSpecific[top_k_next_6m][TabPFN direct],2025-07,6,forward_6m_return,target_top_k_next_6m,0.049448490499421606,0.14833670258499349,-0.09888821208557189,0.0,0.0,3.0,overlapping_horizon_score_to_return,6-month overlapping forward-return diagnostic; not a monthly executable backtest
top_k_next_6m | ObjectiveSpecific[top_k_next_6m][TabPFN direct],top_k_next_6m,ObjectiveSpecific[top_k_next_6m][TabPFN direct],2025-08,6,forward_6m_return,target_top_k_next_6m,0.06084424295815563,0.1560665539487492,-0.09522231099059356,0.0,0.0,3.0,overlapping_horizon_score_to_return,6-month overlapping forward-return diagnostic; not a monthly executable backtest
top_k_next_6m | ObjectiveSpecific[top_k_next_6m][TabPFN direct],top_k_next_6m,ObjectiveSpecific[top_k_next_6m][TabPFN direct],2025-09,6,forward_6m_return,target_top_k_next_6m,-0.011405876651210511,0.06750246559984471,-0.07890834225105522,0.0,0.0,3.0,overlapping_horizon_score_to_return,6-month overlapping forward-return diagnostic; not a monthly executable backtest
top_k_next_6m | ObjectiveSpecific[top_k_next_6m][TabPFN direct],top_k_next_6m,ObjectiveSpecific[top_k_next_6m][TabPFN direct],2025-10,6,forward_6m_return,target_top_k_next_6m,0.1391337807021798,0.10049962781128818,0.038634152890891615,0.3333333333333333,0.6666666666666666,3.0,overlapping_horizon_score_to_return,6-month overlapping forward-return diagnostic; not a monthly executable backtest
top_k_next_6m | ObjectiveSpecific[top_k_next_6m][TabPFN direct] Calibration Base,top_k_next_6m,ObjectiveSpecific[top_k_next_6m][TabPFN direct] Calibration Base,2020-01,6,forward_6m_return,target_top_k_next_6m,-0.05157187997222342,0.01628525231601622,-0.06785713228823964,0.3333333333333333,1.0,3.0,overlapping_horizon_score_to_return,6-month overlapping forward-return diagnostic; not a monthly executable backtest
top_k_next_6m | ObjectiveSpecific[top_k_next_6m][TabPFN direct] Calibration Base,top_k_next_6m,ObjectiveSpecific[top_k_next_6m][TabPFN direct] Calibration Base,2020-02,6,forward_6m_return,target_top_k_next_6m,0.09367935255859114,0.09242740072577746,0.0012519518328136803,0.3333333333333333,0.0,3.0,overlapping_horizon_score_to_return,6-month overlapping forward-return diagnostic; not a monthly executable backtest
top_k_next_6m | ObjectiveSpecific[top_k_next_6m][TabPFN direct] Calibration Base,top_k_next_6m,ObjectiveSpecific[top_k_next_6m][TabPFN direct] Calibration Base,2020-03,6,forward_6m_return,target_top_k_next_6m,0.2841336406529402,0.24050222187160855,0.04363141878133167,0.3333333333333333,0.6666666666666666,3.0,overlapping_horizon_score_to_return,6-month overlapping forward-return diagnostic; not a monthly executable backtest
top_k_next_6m | ObjectiveSpecific[top_k_next_6m][TabPFN direct] Calibration Base,top_k_next_6m,ObjectiveSpecific[top_k_next_6m][TabPFN direct] Calibration Base,2020-04,6,forward_6m_return,target_top_k_next_6m,0.1498327206640782,0.10418168155343888,0.045651039110639335,0.6666666666666666,1.3333333333333333,3.0,overlapping_horizon_score_to_return,6-month overlapping forward-return diagnostic; not a monthly executable backtest
top_k_next_6m | ObjectiveSpecific[top_k_next_6m][TabPFN direct] Calibration Base,top_k_next_6m,ObjectiveSpecific[top_k_next_6m][TabPFN direct] Calibration Base,2020-05,6,forward_6m_return,target_top_k_next_6m,0.20456477092621497,0.16016355789357284,0.044401213032642134,0.6666666666666666,0.0,3.0,overlapping_horizon_score_to_return,6-month overlapping forward-return diagnostic; not a monthly executable backtest
top_k_next_6m | ObjectiveSpecific[top_k_next_6m][TabPFN direct] Calibration Base,top_k_next_6m,ObjectiveSpecific[top_k_next_6m][TabPFN direct] Calibration Base,2020-06,6,forward_6m_return,target_top_k_next_6m,0.1767805980511246,0.18123914945283864,-0.004458551401714056,0.3333333333333333,0.6666666666666666,3.0,overlapping_horizon_score_to_return,6-month overlapping forward-return diagnostic; not a monthly executable backtest
top_k_next_6m | ObjectiveSpecific[top_k_next_6m][TabPFN direct] Calibration Base,top_k_next_6m,ObjectiveSpecific[top_k_next_6m][TabPFN direct] Calibration Base,2020-07,6,forward_6m_return,target_top_k_next_6m,0.1682037465370014,0.13797615285360254,0.030227593683398862,0.3333333333333333,0.6666666666666666,3.0,overlapping_horizon_score_to_return,6-month overlapping forward-return diagnostic; not a monthly executable backtest
top_k_next_6m | ObjectiveSpecific[top_k_next_6m][TabPFN direct] Calibration Base,top_k_next_6m,ObjectiveSpecific[top_k_next_6m][TabPFN direct] Calibration Base,2020-08,6,forward_6m_return,target_top_k_next_6m,0.13323548588177558,0.14983500839146488,-0.016599522509689296,0.3333333333333333,0.0,3.0,overlapping_horizon_score_to_return,6-month overlapping forward-return diagnostic; not a monthly executable backtest
top_k_next_6m | ObjectiveSpecific[top_k_next_6m][TabPFN direct] Calibration Base,top_k_next_6m,ObjectiveSpecific[top_k_next_6m][TabPFN direct] Calibration Base,2020-09,6,forward_6m_return,target_top_k_next_6m,0.35087471093698086,0.20644441375510064,0.14443029718188022,0.6666666666666666,0.6666666666666666,3.0,overlapping_horizon_score_to_return,6-month overlapping forward-return diagnostic; not a monthly executable backtest
top_k_next_6m | ObjectiveSpecific[top_k_next_6m][TabPFN direct] Calibration Base,top_k_next_6m,ObjectiveSpecific[top_k_next_6m][TabPFN direct] Calibration Base,2020-10,6,forward_6m_return,target_top_k_next_6m,0.3111105858918047,0.25493539410723426,0.05617519178457042,0.3333333333333333,0.6666666666666666,3.0,overlapping_horizon_score_to_return,6-month overlapping forward-return diagnostic; not a monthly executable backtest
top_k_next_6m | ObjectiveSpecific[top_k_next_6m][TabPFN direct] Calibration Base,top_k_next_6m,ObjectiveSpecific[top_k_next_6m][TabPFN direct] Calibration Base,2020-11,6,forward_6m_return,target_top_k_next_6m,0.13730017772539133,0.15128038501239993,-0.013980207287008606,0.3333333333333333,0.6666666666666666,3.0,overlapping_horizon_score_to_return,6-month overlapping forward-return diagnostic; not a monthly executable backtest
top_k_next_6m | ObjectiveSpecific[top_k_next_6m][TabPFN direct] Calibration Base,top_k_next_6m,ObjectiveSpecific[top_k_next_6m][TabPFN direct] Calibration Base,2020-12,6,forward_6m_return,target_top_k_next_6m,0.07502115569270984,0.1110881613572555,-0.036067005664545654,0.3333333333333333,0.6666666666666666,3.0,overlapping_horizon_score_to_return,6-month overlapping forward-return diagnostic; not a monthly executable backtest
top_k_next_6m | ObjectiveSpecific[top_k_next_6m][TabPFN direct] Calibration Base,top_k_next_6m,ObjectiveSpecific[top_k_next_6m][TabPFN direct] Calibration Base,2021-01,6,forward_6m_return,target_top_k_next_6m,0.03829076655072131,0.09744228828245814,-0.05915152173173683,0.0,0.6666666666666666,3.0,overlapping_horizon_score_to_return,6-month overlapping forward-return diagnostic; not a monthly executable backtest
top_k_next_6m | ObjectiveSpecific[top_k_next_6m][TabPFN direct] Calibration Base,top_k_next_6m,ObjectiveSpecific[top_k_next_6m][TabPFN direct] Calibration Base,2021-02,6,forward_6m_return,target_top_k_next_6m,0.10285097431769714,0.07718112307303507,0.025669851244662076,0.3333333333333333,0.0,3.0,overlapping_horizon_score_to_return,6-month overlapping forward-return diagnostic; not a monthly executable backtest
top_k_next_6m | ObjectiveSpecific[top_k_next_6m][TabPFN direct] Calibration Base,top_k_next_6m,ObjectiveSpecific[top_k_next_6m][TabPFN direct] Calibration Base,2021-03,6,forward_6m_return,target_top_k_next_6m,0.06617859112441356,0.04807993488702681,0.018098656237386747,0.3333333333333333,0.0,3.0,overlapping_horizon_score_to_return,6-month overlapping forward-return diagnostic; not a monthly executable backtest
top_k_next_6m | ObjectiveSpecific[top_k_next_6m][TabPFN direct] Calibration Base,top_k_next_6m,ObjectiveSpecific[top_k_next_6m][TabPFN direct] Calibration Base,2021-04,6,forward_6m_return,target_top_k_next_6m,0.06670948565955244,0.06198386367696539,0.004725621982587053,0.3333333333333333,0.0,3.0,overlapping_horizon_score_to_return,6-month overlapping forward-return diagnostic; not a monthly executable backtest
top_k_next_6m | ObjectiveSpecific[top_k_next_6m][TabPFN direct] Calibration Base,top_k_next_6m,ObjectiveSpecific[top_k_next_6m][TabPFN direct] Calibration Base,2021-05,6,forward_6m_return,target_top_k_next_6m,0.07468416969652195,0.02675843193748346,0.04792573775903848,0.6666666666666666,0.0,3.0,overlapping_horizon_score_to_return,6-month overlapping forward-return diagnostic; not a monthly executable backtest
top_k_next_6m | ObjectiveSpecific[top_k_next_6m][TabPFN direct] Calibration Base,top_k_next_6m,ObjectiveSpecific[top_k_next_6m][TabPFN direct] Calibration Base,2021-06,6,forward_6m_return,target_top_k_next_6m,0.05579679465450186,0.02925419978114697,0.026542594873354888,0.3333333333333333,0.0,3.0,overlapping_horizon_score_to_return,6-month overlapping forward-return diagnostic; not a monthly executable backtest
top_k_next_6m | ObjectiveSpecific[top_k_next_6m][TabPFN direct] Calibration Base,top_k_next_6m,ObjectiveSpecific[top_k_next_6m][TabPFN direct] Calibration Base,2021-07,6,forward_6m_return,target_top_k_next_6m,-0.015917596851628968,0.021308330542899136,-0.037225927394528104,0.0,0.0,3.0,overlapping_horizon_score_to_return,6-month overlapping forward-return diagnostic; not a monthly executable backtest
top_k_next_6m | ObjectiveSpecific[top_k_next_6m][TabPFN direct] Calibration Base,top_k_next_6m,ObjectiveSpecific[top_k_next_6m][TabPFN direct] Calibration Base,2021-08,6,forward_6m_return,target_top_k_next_6m,-0.08266969521777148,0.006384677160452823,-0.0890543723782243,0.0,0.6666666666666666,3.0,overlapping_horizon_score_to_return,6-month overlapping forward-return diagnostic; not a monthly executable backtest
top_k_next_6m | ObjectiveSpecific[top_k_next_6m][TabPFN direct] Calibration Base,top_k_next_6m,ObjectiveSpecific[top_k_next_6m][TabPFN direct] Calibration Base,2021-09,6,forward_6m_return,target_top_k_next_6m,-0.03790162907513276,0.035577209790009154,-0.07347883886514192,0.0,0.6666666666666666,3.0,overlapping_horizon_score_to_return,6-month overlapping forward-return diagnostic; not a monthly executable backtest
top_k_next_6m | ObjectiveSpecific[top_k_next_6m][TabPFN direct] Calibration Base,top_k_next_6m,ObjectiveSpecific[top_k_next_6m][TabPFN direct] Calibration Base,2021-10,6,forward_6m_return,target_top_k_next_6m,-0.1580001227542861,-0.08422971437577598,-0.07377040837851012,0.0,0.6666666666666666,3.0,overlapping_horizon_score_to_return,6-month overlapping forward-return diagnostic; not a monthly executable backtest
top_k_next_6m | ObjectiveSpecific[top_k_next_6m][TabPFN direct] Calibration Base,top_k_next_6m,ObjectiveSpecific[top_k_next_6m][TabPFN direct] Calibration Base,2021-11,6,forward_6m_return,target_top_k_next_6m,-0.17751711981290585,-0.041661400665463956,-0.1358557191474419,0.0,0.0,3.0,overlapping_horizon_score_to_return,6-month overlapping forward-return diagnostic; not a monthly executable backtest
top_k_next_6m | ObjectiveSpecific[top_k_next_6m][TabPFN direct] Calibration Base,top_k_next_6m,ObjectiveSpecific[top_k_next_6m][TabPFN direct] Calibration Base,2021-12,6,forward_6m_return,target_top_k_next_6m,-0.1698703747838356,-0.13011771817925644,-0.03975265660457916,0.3333333333333333,0.6666666666666666,3.0,overlapping_horizon_score_to_return,6-month overlapping forward-return diagnostic; not a monthly executable backtest
top_k_next_6m | ObjectiveSpecific[top_k_next_6m][TabPFN direct] Calibration Base,top_k_next_6m,ObjectiveSpecific[top_k_next_6m][TabPFN direct] Calibration Base,2022-01,6,forward_6m_return,target_top_k_next_6m,-0.10611694912102645,-0.07786086196116662,-0.028256087159859833,0.3333333333333333,0.0,3.0,overlapping_horizon_score_to_return,6-month overlapping forward-return diagnostic; not a monthly executable backtest
top_k_next_6m | ObjectiveSpecific[top_k_next_6m][TabPFN direct] Calibration Base,top_k_next_6m,ObjectiveSpecific[top_k_next_6m][TabPFN direct] Calibration Base,2022-02,6,forward_6m_return,target_top_k_next_6m,-0.15478265818887674,-0.10498823459497841,-0.049794423593898324,0.0,0.0,3.0,overlapping_horizon_score_to_return,6-month overlapping forward-return diagnostic; not a monthly executable backtest
top_k_next_6m | ObjectiveSpecific[top_k_next_6m][TabPFN direct] Calibration Base,top_k_next_6m,ObjectiveSpecific[top_k_next_6m][TabPFN direct] Calibration Base,2022-03,6,forward_6m_return,target_top_k_next_6m,-0.13586720644260875,-0.16889367903388203,0.03302647259127328,0.6666666666666666,0.6666666666666666,3.0,overlapping_horizon_score_to_return,6-month overlapping forward-return diagnostic; not a monthly executable backtest
top_k_next_6m | ObjectiveSpecific[top_k_next_6m][TabPFN direct] Calibration Base,top_k_next_6m,ObjectiveSpecific[top_k_next_6m][TabPFN direct] Calibration Base,2022-04,6,forward_6m_return,target_top_k_next_6m,-0.11267189493405771,-0.04774174580134573,-0.06493014913271199,0.0,0.0,3.0,overlapping_horizon_score_to_return,6-month overlapping forward-return diagnostic; not a monthly executable backtest
top_k_next_6m | ObjectiveSpecific[top_k_next_6m][TabPFN direct] Calibration Base,top_k_next_6m,ObjectiveSpecific[top_k_next_6m][TabPFN direct] Calibration Base,2022-05,6,forward_6m_return,target_top_k_next_6m,-0.059582044053424266,-0.019689010471046254,-0.039893033582378015,0.0,0.0,3.0,overlapping_horizon_score_to_return,6-month overlapping forward-return diagnostic; not a monthly executable backtest
top_k_next_6m | ObjectiveSpecific[top_k_next_6m][TabPFN direct] Calibration Base,top_k_next_6m,ObjectiveSpecific[top_k_next_6m][TabPFN direct] Calibration Base,2022-06,6,forward_6m_return,target_top_k_next_6m,-0.04348222282601062,0.03190225667657411,-0.07538447950258473,0.0,0.0,3.0,overlapping_horizon_score_to_return,6-month overlapping forward-return diagnostic; not a monthly executable backtest
top_k_next_6m | ObjectiveSpecific[top_k_next_6m][TabPFN direct] Calibration Base,top_k_next_6m,ObjectiveSpecific[top_k_next_6m][TabPFN direct] Calibration Base,2022-07,6,forward_6m_return,target_top_k_next_6m,-0.011452708308429298,0.038757675959309165,-0.05021038426773847,0.0,0.0,3.0,overlapping_horizon_score_to_return,6-month overlapping forward-return diagnostic; not a monthly executable backtest
top_k_next_6m | ObjectiveSpecific[top_k_next_6m][TabPFN direct] Calibration Base,top_k_next_6m,ObjectiveSpecific[top_k_next_6m][TabPFN direct] Calibration Base,2022-08,6,forward_6m_return,target_top_k_next_6m,-0.008592390638997343,0.03715952529292861,-0.04575191593192596,0.3333333333333333,0.0,3.0,overlapping_horizon_score_to_return,6-month overlapping forward-return diagnostic; not a monthly executable backtest
top_k_next_6m | ObjectiveSpecific[top_k_next_6m][TabPFN direct] Calibration Base,top_k_next_6m,ObjectiveSpecific[top_k_next_6m][TabPFN direct] Calibration Base,2022-09,6,forward_6m_return,target_top_k_next_6m,0.08391341854576757,0.13137602408872032,-0.04746260554295274,0.3333333333333333,0.0,3.0,overlapping_horizon_score_to_return,6-month overlapping forward-return diagnostic; not a monthly executable backtest
top_k_next_6m | ObjectiveSpecific[top_k_next_6m][TabPFN direct] Calibration Base,top_k_next_6m,ObjectiveSpecific[top_k_next_6m][TabPFN direct] Calibration Base,2022-10,6,forward_6m_return,target_top_k_next_6m,0.12119552785954016,0.08083339086476406,0.0403621369947761,0.3333333333333333,0.0,3.0,overlapping_horizon_score_to_return,6-month overlapping forward-return diagnostic; not a monthly executable backtest
top_k_next_6m | ObjectiveSpecific[top_k_next_6m][TabPFN direct] Calibration Base,top_k_next_6m,ObjectiveSpecific[top_k_next_6m][TabPFN direct] Calibration Base,2022-11,6,forward_6m_return,target_top_k_next_6m,0.04214730292932756,0.004818195277581571,0.037329107651745984,0.3333333333333333,0.0,3.0,overlapping_horizon_score_to_return,6-month overlapping forward-return diagnostic; not a monthly executable backtest
top_k_next_6m | ObjectiveSpecific[top_k_next_6m][TabPFN direct] Calibration Base,top_k_next_6m,ObjectiveSpecific[top_k_next_6m][TabPFN direct] Calibration Base,2022-12,6,forward_6m_return,target_top_k_next_6m,0.02391094972717367,0.07877715947732866,-0.05486620975015499,0.0,0.0,3.0,overlapping_horizon_score_to_return,6-month overlapping forward-return diagnostic; not a monthly executable backtest
top_k_next_6m | ObjectiveSpecific[top_k_next_6m][TabPFN direct] Calibration Base,top_k_next_6m,ObjectiveSpecific[top_k_next_6m][TabPFN direct] Calibration Base,2023-01,6,forward_6m_return,target_top_k_next_6m,-0.02969429067229723,0.04226619542722182,-0.07196048609951905,0.0,0.0,3.0,overlapping_horizon_score_to_return,6-month overlapping forward-return diagnostic; not a monthly executable backtest
top_k_next_6m | ObjectiveSpecific[top_k_next_6m][TabPFN direct] Calibration Base,top_k_next_6m,ObjectiveSpecific[top_k_next_6m][TabPFN direct] Calibration Base,2023-02,6,forward_6m_return,target_top_k_next_6m,0.10807987715278478,0.06525835427044747,0.0428215228823373,0.3333333333333333,0.6666666666666666,3.0,overlapping_horizon_score_to_return,6-month overlapping forward-return diagnostic; not a monthly executable backtest
top_k_next_6m | ObjectiveSpecific[top_k_next_6m][TabPFN direct] Calibration Base,top_k_next_6m,ObjectiveSpecific[top_k_next_6m][TabPFN direct] Calibration Base,2023-03,6,forward_6m_return,target_top_k_next_6m,-0.03422543937521605,-0.008346525426850538,-0.02587891394836551,0.3333333333333333,0.0,3.0,overlapping_horizon_score_to_return,6-month overlapping forward-return diagnostic; not a monthly executable backtest
top_k_next_6m | ObjectiveSpecific[top_k_next_6m][TabPFN direct] Calibration Base,top_k_next_6m,ObjectiveSpecific[top_k_next_6m][TabPFN direct] Calibration Base,2023-04,6,forward_6m_return,target_top_k_next_6m,-0.03461589762504658,-0.03270158335809733,-0.0019143142669492477,0.3333333333333333,0.0,3.0,overlapping_horizon_score_to_return,6-month overlapping forward-return diagnostic; not a monthly executable backtest
top_k_next_6m | ObjectiveSpecific[top_k_next_6m][TabPFN direct] Calibration Base,top_k_next_6m,ObjectiveSpecific[top_k_next_6m][TabPFN direct] Calibration Base,2023-05,6,forward_6m_return,target_top_k_next_6m,0.01713263914102011,0.04751008169627996,-0.03037744255525985,0.3333333333333333,0.0,3.0,overlapping_horizon_score_to_return,6-month overlapping forward-return diagnostic; not a monthly executable backtest
top_k_next_6m | ObjectiveSpecific[top_k_next_6m][TabPFN direct] Calibration Base,top_k_next_6m,ObjectiveSpecific[top_k_next_6m][TabPFN direct] Calibration Base,2023-06,6,forward_6m_return,target_top_k_next_6m,0.06239270072356909,0.05422013324884979,0.008172567474719297,0.3333333333333333,0.6666666666666666,3.0,overlapping_horizon_score_to_return,6-month overlapping forward-return diagnostic; not a monthly executable backtest
top_k_next_6m | ObjectiveSpecific[top_k_next_6m][TabPFN direct] Calibration Base,top_k_next_6m,ObjectiveSpecific[top_k_next_6m][TabPFN direct] Calibration Base,2023-07,6,forward_6m_return,target_top_k_next_6m,0.0511604075326657,0.03143786345373413,0.01972254407893157,0.3333333333333333,0.6666666666666666,3.0,overlapping_horizon_score_to_return,6-month overlapping forward-return diagnostic; not a monthly executable backtest
top_k_next_6m | ObjectiveSpecific[top_k_next_6m][TabPFN direct] Calibration Base,top_k_next_6m,ObjectiveSpecific[top_k_next_6m][TabPFN direct] Calibration Base,2023-08,6,forward_6m_return,target_top_k_next_6m,0.08230907243843358,0.07136982591960415,0.010939246518829424,0.3333333333333333,0.6666666666666666,3.0,overlapping_horizon_score_to_return,6-month overlapping forward-return diagnostic; not a monthly executable backtest
top_k_next_6m | ObjectiveSpecific[top_k_next_6m][TabPFN direct] Calibration Base,top_k_next_6m,ObjectiveSpecific[top_k_next_6m][TabPFN direct] Calibration Base,2023-09,6,forward_6m_return,target_top_k_next_6m,0.14627552504405897,0.16882466180687913,-0.022549136762820166,0.3333333333333333,0.6666666666666666,3.0,overlapping_horizon_score_to_return,6-month overlapping forward-return diagnostic; not a monthly executable backtest
top_k_next_6m | ObjectiveSpecific[top_k_next_6m][TabPFN direct] Calibration Base,top_k_next_6m,ObjectiveSpecific[top_k_next_6m][TabPFN direct] Calibration Base,2023-10,6,forward_6m_return,target_top_k_next_6m,0.16864921737996452,0.15511905650144464,0.013530160878519881,0.3333333333333333,0.6666666666666666,3.0,overlapping_horizon_score_to_return,6-month overlapping forward-return diagnostic; not a monthly executable backtest
top_k_next_6m | ObjectiveSpecific[top_k_next_6m][TabPFN direct] Calibration Base,top_k_next_6m,ObjectiveSpecific[top_k_next_6m][TabPFN direct] Calibration Base,2023-11,6,forward_6m_return,target_top_k_next_6m,0.13982325140863675,0.12080703584335348,0.019016215565283268,0.3333333333333333,0.0,3.0,overlapping_horizon_score_to_return,6-month overlapping forward-return diagnostic; not a monthly executable backtest
top_k_next_6m | ObjectiveSpecific[top_k_next_6m][TabPFN direct] Calibration Base,top_k_next_6m,ObjectiveSpecific[top_k_next_6m][TabPFN direct] Calibration Base,2023-12,6,forward_6m_return,target_top_k_next_6m,0.13138450355289583,0.07965449604858489,0.051730007504310935,0.6666666666666666,0.0,3.0,overlapping_horizon_score_to_return,6-month overlapping forward-return diagnostic; not a monthly executable backtest
top_k_next_6m | ObjectiveSpecific[top_k_next_6m][TabPFN direct] Calibration Base,top_k_next_6m,ObjectiveSpecific[top_k_next_6m][TabPFN direct] Calibration Base,2024-01,6,forward_6m_return,target_top_k_next_6m,0.08052284715357261,0.10966620716734561,-0.029143360013773004,0.0,0.6666666666666666,3.0,overlapping_horizon_score_to_return,6-month overlapping forward-return diagnostic; not a monthly executable backtest
top_k_next_6m | ObjectiveSpecific[top_k_next_6m][TabPFN direct] Calibration Base,top_k_next_6m,ObjectiveSpecific[top_k_next_6m][TabPFN direct] Calibration Base,2024-02,6,forward_6m_return,target_top_k_next_6m,0.12117923417715269,0.09361049358220637,0.027568740594946323,0.3333333333333333,0.6666666666666666,3.0,overlapping_horizon_score_to_return,6-month overlapping forward-return diagnostic; not a monthly executable backtest
top_k_next_6m | ObjectiveSpecific[top_k_next_6m][TabPFN direct] Calibration Base,top_k_next_6m,ObjectiveSpecific[top_k_next_6m][TabPFN direct] Calibration Base,2024-03,6,forward_6m_return,target_top_k_next_6m,0.1331127413866524,0.077754306009929,0.055358435376723414,0.6666666666666666,0.0,3.0,overlapping_horizon_score_to_return,6-month overlapping forward-return diagnostic; not a monthly executable backtest
top_k_next_6m | ObjectiveSpecific[top_k_next_6m][TabPFN direct] Calibration Base,top_k_next_6m,ObjectiveSpecific[top_k_next_6m][TabPFN direct] Calibration Base,2024-04,6,forward_6m_return,target_top_k_next_6m,0.14772566974279464,0.10216572480688826,0.04555994493590637,0.6666666666666666,0.0,3.0,overlapping_horizon_score_to_return,6-month overlapping forward-return diagnostic; not a monthly executable backtest
top_k_next_6m | ObjectiveSpecific[top_k_next_6m][TabPFN direct] Calibration Base,top_k_next_6m,ObjectiveSpecific[top_k_next_6m][TabPFN direct] Calibration Base,2024-05,6,forward_6m_return,target_top_k_next_6m,0.0966324466236892,0.09782411360907259,-0.0011916669853833939,0.0,0.0,3.0,overlapping_horizon_score_to_return,6-month overlapping forward-return diagnostic; not a monthly executable backtest
top_k_next_6m | ObjectiveSpecific[top_k_next_6m][TabPFN direct] Calibration Base,top_k_next_6m,ObjectiveSpecific[top_k_next_6m][TabPFN direct] Calibration Base,2024-06,6,forward_6m_return,target_top_k_next_6m,0.06752871575006487,0.05157437639087646,0.015954339359188413,0.3333333333333333,0.0,3.0,overlapping_horizon_score_to_return,6-month overlapping forward-return diagnostic; not a monthly executable backtest
top_k_next_6m | ObjectiveSpecific[top_k_next_6m][TabPFN direct] Calibration Base,top_k_next_6m,ObjectiveSpecific[top_k_next_6m][TabPFN direct] Calibration Base,2024-07,6,forward_6m_return,target_top_k_next_6m,0.013618531231430604,0.03674599091982535,-0.023127459688394744,0.3333333333333333,0.6666666666666666,3.0,overlapping_horizon_score_to_return,6-month overlapping forward-return diagnostic; not a monthly executable backtest
top_k_next_6m | ObjectiveSpecific[top_k_next_6m][TabPFN direct] Calibration Base,top_k_next_6m,ObjectiveSpecific[top_k_next_6m][TabPFN direct] Calibration Base,2024-08,6,forward_6m_return,target_top_k_next_6m,0.0878466379508942,0.04904021104912389,0.03880642690177031,0.6666666666666666,0.6666666666666666,3.0,overlapping_horizon_score_to_return,6-month overlapping forward-return diagnostic; not a monthly executable backtest
top_k_next_6m | ObjectiveSpecific[top_k_next_6m][TabPFN direct] Calibration Base,top_k_next_6m,ObjectiveSpecific[top_k_next_6m][TabPFN direct] Calibration Base,2024-09,6,forward_6m_return,target_top_k_next_6m,0.03358027677935012,0.010902010947950114,0.022678265831400004,0.3333333333333333,0.0,3.0,overlapping_horizon_score_to_return,6-month overlapping forward-return diagnostic; not a monthly executable backtest
top_k_next_6m | ObjectiveSpecific[top_k_next_6m][TabPFN direct] Calibration Base,top_k_next_6m,ObjectiveSpecific[top_k_next_6m][TabPFN direct] Calibration Base,2024-10,6,forward_6m_return,target_top_k_next_6m,0.05216486308926778,0.010798005505983744,0.04136685758328404,0.3333333333333333,0.6666666666666666,3.0,overlapping_horizon_score_to_return,6-month overlapping forward-return diagnostic; not a monthly executable backtest
top_k_next_6m | ObjectiveSpecific[top_k_next_6m][TabPFN direct] Calibration Base,top_k_next_6m,ObjectiveSpecific[top_k_next_6m][TabPFN direct] Calibration Base,2024-11,6,forward_6m_return,target_top_k_next_6m,0.07065341192162308,0.01481359240546699,0.05583981951615609,0.3333333333333333,0.6666666666666666,3.0,overlapping_horizon_score_to_return,6-month overlapping forward-return diagnostic; not a monthly executable backtest
top_k_next_6m | ObjectiveSpecific[top_k_next_6m][TabPFN direct] Calibration Base,top_k_next_6m,ObjectiveSpecific[top_k_next_6m][TabPFN direct] Calibration Base,2024-12,6,forward_6m_return,target_top_k_next_6m,0.15162556900489418,0.08755260421742209,0.0640729647874721,0.6666666666666666,0.6666666666666666,3.0,overlapping_horizon_score_to_return,6-month overlapping forward-return diagnostic; not a monthly executable backtest
top_k_next_6m | ObjectiveSpecific[top_k_next_6m][TabPFN direct] Calibration Base,top_k_next_6m,ObjectiveSpecific[top_k_next_6m][TabPFN direct] Calibration Base,2025-01,6,forward_6m_return,target_top_k_next_6m,0.14726715888045838,0.07145067289410181,0.07581648598635657,0.6666666666666666,0.6666666666666666,3.0,overlapping_horizon_score_to_return,6-month overlapping forward-return diagnostic; not a monthly executable backtest
top_k_next_6m | ObjectiveSpecific[top_k_next_6m][TabPFN direct] Calibration Base,top_k_next_6m,ObjectiveSpecific[top_k_next_6m][TabPFN direct] Calibration Base,2025-02,6,forward_6m_return,target_top_k_next_6m,0.15281704935650145,0.0740436919387153,0.07877335741778616,0.6666666666666666,0.0,3.0,overlapping_horizon_score_to_return,6-month overlapping forward-return diagnostic; not a monthly executable backtest
top_k_next_6m | ObjectiveSpecific[top_k_next_6m][TabPFN direct] Calibration Base,top_k_next_6m,ObjectiveSpecific[top_k_next_6m][TabPFN direct] Calibration Base,2025-03,6,forward_6m_return,target_top_k_next_6m,0.17249909517644677,0.1424852193691071,0.030013875807339663,0.6666666666666666,0.6666666666666666,3.0,overlapping_horizon_score_to_return,6-month overlapping forward-return diagnostic; not a monthly executable backtest
top_k_next_6m | ObjectiveSpecific[top_k_next_6m][TabPFN direct] Calibration Base,top_k_next_6m,ObjectiveSpecific[top_k_next_6m][TabPFN direct] Calibration Base,2025-04,6,forward_6m_return,target_top_k_next_6m,0.20776405543455234,0.17233242704381527,0.035431628390737074,0.6666666666666666,0.6666666666666666,3.0,overlapping_horizon_score_to_return,6-month overlapping forward-return diagnostic; not a monthly executable backtest
top_k_next_6m | ObjectiveSpecific[top_k_next_6m][TabPFN direct] Calibration Base,top_k_next_6m,ObjectiveSpecific[top_k_next_6m][TabPFN direct] Calibration Base,2025-05,6,forward_6m_return,target_top_k_next_6m,0.1501986563495392,0.1376998968675988,0.012498759481940402,0.3333333333333333,0.0,3.0,overlapping_horizon_score_to_return,6-month overlapping forward-return diagnostic; not a monthly executable backtest
top_k_next_6m | ObjectiveSpecific[top_k_next_6m][TabPFN direct] Calibration Base,top_k_next_6m,ObjectiveSpecific[top_k_next_6m][TabPFN direct] Calibration Base,2025-06,6,forward_6m_return,target_top_k_next_6m,0.1057016028773731,0.11632951345399481,-0.010627910576621713,0.3333333333333333,0.0,3.0,overlapping_horizon_score_to_return,6-month overlapping forward-return diagnostic; not a monthly executable backtest
top_k_next_6m | ObjectiveSpecific[top_k_next_6m][TabPFN direct] Calibration Base,top_k_next_6m,ObjectiveSpecific[top_k_next_6m][TabPFN direct] Calibration Base,2025-07,6,forward_6m_return,target_top_k_next_6m,0.1180294868428345,0.14833670258499349,-0.030307215742158986,0.3333333333333333,0.0,3.0,overlapping_horizon_score_to_return,6-month overlapping forward-return diagnostic; not a monthly executable backtest
top_k_next_6m | ObjectiveSpecific[top_k_next_6m][TabPFN direct] Calibration Base,top_k_next_6m,ObjectiveSpecific[top_k_next_6m][TabPFN direct] Calibration Base,2025-08,6,forward_6m_return,target_top_k_next_6m,0.13041686417199197,0.1560665539487492,-0.025649689776757217,0.3333333333333333,0.0,3.0,overlapping_horizon_score_to_return,6-month overlapping forward-return diagnostic; not a monthly executable backtest
top_k_next_6m | ObjectiveSpecific[top_k_next_6m][TabPFN direct] Calibration Base,top_k_next_6m,ObjectiveSpecific[top_k_next_6m][TabPFN direct] Calibration Base,2025-09,6,forward_6m_return,target_top_k_next_6m,0.015077154053758018,0.06750246559984471,-0.05242531154608669,0.3333333333333333,0.0,3.0,overlapping_horizon_score_to_return,6-month overlapping forward-return diagnostic; not a monthly executable backtest
top_k_next_6m | ObjectiveSpecific[top_k_next_6m][TabPFN direct] Calibration Base,top_k_next_6m,ObjectiveSpecific[top_k_next_6m][TabPFN direct] Calibration Base,2025-10,6,forward_6m_return,target_top_k_next_6m,0.06485137676175022,0.10049962781128818,-0.03564825104953796,0.3333333333333333,0.0,3.0,overlapping_horizon_score_to_return,6-month overlapping forward-return diagnostic; not a monthly executable backtest
