Model,Evaluation Window,month,rows,top_k,spearman_ic,top_k_hit_rate,selected_mean_forward_return,universe_mean_forward_return,active_forward_return
Dummy[Preholdout prior probability],holdout,2020-01,25,5,,,,-0.054048476683959075,
Dummy[Preholdout prior probability],holdout,2020-02,25,5,,,,-0.14485397448749124,
Dummy[Preholdout prior probability],holdout,2020-03,25,5,,,,0.10528200713632334,
Dummy[Preholdout prior probability],holdout,2020-04,25,5,,,,0.058123295956415334,
Dummy[Preholdout prior probability],holdout,2020-05,25,5,,,,0.019992743992486173,
Dummy[Preholdout prior probability],holdout,2020-06,25,5,,,,0.05777399472309771,
Dummy[Preholdout prior probability],holdout,2020-07,25,5,,,,0.036529711653833674,
Dummy[Preholdout prior probability],holdout,2020-08,25,5,,,,-0.027170321598357174,
Dummy[Preholdout prior probability],holdout,2020-09,25,5,,,,-0.010365351788556043,
Dummy[Preholdout prior probability],holdout,2020-10,25,5,,,,0.08653840030647521,
Dummy[Preholdout prior probability],holdout,2020-11,25,5,,,,0.03422774515700446,
Dummy[Preholdout prior probability],holdout,2020-12,25,5,,,,0.0018480073568368294,
Dummy[Preholdout prior probability],holdout,2021-01,25,5,,,,0.01824998694856843,
Dummy[Preholdout prior probability],holdout,2021-02,25,5,,,,0.020199397593665406,
Dummy[Preholdout prior probability],holdout,2021-03,25,5,,,,0.03918018080489045,
Dummy[Preholdout prior probability],holdout,2021-04,25,5,,,,0.019048149908593888,
Dummy[Preholdout prior probability],holdout,2021-05,25,5,,,,0.0034348765011974836,
Dummy[Preholdout prior probability],holdout,2021-06,25,5,,,,0.009919196538945347,
Dummy[Preholdout prior probability],holdout,2021-07,25,5,,,,0.010399606534442149,
Dummy[Preholdout prior probability],holdout,2021-08,25,5,,,,-0.02915439890835376,
Dummy[Preholdout prior probability],holdout,2021-09,25,5,,,,0.04854004612365783,
Dummy[Preholdout prior probability],holdout,2021-10,25,5,,,,-0.011523953062962708,
Dummy[Preholdout prior probability],holdout,2021-11,25,5,,,,0.030873379606091208,
Dummy[Preholdout prior probability],holdout,2021-12,25,5,,,,-0.028729917514140845,
Dummy[Preholdout prior probability],holdout,2022-01,25,5,,,,-0.008969478289536582,
Dummy[Preholdout prior probability],holdout,2022-02,25,5,,,,0.02565494559840393,
Dummy[Preholdout prior probability],holdout,2022-03,25,5,,,,-0.059535584884574735,
Dummy[Preholdout prior probability],holdout,2022-04,25,5,,,,0.010536863418915727,
Dummy[Preholdout prior probability],holdout,2022-05,25,5,,,,-0.07287348328902624,
Dummy[Preholdout prior probability],holdout,2022-06,25,5,,,,0.05655602302922773,
Dummy[Preholdout prior probability],holdout,2022-07,25,5,,,,-0.03955624001204256,
Dummy[Preholdout prior probability],holdout,2022-08,25,5,,,,-0.05692389977247783,
Dummy[Preholdout prior probability],holdout,2022-09,25,5,,,,0.05320740610992971,
Dummy[Preholdout prior probability],holdout,2022-10,25,5,,,,0.056795291909799935,
Dummy[Preholdout prior probability],holdout,2022-11,25,5,,,,-0.030486275288491953,
Dummy[Preholdout prior probability],holdout,2022-12,25,5,,,,0.04535181789737403,
Dummy[Preholdout prior probability],holdout,2023-01,25,5,,,,-0.0367885463759981,
Dummy[Preholdout prior probability],holdout,2023-02,25,5,,,,0.028008922392958335,
Dummy[Preholdout prior probability],holdout,2023-03,25,5,,,,0.008176745169681605,
Dummy[Preholdout prior probability],holdout,2023-04,25,5,,,,-0.022281772118893938,
Dummy[Preholdout prior probability],holdout,2023-05,25,5,,,,0.04213855709436727,
Dummy[Preholdout prior probability],holdout,2023-06,25,5,,,,0.024872348419345748,
Dummy[Preholdout prior probability],holdout,2023-07,25,5,,,,-0.011716302497952963,
Dummy[Preholdout prior probability],holdout,2023-08,25,5,,,,-0.052001268865308245,
Dummy[Preholdout prior probability],holdout,2023-09,25,5,,,,-0.014257896136080995,
Dummy[Preholdout prior probability],holdout,2023-10,25,5,,,,0.07028744636270544,
Dummy[Preholdout prior probability],holdout,2023-11,25,5,,,,0.03833103724293837,
Dummy[Preholdout prior probability],holdout,2023-12,25,5,,,,-0.0016680895872055678,
Dummy[Preholdout prior probability],holdout,2024-01,25,5,,,,0.02200752473323249,
Dummy[Preholdout prior probability],holdout,2024-02,25,5,,,,0.03547268751142166,
Dummy[Preholdout prior probability],holdout,2024-03,25,5,,,,-0.03038395807888956,
Dummy[Preholdout prior probability],holdout,2024-04,25,5,,,,0.038582390325294924,
Dummy[Preholdout prior probability],holdout,2024-05,25,5,,,,0.005875058071763899,
Dummy[Preholdout prior probability],holdout,2024-06,25,5,,,,0.03019923112649143,
Dummy[Preholdout prior probability],holdout,2024-07,25,5,,,,0.013461759985491257,
Dummy[Preholdout prior probability],holdout,2024-08,25,5,,,,0.030435595427475048,
Dummy[Preholdout prior probability],holdout,2024-09,25,5,,,,-0.010666003725532471,
Dummy[Preholdout prior probability],holdout,2024-10,25,5,,,,0.028550634949502017,
Dummy[Preholdout prior probability],holdout,2024-11,25,5,,,,-0.037556865254102324,
Dummy[Preholdout prior probability],holdout,2024-12,25,5,,,,0.01685734425500113,
Dummy[Preholdout prior probability],holdout,2025-01,25,5,,,,0.01871619850118452,
Dummy[Preholdout prior probability],holdout,2025-02,25,5,,,,-0.017615811704947148,
Dummy[Preholdout prior probability],holdout,2025-03,25,5,,,,-0.011693621348026215,
Dummy[Preholdout prior probability],holdout,2025-04,25,5,,,,0.028813092510935827,
Dummy[Preholdout prior probability],holdout,2025-05,25,5,,,,0.030568302157011992,
Dummy[Preholdout prior probability],holdout,2025-06,25,5,,,,0.006917561514269979,
Dummy[Preholdout prior probability],holdout,2025-07,25,5,,,,0.021690514569325015,
Dummy[Preholdout prior probability],holdout,2025-08,25,5,,,,0.03573153725638026,
Dummy[Preholdout prior probability],holdout,2025-09,25,5,,,,0.011074788871926824,
Dummy[Preholdout prior probability],holdout,2025-10,25,5,,,,0.013984389081040867,
Dummy[Preholdout prior probability],holdout,2025-11,25,5,,,,0.020344462849746413,
Dummy[Preholdout prior probability],holdout,2025-12,25,5,,,,0.0303859595642897,
Dummy[Preholdout prior probability],holdout,2026-01,25,5,,,,0.03269640231379641,
Dummy[Preholdout prior probability],holdout,2026-02,25,5,,,,-0.03656678394169601,
Dummy[Preholdout prior probability],holdout,2026-03,25,5,,,,0.05167545879192894,
Rule[12M momentum top-k],calibration,2018-01,25,5,0.09846153846153846,0.4,-0.021663173179349005,-0.03704501163071974,0.015381838451370738
Rule[12M momentum top-k],calibration,2018-02,25,5,-0.7876923076923077,0.0,-0.03374079507957739,-0.004552094089959353,-0.02918870098961804
Rule[12M momentum top-k],calibration,2018-03,25,5,0.0723076923076923,0.0,-0.00379359191367743,0.0022899312248686153,-0.006083523138546045
Rule[12M momentum top-k],calibration,2018-04,25,5,0.26384615384615384,0.4,0.03202508994536659,0.019812264778756476,0.012212825166610115
Rule[12M momentum top-k],calibration,2018-05,25,5,-0.4476923076923077,0.0,-0.010884768430752234,-0.005640148385018442,-0.005244620045733792
Rule[12M momentum top-k],calibration,2018-06,25,5,0.42538461538461536,0.0,0.018030896383623297,0.021385612633670985,-0.003354716250047688
Rule[12M momentum top-k],calibration,2018-07,25,5,0.5323076923076923,0.6,0.03116033346103495,0.008831126318715347,0.022329207142319604
Rule[12M momentum top-k],calibration,2018-08,25,5,0.21846153846153843,0.0,0.007017453825047193,0.005639670089144237,0.0013777837359029554
Rule[12M momentum top-k],calibration,2018-09,25,5,-0.6884615384615385,0.0,-0.07943316415986224,-0.04687352289120669,-0.03255964126865554
Rule[12M momentum top-k],calibration,2018-10,25,5,0.1453846153846154,0.2,0.03475876697122358,0.02176004119413726,0.012998725777086318
Rule[12M momentum top-k],calibration,2018-11,25,5,-0.49,0.0,-0.11730680174712746,-0.06980647795258711,-0.04750032379454035
Rule[12M momentum top-k],calibration,2018-12,25,5,-0.553076923076923,0.0,0.042809158815940405,0.07806332128675256,-0.03525416247081215
Rule[12M momentum top-k],calibration,2019-01,25,5,-0.22999999999999998,0.2,0.013336977997423482,0.021543464495292385,-0.008206486497868903
Rule[12M momentum top-k],calibration,2019-02,25,5,0.53,0.4,0.0315051682957499,0.016645356717416623,0.014859811578333274
Rule[12M momentum top-k],calibration,2019-03,25,5,0.06999999999999999,0.4,0.02307632677817506,0.01569946574534561,0.007376861032829449
Rule[12M momentum top-k],calibration,2019-04,25,5,-0.04230769230769231,0.0,-0.03605586193179779,-0.03643857119406522,0.00038270926226742497
Rule[12M momentum top-k],calibration,2019-05,25,5,-0.5146153846153847,0.0,0.026268038944250317,0.06020551854065295,-0.033937479596402635
Rule[12M momentum top-k],calibration,2019-06,25,5,0.5115384615384615,0.6,0.00376890753837833,-0.001161249376473341,0.004930156914851671
Rule[12M momentum top-k],calibration,2019-07,25,5,0.71,0.4,0.03739810548709084,0.0027454521516335185,0.03465265333545732
Rule[12M momentum top-k],calibration,2019-08,25,5,-0.6938461538461538,0.2,-0.02329152352705439,0.014529095791450999,-0.03782061931850539
Rule[12M momentum top-k],calibration,2019-09,25,5,-0.2823076923076923,0.0,0.009858318473879723,0.018755396027266804,-0.00889707755338708
Rule[12M momentum top-k],calibration,2019-10,25,5,-0.3569230769230769,0.2,-0.01629200557662529,0.007860219229229685,-0.024152224805854976
Rule[12M momentum top-k],calibration,2019-11,25,5,-0.09461538461538462,0.2,0.031048869540957626,0.032266381771987804,-0.001217512231030178
Rule[12M momentum top-k],calibration,2019-12,25,5,0.17384615384615384,0.2,0.005713433223550268,-0.007595654596109998,0.013309087819660266
Rule[12M momentum top-k],holdout,2020-01,25,5,-0.03153846153846154,0.2,-0.04290958201906334,-0.054048476683959075,0.011138894664895732
Rule[12M momentum top-k],holdout,2020-02,25,5,0.6938461538461538,0.6,-0.04808885651794463,-0.14485397448749124,0.09676511796954661
Rule[12M momentum top-k],holdout,2020-03,25,5,-0.39307692307692305,0.0,0.05297367253085481,0.10528200713632334,-0.05230833460546853
Rule[12M momentum top-k],holdout,2020-04,25,5,-0.4107692307692308,0.2,0.034838734026955386,0.058123295956415334,-0.02328456192945995
Rule[12M momentum top-k],holdout,2020-05,25,5,0.016923076923076923,0.4,0.03644296028853331,0.019992743992486173,0.01645021629604714
Rule[12M momentum top-k],holdout,2020-06,25,5,0.40230769230769226,0.6,0.1258291859031951,0.05777399472309771,0.0680551911800974
Rule[12M momentum top-k],holdout,2020-07,25,5,0.24769230769230768,0.6,0.07497731572682158,0.036529711653833674,0.038447604072987904
Rule[12M momentum top-k],holdout,2020-08,25,5,-0.15307692307692308,0.0,-0.06653620777927285,-0.027170321598357174,-0.03936588618091568
Rule[12M momentum top-k],holdout,2020-09,25,5,-0.18384615384615385,0.2,-0.0221129134140692,-0.010365351788556043,-0.011747561625513157
Rule[12M momentum top-k],holdout,2020-10,25,5,-0.4330769230769231,0.0,0.052185621668912094,0.08653840030647521,-0.034352778637563114
Rule[12M momentum top-k],holdout,2020-11,25,5,0.2823076923076923,0.2,0.06026062700930677,0.03422774515700446,0.026032881852302306
Rule[12M momentum top-k],holdout,2020-12,25,5,-0.019999999999999997,0.2,0.013921812826833291,0.0018480073568368294,0.012073805469996462
Rule[12M momentum top-k],holdout,2021-01,25,5,-0.29384615384615387,0.2,-0.0018816012802589821,0.01824998694856843,-0.020131588228827414
Rule[12M momentum top-k],holdout,2021-02,25,5,0.019999999999999997,0.2,0.00048514756316859754,0.020199397593665406,-0.01971425003049681
Rule[12M momentum top-k],holdout,2021-03,25,5,0.39,0.2,0.046662069228226244,0.03918018080489045,0.007481888423335796
Rule[12M momentum top-k],holdout,2021-04,25,5,0.30153846153846153,0.6,0.04497711110716875,0.019048149908593888,0.025928961198574865
Rule[12M momentum top-k],holdout,2021-05,25,5,-0.1376923076923077,0.2,-0.013762247171996655,0.0034348765011974836,-0.017197123673194138
Rule[12M momentum top-k],holdout,2021-06,25,5,-0.40076923076923077,0.0,-0.028136184639208993,0.009919196538945347,-0.03805538117815434
Rule[12M momentum top-k],holdout,2021-07,25,5,0.4146153846153846,0.4,0.01709854103580095,0.010399606534442149,0.006698934501358802
Rule[12M momentum top-k],holdout,2021-08,25,5,-0.03153846153846154,0.4,0.0106415440628,-0.02915439890835376,0.039795942971153755
Rule[12M momentum top-k],holdout,2021-09,25,5,0.6792307692307692,0.4,0.07099174131076325,0.04854004612365783,0.022451695187105415
Rule[12M momentum top-k],holdout,2021-10,25,5,-0.3484615384615385,0.0,-0.04142361299370643,-0.011523953062962708,-0.02989965993074372
Rule[12M momentum top-k],holdout,2021-11,25,5,0.41923076923076924,0.0,0.021264388243907993,0.030873379606091208,-0.009608991362183215
Rule[12M momentum top-k],holdout,2021-12,25,5,-0.31999999999999995,0.4,0.016042225850527503,-0.028729917514140845,0.04477214336466835
Rule[12M momentum top-k],holdout,2022-01,25,5,-0.12538461538461537,0.4,0.016768833567228893,-0.008969478289536582,0.025738311856765474
Rule[12M momentum top-k],holdout,2022-02,25,5,0.7192307692307691,0.6,0.06048874791454364,0.02565494559840393,0.03483380231613971
Rule[12M momentum top-k],holdout,2022-03,25,5,0.31076923076923074,0.4,-0.022614194774172435,-0.059535584884574735,0.0369213901104023
Rule[12M momentum top-k],holdout,2022-04,25,5,0.09846153846153846,0.6,0.052681917045688385,0.010536863418915727,0.042145053626772656
Rule[12M momentum top-k],holdout,2022-05,25,5,0.012307692307692308,0.4,-0.06865184877995337,-0.07287348328902624,0.004221634509072869
Rule[12M momentum top-k],holdout,2022-06,25,5,-0.32692307692307687,0.0,0.02199026610958581,0.05655602302922773,-0.03456575691964192
Rule[12M momentum top-k],holdout,2022-07,25,5,0.4876923076923077,0.6,-0.009003235823087286,-0.03955624001204256,0.030553004188955277
Rule[12M momentum top-k],holdout,2022-08,25,5,0.1523076923076923,0.2,-0.052022887843289366,-0.05692389977247783,0.004901011929188466
Rule[12M momentum top-k],holdout,2022-09,25,5,0.30538461538461537,0.2,0.09140604947206517,0.05320740610992971,0.03819864336213546
Rule[12M momentum top-k],holdout,2022-10,25,5,-0.25461538461538463,0.0,0.0378553122513571,0.056795291909799935,-0.018939979658442838
Rule[12M momentum top-k],holdout,2022-11,25,5,0.19692307692307692,0.0,-0.03002241350104733,-0.030486275288491953,0.00046386178744462284
Rule[12M momentum top-k],holdout,2022-12,25,5,-0.8392307692307692,0.0,0.007149428144507386,0.04535181789737403,-0.03820238975286665
Rule[12M momentum top-k],holdout,2023-01,25,5,-0.23384615384615384,0.0,-0.06408592921554587,-0.0367885463759981,-0.027297382839547774
Rule[12M momentum top-k],holdout,2023-02,25,5,-0.10384615384615385,0.0,0.019679252948768357,0.028008922392958335,-0.008329669444189978
Rule[12M momentum top-k],holdout,2023-03,25,5,0.18461538461538463,0.2,0.0025626355211696207,0.008176745169681605,-0.0056141096485119845
Rule[12M momentum top-k],holdout,2023-04,25,5,-0.03153846153846154,0.2,-0.030780327114031735,-0.022281772118893938,-0.008498554995137797
Rule[12M momentum top-k],holdout,2023-05,25,5,-0.03538461538461538,0.2,0.037418996923648654,0.04213855709436727,-0.0047195601707186174
Rule[12M momentum top-k],holdout,2023-06,25,5,0.29384615384615387,0.0,0.02499175550015025,0.024872348419345748,0.00011940708080450044
Rule[12M momentum top-k],holdout,2023-07,25,5,0.2892307692307692,0.4,0.004626292355408989,-0.011716302497952963,0.016342594853361953
Rule[12M momentum top-k],holdout,2023-08,25,5,-0.06615384615384615,0.0,-0.07500432977589637,-0.052001268865308245,-0.023003060910588125
Rule[12M momentum top-k],holdout,2023-09,25,5,0.03769230769230769,0.2,-0.022772883373313912,-0.014257896136080995,-0.008514987237232917
Rule[12M momentum top-k],holdout,2023-10,25,5,0.09538461538461537,0.4,0.08823275933010924,0.07028744636270544,0.0179453129674038
Rule[12M momentum top-k],holdout,2023-11,25,5,0.03615384615384615,0.2,0.02606674337163355,0.03833103724293837,-0.012264293871304819
Rule[12M momentum top-k],holdout,2023-12,25,5,0.17615384615384613,0.6,0.008301631014004296,-0.0016680895872055678,0.009969720601209865
Rule[12M momentum top-k],holdout,2024-01,25,5,0.576923076923077,0.6,0.04858733964010638,0.02200752473323249,0.02657981490687389
Rule[12M momentum top-k],holdout,2024-02,25,5,-0.01769230769230769,0.0,0.019924078895952713,0.03547268751142166,-0.015548608615468945
Rule[12M momentum top-k],holdout,2024-03,25,5,-0.5492307692307692,0.0,-0.049091367800758554,-0.03038395807888956,-0.018707409721868993
Rule[12M momentum top-k],holdout,2024-04,25,5,0.1276923076923077,0.4,0.05353108066624346,0.038582390325294924,0.014948690340948534
Rule[12M momentum top-k],holdout,2024-05,25,5,-0.09615384615384616,0.4,0.015396710826112936,0.005875058071763899,0.009521652754349037
Rule[12M momentum top-k],holdout,2024-06,25,5,-0.34384615384615386,0.2,0.002977365848679825,0.03019923112649143,-0.027221865277811605
Rule[12M momentum top-k],holdout,2024-07,25,5,0.05153846153846154,0.0,0.013786486282678779,0.013461759985491257,0.000324726297187522
Rule[12M momentum top-k],holdout,2024-08,25,5,0.26384615384615384,0.2,0.03080287370656374,0.030435595427475048,0.0003672782790886918
Rule[12M momentum top-k],holdout,2024-09,25,5,0.3146153846153846,0.4,0.008595077550572117,-0.010666003725532471,0.01926108127610459
Rule[12M momentum top-k],holdout,2024-10,25,5,0.3423076923076923,0.4,0.0378707383804834,0.028550634949502017,0.009320103430981386
Rule[12M momentum top-k],holdout,2024-11,25,5,-0.2407692307692308,0.0,-0.058668137534407895,-0.037556865254102324,-0.02111127228030557
Rule[12M momentum top-k],holdout,2024-12,25,5,-0.016153846153846154,0.4,0.024847964186064254,0.01685734425500113,0.007990619931063123
Rule[12M momentum top-k],holdout,2025-01,25,5,-0.30230769230769233,0.0,0.009680098053516328,0.01871619850118452,-0.009036100447668192
Rule[12M momentum top-k],holdout,2025-02,25,5,-0.1453846153846154,0.4,0.004635972812867495,-0.017615811704947148,0.022251784517814642
Rule[12M momentum top-k],holdout,2025-03,25,5,0.06999999999999999,0.2,-0.009863038661020762,-0.011693621348026215,0.0018305826870054533
Rule[12M momentum top-k],holdout,2025-04,25,5,0.07846153846153846,0.0,0.03132186610155339,0.028813092510935827,0.0025087735906175607
Rule[12M momentum top-k],holdout,2025-05,25,5,-0.2915384615384616,0.0,0.017597859325823674,0.030568302157011992,-0.012970442831188318
Rule[12M momentum top-k],holdout,2025-06,25,5,0.16923076923076924,0.4,0.01652767268648061,0.006917561514269979,0.009610111172210629
Rule[12M momentum top-k],holdout,2025-07,25,5,-0.05307692307692308,0.2,0.027309351547498806,0.021690514569325015,0.0056188369781737905
Rule[12M momentum top-k],holdout,2025-08,25,5,0.5892307692307692,0.6,0.07980411036573706,0.03573153725638026,0.044072573109356805
Rule[12M momentum top-k],holdout,2025-09,25,5,0.6153846153846153,0.6,0.03725952198864051,0.011074788871926824,0.026184733116713682
Rule[12M momentum top-k],holdout,2025-10,25,5,-0.43461538461538457,0.4,0.0211966475968004,0.013984389081040867,0.007212258515759533
Rule[12M momentum top-k],holdout,2025-11,25,5,0.5746153846153847,0.8,0.08789410514208389,0.020344462849746413,0.06754964229233748
Rule[12M momentum top-k],holdout,2025-12,25,5,0.13692307692307693,0.4,0.050123894963657725,0.0303859595642897,0.019737935399368026
Rule[12M momentum top-k],holdout,2026-01,25,5,0.2846153846153846,0.4,0.04803532841319125,0.03269640231379641,0.015338926099394835
Rule[12M momentum top-k],holdout,2026-02,25,5,-0.3876923076923077,0.0,-0.08928633503658363,-0.03656678394169601,-0.05271955109488762
Rule[12M momentum top-k],holdout,2026-03,25,5,0.07692307692307691,0.2,0.02864266701465392,0.05167545879192894,-0.02303279177727502
Rule[6M momentum top-k],calibration,2018-01,25,5,0.16538461538461538,0.4,-0.018487804406580377,-0.03704501163071974,0.018557207224139366
Rule[6M momentum top-k],calibration,2018-02,25,5,-0.786923076923077,0.0,-0.0403812253255351,-0.004552094089959353,-0.03582913123557575
Rule[6M momentum top-k],calibration,2018-03,25,5,0.1392307692307692,0.4,0.008686388908175923,0.0022899312248686153,0.006396457683307308
Rule[6M momentum top-k],calibration,2018-04,25,5,0.31692307692307686,0.6,0.04690417653892931,0.019812264778756476,0.027091911760172834
Rule[6M momentum top-k],calibration,2018-05,25,5,-0.3992307692307692,0.2,-0.004730065864048982,-0.005640148385018442,0.0009100825209694598
Rule[6M momentum top-k],calibration,2018-06,25,5,-0.10692307692307691,0.0,0.019622659505795892,0.021385612633670985,-0.0017629531278750936
Rule[6M momentum top-k],calibration,2018-07,25,5,0.7407692307692308,0.4,0.03487482139580922,0.008831126318715347,0.02604369507709387
Rule[6M momentum top-k],calibration,2018-08,25,5,-0.21153846153846154,0.0,-0.009622349312187662,0.005639670089144237,-0.0152620194013319
Rule[6M momentum top-k],calibration,2018-09,25,5,-0.606923076923077,0.0,-0.09200554119586442,-0.04687352289120669,-0.045132018304657726
Rule[6M momentum top-k],calibration,2018-10,25,5,0.29846153846153844,0.2,0.0366555343111894,0.02176004119413726,0.014895493117052138
Rule[6M momentum top-k],calibration,2018-11,25,5,-0.003846153846153846,0.0,-0.08815069130996755,-0.06980647795258711,-0.018344213357380443
Rule[6M momentum top-k],calibration,2018-12,25,5,-0.7015384615384616,0.0,0.026771916094904792,0.07806332128675256,-0.051291405191847765
Rule[6M momentum top-k],calibration,2019-01,25,5,-0.5853846153846154,0.2,0.007906394463083322,0.021543464495292385,-0.013637070032209063
Rule[6M momentum top-k],calibration,2019-02,25,5,0.1623076923076923,0.4,0.01807150514299525,0.016645356717416623,0.0014261484255786265
Rule[6M momentum top-k],calibration,2019-03,25,5,-0.44307692307692315,0.0,-0.0036807282093004766,0.01569946574534561,-0.01938019395464609
Rule[6M momentum top-k],calibration,2019-04,25,5,-0.3646153846153847,0.0,-0.08053282797782166,-0.03643857119406522,-0.04409425678375644
Rule[6M momentum top-k],calibration,2019-05,25,5,-0.43999999999999995,0.2,0.038059244279360714,0.06020551854065295,-0.02214627426129224
Rule[6M momentum top-k],calibration,2019-06,25,5,0.26153846153846155,0.4,0.005663098722227122,-0.001161249376473341,0.006824348098700463
Rule[6M momentum top-k],calibration,2019-07,25,5,0.16846153846153847,0.2,-0.0003452223164313706,0.0027454521516335185,-0.003090674468064889
Rule[6M momentum top-k],calibration,2019-08,25,5,-0.633076923076923,0.0,-0.03345166972930649,0.014529095791450999,-0.04798076552075749
Rule[6M momentum top-k],calibration,2019-09,25,5,-0.17076923076923078,0.2,0.015573704284956014,0.018755396027266804,-0.0031816917423107896
Rule[6M momentum top-k],calibration,2019-10,25,5,-0.48538461538461536,0.0,-0.03120792508925847,0.007860219229229685,-0.03906814431848815
Rule[6M momentum top-k],calibration,2019-11,25,5,0.19615384615384615,0.4,0.04542326086416444,0.032266381771987804,0.013156879092176638
Rule[6M momentum top-k],calibration,2019-12,25,5,0.11153846153846154,0.2,-0.00026261103752387436,-0.007595654596109998,0.0073330435585861236
Rule[6M momentum top-k],holdout,2020-01,25,5,-0.07384615384615385,0.0,-0.07074427992133878,-0.054048476683959075,-0.0166958032373797
Rule[6M momentum top-k],holdout,2020-02,25,5,0.5961538461538461,0.2,-0.08338603118809133,-0.14485397448749124,0.061467943299399905
Rule[6M momentum top-k],holdout,2020-03,25,5,-0.41923076923076924,0.2,0.0443198640669674,0.10528200713632334,-0.06096214306935594
Rule[6M momentum top-k],holdout,2020-04,25,5,-0.3730769230769231,0.2,0.034838734026955386,0.058123295956415334,-0.02328456192945995
Rule[6M momentum top-k],holdout,2020-05,25,5,-0.03153846153846154,0.4,0.03469606784732386,0.019992743992486173,0.014703323854837688
Rule[6M momentum top-k],holdout,2020-06,25,5,0.31076923076923074,0.4,0.06201433662894509,0.05777399472309771,0.004240341905847378
Rule[6M momentum top-k],holdout,2020-07,25,5,0.25,0.6,0.07497731572682158,0.036529711653833674,0.038447604072987904
Rule[6M momentum top-k],holdout,2020-08,25,5,-0.20384615384615384,0.0,-0.06653620777927285,-0.027170321598357174,-0.03936588618091568
Rule[6M momentum top-k],holdout,2020-09,25,5,-0.15000000000000002,0.2,-0.020108462763119127,-0.010365351788556043,-0.009743110974563084
Rule[6M momentum top-k],holdout,2020-10,25,5,0.27692307692307694,0.0,0.0826437888192596,0.08653840030647521,-0.0038946114872156073
Rule[6M momentum top-k],holdout,2020-11,25,5,0.45461538461538464,0.2,0.0387019750667962,0.03422774515700446,0.004474229909791738
Rule[6M momentum top-k],holdout,2020-12,25,5,0.24461538461538462,0.4,0.014557706613299314,0.0018480073568368294,0.012709699256462485
Rule[6M momentum top-k],holdout,2021-01,25,5,0.6169230769230769,0.4,0.045194696915808796,0.01824998694856843,0.026944709967240365
Rule[6M momentum top-k],holdout,2021-02,25,5,0.3161538461538462,0.0,0.006497150177348132,0.020199397593665406,-0.013702247416317273
Rule[6M momentum top-k],holdout,2021-03,25,5,0.27153846153846156,0.4,0.04545929249507656,0.03918018080489045,0.0062791116901861135
Rule[6M momentum top-k],holdout,2021-04,25,5,0.33461538461538465,0.4,0.03962831396984714,0.019048149908593888,0.02058016406125325
Rule[6M momentum top-k],holdout,2021-05,25,5,-0.05846153846153846,0.4,0.0006433141026761291,0.0034348765011974836,-0.0027915623985213544
Rule[6M momentum top-k],holdout,2021-06,25,5,-0.11846153846153845,0.4,-0.0029175027342773106,0.009919196538945347,-0.012836699273222656
Rule[6M momentum top-k],holdout,2021-07,25,5,0.3046153846153846,0.2,0.007477136037842813,0.010399606534442149,-0.0029224704965993362
Rule[6M momentum top-k],holdout,2021-08,25,5,-0.4461538461538462,0.0,-0.055606858399515804,-0.02915439890835376,-0.026452459491162046
Rule[6M momentum top-k],holdout,2021-09,25,5,0.47307692307692306,0.4,0.07084757891670498,0.04854004612365783,0.022307532793047154
Rule[6M momentum top-k],holdout,2021-10,25,5,0.03615384615384615,0.6,-0.00260554115063496,-0.011523953062962708,0.008918411912327747
Rule[6M momentum top-k],holdout,2021-11,25,5,0.11230769230769232,0.0,0.00891650450599859,0.030873379606091208,-0.021956875100092615
Rule[6M momentum top-k],holdout,2021-12,25,5,-0.5315384615384615,0.0,-0.07703373129951888,-0.028729917514140845,-0.04830381378537803
Rule[6M momentum top-k],holdout,2022-01,25,5,-0.10538461538461538,0.4,0.01741511492768406,-0.008969478289536582,0.026384593217220642
Rule[6M momentum top-k],holdout,2022-02,25,5,0.32076923076923075,0.4,0.03254789974994741,0.02565494559840393,0.006892954151543479
Rule[6M momentum top-k],holdout,2022-03,25,5,0.4753846153846154,0.4,-0.02825404406298999,-0.059535584884574735,0.03128154082158474
Rule[6M momentum top-k],holdout,2022-04,25,5,0.15615384615384614,0.6,0.04718215112832687,0.010536863418915727,0.03664528770941114
Rule[6M momentum top-k],holdout,2022-05,25,5,0.1723076923076923,0.2,-0.06869503375975802,-0.07287348328902624,0.004178449529268213
Rule[6M momentum top-k],holdout,2022-06,25,5,-0.7276923076923076,0.0,0.008394084035227433,0.05655602302922773,-0.04816193899400029
Rule[6M momentum top-k],holdout,2022-07,25,5,0.4776923076923077,0.6,-0.009003235823087286,-0.03955624001204256,0.030553004188955277
Rule[6M momentum top-k],holdout,2022-08,25,5,0.09076923076923075,0.2,-0.052022887843289366,-0.05692389977247783,0.004901011929188466
Rule[6M momentum top-k],holdout,2022-09,25,5,0.05153846153846154,0.2,0.05292910073156165,0.05320740610992971,-0.00027830537836805863
Rule[6M momentum top-k],holdout,2022-10,25,5,-0.3876923076923077,0.0,0.04984331087812248,0.056795291909799935,-0.006951981031677455
Rule[6M momentum top-k],holdout,2022-11,25,5,-0.04076923076923076,0.0,-0.03312655724572113,-0.030486275288491953,-0.002640281957229179
Rule[6M momentum top-k],holdout,2022-12,25,5,-0.43461538461538457,0.0,0.01980201450345358,0.04535181789737403,-0.02554980339392045
Rule[6M momentum top-k],holdout,2023-01,25,5,-0.07769230769230769,0.0,-0.04895174521736319,-0.0367885463759981,-0.012163198841365089
Rule[6M momentum top-k],holdout,2023-02,25,5,-0.07692307692307691,0.2,0.013406442233626858,0.028008922392958335,-0.014602480159331476
Rule[6M momentum top-k],holdout,2023-03,25,5,0.1776923076923077,0.4,0.01985913986724499,0.008176745169681605,0.011682394697563384
Rule[6M momentum top-k],holdout,2023-04,25,5,0.15923076923076923,0.4,0.004861949667096144,-0.022281772118893938,0.02714372178599008
Rule[6M momentum top-k],holdout,2023-05,25,5,-0.17076923076923078,0.0,0.024023548370462368,0.04213855709436727,-0.018115008723904903
Rule[6M momentum top-k],holdout,2023-06,25,5,-0.11923076923076922,0.0,0.022239511941324695,0.024872348419345748,-0.002632836478021053
Rule[6M momentum top-k],holdout,2023-07,25,5,0.09999999999999999,0.0,-0.007157010213957271,-0.011716302497952963,0.004559292283995692
Rule[6M momentum top-k],holdout,2023-08,25,5,0.016153846153846154,0.0,-0.07538463251282423,-0.052001268865308245,-0.02338336364751599
Rule[6M momentum top-k],holdout,2023-09,25,5,-0.22461538461538463,0.2,-0.02577427061728388,-0.014257896136080995,-0.011516374481202884
Rule[6M momentum top-k],holdout,2023-10,25,5,-0.006153846153846154,0.2,0.0556159857329539,0.07028744636270544,-0.01467146062975154
Rule[6M momentum top-k],holdout,2023-11,25,5,0.11076923076923079,0.2,0.040529566403515814,0.03833103724293837,0.002198529160577445
Rule[6M momentum top-k],holdout,2023-12,25,5,0.1946153846153846,0.6,0.015782244556184356,-0.0016680895872055678,0.017450334143389923
Rule[6M momentum top-k],holdout,2024-01,25,5,0.15538461538461537,0.4,0.042471505113902144,0.02200752473323249,0.020463980380669655
Rule[6M momentum top-k],holdout,2024-02,25,5,-0.21076923076923076,0.0,0.024976449899109722,0.03547268751142166,-0.010496237612311936
Rule[6M momentum top-k],holdout,2024-03,25,5,-0.6023076923076923,0.0,-0.04753734341435238,-0.03038395807888956,-0.01715338533546282
Rule[6M momentum top-k],holdout,2024-04,25,5,0.5253846153846153,0.4,0.05353108066624346,0.038582390325294924,0.014948690340948534
Rule[6M momentum top-k],holdout,2024-05,25,5,-0.33076923076923076,0.2,-0.012354361204489827,0.005875058071763899,-0.018229419276253725
Rule[6M momentum top-k],holdout,2024-06,25,5,-0.49615384615384617,0.0,0.000959514481856627,0.03019923112649143,-0.029239716644634803
Rule[6M momentum top-k],holdout,2024-07,25,5,-0.057692307692307696,0.2,0.005021274595554881,0.013461759985491257,-0.008440485389936376
Rule[6M momentum top-k],holdout,2024-08,25,5,0.2784615384615384,0.6,0.05030276329294055,0.030435595427475048,0.0198671678654655
Rule[6M momentum top-k],holdout,2024-09,25,5,0.11384615384615385,0.4,0.002017320235301412,-0.010666003725532471,0.012683323960833883
Rule[6M momentum top-k],holdout,2024-10,25,5,0.23615384615384616,0.0,-0.0027079766585343277,0.028550634949502017,-0.03125861160803634
Rule[6M momentum top-k],holdout,2024-11,25,5,-0.23076923076923078,0.2,-0.05600597776915402,-0.037556865254102324,-0.018449112515051692
Rule[6M momentum top-k],holdout,2024-12,25,5,-0.14615384615384616,0.4,0.024383982813280625,0.01685734425500113,0.007526638558279494
Rule[6M momentum top-k],holdout,2025-01,25,5,-0.47,0.0,0.0019737115705839247,0.01871619850118452,-0.016742486930600597
Rule[6M momentum top-k],holdout,2025-02,25,5,-0.12307692307692307,0.2,-0.03611564673673808,-0.017615811704947148,-0.018499835031790934
Rule[6M momentum top-k],holdout,2025-03,25,5,-0.14076923076923076,0.2,-0.054282929803568455,-0.011693621348026215,-0.04258930845554224
Rule[6M momentum top-k],holdout,2025-04,25,5,-0.28384615384615386,0.0,0.021735146965419894,0.028813092510935827,-0.007077945545515933
Rule[6M momentum top-k],holdout,2025-05,25,5,-0.08692307692307692,0.6,0.04334353140060043,0.030568302157011992,0.01277522924358844
Rule[6M momentum top-k],holdout,2025-06,25,5,0.06692307692307692,0.2,0.004881992792618517,0.006917561514269979,-0.0020355687216514623
Rule[6M momentum top-k],holdout,2025-07,25,5,-0.2923076923076923,0.2,0.02391069075234633,0.021690514569325015,0.002220176183021314
Rule[6M momentum top-k],holdout,2025-08,25,5,0.6807692307692308,0.8,0.10011127972863361,0.03573153725638026,0.06437974247225335
Rule[6M momentum top-k],holdout,2025-09,25,5,0.6207692307692307,0.8,0.04987202348565654,0.011074788871926824,0.03879723461372971
Rule[6M momentum top-k],holdout,2025-10,25,5,-0.44923076923076927,0.4,0.0211966475968004,0.013984389081040867,0.007212258515759533
Rule[6M momentum top-k],holdout,2025-11,25,5,0.4723076923076923,0.6,0.08209763849956464,0.020344462849746413,0.06175317564981823
Rule[6M momentum top-k],holdout,2025-12,25,5,0.013846153846153848,0.4,0.041813695233377524,0.0303859595642897,0.011427735669087825
Rule[6M momentum top-k],holdout,2026-01,25,5,0.25076923076923074,0.4,0.05881156876599343,0.03269640231379641,0.026115166452197018
Rule[6M momentum top-k],holdout,2026-02,25,5,-0.48923076923076925,0.2,-0.07298894059217284,-0.03656678394169601,-0.03642215665047683
Rule[6M momentum top-k],holdout,2026-03,25,5,-0.5038461538461538,0.0,0.01062977256211788,0.05167545879192894,-0.04104568622981106
Rule[Low volatility top-k],calibration,2018-01,25,5,0.4769230769230769,0.6,-0.01493323696353761,-0.03704501163071974,0.022111774667182133
Rule[Low volatility top-k],calibration,2018-02,25,5,0.49538461538461537,0.0,0.0063987282846307055,-0.004552094089959353,0.01095082237459006
Rule[Low volatility top-k],calibration,2018-03,25,5,-0.12384615384615384,0.0,-0.008422005356491801,0.0022899312248686153,-0.010711936581360416
Rule[Low volatility top-k],calibration,2018-04,25,5,-0.5207692307692308,0.0,0.00577161526939145,0.019812264778756476,-0.014040649509365025
Rule[Low volatility top-k],calibration,2018-05,25,5,0.3446153846153846,0.0,-0.0059249159519868975,-0.005640148385018442,-0.0002847675669684557
Rule[Low volatility top-k],calibration,2018-06,25,5,-0.45076923076923076,0.0,-0.0013967741691083058,0.021385612633670985,-0.022782386802779293
Rule[Low volatility top-k],calibration,2018-07,25,5,0.09846153846153846,0.0,-0.00022090805499546117,0.008831126318715347,-0.00905203437371081
Rule[Low volatility top-k],calibration,2018-08,25,5,-0.28307692307692306,0.0,-0.006192967007319661,0.005639670089144237,-0.0118326370964639
Rule[Low volatility top-k],calibration,2018-09,25,5,0.25769230769230766,0.2,-0.022264290390700124,-0.04687352289120669,0.02460923250050657
Rule[Low volatility top-k],calibration,2018-10,25,5,-0.39384615384615385,0.0,0.0066417482805499976,0.02176004119413726,-0.015118292913587262
Rule[Low volatility top-k],calibration,2018-11,25,5,0.76,0.6,0.017681666905462447,-0.06980647795258711,0.08748814485804957
Rule[Low volatility top-k],calibration,2018-12,25,5,-0.7907692307692307,0.0,0.01847052399147837,0.07806332128675256,-0.05959279729527418
Rule[Low volatility top-k],calibration,2019-01,25,5,-0.7307692307692306,0.0,-0.0009954588100451688,0.021543464495292385,-0.022538923305337553
Rule[Low volatility top-k],calibration,2019-02,25,5,-0.059230769230769226,0.2,0.024380716695245573,0.016645356717416623,0.0077353599778289504
Rule[Low volatility top-k],calibration,2019-03,25,5,-0.4415384615384615,0.0,0.001180137530346892,0.01569946574534561,-0.014519328214998718
Rule[Low volatility top-k],calibration,2019-04,25,5,0.6323076923076923,0.6,0.0008543572229332108,-0.03643857119406522,0.03729292841699843
Rule[Low volatility top-k],calibration,2019-05,25,5,-0.7307692307692306,0.0,0.02796183810285604,0.06020551854065295,-0.032243680437796914
Rule[Low volatility top-k],calibration,2019-06,25,5,0.25153846153846154,0.0,0.0022146112475515344,-0.001161249376473341,0.0033758606240248757
Rule[Low volatility top-k],calibration,2019-07,25,5,0.6061538461538462,0.4,0.03848244280862558,0.0027454521516335185,0.03573699065699206
Rule[Low volatility top-k],calibration,2019-08,25,5,-0.5007692307692309,0.2,0.0029209744967064965,0.014529095791450999,-0.011608121294744502
Rule[Low volatility top-k],calibration,2019-09,25,5,-0.37615384615384617,0.0,0.002984038511500975,0.018755396027266804,-0.01577135751576583
Rule[Low volatility top-k],calibration,2019-10,25,5,-0.44461538461538463,0.0,-0.006040167905032123,0.007860219229229685,-0.013900387134261808
Rule[Low volatility top-k],calibration,2019-11,25,5,-0.52,0.0,0.01273665477285999,0.032266381771987804,-0.019529726999127812
Rule[Low volatility top-k],calibration,2019-12,25,5,0.27999999999999997,0.2,0.010637656885832758,-0.007595654596109998,0.018233311481942755
Rule[Low volatility top-k],holdout,2020-01,25,5,0.23846153846153845,0.6,-0.007939245995957989,-0.054048476683959075,0.04610923068800109
Rule[Low volatility top-k],holdout,2020-02,25,5,0.6407692307692306,0.8,-0.029227420553090154,-0.14485397448749124,0.11562655393440108
Rule[Low volatility top-k],holdout,2020-03,25,5,-0.6576923076923078,0.0,0.019683627073350606,0.10528200713632334,-0.08559838006297274
Rule[Low volatility top-k],holdout,2020-04,25,5,-0.4084615384615385,0.0,0.018298019703110714,0.058123295956415334,-0.03982527625330462
Rule[Low volatility top-k],holdout,2020-05,25,5,-0.09692307692307693,0.0,0.009376384146327243,0.019992743992486173,-0.01061635984615893
Rule[Low volatility top-k],holdout,2020-06,25,5,0.05538461538461539,0.2,0.03769429585922324,0.05777399472309771,-0.020079698863874472
Rule[Low volatility top-k],holdout,2020-07,25,5,-0.32692307692307687,0.0,-0.0030737759801939823,0.036529711653833674,-0.039603487634027656
Rule[Low volatility top-k],holdout,2020-08,25,5,0.44538461538461543,0.4,-0.0008295205238535441,-0.027170321598357174,0.02634080107450363
Rule[Low volatility top-k],holdout,2020-09,25,5,-0.05538461538461539,0.2,-0.005619998536480475,-0.010365351788556043,0.004745353252075569
Rule[Low volatility top-k],holdout,2020-10,25,5,-0.5084615384615384,0.0,0.012747229746133204,0.08653840030647521,-0.073791170560342
Rule[Low volatility top-k],holdout,2020-11,25,5,-0.42846153846153845,0.0,0.001300683551519266,0.03422774515700446,-0.0329270616054852
Rule[Low volatility top-k],holdout,2020-12,25,5,-0.33384615384615385,0.0,-0.01169213290648563,0.0018480073568368294,-0.01354014026332246
Rule[Low volatility top-k],holdout,2021-01,25,5,-0.4123076923076923,0.0,-0.011889267357535881,0.01824998694856843,-0.030139254306104313
Rule[Low volatility top-k],holdout,2021-02,25,5,0.03153846153846154,0.2,0.010691659376751362,0.020199397593665406,-0.009507738216914044
Rule[Low volatility top-k],holdout,2021-03,25,5,-0.4176923076923077,0.0,0.009214193498770928,0.03918018080489045,-0.029965987306119518
Rule[Low volatility top-k],holdout,2021-04,25,5,-0.2230769230769231,0.0,0.005655021594189691,0.019048149908593888,-0.013393128314404198
Rule[Low volatility top-k],holdout,2021-05,25,5,-0.1346153846153846,0.0,0.013194074977227998,0.0034348765011974836,0.009759198476030514
Rule[Low volatility top-k],holdout,2021-06,25,5,0.2907692307692308,0.2,0.0186919383724089,0.009919196538945347,0.008772741833463554
Rule[Low volatility top-k],holdout,2021-07,25,5,-0.11538461538461539,0.0,0.0018402376762214124,0.010399606534442149,-0.008559368858220737
Rule[Low volatility top-k],holdout,2021-08,25,5,0.12153846153846154,0.6,-0.015355676825301012,-0.02915439890835376,0.013798722083052746
Rule[Low volatility top-k],holdout,2021-09,25,5,-0.5792307692307693,0.0,0.0028128001794925027,0.04854004612365783,-0.04572724594416533
Rule[Low volatility top-k],holdout,2021-10,25,5,0.3453846153846154,0.2,-0.0008418495521574698,-0.011523953062962708,0.010682103510805238
Rule[Low volatility top-k],holdout,2021-11,25,5,0.04923076923076923,0.2,0.018494552385999084,0.030873379606091208,-0.012378827220092124
Rule[Low volatility top-k],holdout,2021-12,25,5,0.1723076923076923,0.2,-0.015051959154463713,-0.028729917514140845,0.013677958359677132
Rule[Low volatility top-k],holdout,2022-01,25,5,0.1476923076923077,0.2,0.006221292904381848,-0.008969478289536582,0.015190771193918429
Rule[Low volatility top-k],holdout,2022-02,25,5,-0.4761538461538461,0.0,-0.024334121397442843,0.02565494559840393,-0.04998906699584677
Rule[Low volatility top-k],holdout,2022-03,25,5,0.5392307692307693,0.4,-0.024203582618331866,-0.059535584884574735,0.03533200226624287
Rule[Low volatility top-k],holdout,2022-04,25,5,-0.02923076923076923,0.2,0.011217627541677743,0.010536863418915727,0.0006807641227620162
Rule[Low volatility top-k],holdout,2022-05,25,5,0.7715384615384615,0.4,-0.02654011780890906,-0.07287348328902624,0.04633336548011718
Rule[Low volatility top-k],holdout,2022-06,25,5,-0.7500000000000001,0.0,0.02160276671574386,0.05655602302922773,-0.034953256313483866
Rule[Low volatility top-k],holdout,2022-07,25,5,0.03923076923076923,0.2,-0.038392315425403355,-0.03955624001204256,0.0011639245866392062
Rule[Low volatility top-k],holdout,2022-08,25,5,0.3776923076923077,0.6,-0.024893003402085622,-0.05692389977247783,0.032030896370392206
Rule[Low volatility top-k],holdout,2022-09,25,5,-0.4323076923076923,0.0,-0.0006558524810394983,0.05320740610992971,-0.05386325859096921
Rule[Low volatility top-k],holdout,2022-10,25,5,0.036923076923076927,0.2,0.042280661061741796,0.056795291909799935,-0.014514630848058138
Rule[Low volatility top-k],holdout,2022-11,25,5,0.6061538461538462,0.8,-5.002904396329555e-05,-0.030486275288491953,0.030436246244528658
Rule[Low volatility top-k],holdout,2022-12,25,5,-0.4592307692307693,0.0,0.017971406679252833,0.04535181789737403,-0.0273804112181212
Rule[Low volatility top-k],holdout,2023-01,25,5,0.12692307692307694,0.2,-0.0330168342889404,-0.0367885463759981,0.003771712087057698
Rule[Low volatility top-k],holdout,2023-02,25,5,-0.11615384615384615,0.0,0.028793446782610754,0.028008922392958335,0.0007845243896524197
Rule[Low volatility top-k],holdout,2023-03,25,5,0.12461538461538461,0.2,0.008540544429341513,0.008176745169681605,0.0003637992596599079
Rule[Low volatility top-k],holdout,2023-04,25,5,0.2169230769230769,0.2,-0.017829102636200255,-0.022281772118893938,0.004452669482693683
Rule[Low volatility top-k],holdout,2023-05,25,5,-0.4576923076923077,0.0,0.005453760074801162,0.04213855709436727,-0.03668479701956611
Rule[Low volatility top-k],holdout,2023-06,25,5,-0.5384615384615384,0.0,0.003186605190035041,0.024872348419345748,-0.021685743229310706
Rule[Low volatility top-k],holdout,2023-07,25,5,0.03923076923076923,0.4,-0.005983361812896626,-0.011716302497952963,0.005732940685056337
Rule[Low volatility top-k],holdout,2023-08,25,5,0.5192307692307693,0.6,-0.03107224366720156,-0.052001268865308245,0.020929025198106684
Rule[Low volatility top-k],holdout,2023-09,25,5,0.3876923076923077,0.4,0.010490280072262248,-0.014257896136080995,0.024748176208343242
Rule[Low volatility top-k],holdout,2023-10,25,5,-0.4992307692307692,0.0,0.05234741367169171,0.07028744636270544,-0.017940032691013727
Rule[Low volatility top-k],holdout,2023-11,25,5,-0.21923076923076923,0.0,0.03121704475371261,0.03833103724293837,-0.00711399248922576
Rule[Low volatility top-k],holdout,2023-12,25,5,0.6476923076923076,0.0,0.009951181012627819,-0.0016680895872055678,0.011619270599833387
Rule[Low volatility top-k],holdout,2024-01,25,5,-0.17076923076923078,0.0,-0.006869489321407895,0.02200752473323249,-0.028877014054640385
Rule[Low volatility top-k],holdout,2024-02,25,5,-0.29923076923076924,0.0,0.01069162661643035,0.03547268751142166,-0.024781060894991307
Rule[Low volatility top-k],holdout,2024-03,25,5,0.2753846153846154,0.2,-0.022827922152275738,-0.03038395807888956,0.007556035926613823
Rule[Low volatility top-k],holdout,2024-04,25,5,-0.5692307692307692,0.0,0.01719339218963394,0.038582390325294924,-0.021388998135660985
Rule[Low volatility top-k],holdout,2024-05,25,5,0.03153846153846154,0.0,0.004056532466879426,0.005875058071763899,-0.0018185256048844738
Rule[Low volatility top-k],holdout,2024-06,25,5,-0.016923076923076923,0.0,0.023964331473353306,0.03019923112649143,-0.006234899653138122
Rule[Low volatility top-k],holdout,2024-07,25,5,0.43153846153846154,0.2,0.020432996397506554,0.013461759985491257,0.006971236412015297
Rule[Low volatility top-k],holdout,2024-08,25,5,-0.3853846153846154,0.0,0.01397113629283524,0.030435595427475048,-0.016464459134639807
Rule[Low volatility top-k],holdout,2024-09,25,5,-0.4646153846153846,0.0,-0.02280800205134694,-0.010666003725532471,-0.01214199832581447
Rule[Low volatility top-k],holdout,2024-10,25,5,-0.19384615384615386,0.0,0.014785402599251717,0.028550634949502017,-0.0137652323502503
Rule[Low volatility top-k],holdout,2024-11,25,5,-0.009230769230769232,0.2,-0.018658216777069202,-0.037556865254102324,0.018898648477033122
Rule[Low volatility top-k],holdout,2024-12,25,5,-0.052307692307692305,0.0,0.0038988230587390094,0.01685734425500113,-0.012958521196262122
Rule[Low volatility top-k],holdout,2025-01,25,5,0.19307692307692306,0.2,0.02254686424560126,0.01871619850118452,0.0038306657444167405
Rule[Low volatility top-k],holdout,2025-02,25,5,0.37,0.2,-0.007936330952802061,-0.017615811704947148,0.009679480752145087
Rule[Low volatility top-k],holdout,2025-03,25,5,0.019999999999999997,0.2,-0.01426219837821705,-0.011693621348026215,-0.002568577030190835
Rule[Low volatility top-k],holdout,2025-04,25,5,-0.8323076923076923,0.0,-0.010007857307922797,0.028813092510935827,-0.03882094981885863
Rule[Low volatility top-k],holdout,2025-05,25,5,-0.5453846153846154,0.0,0.020928175994167297,0.030568302157011992,-0.009640126162844695
Rule[Low volatility top-k],holdout,2025-06,25,5,-0.2953846153846154,0.0,0.0021621898258372243,0.006917561514269979,-0.004755371688432755
Rule[Low volatility top-k],holdout,2025-07,25,5,-0.5323076923076923,0.0,0.004949725412931638,0.021690514569325015,-0.016740789156393376
Rule[Low volatility top-k],holdout,2025-08,25,5,-0.12692307692307694,0.0,0.02025759013622701,0.03573153725638026,-0.015473947120153247
Rule[Low volatility top-k],holdout,2025-09,25,5,-0.07999999999999999,0.2,0.006687719267792103,0.011074788871926824,-0.004387069604134722
Rule[Low volatility top-k],holdout,2025-10,25,5,-0.16153846153846155,0.0,0.0031288632408483564,0.013984389081040867,-0.01085552584019251
Rule[Low volatility top-k],holdout,2025-11,25,5,-0.41692307692307695,0.0,-0.00031297102988474544,0.020344462849746413,-0.02065743387963116
Rule[Low volatility top-k],holdout,2025-12,25,5,-0.34307692307692306,0.0,0.0008377098549657402,0.0303859595642897,-0.02954824970932396
Rule[Low volatility top-k],holdout,2026-01,25,5,-0.2346153846153846,0.0,0.013938720877745859,0.03269640231379641,-0.018757681436050555
Rule[Low volatility top-k],holdout,2026-02,25,5,0.1476923076923077,0.4,-0.016534365505025385,-0.03656678394169601,0.020032418436670626
Rule[Low volatility top-k],holdout,2026-03,25,5,-0.16153846153846155,0.0,0.00289783482366357,0.05167545879192894,-0.04877762396826537
Rule[Risk-adjusted momentum top-k],calibration,2018-01,25,5,0.10615384615384615,0.2,-0.027569992550968127,-0.03704501163071974,0.009475019079751616
Rule[Risk-adjusted momentum top-k],calibration,2018-02,25,5,-0.7961538461538461,0.0,-0.0403812253255351,-0.004552094089959353,-0.03582913123557575
Rule[Risk-adjusted momentum top-k],calibration,2018-03,25,5,0.018461538461538463,0.4,0.002418986522615718,0.0022899312248686153,0.0001290552977471029
Rule[Risk-adjusted momentum top-k],calibration,2018-04,25,5,0.06538461538461539,0.4,0.03069718281157179,0.019812264778756476,0.010884918032815313
Rule[Risk-adjusted momentum top-k],calibration,2018-05,25,5,0.3161538461538462,0.0,-0.010884768430752234,-0.005640148385018442,-0.005244620045733792
Rule[Risk-adjusted momentum top-k],calibration,2018-06,25,5,-0.3823076923076923,0.0,0.009554517492857673,0.021385612633670985,-0.011831095140813312
Rule[Risk-adjusted momentum top-k],calibration,2018-07,25,5,0.6307692307692307,0.2,0.01984839254555575,0.008831126318715347,0.011017266226840402
Rule[Risk-adjusted momentum top-k],calibration,2018-08,25,5,-0.09692307692307693,0.2,0.007619124280679279,0.005639670089144237,0.0019794541915350416
Rule[Risk-adjusted momentum top-k],calibration,2018-09,25,5,-0.4146153846153846,0.0,-0.07943316415986224,-0.04687352289120669,-0.03255964126865554
Rule[Risk-adjusted momentum top-k],calibration,2018-10,25,5,-0.022307692307692306,0.2,0.033663643780336816,0.02176004119413726,0.011903602586199557
Rule[Risk-adjusted momentum top-k],calibration,2018-11,25,5,0.21999999999999997,0.0,-0.08815069130996755,-0.06980647795258711,-0.018344213357380443
Rule[Risk-adjusted momentum top-k],calibration,2018-12,25,5,-0.793076923076923,0.0,0.015265253523940281,0.07806332128675256,-0.06279806776281227
Rule[Risk-adjusted momentum top-k],calibration,2019-01,25,5,-0.7384615384615385,0.0,-0.007687731019072608,0.021543464495292385,-0.029231195514364993
Rule[Risk-adjusted momentum top-k],calibration,2019-02,25,5,0.07384615384615385,0.4,0.01956267168255541,0.016645356717416623,0.002917314965138789
Rule[Risk-adjusted momentum top-k],calibration,2019-03,25,5,0.2276923076923077,0.2,0.01135229727606062,0.01569946574534561,-0.004347168469284991
Rule[Risk-adjusted momentum top-k],calibration,2019-04,25,5,-0.5823076923076923,0.0,-0.08395220525658087,-0.03643857119406522,-0.04751363406251565
Rule[Risk-adjusted momentum top-k],calibration,2019-05,25,5,-0.5723076923076923,0.0,0.017605036368933735,0.06020551854065295,-0.04260048217171922
Rule[Risk-adjusted momentum top-k],calibration,2019-06,25,5,0.3884615384615384,0.2,0.0038083413635314088,-0.001161249376473341,0.00496959074000475
Rule[Risk-adjusted momentum top-k],calibration,2019-07,25,5,0.4653846153846154,0.6,0.07224769572221987,0.0027454521516335185,0.06950224357058635
Rule[Risk-adjusted momentum top-k],calibration,2019-08,25,5,-0.703076923076923,0.2,-0.030067951958629057,0.014529095791450999,-0.044597047750080054
Rule[Risk-adjusted momentum top-k],calibration,2019-09,25,5,-0.19230769230769232,0.2,0.015139564243619041,0.018755396027266804,-0.003615831783647763
Rule[Risk-adjusted momentum top-k],calibration,2019-10,25,5,-0.13538461538461538,0.2,-0.006861785117677366,0.007860219229229685,-0.014722004346907052
Rule[Risk-adjusted momentum top-k],calibration,2019-11,25,5,-0.08538461538461539,0.2,0.033764709803579415,0.032266381771987804,0.0014983280315916114
Rule[Risk-adjusted momentum top-k],calibration,2019-12,25,5,-0.46384615384615385,0.2,-0.011155361286833832,-0.007595654596109998,-0.003559706690723834
Rule[Risk-adjusted momentum top-k],holdout,2020-01,25,5,-0.04538461538461538,0.2,-0.05453703258087348,-0.054048476683959075,-0.0004885558969144055
Rule[Risk-adjusted momentum top-k],holdout,2020-02,25,5,0.8484615384615384,1.0,0.011605934867512135,-0.14485397448749124,0.15645990935500337
Rule[Risk-adjusted momentum top-k],holdout,2020-03,25,5,-0.45230769230769236,0.0,0.022697559544136058,0.10528200713632334,-0.08258444759218728
Rule[Risk-adjusted momentum top-k],holdout,2020-04,25,5,-0.41000000000000003,0.0,0.024343488097882005,0.058123295956415334,-0.03377980785853333
Rule[Risk-adjusted momentum top-k],holdout,2020-05,25,5,0.07307692307692308,0.4,0.03644296028853331,0.019992743992486173,0.01645021629604714
Rule[Risk-adjusted momentum top-k],holdout,2020-06,25,5,0.4723076923076923,0.6,0.13263396038316197,0.05777399472309771,0.07485996566006425
Rule[Risk-adjusted momentum top-k],holdout,2020-07,25,5,0.643076923076923,0.8,0.10221265583802915,0.036529711653833674,0.06568294418419547
Rule[Risk-adjusted momentum top-k],holdout,2020-08,25,5,-0.3946153846153846,0.0,-0.06405815022410707,-0.027170321598357174,-0.0368878286257499
Rule[Risk-adjusted momentum top-k],holdout,2020-09,25,5,-0.15153846153846154,0.2,-0.020108462763119127,-0.010365351788556043,-0.009743110974563084
Rule[Risk-adjusted momentum top-k],holdout,2020-10,25,5,-0.06307692307692309,0.2,0.07308397665372765,0.08653840030647521,-0.013454423652747557
Rule[Risk-adjusted momentum top-k],holdout,2020-11,25,5,0.2723076923076923,0.2,0.037783321764222985,0.03422774515700446,0.0035555766072185233
Rule[Risk-adjusted momentum top-k],holdout,2020-12,25,5,0.2784615384615384,0.4,0.0040147337001256835,0.0018480073568368294,0.002166726343288854
Rule[Risk-adjusted momentum top-k],holdout,2021-01,25,5,0.5969230769230769,0.8,0.1070913250618013,0.01824998694856843,0.08884133811323287
Rule[Risk-adjusted momentum top-k],holdout,2021-02,25,5,0.1576923076923077,0.0,0.006497150177348132,0.020199397593665406,-0.013702247416317273
Rule[Risk-adjusted momentum top-k],holdout,2021-03,25,5,0.3815384615384615,0.4,0.04545929249507656,0.03918018080489045,0.0062791116901861135
Rule[Risk-adjusted momentum top-k],holdout,2021-04,25,5,0.2230769230769231,0.4,0.03638420641688578,0.019048149908593888,0.01733605650829189
Rule[Risk-adjusted momentum top-k],holdout,2021-05,25,5,-0.19230769230769232,0.4,-0.007910059802677828,0.0034348765011974836,-0.01134493630387531
Rule[Risk-adjusted momentum top-k],holdout,2021-06,25,5,0.1769230769230769,0.6,0.006617199878554958,0.009919196538945347,-0.003301996660390389
Rule[Risk-adjusted momentum top-k],holdout,2021-07,25,5,0.43076923076923074,0.2,0.013678296031946924,0.010399606534442149,0.003278689497504775
Rule[Risk-adjusted momentum top-k],holdout,2021-08,25,5,-0.3869230769230769,0.0,-0.055606858399515804,-0.02915439890835376,-0.026452459491162046
Rule[Risk-adjusted momentum top-k],holdout,2021-09,25,5,0.3276923076923077,0.8,0.0803105412012306,0.04854004612365783,0.03177049507757277
Rule[Risk-adjusted momentum top-k],holdout,2021-10,25,5,0.011538461538461539,0.6,-0.00260554115063496,-0.011523953062962708,0.008918411912327747
Rule[Risk-adjusted momentum top-k],holdout,2021-11,25,5,-0.07923076923076922,0.0,0.003378365265985517,0.030873379606091208,-0.027495014340105692
Rule[Risk-adjusted momentum top-k],holdout,2021-12,25,5,-0.48538461538461536,0.0,-0.05676854607298674,-0.028729917514140845,-0.028038628558845893
Rule[Risk-adjusted momentum top-k],holdout,2022-01,25,5,0.16692307692307692,0.4,0.02446533593111746,-0.008969478289536582,0.033434814220654044
Rule[Risk-adjusted momentum top-k],holdout,2022-02,25,5,0.08307692307692309,0.4,0.03254789974994741,0.02565494559840393,0.006892954151543479
Rule[Risk-adjusted momentum top-k],holdout,2022-03,25,5,0.5430769230769231,0.6,-0.02693014431414138,-0.059535584884574735,0.03260544057043335
Rule[Risk-adjusted momentum top-k],holdout,2022-04,25,5,0.18076923076923077,0.6,0.04718215112832687,0.010536863418915727,0.03664528770941114
Rule[Risk-adjusted momentum top-k],holdout,2022-05,25,5,0.2069230769230769,0.2,-0.0931675544083325,-0.07287348328902624,-0.02029407111930627
Rule[Risk-adjusted momentum top-k],holdout,2022-06,25,5,-0.7515384615384615,0.0,0.016232496288198627,0.05655602302922773,-0.0403235267410291
Rule[Risk-adjusted momentum top-k],holdout,2022-07,25,5,0.24230769230769234,0.4,-0.022394344928189546,-0.03955624001204256,0.017161895083853015
Rule[Risk-adjusted momentum top-k],holdout,2022-08,25,5,-0.04923076923076923,0.2,-0.06259785869659913,-0.05692389977247783,-0.0056739589241213
Rule[Risk-adjusted momentum top-k],holdout,2022-09,25,5,-0.15692307692307692,0.2,0.06694984331529638,0.05320740610992971,0.013742437205366671
Rule[Risk-adjusted momentum top-k],holdout,2022-10,25,5,-0.3515384615384615,0.0,0.04984331087812248,0.056795291909799935,-0.006951981031677455
Rule[Risk-adjusted momentum top-k],holdout,2022-11,25,5,-0.04076923076923076,0.2,-0.018609548475818173,-0.030486275288491953,0.01187672681267378
Rule[Risk-adjusted momentum top-k],holdout,2022-12,25,5,-0.5838461538461539,0.0,0.030532741237789353,0.04535181789737403,-0.014819076659584679
Rule[Risk-adjusted momentum top-k],holdout,2023-01,25,5,-0.1623076923076923,0.0,-0.05392421352624903,-0.0367885463759981,-0.01713566715025093
Rule[Risk-adjusted momentum top-k],holdout,2023-02,25,5,-0.3246153846153846,0.2,0.005874044951165658,0.028008922392958335,-0.022134877441792676
Rule[Risk-adjusted momentum top-k],holdout,2023-03,25,5,0.14846153846153848,0.4,0.026638020674676976,0.008176745169681605,0.01846127550499537
Rule[Risk-adjusted momentum top-k],holdout,2023-04,25,5,0.36,0.4,0.004861949667096144,-0.022281772118893938,0.02714372178599008
Rule[Risk-adjusted momentum top-k],holdout,2023-05,25,5,-0.17615384615384613,0.2,0.060855357603861425,0.04213855709436727,0.018716800509494154
Rule[Risk-adjusted momentum top-k],holdout,2023-06,25,5,-0.057692307692307696,0.0,0.02499175550015025,0.024872348419345748,0.00011940708080450044
Rule[Risk-adjusted momentum top-k],holdout,2023-07,25,5,-0.003076923076923077,0.0,-0.012326871216307489,-0.011716302497952963,-0.0006105687183545257
Rule[Risk-adjusted momentum top-k],holdout,2023-08,25,5,-0.006153846153846154,0.2,-0.04725026726480295,-0.052001268865308245,0.004751001600505296
Rule[Risk-adjusted momentum top-k],holdout,2023-09,25,5,-0.04461538461538461,0.2,-0.023568785686397954,-0.014257896136080995,-0.00931088955031696
Rule[Risk-adjusted momentum top-k],holdout,2023-10,25,5,-0.3861538461538461,0.0,0.007373666813177637,0.07028744636270544,-0.0629137795495278
Rule[Risk-adjusted momentum top-k],holdout,2023-11,25,5,0.050769230769230775,0.0,0.024504127867550275,0.03833103724293837,-0.013826909375388094
Rule[Risk-adjusted momentum top-k],holdout,2023-12,25,5,0.06923076923076923,0.4,-0.008419418734842598,-0.0016680895872055678,-0.00675132914763703
Rule[Risk-adjusted momentum top-k],holdout,2024-01,25,5,0.35,0.4,0.042471505113902144,0.02200752473323249,0.020463980380669655
Rule[Risk-adjusted momentum top-k],holdout,2024-02,25,5,-0.15000000000000002,0.0,0.029524814823074765,0.03547268751142166,-0.005947872688346893
Rule[Risk-adjusted momentum top-k],holdout,2024-03,25,5,-0.30999999999999994,0.0,-0.048296637932947986,-0.03038395807888956,-0.017912679854058425
Rule[Risk-adjusted momentum top-k],holdout,2024-04,25,5,0.06923076923076923,0.4,0.05366277465800069,0.038582390325294924,0.015080384332705768
Rule[Risk-adjusted momentum top-k],holdout,2024-05,25,5,-0.3646153846153847,0.2,-0.010970902903847146,0.005875058071763899,-0.016845960975611043
Rule[Risk-adjusted momentum top-k],holdout,2024-06,25,5,-0.5015384615384615,0.0,0.000959514481856627,0.03019923112649143,-0.029239716644634803
Rule[Risk-adjusted momentum top-k],holdout,2024-07,25,5,0.16461538461538464,0.4,0.022174553896678793,0.013461759985491257,0.008712793911187537
Rule[Risk-adjusted momentum top-k],holdout,2024-08,25,5,0.013076923076923076,0.2,0.025631191577238366,0.030435595427475048,-0.004804403850236682
Rule[Risk-adjusted momentum top-k],holdout,2024-09,25,5,0.08384615384615385,0.2,-0.0066180674391357105,-0.010666003725532471,0.004047936286396761
Rule[Risk-adjusted momentum top-k],holdout,2024-10,25,5,0.2692307692307692,0.4,0.028939232109838554,0.028550634949502017,0.00038859716033653666
Rule[Risk-adjusted momentum top-k],holdout,2024-11,25,5,-0.2946153846153846,0.2,-0.053932543772108744,-0.037556865254102324,-0.01637567851800642
Rule[Risk-adjusted momentum top-k],holdout,2024-12,25,5,-0.27615384615384614,0.2,0.0047395836184158215,0.01685734425500113,-0.01211776063658531
Rule[Risk-adjusted momentum top-k],holdout,2025-01,25,5,-0.6484615384615384,0.0,0.0010557498916752284,0.01871619850118452,-0.017660448609509292
Rule[Risk-adjusted momentum top-k],holdout,2025-02,25,5,0.28538461538461535,0.4,0.007963967306285236,-0.017615811704947148,0.025579779011232383
Rule[Risk-adjusted momentum top-k],holdout,2025-03,25,5,-0.19307692307692306,0.4,-0.042265171695962625,-0.011693621348026215,-0.030571550347936412
Rule[Risk-adjusted momentum top-k],holdout,2025-04,25,5,-0.45615384615384613,0.0,0.027039901628642005,0.028813092510935827,-0.0017731908822938222
Rule[Risk-adjusted momentum top-k],holdout,2025-05,25,5,-0.03307692307692307,0.2,0.025574273911795075,0.030568302157011992,-0.004994028245216917
Rule[Risk-adjusted momentum top-k],holdout,2025-06,25,5,0.18,0.4,0.010279338832540974,0.006917561514269979,0.0033617773182709953
Rule[Risk-adjusted momentum top-k],holdout,2025-07,25,5,-0.03230769230769231,0.0,-0.00017155247819660157,0.021690514569325015,-0.021862067047521618
Rule[Risk-adjusted momentum top-k],holdout,2025-08,25,5,0.5192307692307693,0.6,0.08324954148874397,0.03573153725638026,0.047518004232363714
Rule[Risk-adjusted momentum top-k],holdout,2025-09,25,5,0.7346153846153847,0.6,0.04182103068450234,0.011074788871926824,0.030746241812575514
Rule[Risk-adjusted momentum top-k],holdout,2025-10,25,5,-0.3815384615384615,0.4,0.0211966475968004,0.013984389081040867,0.007212258515759533
Rule[Risk-adjusted momentum top-k],holdout,2025-11,25,5,0.3246153846153846,0.2,0.06731973222915133,0.020344462849746413,0.04697526937940492
Rule[Risk-adjusted momentum top-k],holdout,2025-12,25,5,0.10615384615384615,0.4,0.052633408923533034,0.0303859595642897,0.022247449359243335
Rule[Risk-adjusted momentum top-k],holdout,2026-01,25,5,0.4553846153846154,0.8,0.1028346052304161,0.03269640231379641,0.07013820291661968
Rule[Risk-adjusted momentum top-k],holdout,2026-02,25,5,-0.5507692307692308,0.2,-0.06815531102778963,-0.03656678394169601,-0.03158852708609362
Rule[Risk-adjusted momentum top-k],holdout,2026-03,25,5,-0.4692307692307692,0.0,0.01062977256211788,0.05167545879192894,-0.04104568622981106
FeatureSensitivity[full][XGBoost light],holdout,2020-01,25,5,-0.4623076923076923,0.0,-0.09036339147821579,-0.054048476683959075,-0.03631491479425671
FeatureSensitivity[full][XGBoost light],holdout,2020-02,25,5,-0.6615384615384615,0.0,-0.2407518579661329,-0.14485397448749124,-0.09589788347864167
FeatureSensitivity[full][XGBoost light],holdout,2020-03,25,5,-0.4776923076923077,0.2,0.07236668068926022,0.10528200713632334,-0.03291532644706312
FeatureSensitivity[full][XGBoost light],holdout,2020-04,25,5,-0.05846153846153846,0.2,0.06433522783297267,0.058123295956415334,0.0062119318765573375
FeatureSensitivity[full][XGBoost light],holdout,2020-05,25,5,0.20615384615384616,0.0,0.020457252073089682,0.019992743992486173,0.00046450808060350887
FeatureSensitivity[full][XGBoost light],holdout,2020-06,25,5,0.4123076923076923,0.2,0.06151273760457894,0.05777399472309771,0.0037387428814812315
FeatureSensitivity[full][XGBoost light],holdout,2020-07,25,5,0.19230769230769232,0.6,0.07256409279447396,0.036529711653833674,0.03603438114064028
FeatureSensitivity[full][XGBoost light],holdout,2020-08,25,5,-0.19,0.2,-0.07813314759040509,-0.027170321598357174,-0.05096282599204791
FeatureSensitivity[full][XGBoost light],holdout,2020-09,25,5,-0.04076923076923076,0.0,-0.02509439867834722,-0.010365351788556043,-0.014729046889791176
FeatureSensitivity[full][XGBoost light],holdout,2020-10,25,5,0.31769230769230766,0.4,0.1301420113537311,0.08653840030647521,0.043603611047255894
FeatureSensitivity[full][XGBoost light],holdout,2020-11,25,5,0.13,0.4,0.05706857201564477,0.03422774515700446,0.022840826858640306
FeatureSensitivity[full][XGBoost light],holdout,2020-12,25,5,0.03461538461538462,0.2,0.009885485213761624,0.0018480073568368294,0.008037477856924794
FeatureSensitivity[full][XGBoost light],holdout,2021-01,25,5,0.07461538461538461,0.4,0.06465845082141594,0.01824998694856843,0.046408463872847514
FeatureSensitivity[full][XGBoost light],holdout,2021-02,25,5,0.2623076923076923,0.2,0.028423554952333972,0.020199397593665406,0.008224157358668566
FeatureSensitivity[full][XGBoost light],holdout,2021-03,25,5,0.27,0.2,0.03901210220823348,0.03918018080489045,-0.00016807859665696895
FeatureSensitivity[full][XGBoost light],holdout,2021-04,25,5,0.07153846153846154,0.4,0.021032832810089365,0.019048149908593888,0.001984682901495477
FeatureSensitivity[full][XGBoost light],holdout,2021-05,25,5,0.0,0.2,-0.0014138233986918936,0.0034348765011974836,-0.004848699899889377
FeatureSensitivity[full][XGBoost light],holdout,2021-06,25,5,-0.15153846153846154,0.4,0.011521967799567512,0.009919196538945347,0.0016027712606221656
FeatureSensitivity[full][XGBoost light],holdout,2021-07,25,5,-0.21615384615384614,0.2,0.010109846200814477,0.010399606534442149,-0.0002897603336276724
FeatureSensitivity[full][XGBoost light],holdout,2021-08,25,5,-0.11846153846153845,0.2,-0.017898580002260543,-0.02915439890835376,0.011255818906093215
FeatureSensitivity[full][XGBoost light],holdout,2021-09,25,5,0.5107692307692308,0.2,0.06507535633011048,0.04854004612365783,0.01653531020645265
FeatureSensitivity[full][XGBoost light],holdout,2021-10,25,5,-0.3892307692307692,0.0,-0.03090972430119132,-0.011523953062962708,-0.019385771238228613
FeatureSensitivity[full][XGBoost light],holdout,2021-11,25,5,0.3738461538461539,0.4,0.04011035390480826,0.030873379606091208,0.00923697429871705
FeatureSensitivity[full][XGBoost light],holdout,2021-12,25,5,0.4115384615384615,0.6,0.04432134122023164,-0.028729917514140845,0.07305125873437249
FeatureSensitivity[full][XGBoost light],holdout,2022-01,25,5,-0.07769230769230769,0.2,-0.014261925256234686,-0.008969478289536582,-0.0052924469666981045
FeatureSensitivity[full][XGBoost light],holdout,2022-02,25,5,0.5007692307692309,0.4,0.06525997583675984,0.02565494559840393,0.03960503023835591
FeatureSensitivity[full][XGBoost light],holdout,2022-03,25,5,0.08538461538461539,0.6,-0.03778544813180227,-0.059535584884574735,0.021750136752772466
FeatureSensitivity[full][XGBoost light],holdout,2022-04,25,5,-0.01923076923076923,0.2,0.005989871658459878,0.010536863418915727,-0.0045469917604558496
FeatureSensitivity[full][XGBoost light],holdout,2022-05,25,5,-0.29692307692307696,0.2,-0.09383041024271763,-0.07287348328902624,-0.02095692695369139
FeatureSensitivity[full][XGBoost light],holdout,2022-06,25,5,0.17307692307692307,0.2,0.07981813655172157,0.05655602302922773,0.02326211352249384
FeatureSensitivity[full][XGBoost light],holdout,2022-07,25,5,0.04461538461538461,0.4,-0.042738056407059674,-0.03955624001204256,-0.0031818163950171133
FeatureSensitivity[full][XGBoost light],holdout,2022-08,25,5,-0.20384615384615384,0.2,-0.04635060859982996,-0.05692389977247783,0.010573291172647874
FeatureSensitivity[full][XGBoost light],holdout,2022-09,25,5,-0.2053846153846154,0.0,0.04731387424630449,0.05320740610992971,-0.00589353186362522
FeatureSensitivity[full][XGBoost light],holdout,2022-10,25,5,0.11307692307692309,0.2,0.0404698381926647,0.056795291909799935,-0.016325453717135237
FeatureSensitivity[full][XGBoost light],holdout,2022-11,25,5,-0.25769230769230766,0.0,-0.05255606673048472,-0.030486275288491953,-0.022069791441992767
FeatureSensitivity[full][XGBoost light],holdout,2022-12,25,5,0.2653846153846154,0.4,0.06230112042322393,0.04535181789737403,0.016949302525849898
FeatureSensitivity[full][XGBoost light],holdout,2023-01,25,5,-0.2892307692307692,0.2,-0.05137862098483348,-0.0367885463759981,-0.01459007460883538
FeatureSensitivity[full][XGBoost light],holdout,2023-02,25,5,0.15153846153846154,0.2,0.06041346586067333,0.028008922392958335,0.032404543467715
FeatureSensitivity[full][XGBoost light],holdout,2023-03,25,5,-0.15846153846153843,0.2,0.013558727753333555,0.008176745169681605,0.00538198258365195
FeatureSensitivity[full][XGBoost light],holdout,2023-04,25,5,-0.37846153846153846,0.2,-0.03360370693275969,-0.022281772118893938,-0.011321934813865755
FeatureSensitivity[full][XGBoost light],holdout,2023-05,25,5,0.30000000000000004,0.4,0.047242754971163946,0.04213855709436727,0.005104197876796675
FeatureSensitivity[full][XGBoost light],holdout,2023-06,25,5,0.22615384615384618,0.2,0.025774898799855617,0.024872348419345748,0.0009025503805098686
FeatureSensitivity[full][XGBoost light],holdout,2023-07,25,5,-0.11153846153846154,0.4,-0.008704932429997592,-0.011716302497952963,0.0030113700679553716
FeatureSensitivity[full][XGBoost light],holdout,2023-08,25,5,-0.67,0.0,-0.07815550238900046,-0.052001268865308245,-0.026154233523692214
FeatureSensitivity[full][XGBoost light],holdout,2023-09,25,5,-0.3453846153846154,0.4,-0.017265494499347268,-0.014257896136080995,-0.003007598363266273
FeatureSensitivity[full][XGBoost light],holdout,2023-10,25,5,0.42923076923076925,0.6,0.11052933165187846,0.07028744636270544,0.040241885289173024
FeatureSensitivity[full][XGBoost light],holdout,2023-11,25,5,-0.10692307692307691,0.2,0.017093661247971383,0.03833103724293837,-0.021237375994966987
FeatureSensitivity[full][XGBoost light],holdout,2023-12,25,5,-0.42076923076923073,0.2,-0.005146623302128561,-0.0016680895872055678,-0.0034785337149229934
FeatureSensitivity[full][XGBoost light],holdout,2024-01,25,5,0.10615384615384615,0.2,0.023389886523352964,0.02200752473323249,0.0013823617901204746
FeatureSensitivity[full][XGBoost light],holdout,2024-02,25,5,0.1676923076923077,0.4,0.053434211794731866,0.03547268751142166,0.017961524283310208
FeatureSensitivity[full][XGBoost light],holdout,2024-03,25,5,-0.11923076923076922,0.2,-0.04793416586078936,-0.03038395807888956,-0.017550207781899797
FeatureSensitivity[full][XGBoost light],holdout,2024-04,25,5,0.06692307692307692,0.2,0.0441075424895002,0.038582390325294924,0.005525152164205273
FeatureSensitivity[full][XGBoost light],holdout,2024-05,25,5,-0.15153846153846154,0.2,0.0020806734946980264,0.005875058071763899,-0.003794384577065873
FeatureSensitivity[full][XGBoost light],holdout,2024-06,25,5,0.19846153846153847,0.4,0.024047849225269747,0.03019923112649143,-0.0061513819012216815
FeatureSensitivity[full][XGBoost light],holdout,2024-07,25,5,-0.3446153846153846,0.0,-0.020600099163673356,0.013461759985491257,-0.03406185914916461
FeatureSensitivity[full][XGBoost light],holdout,2024-08,25,5,0.35,0.4,0.0427808980746925,0.030435595427475048,0.012345302647217452
FeatureSensitivity[full][XGBoost light],holdout,2024-09,25,5,0.010769230769230769,0.4,-0.008335816388919625,-0.010666003725532471,0.002330187336612846
FeatureSensitivity[full][XGBoost light],holdout,2024-10,25,5,-0.08615384615384615,0.0,0.004123154712645727,0.028550634949502017,-0.02442748023685629
FeatureSensitivity[full][XGBoost light],holdout,2024-11,25,5,-0.14615384615384616,0.2,-0.03317553553066701,-0.037556865254102324,0.004381329723435315
FeatureSensitivity[full][XGBoost light],holdout,2024-12,25,5,0.4123076923076923,0.6,0.03688706111359204,0.01685734425500113,0.020029716858590906
FeatureSensitivity[full][XGBoost light],holdout,2025-01,25,5,0.1992307692307692,0.4,0.028458712122405583,0.01871619850118452,0.009742513621221062
FeatureSensitivity[full][XGBoost light],holdout,2025-02,25,5,-0.09384615384615384,0.2,-0.037977445275411116,-0.017615811704947148,-0.020361633570463968
FeatureSensitivity[full][XGBoost light],holdout,2025-03,25,5,-0.014615384615384615,0.2,0.004052805127211401,-0.011693621348026215,0.015746426475237614
FeatureSensitivity[full][XGBoost light],holdout,2025-04,25,5,-0.4715384615384615,0.0,0.015090698126587698,0.028813092510935827,-0.013722394384348129
FeatureSensitivity[full][XGBoost light],holdout,2025-05,25,5,-0.03846153846153846,0.4,0.04136241655384978,0.030568302157011992,0.010794114396837785
FeatureSensitivity[full][XGBoost light],holdout,2025-06,25,5,0.33076923076923076,0.4,0.013118519175592614,0.006917561514269979,0.006200957661322635
FeatureSensitivity[full][XGBoost light],holdout,2025-07,25,5,0.34307692307692306,0.4,0.03246310603635769,0.021690514569325015,0.010772591467032678
FeatureSensitivity[full][XGBoost light],holdout,2025-08,25,5,-0.03307692307692307,0.4,0.05589939349187887,0.03573153725638026,0.02016785623549861
FeatureSensitivity[full][XGBoost light],holdout,2025-09,25,5,-0.15153846153846154,0.2,0.0043181482825136895,0.011074788871926824,-0.006756640589413135
FeatureSensitivity[full][XGBoost light],holdout,2025-10,25,5,0.3484615384615385,0.2,0.014774550516959462,0.013984389081040867,0.0007901614359185957
FeatureSensitivity[full][XGBoost light],holdout,2025-11,25,5,0.10230769230769231,0.4,0.05981949984499124,0.020344462849746413,0.03947503699524483
FeatureSensitivity[full][XGBoost light],holdout,2025-12,25,5,0.3423076923076923,0.4,0.044944250564977126,0.0303859595642897,0.014558291000687427
FeatureSensitivity[full][XGBoost light],holdout,2026-01,25,5,0.18076923076923077,0.2,-0.005850485530344262,0.03269640231379641,-0.038546887844140676
FeatureSensitivity[full][XGBoost light],holdout,2026-02,25,5,0.2692307692307692,0.4,-0.010876490746577039,-0.03656678394169601,0.025690293195118973
FeatureSensitivity[full][XGBoost light],holdout,2026-03,25,5,0.11384615384615385,0.4,0.10210854329428343,0.05167545879192894,0.05043308450235449
FeatureSensitivity[full][TabPFN direct],holdout,2020-01,25,5,-0.15000000000000002,0.2,-0.05236555884071161,-0.054048476683959075,0.001682917843247464
FeatureSensitivity[full][TabPFN direct],holdout,2020-02,25,5,-0.3153846153846154,0.0,-0.19435956397695414,-0.14485397448749124,-0.0495055894894629
FeatureSensitivity[full][TabPFN direct],holdout,2020-03,25,5,-0.3646153846153847,0.0,0.0363776893068072,0.10528200713632334,-0.06890431782951614
FeatureSensitivity[full][TabPFN direct],holdout,2020-04,25,5,0.15041354384797512,0.2,0.08165798925351049,0.058123295956415334,0.023534693297095156
FeatureSensitivity[full][TabPFN direct],holdout,2020-05,25,5,0.2123076923076923,0.0,0.018246381074341532,0.019992743992486173,-0.0017463629181446415
FeatureSensitivity[full][TabPFN direct],holdout,2020-06,25,5,0.24120023527539747,0.2,0.07681850438557965,0.05777399472309771,0.01904450966248194
FeatureSensitivity[full][TabPFN direct],holdout,2020-07,25,5,0.20461538461538462,0.4,0.05616580628209313,0.036529711653833674,0.019636094628259458
FeatureSensitivity[full][TabPFN direct],holdout,2020-08,25,5,-0.42846153846153845,0.0,-0.08174990651716389,-0.027170321598357174,-0.05457958491880672
FeatureSensitivity[full][TabPFN direct],holdout,2020-09,25,5,0.03846153846153846,0.2,-0.02139024082714418,-0.010365351788556043,-0.011024889038588137
FeatureSensitivity[full][TabPFN direct],holdout,2020-10,25,5,0.2946153846153846,0.2,0.12110647900553817,0.08653840030647521,0.03456807869906296
FeatureSensitivity[full][TabPFN direct],holdout,2020-11,25,5,0.30428929203004684,0.2,0.06189193151977936,0.03422774515700446,0.0276641863627749
FeatureSensitivity[full][TabPFN direct],holdout,2020-12,25,5,0.30000000000000004,0.4,0.018438157369262086,0.0018480073568368294,0.016590150012425257
FeatureSensitivity[full][TabPFN direct],holdout,2021-01,25,5,0.04076923076923076,0.2,0.018952817339493853,0.01824998694856843,0.000702830390925422
FeatureSensitivity[full][TabPFN direct],holdout,2021-02,25,5,-0.12307692307692307,0.0,-0.011906745538257235,0.020199397593665406,-0.03210614313192264
FeatureSensitivity[full][TabPFN direct],holdout,2021-03,25,5,0.23153846153846153,0.2,0.03979520041290696,0.03918018080489045,0.0006150196080165135
FeatureSensitivity[full][TabPFN direct],holdout,2021-04,25,5,0.11076923076923079,0.4,0.023381626078108942,0.019048149908593888,0.004333476169515054
FeatureSensitivity[full][TabPFN direct],holdout,2021-05,25,5,0.12461538461538461,0.6,0.02085870565880501,0.0034348765011974836,0.017423829157607526
FeatureSensitivity[full][TabPFN direct],holdout,2021-06,25,5,-0.24,0.2,-0.023066994940933717,0.009919196538945347,-0.032986191479879065
FeatureSensitivity[full][TabPFN direct],holdout,2021-07,25,5,-0.01769230769230769,0.2,-0.006599670775295041,0.010399606534442149,-0.01699927730973719
FeatureSensitivity[full][TabPFN direct],holdout,2021-08,25,5,-0.08384615384615385,0.4,0.006709399173922459,-0.02915439890835376,0.035863798082276216
FeatureSensitivity[full][TabPFN direct],holdout,2021-09,25,5,0.41815734568477997,0.2,0.05537059525884813,0.04854004612365783,0.006830549135190302
FeatureSensitivity[full][TabPFN direct],holdout,2021-10,25,5,-0.23153846153846153,0.2,-0.014802533272282403,-0.011523953062962708,-0.003278580209319695
FeatureSensitivity[full][TabPFN direct],holdout,2021-11,25,5,-0.01923076923076923,0.2,0.030855173395044223,0.030873379606091208,-1.820621104698522e-05
FeatureSensitivity[full][TabPFN direct],holdout,2021-12,25,5,0.012307692307692308,0.4,-0.001725884367212438,-0.028729917514140845,0.027004033146928407
FeatureSensitivity[full][TabPFN direct],holdout,2022-01,25,5,-0.025384615384615387,0.4,-0.006648573966944249,-0.008969478289536582,0.0023209043225923326
FeatureSensitivity[full][TabPFN direct],holdout,2022-02,25,5,0.2553846153846154,0.0,0.005028298574765455,0.02565494559840393,-0.020626647023638475
FeatureSensitivity[full][TabPFN direct],holdout,2022-03,25,5,-0.24120023527539747,0.2,-0.07907264224894976,-0.059535584884574735,-0.019537057364375027
FeatureSensitivity[full][TabPFN direct],holdout,2022-04,25,5,-0.2892307692307692,0.0,-0.011935600809141623,0.010536863418915727,-0.02247246422805735
FeatureSensitivity[full][TabPFN direct],holdout,2022-05,25,5,-0.4592307692307693,0.0,-0.09604122891804892,-0.07287348328902624,-0.023167745629022685
FeatureSensitivity[full][TabPFN direct],holdout,2022-06,25,5,0.3947672473820666,0.6,0.11100048885198972,0.05655602302922773,0.054444465822761995
FeatureSensitivity[full][TabPFN direct],holdout,2022-07,25,5,-0.19384615384615386,0.4,-0.04325479273743778,-0.03955624001204256,-0.003698552725395217
FeatureSensitivity[full][TabPFN direct],holdout,2022-08,25,5,-0.14153846153846153,0.2,-0.03062329309008367,-0.05692389977247783,0.026300606682394163
FeatureSensitivity[full][TabPFN direct],holdout,2022-09,25,5,-0.014615384615384615,0.2,0.07503435974950916,0.05320740610992971,0.021826953639579448
FeatureSensitivity[full][TabPFN direct],holdout,2022-10,25,5,0.06999999999999999,0.2,0.056273903148329786,0.056795291909799935,-0.0005213887614701485
FeatureSensitivity[full][TabPFN direct],holdout,2022-11,25,5,-0.33153846153846156,0.2,-0.032127440776342976,-0.030486275288491953,-0.0016411654878510235
FeatureSensitivity[full][TabPFN direct],holdout,2022-12,25,5,0.3453846153846154,0.4,0.053186305987644976,0.04535181789737403,0.007834488090270944
FeatureSensitivity[full][TabPFN direct],holdout,2023-01,25,5,-0.2353846153846154,0.4,-0.04772316337810221,-0.0367885463759981,-0.01093461700210411
FeatureSensitivity[full][TabPFN direct],holdout,2023-02,25,5,0.2630769230769231,0.6,0.07089820379285641,0.028008922392958335,0.042889281399898074
FeatureSensitivity[full][TabPFN direct],holdout,2023-03,25,5,-0.09461538461538462,0.2,0.012082150797962843,0.008176745169681605,0.0039054056282812385
FeatureSensitivity[full][TabPFN direct],holdout,2023-04,25,5,-0.2169230769230769,0.2,-0.03360370693275969,-0.022281772118893938,-0.011321934813865755
FeatureSensitivity[full][TabPFN direct],holdout,2023-05,25,5,0.2276923076923077,0.4,0.047242754971163946,0.04213855709436727,0.005104197876796675
FeatureSensitivity[full][TabPFN direct],holdout,2023-06,25,5,0.2776923076923077,0.6,0.04577841693338529,0.024872348419345748,0.02090606851403954
FeatureSensitivity[full][TabPFN direct],holdout,2023-07,25,5,-0.1815384615384615,0.4,-0.0126015475191539,-0.011716302497952963,-0.0008852450212009366
FeatureSensitivity[full][TabPFN direct],holdout,2023-08,25,5,-0.5907692307692308,0.2,-0.06698518965128326,-0.052001268865308245,-0.014983920785975019
FeatureSensitivity[full][TabPFN direct],holdout,2023-09,25,5,-0.2369230769230769,0.6,-0.0005378813837566554,-0.014257896136080995,0.013720014752324339
FeatureSensitivity[full][TabPFN direct],holdout,2023-10,25,5,0.44230769230769235,0.6,0.09793176553806479,0.07028744636270544,0.027644319175359353
FeatureSensitivity[full][TabPFN direct],holdout,2023-11,25,5,0.06846153846153846,0.4,0.02831976026322387,0.03833103724293837,-0.0100112769797145
FeatureSensitivity[full][TabPFN direct],holdout,2023-12,25,5,-0.6046153846153847,0.0,-0.021958829304481765,-0.0016680895872055678,-0.0202907397172762
FeatureSensitivity[full][TabPFN direct],holdout,2024-01,25,5,0.02923076923076923,0.2,0.007833722077929095,0.02200752473323249,-0.014173802655303394
FeatureSensitivity[full][TabPFN direct],holdout,2024-02,25,5,0.2907692307692308,0.4,0.0523931084885854,0.03547268751142166,0.016920420977163744
FeatureSensitivity[full][TabPFN direct],holdout,2024-03,25,5,-0.20076923076923076,0.4,-0.035729059430735274,-0.03038395807888956,-0.005345101351845714
FeatureSensitivity[full][TabPFN direct],holdout,2024-04,25,5,0.35846153846153844,0.4,0.06576930164982339,0.038582390325294924,0.027186911324528468
FeatureSensitivity[full][TabPFN direct],holdout,2024-05,25,5,-0.24,0.0,-0.02049773516172835,0.005875058071763899,-0.02637279323349225
FeatureSensitivity[full][TabPFN direct],holdout,2024-06,25,5,0.11153846153846154,0.2,0.02485891721989264,0.03019923112649143,-0.005340313906598788
FeatureSensitivity[full][TabPFN direct],holdout,2024-07,25,5,-0.23696865220039048,0.0,-0.006680082479330473,0.013461759985491257,-0.02014184246482173
FeatureSensitivity[full][TabPFN direct],holdout,2024-08,25,5,0.40692307692307694,0.4,0.051560321894402475,0.030435595427475048,0.021124726466927427
FeatureSensitivity[full][TabPFN direct],holdout,2024-09,25,5,0.3592307692307692,0.4,0.011455219091918023,-0.010666003725532471,0.022121222817450492
FeatureSensitivity[full][TabPFN direct],holdout,2024-10,25,5,0.06769230769230769,0.0,0.02634894373034613,0.028550634949502017,-0.0022016912191558866
FeatureSensitivity[full][TabPFN direct],holdout,2024-11,25,5,-0.02308136222731076,0.4,-0.02137377575904833,-0.037556865254102324,0.016183089495053996
FeatureSensitivity[full][TabPFN direct],holdout,2024-12,25,5,-0.02923076923076923,0.2,0.006310771106754665,0.01685734425500113,-0.010546573148246467
FeatureSensitivity[full][TabPFN direct],holdout,2025-01,25,5,0.012307692307692308,0.2,0.017808965673855058,0.01871619850118452,-0.0009072328273294628
FeatureSensitivity[full][TabPFN direct],holdout,2025-02,25,5,-0.061538461538461535,0.4,-0.014465360425846141,-0.017615811704947148,0.0031504512791010065
FeatureSensitivity[full][TabPFN direct],holdout,2025-03,25,5,-0.05615384615384616,0.4,0.003849024994135064,-0.011693621348026215,0.015542646342161279
FeatureSensitivity[full][TabPFN direct],holdout,2025-04,25,5,0.18307692307692305,0.0,0.015013120110700528,0.028813092510935827,-0.013799972400235299
FeatureSensitivity[full][TabPFN direct],holdout,2025-05,25,5,0.12617811350929883,0.6,0.05162939015777666,0.030568302157011992,0.021061088000764665
FeatureSensitivity[full][TabPFN direct],holdout,2025-06,25,5,0.4669230769230769,0.6,0.0188628300072593,0.006917561514269979,0.011945268492989321
FeatureSensitivity[full][TabPFN direct],holdout,2025-07,25,5,0.3886110329979408,0.4,0.04543689304033285,0.021690514569325015,0.023746378471007832
FeatureSensitivity[full][TabPFN direct],holdout,2025-08,25,5,0.35,0.6,0.07417429227785025,0.03573153725638026,0.03844275502146999
FeatureSensitivity[full][TabPFN direct],holdout,2025-09,25,5,0.20119254074805878,0.4,0.030299379143894578,0.011074788871926824,0.019224590271967754
FeatureSensitivity[full][TabPFN direct],holdout,2025-10,25,5,0.24384615384615385,0.4,0.0354525711508211,0.013984389081040867,0.021468182069780233
FeatureSensitivity[full][TabPFN direct],holdout,2025-11,25,5,0.26384615384615384,0.4,0.07507308362872815,0.020344462849746413,0.05472862077898174
FeatureSensitivity[full][TabPFN direct],holdout,2025-12,25,5,0.23042893290265243,0.4,0.043237094226702855,0.0303859595642897,0.012851134662413156
FeatureSensitivity[full][TabPFN direct],holdout,2026-01,25,5,0.3504520164846684,0.8,0.08636550467916952,0.03269640231379641,0.05366910236537311
FeatureSensitivity[full][TabPFN direct],holdout,2026-02,25,5,-0.15153846153846154,0.2,-0.05671219231701689,-0.03656678394169601,-0.020145408375320882
FeatureSensitivity[full][TabPFN direct],holdout,2026-03,25,5,0.1323076923076923,0.6,0.07798444553345156,0.05167545879192894,0.02630898674152262
FeatureSensitivity[ticker_ablated][XGBoost light],holdout,2020-01,25,5,-0.41923076923076924,0.0,-0.0948866911973923,-0.054048476683959075,-0.04083821451343323
FeatureSensitivity[ticker_ablated][XGBoost light],holdout,2020-02,25,5,-0.6653846153846155,0.0,-0.23149122940240607,-0.14485397448749124,-0.08663725491491484
FeatureSensitivity[ticker_ablated][XGBoost light],holdout,2020-03,25,5,-0.4884615384615385,0.2,0.07236668068926022,0.10528200713632334,-0.03291532644706312
FeatureSensitivity[ticker_ablated][XGBoost light],holdout,2020-04,25,5,-0.06846153846153846,0.2,0.06728793858258963,0.058123295956415334,0.0091646426261743
FeatureSensitivity[ticker_ablated][XGBoost light],holdout,2020-05,25,5,0.19,0.0,0.020457252073089682,0.019992743992486173,0.00046450808060350887
FeatureSensitivity[ticker_ablated][XGBoost light],holdout,2020-06,25,5,0.42000000000000004,0.4,0.11201751991573645,0.05777399472309771,0.054243525192638746
FeatureSensitivity[ticker_ablated][XGBoost light],holdout,2020-07,25,5,0.19999999999999998,0.4,0.04525732097050241,0.036529711653833674,0.008727609316668737
FeatureSensitivity[ticker_ablated][XGBoost light],holdout,2020-08,25,5,-0.25,0.0,-0.08812485892999,-0.027170321598357174,-0.06095453733163283
FeatureSensitivity[ticker_ablated][XGBoost light],holdout,2020-09,25,5,-0.006153846153846154,0.0,-0.02509439867834722,-0.010365351788556043,-0.014729046889791176
FeatureSensitivity[ticker_ablated][XGBoost light],holdout,2020-10,25,5,0.30846153846153845,0.6,0.14473741934505552,0.08653840030647521,0.05819901903858031
FeatureSensitivity[ticker_ablated][XGBoost light],holdout,2020-11,25,5,0.17153846153846153,0.4,0.05706857201564477,0.03422774515700446,0.022840826858640306
FeatureSensitivity[ticker_ablated][XGBoost light],holdout,2020-12,25,5,0.15076923076923077,0.4,0.017664685087745057,0.0018480073568368294,0.015816677730908228
FeatureSensitivity[ticker_ablated][XGBoost light],holdout,2021-01,25,5,0.25153846153846154,0.6,0.09048947873811031,0.01824998694856843,0.07223949178954188
FeatureSensitivity[ticker_ablated][XGBoost light],holdout,2021-02,25,5,0.08153846153846152,0.2,0.028423554952333972,0.020199397593665406,0.008224157358668566
FeatureSensitivity[ticker_ablated][XGBoost light],holdout,2021-03,25,5,0.30769230769230765,0.2,0.04366958390991886,0.03918018080489045,0.0044894031050284125
FeatureSensitivity[ticker_ablated][XGBoost light],holdout,2021-04,25,5,0.10846153846153846,0.4,0.021032832810089365,0.019048149908593888,0.001984682901495477
FeatureSensitivity[ticker_ablated][XGBoost light],holdout,2021-05,25,5,0.024615384615384615,0.2,-0.003976327066488561,0.0034348765011974836,-0.007411203567686045
FeatureSensitivity[ticker_ablated][XGBoost light],holdout,2021-06,25,5,-0.23307692307692307,0.2,-0.018087358810742526,0.009919196538945347,-0.02800655534968787
FeatureSensitivity[ticker_ablated][XGBoost light],holdout,2021-07,25,5,-0.22461538461538463,0.2,0.0006419942698303149,0.010399606534442149,-0.009757612264611835
FeatureSensitivity[ticker_ablated][XGBoost light],holdout,2021-08,25,5,-0.10153846153846155,0.4,0.009420796679380672,-0.02915439890835376,0.03857519558773443
FeatureSensitivity[ticker_ablated][XGBoost light],holdout,2021-09,25,5,0.5130769230769231,0.2,0.07066563440761295,0.04854004612365783,0.022125588283955118
FeatureSensitivity[ticker_ablated][XGBoost light],holdout,2021-10,25,5,-0.4415384615384615,0.0,-0.049900059275577745,-0.011523953062962708,-0.03837610621261504
FeatureSensitivity[ticker_ablated][XGBoost light],holdout,2021-11,25,5,0.40692307692307694,0.4,0.03835947220097711,0.030873379606091208,0.007486092594885901
FeatureSensitivity[ticker_ablated][XGBoost light],holdout,2021-12,25,5,0.31692307692307686,0.2,-0.008395181820194452,-0.028729917514140845,0.020334735693946393
FeatureSensitivity[ticker_ablated][XGBoost light],holdout,2022-01,25,5,0.02692307692307692,0.4,0.011161513416786905,-0.008969478289536582,0.020130991706323487
FeatureSensitivity[ticker_ablated][XGBoost light],holdout,2022-02,25,5,0.54,0.4,0.061490944938528046,0.02565494559840393,0.03583599934012412
FeatureSensitivity[ticker_ablated][XGBoost light],holdout,2022-03,25,5,0.09999999999999999,0.4,-0.0690893081407705,-0.059535584884574735,-0.009553723256195759
FeatureSensitivity[ticker_ablated][XGBoost light],holdout,2022-04,25,5,0.07692307692307691,0.4,0.04348896516176726,0.010536863418915727,0.03295210174285153
FeatureSensitivity[ticker_ablated][XGBoost light],holdout,2022-05,25,5,-0.27692307692307694,0.2,-0.09383041024271763,-0.07287348328902624,-0.02095692695369139
FeatureSensitivity[ticker_ablated][XGBoost light],holdout,2022-06,25,5,0.2123076923076923,0.4,0.1032910581418867,0.05655602302922773,0.046735035112658974
FeatureSensitivity[ticker_ablated][XGBoost light],holdout,2022-07,25,5,-0.025384615384615387,0.4,-0.042738056407059674,-0.03955624001204256,-0.0031818163950171133
FeatureSensitivity[ticker_ablated][XGBoost light],holdout,2022-08,25,5,-0.25846153846153846,0.2,-0.049050862985872204,-0.05692389977247783,0.007873036786605628
FeatureSensitivity[ticker_ablated][XGBoost light],holdout,2022-09,25,5,-0.12846153846153846,0.0,0.017688597439484765,0.05320740610992971,-0.03551880867044495
FeatureSensitivity[ticker_ablated][XGBoost light],holdout,2022-10,25,5,0.20230769230769227,0.2,0.0404698381926647,0.056795291909799935,-0.016325453717135237
FeatureSensitivity[ticker_ablated][XGBoost light],holdout,2022-11,25,5,-0.24846153846153846,0.0,-0.057908379565107415,-0.030486275288491953,-0.027422104276615462
FeatureSensitivity[ticker_ablated][XGBoost light],holdout,2022-12,25,5,0.25153846153846154,0.4,0.06230112042322393,0.04535181789737403,0.016949302525849898
FeatureSensitivity[ticker_ablated][XGBoost light],holdout,2023-01,25,5,-0.25461538461538463,0.4,-0.031397593292243675,-0.0367885463759981,0.005390953083754424
FeatureSensitivity[ticker_ablated][XGBoost light],holdout,2023-02,25,5,0.12692307692307694,0.4,0.06536925108907159,0.028008922392958335,0.03736032869611325
FeatureSensitivity[ticker_ablated][XGBoost light],holdout,2023-03,25,5,-0.18769230769230769,0.2,0.013558727753333555,0.008176745169681605,0.00538198258365195
FeatureSensitivity[ticker_ablated][XGBoost light],holdout,2023-04,25,5,-0.38461538461538464,0.2,-0.03360370693275969,-0.022281772118893938,-0.011321934813865755
FeatureSensitivity[ticker_ablated][XGBoost light],holdout,2023-05,25,5,0.22999999999999998,0.4,0.047242754971163946,0.04213855709436727,0.005104197876796675
FeatureSensitivity[ticker_ablated][XGBoost light],holdout,2023-06,25,5,0.13846153846153847,0.2,0.01693966083628253,0.024872348419345748,-0.007932687583063217
FeatureSensitivity[ticker_ablated][XGBoost light],holdout,2023-07,25,5,-0.05846153846153846,0.4,-0.008704932429997592,-0.011716302497952963,0.0030113700679553716
FeatureSensitivity[ticker_ablated][XGBoost light],holdout,2023-08,25,5,-0.6000000000000001,0.0,-0.0825421205322742,-0.052001268865308245,-0.03054085166696595
FeatureSensitivity[ticker_ablated][XGBoost light],holdout,2023-09,25,5,-0.34615384615384615,0.4,-0.017265494499347268,-0.014257896136080995,-0.003007598363266273
FeatureSensitivity[ticker_ablated][XGBoost light],holdout,2023-10,25,5,0.4146153846153846,0.6,0.1009341080589834,0.07028744636270544,0.030646661696277958
FeatureSensitivity[ticker_ablated][XGBoost light],holdout,2023-11,25,5,-0.09615384615384616,0.2,0.027948115052796884,0.03833103724293837,-0.010382922190141485
FeatureSensitivity[ticker_ablated][XGBoost light],holdout,2023-12,25,5,-0.3738461538461539,0.2,0.004072527412560678,-0.0016680895872055678,0.005740616999766246
FeatureSensitivity[ticker_ablated][XGBoost light],holdout,2024-01,25,5,0.03769230769230769,0.2,0.023389886523352964,0.02200752473323249,0.0013823617901204746
FeatureSensitivity[ticker_ablated][XGBoost light],holdout,2024-02,25,5,0.11461538461538462,0.2,0.03365147464278553,0.03547268751142166,-0.001821212868636131
FeatureSensitivity[ticker_ablated][XGBoost light],holdout,2024-03,25,5,-0.22384615384615386,0.0,-0.060297540102112836,-0.03038395807888956,-0.029913582023223275
FeatureSensitivity[ticker_ablated][XGBoost light],holdout,2024-04,25,5,0.18230769230769234,0.4,0.0669788169233426,0.038582390325294924,0.02839642659804767
FeatureSensitivity[ticker_ablated][XGBoost light],holdout,2024-05,25,5,-0.1623076923076923,0.2,0.0020806734946980264,0.005875058071763899,-0.003794384577065873
FeatureSensitivity[ticker_ablated][XGBoost light],holdout,2024-06,25,5,0.21461538461538462,0.4,0.032285819170264386,0.03019923112649143,0.002086588043772958
FeatureSensitivity[ticker_ablated][XGBoost light],holdout,2024-07,25,5,-0.3792307692307692,0.0,-0.012624683196529363,0.013461759985491257,-0.02608644318202062
FeatureSensitivity[ticker_ablated][XGBoost light],holdout,2024-08,25,5,0.29923076923076924,0.4,0.0427808980746925,0.030435595427475048,0.012345302647217452
FeatureSensitivity[ticker_ablated][XGBoost light],holdout,2024-09,25,5,-0.0015384615384615385,0.4,-0.008335816388919625,-0.010666003725532471,0.002330187336612846
FeatureSensitivity[ticker_ablated][XGBoost light],holdout,2024-10,25,5,-0.04384615384615385,0.2,0.032325361892338166,0.028550634949502017,0.0037747269428361485
FeatureSensitivity[ticker_ablated][XGBoost light],holdout,2024-11,25,5,-0.06923076923076923,0.2,-0.03003697241936838,-0.037556865254102324,0.007519892834733945
FeatureSensitivity[ticker_ablated][XGBoost light],holdout,2024-12,25,5,0.3823076923076923,0.6,0.03921221935816703,0.01685734425500113,0.0223548751031659
FeatureSensitivity[ticker_ablated][XGBoost light],holdout,2025-01,25,5,0.1723076923076923,0.4,0.02979027612231917,0.01871619850118452,0.011074077621134649
FeatureSensitivity[ticker_ablated][XGBoost light],holdout,2025-02,25,5,-0.1423076923076923,0.2,-0.037977445275411116,-0.017615811704947148,-0.020361633570463968
FeatureSensitivity[ticker_ablated][XGBoost light],holdout,2025-03,25,5,-0.07692307692307691,0.2,0.004052805127211401,-0.011693621348026215,0.015746426475237614
FeatureSensitivity[ticker_ablated][XGBoost light],holdout,2025-04,25,5,-0.5561538461538461,0.0,0.011759008926032433,0.028813092510935827,-0.017054083584903394
FeatureSensitivity[ticker_ablated][XGBoost light],holdout,2025-05,25,5,-0.01769230769230769,0.4,0.04255373034720315,0.030568302157011992,0.01198542819019116
FeatureSensitivity[ticker_ablated][XGBoost light],holdout,2025-06,25,5,0.36846153846153845,0.8,0.02230443922552201,0.006917561514269979,0.01538687771125203
FeatureSensitivity[ticker_ablated][XGBoost light],holdout,2025-07,25,5,0.1776923076923077,0.2,0.022718379189836057,0.021690514569325015,0.0010278646205110417
FeatureSensitivity[ticker_ablated][XGBoost light],holdout,2025-08,25,5,0.04538461538461538,0.4,0.07059839608769894,0.03573153725638026,0.03486685883131868
FeatureSensitivity[ticker_ablated][XGBoost light],holdout,2025-09,25,5,-0.16076923076923075,0.2,0.01876976917279156,0.011074788871926824,0.0076949803008647365
FeatureSensitivity[ticker_ablated][XGBoost light],holdout,2025-10,25,5,0.27153846153846156,0.0,-0.0067315979062718915,0.013984389081040867,-0.020715986987312758
FeatureSensitivity[ticker_ablated][XGBoost light],holdout,2025-11,25,5,0.1753846153846154,0.6,0.07153821032908196,0.020344462849746413,0.05119374747933555
FeatureSensitivity[ticker_ablated][XGBoost light],holdout,2025-12,25,5,0.33230769230769236,0.6,0.058534826349218694,0.0303859595642897,0.028148866784928995
FeatureSensitivity[ticker_ablated][XGBoost light],holdout,2026-01,25,5,0.21153846153846154,0.4,0.03539504811318404,0.03269640231379641,0.002698645799387625
FeatureSensitivity[ticker_ablated][XGBoost light],holdout,2026-02,25,5,0.25461538461538463,0.2,-0.020350603422547353,-0.03656678394169601,0.01621618051914866
FeatureSensitivity[ticker_ablated][XGBoost light],holdout,2026-03,25,5,0.046153846153846156,0.2,0.08627291686089844,0.05167545879192894,0.0345974580689695
FeatureSensitivity[ticker_ablated][TabPFN direct],holdout,2020-01,25,5,-0.18461538461538463,0.0,-0.07633061826668767,-0.054048476683959075,-0.0222821415827286
FeatureSensitivity[ticker_ablated][TabPFN direct],holdout,2020-02,25,5,-0.5527986253440927,0.0,-0.251225537608878,-0.14485397448749124,-0.10637156312138676
FeatureSensitivity[ticker_ablated][TabPFN direct],holdout,2020-03,25,5,-0.3658395913028756,0.0,0.0363776893068072,0.10528200713632334,-0.06890431782951614
FeatureSensitivity[ticker_ablated][TabPFN direct],holdout,2020-04,25,5,0.18230769230769234,0.2,0.07579664202674992,0.058123295956415334,0.017673346070334585
FeatureSensitivity[ticker_ablated][TabPFN direct],holdout,2020-05,25,5,0.20153846153846153,0.0,0.023852374791819387,0.019992743992486173,0.0038596307993332135
FeatureSensitivity[ticker_ablated][TabPFN direct],holdout,2020-06,25,5,0.29005578532320525,0.2,0.08388188067420004,0.05777399472309771,0.026107885951102326
FeatureSensitivity[ticker_ablated][TabPFN direct],holdout,2020-07,25,5,0.2812079298027361,0.4,0.05916433684635791,0.036529711653833674,0.022634625192524238
FeatureSensitivity[ticker_ablated][TabPFN direct],holdout,2020-08,25,5,-0.4639353807689463,0.0,-0.08340426256132653,-0.027170321598357174,-0.05623394096296936
FeatureSensitivity[ticker_ablated][TabPFN direct],holdout,2020-09,25,5,-0.009230769230769232,0.2,-0.02139024082714418,-0.010365351788556043,-0.011024889038588137
FeatureSensitivity[ticker_ablated][TabPFN direct],holdout,2020-10,25,5,0.24307692307692308,0.4,0.1301420113537311,0.08653840030647521,0.043603611047255894
FeatureSensitivity[ticker_ablated][TabPFN direct],holdout,2020-11,25,5,0.2923076923076923,0.4,0.07248467797778413,0.03422774515700446,0.03825693282077967
FeatureSensitivity[ticker_ablated][TabPFN direct],holdout,2020-12,25,5,0.25620312072314944,0.6,0.028763817462390495,0.0018480073568368294,0.026915810105553665
FeatureSensitivity[ticker_ablated][TabPFN direct],holdout,2021-01,25,5,-0.04923076923076923,0.2,0.00416567881717933,0.01824998694856843,-0.014084308131389101
FeatureSensitivity[ticker_ablated][TabPFN direct],holdout,2021-02,25,5,-0.07539911660921515,0.2,0.003630081396963902,0.020199397593665406,-0.016569316196701503
FeatureSensitivity[ticker_ablated][TabPFN direct],holdout,2021-03,25,5,0.23658396282993532,0.2,0.03323809037409466,0.03918018080489045,-0.005942090430795785
FeatureSensitivity[ticker_ablated][TabPFN direct],holdout,2021-04,25,5,0.12846153846153846,0.4,0.023381626078108942,0.019048149908593888,0.004333476169515054
FeatureSensitivity[ticker_ablated][TabPFN direct],holdout,2021-05,25,5,0.19384615384615386,0.6,0.02085870565880501,0.0034348765011974836,0.017423829157607526
FeatureSensitivity[ticker_ablated][TabPFN direct],holdout,2021-06,25,5,-0.15615384615384614,0.2,-0.01234512916315995,0.009919196538945347,-0.0222643257021053
FeatureSensitivity[ticker_ablated][TabPFN direct],holdout,2021-07,25,5,-0.09076923076923075,0.2,-0.006599670775295041,0.010399606534442149,-0.01699927730973719
FeatureSensitivity[ticker_ablated][TabPFN direct],holdout,2021-08,25,5,-0.07999999999999999,0.4,0.006512290892547901,-0.02915439890835376,0.03566668980090166
FeatureSensitivity[ticker_ablated][TabPFN direct],holdout,2021-09,25,5,0.5027890071849194,0.2,0.06610170783295785,0.04854004612365783,0.01756166170930002
FeatureSensitivity[ticker_ablated][TabPFN direct],holdout,2021-10,25,5,-0.23773803094130086,0.2,-0.018073607814138314,-0.011523953062962708,-0.006549654751175606
FeatureSensitivity[ticker_ablated][TabPFN direct],holdout,2021-11,25,5,0.05692307692307692,0.2,0.030855173395044223,0.030873379606091208,-1.820621104698522e-05
FeatureSensitivity[ticker_ablated][TabPFN direct],holdout,2021-12,25,5,0.01808040041139343,0.6,0.027689549914176805,-0.028729917514140845,0.056419467428317646
FeatureSensitivity[ticker_ablated][TabPFN direct],holdout,2022-01,25,5,0.043076923076923075,0.6,0.019386563914033685,-0.008969478289536582,0.028356042203570266
FeatureSensitivity[ticker_ablated][TabPFN direct],holdout,2022-02,25,5,0.28082324043228096,0.2,0.013530728471165676,0.02565494559840393,-0.012124217127238253
FeatureSensitivity[ticker_ablated][TabPFN direct],holdout,2022-03,25,5,-0.3507692307692308,0.0,-0.1063437311967526,-0.059535584884574735,-0.04680814631217786
FeatureSensitivity[ticker_ablated][TabPFN direct],holdout,2022-04,25,5,-0.2946153846153846,0.2,0.02302652786856818,0.010536863418915727,0.012489664449652453
FeatureSensitivity[ticker_ablated][TabPFN direct],holdout,2022-05,25,5,-0.38,0.0,-0.09968044139489471,-0.07287348328902624,-0.026806958105868472
FeatureSensitivity[ticker_ablated][TabPFN direct],holdout,2022-06,25,5,0.40469321771884864,0.4,0.09910852091757905,0.05655602302922773,0.04255249788835132
FeatureSensitivity[ticker_ablated][TabPFN direct],holdout,2022-07,25,5,-0.1327178328070369,0.4,-0.042738056407059674,-0.03955624001204256,-0.0031818163950171133
FeatureSensitivity[ticker_ablated][TabPFN direct],holdout,2022-08,25,5,-0.12615384615384617,0.2,-0.03062329309008367,-0.05692389977247783,0.026300606682394163
FeatureSensitivity[ticker_ablated][TabPFN direct],holdout,2022-09,25,5,-0.17923076923076922,0.2,0.07138984614065876,0.05320740610992971,0.018182440030729045
FeatureSensitivity[ticker_ablated][TabPFN direct],holdout,2022-10,25,5,0.12846153846153846,0.2,0.06190870298180982,0.056795291909799935,0.005113411072009882
FeatureSensitivity[ticker_ablated][TabPFN direct],holdout,2022-11,25,5,-0.11384615384615385,0.4,-0.005874296714802374,-0.030486275288491953,0.024611978573689578
FeatureSensitivity[ticker_ablated][TabPFN direct],holdout,2022-12,25,5,0.35,0.4,0.06368356271960429,0.04535181789737403,0.01833174482223026
FeatureSensitivity[ticker_ablated][TabPFN direct],holdout,2023-01,25,5,-0.27,0.2,-0.05954092785211509,-0.0367885463759981,-0.022752381476116988
FeatureSensitivity[ticker_ablated][TabPFN direct],holdout,2023-02,25,5,0.2538461538461539,0.6,0.07089820379285641,0.028008922392958335,0.042889281399898074
FeatureSensitivity[ticker_ablated][TabPFN direct],holdout,2023-03,25,5,-0.11076923076923079,0.2,0.008317866065480507,0.008176745169681605,0.00014112089579890186
FeatureSensitivity[ticker_ablated][TabPFN direct],holdout,2023-04,25,5,-0.23384615384615384,0.0,-0.052224535873486785,-0.022281772118893938,-0.029942763754592847
FeatureSensitivity[ticker_ablated][TabPFN direct],holdout,2023-05,25,5,0.19615384615384615,0.4,0.035337712514418286,0.04213855709436727,-0.006800844579948985
FeatureSensitivity[ticker_ablated][TabPFN direct],holdout,2023-06,25,5,0.35,0.6,0.0339960165807434,0.024872348419345748,0.009123668161397654
FeatureSensitivity[ticker_ablated][TabPFN direct],holdout,2023-07,25,5,-0.1346153846153846,0.4,-0.008945409185984254,-0.011716302497952963,0.0027708933119687095
FeatureSensitivity[ticker_ablated][TabPFN direct],holdout,2023-08,25,5,-0.6369230769230769,0.0,-0.08041040275294382,-0.052001268865308245,-0.02840913388763558
FeatureSensitivity[ticker_ablated][TabPFN direct],holdout,2023-09,25,5,-0.2892307692307692,0.6,0.0007344359823344915,-0.014257896136080995,0.014992332118415486
FeatureSensitivity[ticker_ablated][TabPFN direct],holdout,2023-10,25,5,0.48615384615384616,0.6,0.08491023887515987,0.07028744636270544,0.014622792512454436
FeatureSensitivity[ticker_ablated][TabPFN direct],holdout,2023-11,25,5,0.03461538461538462,0.4,0.02831976026322387,0.03833103724293837,-0.0100112769797145
FeatureSensitivity[ticker_ablated][TabPFN direct],holdout,2023-12,25,5,-0.6000000000000001,0.0,-0.02650713059607863,-0.0016680895872055678,-0.024839041008873065
FeatureSensitivity[ticker_ablated][TabPFN direct],holdout,2024-01,25,5,0.11076923076923079,0.2,0.022194752458861888,0.02200752473323249,0.00018722772562939846
FeatureSensitivity[ticker_ablated][TabPFN direct],holdout,2024-02,25,5,0.21461538461538462,0.4,0.04863862195174282,0.03547268751142166,0.013165934440321166
FeatureSensitivity[ticker_ablated][TabPFN direct],holdout,2024-03,25,5,-0.22230769230769232,0.2,-0.051915291518349574,-0.03038395807888956,-0.021531333439460013
FeatureSensitivity[ticker_ablated][TabPFN direct],holdout,2024-04,25,5,0.39546067282792435,0.6,0.07994465914478455,0.038582390325294924,0.04136226881948962
FeatureSensitivity[ticker_ablated][TabPFN direct],holdout,2024-05,25,5,-0.14384615384615382,0.2,0.004993465807333108,0.005875058071763899,-0.0008815922644307911
FeatureSensitivity[ticker_ablated][TabPFN direct],holdout,2024-06,25,5,0.11615384615384615,0.2,0.016155261368196182,0.03019923112649143,-0.014043969758295246
FeatureSensitivity[ticker_ablated][TabPFN direct],holdout,2024-07,25,5,-0.35352953144830984,0.0,-0.0026948034831918875,0.013461759985491257,-0.016156563468683143
FeatureSensitivity[ticker_ablated][TabPFN direct],holdout,2024-08,25,5,0.3866128173074553,0.4,0.046639755708354366,0.030435595427475048,0.01620416028087932
FeatureSensitivity[ticker_ablated][TabPFN direct],holdout,2024-09,25,5,0.39076923076923076,0.4,0.011455219091918023,-0.010666003725532471,0.022121222817450492
FeatureSensitivity[ticker_ablated][TabPFN direct],holdout,2024-10,25,5,0.12307692307692307,0.0,0.02634894373034613,0.028550634949502017,-0.0022016912191558866
FeatureSensitivity[ticker_ablated][TabPFN direct],holdout,2024-11,25,5,-0.015384615384615384,0.4,-0.01697483693738331,-0.037556865254102324,0.020582028316719014
FeatureSensitivity[ticker_ablated][TabPFN direct],holdout,2024-12,25,5,0.06538461538461539,0.2,0.018198422393419157,0.01685734425500113,0.001341078138418026
FeatureSensitivity[ticker_ablated][TabPFN direct],holdout,2025-01,25,5,0.06,0.4,0.028458712122405583,0.01871619850118452,0.009742513621221062
FeatureSensitivity[ticker_ablated][TabPFN direct],holdout,2025-02,25,5,-0.11461538461538462,0.4,-0.032943475952777225,-0.017615811704947148,-0.015327664247830077
FeatureSensitivity[ticker_ablated][TabPFN direct],holdout,2025-03,25,5,-0.08384615384615385,0.4,-0.001063464388371127,-0.011693621348026215,0.010630156959655088
FeatureSensitivity[ticker_ablated][TabPFN direct],holdout,2025-04,25,5,0.12,0.0,0.017587392237266065,0.028813092510935827,-0.011225700273669762
FeatureSensitivity[ticker_ablated][TabPFN direct],holdout,2025-05,25,5,0.19692307692307692,0.6,0.05440230700086164,0.030568302157011992,0.02383400484384965
FeatureSensitivity[ticker_ablated][TabPFN direct],holdout,2025-06,25,5,0.3976923076923076,0.6,0.016750747499629792,0.006917561514269979,0.009833185985359812
FeatureSensitivity[ticker_ablated][TabPFN direct],holdout,2025-07,25,5,0.3573764251528616,0.4,0.043365177139441505,0.021690514569325015,0.02167466257011649
FeatureSensitivity[ticker_ablated][TabPFN direct],holdout,2025-08,25,5,0.3384615384615385,0.4,0.06913550938454435,0.03573153725638026,0.033403972128164094
FeatureSensitivity[ticker_ablated][TabPFN direct],holdout,2025-09,25,5,-0.04230769230769231,0.0,0.002516157233038707,0.011074788871926824,-0.008558631638888117
FeatureSensitivity[ticker_ablated][TabPFN direct],holdout,2025-10,25,5,0.24307692307692308,0.4,0.03315515731643044,0.013984389081040867,0.019170768235389574
FeatureSensitivity[ticker_ablated][TabPFN direct],holdout,2025-11,25,5,0.29472876364002243,0.4,0.07507308362872815,0.020344462849746413,0.05472862077898174
FeatureSensitivity[ticker_ablated][TabPFN direct],holdout,2025-12,25,5,0.2869230769230769,0.6,0.06538604683643472,0.0303859595642897,0.035000087272145014
FeatureSensitivity[ticker_ablated][TabPFN direct],holdout,2026-01,25,5,0.26076923076923075,0.6,0.056266872074522654,0.03269640231379641,0.023570469760726243
FeatureSensitivity[ticker_ablated][TabPFN direct],holdout,2026-02,25,5,-0.13538461538461538,0.2,-0.05649577949119282,-0.03656678394169601,-0.019928995549496807
FeatureSensitivity[ticker_ablated][TabPFN direct],holdout,2026-03,25,5,0.11733025798882969,0.4,0.0770066205285406,0.05167545879192894,0.02533116173661166
FeatureSensitivity[identity_ablated][XGBoost light],holdout,2020-01,25,5,-0.3869230769230769,0.0,-0.08296960158993012,-0.054048476683959075,-0.028921124905971048
FeatureSensitivity[identity_ablated][XGBoost light],holdout,2020-02,25,5,-0.6215384615384615,0.0,-0.2384387794544877,-0.14485397448749124,-0.09358480496699645
FeatureSensitivity[identity_ablated][XGBoost light],holdout,2020-03,25,5,-0.4938461538461539,0.0,0.02149028283831189,0.10528200713632334,-0.08379172429801145
FeatureSensitivity[identity_ablated][XGBoost light],holdout,2020-04,25,5,-0.05692307692307692,0.2,0.06433522783297267,0.058123295956415334,0.0062119318765573375
FeatureSensitivity[identity_ablated][XGBoost light],holdout,2020-05,25,5,0.1623076923076923,0.2,0.029859810182454583,0.019992743992486173,0.00986706618996841
FeatureSensitivity[identity_ablated][XGBoost light],holdout,2020-06,25,5,0.3146153846153846,0.2,0.10133663490833103,0.05777399472309771,0.04356264018523332
FeatureSensitivity[identity_ablated][XGBoost light],holdout,2020-07,25,5,0.10538461538461538,0.2,0.022097085429220953,0.036529711653833674,-0.014432626224612721
FeatureSensitivity[identity_ablated][XGBoost light],holdout,2020-08,25,5,-0.18230769230769234,0.0,-0.08264500079548764,-0.027170321598357174,-0.05547467919713047
FeatureSensitivity[identity_ablated][XGBoost light],holdout,2020-09,25,5,0.004615384615384616,0.2,-0.02139024082714418,-0.010365351788556043,-0.011024889038588137
FeatureSensitivity[identity_ablated][XGBoost light],holdout,2020-10,25,5,0.39615384615384613,0.4,0.13577477064680232,0.08653840030647521,0.049236370340327115
FeatureSensitivity[identity_ablated][XGBoost light],holdout,2020-11,25,5,0.2376923076923077,0.4,0.05706857201564477,0.03422774515700446,0.022840826858640306
FeatureSensitivity[identity_ablated][XGBoost light],holdout,2020-12,25,5,0.23153846153846153,0.4,0.0236727934000599,0.0018480073568368294,0.02182478604322307
FeatureSensitivity[identity_ablated][XGBoost light],holdout,2021-01,25,5,0.06999999999999999,0.2,0.006271869337700009,0.01824998694856843,-0.011978117610868422
FeatureSensitivity[identity_ablated][XGBoost light],holdout,2021-02,25,5,0.12615384615384617,0.2,0.028423554952333972,0.020199397593665406,0.008224157358668566
FeatureSensitivity[identity_ablated][XGBoost light],holdout,2021-03,25,5,0.33,0.2,0.04366958390991886,0.03918018080489045,0.0044894031050284125
FeatureSensitivity[identity_ablated][XGBoost light],holdout,2021-04,25,5,0.057692307692307696,0.4,0.021032832810089365,0.019048149908593888,0.001984682901495477
FeatureSensitivity[identity_ablated][XGBoost light],holdout,2021-05,25,5,0.07846153846153846,0.2,0.002014625514582158,0.0034348765011974836,-0.0014202509866153255
FeatureSensitivity[identity_ablated][XGBoost light],holdout,2021-06,25,5,-0.1723076923076923,0.2,0.006024882565124323,0.009919196538945347,-0.0038943139738210238
FeatureSensitivity[identity_ablated][XGBoost light],holdout,2021-07,25,5,-0.17153846153846153,0.2,0.0006419942698303149,0.010399606534442149,-0.009757612264611835
FeatureSensitivity[identity_ablated][XGBoost light],holdout,2021-08,25,5,-0.18923076923076923,0.4,0.0035331014175288278,-0.02915439890835376,0.032687500325882586
FeatureSensitivity[identity_ablated][XGBoost light],holdout,2021-09,25,5,0.5053846153846154,0.2,0.05921262451378077,0.04854004612365783,0.010672578390122943
FeatureSensitivity[identity_ablated][XGBoost light],holdout,2021-10,25,5,-0.3823076923076923,0.0,-0.04662898473372183,-0.011523953062962708,-0.035105031670759124
FeatureSensitivity[identity_ablated][XGBoost light],holdout,2021-11,25,5,0.3892307692307692,0.4,0.04011035390480826,0.030873379606091208,0.00923697429871705
FeatureSensitivity[identity_ablated][XGBoost light],holdout,2021-12,25,5,0.4130769230769231,0.4,0.002643358854623945,-0.028729917514140845,0.03137327636876479
FeatureSensitivity[identity_ablated][XGBoost light],holdout,2022-01,25,5,-0.016153846153846154,0.4,0.011161513416786905,-0.008969478289536582,0.020130991706323487
FeatureSensitivity[identity_ablated][XGBoost light],holdout,2022-02,25,5,0.5076923076923078,0.4,0.060750834257870645,0.02565494559840393,0.035095888659466716
FeatureSensitivity[identity_ablated][XGBoost light],holdout,2022-03,25,5,0.1392307692307692,0.4,-0.05585961701220421,-0.059535584884574735,0.0036759678723705252
FeatureSensitivity[identity_ablated][XGBoost light],holdout,2022-04,25,5,0.10769230769230768,0.4,0.04348896516176726,0.010536863418915727,0.03295210174285153
FeatureSensitivity[identity_ablated][XGBoost light],holdout,2022-05,25,5,-0.32923076923076927,0.2,-0.09383041024271763,-0.07287348328902624,-0.02095692695369139
FeatureSensitivity[identity_ablated][XGBoost light],holdout,2022-06,25,5,0.30230769230769233,0.4,0.10951051521488368,0.05655602302922773,0.052954492185655955
FeatureSensitivity[identity_ablated][XGBoost light],holdout,2022-07,25,5,0.023076923076923078,0.4,-0.042738056407059674,-0.03955624001204256,-0.0031818163950171133
FeatureSensitivity[identity_ablated][XGBoost light],holdout,2022-08,25,5,-0.18307692307692305,0.2,-0.040656325945514535,-0.05692389977247783,0.016267573826963297
FeatureSensitivity[identity_ablated][XGBoost light],holdout,2022-09,25,5,-0.11538461538461539,0.0,0.04731387424630449,0.05320740610992971,-0.00589353186362522
FeatureSensitivity[identity_ablated][XGBoost light],holdout,2022-10,25,5,0.2684615384615385,0.4,0.07055947479409616,0.056795291909799935,0.013764182884296226
FeatureSensitivity[identity_ablated][XGBoost light],holdout,2022-11,25,5,-0.3253846153846154,0.0,-0.05977719823685557,-0.030486275288491953,-0.029290922948363614
FeatureSensitivity[identity_ablated][XGBoost light],holdout,2022-12,25,5,0.31076923076923074,0.4,0.06230112042322393,0.04535181789737403,0.016949302525849898
FeatureSensitivity[identity_ablated][XGBoost light],holdout,2023-01,25,5,-0.2792307692307692,0.2,-0.05137862098483348,-0.0367885463759981,-0.01459007460883538
FeatureSensitivity[identity_ablated][XGBoost light],holdout,2023-02,25,5,0.10384615384615385,0.2,0.06041346586067333,0.028008922392958335,0.032404543467715
FeatureSensitivity[identity_ablated][XGBoost light],holdout,2023-03,25,5,-0.1623076923076923,0.2,0.013558727753333555,0.008176745169681605,0.00538198258365195
FeatureSensitivity[identity_ablated][XGBoost light],holdout,2023-04,25,5,-0.3984615384615384,0.2,-0.03360370693275969,-0.022281772118893938,-0.011321934813865755
FeatureSensitivity[identity_ablated][XGBoost light],holdout,2023-05,25,5,0.16692307692307692,0.2,0.027040328139293957,0.04213855709436727,-0.015098228955073314
FeatureSensitivity[identity_ablated][XGBoost light],holdout,2023-06,25,5,0.2069230769230769,0.4,0.02979489999977423,0.024872348419345748,0.00492255158042848
FeatureSensitivity[identity_ablated][XGBoost light],holdout,2023-07,25,5,-0.13384615384615384,0.4,-0.008704932429997592,-0.011716302497952963,0.0030113700679553716
FeatureSensitivity[identity_ablated][XGBoost light],holdout,2023-08,25,5,-0.6499999999999999,0.0,-0.07684759203400657,-0.052001268865308245,-0.024846323168698323
FeatureSensitivity[identity_ablated][XGBoost light],holdout,2023-09,25,5,-0.27615384615384614,0.4,-0.017265494499347268,-0.014257896136080995,-0.003007598363266273
FeatureSensitivity[identity_ablated][XGBoost light],holdout,2023-10,25,5,0.47,0.6,0.11052933165187846,0.07028744636270544,0.040241885289173024
FeatureSensitivity[identity_ablated][XGBoost light],holdout,2023-11,25,5,-0.07999999999999999,0.2,0.00394732273259848,0.03833103724293837,-0.03438371451033989
FeatureSensitivity[identity_ablated][XGBoost light],holdout,2023-12,25,5,-0.4476923076923077,0.2,-0.009444882156289825,-0.0016680895872055678,-0.0077767925690842565
FeatureSensitivity[identity_ablated][XGBoost light],holdout,2024-01,25,5,0.08846153846153845,0.2,0.023389886523352964,0.02200752473323249,0.0013823617901204746
FeatureSensitivity[identity_ablated][XGBoost light],holdout,2024-02,25,5,0.10923076923076921,0.2,0.03365147464278553,0.03547268751142166,-0.001821212868636131
FeatureSensitivity[identity_ablated][XGBoost light],holdout,2024-03,25,5,-0.1446153846153846,0.2,-0.052454357147903294,-0.03038395807888956,-0.022070399069013733
FeatureSensitivity[identity_ablated][XGBoost light],holdout,2024-04,25,5,0.13076923076923078,0.2,0.032590777347812946,0.038582390325294924,-0.005991612977481978
FeatureSensitivity[identity_ablated][XGBoost light],holdout,2024-05,25,5,-0.15923076923076923,0.2,0.005187459976523234,0.005875058071763899,-0.0006875980952406654
FeatureSensitivity[identity_ablated][XGBoost light],holdout,2024-06,25,5,0.12,0.2,0.016155261368196182,0.03019923112649143,-0.014043969758295246
FeatureSensitivity[identity_ablated][XGBoost light],holdout,2024-07,25,5,-0.4676923076923077,0.0,-0.012624683196529363,0.013461759985491257,-0.02608644318202062
FeatureSensitivity[identity_ablated][XGBoost light],holdout,2024-08,25,5,0.3623076923076923,0.4,0.0427808980746925,0.030435595427475048,0.012345302647217452
FeatureSensitivity[identity_ablated][XGBoost light],holdout,2024-09,25,5,0.09,0.4,-0.008335816388919625,-0.010666003725532471,0.002330187336612846
FeatureSensitivity[identity_ablated][XGBoost light],holdout,2024-10,25,5,-0.10384615384615385,0.0,0.0007194380695130231,0.028550634949502017,-0.027831196879988994
FeatureSensitivity[identity_ablated][XGBoost light],holdout,2024-11,25,5,-0.007692307692307692,0.4,-0.013325966334595174,-0.037556865254102324,0.02423089891950715
FeatureSensitivity[identity_ablated][XGBoost light],holdout,2024-12,25,5,0.3123076923076923,0.4,0.029526535426116406,0.01685734425500113,0.012669191171115275
FeatureSensitivity[identity_ablated][XGBoost light],holdout,2025-01,25,5,0.16153846153846155,0.4,0.028458712122405583,0.01871619850118452,0.009742513621221062
FeatureSensitivity[identity_ablated][XGBoost light],holdout,2025-02,25,5,-0.057692307692307696,0.2,-0.037977445275411116,-0.017615811704947148,-0.020361633570463968
FeatureSensitivity[identity_ablated][XGBoost light],holdout,2025-03,25,5,-0.05615384615384616,0.2,0.004052805127211401,-0.011693621348026215,0.015746426475237614
FeatureSensitivity[identity_ablated][XGBoost light],holdout,2025-04,25,5,-0.5138461538461538,0.0,0.03120979020368213,0.028813092510935827,0.0023966976927463045
FeatureSensitivity[identity_ablated][XGBoost light],holdout,2025-05,25,5,0.03461538461538462,0.4,0.04136241655384978,0.030568302157011992,0.010794114396837785
FeatureSensitivity[identity_ablated][XGBoost light],holdout,2025-06,25,5,0.3815384615384615,0.6,0.024289551968906763,0.006917561514269979,0.017371990454636783
FeatureSensitivity[identity_ablated][XGBoost light],holdout,2025-07,25,5,0.2953846153846154,0.4,0.041068683994251655,0.021690514569325015,0.01937816942492664
FeatureSensitivity[identity_ablated][XGBoost light],holdout,2025-08,25,5,0.019999999999999997,0.4,0.07059839608769894,0.03573153725638026,0.03486685883131868
FeatureSensitivity[identity_ablated][XGBoost light],holdout,2025-09,25,5,-0.25461538461538463,0.2,0.006212010391119271,0.011074788871926824,-0.004862778480807553
FeatureSensitivity[identity_ablated][XGBoost light],holdout,2025-10,25,5,0.3861538461538461,0.2,0.04150747440242504,0.013984389081040867,0.027523085321384172
FeatureSensitivity[identity_ablated][XGBoost light],holdout,2025-11,25,5,0.14615384615384616,0.4,0.06667559520853825,0.020344462849746413,0.046331132358791834
FeatureSensitivity[identity_ablated][XGBoost light],holdout,2025-12,25,5,0.3576923076923077,0.4,0.044715283951637194,0.0303859595642897,0.014329324387347495
FeatureSensitivity[identity_ablated][XGBoost light],holdout,2026-01,25,5,0.17615384615384613,0.2,-0.005850485530344262,0.03269640231379641,-0.038546887844140676
FeatureSensitivity[identity_ablated][XGBoost light],holdout,2026-02,25,5,0.2923076923076923,0.2,-0.02450422875825877,-0.03656678394169601,0.01206255518343724
FeatureSensitivity[identity_ablated][XGBoost light],holdout,2026-03,25,5,-0.021538461538461538,0.4,0.06589910305437949,0.05167545879192894,0.014223644262450548
FeatureSensitivity[identity_ablated][TabPFN direct],holdout,2020-01,25,5,-0.1815384615384615,0.0,-0.06803598691531995,-0.054048476683959075,-0.013987510231360877
FeatureSensitivity[identity_ablated][TabPFN direct],holdout,2020-02,25,5,-0.4015384615384615,0.0,-0.21084395830698197,-0.14485397448749124,-0.06598998381949073
FeatureSensitivity[identity_ablated][TabPFN direct],holdout,2020-03,25,5,-0.36,0.0,0.036890441102879534,0.10528200713632334,-0.0683915660334438
FeatureSensitivity[identity_ablated][TabPFN direct],holdout,2020-04,25,5,0.24769230769230768,0.4,0.09184838403089515,0.058123295956415334,0.03372508807447982
FeatureSensitivity[identity_ablated][TabPFN direct],holdout,2020-05,25,5,0.25466436324132874,0.2,0.034396817862393014,0.019992743992486173,0.014404073869906841
FeatureSensitivity[identity_ablated][TabPFN direct],holdout,2020-06,25,5,0.2846153846153846,0.2,0.08488841678204799,0.05777399472309771,0.02711442205895028
FeatureSensitivity[identity_ablated][TabPFN direct],holdout,2020-07,25,5,0.16153846153846155,0.2,0.04005023605162596,0.036529711653833674,0.0035205243977922893
FeatureSensitivity[identity_ablated][TabPFN direct],holdout,2020-08,25,5,-0.43615384615384617,0.0,-0.08928758612359337,-0.027170321598357174,-0.0621172645252362
FeatureSensitivity[identity_ablated][TabPFN direct],holdout,2020-09,25,5,0.07153846153846154,0.4,-0.011745128672266892,-0.010365351788556043,-0.0013797768837108485
FeatureSensitivity[identity_ablated][TabPFN direct],holdout,2020-10,25,5,0.32615384615384607,0.2,0.12110647900553817,0.08653840030647521,0.03456807869906296
FeatureSensitivity[identity_ablated][TabPFN direct],holdout,2020-11,25,5,0.2976923076923077,0.4,0.07248467797778413,0.03422774515700446,0.03825693282077967
FeatureSensitivity[identity_ablated][TabPFN direct],holdout,2020-12,25,5,0.23350644786629385,0.4,0.022021880843765197,0.0018480073568368294,0.020173873486928368
FeatureSensitivity[identity_ablated][TabPFN direct],holdout,2021-01,25,5,0.03230769230769231,0.2,0.00416567881717933,0.01824998694856843,-0.014084308131389101
FeatureSensitivity[identity_ablated][TabPFN direct],holdout,2021-02,25,5,-0.08230769230769232,0.0,-0.011906745538257235,0.020199397593665406,-0.03210614313192264
FeatureSensitivity[identity_ablated][TabPFN direct],holdout,2021-03,25,5,0.33544913103691637,0.2,0.04469058415830016,0.03918018080489045,0.005510403353409715
FeatureSensitivity[identity_ablated][TabPFN direct],holdout,2021-04,25,5,0.19230769230769232,0.4,0.023381626078108942,0.019048149908593888,0.004333476169515054
FeatureSensitivity[identity_ablated][TabPFN direct],holdout,2021-05,25,5,0.16615384615384618,0.6,0.02085870565880501,0.0034348765011974836,0.017423829157607526
FeatureSensitivity[identity_ablated][TabPFN direct],holdout,2021-06,25,5,-0.23307692307692307,0.2,-0.02678974720011158,0.009919196538945347,-0.03670894373905693
FeatureSensitivity[identity_ablated][TabPFN direct],holdout,2021-07,25,5,0.03846153846153846,0.2,-0.006599670775295041,0.010399606534442149,-0.01699927730973719
FeatureSensitivity[identity_ablated][TabPFN direct],holdout,2021-08,25,5,-0.13153846153846155,0.4,0.010066820898044181,-0.02915439890835376,0.039221219806397936
FeatureSensitivity[identity_ablated][TabPFN direct],holdout,2021-09,25,5,0.48538461538461536,0.4,0.0670505567696523,0.04854004612365783,0.018510510645994467
FeatureSensitivity[identity_ablated][TabPFN direct],holdout,2021-10,25,5,-0.2753846153846154,0.0,-0.035568754499982536,-0.011523953062962708,-0.024044801437019828
FeatureSensitivity[identity_ablated][TabPFN direct],holdout,2021-11,25,5,-0.10461538461538461,0.0,0.011381462802055209,0.030873379606091208,-0.019491916804036
FeatureSensitivity[identity_ablated][TabPFN direct],holdout,2021-12,25,5,0.08538461538461539,0.6,0.019378761206699856,-0.028729917514140845,0.0481086787208407
FeatureSensitivity[identity_ablated][TabPFN direct],holdout,2022-01,25,5,0.021538461538461538,0.6,0.018467036816645455,-0.008969478289536582,0.027436515106182037
FeatureSensitivity[identity_ablated][TabPFN direct],holdout,2022-02,25,5,0.37615384615384617,0.2,0.0387918848945521,0.02565494559840393,0.013136939296148169
FeatureSensitivity[identity_ablated][TabPFN direct],holdout,2022-03,25,5,-0.2369230769230769,0.4,-0.06275326220752564,-0.059535584884574735,-0.0032176773229509043
FeatureSensitivity[identity_ablated][TabPFN direct],holdout,2022-04,25,5,-0.28615384615384615,0.2,0.02302652786856818,0.010536863418915727,0.012489664449652453
FeatureSensitivity[identity_ablated][TabPFN direct],holdout,2022-05,25,5,-0.4323076923076923,0.0,-0.11879068950173091,-0.07287348328902624,-0.045917206212704675
FeatureSensitivity[identity_ablated][TabPFN direct],holdout,2022-06,25,5,0.35846153846153844,0.4,0.09910852091757905,0.05655602302922773,0.04255249788835132
FeatureSensitivity[identity_ablated][TabPFN direct],holdout,2022-07,25,5,-0.06769230769230769,0.4,-0.042738056407059674,-0.03955624001204256,-0.0031818163950171133
FeatureSensitivity[identity_ablated][TabPFN direct],holdout,2022-08,25,5,-0.1769230769230769,0.2,-0.027681436691944894,-0.05692389977247783,0.029242463080532938
FeatureSensitivity[identity_ablated][TabPFN direct],holdout,2022-09,25,5,0.006153846153846154,0.2,0.07859533368100657,0.05320740610992971,0.025387927571076864
FeatureSensitivity[identity_ablated][TabPFN direct],holdout,2022-10,25,5,0.0015384615384615385,0.2,0.04504766403092839,0.056795291909799935,-0.011747627878871542
FeatureSensitivity[identity_ablated][TabPFN direct],holdout,2022-11,25,5,-0.2684615384615385,0.2,-0.04465571729915565,-0.030486275288491953,-0.014169442010663696
FeatureSensitivity[identity_ablated][TabPFN direct],holdout,2022-12,25,5,0.3476923076923077,0.4,0.053186305987644976,0.04535181789737403,0.007834488090270944
FeatureSensitivity[identity_ablated][TabPFN direct],holdout,2023-01,25,5,-0.21923076923076923,0.4,-0.04012488297845267,-0.0367885463759981,-0.0033363366024545676
FeatureSensitivity[identity_ablated][TabPFN direct],holdout,2023-02,25,5,0.21999999999999997,0.4,0.058159606373678584,0.028008922392958335,0.03015068398072025
FeatureSensitivity[identity_ablated][TabPFN direct],holdout,2023-03,25,5,-0.16384615384615386,0.2,0.012311843679705836,0.008176745169681605,0.004135098510024231
FeatureSensitivity[identity_ablated][TabPFN direct],holdout,2023-04,25,5,-0.20230769230769227,0.2,-0.03360370693275969,-0.022281772118893938,-0.011321934813865755
FeatureSensitivity[identity_ablated][TabPFN direct],holdout,2023-05,25,5,0.24307692307692308,0.2,0.04437847311345759,0.04213855709436727,0.002239916019090321
FeatureSensitivity[identity_ablated][TabPFN direct],holdout,2023-06,25,5,0.3638461538461538,0.4,0.04245316339707168,0.024872348419345748,0.017580814977725935
FeatureSensitivity[identity_ablated][TabPFN direct],holdout,2023-07,25,5,-0.06616657171829085,0.4,-0.008704932429997592,-0.011716302497952963,0.0030113700679553716
FeatureSensitivity[identity_ablated][TabPFN direct],holdout,2023-08,25,5,-0.6038461538461538,0.0,-0.08041040275294382,-0.052001268865308245,-0.02840913388763558
FeatureSensitivity[identity_ablated][TabPFN direct],holdout,2023-09,25,5,-0.2323076923076923,0.6,0.003268843685033551,-0.014257896136080995,0.017526739821114544
FeatureSensitivity[identity_ablated][TabPFN direct],holdout,2023-10,25,5,0.3546153846153846,0.4,0.07064935245317985,0.07028744636270544,0.0003619060904744148
FeatureSensitivity[identity_ablated][TabPFN direct],holdout,2023-11,25,5,-0.033083285859145425,0.2,0.01607332699405508,0.03833103724293837,-0.02225771024888329
FeatureSensitivity[identity_ablated][TabPFN direct],holdout,2023-12,25,5,-0.6207692307692307,0.0,-0.029803930157351544,-0.0016680895872055678,-0.028135840570145978
FeatureSensitivity[identity_ablated][TabPFN direct],holdout,2024-01,25,5,0.13384615384615384,0.2,0.02743812143978506,0.02200752473323249,0.005430596706552569
FeatureSensitivity[identity_ablated][TabPFN direct],holdout,2024-02,25,5,0.23739901718785097,0.4,0.0523931084885854,0.03547268751142166,0.016920420977163744
FeatureSensitivity[identity_ablated][TabPFN direct],holdout,2024-03,25,5,-0.22273514549354886,0.4,-0.03195239483916037,-0.03038395807888956,-0.0015684367602708076
FeatureSensitivity[identity_ablated][TabPFN direct],holdout,2024-04,25,5,0.40969417953476606,0.4,0.06829350347599598,0.038582390325294924,0.02971111315070106
FeatureSensitivity[identity_ablated][TabPFN direct],holdout,2024-05,25,5,-0.19538461538461538,0.2,-0.006259448149434488,0.005875058071763899,-0.012134506221198387
FeatureSensitivity[identity_ablated][TabPFN direct],holdout,2024-06,25,5,0.11049090776878512,0.2,0.016155261368196182,0.03019923112649143,-0.014043969758295246
FeatureSensitivity[identity_ablated][TabPFN direct],holdout,2024-07,25,5,-0.3769230769230769,0.0,-0.010946415678906729,0.013461759985491257,-0.024408175664397985
FeatureSensitivity[identity_ablated][TabPFN direct],holdout,2024-08,25,5,0.3592307692307692,0.2,0.0418912267462217,0.030435595427475048,0.011455631318746651
FeatureSensitivity[identity_ablated][TabPFN direct],holdout,2024-09,25,5,0.4061538461538462,0.4,0.011455219091918023,-0.010666003725532471,0.022121222817450492
FeatureSensitivity[identity_ablated][TabPFN direct],holdout,2024-10,25,5,0.12692307692307694,0.2,0.036560036868155385,0.028550634949502017,0.008009401918653368
FeatureSensitivity[identity_ablated][TabPFN direct],holdout,2024-11,25,5,0.011538461538461539,0.4,-0.01287352572843652,-0.037556865254102324,0.024683339525665805
FeatureSensitivity[identity_ablated][TabPFN direct],holdout,2024-12,25,5,0.006923076923076924,0.2,0.009326415308650526,0.01685734425500113,-0.007530928946350605
FeatureSensitivity[identity_ablated][TabPFN direct],holdout,2025-01,25,5,-0.06999999999999999,0.0,-0.005242746491833028,0.01871619850118452,-0.02395894499301755
FeatureSensitivity[identity_ablated][TabPFN direct],holdout,2025-02,25,5,-0.003846153846153846,0.4,-0.012270350379694418,-0.017615811704947148,0.00534546132525273
FeatureSensitivity[identity_ablated][TabPFN direct],holdout,2025-03,25,5,-0.11615384615384615,0.2,-0.007339342320940534,-0.011693621348026215,0.004354279027085681
FeatureSensitivity[identity_ablated][TabPFN direct],holdout,2025-04,25,5,0.12461538461538461,0.2,0.03228187000007363,0.028813092510935827,0.003468777489137806
FeatureSensitivity[identity_ablated][TabPFN direct],holdout,2025-05,25,5,0.18230769230769234,0.6,0.05440230700086164,0.030568302157011992,0.02383400484384965
FeatureSensitivity[identity_ablated][TabPFN direct],holdout,2025-06,25,5,0.3769955830460758,0.6,0.018209344718762475,0.006917561514269979,0.011291783204492496
FeatureSensitivity[identity_ablated][TabPFN direct],holdout,2025-07,25,5,0.3623076923076923,0.2,0.037258044757725275,0.021690514569325015,0.01556753018840026
FeatureSensitivity[identity_ablated][TabPFN direct],holdout,2025-08,25,5,0.3538461538461538,0.4,0.06913550938454435,0.03573153725638026,0.033403972128164094
FeatureSensitivity[identity_ablated][TabPFN direct],holdout,2025-09,25,5,0.07384615384615385,0.2,0.027801103487764146,0.011074788871926824,0.01672631461583732
FeatureSensitivity[identity_ablated][TabPFN direct],holdout,2025-10,25,5,0.13117907532521617,0.4,0.026239795942943588,0.013984389081040867,0.012255406861902721
FeatureSensitivity[identity_ablated][TabPFN direct],holdout,2025-11,25,5,0.24846153846153846,0.4,0.07507308362872815,0.020344462849746413,0.05472862077898174
FeatureSensitivity[identity_ablated][TabPFN direct],holdout,2025-12,25,5,0.29384615384615387,0.6,0.06538604683643472,0.0303859595642897,0.035000087272145014
FeatureSensitivity[identity_ablated][TabPFN direct],holdout,2026-01,25,5,0.3308328585914542,0.8,0.08636550467916952,0.03269640231379641,0.05366910236537311
FeatureSensitivity[identity_ablated][TabPFN direct],holdout,2026-02,25,5,-0.10307692307692308,0.4,-0.02907456532876307,-0.03656678394169601,0.007492218612932942
FeatureSensitivity[identity_ablated][TabPFN direct],holdout,2026-03,25,5,0.11538461538461539,0.6,0.07798444553345156,0.05167545879192894,0.02630898674152262
FeatureSensitivity[metadata_only][XGBoost light],holdout,2020-01,25,5,0.04384615384615385,0.4,-0.019143173447554652,-0.054048476683959075,0.03490530323640442
FeatureSensitivity[metadata_only][XGBoost light],holdout,2020-02,25,5,-0.14384615384615382,0.4,-0.08831402167300595,-0.14485397448749124,0.05653995281448529
FeatureSensitivity[metadata_only][XGBoost light],holdout,2020-03,25,5,0.0876923076923077,0.2,0.08111024353888244,0.10528200713632334,-0.0241717635974409
FeatureSensitivity[metadata_only][XGBoost light],holdout,2020-04,25,5,0.21769230769230768,0.2,0.0682199580185695,0.058123295956415334,0.01009666206215417
FeatureSensitivity[metadata_only][XGBoost light],holdout,2020-05,25,5,0.25846153846153846,0.2,0.02713190075600207,0.019992743992486173,0.007139156763515897
FeatureSensitivity[metadata_only][XGBoost light],holdout,2020-06,25,5,0.45615384615384613,0.6,0.11838186048979149,0.05777399472309771,0.06060786576669378
FeatureSensitivity[metadata_only][XGBoost light],holdout,2020-07,25,5,0.048461538461538466,0.4,0.052353727201135514,0.036529711653833674,0.01582401554730184
FeatureSensitivity[metadata_only][XGBoost light],holdout,2020-08,25,5,-0.30076923076923073,0.2,-0.05754208182099463,-0.027170321598357174,-0.030371760222637455
FeatureSensitivity[metadata_only][XGBoost light],holdout,2020-09,25,5,0.08153846153846152,0.2,-0.015324539493255962,-0.010365351788556043,-0.0049591877046999185
FeatureSensitivity[metadata_only][XGBoost light],holdout,2020-10,25,5,-0.10461538461538461,0.0,0.029988321294402143,0.08653840030647521,-0.05655007901207307
FeatureSensitivity[metadata_only][XGBoost light],holdout,2020-11,25,5,0.20461538461538462,0.4,0.058015945549542744,0.03422774515700446,0.023788200392538282
FeatureSensitivity[metadata_only][XGBoost light],holdout,2020-12,25,5,0.19538461538461538,0.2,0.006136041531886271,0.0018480073568368294,0.0042880341750494416
FeatureSensitivity[metadata_only][XGBoost light],holdout,2021-01,25,5,-0.15846153846153843,0.0,-0.03949607520427303,0.01824998694856843,-0.05774606215284146
FeatureSensitivity[metadata_only][XGBoost light],holdout,2021-02,25,5,-0.17307692307692307,0.0,-0.01246822465714521,0.020199397593665406,-0.032667622250810616
FeatureSensitivity[metadata_only][XGBoost light],holdout,2021-03,25,5,0.34307692307692306,0.4,0.051794658094586055,0.03918018080489045,0.012614477289695607
FeatureSensitivity[metadata_only][XGBoost light],holdout,2021-04,25,5,0.09384615384615384,0.4,0.026016354836834732,0.019048149908593888,0.006968204928240844
FeatureSensitivity[metadata_only][XGBoost light],holdout,2021-05,25,5,0.03307692307692307,0.4,-0.0036079932317275355,0.0034348765011974836,-0.0070428697329250195
FeatureSensitivity[metadata_only][XGBoost light],holdout,2021-06,25,5,0.12307692307692307,0.2,0.02026713195896206,0.009919196538945347,0.010347935420016713
FeatureSensitivity[metadata_only][XGBoost light],holdout,2021-07,25,5,0.03307692307692307,0.2,0.003056552597666484,0.010399606534442149,-0.007343053936775664
FeatureSensitivity[metadata_only][XGBoost light],holdout,2021-08,25,5,-0.4415384615384615,0.0,-0.04837562986334152,-0.02915439890835376,-0.01922123095498776
FeatureSensitivity[metadata_only][XGBoost light],holdout,2021-09,25,5,0.33153846153846156,0.2,0.04808519144908994,0.04854004612365783,-0.0004548546745678922
FeatureSensitivity[metadata_only][XGBoost light],holdout,2021-10,25,5,0.07076923076923076,0.4,-0.002082517935916761,-0.011523953062962708,0.009441435127045946
FeatureSensitivity[metadata_only][XGBoost light],holdout,2021-11,25,5,-0.10230769230769231,0.2,0.01618248957217423,0.030873379606091208,-0.014690890033916978
FeatureSensitivity[metadata_only][XGBoost light],holdout,2021-12,25,5,-0.018461538461538463,0.4,-0.03914346262477688,-0.028729917514140845,-0.010413545110636035
FeatureSensitivity[metadata_only][XGBoost light],holdout,2022-01,25,5,0.05461538461538461,0.4,0.009209946749319565,-0.008969478289536582,0.018179425038856147
FeatureSensitivity[metadata_only][XGBoost light],holdout,2022-02,25,5,0.1576923076923077,0.0,0.007001583939675204,0.02565494559840393,-0.018653361658728725
FeatureSensitivity[metadata_only][XGBoost light],holdout,2022-03,25,5,-0.17615384615384613,0.2,-0.07908845353258712,-0.059535584884574735,-0.01955286864801238
FeatureSensitivity[metadata_only][XGBoost light],holdout,2022-04,25,5,-0.37846153846153846,0.0,-0.017049322565802806,0.010536863418915727,-0.027586185984718535
FeatureSensitivity[metadata_only][XGBoost light],holdout,2022-05,25,5,-0.2053846153846154,0.2,-0.0638854670600935,-0.07287348328902624,0.008988016228932735
FeatureSensitivity[metadata_only][XGBoost light],holdout,2022-06,25,5,0.07153846153846154,0.2,0.05001616110793346,0.05655602302922773,-0.006539861921294271
FeatureSensitivity[metadata_only][XGBoost light],holdout,2022-07,25,5,-0.22999999999999998,0.0,-0.06991362727419004,-0.03955624001204256,-0.030357387262147477
FeatureSensitivity[metadata_only][XGBoost light],holdout,2022-08,25,5,-0.2538461538461539,0.4,-0.028886262540449036,-0.05692389977247783,0.028037637232028796
FeatureSensitivity[metadata_only][XGBoost light],holdout,2022-09,25,5,-0.2346153846153846,0.0,-0.0003747246134258253,0.05320740610992971,-0.053582130723355534
FeatureSensitivity[metadata_only][XGBoost light],holdout,2022-10,25,5,0.3353846153846154,0.4,0.07553520711314606,0.056795291909799935,0.01873991520334612
FeatureSensitivity[metadata_only][XGBoost light],holdout,2022-11,25,5,-0.018461538461538463,0.4,-0.005608064063673845,-0.030486275288491953,0.024878211224818106
FeatureSensitivity[metadata_only][XGBoost light],holdout,2022-12,25,5,0.2407692307692308,0.4,0.052033952122607044,0.04535181789737403,0.006682134225233012
FeatureSensitivity[metadata_only][XGBoost light],holdout,2023-01,25,5,-0.3507692307692308,0.2,-0.05777985656469862,-0.0367885463759981,-0.02099131018870052
FeatureSensitivity[metadata_only][XGBoost light],holdout,2023-02,25,5,0.2869230769230769,0.8,0.06802828370053379,0.028008922392958335,0.040019361307575455
FeatureSensitivity[metadata_only][XGBoost light],holdout,2023-03,25,5,-0.08615384615384615,0.2,0.02047409046425499,0.008176745169681605,0.012297345294573384
FeatureSensitivity[metadata_only][XGBoost light],holdout,2023-04,25,5,-0.18076923076923077,0.2,-0.016736485905562315,-0.022281772118893938,0.005545286213331623
FeatureSensitivity[metadata_only][XGBoost light],holdout,2023-05,25,5,0.020769230769230772,0.0,0.014425216334363689,0.04213855709436727,-0.027713340760003584
FeatureSensitivity[metadata_only][XGBoost light],holdout,2023-06,25,5,0.2123076923076923,0.2,0.017704950832468126,0.024872348419345748,-0.007167397586877622
FeatureSensitivity[metadata_only][XGBoost light],holdout,2023-07,25,5,-0.11846153846153845,0.2,-0.008967913279634799,-0.011716302497952963,0.0027483892183181643
FeatureSensitivity[metadata_only][XGBoost light],holdout,2023-08,25,5,-0.633076923076923,0.0,-0.08112103963945379,-0.052001268865308245,-0.029119770774145542
FeatureSensitivity[metadata_only][XGBoost light],holdout,2023-09,25,5,-0.08846153846153845,0.4,0.009455913742883215,-0.014257896136080995,0.02371380987896421
FeatureSensitivity[metadata_only][XGBoost light],holdout,2023-10,25,5,0.34076923076923077,0.4,0.08927661677504903,0.07028744636270544,0.01898917041234359
FeatureSensitivity[metadata_only][XGBoost light],holdout,2023-11,25,5,0.018461538461538463,0.4,0.03641110529329472,0.03833103724293837,-0.0019199319496436482
FeatureSensitivity[metadata_only][XGBoost light],holdout,2023-12,25,5,-0.48692307692307696,0.2,-0.014769974755868253,-0.0016680895872055678,-0.013101885168662685
FeatureSensitivity[metadata_only][XGBoost light],holdout,2024-01,25,5,0.03307692307692307,0.2,0.005632945213806839,0.02200752473323249,-0.01637457951942565
FeatureSensitivity[metadata_only][XGBoost light],holdout,2024-02,25,5,0.27307692307692305,0.4,0.05007069375227502,0.03547268751142166,0.014598006240853362
FeatureSensitivity[metadata_only][XGBoost light],holdout,2024-03,25,5,-0.022307692307692306,0.4,-0.02325003747818426,-0.03038395807888956,0.0071339206007053
FeatureSensitivity[metadata_only][XGBoost light],holdout,2024-04,25,5,0.30153846153846153,0.4,0.0635828894505512,0.038582390325294924,0.025000499125256273
FeatureSensitivity[metadata_only][XGBoost light],holdout,2024-05,25,5,-0.15923076923076923,0.2,0.005648668596286965,0.005875058071763899,-0.00022638947547693432
FeatureSensitivity[metadata_only][XGBoost light],holdout,2024-06,25,5,0.10615384615384615,0.2,0.035514318955365255,0.03019923112649143,0.005315087828873827
FeatureSensitivity[metadata_only][XGBoost light],holdout,2024-07,25,5,-0.16615384615384618,0.0,0.011471374255947775,0.013461759985491257,-0.001990385729543482
FeatureSensitivity[metadata_only][XGBoost light],holdout,2024-08,25,5,0.4792307692307692,0.4,0.053158705518167926,0.030435595427475048,0.022723110090692878
FeatureSensitivity[metadata_only][XGBoost light],holdout,2024-09,25,5,0.21846153846153843,0.4,-0.0032118808390252606,-0.010666003725532471,0.00745412288650721
FeatureSensitivity[metadata_only][XGBoost light],holdout,2024-10,25,5,-0.12538461538461537,0.0,-0.00277064884313436,0.028550634949502017,-0.03132128379263638
FeatureSensitivity[metadata_only][XGBoost light],holdout,2024-11,25,5,-0.1753846153846154,0.2,-0.03348198787823105,-0.037556865254102324,0.004074877375871276
FeatureSensitivity[metadata_only][XGBoost light],holdout,2024-12,25,5,0.08692307692307692,0.4,0.030071205194166194,0.01685734425500113,0.013213860939165063
FeatureSensitivity[metadata_only][XGBoost light],holdout,2025-01,25,5,0.14384615384615382,0.2,0.02210761160746717,0.01871619850118452,0.0033914131062826487
FeatureSensitivity[metadata_only][XGBoost light],holdout,2025-02,25,5,0.16076923076923075,0.4,0.010059606661961595,-0.017615811704947148,0.027675418366908743
FeatureSensitivity[metadata_only][XGBoost light],holdout,2025-03,25,5,-0.008461538461538461,0.4,-0.004793882369882585,-0.011693621348026215,0.00689973897814363
FeatureSensitivity[metadata_only][XGBoost light],holdout,2025-04,25,5,0.24,0.2,0.023517667118818288,0.028813092510935827,-0.005295425392117539
FeatureSensitivity[metadata_only][XGBoost light],holdout,2025-05,25,5,0.15000000000000002,0.4,0.035830848714098876,0.030568302157011992,0.0052625465570868835
FeatureSensitivity[metadata_only][XGBoost light],holdout,2025-06,25,5,0.3915384615384615,0.2,0.010437911536955679,0.006917561514269979,0.0035203500226857
FeatureSensitivity[metadata_only][XGBoost light],holdout,2025-07,25,5,0.016923076923076923,0.2,0.02520369802005338,0.021690514569325015,0.003513183450728364
FeatureSensitivity[metadata_only][XGBoost light],holdout,2025-08,25,5,0.41923076923076924,0.6,0.08147648410127148,0.03573153725638026,0.04574494684489122
FeatureSensitivity[metadata_only][XGBoost light],holdout,2025-09,25,5,0.15307692307692308,0.4,0.019696111185385813,0.011074788871926824,0.008621322313458989
FeatureSensitivity[metadata_only][XGBoost light],holdout,2025-10,25,5,0.12846153846153846,0.4,0.044074983936433124,0.013984389081040867,0.030090594855392255
FeatureSensitivity[metadata_only][XGBoost light],holdout,2025-11,25,5,0.033846153846153845,0.2,0.06157479517498905,0.020344462849746413,0.04123033232524264
FeatureSensitivity[metadata_only][XGBoost light],holdout,2025-12,25,5,0.25461538461538463,0.4,0.04062552119779239,0.0303859595642897,0.010239561633502692
FeatureSensitivity[metadata_only][XGBoost light],holdout,2026-01,25,5,0.4461538461538462,0.4,0.056358403243586964,0.03269640231379641,0.023662000929790553
FeatureSensitivity[metadata_only][XGBoost light],holdout,2026-02,25,5,-0.35,0.0,-0.07971490953597138,-0.03656678394169601,-0.04314812559427537
FeatureSensitivity[metadata_only][XGBoost light],holdout,2026-03,25,5,0.01923076923076923,0.2,0.039527593589037326,0.05167545879192894,-0.012147865202891614
FeatureSensitivity[metadata_only][TabPFN direct],holdout,2020-01,25,5,0.040777073268249,0.4,-0.020396948014153614,-0.054048476683959075,0.03365152866980546
FeatureSensitivity[metadata_only][TabPFN direct],holdout,2020-02,25,5,-0.13502596902976796,0.4,-0.09220641483023065,-0.14485397448749124,0.05264755965726059
FeatureSensitivity[metadata_only][TabPFN direct],holdout,2020-03,25,5,0.1269474922502092,0.0,0.07937178317694296,0.10528200713632334,-0.025910223959380377
FeatureSensitivity[metadata_only][TabPFN direct],holdout,2020-04,25,5,0.23812272031175602,0.4,0.06961713557964096,0.058123295956415334,0.011493839623225623
FeatureSensitivity[metadata_only][TabPFN direct],holdout,2020-05,25,5,0.26351221876179787,0.2,0.02875227933046891,0.019992743992486173,0.008759535337982738
FeatureSensitivity[metadata_only][TabPFN direct],holdout,2020-06,25,5,0.4416233972825459,0.4,0.1160358189220136,0.05777399472309771,0.058261824198915894
FeatureSensitivity[metadata_only][TabPFN direct],holdout,2020-07,25,5,0.0934795170206086,0.4,0.05299560356415493,0.036529711653833674,0.01646589191032126
FeatureSensitivity[metadata_only][TabPFN direct],holdout,2020-08,25,5,-0.3058280495118676,0.2,-0.05665562130732495,-0.027170321598357174,-0.02948529970896778
FeatureSensitivity[metadata_only][TabPFN direct],holdout,2020-09,25,5,0.01692633230002789,0.2,-0.019442748248051832,-0.010365351788556043,-0.009077396459495788
FeatureSensitivity[metadata_only][TabPFN direct],holdout,2020-10,25,5,-0.07924601031376693,0.0,0.030727680390202926,0.08653840030647521,-0.05581071991627228
FeatureSensitivity[metadata_only][TabPFN direct],holdout,2020-11,25,5,0.18118869348438948,0.4,0.059351507959795914,0.03422774515700446,0.025123762802791452
FeatureSensitivity[metadata_only][TabPFN direct],holdout,2020-12,25,5,0.18388151907757574,0.2,0.0038951991818058974,0.0018480073568368294,0.002047191824969068
FeatureSensitivity[metadata_only][TabPFN direct],holdout,2021-01,25,5,-0.13040969658430582,0.0,-0.03646938691155495,0.01824998694856843,-0.05471937386012338
FeatureSensitivity[metadata_only][TabPFN direct],holdout,2021-02,25,5,-0.15387574818207173,0.0,-0.012646420890860276,0.020199397593665406,-0.03284581848452568
FeatureSensitivity[metadata_only][TabPFN direct],holdout,2021-03,25,5,0.35506828893013054,0.4,0.05101155988991257,0.03918018080489045,0.011831379085022124
FeatureSensitivity[metadata_only][TabPFN direct],holdout,2021-04,25,5,0.11463743239564346,0.4,0.026297066089552245,0.019048149908593888,0.007248916180958357
FeatureSensitivity[metadata_only][TabPFN direct],holdout,2021-05,25,5,0.07309098038648408,0.4,-0.0025178409373996847,0.0034348765011974836,-0.005952717438597169
FeatureSensitivity[metadata_only][TabPFN direct],holdout,2021-06,25,5,0.13002500721385063,0.4,0.02236244657097779,0.009919196538945347,0.012443250032032444
FeatureSensitivity[metadata_only][TabPFN direct],holdout,2021-07,25,5,-0.014233506706841636,0.2,0.001902153909333726,0.010399606534442149,-0.008497452625108422
FeatureSensitivity[metadata_only][TabPFN direct],holdout,2021-08,25,5,-0.4466243590984632,0.0,-0.048457015027218886,-0.02915439890835376,-0.019302616118865128
FeatureSensitivity[metadata_only][TabPFN direct],holdout,2021-09,25,5,0.3873821960483656,0.2,0.048065827770996924,0.04854004612365783,-0.0004742183526609059
FeatureSensitivity[metadata_only][TabPFN direct],holdout,2021-10,25,5,0.09078669142742232,0.4,0.002960018443054868,-0.011523953062962708,0.014483971506017577
FeatureSensitivity[metadata_only][TabPFN direct],holdout,2021-11,25,5,-0.09578765324333967,0.2,0.020149098593990368,0.030873379606091208,-0.01072428101210084
FeatureSensitivity[metadata_only][TabPFN direct],holdout,2021-12,25,5,-0.015387574818207173,0.4,-0.03547405865853211,-0.028729917514140845,-0.0067441411443912615
FeatureSensitivity[metadata_only][TabPFN direct],holdout,2022-01,25,5,0.07578380597967033,0.4,0.008733407526384119,-0.008969478289536582,0.0177028858159207
FeatureSensitivity[metadata_only][TabPFN direct],holdout,2022-02,25,5,0.19349875333895522,0.0,0.004553664710132721,0.02565494559840393,-0.021101280888271207
FeatureSensitivity[metadata_only][TabPFN direct],holdout,2022-03,25,5,-0.16887863362982372,0.2,-0.07395184913003616,-0.059535584884574735,-0.014416264245461427
FeatureSensitivity[metadata_only][TabPFN direct],holdout,2022-04,25,5,-0.375456825564255,0.0,-0.01454936254571575,0.010536863418915727,-0.025086225964631476
FeatureSensitivity[metadata_only][TabPFN direct],holdout,2022-05,25,5,-0.2388920990526664,0.2,-0.06549816049793984,-0.07287348328902624,0.0073753227910863944
FeatureSensitivity[metadata_only][TabPFN direct],holdout,2022-06,25,5,0.09617234261379484,0.2,0.05141965211334685,0.05655602302922773,-0.005136370915880879
FeatureSensitivity[metadata_only][TabPFN direct],holdout,2022-07,25,5,-0.24081554590494228,0.0,-0.07168462118937276,-0.03955624001204256,-0.0321283811773302
FeatureSensitivity[metadata_only][TabPFN direct],holdout,2022-08,25,5,-0.2088863281571624,0.4,-0.0313671178468405,-0.05692389977247783,0.02555678192563733
FeatureSensitivity[metadata_only][TabPFN direct],holdout,2022-09,25,5,-0.17387959544574108,0.0,0.006657408758936367,0.05320740610992971,-0.04654999735099334
FeatureSensitivity[metadata_only][TabPFN direct],holdout,2022-10,25,5,0.293902679027757,0.4,0.07711696438094466,0.056795291909799935,0.020321672471144726
FeatureSensitivity[metadata_only][TabPFN direct],holdout,2022-11,25,5,-0.03654549019324204,0.4,-0.003629793586012764,-0.030486275288491953,0.026856481702479187
FeatureSensitivity[metadata_only][TabPFN direct],holdout,2022-12,25,5,0.19773033641396218,0.2,0.04890178670256786,0.04535181789737403,0.003549968805193829
FeatureSensitivity[metadata_only][TabPFN direct],holdout,2023-01,25,5,-0.3100596325868745,0.2,-0.05593876357376859,-0.0367885463759981,-0.01915021719777049
FeatureSensitivity[metadata_only][TabPFN direct],holdout,2023-02,25,5,0.31044432195732974,0.8,0.07056268520257772,0.028008922392958335,0.04255376280961938
FeatureSensitivity[metadata_only][TabPFN direct],holdout,2023-03,25,5,-0.1323331434365817,0.2,0.01921725587708196,0.008176745169681605,0.011040510707400357
FeatureSensitivity[metadata_only][TabPFN direct],holdout,2023-04,25,5,-0.17234083796392036,0.2,-0.01533951439694201,-0.022281772118893938,0.006942257721951927
FeatureSensitivity[metadata_only][TabPFN direct],holdout,2023-05,25,5,0.06501250360692531,0.0,0.014027450907846694,0.04213855709436727,-0.028111106186520577
FeatureSensitivity[metadata_only][TabPFN direct],holdout,2023-06,25,5,0.1992690938957829,0.2,0.015623107058939878,0.024872348419345748,-0.00924924136040587
FeatureSensitivity[metadata_only][TabPFN direct],holdout,2023-07,25,5,-0.010771302372745022,0.2,-0.009105043647558353,-0.011716302497952963,0.0026112588503946106
FeatureSensitivity[metadata_only][TabPFN direct],holdout,2023-08,25,5,-0.6174264395805629,0.0,-0.08393070408063055,-0.052001268865308245,-0.03192943521532231
FeatureSensitivity[metadata_only][TabPFN direct],holdout,2023-09,25,5,-0.0765531847205807,0.6,0.013613833323807657,-0.014257896136080995,0.027871729459888653
FeatureSensitivity[metadata_only][TabPFN direct],holdout,2023-10,25,5,0.33237161607327503,0.6,0.0935970815093384,0.07028744636270544,0.023309635146632965
FeatureSensitivity[metadata_only][TabPFN direct],holdout,2023-11,25,5,-0.01808040041139343,0.4,0.032615220109933764,0.03833103724293837,-0.005715817133004605
FeatureSensitivity[metadata_only][TabPFN direct],holdout,2023-12,25,5,-0.4358530567257182,0.2,-0.012081973093799525,-0.0016680895872055678,-0.010413883506593957
FeatureSensitivity[metadata_only][TabPFN direct],holdout,2024-01,25,5,0.06308905675464942,0.0,0.00466123505339755,0.02200752473323249,-0.01734628967983494
FeatureSensitivity[metadata_only][TabPFN direct],holdout,2024-02,25,5,0.2596653250572461,0.4,0.04898685371802549,0.03547268751142166,0.013514166206603832
FeatureSensitivity[metadata_only][TabPFN direct],holdout,2024-03,25,5,-0.03231390711823507,0.4,-0.0263696686386921,-0.03038395807888956,0.004014289440197459
FeatureSensitivity[metadata_only][TabPFN direct],holdout,2024-04,25,5,0.227351417939011,0.4,0.0656875707478973,0.038582390325294924,0.027105180422602376
FeatureSensitivity[metadata_only][TabPFN direct],holdout,2024-05,25,5,-0.12810156036157472,0.2,0.008459635255004238,0.005875058071763899,0.002584577183240339
FeatureSensitivity[metadata_only][TabPFN direct],holdout,2024-06,25,5,0.04539334571371116,0.2,0.03157558236642675,0.03019923112649143,0.0013763512399353195
FeatureSensitivity[metadata_only][TabPFN direct],holdout,2024-07,25,5,-0.2142719793435349,0.0,0.01067755374713968,0.013461759985491257,-0.002784206238351577
FeatureSensitivity[metadata_only][TabPFN direct],holdout,2024-08,25,5,0.46316600202803593,0.4,0.053616070892751375,0.030435595427475048,0.023180475465276327
FeatureSensitivity[metadata_only][TabPFN direct],holdout,2024-09,25,5,0.23466051597765938,0.4,-0.004628739761180589,-0.010666003725532471,0.006037263964351882
FeatureSensitivity[metadata_only][TabPFN direct],holdout,2024-10,25,5,-0.1177149473592849,0.0,-0.0030133171542431557,0.028550634949502017,-0.03156395210374517
FeatureSensitivity[metadata_only][TabPFN direct],holdout,2024-11,25,5,-0.16080015685026497,0.2,-0.03437252657588532,-0.037556865254102324,0.0031843386782170052
FeatureSensitivity[metadata_only][TabPFN direct],holdout,2024-12,25,5,0.1323331434365817,0.4,0.023003622608401518,0.01685734425500113,0.006146278353400387
FeatureSensitivity[metadata_only][TabPFN direct],holdout,2025-01,25,5,0.08617041898196018,0.2,0.023744415356639913,0.01871619850118452,0.005028216855455393
FeatureSensitivity[metadata_only][TabPFN direct],holdout,2025-02,25,5,0.14310444580932674,0.4,0.008841382175349199,-0.017615811704947148,0.026457193880296347
FeatureSensitivity[metadata_only][TabPFN direct],holdout,2025-03,25,5,-0.02308136222731076,0.4,-0.0030337363285478426,-0.011693621348026215,0.008659885019478373
FeatureSensitivity[metadata_only][TabPFN direct],holdout,2025-04,25,5,0.2750528998754532,0.2,0.024193129615068542,0.028813092510935827,-0.004619962895867285
FeatureSensitivity[metadata_only][TabPFN direct],holdout,2025-05,25,5,0.1658011186661823,0.4,0.04260234121938644,0.030568302157011992,0.01203403906237445
FeatureSensitivity[metadata_only][TabPFN direct],holdout,2025-06,25,5,0.4208501712779662,0.4,0.013038002305966856,0.006917561514269979,0.006120440791696877
FeatureSensitivity[metadata_only][TabPFN direct],holdout,2025-07,25,5,0.0038468937045517933,0.2,0.02272307093538557,0.021690514569325015,0.0010325563660605538
FeatureSensitivity[metadata_only][TabPFN direct],holdout,2025-08,25,5,0.3977688090506554,0.6,0.08627221057453371,0.03573153725638026,0.050540673318153456
FeatureSensitivity[metadata_only][TabPFN direct],holdout,2025-09,25,5,0.17387959544574108,0.4,0.023493306272138616,0.011074788871926824,0.012418517400211791
FeatureSensitivity[metadata_only][TabPFN direct],holdout,2025-10,25,5,0.11617618987746417,0.4,0.037583138785093916,0.013984389081040867,0.023598749704053047
FeatureSensitivity[metadata_only][TabPFN direct],holdout,2025-11,25,5,0.06270436738419423,0.4,0.06504832410230794,0.020344462849746413,0.04470386125256153
FeatureSensitivity[metadata_only][TabPFN direct],holdout,2025-12,25,5,0.2558184313526943,0.4,0.0381801641382451,0.0303859595642897,0.0077942045739554
FeatureSensitivity[metadata_only][TabPFN direct],holdout,2026-01,25,5,0.45201001028483573,0.4,0.053714537511457806,0.03269640231379641,0.021018135197661394
FeatureSensitivity[metadata_only][TabPFN direct],holdout,2026-02,25,5,-0.33544913103691637,0.0,-0.07815928322996064,-0.03656678394169601,-0.04159249928826463
FeatureSensitivity[metadata_only][TabPFN direct],holdout,2026-03,25,5,-0.016156953559117535,0.2,0.04854394797131325,0.05167545879192894,-0.0031315108206156905
FeatureSensitivity[strict_time_series][XGBoost light],holdout,2020-01,25,5,-0.3869230769230769,0.0,-0.08296960158993012,-0.054048476683959075,-0.028921124905971048
FeatureSensitivity[strict_time_series][XGBoost light],holdout,2020-02,25,5,-0.6215384615384615,0.0,-0.2384387794544877,-0.14485397448749124,-0.09358480496699645
FeatureSensitivity[strict_time_series][XGBoost light],holdout,2020-03,25,5,-0.4938461538461539,0.0,0.02149028283831189,0.10528200713632334,-0.08379172429801145
FeatureSensitivity[strict_time_series][XGBoost light],holdout,2020-04,25,5,-0.05692307692307692,0.2,0.06433522783297267,0.058123295956415334,0.0062119318765573375
FeatureSensitivity[strict_time_series][XGBoost light],holdout,2020-05,25,5,0.1623076923076923,0.2,0.029859810182454583,0.019992743992486173,0.00986706618996841
FeatureSensitivity[strict_time_series][XGBoost light],holdout,2020-06,25,5,0.3146153846153846,0.2,0.10133663490833103,0.05777399472309771,0.04356264018523332
FeatureSensitivity[strict_time_series][XGBoost light],holdout,2020-07,25,5,0.10538461538461538,0.2,0.022097085429220953,0.036529711653833674,-0.014432626224612721
FeatureSensitivity[strict_time_series][XGBoost light],holdout,2020-08,25,5,-0.18230769230769234,0.0,-0.08264500079548764,-0.027170321598357174,-0.05547467919713047
FeatureSensitivity[strict_time_series][XGBoost light],holdout,2020-09,25,5,0.004615384615384616,0.2,-0.02139024082714418,-0.010365351788556043,-0.011024889038588137
FeatureSensitivity[strict_time_series][XGBoost light],holdout,2020-10,25,5,0.39615384615384613,0.4,0.13577477064680232,0.08653840030647521,0.049236370340327115
FeatureSensitivity[strict_time_series][XGBoost light],holdout,2020-11,25,5,0.2376923076923077,0.4,0.05706857201564477,0.03422774515700446,0.022840826858640306
FeatureSensitivity[strict_time_series][XGBoost light],holdout,2020-12,25,5,0.23153846153846153,0.4,0.0236727934000599,0.0018480073568368294,0.02182478604322307
FeatureSensitivity[strict_time_series][XGBoost light],holdout,2021-01,25,5,0.06999999999999999,0.2,0.006271869337700009,0.01824998694856843,-0.011978117610868422
FeatureSensitivity[strict_time_series][XGBoost light],holdout,2021-02,25,5,0.12615384615384617,0.2,0.028423554952333972,0.020199397593665406,0.008224157358668566
FeatureSensitivity[strict_time_series][XGBoost light],holdout,2021-03,25,5,0.33,0.2,0.04366958390991886,0.03918018080489045,0.0044894031050284125
FeatureSensitivity[strict_time_series][XGBoost light],holdout,2021-04,25,5,0.057692307692307696,0.4,0.021032832810089365,0.019048149908593888,0.001984682901495477
FeatureSensitivity[strict_time_series][XGBoost light],holdout,2021-05,25,5,0.07846153846153846,0.2,0.002014625514582158,0.0034348765011974836,-0.0014202509866153255
FeatureSensitivity[strict_time_series][XGBoost light],holdout,2021-06,25,5,-0.1723076923076923,0.2,0.006024882565124323,0.009919196538945347,-0.0038943139738210238
FeatureSensitivity[strict_time_series][XGBoost light],holdout,2021-07,25,5,-0.17153846153846153,0.2,0.0006419942698303149,0.010399606534442149,-0.009757612264611835
FeatureSensitivity[strict_time_series][XGBoost light],holdout,2021-08,25,5,-0.18923076923076923,0.4,0.0035331014175288278,-0.02915439890835376,0.032687500325882586
FeatureSensitivity[strict_time_series][XGBoost light],holdout,2021-09,25,5,0.5053846153846154,0.2,0.05921262451378077,0.04854004612365783,0.010672578390122943
FeatureSensitivity[strict_time_series][XGBoost light],holdout,2021-10,25,5,-0.3823076923076923,0.0,-0.04662898473372183,-0.011523953062962708,-0.035105031670759124
FeatureSensitivity[strict_time_series][XGBoost light],holdout,2021-11,25,5,0.3892307692307692,0.4,0.04011035390480826,0.030873379606091208,0.00923697429871705
FeatureSensitivity[strict_time_series][XGBoost light],holdout,2021-12,25,5,0.4130769230769231,0.4,0.002643358854623945,-0.028729917514140845,0.03137327636876479
FeatureSensitivity[strict_time_series][XGBoost light],holdout,2022-01,25,5,-0.016153846153846154,0.4,0.011161513416786905,-0.008969478289536582,0.020130991706323487
FeatureSensitivity[strict_time_series][XGBoost light],holdout,2022-02,25,5,0.5076923076923078,0.4,0.060750834257870645,0.02565494559840393,0.035095888659466716
FeatureSensitivity[strict_time_series][XGBoost light],holdout,2022-03,25,5,0.1392307692307692,0.4,-0.05585961701220421,-0.059535584884574735,0.0036759678723705252
FeatureSensitivity[strict_time_series][XGBoost light],holdout,2022-04,25,5,0.10769230769230768,0.4,0.04348896516176726,0.010536863418915727,0.03295210174285153
FeatureSensitivity[strict_time_series][XGBoost light],holdout,2022-05,25,5,-0.32923076923076927,0.2,-0.09383041024271763,-0.07287348328902624,-0.02095692695369139
FeatureSensitivity[strict_time_series][XGBoost light],holdout,2022-06,25,5,0.30230769230769233,0.4,0.10951051521488368,0.05655602302922773,0.052954492185655955
FeatureSensitivity[strict_time_series][XGBoost light],holdout,2022-07,25,5,0.023076923076923078,0.4,-0.042738056407059674,-0.03955624001204256,-0.0031818163950171133
FeatureSensitivity[strict_time_series][XGBoost light],holdout,2022-08,25,5,-0.18307692307692305,0.2,-0.040656325945514535,-0.05692389977247783,0.016267573826963297
FeatureSensitivity[strict_time_series][XGBoost light],holdout,2022-09,25,5,-0.11538461538461539,0.0,0.04731387424630449,0.05320740610992971,-0.00589353186362522
FeatureSensitivity[strict_time_series][XGBoost light],holdout,2022-10,25,5,0.2684615384615385,0.4,0.07055947479409616,0.056795291909799935,0.013764182884296226
FeatureSensitivity[strict_time_series][XGBoost light],holdout,2022-11,25,5,-0.3253846153846154,0.0,-0.05977719823685557,-0.030486275288491953,-0.029290922948363614
FeatureSensitivity[strict_time_series][XGBoost light],holdout,2022-12,25,5,0.31076923076923074,0.4,0.06230112042322393,0.04535181789737403,0.016949302525849898
FeatureSensitivity[strict_time_series][XGBoost light],holdout,2023-01,25,5,-0.2792307692307692,0.2,-0.05137862098483348,-0.0367885463759981,-0.01459007460883538
FeatureSensitivity[strict_time_series][XGBoost light],holdout,2023-02,25,5,0.10384615384615385,0.2,0.06041346586067333,0.028008922392958335,0.032404543467715
FeatureSensitivity[strict_time_series][XGBoost light],holdout,2023-03,25,5,-0.1623076923076923,0.2,0.013558727753333555,0.008176745169681605,0.00538198258365195
FeatureSensitivity[strict_time_series][XGBoost light],holdout,2023-04,25,5,-0.3984615384615384,0.2,-0.03360370693275969,-0.022281772118893938,-0.011321934813865755
FeatureSensitivity[strict_time_series][XGBoost light],holdout,2023-05,25,5,0.16692307692307692,0.2,0.027040328139293957,0.04213855709436727,-0.015098228955073314
FeatureSensitivity[strict_time_series][XGBoost light],holdout,2023-06,25,5,0.2069230769230769,0.4,0.02979489999977423,0.024872348419345748,0.00492255158042848
FeatureSensitivity[strict_time_series][XGBoost light],holdout,2023-07,25,5,-0.13384615384615384,0.4,-0.008704932429997592,-0.011716302497952963,0.0030113700679553716
FeatureSensitivity[strict_time_series][XGBoost light],holdout,2023-08,25,5,-0.6499999999999999,0.0,-0.07684759203400657,-0.052001268865308245,-0.024846323168698323
FeatureSensitivity[strict_time_series][XGBoost light],holdout,2023-09,25,5,-0.27615384615384614,0.4,-0.017265494499347268,-0.014257896136080995,-0.003007598363266273
FeatureSensitivity[strict_time_series][XGBoost light],holdout,2023-10,25,5,0.47,0.6,0.11052933165187846,0.07028744636270544,0.040241885289173024
FeatureSensitivity[strict_time_series][XGBoost light],holdout,2023-11,25,5,-0.07999999999999999,0.2,0.00394732273259848,0.03833103724293837,-0.03438371451033989
FeatureSensitivity[strict_time_series][XGBoost light],holdout,2023-12,25,5,-0.4476923076923077,0.2,-0.009444882156289825,-0.0016680895872055678,-0.0077767925690842565
FeatureSensitivity[strict_time_series][XGBoost light],holdout,2024-01,25,5,0.08846153846153845,0.2,0.023389886523352964,0.02200752473323249,0.0013823617901204746
FeatureSensitivity[strict_time_series][XGBoost light],holdout,2024-02,25,5,0.10923076923076921,0.2,0.03365147464278553,0.03547268751142166,-0.001821212868636131
FeatureSensitivity[strict_time_series][XGBoost light],holdout,2024-03,25,5,-0.1446153846153846,0.2,-0.052454357147903294,-0.03038395807888956,-0.022070399069013733
FeatureSensitivity[strict_time_series][XGBoost light],holdout,2024-04,25,5,0.13076923076923078,0.2,0.032590777347812946,0.038582390325294924,-0.005991612977481978
FeatureSensitivity[strict_time_series][XGBoost light],holdout,2024-05,25,5,-0.15923076923076923,0.2,0.005187459976523234,0.005875058071763899,-0.0006875980952406654
FeatureSensitivity[strict_time_series][XGBoost light],holdout,2024-06,25,5,0.12,0.2,0.016155261368196182,0.03019923112649143,-0.014043969758295246
FeatureSensitivity[strict_time_series][XGBoost light],holdout,2024-07,25,5,-0.4676923076923077,0.0,-0.012624683196529363,0.013461759985491257,-0.02608644318202062
FeatureSensitivity[strict_time_series][XGBoost light],holdout,2024-08,25,5,0.3623076923076923,0.4,0.0427808980746925,0.030435595427475048,0.012345302647217452
FeatureSensitivity[strict_time_series][XGBoost light],holdout,2024-09,25,5,0.09,0.4,-0.008335816388919625,-0.010666003725532471,0.002330187336612846
FeatureSensitivity[strict_time_series][XGBoost light],holdout,2024-10,25,5,-0.10384615384615385,0.0,0.0007194380695130231,0.028550634949502017,-0.027831196879988994
FeatureSensitivity[strict_time_series][XGBoost light],holdout,2024-11,25,5,-0.007692307692307692,0.4,-0.013325966334595174,-0.037556865254102324,0.02423089891950715
FeatureSensitivity[strict_time_series][XGBoost light],holdout,2024-12,25,5,0.3123076923076923,0.4,0.029526535426116406,0.01685734425500113,0.012669191171115275
FeatureSensitivity[strict_time_series][XGBoost light],holdout,2025-01,25,5,0.16153846153846155,0.4,0.028458712122405583,0.01871619850118452,0.009742513621221062
FeatureSensitivity[strict_time_series][XGBoost light],holdout,2025-02,25,5,-0.057692307692307696,0.2,-0.037977445275411116,-0.017615811704947148,-0.020361633570463968
FeatureSensitivity[strict_time_series][XGBoost light],holdout,2025-03,25,5,-0.05615384615384616,0.2,0.004052805127211401,-0.011693621348026215,0.015746426475237614
FeatureSensitivity[strict_time_series][XGBoost light],holdout,2025-04,25,5,-0.5138461538461538,0.0,0.03120979020368213,0.028813092510935827,0.0023966976927463045
FeatureSensitivity[strict_time_series][XGBoost light],holdout,2025-05,25,5,0.03461538461538462,0.4,0.04136241655384978,0.030568302157011992,0.010794114396837785
FeatureSensitivity[strict_time_series][XGBoost light],holdout,2025-06,25,5,0.3815384615384615,0.6,0.024289551968906763,0.006917561514269979,0.017371990454636783
FeatureSensitivity[strict_time_series][XGBoost light],holdout,2025-07,25,5,0.2953846153846154,0.4,0.041068683994251655,0.021690514569325015,0.01937816942492664
FeatureSensitivity[strict_time_series][XGBoost light],holdout,2025-08,25,5,0.019999999999999997,0.4,0.07059839608769894,0.03573153725638026,0.03486685883131868
FeatureSensitivity[strict_time_series][XGBoost light],holdout,2025-09,25,5,-0.25461538461538463,0.2,0.006212010391119271,0.011074788871926824,-0.004862778480807553
FeatureSensitivity[strict_time_series][XGBoost light],holdout,2025-10,25,5,0.3861538461538461,0.2,0.04150747440242504,0.013984389081040867,0.027523085321384172
FeatureSensitivity[strict_time_series][XGBoost light],holdout,2025-11,25,5,0.14615384615384616,0.4,0.06667559520853825,0.020344462849746413,0.046331132358791834
FeatureSensitivity[strict_time_series][XGBoost light],holdout,2025-12,25,5,0.3576923076923077,0.4,0.044715283951637194,0.0303859595642897,0.014329324387347495
FeatureSensitivity[strict_time_series][XGBoost light],holdout,2026-01,25,5,0.17615384615384613,0.2,-0.005850485530344262,0.03269640231379641,-0.038546887844140676
FeatureSensitivity[strict_time_series][XGBoost light],holdout,2026-02,25,5,0.2923076923076923,0.2,-0.02450422875825877,-0.03656678394169601,0.01206255518343724
FeatureSensitivity[strict_time_series][XGBoost light],holdout,2026-03,25,5,-0.021538461538461538,0.4,0.06589910305437949,0.05167545879192894,0.014223644262450548
FeatureSensitivity[strict_time_series][TabPFN direct],holdout,2020-01,25,5,-0.1815384615384615,0.0,-0.06803598691531995,-0.054048476683959075,-0.013987510231360877
FeatureSensitivity[strict_time_series][TabPFN direct],holdout,2020-02,25,5,-0.4015384615384615,0.0,-0.21084395830698197,-0.14485397448749124,-0.06598998381949073
FeatureSensitivity[strict_time_series][TabPFN direct],holdout,2020-03,25,5,-0.36,0.0,0.036890441102879534,0.10528200713632334,-0.0683915660334438
FeatureSensitivity[strict_time_series][TabPFN direct],holdout,2020-04,25,5,0.24769230769230768,0.4,0.09184838403089515,0.058123295956415334,0.03372508807447982
FeatureSensitivity[strict_time_series][TabPFN direct],holdout,2020-05,25,5,0.25466436324132874,0.2,0.034396817862393014,0.019992743992486173,0.014404073869906841
FeatureSensitivity[strict_time_series][TabPFN direct],holdout,2020-06,25,5,0.2846153846153846,0.2,0.08488841678204799,0.05777399472309771,0.02711442205895028
FeatureSensitivity[strict_time_series][TabPFN direct],holdout,2020-07,25,5,0.16153846153846155,0.2,0.04005023605162596,0.036529711653833674,0.0035205243977922893
FeatureSensitivity[strict_time_series][TabPFN direct],holdout,2020-08,25,5,-0.43615384615384617,0.0,-0.08928758612359337,-0.027170321598357174,-0.0621172645252362
FeatureSensitivity[strict_time_series][TabPFN direct],holdout,2020-09,25,5,0.07153846153846154,0.4,-0.011745128672266892,-0.010365351788556043,-0.0013797768837108485
FeatureSensitivity[strict_time_series][TabPFN direct],holdout,2020-10,25,5,0.32615384615384607,0.2,0.12110647900553817,0.08653840030647521,0.03456807869906296
FeatureSensitivity[strict_time_series][TabPFN direct],holdout,2020-11,25,5,0.2976923076923077,0.4,0.07248467797778413,0.03422774515700446,0.03825693282077967
FeatureSensitivity[strict_time_series][TabPFN direct],holdout,2020-12,25,5,0.23350644786629385,0.4,0.022021880843765197,0.0018480073568368294,0.020173873486928368
FeatureSensitivity[strict_time_series][TabPFN direct],holdout,2021-01,25,5,0.03230769230769231,0.2,0.00416567881717933,0.01824998694856843,-0.014084308131389101
FeatureSensitivity[strict_time_series][TabPFN direct],holdout,2021-02,25,5,-0.08230769230769232,0.0,-0.011906745538257235,0.020199397593665406,-0.03210614313192264
FeatureSensitivity[strict_time_series][TabPFN direct],holdout,2021-03,25,5,0.33544913103691637,0.2,0.04469058415830016,0.03918018080489045,0.005510403353409715
FeatureSensitivity[strict_time_series][TabPFN direct],holdout,2021-04,25,5,0.19230769230769232,0.4,0.023381626078108942,0.019048149908593888,0.004333476169515054
FeatureSensitivity[strict_time_series][TabPFN direct],holdout,2021-05,25,5,0.16615384615384618,0.6,0.02085870565880501,0.0034348765011974836,0.017423829157607526
FeatureSensitivity[strict_time_series][TabPFN direct],holdout,2021-06,25,5,-0.23307692307692307,0.2,-0.02678974720011158,0.009919196538945347,-0.03670894373905693
FeatureSensitivity[strict_time_series][TabPFN direct],holdout,2021-07,25,5,0.03846153846153846,0.2,-0.006599670775295041,0.010399606534442149,-0.01699927730973719
FeatureSensitivity[strict_time_series][TabPFN direct],holdout,2021-08,25,5,-0.13153846153846155,0.4,0.010066820898044181,-0.02915439890835376,0.039221219806397936
FeatureSensitivity[strict_time_series][TabPFN direct],holdout,2021-09,25,5,0.48538461538461536,0.4,0.0670505567696523,0.04854004612365783,0.018510510645994467
FeatureSensitivity[strict_time_series][TabPFN direct],holdout,2021-10,25,5,-0.2753846153846154,0.0,-0.035568754499982536,-0.011523953062962708,-0.024044801437019828
FeatureSensitivity[strict_time_series][TabPFN direct],holdout,2021-11,25,5,-0.10461538461538461,0.0,0.011381462802055209,0.030873379606091208,-0.019491916804036
FeatureSensitivity[strict_time_series][TabPFN direct],holdout,2021-12,25,5,0.08538461538461539,0.6,0.019378761206699856,-0.028729917514140845,0.0481086787208407
FeatureSensitivity[strict_time_series][TabPFN direct],holdout,2022-01,25,5,0.021538461538461538,0.6,0.018467036816645455,-0.008969478289536582,0.027436515106182037
FeatureSensitivity[strict_time_series][TabPFN direct],holdout,2022-02,25,5,0.37615384615384617,0.2,0.0387918848945521,0.02565494559840393,0.013136939296148169
FeatureSensitivity[strict_time_series][TabPFN direct],holdout,2022-03,25,5,-0.2369230769230769,0.4,-0.06275326220752564,-0.059535584884574735,-0.0032176773229509043
FeatureSensitivity[strict_time_series][TabPFN direct],holdout,2022-04,25,5,-0.28615384615384615,0.2,0.02302652786856818,0.010536863418915727,0.012489664449652453
FeatureSensitivity[strict_time_series][TabPFN direct],holdout,2022-05,25,5,-0.4323076923076923,0.0,-0.11879068950173091,-0.07287348328902624,-0.045917206212704675
FeatureSensitivity[strict_time_series][TabPFN direct],holdout,2022-06,25,5,0.35846153846153844,0.4,0.09910852091757905,0.05655602302922773,0.04255249788835132
FeatureSensitivity[strict_time_series][TabPFN direct],holdout,2022-07,25,5,-0.06769230769230769,0.4,-0.042738056407059674,-0.03955624001204256,-0.0031818163950171133
FeatureSensitivity[strict_time_series][TabPFN direct],holdout,2022-08,25,5,-0.1769230769230769,0.2,-0.027681436691944894,-0.05692389977247783,0.029242463080532938
FeatureSensitivity[strict_time_series][TabPFN direct],holdout,2022-09,25,5,0.006153846153846154,0.2,0.07859533368100657,0.05320740610992971,0.025387927571076864
FeatureSensitivity[strict_time_series][TabPFN direct],holdout,2022-10,25,5,0.0015384615384615385,0.2,0.04504766403092839,0.056795291909799935,-0.011747627878871542
FeatureSensitivity[strict_time_series][TabPFN direct],holdout,2022-11,25,5,-0.2684615384615385,0.2,-0.04465571729915565,-0.030486275288491953,-0.014169442010663696
FeatureSensitivity[strict_time_series][TabPFN direct],holdout,2022-12,25,5,0.3476923076923077,0.4,0.053186305987644976,0.04535181789737403,0.007834488090270944
FeatureSensitivity[strict_time_series][TabPFN direct],holdout,2023-01,25,5,-0.21923076923076923,0.4,-0.04012488297845267,-0.0367885463759981,-0.0033363366024545676
FeatureSensitivity[strict_time_series][TabPFN direct],holdout,2023-02,25,5,0.21999999999999997,0.4,0.058159606373678584,0.028008922392958335,0.03015068398072025
FeatureSensitivity[strict_time_series][TabPFN direct],holdout,2023-03,25,5,-0.16384615384615386,0.2,0.012311843679705836,0.008176745169681605,0.004135098510024231
FeatureSensitivity[strict_time_series][TabPFN direct],holdout,2023-04,25,5,-0.20230769230769227,0.2,-0.03360370693275969,-0.022281772118893938,-0.011321934813865755
FeatureSensitivity[strict_time_series][TabPFN direct],holdout,2023-05,25,5,0.24307692307692308,0.2,0.04437847311345759,0.04213855709436727,0.002239916019090321
FeatureSensitivity[strict_time_series][TabPFN direct],holdout,2023-06,25,5,0.3638461538461538,0.4,0.04245316339707168,0.024872348419345748,0.017580814977725935
FeatureSensitivity[strict_time_series][TabPFN direct],holdout,2023-07,25,5,-0.06616657171829085,0.4,-0.008704932429997592,-0.011716302497952963,0.0030113700679553716
FeatureSensitivity[strict_time_series][TabPFN direct],holdout,2023-08,25,5,-0.6038461538461538,0.0,-0.08041040275294382,-0.052001268865308245,-0.02840913388763558
FeatureSensitivity[strict_time_series][TabPFN direct],holdout,2023-09,25,5,-0.2323076923076923,0.6,0.003268843685033551,-0.014257896136080995,0.017526739821114544
FeatureSensitivity[strict_time_series][TabPFN direct],holdout,2023-10,25,5,0.3546153846153846,0.4,0.07064935245317985,0.07028744636270544,0.0003619060904744148
FeatureSensitivity[strict_time_series][TabPFN direct],holdout,2023-11,25,5,-0.033083285859145425,0.2,0.01607332699405508,0.03833103724293837,-0.02225771024888329
FeatureSensitivity[strict_time_series][TabPFN direct],holdout,2023-12,25,5,-0.6207692307692307,0.0,-0.029803930157351544,-0.0016680895872055678,-0.028135840570145978
FeatureSensitivity[strict_time_series][TabPFN direct],holdout,2024-01,25,5,0.13384615384615384,0.2,0.02743812143978506,0.02200752473323249,0.005430596706552569
FeatureSensitivity[strict_time_series][TabPFN direct],holdout,2024-02,25,5,0.23739901718785097,0.4,0.0523931084885854,0.03547268751142166,0.016920420977163744
FeatureSensitivity[strict_time_series][TabPFN direct],holdout,2024-03,25,5,-0.22273514549354886,0.4,-0.03195239483916037,-0.03038395807888956,-0.0015684367602708076
FeatureSensitivity[strict_time_series][TabPFN direct],holdout,2024-04,25,5,0.40969417953476606,0.4,0.06829350347599598,0.038582390325294924,0.02971111315070106
FeatureSensitivity[strict_time_series][TabPFN direct],holdout,2024-05,25,5,-0.19538461538461538,0.2,-0.006259448149434488,0.005875058071763899,-0.012134506221198387
FeatureSensitivity[strict_time_series][TabPFN direct],holdout,2024-06,25,5,0.11049090776878512,0.2,0.016155261368196182,0.03019923112649143,-0.014043969758295246
FeatureSensitivity[strict_time_series][TabPFN direct],holdout,2024-07,25,5,-0.3769230769230769,0.0,-0.010946415678906729,0.013461759985491257,-0.024408175664397985
FeatureSensitivity[strict_time_series][TabPFN direct],holdout,2024-08,25,5,0.3592307692307692,0.2,0.0418912267462217,0.030435595427475048,0.011455631318746651
FeatureSensitivity[strict_time_series][TabPFN direct],holdout,2024-09,25,5,0.4061538461538462,0.4,0.011455219091918023,-0.010666003725532471,0.022121222817450492
FeatureSensitivity[strict_time_series][TabPFN direct],holdout,2024-10,25,5,0.12692307692307694,0.2,0.036560036868155385,0.028550634949502017,0.008009401918653368
FeatureSensitivity[strict_time_series][TabPFN direct],holdout,2024-11,25,5,0.011538461538461539,0.4,-0.01287352572843652,-0.037556865254102324,0.024683339525665805
FeatureSensitivity[strict_time_series][TabPFN direct],holdout,2024-12,25,5,0.006923076923076924,0.2,0.009326415308650526,0.01685734425500113,-0.007530928946350605
FeatureSensitivity[strict_time_series][TabPFN direct],holdout,2025-01,25,5,-0.06999999999999999,0.0,-0.005242746491833028,0.01871619850118452,-0.02395894499301755
FeatureSensitivity[strict_time_series][TabPFN direct],holdout,2025-02,25,5,-0.003846153846153846,0.4,-0.012270350379694418,-0.017615811704947148,0.00534546132525273
FeatureSensitivity[strict_time_series][TabPFN direct],holdout,2025-03,25,5,-0.11615384615384615,0.2,-0.007339342320940534,-0.011693621348026215,0.004354279027085681
FeatureSensitivity[strict_time_series][TabPFN direct],holdout,2025-04,25,5,0.12461538461538461,0.2,0.03228187000007363,0.028813092510935827,0.003468777489137806
FeatureSensitivity[strict_time_series][TabPFN direct],holdout,2025-05,25,5,0.18230769230769234,0.6,0.05440230700086164,0.030568302157011992,0.02383400484384965
FeatureSensitivity[strict_time_series][TabPFN direct],holdout,2025-06,25,5,0.3769955830460758,0.6,0.018209344718762475,0.006917561514269979,0.011291783204492496
FeatureSensitivity[strict_time_series][TabPFN direct],holdout,2025-07,25,5,0.3623076923076923,0.2,0.037258044757725275,0.021690514569325015,0.01556753018840026
FeatureSensitivity[strict_time_series][TabPFN direct],holdout,2025-08,25,5,0.3538461538461538,0.4,0.06913550938454435,0.03573153725638026,0.033403972128164094
FeatureSensitivity[strict_time_series][TabPFN direct],holdout,2025-09,25,5,0.07384615384615385,0.2,0.027801103487764146,0.011074788871926824,0.01672631461583732
FeatureSensitivity[strict_time_series][TabPFN direct],holdout,2025-10,25,5,0.13117907532521617,0.4,0.026239795942943588,0.013984389081040867,0.012255406861902721
FeatureSensitivity[strict_time_series][TabPFN direct],holdout,2025-11,25,5,0.24846153846153846,0.4,0.07507308362872815,0.020344462849746413,0.05472862077898174
FeatureSensitivity[strict_time_series][TabPFN direct],holdout,2025-12,25,5,0.29384615384615387,0.6,0.06538604683643472,0.0303859595642897,0.035000087272145014
FeatureSensitivity[strict_time_series][TabPFN direct],holdout,2026-01,25,5,0.3308328585914542,0.8,0.08636550467916952,0.03269640231379641,0.05366910236537311
FeatureSensitivity[strict_time_series][TabPFN direct],holdout,2026-02,25,5,-0.10307692307692308,0.4,-0.02907456532876307,-0.03656678394169601,0.007492218612932942
FeatureSensitivity[strict_time_series][TabPFN direct],holdout,2026-03,25,5,0.11538461538461539,0.6,0.07798444553345156,0.05167545879192894,0.02630898674152262
XGBoost[GPU allocation scorer],holdout,2020-01,25,5,-0.5284615384615384,0.0,-0.09213342433011167,-0.054048476683959075,-0.03808494764615259
XGBoost[GPU allocation scorer],holdout,2020-02,25,5,-0.5815384615384616,0.0,-0.23095030964119792,-0.14485397448749124,-0.08609633515370668
XGBoost[GPU allocation scorer],holdout,2020-03,25,5,-0.46615384615384614,0.0,0.022697559544136058,0.10528200713632334,-0.08258444759218728
XGBoost[GPU allocation scorer],holdout,2020-04,25,5,0.016923076923076923,0.2,0.061644989350448154,0.058123295956415334,0.0035216933940328196
XGBoost[GPU allocation scorer],holdout,2020-05,25,5,0.0876923076923077,0.2,0.02984966364652184,0.019992743992486173,0.009856919654035668
XGBoost[GPU allocation scorer],holdout,2020-06,25,5,0.46076923076923076,0.6,0.07030553126300729,0.05777399472309771,0.012531536539909578
XGBoost[GPU allocation scorer],holdout,2020-07,25,5,0.21615384615384614,0.6,0.06452321885081794,0.036529711653833674,0.027993507196984263
XGBoost[GPU allocation scorer],holdout,2020-08,25,5,-0.16538461538461538,0.2,-0.07975774013094923,-0.027170321598357174,-0.05258741853259206
XGBoost[GPU allocation scorer],holdout,2020-09,25,5,0.05538461538461539,0.4,-0.007057409406799842,-0.010365351788556043,0.0033079423817562017
XGBoost[GPU allocation scorer],holdout,2020-10,25,5,0.2869230769230769,0.2,0.13789853760683818,0.08653840030647521,0.05136013730036297
XGBoost[GPU allocation scorer],holdout,2020-11,25,5,0.3038461538461538,0.4,0.0593311922436031,0.03422774515700446,0.02510344708659864
XGBoost[GPU allocation scorer],holdout,2020-12,25,5,0.2892307692307692,0.0,-0.006841718250469908,0.0018480073568368294,-0.008689725607306737
XGBoost[GPU allocation scorer],holdout,2021-01,25,5,-0.11076923076923079,0.2,0.02591612451951746,0.01824998694856843,0.007666137570949028
XGBoost[GPU allocation scorer],holdout,2021-02,25,5,0.16615384615384618,0.2,0.02708139780021155,0.020199397593665406,0.006882000206546144
XGBoost[GPU allocation scorer],holdout,2021-03,25,5,0.24769230769230768,0.2,0.03396536325414408,0.03918018080489045,-0.005214817550746369
XGBoost[GPU allocation scorer],holdout,2021-04,25,5,-0.050769230769230775,0.4,0.021032832810089365,0.019048149908593888,0.001984682901495477
XGBoost[GPU allocation scorer],holdout,2021-05,25,5,0.048461538461538466,0.2,-0.017296992362795492,0.0034348765011974836,-0.020731868863992975
XGBoost[GPU allocation scorer],holdout,2021-06,25,5,-0.06923076923076923,0.2,0.0030085408409430193,0.009919196538945347,-0.006910655698002328
XGBoost[GPU allocation scorer],holdout,2021-07,25,5,-0.11846153846153845,0.4,0.015966400699946058,0.010399606534442149,0.005566794165503909
XGBoost[GPU allocation scorer],holdout,2021-08,25,5,-0.22692307692307692,0.0,-0.04587275123604175,-0.02915439890835376,-0.016718352327687994
XGBoost[GPU allocation scorer],holdout,2021-09,25,5,0.49615384615384617,0.2,0.06459753172720784,0.04854004612365783,0.016057485603550005
XGBoost[GPU allocation scorer],holdout,2021-10,25,5,-0.3676923076923077,0.2,-0.010380671157420496,-0.011523953062962708,0.0011432819055422119
XGBoost[GPU allocation scorer],holdout,2021-11,25,5,0.4761538461538461,0.6,0.05465073187695206,0.030873379606091208,0.023777352270860853
XGBoost[GPU allocation scorer],holdout,2021-12,25,5,0.5692307692307692,0.6,0.0301561756662553,-0.028729917514140845,0.05888609318039614
XGBoost[GPU allocation scorer],holdout,2022-01,25,5,0.018461538461538463,0.4,0.012027089285418402,-0.008969478289536582,0.020996567574954984
XGBoost[GPU allocation scorer],holdout,2022-02,25,5,0.5223076923076923,0.6,0.061918742110549596,0.02565494559840393,0.03626379651214567
XGBoost[GPU allocation scorer],holdout,2022-03,25,5,0.17307692307692307,0.6,-0.03778544813180227,-0.059535584884574735,0.021750136752772466
XGBoost[GPU allocation scorer],holdout,2022-04,25,5,-0.05384615384615384,0.4,0.040394330237325395,0.010536863418915727,0.029857466818409666
XGBoost[GPU allocation scorer],holdout,2022-05,25,5,-0.45461538461538464,0.2,-0.06985051166299683,-0.07287348328902624,0.003022971626029408
XGBoost[GPU allocation scorer],holdout,2022-06,25,5,0.23846153846153845,0.0,0.057087196871024745,0.05655602302922773,0.0005311738417970169
XGBoost[GPU allocation scorer],holdout,2022-07,25,5,-0.009230769230769232,0.4,-0.0298603179407797,-0.03955624001204256,0.00969592207126286
XGBoost[GPU allocation scorer],holdout,2022-08,25,5,-0.29692307692307696,0.4,-0.0427019927733487,-0.05692389977247783,0.014221906999129133
XGBoost[GPU allocation scorer],holdout,2022-09,25,5,-0.3576923076923077,0.0,0.023311513553386388,0.05320740610992971,-0.029895892556543322
XGBoost[GPU allocation scorer],holdout,2022-10,25,5,0.1723076923076923,0.2,0.054990079333239225,0.056795291909799935,-0.0018052125765607094
XGBoost[GPU allocation scorer],holdout,2022-11,25,5,-0.26692307692307693,0.0,-0.052854857273616586,-0.030486275288491953,-0.022368581985124633
XGBoost[GPU allocation scorer],holdout,2022-12,25,5,0.6276923076923077,0.4,0.08483666070606319,0.04535181789737403,0.039484842808689156
XGBoost[GPU allocation scorer],holdout,2023-01,25,5,-0.2823076923076923,0.2,-0.0532346315409709,-0.0367885463759981,-0.0164460851649728
XGBoost[GPU allocation scorer],holdout,2023-02,25,5,0.06076923076923077,0.2,0.044562622493329096,0.028008922392958335,0.01655370010037076
XGBoost[GPU allocation scorer],holdout,2023-03,25,5,-0.016923076923076923,0.2,0.013558727753333555,0.008176745169681605,0.00538198258365195
XGBoost[GPU allocation scorer],holdout,2023-04,25,5,-0.07615384615384616,0.4,-0.007694148892212848,-0.022281772118893938,0.01458762322668109
XGBoost[GPU allocation scorer],holdout,2023-05,25,5,0.1992307692307692,0.0,0.04407579674370647,0.04213855709436727,0.0019372396493392008
XGBoost[GPU allocation scorer],holdout,2023-06,25,5,0.3776923076923077,0.4,0.040490418701795636,0.024872348419345748,0.015618070282449888
XGBoost[GPU allocation scorer],holdout,2023-07,25,5,-0.10307692307692308,0.4,-0.008704932429997592,-0.011716302497952963,0.0030113700679553716
XGBoost[GPU allocation scorer],holdout,2023-08,25,5,-0.5553846153846154,0.0,-0.06287872668972014,-0.052001268865308245,-0.010877457824411893
XGBoost[GPU allocation scorer],holdout,2023-09,25,5,-0.3646153846153847,0.2,-0.03024749660519439,-0.014257896136080995,-0.015989600469113394
XGBoost[GPU allocation scorer],holdout,2023-10,25,5,0.24384615384615385,0.2,0.06542898084643718,0.07028744636270544,-0.004858465516268257
XGBoost[GPU allocation scorer],holdout,2023-11,25,5,-0.2823076923076923,0.2,0.01607332699405508,0.03833103724293837,-0.02225771024888329
XGBoost[GPU allocation scorer],holdout,2023-12,25,5,-0.40461538461538454,0.0,-0.02045649483935723,-0.0016680895872055678,-0.018788405252151665
XGBoost[GPU allocation scorer],holdout,2024-01,25,5,0.1276923076923077,0.2,0.023389886523352964,0.02200752473323249,0.0013823617901204746
XGBoost[GPU allocation scorer],holdout,2024-02,25,5,0.11076923076923079,0.2,0.039519607321182273,0.03547268751142166,0.004046919809760616
XGBoost[GPU allocation scorer],holdout,2024-03,25,5,-0.21769230769230768,0.2,-0.052169331596722615,-0.03038395807888956,-0.021785373517833054
XGBoost[GPU allocation scorer],holdout,2024-04,25,5,0.3246153846153846,0.4,0.05629610155160192,0.038582390325294924,0.017713711226306994
XGBoost[GPU allocation scorer],holdout,2024-05,25,5,-0.21846153846153843,0.2,0.0018946704551685346,0.005875058071763899,-0.003980387616595365
XGBoost[GPU allocation scorer],holdout,2024-06,25,5,0.1446153846153846,0.2,0.023153827571032636,0.03019923112649143,-0.007045403555458792
XGBoost[GPU allocation scorer],holdout,2024-07,25,5,-0.32846153846153847,0.2,-0.0031361692239168628,0.013461759985491257,-0.01659792920940812
XGBoost[GPU allocation scorer],holdout,2024-08,25,5,0.27384615384615385,0.4,0.046639755708354366,0.030435595427475048,0.01620416028087932
XGBoost[GPU allocation scorer],holdout,2024-09,25,5,0.16846153846153847,0.2,-0.004977683398141863,-0.010666003725532471,0.005688320327390608
XGBoost[GPU allocation scorer],holdout,2024-10,25,5,-0.29615384615384616,0.0,-0.017308216860329528,0.028550634949502017,-0.04585885180983154
XGBoost[GPU allocation scorer],holdout,2024-11,25,5,0.06999999999999999,0.2,-0.022651775584501377,-0.037556865254102324,0.014905089669600947
XGBoost[GPU allocation scorer],holdout,2024-12,25,5,0.5338461538461539,0.6,0.043756766218337885,0.01685734425500113,0.026899421963336754
XGBoost[GPU allocation scorer],holdout,2025-01,25,5,0.12538461538461537,0.2,0.02136141888906904,0.01871619850118452,0.00264522038788452
XGBoost[GPU allocation scorer],holdout,2025-02,25,5,-0.2592307692307692,0.0,-0.06584820404834806,-0.017615811704947148,-0.048232392343400904
XGBoost[GPU allocation scorer],holdout,2025-03,25,5,0.23384615384615384,0.4,0.00801068520984487,-0.011693621348026215,0.019704306557871087
XGBoost[GPU allocation scorer],holdout,2025-04,25,5,-0.33307692307692305,0.0,0.014858161254589941,0.028813092510935827,-0.013954931256345886
XGBoost[GPU allocation scorer],holdout,2025-05,25,5,0.16461538461538464,0.4,0.04509593729562211,0.030568302157011992,0.01452763513861012
XGBoost[GPU allocation scorer],holdout,2025-06,25,5,0.48384615384615387,1.0,0.030759103849859047,0.006917561514269979,0.023841542335589067
XGBoost[GPU allocation scorer],holdout,2025-07,25,5,0.27,0.2,0.03404446797209981,0.021690514569325015,0.012353953402774797
XGBoost[GPU allocation scorer],holdout,2025-08,25,5,0.02923076923076923,0.4,0.04677344329696167,0.03573153725638026,0.01104190604058141
XGBoost[GPU allocation scorer],holdout,2025-09,25,5,-0.005384615384615384,0.4,0.036970164082386514,0.011074788871926824,0.02589537521045969
XGBoost[GPU allocation scorer],holdout,2025-10,25,5,0.3715384615384616,0.2,0.023452341549731016,0.013984389081040867,0.00946795246869015
XGBoost[GPU allocation scorer],holdout,2025-11,25,5,0.12923076923076923,0.6,0.06356282938092273,0.020344462849746413,0.04321836653117631
XGBoost[GPU allocation scorer],holdout,2025-12,25,5,0.22076923076923075,0.2,0.03782801276746983,0.0303859595642897,0.007442053203180133
XGBoost[GPU allocation scorer],holdout,2026-01,25,5,-0.08461538461538462,0.2,-0.006593559416153316,0.03269640231379641,-0.03928996172994973
XGBoost[GPU allocation scorer],holdout,2026-02,25,5,0.11692307692307692,0.2,-0.04123612506894805,-0.03656678394169601,-0.004669341127252036
XGBoost[GPU allocation scorer],holdout,2026-03,25,5,-0.08923076923076922,0.2,0.044493649476553675,0.05167545879192894,-0.007181809315375265
XGBoost[GPU allocation scorer] Calibration Base,calibration,2018-01,25,5,-0.30923076923076925,0.0,-0.04874122586634191,-0.03704501163071974,-0.011696214235622164
XGBoost[GPU allocation scorer] Calibration Base,calibration,2018-02,25,5,0.09999999999999999,0.2,0.0024771675869258657,-0.004552094089959353,0.007029261676885218
XGBoost[GPU allocation scorer] Calibration Base,calibration,2018-03,25,5,0.03846153846153846,0.2,0.0005309246543425683,0.0022899312248686153,-0.001759006570526047
XGBoost[GPU allocation scorer] Calibration Base,calibration,2018-04,25,5,0.15076923076923077,0.0,0.013838483788777101,0.019812264778756476,-0.005973780989979374
XGBoost[GPU allocation scorer] Calibration Base,calibration,2018-05,25,5,-0.22461538461538463,0.2,-0.018218801661988727,-0.005640148385018442,-0.012578653276970286
XGBoost[GPU allocation scorer] Calibration Base,calibration,2018-06,25,5,-0.3707692307692308,0.0,0.00275329969870719,0.021385612633670985,-0.018632312934963795
XGBoost[GPU allocation scorer] Calibration Base,calibration,2018-07,25,5,0.15615384615384614,0.4,0.011242507632352572,0.008831126318715347,0.0024113813136372245
XGBoost[GPU allocation scorer] Calibration Base,calibration,2018-08,25,5,-0.4669230769230769,0.0,-0.017565333342939547,0.005639670089144237,-0.023205003432083784
XGBoost[GPU allocation scorer] Calibration Base,calibration,2018-09,25,5,-0.16307692307692304,0.2,-0.03823433836701486,-0.04687352289120669,0.00863918452419183
XGBoost[GPU allocation scorer] Calibration Base,calibration,2018-10,25,5,0.1346153846153846,0.4,0.031163800304512802,0.02176004119413726,0.009403759110375543
XGBoost[GPU allocation scorer] Calibration Base,calibration,2018-11,25,5,0.29000000000000004,0.4,-0.03966940075615819,-0.06980647795258711,0.03013707719642892
XGBoost[GPU allocation scorer] Calibration Base,calibration,2018-12,25,5,0.47,0.6,0.11340953136010468,0.07806332128675256,0.03534621007335212
XGBoost[GPU allocation scorer] Calibration Base,calibration,2019-01,25,5,0.5615384615384615,0.6,0.047432081744033905,0.021543464495292385,0.02588861724874152
XGBoost[GPU allocation scorer] Calibration Base,calibration,2019-02,25,5,0.03846153846153846,0.2,0.020735497725432837,0.016645356717416623,0.004090141008016215
XGBoost[GPU allocation scorer] Calibration Base,calibration,2019-03,25,5,0.10538461538461538,0.2,0.01913781423550247,0.01569946574534561,0.0034383484901568603
XGBoost[GPU allocation scorer] Calibration Base,calibration,2019-04,25,5,-0.02846153846153846,0.0,-0.03137123609092196,-0.03643857119406522,0.005067335103143257
XGBoost[GPU allocation scorer] Calibration Base,calibration,2019-05,25,5,0.7169230769230769,0.8,0.10183563143784222,0.06020551854065295,0.041630112897189264
XGBoost[GPU allocation scorer] Calibration Base,calibration,2019-06,25,5,0.21384615384615382,0.4,0.014981654110193499,-0.001161249376473341,0.01614290348666684
XGBoost[GPU allocation scorer] Calibration Base,calibration,2019-07,25,5,-0.1446153846153846,0.4,0.017614885181266395,0.0027454521516335185,0.014869433029632876
XGBoost[GPU allocation scorer] Calibration Base,calibration,2019-08,25,5,0.40307692307692305,0.2,0.029021025880982477,0.014529095791450999,0.014491930089531478
XGBoost[GPU allocation scorer] Calibration Base,calibration,2019-09,25,5,0.26384615384615384,0.4,0.030550412477621157,0.018755396027266804,0.011795016450354353
XGBoost[GPU allocation scorer] Calibration Base,calibration,2019-10,25,5,-0.18923076923076923,0.2,-0.0076989762118288676,0.007860219229229685,-0.015559195441058552
XGBoost[GPU allocation scorer] Calibration Base,calibration,2019-11,25,5,0.3923076923076923,0.4,0.03940895771868254,0.032266381771987804,0.007142575946694735
XGBoost[GPU allocation scorer] Calibration Base,calibration,2019-12,25,5,0.26384615384615384,0.6,0.030055161437485167,-0.007595654596109998,0.037650816033595165
XGBoost[GPU allocation scorer] Calibration Base,holdout,2020-01,25,5,-0.3623076923076923,0.0,-0.08897657096890314,-0.054048476683959075,-0.03492809428494407
XGBoost[GPU allocation scorer] Calibration Base,holdout,2020-02,25,5,-0.6307692307692307,0.0,-0.24074235848456443,-0.14485397448749124,-0.0958883839970732
XGBoost[GPU allocation scorer] Calibration Base,holdout,2020-03,25,5,-0.5184615384615384,0.0,0.022697559544136058,0.10528200713632334,-0.08258444759218728
XGBoost[GPU allocation scorer] Calibration Base,holdout,2020-04,25,5,-0.17384615384615384,0.2,0.07397112929325937,0.058123295956415334,0.015847833336844037
XGBoost[GPU allocation scorer] Calibration Base,holdout,2020-05,25,5,0.027692307692307697,0.0,0.018590879536240057,0.019992743992486173,-0.0014018644562461165
XGBoost[GPU allocation scorer] Calibration Base,holdout,2020-06,25,5,0.35307692307692307,0.4,0.06896602580307735,0.05777399472309771,0.011192031079979646
XGBoost[GPU allocation scorer] Calibration Base,holdout,2020-07,25,5,0.2053846153846154,0.4,0.029682379880673813,0.036529711653833674,-0.006847331773159861
XGBoost[GPU allocation scorer] Calibration Base,holdout,2020-08,25,5,-0.3123076923076923,0.0,-0.08264500079548764,-0.027170321598357174,-0.05547467919713047
XGBoost[GPU allocation scorer] Calibration Base,holdout,2020-09,25,5,-0.1623076923076923,0.2,-0.02139024082714418,-0.010365351788556043,-0.011024889038588137
XGBoost[GPU allocation scorer] Calibration Base,holdout,2020-10,25,5,0.24615384615384614,0.2,0.1216913384581583,0.08653840030647521,0.03515293815168309
XGBoost[GPU allocation scorer] Calibration Base,holdout,2020-11,25,5,0.29615384615384616,0.6,0.06103699239100069,0.03422774515700446,0.026809247233996227
XGBoost[GPU allocation scorer] Calibration Base,holdout,2020-12,25,5,0.23846153846153845,0.4,0.014276454161613716,0.0018480073568368294,0.012428446804776887
XGBoost[GPU allocation scorer] Calibration Base,holdout,2021-01,25,5,0.06769230769230769,0.2,0.02487225441284715,0.01824998694856843,0.006622267464278717
XGBoost[GPU allocation scorer] Calibration Base,holdout,2021-02,25,5,-0.025384615384615387,0.0,0.0029892160194825877,0.020199397593665406,-0.017210181574182817
XGBoost[GPU allocation scorer] Calibration Base,holdout,2021-03,25,5,0.27153846153846156,0.2,0.03901210220823348,0.03918018080489045,-0.00016807859665696895
XGBoost[GPU allocation scorer] Calibration Base,holdout,2021-04,25,5,0.07307692307692308,0.4,0.027325788195857913,0.019048149908593888,0.008277638287264025
XGBoost[GPU allocation scorer] Calibration Base,holdout,2021-05,25,5,0.12923076923076923,0.4,0.0064265242848401405,0.0034348765011974836,0.002991647783642657
XGBoost[GPU allocation scorer] Calibration Base,holdout,2021-06,25,5,-0.14615384615384616,0.2,-0.007110378878683332,0.009919196538945347,-0.01702957541762868
XGBoost[GPU allocation scorer] Calibration Base,holdout,2021-07,25,5,-0.2930769230769231,0.4,0.005751474187553685,0.010399606534442149,-0.004648132346888464
XGBoost[GPU allocation scorer] Calibration Base,holdout,2021-08,25,5,-0.2869230769230769,0.2,-0.027706553196888507,-0.02915439890835376,0.001447845711465251
XGBoost[GPU allocation scorer] Calibration Base,holdout,2021-09,25,5,0.47,0.0,0.05389761017890664,0.04854004612365783,0.005357564055248808
XGBoost[GPU allocation scorer] Calibration Base,holdout,2021-10,25,5,-0.3823076923076923,0.0,-0.0378514590113511,-0.011523953062962708,-0.02632750594838839
XGBoost[GPU allocation scorer] Calibration Base,holdout,2021-11,25,5,0.19846153846153847,0.2,0.026567457088914104,0.030873379606091208,-0.0043059225171771034
XGBoost[GPU allocation scorer] Calibration Base,holdout,2021-12,25,5,0.09230769230769231,0.2,-0.04684267760204799,-0.028729917514140845,-0.018112760087907142
XGBoost[GPU allocation scorer] Calibration Base,holdout,2022-01,25,5,-0.06692307692307692,0.4,0.011540760687463925,-0.008969478289536582,0.02051023897700051
XGBoost[GPU allocation scorer] Calibration Base,holdout,2022-02,25,5,0.26615384615384613,0.4,0.03275015494559559,0.02565494559840393,0.0070952093471916625
XGBoost[GPU allocation scorer] Calibration Base,holdout,2022-03,25,5,0.15846153846153843,0.6,-0.029617919933477864,-0.059535584884574735,0.02991766495109687
XGBoost[GPU allocation scorer] Calibration Base,holdout,2022-04,25,5,-0.08923076923076922,0.4,0.04797328653953041,0.010536863418915727,0.03743642312061468
XGBoost[GPU allocation scorer] Calibration Base,holdout,2022-05,25,5,-0.2792307692307692,0.2,-0.07378754786860708,-0.07287348328902624,-0.0009140645795808477
XGBoost[GPU allocation scorer] Calibration Base,holdout,2022-06,25,5,0.23846153846153845,0.4,0.08975626827170183,0.05655602302922773,0.0332002452424741
XGBoost[GPU allocation scorer] Calibration Base,holdout,2022-07,25,5,-0.05384615384615384,0.4,-0.03441508555479709,-0.03955624001204256,0.005141154457245473
XGBoost[GPU allocation scorer] Calibration Base,holdout,2022-08,25,5,-0.3384615384615385,0.2,-0.07859042112659716,-0.05692389977247783,-0.021666521354119325
XGBoost[GPU allocation scorer] Calibration Base,holdout,2022-09,25,5,-0.06230769230769231,0.0,0.023755798486718938,0.05320740610992971,-0.029451607623210772
XGBoost[GPU allocation scorer] Calibration Base,holdout,2022-10,25,5,0.3161538461538462,0.2,0.05251059001296086,0.056795291909799935,-0.004284701896839077
XGBoost[GPU allocation scorer] Calibration Base,holdout,2022-11,25,5,-0.24384615384615385,0.0,-0.0648307205283464,-0.030486275288491953,-0.03434444523985445
XGBoost[GPU allocation scorer] Calibration Base,holdout,2022-12,25,5,0.06307692307692309,0.0,0.02985245609470504,0.04535181789737403,-0.015499361802668993
XGBoost[GPU allocation scorer] Calibration Base,holdout,2023-01,25,5,-0.31076923076923074,0.2,-0.046385031361075434,-0.0367885463759981,-0.009596484985077335
XGBoost[GPU allocation scorer] Calibration Base,holdout,2023-02,25,5,-0.09461538461538462,0.4,0.045943101223975644,0.028008922392958335,0.01793417883101731
XGBoost[GPU allocation scorer] Calibration Base,holdout,2023-03,25,5,-0.10923076923076921,0.2,0.012311843679705836,0.008176745169681605,0.004135098510024231
XGBoost[GPU allocation scorer] Calibration Base,holdout,2023-04,25,5,-0.2123076923076923,0.2,-0.02303631982124612,-0.022281772118893938,-0.0007545477023521811
XGBoost[GPU allocation scorer] Calibration Base,holdout,2023-05,25,5,0.19615384615384615,0.2,0.039167892904429236,0.04213855709436727,-0.0029706641899380354
XGBoost[GPU allocation scorer] Calibration Base,holdout,2023-06,25,5,0.3384615384615385,0.4,0.035686527478080834,0.024872348419345748,0.010814179058735086
XGBoost[GPU allocation scorer] Calibration Base,holdout,2023-07,25,5,-0.24846153846153846,0.0,-0.021045224298142595,-0.011716302497952963,-0.009328921800189632
XGBoost[GPU allocation scorer] Calibration Base,holdout,2023-08,25,5,-0.5007692307692309,0.0,-0.07815550238900046,-0.052001268865308245,-0.026154233523692214
XGBoost[GPU allocation scorer] Calibration Base,holdout,2023-09,25,5,-0.3553846153846154,0.4,-0.014492655884921168,-0.014257896136080995,-0.0002347597488401732
XGBoost[GPU allocation scorer] Calibration Base,holdout,2023-10,25,5,0.22384615384615386,0.2,0.06503481482656545,0.07028744636270544,-0.005252631536139987
XGBoost[GPU allocation scorer] Calibration Base,holdout,2023-11,25,5,-0.011538461538461539,0.2,0.020437949297595015,0.03833103724293837,-0.017893087945343354
XGBoost[GPU allocation scorer] Calibration Base,holdout,2023-12,25,5,-0.5807692307692308,0.0,-0.021543224262342897,-0.0016680895872055678,-0.01987513467513733
XGBoost[GPU allocation scorer] Calibration Base,holdout,2024-01,25,5,0.04384615384615385,0.0,0.005668015588744413,0.02200752473323249,-0.016339509144488076
XGBoost[GPU allocation scorer] Calibration Base,holdout,2024-02,25,5,0.21307692307692308,0.4,0.053434211794731866,0.03547268751142166,0.017961524283310208
XGBoost[GPU allocation scorer] Calibration Base,holdout,2024-03,25,5,-0.2684615384615385,0.2,-0.05174635921840638,-0.03038395807888956,-0.02136240113951682
XGBoost[GPU allocation scorer] Calibration Base,holdout,2024-04,25,5,0.30230769230769233,0.4,0.050692783776787785,0.038582390325294924,0.012110393451492861
XGBoost[GPU allocation scorer] Calibration Base,holdout,2024-05,25,5,-0.17846153846153845,0.4,0.005478148913795477,0.005875058071763899,-0.0003969091579684222
XGBoost[GPU allocation scorer] Calibration Base,holdout,2024-06,25,5,-0.016923076923076923,0.0,0.003976740025160752,0.03019923112649143,-0.026222491101330677
XGBoost[GPU allocation scorer] Calibration Base,holdout,2024-07,25,5,-0.30000000000000004,0.2,-0.00415010186857172,0.013461759985491257,-0.017611861854062976
XGBoost[GPU allocation scorer] Calibration Base,holdout,2024-08,25,5,0.31384615384615383,0.4,0.046639755708354366,0.030435595427475048,0.01620416028087932
XGBoost[GPU allocation scorer] Calibration Base,holdout,2024-09,25,5,0.13076923076923078,0.4,0.0016923551189193865,-0.010666003725532471,0.012358358844451857
XGBoost[GPU allocation scorer] Calibration Base,holdout,2024-10,25,5,-0.12692307692307694,0.2,0.012108704517929114,0.028550634949502017,-0.016441930431572903
XGBoost[GPU allocation scorer] Calibration Base,holdout,2024-11,25,5,-0.11461538461538462,0.4,-0.016464529445893807,-0.037556865254102324,0.021092335808208518
XGBoost[GPU allocation scorer] Calibration Base,holdout,2024-12,25,5,0.4623076923076923,0.6,0.039355541232326055,0.01685734425500113,0.022498196977324924
XGBoost[GPU allocation scorer] Calibration Base,holdout,2025-01,25,5,0.23615384615384616,0.2,0.01277974346784987,0.01871619850118452,-0.005936455033334651
XGBoost[GPU allocation scorer] Calibration Base,holdout,2025-02,25,5,-0.12,0.2,-0.006873207071207865,-0.017615811704947148,0.010742604633739283
XGBoost[GPU allocation scorer] Calibration Base,holdout,2025-03,25,5,-0.03923076923076923,0.2,-0.006806054718285171,-0.011693621348026215,0.004887566629741044
XGBoost[GPU allocation scorer] Calibration Base,holdout,2025-04,25,5,-0.6146153846153846,0.0,0.011759008926032433,0.028813092510935827,-0.017054083584903394
XGBoost[GPU allocation scorer] Calibration Base,holdout,2025-05,25,5,-0.10461538461538461,0.4,0.03888668697974225,0.030568302157011992,0.008318384822730257
XGBoost[GPU allocation scorer] Calibration Base,holdout,2025-06,25,5,0.4053846153846154,0.8,0.026339290029379868,0.006917561514269979,0.019421728515109888
XGBoost[GPU allocation scorer] Calibration Base,holdout,2025-07,25,5,0.39076923076923076,0.2,0.03183910758366961,0.021690514569325015,0.010148593014344596
XGBoost[GPU allocation scorer] Calibration Base,holdout,2025-08,25,5,0.18,0.4,0.07077096142357982,0.03573153725638026,0.03503942416719956
XGBoost[GPU allocation scorer] Calibration Base,holdout,2025-09,25,5,-0.052307692307692305,0.0,0.006921581284884559,0.011074788871926824,-0.004153207587042265
XGBoost[GPU allocation scorer] Calibration Base,holdout,2025-10,25,5,0.4884615384615385,0.2,0.05324998497013951,0.013984389081040867,0.03926559588909864
XGBoost[GPU allocation scorer] Calibration Base,holdout,2025-11,25,5,0.33153846153846156,0.4,0.06689464847244479,0.020344462849746413,0.04655018562269838
XGBoost[GPU allocation scorer] Calibration Base,holdout,2025-12,25,5,0.3484615384615385,0.4,0.05155608163314853,0.0303859595642897,0.02117012206885883
XGBoost[GPU allocation scorer] Calibration Base,holdout,2026-01,25,5,0.09999999999999999,0.4,0.03588308759264218,0.03269640231379641,0.0031866852788457675
XGBoost[GPU allocation scorer] Calibration Base,holdout,2026-02,25,5,0.19692307692307692,0.4,-0.01084298078023318,-0.03656678394169601,0.025723803161462833
XGBoost[GPU allocation scorer] Calibration Base,holdout,2026-03,25,5,-0.05692307692307692,0.2,0.05038792482807066,0.05167545879192894,-0.0012875339638582783
XGBoost[GPU allocation scorer] Calibrated,calibration,2018-01,25,5,-0.30923076923076925,0.0,-0.04874122586634191,-0.03704501163071974,-0.011696214235622164
XGBoost[GPU allocation scorer] Calibrated,calibration,2018-02,25,5,0.09999999999999999,0.2,0.0024771675869258657,-0.004552094089959353,0.007029261676885218
XGBoost[GPU allocation scorer] Calibrated,calibration,2018-03,25,5,0.03846153846153846,0.2,0.0005309246543425683,0.0022899312248686153,-0.001759006570526047
XGBoost[GPU allocation scorer] Calibrated,calibration,2018-04,25,5,0.15076923076923077,0.0,0.013838483788777101,0.019812264778756476,-0.005973780989979374
XGBoost[GPU allocation scorer] Calibrated,calibration,2018-05,25,5,-0.22461538461538463,0.2,-0.018218801661988727,-0.005640148385018442,-0.012578653276970286
XGBoost[GPU allocation scorer] Calibrated,calibration,2018-06,25,5,-0.3707692307692308,0.0,0.00275329969870719,0.021385612633670985,-0.018632312934963795
XGBoost[GPU allocation scorer] Calibrated,calibration,2018-07,25,5,0.15615384615384614,0.4,0.011242507632352572,0.008831126318715347,0.0024113813136372245
XGBoost[GPU allocation scorer] Calibrated,calibration,2018-08,25,5,-0.4669230769230769,0.0,-0.017565333342939547,0.005639670089144237,-0.023205003432083784
XGBoost[GPU allocation scorer] Calibrated,calibration,2018-09,25,5,-0.16307692307692304,0.2,-0.03823433836701486,-0.04687352289120669,0.00863918452419183
XGBoost[GPU allocation scorer] Calibrated,calibration,2018-10,25,5,0.1346153846153846,0.4,0.031163800304512802,0.02176004119413726,0.009403759110375543
XGBoost[GPU allocation scorer] Calibrated,calibration,2018-11,25,5,0.29000000000000004,0.4,-0.03966940075615819,-0.06980647795258711,0.03013707719642892
XGBoost[GPU allocation scorer] Calibrated,calibration,2018-12,25,5,0.47,0.6,0.11340953136010468,0.07806332128675256,0.03534621007335212
XGBoost[GPU allocation scorer] Calibrated,calibration,2019-01,25,5,0.5615384615384615,0.6,0.047432081744033905,0.021543464495292385,0.02588861724874152
XGBoost[GPU allocation scorer] Calibrated,calibration,2019-02,25,5,0.03846153846153846,0.2,0.020735497725432837,0.016645356717416623,0.004090141008016215
XGBoost[GPU allocation scorer] Calibrated,calibration,2019-03,25,5,0.10538461538461538,0.2,0.01913781423550247,0.01569946574534561,0.0034383484901568603
XGBoost[GPU allocation scorer] Calibrated,calibration,2019-04,25,5,-0.02846153846153846,0.0,-0.03137123609092196,-0.03643857119406522,0.005067335103143257
XGBoost[GPU allocation scorer] Calibrated,calibration,2019-05,25,5,0.7169230769230769,0.8,0.10183563143784222,0.06020551854065295,0.041630112897189264
XGBoost[GPU allocation scorer] Calibrated,calibration,2019-06,25,5,0.21384615384615382,0.4,0.014981654110193499,-0.001161249376473341,0.01614290348666684
XGBoost[GPU allocation scorer] Calibrated,calibration,2019-07,25,5,-0.1446153846153846,0.4,0.017614885181266395,0.0027454521516335185,0.014869433029632876
XGBoost[GPU allocation scorer] Calibrated,calibration,2019-08,25,5,0.40307692307692305,0.2,0.029021025880982477,0.014529095791450999,0.014491930089531478
XGBoost[GPU allocation scorer] Calibrated,calibration,2019-09,25,5,0.26384615384615384,0.4,0.030550412477621157,0.018755396027266804,0.011795016450354353
XGBoost[GPU allocation scorer] Calibrated,calibration,2019-10,25,5,-0.18923076923076923,0.2,-0.0076989762118288676,0.007860219229229685,-0.015559195441058552
XGBoost[GPU allocation scorer] Calibrated,calibration,2019-11,25,5,0.3923076923076923,0.4,0.03940895771868254,0.032266381771987804,0.007142575946694735
XGBoost[GPU allocation scorer] Calibrated,calibration,2019-12,25,5,0.26384615384615384,0.6,0.030055161437485167,-0.007595654596109998,0.037650816033595165
XGBoost[GPU allocation scorer] Calibrated,holdout,2020-01,25,5,-0.3623076923076923,0.0,-0.08897657096890314,-0.054048476683959075,-0.03492809428494407
XGBoost[GPU allocation scorer] Calibrated,holdout,2020-02,25,5,-0.6307692307692307,0.0,-0.24074235848456443,-0.14485397448749124,-0.0958883839970732
XGBoost[GPU allocation scorer] Calibrated,holdout,2020-03,25,5,-0.5184615384615384,0.0,0.022697559544136058,0.10528200713632334,-0.08258444759218728
XGBoost[GPU allocation scorer] Calibrated,holdout,2020-04,25,5,-0.17384615384615384,0.2,0.07397112929325937,0.058123295956415334,0.015847833336844037
XGBoost[GPU allocation scorer] Calibrated,holdout,2020-05,25,5,0.027692307692307697,0.0,0.018590879536240057,0.019992743992486173,-0.0014018644562461165
XGBoost[GPU allocation scorer] Calibrated,holdout,2020-06,25,5,0.35307692307692307,0.4,0.06896602580307735,0.05777399472309771,0.011192031079979646
XGBoost[GPU allocation scorer] Calibrated,holdout,2020-07,25,5,0.2053846153846154,0.4,0.029682379880673813,0.036529711653833674,-0.006847331773159861
XGBoost[GPU allocation scorer] Calibrated,holdout,2020-08,25,5,-0.3123076923076923,0.0,-0.08264500079548764,-0.027170321598357174,-0.05547467919713047
XGBoost[GPU allocation scorer] Calibrated,holdout,2020-09,25,5,-0.1623076923076923,0.2,-0.02139024082714418,-0.010365351788556043,-0.011024889038588137
XGBoost[GPU allocation scorer] Calibrated,holdout,2020-10,25,5,0.24615384615384614,0.2,0.1216913384581583,0.08653840030647521,0.03515293815168309
XGBoost[GPU allocation scorer] Calibrated,holdout,2020-11,25,5,0.29615384615384616,0.6,0.06103699239100069,0.03422774515700446,0.026809247233996227
XGBoost[GPU allocation scorer] Calibrated,holdout,2020-12,25,5,0.23846153846153845,0.4,0.014276454161613716,0.0018480073568368294,0.012428446804776887
XGBoost[GPU allocation scorer] Calibrated,holdout,2021-01,25,5,0.06769230769230769,0.2,0.02487225441284715,0.01824998694856843,0.006622267464278717
XGBoost[GPU allocation scorer] Calibrated,holdout,2021-02,25,5,-0.025384615384615387,0.0,0.0029892160194825877,0.020199397593665406,-0.017210181574182817
XGBoost[GPU allocation scorer] Calibrated,holdout,2021-03,25,5,0.27153846153846156,0.2,0.03901210220823348,0.03918018080489045,-0.00016807859665696895
XGBoost[GPU allocation scorer] Calibrated,holdout,2021-04,25,5,0.07307692307692308,0.4,0.027325788195857913,0.019048149908593888,0.008277638287264025
XGBoost[GPU allocation scorer] Calibrated,holdout,2021-05,25,5,0.12923076923076923,0.4,0.0064265242848401405,0.0034348765011974836,0.002991647783642657
XGBoost[GPU allocation scorer] Calibrated,holdout,2021-06,25,5,-0.14615384615384616,0.2,-0.007110378878683332,0.009919196538945347,-0.01702957541762868
XGBoost[GPU allocation scorer] Calibrated,holdout,2021-07,25,5,-0.2930769230769231,0.4,0.005751474187553685,0.010399606534442149,-0.004648132346888464
XGBoost[GPU allocation scorer] Calibrated,holdout,2021-08,25,5,-0.2869230769230769,0.2,-0.027706553196888507,-0.02915439890835376,0.001447845711465251
XGBoost[GPU allocation scorer] Calibrated,holdout,2021-09,25,5,0.47,0.0,0.05389761017890664,0.04854004612365783,0.005357564055248808
XGBoost[GPU allocation scorer] Calibrated,holdout,2021-10,25,5,-0.3823076923076923,0.0,-0.0378514590113511,-0.011523953062962708,-0.02632750594838839
XGBoost[GPU allocation scorer] Calibrated,holdout,2021-11,25,5,0.19846153846153847,0.2,0.026567457088914104,0.030873379606091208,-0.0043059225171771034
XGBoost[GPU allocation scorer] Calibrated,holdout,2021-12,25,5,0.09230769230769231,0.2,-0.04684267760204799,-0.028729917514140845,-0.018112760087907142
XGBoost[GPU allocation scorer] Calibrated,holdout,2022-01,25,5,-0.06692307692307692,0.4,0.011540760687463925,-0.008969478289536582,0.02051023897700051
XGBoost[GPU allocation scorer] Calibrated,holdout,2022-02,25,5,0.26615384615384613,0.4,0.03275015494559559,0.02565494559840393,0.0070952093471916625
XGBoost[GPU allocation scorer] Calibrated,holdout,2022-03,25,5,0.15846153846153843,0.6,-0.029617919933477864,-0.059535584884574735,0.02991766495109687
XGBoost[GPU allocation scorer] Calibrated,holdout,2022-04,25,5,-0.08923076923076922,0.4,0.04797328653953041,0.010536863418915727,0.03743642312061468
XGBoost[GPU allocation scorer] Calibrated,holdout,2022-05,25,5,-0.2792307692307692,0.2,-0.07378754786860708,-0.07287348328902624,-0.0009140645795808477
XGBoost[GPU allocation scorer] Calibrated,holdout,2022-06,25,5,0.23846153846153845,0.4,0.08975626827170183,0.05655602302922773,0.0332002452424741
XGBoost[GPU allocation scorer] Calibrated,holdout,2022-07,25,5,-0.05384615384615384,0.4,-0.03441508555479709,-0.03955624001204256,0.005141154457245473
XGBoost[GPU allocation scorer] Calibrated,holdout,2022-08,25,5,-0.3384615384615385,0.2,-0.07859042112659716,-0.05692389977247783,-0.021666521354119325
XGBoost[GPU allocation scorer] Calibrated,holdout,2022-09,25,5,-0.06230769230769231,0.0,0.023755798486718938,0.05320740610992971,-0.029451607623210772
XGBoost[GPU allocation scorer] Calibrated,holdout,2022-10,25,5,0.3161538461538462,0.2,0.05251059001296086,0.056795291909799935,-0.004284701896839077
XGBoost[GPU allocation scorer] Calibrated,holdout,2022-11,25,5,-0.24384615384615385,0.0,-0.0648307205283464,-0.030486275288491953,-0.03434444523985445
XGBoost[GPU allocation scorer] Calibrated,holdout,2022-12,25,5,0.06307692307692309,0.0,0.02985245609470504,0.04535181789737403,-0.015499361802668993
XGBoost[GPU allocation scorer] Calibrated,holdout,2023-01,25,5,-0.31076923076923074,0.2,-0.046385031361075434,-0.0367885463759981,-0.009596484985077335
XGBoost[GPU allocation scorer] Calibrated,holdout,2023-02,25,5,-0.09461538461538462,0.4,0.045943101223975644,0.028008922392958335,0.01793417883101731
XGBoost[GPU allocation scorer] Calibrated,holdout,2023-03,25,5,-0.10923076923076921,0.2,0.012311843679705836,0.008176745169681605,0.004135098510024231
XGBoost[GPU allocation scorer] Calibrated,holdout,2023-04,25,5,-0.2123076923076923,0.2,-0.02303631982124612,-0.022281772118893938,-0.0007545477023521811
XGBoost[GPU allocation scorer] Calibrated,holdout,2023-05,25,5,0.19615384615384615,0.2,0.039167892904429236,0.04213855709436727,-0.0029706641899380354
XGBoost[GPU allocation scorer] Calibrated,holdout,2023-06,25,5,0.3384615384615385,0.4,0.035686527478080834,0.024872348419345748,0.010814179058735086
XGBoost[GPU allocation scorer] Calibrated,holdout,2023-07,25,5,-0.24846153846153846,0.0,-0.021045224298142595,-0.011716302497952963,-0.009328921800189632
XGBoost[GPU allocation scorer] Calibrated,holdout,2023-08,25,5,-0.5007692307692309,0.0,-0.07815550238900046,-0.052001268865308245,-0.026154233523692214
XGBoost[GPU allocation scorer] Calibrated,holdout,2023-09,25,5,-0.3553846153846154,0.4,-0.014492655884921168,-0.014257896136080995,-0.0002347597488401732
XGBoost[GPU allocation scorer] Calibrated,holdout,2023-10,25,5,0.22384615384615386,0.2,0.06503481482656545,0.07028744636270544,-0.005252631536139987
XGBoost[GPU allocation scorer] Calibrated,holdout,2023-11,25,5,-0.011538461538461539,0.2,0.020437949297595015,0.03833103724293837,-0.017893087945343354
XGBoost[GPU allocation scorer] Calibrated,holdout,2023-12,25,5,-0.5807692307692308,0.0,-0.021543224262342897,-0.0016680895872055678,-0.01987513467513733
XGBoost[GPU allocation scorer] Calibrated,holdout,2024-01,25,5,0.04384615384615385,0.0,0.005668015588744413,0.02200752473323249,-0.016339509144488076
XGBoost[GPU allocation scorer] Calibrated,holdout,2024-02,25,5,0.21307692307692308,0.4,0.053434211794731866,0.03547268751142166,0.017961524283310208
XGBoost[GPU allocation scorer] Calibrated,holdout,2024-03,25,5,-0.2684615384615385,0.2,-0.05174635921840638,-0.03038395807888956,-0.02136240113951682
XGBoost[GPU allocation scorer] Calibrated,holdout,2024-04,25,5,0.30230769230769233,0.4,0.050692783776787785,0.038582390325294924,0.012110393451492861
XGBoost[GPU allocation scorer] Calibrated,holdout,2024-05,25,5,-0.17846153846153845,0.4,0.005478148913795477,0.005875058071763899,-0.0003969091579684222
XGBoost[GPU allocation scorer] Calibrated,holdout,2024-06,25,5,-0.016923076923076923,0.0,0.003976740025160752,0.03019923112649143,-0.026222491101330677
XGBoost[GPU allocation scorer] Calibrated,holdout,2024-07,25,5,-0.30000000000000004,0.2,-0.00415010186857172,0.013461759985491257,-0.017611861854062976
XGBoost[GPU allocation scorer] Calibrated,holdout,2024-08,25,5,0.31384615384615383,0.4,0.046639755708354366,0.030435595427475048,0.01620416028087932
XGBoost[GPU allocation scorer] Calibrated,holdout,2024-09,25,5,0.13076923076923078,0.4,0.0016923551189193865,-0.010666003725532471,0.012358358844451857
XGBoost[GPU allocation scorer] Calibrated,holdout,2024-10,25,5,-0.12692307692307694,0.2,0.012108704517929114,0.028550634949502017,-0.016441930431572903
XGBoost[GPU allocation scorer] Calibrated,holdout,2024-11,25,5,-0.11461538461538462,0.4,-0.016464529445893807,-0.037556865254102324,0.021092335808208518
XGBoost[GPU allocation scorer] Calibrated,holdout,2024-12,25,5,0.4623076923076923,0.6,0.039355541232326055,0.01685734425500113,0.022498196977324924
XGBoost[GPU allocation scorer] Calibrated,holdout,2025-01,25,5,0.23615384615384616,0.2,0.01277974346784987,0.01871619850118452,-0.005936455033334651
XGBoost[GPU allocation scorer] Calibrated,holdout,2025-02,25,5,-0.12,0.2,-0.006873207071207865,-0.017615811704947148,0.010742604633739283
XGBoost[GPU allocation scorer] Calibrated,holdout,2025-03,25,5,-0.03923076923076923,0.2,-0.006806054718285171,-0.011693621348026215,0.004887566629741044
XGBoost[GPU allocation scorer] Calibrated,holdout,2025-04,25,5,-0.6146153846153846,0.0,0.011759008926032433,0.028813092510935827,-0.017054083584903394
XGBoost[GPU allocation scorer] Calibrated,holdout,2025-05,25,5,-0.10461538461538461,0.4,0.03888668697974225,0.030568302157011992,0.008318384822730257
XGBoost[GPU allocation scorer] Calibrated,holdout,2025-06,25,5,0.4053846153846154,0.8,0.026339290029379868,0.006917561514269979,0.019421728515109888
XGBoost[GPU allocation scorer] Calibrated,holdout,2025-07,25,5,0.39076923076923076,0.2,0.03183910758366961,0.021690514569325015,0.010148593014344596
XGBoost[GPU allocation scorer] Calibrated,holdout,2025-08,25,5,0.18,0.4,0.07077096142357982,0.03573153725638026,0.03503942416719956
XGBoost[GPU allocation scorer] Calibrated,holdout,2025-09,25,5,-0.052307692307692305,0.0,0.006921581284884559,0.011074788871926824,-0.004153207587042265
XGBoost[GPU allocation scorer] Calibrated,holdout,2025-10,25,5,0.4884615384615385,0.2,0.05324998497013951,0.013984389081040867,0.03926559588909864
XGBoost[GPU allocation scorer] Calibrated,holdout,2025-11,25,5,0.33153846153846156,0.4,0.06689464847244479,0.020344462849746413,0.04655018562269838
XGBoost[GPU allocation scorer] Calibrated,holdout,2025-12,25,5,0.3484615384615385,0.4,0.05155608163314853,0.0303859595642897,0.02117012206885883
XGBoost[GPU allocation scorer] Calibrated,holdout,2026-01,25,5,0.09999999999999999,0.4,0.03588308759264218,0.03269640231379641,0.0031866852788457675
XGBoost[GPU allocation scorer] Calibrated,holdout,2026-02,25,5,0.19692307692307692,0.4,-0.01084298078023318,-0.03656678394169601,0.025723803161462833
XGBoost[GPU allocation scorer] Calibrated,holdout,2026-03,25,5,-0.05692307692307692,0.2,0.05038792482807066,0.05167545879192894,-0.0012875339638582783
TabPFN[Direct allocation scorer],holdout,2020-01,25,5,-0.1815384615384615,0.0,-0.06803598691531995,-0.054048476683959075,-0.013987510231360877
TabPFN[Direct allocation scorer],holdout,2020-02,25,5,-0.4015384615384615,0.0,-0.21084395830698197,-0.14485397448749124,-0.06598998381949073
TabPFN[Direct allocation scorer],holdout,2020-03,25,5,-0.36,0.0,0.036890441102879534,0.10528200713632334,-0.0683915660334438
TabPFN[Direct allocation scorer],holdout,2020-04,25,5,0.24769230769230768,0.4,0.09184838403089515,0.058123295956415334,0.03372508807447982
TabPFN[Direct allocation scorer],holdout,2020-05,25,5,0.25466436324132874,0.2,0.034396817862393014,0.019992743992486173,0.014404073869906841
TabPFN[Direct allocation scorer],holdout,2020-06,25,5,0.2846153846153846,0.2,0.08488841678204799,0.05777399472309771,0.02711442205895028
TabPFN[Direct allocation scorer],holdout,2020-07,25,5,0.16153846153846155,0.2,0.04005023605162596,0.036529711653833674,0.0035205243977922893
TabPFN[Direct allocation scorer],holdout,2020-08,25,5,-0.43615384615384617,0.0,-0.08928758612359337,-0.027170321598357174,-0.0621172645252362
TabPFN[Direct allocation scorer],holdout,2020-09,25,5,0.07153846153846154,0.4,-0.011745128672266892,-0.010365351788556043,-0.0013797768837108485
TabPFN[Direct allocation scorer],holdout,2020-10,25,5,0.32615384615384607,0.2,0.12110647900553817,0.08653840030647521,0.03456807869906296
TabPFN[Direct allocation scorer],holdout,2020-11,25,5,0.2976923076923077,0.4,0.07248467797778413,0.03422774515700446,0.03825693282077967
TabPFN[Direct allocation scorer],holdout,2020-12,25,5,0.23350644786629385,0.4,0.022021880843765197,0.0018480073568368294,0.020173873486928368
TabPFN[Direct allocation scorer],holdout,2021-01,25,5,0.03230769230769231,0.2,0.00416567881717933,0.01824998694856843,-0.014084308131389101
TabPFN[Direct allocation scorer],holdout,2021-02,25,5,-0.08230769230769232,0.0,-0.011906745538257235,0.020199397593665406,-0.03210614313192264
TabPFN[Direct allocation scorer],holdout,2021-03,25,5,0.33544913103691637,0.2,0.04469058415830016,0.03918018080489045,0.005510403353409715
TabPFN[Direct allocation scorer],holdout,2021-04,25,5,0.19230769230769232,0.4,0.023381626078108942,0.019048149908593888,0.004333476169515054
TabPFN[Direct allocation scorer],holdout,2021-05,25,5,0.16615384615384618,0.6,0.02085870565880501,0.0034348765011974836,0.017423829157607526
TabPFN[Direct allocation scorer],holdout,2021-06,25,5,-0.23307692307692307,0.2,-0.02678974720011158,0.009919196538945347,-0.03670894373905693
TabPFN[Direct allocation scorer],holdout,2021-07,25,5,0.03846153846153846,0.2,-0.006599670775295041,0.010399606534442149,-0.01699927730973719
TabPFN[Direct allocation scorer],holdout,2021-08,25,5,-0.13153846153846155,0.4,0.010066820898044181,-0.02915439890835376,0.039221219806397936
TabPFN[Direct allocation scorer],holdout,2021-09,25,5,0.48538461538461536,0.4,0.0670505567696523,0.04854004612365783,0.018510510645994467
TabPFN[Direct allocation scorer],holdout,2021-10,25,5,-0.2753846153846154,0.0,-0.035568754499982536,-0.011523953062962708,-0.024044801437019828
TabPFN[Direct allocation scorer],holdout,2021-11,25,5,-0.10461538461538461,0.0,0.011381462802055209,0.030873379606091208,-0.019491916804036
TabPFN[Direct allocation scorer],holdout,2021-12,25,5,0.08538461538461539,0.6,0.019378761206699856,-0.028729917514140845,0.0481086787208407
TabPFN[Direct allocation scorer],holdout,2022-01,25,5,0.021538461538461538,0.6,0.018467036816645455,-0.008969478289536582,0.027436515106182037
TabPFN[Direct allocation scorer],holdout,2022-02,25,5,0.37615384615384617,0.2,0.0387918848945521,0.02565494559840393,0.013136939296148169
TabPFN[Direct allocation scorer],holdout,2022-03,25,5,-0.2369230769230769,0.4,-0.06275326220752564,-0.059535584884574735,-0.0032176773229509043
TabPFN[Direct allocation scorer],holdout,2022-04,25,5,-0.28615384615384615,0.2,0.02302652786856818,0.010536863418915727,0.012489664449652453
TabPFN[Direct allocation scorer],holdout,2022-05,25,5,-0.4323076923076923,0.0,-0.11879068950173091,-0.07287348328902624,-0.045917206212704675
TabPFN[Direct allocation scorer],holdout,2022-06,25,5,0.35846153846153844,0.4,0.09910852091757905,0.05655602302922773,0.04255249788835132
TabPFN[Direct allocation scorer],holdout,2022-07,25,5,-0.06769230769230769,0.4,-0.042738056407059674,-0.03955624001204256,-0.0031818163950171133
TabPFN[Direct allocation scorer],holdout,2022-08,25,5,-0.1769230769230769,0.2,-0.027681436691944894,-0.05692389977247783,0.029242463080532938
TabPFN[Direct allocation scorer],holdout,2022-09,25,5,0.006153846153846154,0.2,0.07859533368100657,0.05320740610992971,0.025387927571076864
TabPFN[Direct allocation scorer],holdout,2022-10,25,5,0.0015384615384615385,0.2,0.04504766403092839,0.056795291909799935,-0.011747627878871542
TabPFN[Direct allocation scorer],holdout,2022-11,25,5,-0.2684615384615385,0.2,-0.04465571729915565,-0.030486275288491953,-0.014169442010663696
TabPFN[Direct allocation scorer],holdout,2022-12,25,5,0.3476923076923077,0.4,0.053186305987644976,0.04535181789737403,0.007834488090270944
TabPFN[Direct allocation scorer],holdout,2023-01,25,5,-0.21923076923076923,0.4,-0.04012488297845267,-0.0367885463759981,-0.0033363366024545676
TabPFN[Direct allocation scorer],holdout,2023-02,25,5,0.21999999999999997,0.4,0.058159606373678584,0.028008922392958335,0.03015068398072025
TabPFN[Direct allocation scorer],holdout,2023-03,25,5,-0.16384615384615386,0.2,0.012311843679705836,0.008176745169681605,0.004135098510024231
TabPFN[Direct allocation scorer],holdout,2023-04,25,5,-0.20230769230769227,0.2,-0.03360370693275969,-0.022281772118893938,-0.011321934813865755
TabPFN[Direct allocation scorer],holdout,2023-05,25,5,0.24307692307692308,0.2,0.04437847311345759,0.04213855709436727,0.002239916019090321
TabPFN[Direct allocation scorer],holdout,2023-06,25,5,0.3638461538461538,0.4,0.04245316339707168,0.024872348419345748,0.017580814977725935
TabPFN[Direct allocation scorer],holdout,2023-07,25,5,-0.06616657171829085,0.4,-0.008704932429997592,-0.011716302497952963,0.0030113700679553716
TabPFN[Direct allocation scorer],holdout,2023-08,25,5,-0.6038461538461538,0.0,-0.08041040275294382,-0.052001268865308245,-0.02840913388763558
TabPFN[Direct allocation scorer],holdout,2023-09,25,5,-0.2323076923076923,0.6,0.003268843685033551,-0.014257896136080995,0.017526739821114544
TabPFN[Direct allocation scorer],holdout,2023-10,25,5,0.3546153846153846,0.4,0.07064935245317985,0.07028744636270544,0.0003619060904744148
TabPFN[Direct allocation scorer],holdout,2023-11,25,5,-0.033083285859145425,0.2,0.01607332699405508,0.03833103724293837,-0.02225771024888329
TabPFN[Direct allocation scorer],holdout,2023-12,25,5,-0.6207692307692307,0.0,-0.029803930157351544,-0.0016680895872055678,-0.028135840570145978
TabPFN[Direct allocation scorer],holdout,2024-01,25,5,0.13384615384615384,0.2,0.02743812143978506,0.02200752473323249,0.005430596706552569
TabPFN[Direct allocation scorer],holdout,2024-02,25,5,0.23739901718785097,0.4,0.0523931084885854,0.03547268751142166,0.016920420977163744
TabPFN[Direct allocation scorer],holdout,2024-03,25,5,-0.22273514549354886,0.4,-0.03195239483916037,-0.03038395807888956,-0.0015684367602708076
TabPFN[Direct allocation scorer],holdout,2024-04,25,5,0.40969417953476606,0.4,0.06829350347599598,0.038582390325294924,0.02971111315070106
TabPFN[Direct allocation scorer],holdout,2024-05,25,5,-0.19538461538461538,0.2,-0.006259448149434488,0.005875058071763899,-0.012134506221198387
TabPFN[Direct allocation scorer],holdout,2024-06,25,5,0.11049090776878512,0.2,0.016155261368196182,0.03019923112649143,-0.014043969758295246
TabPFN[Direct allocation scorer],holdout,2024-07,25,5,-0.3769230769230769,0.0,-0.010946415678906729,0.013461759985491257,-0.024408175664397985
TabPFN[Direct allocation scorer],holdout,2024-08,25,5,0.3592307692307692,0.2,0.0418912267462217,0.030435595427475048,0.011455631318746651
TabPFN[Direct allocation scorer],holdout,2024-09,25,5,0.4061538461538462,0.4,0.011455219091918023,-0.010666003725532471,0.022121222817450492
TabPFN[Direct allocation scorer],holdout,2024-10,25,5,0.12692307692307694,0.2,0.036560036868155385,0.028550634949502017,0.008009401918653368
TabPFN[Direct allocation scorer],holdout,2024-11,25,5,0.011538461538461539,0.4,-0.01287352572843652,-0.037556865254102324,0.024683339525665805
TabPFN[Direct allocation scorer],holdout,2024-12,25,5,0.006923076923076924,0.2,0.009326415308650526,0.01685734425500113,-0.007530928946350605
TabPFN[Direct allocation scorer],holdout,2025-01,25,5,-0.06999999999999999,0.0,-0.005242746491833028,0.01871619850118452,-0.02395894499301755
TabPFN[Direct allocation scorer],holdout,2025-02,25,5,-0.003846153846153846,0.4,-0.012270350379694418,-0.017615811704947148,0.00534546132525273
TabPFN[Direct allocation scorer],holdout,2025-03,25,5,-0.11615384615384615,0.2,-0.007339342320940534,-0.011693621348026215,0.004354279027085681
TabPFN[Direct allocation scorer],holdout,2025-04,25,5,0.12461538461538461,0.2,0.03228187000007363,0.028813092510935827,0.003468777489137806
TabPFN[Direct allocation scorer],holdout,2025-05,25,5,0.18230769230769234,0.6,0.05440230700086164,0.030568302157011992,0.02383400484384965
TabPFN[Direct allocation scorer],holdout,2025-06,25,5,0.3769955830460758,0.6,0.018209344718762475,0.006917561514269979,0.011291783204492496
TabPFN[Direct allocation scorer],holdout,2025-07,25,5,0.3623076923076923,0.2,0.037258044757725275,0.021690514569325015,0.01556753018840026
TabPFN[Direct allocation scorer],holdout,2025-08,25,5,0.3538461538461538,0.4,0.06913550938454435,0.03573153725638026,0.033403972128164094
TabPFN[Direct allocation scorer],holdout,2025-09,25,5,0.07384615384615385,0.2,0.027801103487764146,0.011074788871926824,0.01672631461583732
TabPFN[Direct allocation scorer],holdout,2025-10,25,5,0.13117907532521617,0.4,0.026239795942943588,0.013984389081040867,0.012255406861902721
TabPFN[Direct allocation scorer],holdout,2025-11,25,5,0.24846153846153846,0.4,0.07507308362872815,0.020344462849746413,0.05472862077898174
TabPFN[Direct allocation scorer],holdout,2025-12,25,5,0.29384615384615387,0.6,0.06538604683643472,0.0303859595642897,0.035000087272145014
TabPFN[Direct allocation scorer],holdout,2026-01,25,5,0.3308328585914542,0.8,0.08636550467916952,0.03269640231379641,0.05366910236537311
TabPFN[Direct allocation scorer],holdout,2026-02,25,5,-0.10307692307692308,0.4,-0.02907456532876307,-0.03656678394169601,0.007492218612932942
TabPFN[Direct allocation scorer],holdout,2026-03,25,5,0.11538461538461539,0.6,0.07798444553345156,0.05167545879192894,0.02630898674152262
TabPFN[Direct allocation scorer] Calibration Base,calibration,2018-01,25,5,-0.22076923076923075,0.4,-0.03290272360769793,-0.03704501163071974,0.0041422880230218145
TabPFN[Direct allocation scorer] Calibration Base,calibration,2018-02,25,5,0.3123076923076923,0.2,0.016825479356398908,-0.004552094089959353,0.02137757344635826
TabPFN[Direct allocation scorer] Calibration Base,calibration,2018-03,25,5,-0.09692307692307693,0.2,0.015900428663134635,0.0022899312248686153,0.01361049743826602
TabPFN[Direct allocation scorer] Calibration Base,calibration,2018-04,25,5,0.2346153846153846,0.4,0.021172499352984174,0.019812264778756476,0.0013602345742276985
TabPFN[Direct allocation scorer] Calibration Base,calibration,2018-05,25,5,-0.2653846153846154,0.0,-0.029203058042609677,-0.005640148385018442,-0.023562909657591235
TabPFN[Direct allocation scorer] Calibration Base,calibration,2018-06,25,5,-0.22153846153846157,0.0,0.003566339101242777,0.021385612633670985,-0.01781927353242821
TabPFN[Direct allocation scorer] Calibration Base,calibration,2018-07,25,5,-0.2142719793435349,0.0,-0.0324367965021042,0.008831126318715347,-0.04126792282081955
TabPFN[Direct allocation scorer] Calibration Base,calibration,2018-08,25,5,0.016923076923076923,0.0,0.012851670221607025,0.005639670089144237,0.007212000132462788
TabPFN[Direct allocation scorer] Calibration Base,calibration,2018-09,25,5,0.037314868934152395,0.6,-0.023797125405740326,-0.04687352289120669,0.023076397485466367
TabPFN[Direct allocation scorer] Calibration Base,calibration,2018-10,25,5,0.19538461538461538,0.4,0.02257804391307818,0.02176004119413726,0.0008180027189409224
TabPFN[Direct allocation scorer] Calibration Base,calibration,2018-11,25,5,-0.33692307692307694,0.2,-0.08332620687836736,-0.06980647795258711,-0.013519728925780253
TabPFN[Direct allocation scorer] Calibration Base,calibration,2018-12,25,5,0.4685516532144085,0.4,0.10370599549286004,0.07806332128675256,0.025642674206107482
TabPFN[Direct allocation scorer] Calibration Base,calibration,2019-01,25,5,0.2946153846153846,0.4,0.03597484520816043,0.021543464495292385,0.014431380712868046
TabPFN[Direct allocation scorer] Calibration Base,calibration,2019-02,25,5,0.03615384615384615,0.4,0.02676247701487646,0.016645356717416623,0.010117120297459838
TabPFN[Direct allocation scorer] Calibration Base,calibration,2019-03,25,5,0.005000961815917331,0.4,0.014562438718498582,0.01569946574534561,-0.0011370270268470286
TabPFN[Direct allocation scorer] Calibration Base,calibration,2019-04,25,5,-0.1327178328070369,0.2,-0.029374840406125303,-0.03643857119406522,0.007063730787939915
TabPFN[Direct allocation scorer] Calibration Base,calibration,2019-05,25,5,0.5269230769230769,0.6,0.08564163604793715,0.06020551854065295,0.025436117507284195
TabPFN[Direct allocation scorer] Calibration Base,calibration,2019-06,25,5,0.23923076923076922,0.4,0.008462991825655264,-0.001161249376473341,0.009624241202128606
TabPFN[Direct allocation scorer] Calibration Base,calibration,2019-07,25,5,0.11232929617291237,0.4,0.05648095729073475,0.0027454521516335185,0.053735505139101226
TabPFN[Direct allocation scorer] Calibration Base,calibration,2019-08,25,5,0.043076923076923075,0.2,-0.017867916839639376,0.014529095791450999,-0.03239701263109038
TabPFN[Direct allocation scorer] Calibration Base,calibration,2019-09,25,5,0.20153846153846153,0.2,0.020566255413950008,0.018755396027266804,0.0018108593866832043
TabPFN[Direct allocation scorer] Calibration Base,calibration,2019-10,25,5,0.02846701341368327,0.2,0.0020498972601761924,0.007860219229229685,-0.005810321969053493
TabPFN[Direct allocation scorer] Calibration Base,calibration,2019-11,25,5,0.4738461538461538,0.6,0.044656675082928185,0.032266381771987804,0.012390293310940381
TabPFN[Direct allocation scorer] Calibration Base,calibration,2019-12,25,5,0.09153846153846153,0.4,-0.0018161800185721555,-0.007595654596109998,0.005779474577537842
TabPFN[Direct allocation scorer] Calibration Base,holdout,2020-01,25,5,-0.049999999999999996,0.4,-0.029922599747479506,-0.054048476683959075,0.02412587693647957
TabPFN[Direct allocation scorer] Calibration Base,holdout,2020-02,25,5,-0.33615384615384614,0.2,-0.17405156897122134,-0.14485397448749124,-0.029197594483730105
TabPFN[Direct allocation scorer] Calibration Base,holdout,2020-03,25,5,-0.3212156243300748,0.0,0.036890441102879534,0.10528200713632334,-0.0683915660334438
TabPFN[Direct allocation scorer] Calibration Base,holdout,2020-04,25,5,0.04770148193644223,0.4,0.06545704456885179,0.058123295956415334,0.007333748612436457
TabPFN[Direct allocation scorer] Calibration Base,holdout,2020-05,25,5,0.14118099895705083,0.2,0.02654140833172076,0.019992743992486173,0.0065486643392345875
TabPFN[Direct allocation scorer] Calibration Base,holdout,2020-06,25,5,0.3376923076923077,0.4,0.09104692301489747,0.05777399472309771,0.033272928291799765
TabPFN[Direct allocation scorer] Calibration Base,holdout,2020-07,25,5,0.2254279710867351,0.2,0.05178467246087766,0.036529711653833674,0.015254960807043985
TabPFN[Direct allocation scorer] Calibration Base,holdout,2020-08,25,5,-0.36076923076923073,0.0,-0.08447803360169122,-0.027170321598357174,-0.057307712003334045
TabPFN[Direct allocation scorer] Calibration Base,holdout,2020-09,25,5,0.06462781423647014,0.2,-0.01840693838573504,-0.010365351788556043,-0.008041586597178995
TabPFN[Direct allocation scorer] Calibration Base,holdout,2020-10,25,5,0.20615384615384616,0.4,0.10420890789252542,0.08653840030647521,0.01767050758605021
TabPFN[Direct allocation scorer] Calibration Base,holdout,2020-11,25,5,0.21846153846153843,0.4,0.05387024691386444,0.03422774515700446,0.019642501756859977
TabPFN[Direct allocation scorer] Calibration Base,holdout,2020-12,25,5,0.2653846153846154,0.4,0.016370883605688814,0.0018480073568368294,0.014522876248851985
TabPFN[Direct allocation scorer] Calibration Base,holdout,2021-01,25,5,-0.04538461538461538,0.2,0.007192367109897413,0.01824998694856843,-0.01105761983867102
TabPFN[Direct allocation scorer] Calibration Base,holdout,2021-02,25,5,-0.1815384615384615,0.0,-0.019942915203175638,0.020199397593665406,-0.040142312796841044
TabPFN[Direct allocation scorer] Calibration Base,holdout,2021-03,25,5,0.32923076923076927,0.2,0.03891657232416135,0.03918018080489045,-0.00026360848072910087
TabPFN[Direct allocation scorer] Calibration Base,holdout,2021-04,25,5,0.19230769230769232,0.6,0.039003327567722804,0.019048149908593888,0.019955177659128916
TabPFN[Direct allocation scorer] Calibration Base,holdout,2021-05,25,5,0.19769230769230767,0.6,0.02085870565880501,0.0034348765011974836,0.017423829157607526
TabPFN[Direct allocation scorer] Calibration Base,holdout,2021-06,25,5,-0.21461538461538462,0.0,-0.032354545858999925,0.009919196538945347,-0.04227374239794527
TabPFN[Direct allocation scorer] Calibration Base,holdout,2021-07,25,5,-0.048461538461538466,0.0,-0.009100296494178827,0.010399606534442149,-0.019499903028620976
TabPFN[Direct allocation scorer] Calibration Base,holdout,2021-08,25,5,-0.0596268524205528,0.4,0.006512290892547901,-0.02915439890835376,0.03566668980090166
TabPFN[Direct allocation scorer] Calibration Base,holdout,2021-09,25,5,0.43893057168935967,0.2,0.0430209197730854,0.04854004612365783,-0.005519126350572431
TabPFN[Direct allocation scorer] Calibration Base,holdout,2021-10,25,5,-0.03153846153846154,0.4,-0.006705586572918643,-0.011523953062962708,0.004818366490044065
TabPFN[Direct allocation scorer] Calibration Base,holdout,2021-11,25,5,-0.11461538461538462,0.0,0.009151286175523899,0.030873379606091208,-0.02172209343056731
TabPFN[Direct allocation scorer] Calibration Base,holdout,2021-12,25,5,0.11656087924791934,0.6,0.01161244603243372,-0.028729917514140845,0.04034236354657457
TabPFN[Direct allocation scorer] Calibration Base,holdout,2022-01,25,5,0.0876923076923077,0.6,0.03282747443283494,-0.008969478289536582,0.04179695272237152
TabPFN[Direct allocation scorer] Calibration Base,holdout,2022-02,25,5,0.1992307692307692,0.2,0.009862091926861693,0.02565494559840393,-0.015792853671542234
TabPFN[Direct allocation scorer] Calibration Base,holdout,2022-03,25,5,-0.10538461538461538,0.6,-0.04695482359551861,-0.059535584884574735,0.012580761289056122
TabPFN[Direct allocation scorer] Calibration Base,holdout,2022-04,25,5,-0.33237161607327503,0.2,0.02302652786856818,0.010536863418915727,0.012489664449652453
TabPFN[Direct allocation scorer] Calibration Base,holdout,2022-05,25,5,-0.3384615384615385,0.0,-0.09656139610018863,-0.07287348328902624,-0.023687912811162393
TabPFN[Direct allocation scorer] Calibration Base,holdout,2022-06,25,5,0.22461538461538463,0.4,0.08007889873070591,0.05655602302922773,0.02352287570147818
TabPFN[Direct allocation scorer] Calibration Base,holdout,2022-07,25,5,-0.057692307692307696,0.4,-0.03842712338957932,-0.03955624001204256,0.0011291166224632401
TabPFN[Direct allocation scorer] Calibration Base,holdout,2022-08,25,5,-0.026153846153846153,0.4,-0.010341393830914324,-0.05692389977247783,0.046582505941563504
TabPFN[Direct allocation scorer] Calibration Base,holdout,2022-09,25,5,-0.10999999999999999,0.2,0.06727177316007245,0.05320740610992971,0.014064367050142738
TabPFN[Direct allocation scorer] Calibration Base,holdout,2022-10,25,5,0.10692307692307691,0.4,0.06249461937324594,0.056795291909799935,0.005699327463446008
TabPFN[Direct allocation scorer] Calibration Base,holdout,2022-11,25,5,-0.08615384615384615,0.4,0.0029232812138879627,-0.030486275288491953,0.033409556502379915
TabPFN[Direct allocation scorer] Calibration Base,holdout,2022-12,25,5,0.29692307692307696,0.0,0.03706641723715902,0.04535181789737403,-0.008285400660215013
TabPFN[Direct allocation scorer] Calibration Base,holdout,2023-01,25,5,-0.23855330738487457,0.4,-0.0496777732946261,-0.0367885463759981,-0.012889226918628004
TabPFN[Direct allocation scorer] Calibration Base,holdout,2023-02,25,5,0.26,0.6,0.06230701861785901,0.028008922392958335,0.03429809622490068
TabPFN[Direct allocation scorer] Calibration Base,holdout,2023-03,25,5,-0.14615384615384616,0.2,0.01358318979952573,0.008176745169681605,0.005406444629844125
TabPFN[Direct allocation scorer] Calibration Base,holdout,2023-04,25,5,-0.24615384615384614,0.0,-0.04752118732733603,-0.022281772118893938,-0.025239415208442095
TabPFN[Direct allocation scorer] Calibration Base,holdout,2023-05,25,5,0.18307692307692305,0.2,0.027040328139293957,0.04213855709436727,-0.015098228955073314
TabPFN[Direct allocation scorer] Calibration Base,holdout,2023-06,25,5,0.3576923076923077,0.6,0.03647569959222907,0.024872348419345748,0.011603351172883324
TabPFN[Direct allocation scorer] Calibration Base,holdout,2023-07,25,5,-0.1446153846153846,0.4,-0.006359924547505913,-0.011716302497952963,0.00535637795044705
TabPFN[Direct allocation scorer] Calibration Base,holdout,2023-08,25,5,-0.5158684457803956,0.2,-0.0648534718719529,-0.052001268865308245,-0.01285220300664465
TabPFN[Direct allocation scorer] Calibration Base,holdout,2023-09,25,5,-0.1753846153846154,0.6,0.0019965263189424044,-0.014257896136080995,0.0162544224550234
TabPFN[Direct allocation scorer] Calibration Base,holdout,2023-10,25,5,0.30121177706640545,0.2,0.06490995250413785,0.07028744636270544,-0.005377493858567589
TabPFN[Direct allocation scorer] Calibration Base,holdout,2023-11,25,5,-0.1723076923076923,0.2,0.007291610782222113,0.03833103724293837,-0.031039426460716255
TabPFN[Direct allocation scorer] Calibration Base,holdout,2023-12,25,5,-0.5692307692307692,0.0,-0.018660869542155047,-0.0016680895872055678,-0.01699277995494948
TabPFN[Direct allocation scorer] Calibration Base,holdout,2024-01,25,5,0.06,0.2,0.008997426791161334,0.02200752473323249,-0.013010097942071155
TabPFN[Direct allocation scorer] Calibration Base,holdout,2024-02,25,5,0.31153846153846154,0.4,0.047906364827190774,0.03547268751142166,0.012433677315769116
TabPFN[Direct allocation scorer] Calibration Base,holdout,2024-03,25,5,-0.16080015685026497,0.4,-0.02464807375917728,-0.03038395807888956,0.005735884319712281
TabPFN[Direct allocation scorer] Calibration Base,holdout,2024-04,25,5,0.40076923076923077,0.6,0.07480275439930457,0.038582390325294924,0.03622036407400965
TabPFN[Direct allocation scorer] Calibration Base,holdout,2024-05,25,5,-0.2235045242344592,0.2,0.0019212951709636438,0.005875058071763899,-0.003953762900800255
TabPFN[Direct allocation scorer] Calibration Base,holdout,2024-06,25,5,0.12461538461538461,0.2,0.042733215230181656,0.03019923112649143,0.012533984103690228
TabPFN[Direct allocation scorer] Calibration Base,holdout,2024-07,25,5,-0.3038461538461538,0.0,-0.0085424364893675,0.013461759985491257,-0.022004196474858757
TabPFN[Direct allocation scorer] Calibration Base,holdout,2024-08,25,5,0.37615384615384617,0.6,0.053087295960350354,0.030435595427475048,0.022651700532875307
TabPFN[Direct allocation scorer] Calibration Base,holdout,2024-09,25,5,0.3538461538461538,0.4,-0.00025106399817624857,-0.010666003725532471,0.010414939727356222
TabPFN[Direct allocation scorer] Calibration Base,holdout,2024-10,25,5,0.03846153846153846,0.2,0.036560036868155385,0.028550634949502017,0.008009401918653368
TabPFN[Direct allocation scorer] Calibration Base,holdout,2024-11,25,5,-0.009230769230769232,0.4,-0.01287352572843652,-0.037556865254102324,0.024683339525665805
TabPFN[Direct allocation scorer] Calibration Base,holdout,2024-12,25,5,0.05615384615384616,0.4,0.017428592315821546,0.01685734425500113,0.0005712480608204146
TabPFN[Direct allocation scorer] Calibration Base,holdout,2025-01,25,5,0.03846153846153846,0.2,0.010118765448559674,0.01871619850118452,-0.008597433052624847
TabPFN[Direct allocation scorer] Calibration Base,holdout,2025-02,25,5,0.03230769230769231,0.6,0.02007357413295783,-0.017615811704947148,0.03768938583790497
TabPFN[Direct allocation scorer] Calibration Base,holdout,2025-03,25,5,-0.09076923076923075,0.4,-0.0013975457077104014,-0.011693621348026215,0.010296075640315814
TabPFN[Direct allocation scorer] Calibration Base,holdout,2025-04,25,5,-0.04692307692307692,0.0,0.023101860495705617,0.028813092510935827,-0.00571123201523021
TabPFN[Direct allocation scorer] Calibration Base,holdout,2025-05,25,5,0.16275491778032572,0.6,0.05162939015777666,0.030568302157011992,0.021061088000764665
TabPFN[Direct allocation scorer] Calibration Base,holdout,2025-06,25,5,0.32890941173917837,0.6,0.0170431069557913,0.006917561514269979,0.01012554544152132
TabPFN[Direct allocation scorer] Calibration Base,holdout,2025-07,25,5,0.37538461538461537,0.4,0.04012070892959245,0.021690514569325015,0.018430194360267434
TabPFN[Direct allocation scorer] Calibration Base,holdout,2025-08,25,5,0.37,0.6,0.07839192464660596,0.03573153725638026,0.04266038739022571
TabPFN[Direct allocation scorer] Calibration Base,holdout,2025-09,25,5,0.06769230769230769,0.2,0.010138433273544268,0.011074788871926824,-0.0009363555983825569
TabPFN[Direct allocation scorer] Calibration Base,holdout,2025-10,25,5,0.2353846153846154,0.4,0.0483247935005412,0.013984389081040867,0.03434040441950033
TabPFN[Direct allocation scorer] Calibration Base,holdout,2025-11,25,5,0.31852279873688855,0.2,0.06840974030999829,0.020344462849746413,0.048065277460251875
TabPFN[Direct allocation scorer] Calibration Base,holdout,2025-12,25,5,0.3192307692307692,0.6,0.06538604683643472,0.0303859595642897,0.035000087272145014
TabPFN[Direct allocation scorer] Calibration Base,holdout,2026-01,25,5,0.2835160660254672,0.6,0.0493332598186379,0.03269640231379641,0.016636857504841486
TabPFN[Direct allocation scorer] Calibration Base,holdout,2026-02,25,5,-0.12384615384615384,0.2,-0.05971746912268361,-0.03656678394169601,-0.023150685180987597
TabPFN[Direct allocation scorer] Calibration Base,holdout,2026-03,25,5,0.07886132094331177,0.4,0.053730455966333836,0.05167545879192894,0.002054997174404896
