month,asset,weight,Strategy
2020-01,EEM,0.1111111111111111,Equal weight universe
2020-02,EEM,0.1111111111111111,Equal weight universe
2020-03,EEM,0.1111111111111111,Equal weight universe
2020-04,EEM,0.1111111111111111,Equal weight universe
2020-05,EEM,0.1111111111111111,Equal weight universe
2020-06,EEM,0.1111111111111111,Equal weight universe
2020-07,EEM,0.1111111111111111,Equal weight universe
2020-08,EEM,0.1111111111111111,Equal weight universe
2020-09,EEM,0.1111111111111111,Equal weight universe
2020-10,EEM,0.1111111111111111,Equal weight universe
2020-11,EEM,0.1111111111111111,Equal weight universe
2020-12,EEM,0.1111111111111111,Equal weight universe
2021-01,EEM,0.1111111111111111,Equal weight universe
2021-02,EEM,0.1111111111111111,Equal weight universe
2021-03,EEM,0.1111111111111111,Equal weight universe
2021-04,EEM,0.1111111111111111,Equal weight universe
2021-05,EEM,0.1111111111111111,Equal weight universe
2021-06,EEM,0.1111111111111111,Equal weight universe
2021-07,EEM,0.1111111111111111,Equal weight universe
2021-08,EEM,0.1111111111111111,Equal weight universe
2021-09,EEM,0.1111111111111111,Equal weight universe
2021-10,EEM,0.1111111111111111,Equal weight universe
2021-11,EEM,0.1111111111111111,Equal weight universe
2021-12,EEM,0.1111111111111111,Equal weight universe
2022-01,EEM,0.1111111111111111,Equal weight universe
2022-02,EEM,0.1111111111111111,Equal weight universe
2022-03,EEM,0.1111111111111111,Equal weight universe
2022-04,EEM,0.1111111111111111,Equal weight universe
2022-05,EEM,0.1111111111111111,Equal weight universe
2022-06,EEM,0.1111111111111111,Equal weight universe
2022-07,EEM,0.1111111111111111,Equal weight universe
2022-08,EEM,0.1111111111111111,Equal weight universe
2022-09,EEM,0.1111111111111111,Equal weight universe
2022-10,EEM,0.1111111111111111,Equal weight universe
2022-11,EEM,0.1111111111111111,Equal weight universe
2022-12,EEM,0.1111111111111111,Equal weight universe
2023-01,EEM,0.1111111111111111,Equal weight universe
2023-02,EEM,0.1111111111111111,Equal weight universe
2023-03,EEM,0.1111111111111111,Equal weight universe
2023-04,EEM,0.1111111111111111,Equal weight universe
2023-05,EEM,0.1111111111111111,Equal weight universe
2023-06,EEM,0.1111111111111111,Equal weight universe
2023-07,EEM,0.1111111111111111,Equal weight universe
2023-08,EEM,0.1111111111111111,Equal weight universe
2023-09,EEM,0.1111111111111111,Equal weight universe
2023-10,EEM,0.1111111111111111,Equal weight universe
2023-11,EEM,0.1111111111111111,Equal weight universe
2023-12,EEM,0.1111111111111111,Equal weight universe
2024-01,EEM,0.1111111111111111,Equal weight universe
2024-02,EEM,0.1111111111111111,Equal weight universe
2024-03,EEM,0.1111111111111111,Equal weight universe
2024-04,EEM,0.1111111111111111,Equal weight universe
2024-05,EEM,0.1111111111111111,Equal weight universe
2024-06,EEM,0.1111111111111111,Equal weight universe
2024-07,EEM,0.1111111111111111,Equal weight universe
2024-08,EEM,0.1111111111111111,Equal weight universe
2024-09,EEM,0.1111111111111111,Equal weight universe
2024-10,EEM,0.1111111111111111,Equal weight universe
2024-11,EEM,0.1111111111111111,Equal weight universe
2024-12,EEM,0.1111111111111111,Equal weight universe
2025-01,EEM,0.1111111111111111,Equal weight universe
2025-02,EEM,0.1111111111111111,Equal weight universe
2025-03,EEM,0.1111111111111111,Equal weight universe
2025-04,EEM,0.1111111111111111,Equal weight universe
2025-05,EEM,0.1111111111111111,Equal weight universe
2025-06,EEM,0.1111111111111111,Equal weight universe
2025-07,EEM,0.1111111111111111,Equal weight universe
2025-08,EEM,0.1111111111111111,Equal weight universe
2025-09,EEM,0.1111111111111111,Equal weight universe
2025-10,EEM,0.1111111111111111,Equal weight universe
2025-11,EEM,0.1111111111111111,Equal weight universe
2025-12,EEM,0.1111111111111111,Equal weight universe
2026-01,EEM,0.1111111111111111,Equal weight universe
2026-02,EEM,0.1111111111111111,Equal weight universe
2026-03,EEM,0.1111111111111111,Equal weight universe
2020-01,GLD,0.1111111111111111,Equal weight universe
2020-02,GLD,0.1111111111111111,Equal weight universe
2020-03,GLD,0.1111111111111111,Equal weight universe
2020-04,GLD,0.1111111111111111,Equal weight universe
2020-05,GLD,0.1111111111111111,Equal weight universe
2020-06,GLD,0.1111111111111111,Equal weight universe
2020-07,GLD,0.1111111111111111,Equal weight universe
2020-08,GLD,0.1111111111111111,Equal weight universe
2020-09,GLD,0.1111111111111111,Equal weight universe
2020-10,GLD,0.1111111111111111,Equal weight universe
2020-11,GLD,0.1111111111111111,Equal weight universe
2020-12,GLD,0.1111111111111111,Equal weight universe
2021-01,GLD,0.1111111111111111,Equal weight universe
2021-02,GLD,0.1111111111111111,Equal weight universe
2021-03,GLD,0.1111111111111111,Equal weight universe
2021-04,GLD,0.1111111111111111,Equal weight universe
2021-05,GLD,0.1111111111111111,Equal weight universe
2021-06,GLD,0.1111111111111111,Equal weight universe
2021-07,GLD,0.1111111111111111,Equal weight universe
2021-08,GLD,0.1111111111111111,Equal weight universe
2021-09,GLD,0.1111111111111111,Equal weight universe
2021-10,GLD,0.1111111111111111,Equal weight universe
2021-11,GLD,0.1111111111111111,Equal weight universe
2021-12,GLD,0.1111111111111111,Equal weight universe
2022-01,GLD,0.1111111111111111,Equal weight universe
2022-02,GLD,0.1111111111111111,Equal weight universe
2022-03,GLD,0.1111111111111111,Equal weight universe
2022-04,GLD,0.1111111111111111,Equal weight universe
2022-05,GLD,0.1111111111111111,Equal weight universe
2022-06,GLD,0.1111111111111111,Equal weight universe
2022-07,GLD,0.1111111111111111,Equal weight universe
2022-08,GLD,0.1111111111111111,Equal weight universe
2022-09,GLD,0.1111111111111111,Equal weight universe
2022-10,GLD,0.1111111111111111,Equal weight universe
2022-11,GLD,0.1111111111111111,Equal weight universe
2022-12,GLD,0.1111111111111111,Equal weight universe
2023-01,GLD,0.1111111111111111,Equal weight universe
2023-02,GLD,0.1111111111111111,Equal weight universe
2023-03,GLD,0.1111111111111111,Equal weight universe
2023-04,GLD,0.1111111111111111,Equal weight universe
2023-05,GLD,0.1111111111111111,Equal weight universe
2023-06,GLD,0.1111111111111111,Equal weight universe
2023-07,GLD,0.1111111111111111,Equal weight universe
2023-08,GLD,0.1111111111111111,Equal weight universe
2023-09,GLD,0.1111111111111111,Equal weight universe
2023-10,GLD,0.1111111111111111,Equal weight universe
2023-11,GLD,0.1111111111111111,Equal weight universe
2023-12,GLD,0.1111111111111111,Equal weight universe
2024-01,GLD,0.1111111111111111,Equal weight universe
2024-02,GLD,0.1111111111111111,Equal weight universe
2024-03,GLD,0.1111111111111111,Equal weight universe
2024-04,GLD,0.1111111111111111,Equal weight universe
2024-05,GLD,0.1111111111111111,Equal weight universe
2024-06,GLD,0.1111111111111111,Equal weight universe
2024-07,GLD,0.1111111111111111,Equal weight universe
2024-08,GLD,0.1111111111111111,Equal weight universe
2024-09,GLD,0.1111111111111111,Equal weight universe
2024-10,GLD,0.1111111111111111,Equal weight universe
2024-11,GLD,0.1111111111111111,Equal weight universe
2024-12,GLD,0.1111111111111111,Equal weight universe
2025-01,GLD,0.1111111111111111,Equal weight universe
2025-02,GLD,0.1111111111111111,Equal weight universe
2025-03,GLD,0.1111111111111111,Equal weight universe
2025-04,GLD,0.1111111111111111,Equal weight universe
2025-05,GLD,0.1111111111111111,Equal weight universe
2025-06,GLD,0.1111111111111111,Equal weight universe
2025-07,GLD,0.1111111111111111,Equal weight universe
2025-08,GLD,0.1111111111111111,Equal weight universe
2025-09,GLD,0.1111111111111111,Equal weight universe
2025-10,GLD,0.1111111111111111,Equal weight universe
2025-11,GLD,0.1111111111111111,Equal weight universe
2025-12,GLD,0.1111111111111111,Equal weight universe
2026-01,GLD,0.1111111111111111,Equal weight universe
2026-02,GLD,0.1111111111111111,Equal weight universe
2026-03,GLD,0.1111111111111111,Equal weight universe
2020-01,HYG,0.1111111111111111,Equal weight universe
2020-02,HYG,0.1111111111111111,Equal weight universe
2020-03,HYG,0.1111111111111111,Equal weight universe
2020-04,HYG,0.1111111111111111,Equal weight universe
2020-05,HYG,0.1111111111111111,Equal weight universe
2020-06,HYG,0.1111111111111111,Equal weight universe
2020-07,HYG,0.1111111111111111,Equal weight universe
2020-08,HYG,0.1111111111111111,Equal weight universe
2020-09,HYG,0.1111111111111111,Equal weight universe
2020-10,HYG,0.1111111111111111,Equal weight universe
2020-11,HYG,0.1111111111111111,Equal weight universe
2020-12,HYG,0.1111111111111111,Equal weight universe
2021-01,HYG,0.1111111111111111,Equal weight universe
2021-02,HYG,0.1111111111111111,Equal weight universe
2021-03,HYG,0.1111111111111111,Equal weight universe
2021-04,HYG,0.1111111111111111,Equal weight universe
2021-05,HYG,0.1111111111111111,Equal weight universe
2021-06,HYG,0.1111111111111111,Equal weight universe
2021-07,HYG,0.1111111111111111,Equal weight universe
2021-08,HYG,0.1111111111111111,Equal weight universe
2021-09,HYG,0.1111111111111111,Equal weight universe
2021-10,HYG,0.1111111111111111,Equal weight universe
2021-11,HYG,0.1111111111111111,Equal weight universe
2021-12,HYG,0.1111111111111111,Equal weight universe
2022-01,HYG,0.1111111111111111,Equal weight universe
2022-02,HYG,0.1111111111111111,Equal weight universe
2022-03,HYG,0.1111111111111111,Equal weight universe
2022-04,HYG,0.1111111111111111,Equal weight universe
2022-05,HYG,0.1111111111111111,Equal weight universe
2022-06,HYG,0.1111111111111111,Equal weight universe
2022-07,HYG,0.1111111111111111,Equal weight universe
2022-08,HYG,0.1111111111111111,Equal weight universe
2022-09,HYG,0.1111111111111111,Equal weight universe
2022-10,HYG,0.1111111111111111,Equal weight universe
2022-11,HYG,0.1111111111111111,Equal weight universe
2022-12,HYG,0.1111111111111111,Equal weight universe
2023-01,HYG,0.1111111111111111,Equal weight universe
2023-02,HYG,0.1111111111111111,Equal weight universe
2023-03,HYG,0.1111111111111111,Equal weight universe
2023-04,HYG,0.1111111111111111,Equal weight universe
2023-05,HYG,0.1111111111111111,Equal weight universe
2023-06,HYG,0.1111111111111111,Equal weight universe
2023-07,HYG,0.1111111111111111,Equal weight universe
2023-08,HYG,0.1111111111111111,Equal weight universe
2023-09,HYG,0.1111111111111111,Equal weight universe
2023-10,HYG,0.1111111111111111,Equal weight universe
2023-11,HYG,0.1111111111111111,Equal weight universe
2023-12,HYG,0.1111111111111111,Equal weight universe
2024-01,HYG,0.1111111111111111,Equal weight universe
2024-02,HYG,0.1111111111111111,Equal weight universe
2024-03,HYG,0.1111111111111111,Equal weight universe
2024-04,HYG,0.1111111111111111,Equal weight universe
2024-05,HYG,0.1111111111111111,Equal weight universe
2024-06,HYG,0.1111111111111111,Equal weight universe
2024-07,HYG,0.1111111111111111,Equal weight universe
2024-08,HYG,0.1111111111111111,Equal weight universe
2024-09,HYG,0.1111111111111111,Equal weight universe
2024-10,HYG,0.1111111111111111,Equal weight universe
2024-11,HYG,0.1111111111111111,Equal weight universe
2024-12,HYG,0.1111111111111111,Equal weight universe
2025-01,HYG,0.1111111111111111,Equal weight universe
2025-02,HYG,0.1111111111111111,Equal weight universe
2025-03,HYG,0.1111111111111111,Equal weight universe
2025-04,HYG,0.1111111111111111,Equal weight universe
2025-05,HYG,0.1111111111111111,Equal weight universe
2025-06,HYG,0.1111111111111111,Equal weight universe
2025-07,HYG,0.1111111111111111,Equal weight universe
2025-08,HYG,0.1111111111111111,Equal weight universe
2025-09,HYG,0.1111111111111111,Equal weight universe
2025-10,HYG,0.1111111111111111,Equal weight universe
2025-11,HYG,0.1111111111111111,Equal weight universe
2025-12,HYG,0.1111111111111111,Equal weight universe
2026-01,HYG,0.1111111111111111,Equal weight universe
2026-02,HYG,0.1111111111111111,Equal weight universe
2026-03,HYG,0.1111111111111111,Equal weight universe
2020-01,IEF,0.1111111111111111,Equal weight universe
2020-02,IEF,0.1111111111111111,Equal weight universe
2020-03,IEF,0.1111111111111111,Equal weight universe
2020-04,IEF,0.1111111111111111,Equal weight universe
2020-05,IEF,0.1111111111111111,Equal weight universe
2020-06,IEF,0.1111111111111111,Equal weight universe
2020-07,IEF,0.1111111111111111,Equal weight universe
2020-08,IEF,0.1111111111111111,Equal weight universe
2020-09,IEF,0.1111111111111111,Equal weight universe
2020-10,IEF,0.1111111111111111,Equal weight universe
2020-11,IEF,0.1111111111111111,Equal weight universe
2020-12,IEF,0.1111111111111111,Equal weight universe
2021-01,IEF,0.1111111111111111,Equal weight universe
2021-02,IEF,0.1111111111111111,Equal weight universe
2021-03,IEF,0.1111111111111111,Equal weight universe
2021-04,IEF,0.1111111111111111,Equal weight universe
2021-05,IEF,0.1111111111111111,Equal weight universe
2021-06,IEF,0.1111111111111111,Equal weight universe
2021-07,IEF,0.1111111111111111,Equal weight universe
2021-08,IEF,0.1111111111111111,Equal weight universe
2021-09,IEF,0.1111111111111111,Equal weight universe
2021-10,IEF,0.1111111111111111,Equal weight universe
2021-11,IEF,0.1111111111111111,Equal weight universe
2021-12,IEF,0.1111111111111111,Equal weight universe
2022-01,IEF,0.1111111111111111,Equal weight universe
2022-02,IEF,0.1111111111111111,Equal weight universe
2022-03,IEF,0.1111111111111111,Equal weight universe
2022-04,IEF,0.1111111111111111,Equal weight universe
2022-05,IEF,0.1111111111111111,Equal weight universe
2022-06,IEF,0.1111111111111111,Equal weight universe
2022-07,IEF,0.1111111111111111,Equal weight universe
2022-08,IEF,0.1111111111111111,Equal weight universe
2022-09,IEF,0.1111111111111111,Equal weight universe
2022-10,IEF,0.1111111111111111,Equal weight universe
2022-11,IEF,0.1111111111111111,Equal weight universe
2022-12,IEF,0.1111111111111111,Equal weight universe
2023-01,IEF,0.1111111111111111,Equal weight universe
2023-02,IEF,0.1111111111111111,Equal weight universe
2023-03,IEF,0.1111111111111111,Equal weight universe
2023-04,IEF,0.1111111111111111,Equal weight universe
2023-05,IEF,0.1111111111111111,Equal weight universe
2023-06,IEF,0.1111111111111111,Equal weight universe
2023-07,IEF,0.1111111111111111,Equal weight universe
2023-08,IEF,0.1111111111111111,Equal weight universe
2023-09,IEF,0.1111111111111111,Equal weight universe
2023-10,IEF,0.1111111111111111,Equal weight universe
2023-11,IEF,0.1111111111111111,Equal weight universe
2023-12,IEF,0.1111111111111111,Equal weight universe
2024-01,IEF,0.1111111111111111,Equal weight universe
2024-02,IEF,0.1111111111111111,Equal weight universe
2024-03,IEF,0.1111111111111111,Equal weight universe
2024-04,IEF,0.1111111111111111,Equal weight universe
2024-05,IEF,0.1111111111111111,Equal weight universe
2024-06,IEF,0.1111111111111111,Equal weight universe
2024-07,IEF,0.1111111111111111,Equal weight universe
2024-08,IEF,0.1111111111111111,Equal weight universe
2024-09,IEF,0.1111111111111111,Equal weight universe
2024-10,IEF,0.1111111111111111,Equal weight universe
2024-11,IEF,0.1111111111111111,Equal weight universe
2024-12,IEF,0.1111111111111111,Equal weight universe
2025-01,IEF,0.1111111111111111,Equal weight universe
2025-02,IEF,0.1111111111111111,Equal weight universe
2025-03,IEF,0.1111111111111111,Equal weight universe
2025-04,IEF,0.1111111111111111,Equal weight universe
2025-05,IEF,0.1111111111111111,Equal weight universe
2025-06,IEF,0.1111111111111111,Equal weight universe
2025-07,IEF,0.1111111111111111,Equal weight universe
2025-08,IEF,0.1111111111111111,Equal weight universe
2025-09,IEF,0.1111111111111111,Equal weight universe
2025-10,IEF,0.1111111111111111,Equal weight universe
2025-11,IEF,0.1111111111111111,Equal weight universe
2025-12,IEF,0.1111111111111111,Equal weight universe
2026-01,IEF,0.1111111111111111,Equal weight universe
2026-02,IEF,0.1111111111111111,Equal weight universe
2026-03,IEF,0.1111111111111111,Equal weight universe
2020-01,IWM,0.1111111111111111,Equal weight universe
2020-02,IWM,0.1111111111111111,Equal weight universe
2020-03,IWM,0.1111111111111111,Equal weight universe
2020-04,IWM,0.1111111111111111,Equal weight universe
2020-05,IWM,0.1111111111111111,Equal weight universe
2020-06,IWM,0.1111111111111111,Equal weight universe
2020-07,IWM,0.1111111111111111,Equal weight universe
2020-08,IWM,0.1111111111111111,Equal weight universe
2020-09,IWM,0.1111111111111111,Equal weight universe
2020-10,IWM,0.1111111111111111,Equal weight universe
2020-11,IWM,0.1111111111111111,Equal weight universe
2020-12,IWM,0.1111111111111111,Equal weight universe
2021-01,IWM,0.1111111111111111,Equal weight universe
2021-02,IWM,0.1111111111111111,Equal weight universe
2021-03,IWM,0.1111111111111111,Equal weight universe
2021-04,IWM,0.1111111111111111,Equal weight universe
2021-05,IWM,0.1111111111111111,Equal weight universe
2021-06,IWM,0.1111111111111111,Equal weight universe
2021-07,IWM,0.1111111111111111,Equal weight universe
2021-08,IWM,0.1111111111111111,Equal weight universe
2021-09,IWM,0.1111111111111111,Equal weight universe
2021-10,IWM,0.1111111111111111,Equal weight universe
2021-11,IWM,0.1111111111111111,Equal weight universe
2021-12,IWM,0.1111111111111111,Equal weight universe
2022-01,IWM,0.1111111111111111,Equal weight universe
2022-02,IWM,0.1111111111111111,Equal weight universe
2022-03,IWM,0.1111111111111111,Equal weight universe
2022-04,IWM,0.1111111111111111,Equal weight universe
2022-05,IWM,0.1111111111111111,Equal weight universe
2022-06,IWM,0.1111111111111111,Equal weight universe
2022-07,IWM,0.1111111111111111,Equal weight universe
2022-08,IWM,0.1111111111111111,Equal weight universe
2022-09,IWM,0.1111111111111111,Equal weight universe
2022-10,IWM,0.1111111111111111,Equal weight universe
2022-11,IWM,0.1111111111111111,Equal weight universe
2022-12,IWM,0.1111111111111111,Equal weight universe
2023-01,IWM,0.1111111111111111,Equal weight universe
2023-02,IWM,0.1111111111111111,Equal weight universe
2023-03,IWM,0.1111111111111111,Equal weight universe
2023-04,IWM,0.1111111111111111,Equal weight universe
2023-05,IWM,0.1111111111111111,Equal weight universe
2023-06,IWM,0.1111111111111111,Equal weight universe
2023-07,IWM,0.1111111111111111,Equal weight universe
2023-08,IWM,0.1111111111111111,Equal weight universe
2023-09,IWM,0.1111111111111111,Equal weight universe
2023-10,IWM,0.1111111111111111,Equal weight universe
2023-11,IWM,0.1111111111111111,Equal weight universe
2023-12,IWM,0.1111111111111111,Equal weight universe
2024-01,IWM,0.1111111111111111,Equal weight universe
2024-02,IWM,0.1111111111111111,Equal weight universe
2024-03,IWM,0.1111111111111111,Equal weight universe
2024-04,IWM,0.1111111111111111,Equal weight universe
2024-05,IWM,0.1111111111111111,Equal weight universe
2024-06,IWM,0.1111111111111111,Equal weight universe
2024-07,IWM,0.1111111111111111,Equal weight universe
2024-08,IWM,0.1111111111111111,Equal weight universe
2024-09,IWM,0.1111111111111111,Equal weight universe
2024-10,IWM,0.1111111111111111,Equal weight universe
2024-11,IWM,0.1111111111111111,Equal weight universe
2024-12,IWM,0.1111111111111111,Equal weight universe
2025-01,IWM,0.1111111111111111,Equal weight universe
2025-02,IWM,0.1111111111111111,Equal weight universe
2025-03,IWM,0.1111111111111111,Equal weight universe
2025-04,IWM,0.1111111111111111,Equal weight universe
2025-05,IWM,0.1111111111111111,Equal weight universe
2025-06,IWM,0.1111111111111111,Equal weight universe
2025-07,IWM,0.1111111111111111,Equal weight universe
2025-08,IWM,0.1111111111111111,Equal weight universe
2025-09,IWM,0.1111111111111111,Equal weight universe
2025-10,IWM,0.1111111111111111,Equal weight universe
2025-11,IWM,0.1111111111111111,Equal weight universe
2025-12,IWM,0.1111111111111111,Equal weight universe
2026-01,IWM,0.1111111111111111,Equal weight universe
2026-02,IWM,0.1111111111111111,Equal weight universe
2026-03,IWM,0.1111111111111111,Equal weight universe
2020-01,QQQ,0.1111111111111111,Equal weight universe
2020-02,QQQ,0.1111111111111111,Equal weight universe
2020-03,QQQ,0.1111111111111111,Equal weight universe
2020-04,QQQ,0.1111111111111111,Equal weight universe
2020-05,QQQ,0.1111111111111111,Equal weight universe
2020-06,QQQ,0.1111111111111111,Equal weight universe
2020-07,QQQ,0.1111111111111111,Equal weight universe
2020-08,QQQ,0.1111111111111111,Equal weight universe
2020-09,QQQ,0.1111111111111111,Equal weight universe
2020-10,QQQ,0.1111111111111111,Equal weight universe
2020-11,QQQ,0.1111111111111111,Equal weight universe
2020-12,QQQ,0.1111111111111111,Equal weight universe
2021-01,QQQ,0.1111111111111111,Equal weight universe
2021-02,QQQ,0.1111111111111111,Equal weight universe
2021-03,QQQ,0.1111111111111111,Equal weight universe
2021-04,QQQ,0.1111111111111111,Equal weight universe
2021-05,QQQ,0.1111111111111111,Equal weight universe
2021-06,QQQ,0.1111111111111111,Equal weight universe
2021-07,QQQ,0.1111111111111111,Equal weight universe
2021-08,QQQ,0.1111111111111111,Equal weight universe
2021-09,QQQ,0.1111111111111111,Equal weight universe
2021-10,QQQ,0.1111111111111111,Equal weight universe
2021-11,QQQ,0.1111111111111111,Equal weight universe
2021-12,QQQ,0.1111111111111111,Equal weight universe
2022-01,QQQ,0.1111111111111111,Equal weight universe
2022-02,QQQ,0.1111111111111111,Equal weight universe
2022-03,QQQ,0.1111111111111111,Equal weight universe
2022-04,QQQ,0.1111111111111111,Equal weight universe
2022-05,QQQ,0.1111111111111111,Equal weight universe
2022-06,QQQ,0.1111111111111111,Equal weight universe
2022-07,QQQ,0.1111111111111111,Equal weight universe
2022-08,QQQ,0.1111111111111111,Equal weight universe
2022-09,QQQ,0.1111111111111111,Equal weight universe
2022-10,QQQ,0.1111111111111111,Equal weight universe
2022-11,QQQ,0.1111111111111111,Equal weight universe
2022-12,QQQ,0.1111111111111111,Equal weight universe
2023-01,QQQ,0.1111111111111111,Equal weight universe
2023-02,QQQ,0.1111111111111111,Equal weight universe
2023-03,QQQ,0.1111111111111111,Equal weight universe
2023-04,QQQ,0.1111111111111111,Equal weight universe
2023-05,QQQ,0.1111111111111111,Equal weight universe
2023-06,QQQ,0.1111111111111111,Equal weight universe
2023-07,QQQ,0.1111111111111111,Equal weight universe
2023-08,QQQ,0.1111111111111111,Equal weight universe
2023-09,QQQ,0.1111111111111111,Equal weight universe
2023-10,QQQ,0.1111111111111111,Equal weight universe
2023-11,QQQ,0.1111111111111111,Equal weight universe
2023-12,QQQ,0.1111111111111111,Equal weight universe
2024-01,QQQ,0.1111111111111111,Equal weight universe
2024-02,QQQ,0.1111111111111111,Equal weight universe
2024-03,QQQ,0.1111111111111111,Equal weight universe
2024-04,QQQ,0.1111111111111111,Equal weight universe
2024-05,QQQ,0.1111111111111111,Equal weight universe
2024-06,QQQ,0.1111111111111111,Equal weight universe
2024-07,QQQ,0.1111111111111111,Equal weight universe
2024-08,QQQ,0.1111111111111111,Equal weight universe
2024-09,QQQ,0.1111111111111111,Equal weight universe
2024-10,QQQ,0.1111111111111111,Equal weight universe
2024-11,QQQ,0.1111111111111111,Equal weight universe
2024-12,QQQ,0.1111111111111111,Equal weight universe
2025-01,QQQ,0.1111111111111111,Equal weight universe
2025-02,QQQ,0.1111111111111111,Equal weight universe
2025-03,QQQ,0.1111111111111111,Equal weight universe
2025-04,QQQ,0.1111111111111111,Equal weight universe
2025-05,QQQ,0.1111111111111111,Equal weight universe
2025-06,QQQ,0.1111111111111111,Equal weight universe
2025-07,QQQ,0.1111111111111111,Equal weight universe
2025-08,QQQ,0.1111111111111111,Equal weight universe
2025-09,QQQ,0.1111111111111111,Equal weight universe
2025-10,QQQ,0.1111111111111111,Equal weight universe
2025-11,QQQ,0.1111111111111111,Equal weight universe
2025-12,QQQ,0.1111111111111111,Equal weight universe
2026-01,QQQ,0.1111111111111111,Equal weight universe
2026-02,QQQ,0.1111111111111111,Equal weight universe
2026-03,QQQ,0.1111111111111111,Equal weight universe
2020-01,SPY,0.1111111111111111,Equal weight universe
2020-02,SPY,0.1111111111111111,Equal weight universe
2020-03,SPY,0.1111111111111111,Equal weight universe
2020-04,SPY,0.1111111111111111,Equal weight universe
2020-05,SPY,0.1111111111111111,Equal weight universe
2020-06,SPY,0.1111111111111111,Equal weight universe
2020-07,SPY,0.1111111111111111,Equal weight universe
2020-08,SPY,0.1111111111111111,Equal weight universe
2020-09,SPY,0.1111111111111111,Equal weight universe
2020-10,SPY,0.1111111111111111,Equal weight universe
2020-11,SPY,0.1111111111111111,Equal weight universe
2020-12,SPY,0.1111111111111111,Equal weight universe
2021-01,SPY,0.1111111111111111,Equal weight universe
2021-02,SPY,0.1111111111111111,Equal weight universe
2021-03,SPY,0.1111111111111111,Equal weight universe
2021-04,SPY,0.1111111111111111,Equal weight universe
2021-05,SPY,0.1111111111111111,Equal weight universe
2021-06,SPY,0.1111111111111111,Equal weight universe
2021-07,SPY,0.1111111111111111,Equal weight universe
2021-08,SPY,0.1111111111111111,Equal weight universe
2021-09,SPY,0.1111111111111111,Equal weight universe
2021-10,SPY,0.1111111111111111,Equal weight universe
2021-11,SPY,0.1111111111111111,Equal weight universe
2021-12,SPY,0.1111111111111111,Equal weight universe
2022-01,SPY,0.1111111111111111,Equal weight universe
2022-02,SPY,0.1111111111111111,Equal weight universe
2022-03,SPY,0.1111111111111111,Equal weight universe
2022-04,SPY,0.1111111111111111,Equal weight universe
2022-05,SPY,0.1111111111111111,Equal weight universe
2022-06,SPY,0.1111111111111111,Equal weight universe
2022-07,SPY,0.1111111111111111,Equal weight universe
2022-08,SPY,0.1111111111111111,Equal weight universe
2022-09,SPY,0.1111111111111111,Equal weight universe
2022-10,SPY,0.1111111111111111,Equal weight universe
2022-11,SPY,0.1111111111111111,Equal weight universe
2022-12,SPY,0.1111111111111111,Equal weight universe
2023-01,SPY,0.1111111111111111,Equal weight universe
2023-02,SPY,0.1111111111111111,Equal weight universe
2023-03,SPY,0.1111111111111111,Equal weight universe
2023-04,SPY,0.1111111111111111,Equal weight universe
2023-05,SPY,0.1111111111111111,Equal weight universe
2023-06,SPY,0.1111111111111111,Equal weight universe
2023-07,SPY,0.1111111111111111,Equal weight universe
2023-08,SPY,0.1111111111111111,Equal weight universe
2023-09,SPY,0.1111111111111111,Equal weight universe
2023-10,SPY,0.1111111111111111,Equal weight universe
2023-11,SPY,0.1111111111111111,Equal weight universe
2023-12,SPY,0.1111111111111111,Equal weight universe
2024-01,SPY,0.1111111111111111,Equal weight universe
2024-02,SPY,0.1111111111111111,Equal weight universe
2024-03,SPY,0.1111111111111111,Equal weight universe
2024-04,SPY,0.1111111111111111,Equal weight universe
2024-05,SPY,0.1111111111111111,Equal weight universe
2024-06,SPY,0.1111111111111111,Equal weight universe
2024-07,SPY,0.1111111111111111,Equal weight universe
2024-08,SPY,0.1111111111111111,Equal weight universe
2024-09,SPY,0.1111111111111111,Equal weight universe
2024-10,SPY,0.1111111111111111,Equal weight universe
2024-11,SPY,0.1111111111111111,Equal weight universe
2024-12,SPY,0.1111111111111111,Equal weight universe
2025-01,SPY,0.1111111111111111,Equal weight universe
2025-02,SPY,0.1111111111111111,Equal weight universe
2025-03,SPY,0.1111111111111111,Equal weight universe
2025-04,SPY,0.1111111111111111,Equal weight universe
2025-05,SPY,0.1111111111111111,Equal weight universe
2025-06,SPY,0.1111111111111111,Equal weight universe
2025-07,SPY,0.1111111111111111,Equal weight universe
2025-08,SPY,0.1111111111111111,Equal weight universe
2025-09,SPY,0.1111111111111111,Equal weight universe
2025-10,SPY,0.1111111111111111,Equal weight universe
2025-11,SPY,0.1111111111111111,Equal weight universe
2025-12,SPY,0.1111111111111111,Equal weight universe
2026-01,SPY,0.1111111111111111,Equal weight universe
2026-02,SPY,0.1111111111111111,Equal weight universe
2026-03,SPY,0.1111111111111111,Equal weight universe
2020-01,TLT,0.1111111111111111,Equal weight universe
2020-02,TLT,0.1111111111111111,Equal weight universe
2020-03,TLT,0.1111111111111111,Equal weight universe
2020-04,TLT,0.1111111111111111,Equal weight universe
2020-05,TLT,0.1111111111111111,Equal weight universe
2020-06,TLT,0.1111111111111111,Equal weight universe
2020-07,TLT,0.1111111111111111,Equal weight universe
2020-08,TLT,0.1111111111111111,Equal weight universe
2020-09,TLT,0.1111111111111111,Equal weight universe
2020-10,TLT,0.1111111111111111,Equal weight universe
2020-11,TLT,0.1111111111111111,Equal weight universe
2020-12,TLT,0.1111111111111111,Equal weight universe
2021-01,TLT,0.1111111111111111,Equal weight universe
2021-02,TLT,0.1111111111111111,Equal weight universe
2021-03,TLT,0.1111111111111111,Equal weight universe
2021-04,TLT,0.1111111111111111,Equal weight universe
2021-05,TLT,0.1111111111111111,Equal weight universe
2021-06,TLT,0.1111111111111111,Equal weight universe
2021-07,TLT,0.1111111111111111,Equal weight universe
2021-08,TLT,0.1111111111111111,Equal weight universe
2021-09,TLT,0.1111111111111111,Equal weight universe
2021-10,TLT,0.1111111111111111,Equal weight universe
2021-11,TLT,0.1111111111111111,Equal weight universe
2021-12,TLT,0.1111111111111111,Equal weight universe
2022-01,TLT,0.1111111111111111,Equal weight universe
2022-02,TLT,0.1111111111111111,Equal weight universe
2022-03,TLT,0.1111111111111111,Equal weight universe
2022-04,TLT,0.1111111111111111,Equal weight universe
2022-05,TLT,0.1111111111111111,Equal weight universe
2022-06,TLT,0.1111111111111111,Equal weight universe
2022-07,TLT,0.1111111111111111,Equal weight universe
2022-08,TLT,0.1111111111111111,Equal weight universe
2022-09,TLT,0.1111111111111111,Equal weight universe
2022-10,TLT,0.1111111111111111,Equal weight universe
2022-11,TLT,0.1111111111111111,Equal weight universe
2022-12,TLT,0.1111111111111111,Equal weight universe
2023-01,TLT,0.1111111111111111,Equal weight universe
2023-02,TLT,0.1111111111111111,Equal weight universe
2023-03,TLT,0.1111111111111111,Equal weight universe
2023-04,TLT,0.1111111111111111,Equal weight universe
2023-05,TLT,0.1111111111111111,Equal weight universe
2023-06,TLT,0.1111111111111111,Equal weight universe
2023-07,TLT,0.1111111111111111,Equal weight universe
2023-08,TLT,0.1111111111111111,Equal weight universe
2023-09,TLT,0.1111111111111111,Equal weight universe
2023-10,TLT,0.1111111111111111,Equal weight universe
2023-11,TLT,0.1111111111111111,Equal weight universe
2023-12,TLT,0.1111111111111111,Equal weight universe
2024-01,TLT,0.1111111111111111,Equal weight universe
2024-02,TLT,0.1111111111111111,Equal weight universe
2024-03,TLT,0.1111111111111111,Equal weight universe
2024-04,TLT,0.1111111111111111,Equal weight universe
2024-05,TLT,0.1111111111111111,Equal weight universe
2024-06,TLT,0.1111111111111111,Equal weight universe
2024-07,TLT,0.1111111111111111,Equal weight universe
2024-08,TLT,0.1111111111111111,Equal weight universe
2024-09,TLT,0.1111111111111111,Equal weight universe
2024-10,TLT,0.1111111111111111,Equal weight universe
2024-11,TLT,0.1111111111111111,Equal weight universe
2024-12,TLT,0.1111111111111111,Equal weight universe
2025-01,TLT,0.1111111111111111,Equal weight universe
2025-02,TLT,0.1111111111111111,Equal weight universe
2025-03,TLT,0.1111111111111111,Equal weight universe
2025-04,TLT,0.1111111111111111,Equal weight universe
2025-05,TLT,0.1111111111111111,Equal weight universe
2025-06,TLT,0.1111111111111111,Equal weight universe
2025-07,TLT,0.1111111111111111,Equal weight universe
2025-08,TLT,0.1111111111111111,Equal weight universe
2025-09,TLT,0.1111111111111111,Equal weight universe
2025-10,TLT,0.1111111111111111,Equal weight universe
2025-11,TLT,0.1111111111111111,Equal weight universe
2025-12,TLT,0.1111111111111111,Equal weight universe
2026-01,TLT,0.1111111111111111,Equal weight universe
2026-02,TLT,0.1111111111111111,Equal weight universe
2026-03,TLT,0.1111111111111111,Equal weight universe
2020-01,VNQ,0.1111111111111111,Equal weight universe
2020-02,VNQ,0.1111111111111111,Equal weight universe
2020-03,VNQ,0.1111111111111111,Equal weight universe
2020-04,VNQ,0.1111111111111111,Equal weight universe
2020-05,VNQ,0.1111111111111111,Equal weight universe
2020-06,VNQ,0.1111111111111111,Equal weight universe
2020-07,VNQ,0.1111111111111111,Equal weight universe
2020-08,VNQ,0.1111111111111111,Equal weight universe
2020-09,VNQ,0.1111111111111111,Equal weight universe
2020-10,VNQ,0.1111111111111111,Equal weight universe
2020-11,VNQ,0.1111111111111111,Equal weight universe
2020-12,VNQ,0.1111111111111111,Equal weight universe
2021-01,VNQ,0.1111111111111111,Equal weight universe
2021-02,VNQ,0.1111111111111111,Equal weight universe
2021-03,VNQ,0.1111111111111111,Equal weight universe
2021-04,VNQ,0.1111111111111111,Equal weight universe
2021-05,VNQ,0.1111111111111111,Equal weight universe
2021-06,VNQ,0.1111111111111111,Equal weight universe
2021-07,VNQ,0.1111111111111111,Equal weight universe
2021-08,VNQ,0.1111111111111111,Equal weight universe
2021-09,VNQ,0.1111111111111111,Equal weight universe
2021-10,VNQ,0.1111111111111111,Equal weight universe
2021-11,VNQ,0.1111111111111111,Equal weight universe
2021-12,VNQ,0.1111111111111111,Equal weight universe
2022-01,VNQ,0.1111111111111111,Equal weight universe
2022-02,VNQ,0.1111111111111111,Equal weight universe
2022-03,VNQ,0.1111111111111111,Equal weight universe
2022-04,VNQ,0.1111111111111111,Equal weight universe
2022-05,VNQ,0.1111111111111111,Equal weight universe
2022-06,VNQ,0.1111111111111111,Equal weight universe
2022-07,VNQ,0.1111111111111111,Equal weight universe
2022-08,VNQ,0.1111111111111111,Equal weight universe
2022-09,VNQ,0.1111111111111111,Equal weight universe
2022-10,VNQ,0.1111111111111111,Equal weight universe
2022-11,VNQ,0.1111111111111111,Equal weight universe
2022-12,VNQ,0.1111111111111111,Equal weight universe
2023-01,VNQ,0.1111111111111111,Equal weight universe
2023-02,VNQ,0.1111111111111111,Equal weight universe
2023-03,VNQ,0.1111111111111111,Equal weight universe
2023-04,VNQ,0.1111111111111111,Equal weight universe
2023-05,VNQ,0.1111111111111111,Equal weight universe
2023-06,VNQ,0.1111111111111111,Equal weight universe
2023-07,VNQ,0.1111111111111111,Equal weight universe
2023-08,VNQ,0.1111111111111111,Equal weight universe
2023-09,VNQ,0.1111111111111111,Equal weight universe
2023-10,VNQ,0.1111111111111111,Equal weight universe
2023-11,VNQ,0.1111111111111111,Equal weight universe
2023-12,VNQ,0.1111111111111111,Equal weight universe
2024-01,VNQ,0.1111111111111111,Equal weight universe
2024-02,VNQ,0.1111111111111111,Equal weight universe
2024-03,VNQ,0.1111111111111111,Equal weight universe
2024-04,VNQ,0.1111111111111111,Equal weight universe
2024-05,VNQ,0.1111111111111111,Equal weight universe
2024-06,VNQ,0.1111111111111111,Equal weight universe
2024-07,VNQ,0.1111111111111111,Equal weight universe
2024-08,VNQ,0.1111111111111111,Equal weight universe
2024-09,VNQ,0.1111111111111111,Equal weight universe
2024-10,VNQ,0.1111111111111111,Equal weight universe
2024-11,VNQ,0.1111111111111111,Equal weight universe
2024-12,VNQ,0.1111111111111111,Equal weight universe
2025-01,VNQ,0.1111111111111111,Equal weight universe
2025-02,VNQ,0.1111111111111111,Equal weight universe
2025-03,VNQ,0.1111111111111111,Equal weight universe
2025-04,VNQ,0.1111111111111111,Equal weight universe
2025-05,VNQ,0.1111111111111111,Equal weight universe
2025-06,VNQ,0.1111111111111111,Equal weight universe
2025-07,VNQ,0.1111111111111111,Equal weight universe
2025-08,VNQ,0.1111111111111111,Equal weight universe
2025-09,VNQ,0.1111111111111111,Equal weight universe
2025-10,VNQ,0.1111111111111111,Equal weight universe
2025-11,VNQ,0.1111111111111111,Equal weight universe
2025-12,VNQ,0.1111111111111111,Equal weight universe
2026-01,VNQ,0.1111111111111111,Equal weight universe
2026-02,VNQ,0.1111111111111111,Equal weight universe
2026-03,VNQ,0.1111111111111111,Equal weight universe
2020-01,EEM,0.0,SPY only
2020-02,EEM,0.0,SPY only
2020-03,EEM,0.0,SPY only
2020-04,EEM,0.0,SPY only
2020-05,EEM,0.0,SPY only
2020-06,EEM,0.0,SPY only
2020-07,EEM,0.0,SPY only
2020-08,EEM,0.0,SPY only
2020-09,EEM,0.0,SPY only
2020-10,EEM,0.0,SPY only
2020-11,EEM,0.0,SPY only
2020-12,EEM,0.0,SPY only
2021-01,EEM,0.0,SPY only
2021-02,EEM,0.0,SPY only
2021-03,EEM,0.0,SPY only
2021-04,EEM,0.0,SPY only
2021-05,EEM,0.0,SPY only
2021-06,EEM,0.0,SPY only
2021-07,EEM,0.0,SPY only
2021-08,EEM,0.0,SPY only
2021-09,EEM,0.0,SPY only
2021-10,EEM,0.0,SPY only
2021-11,EEM,0.0,SPY only
2021-12,EEM,0.0,SPY only
2022-01,EEM,0.0,SPY only
2022-02,EEM,0.0,SPY only
2022-03,EEM,0.0,SPY only
2022-04,EEM,0.0,SPY only
2022-05,EEM,0.0,SPY only
2022-06,EEM,0.0,SPY only
2022-07,EEM,0.0,SPY only
2022-08,EEM,0.0,SPY only
2022-09,EEM,0.0,SPY only
2022-10,EEM,0.0,SPY only
2022-11,EEM,0.0,SPY only
2022-12,EEM,0.0,SPY only
2023-01,EEM,0.0,SPY only
2023-02,EEM,0.0,SPY only
2023-03,EEM,0.0,SPY only
2023-04,EEM,0.0,SPY only
2023-05,EEM,0.0,SPY only
2023-06,EEM,0.0,SPY only
2023-07,EEM,0.0,SPY only
2023-08,EEM,0.0,SPY only
2023-09,EEM,0.0,SPY only
2023-10,EEM,0.0,SPY only
2023-11,EEM,0.0,SPY only
2023-12,EEM,0.0,SPY only
2024-01,EEM,0.0,SPY only
2024-02,EEM,0.0,SPY only
2024-03,EEM,0.0,SPY only
2024-04,EEM,0.0,SPY only
2024-05,EEM,0.0,SPY only
2024-06,EEM,0.0,SPY only
2024-07,EEM,0.0,SPY only
2024-08,EEM,0.0,SPY only
2024-09,EEM,0.0,SPY only
2024-10,EEM,0.0,SPY only
2024-11,EEM,0.0,SPY only
2024-12,EEM,0.0,SPY only
2025-01,EEM,0.0,SPY only
2025-02,EEM,0.0,SPY only
2025-03,EEM,0.0,SPY only
2025-04,EEM,0.0,SPY only
2025-05,EEM,0.0,SPY only
2025-06,EEM,0.0,SPY only
2025-07,EEM,0.0,SPY only
2025-08,EEM,0.0,SPY only
2025-09,EEM,0.0,SPY only
2025-10,EEM,0.0,SPY only
2025-11,EEM,0.0,SPY only
2025-12,EEM,0.0,SPY only
2026-01,EEM,0.0,SPY only
2026-02,EEM,0.0,SPY only
2026-03,EEM,0.0,SPY only
2020-01,GLD,0.0,SPY only
2020-02,GLD,0.0,SPY only
2020-03,GLD,0.0,SPY only
2020-04,GLD,0.0,SPY only
2020-05,GLD,0.0,SPY only
2020-06,GLD,0.0,SPY only
2020-07,GLD,0.0,SPY only
2020-08,GLD,0.0,SPY only
2020-09,GLD,0.0,SPY only
2020-10,GLD,0.0,SPY only
2020-11,GLD,0.0,SPY only
2020-12,GLD,0.0,SPY only
2021-01,GLD,0.0,SPY only
2021-02,GLD,0.0,SPY only
2021-03,GLD,0.0,SPY only
2021-04,GLD,0.0,SPY only
2021-05,GLD,0.0,SPY only
2021-06,GLD,0.0,SPY only
2021-07,GLD,0.0,SPY only
2021-08,GLD,0.0,SPY only
2021-09,GLD,0.0,SPY only
2021-10,GLD,0.0,SPY only
2021-11,GLD,0.0,SPY only
2021-12,GLD,0.0,SPY only
2022-01,GLD,0.0,SPY only
2022-02,GLD,0.0,SPY only
2022-03,GLD,0.0,SPY only
2022-04,GLD,0.0,SPY only
2022-05,GLD,0.0,SPY only
2022-06,GLD,0.0,SPY only
2022-07,GLD,0.0,SPY only
2022-08,GLD,0.0,SPY only
2022-09,GLD,0.0,SPY only
2022-10,GLD,0.0,SPY only
2022-11,GLD,0.0,SPY only
2022-12,GLD,0.0,SPY only
2023-01,GLD,0.0,SPY only
2023-02,GLD,0.0,SPY only
2023-03,GLD,0.0,SPY only
2023-04,GLD,0.0,SPY only
2023-05,GLD,0.0,SPY only
2023-06,GLD,0.0,SPY only
2023-07,GLD,0.0,SPY only
2023-08,GLD,0.0,SPY only
2023-09,GLD,0.0,SPY only
2023-10,GLD,0.0,SPY only
2023-11,GLD,0.0,SPY only
2023-12,GLD,0.0,SPY only
2024-01,GLD,0.0,SPY only
2024-02,GLD,0.0,SPY only
2024-03,GLD,0.0,SPY only
2024-04,GLD,0.0,SPY only
2024-05,GLD,0.0,SPY only
2024-06,GLD,0.0,SPY only
2024-07,GLD,0.0,SPY only
2024-08,GLD,0.0,SPY only
2024-09,GLD,0.0,SPY only
2024-10,GLD,0.0,SPY only
2024-11,GLD,0.0,SPY only
2024-12,GLD,0.0,SPY only
2025-01,GLD,0.0,SPY only
2025-02,GLD,0.0,SPY only
2025-03,GLD,0.0,SPY only
2025-04,GLD,0.0,SPY only
2025-05,GLD,0.0,SPY only
2025-06,GLD,0.0,SPY only
2025-07,GLD,0.0,SPY only
2025-08,GLD,0.0,SPY only
2025-09,GLD,0.0,SPY only
2025-10,GLD,0.0,SPY only
2025-11,GLD,0.0,SPY only
2025-12,GLD,0.0,SPY only
2026-01,GLD,0.0,SPY only
2026-02,GLD,0.0,SPY only
2026-03,GLD,0.0,SPY only
2020-01,HYG,0.0,SPY only
2020-02,HYG,0.0,SPY only
2020-03,HYG,0.0,SPY only
2020-04,HYG,0.0,SPY only
2020-05,HYG,0.0,SPY only
2020-06,HYG,0.0,SPY only
2020-07,HYG,0.0,SPY only
2020-08,HYG,0.0,SPY only
2020-09,HYG,0.0,SPY only
2020-10,HYG,0.0,SPY only
2020-11,HYG,0.0,SPY only
2020-12,HYG,0.0,SPY only
2021-01,HYG,0.0,SPY only
2021-02,HYG,0.0,SPY only
2021-03,HYG,0.0,SPY only
2021-04,HYG,0.0,SPY only
2021-05,HYG,0.0,SPY only
2021-06,HYG,0.0,SPY only
2021-07,HYG,0.0,SPY only
2021-08,HYG,0.0,SPY only
2021-09,HYG,0.0,SPY only
2021-10,HYG,0.0,SPY only
2021-11,HYG,0.0,SPY only
2021-12,HYG,0.0,SPY only
2022-01,HYG,0.0,SPY only
2022-02,HYG,0.0,SPY only
2022-03,HYG,0.0,SPY only
2022-04,HYG,0.0,SPY only
2022-05,HYG,0.0,SPY only
2022-06,HYG,0.0,SPY only
2022-07,HYG,0.0,SPY only
2022-08,HYG,0.0,SPY only
2022-09,HYG,0.0,SPY only
2022-10,HYG,0.0,SPY only
2022-11,HYG,0.0,SPY only
2022-12,HYG,0.0,SPY only
2023-01,HYG,0.0,SPY only
2023-02,HYG,0.0,SPY only
2023-03,HYG,0.0,SPY only
2023-04,HYG,0.0,SPY only
2023-05,HYG,0.0,SPY only
2023-06,HYG,0.0,SPY only
2023-07,HYG,0.0,SPY only
2023-08,HYG,0.0,SPY only
2023-09,HYG,0.0,SPY only
2023-10,HYG,0.0,SPY only
2023-11,HYG,0.0,SPY only
2023-12,HYG,0.0,SPY only
2024-01,HYG,0.0,SPY only
2024-02,HYG,0.0,SPY only
2024-03,HYG,0.0,SPY only
2024-04,HYG,0.0,SPY only
2024-05,HYG,0.0,SPY only
2024-06,HYG,0.0,SPY only
2024-07,HYG,0.0,SPY only
2024-08,HYG,0.0,SPY only
2024-09,HYG,0.0,SPY only
2024-10,HYG,0.0,SPY only
2024-11,HYG,0.0,SPY only
2024-12,HYG,0.0,SPY only
2025-01,HYG,0.0,SPY only
2025-02,HYG,0.0,SPY only
2025-03,HYG,0.0,SPY only
2025-04,HYG,0.0,SPY only
2025-05,HYG,0.0,SPY only
2025-06,HYG,0.0,SPY only
2025-07,HYG,0.0,SPY only
2025-08,HYG,0.0,SPY only
2025-09,HYG,0.0,SPY only
2025-10,HYG,0.0,SPY only
2025-11,HYG,0.0,SPY only
2025-12,HYG,0.0,SPY only
2026-01,HYG,0.0,SPY only
2026-02,HYG,0.0,SPY only
2026-03,HYG,0.0,SPY only
2020-01,IEF,0.0,SPY only
2020-02,IEF,0.0,SPY only
2020-03,IEF,0.0,SPY only
2020-04,IEF,0.0,SPY only
2020-05,IEF,0.0,SPY only
2020-06,IEF,0.0,SPY only
2020-07,IEF,0.0,SPY only
2020-08,IEF,0.0,SPY only
2020-09,IEF,0.0,SPY only
2020-10,IEF,0.0,SPY only
2020-11,IEF,0.0,SPY only
2020-12,IEF,0.0,SPY only
2021-01,IEF,0.0,SPY only
2021-02,IEF,0.0,SPY only
2021-03,IEF,0.0,SPY only
2021-04,IEF,0.0,SPY only
2021-05,IEF,0.0,SPY only
2021-06,IEF,0.0,SPY only
2021-07,IEF,0.0,SPY only
2021-08,IEF,0.0,SPY only
2021-09,IEF,0.0,SPY only
2021-10,IEF,0.0,SPY only
2021-11,IEF,0.0,SPY only
2021-12,IEF,0.0,SPY only
2022-01,IEF,0.0,SPY only
2022-02,IEF,0.0,SPY only
2022-03,IEF,0.0,SPY only
2022-04,IEF,0.0,SPY only
2022-05,IEF,0.0,SPY only
2022-06,IEF,0.0,SPY only
2022-07,IEF,0.0,SPY only
2022-08,IEF,0.0,SPY only
2022-09,IEF,0.0,SPY only
2022-10,IEF,0.0,SPY only
2022-11,IEF,0.0,SPY only
2022-12,IEF,0.0,SPY only
2023-01,IEF,0.0,SPY only
2023-02,IEF,0.0,SPY only
2023-03,IEF,0.0,SPY only
2023-04,IEF,0.0,SPY only
2023-05,IEF,0.0,SPY only
2023-06,IEF,0.0,SPY only
2023-07,IEF,0.0,SPY only
2023-08,IEF,0.0,SPY only
2023-09,IEF,0.0,SPY only
2023-10,IEF,0.0,SPY only
2023-11,IEF,0.0,SPY only
2023-12,IEF,0.0,SPY only
2024-01,IEF,0.0,SPY only
2024-02,IEF,0.0,SPY only
2024-03,IEF,0.0,SPY only
2024-04,IEF,0.0,SPY only
2024-05,IEF,0.0,SPY only
2024-06,IEF,0.0,SPY only
2024-07,IEF,0.0,SPY only
2024-08,IEF,0.0,SPY only
2024-09,IEF,0.0,SPY only
2024-10,IEF,0.0,SPY only
2024-11,IEF,0.0,SPY only
2024-12,IEF,0.0,SPY only
2025-01,IEF,0.0,SPY only
2025-02,IEF,0.0,SPY only
2025-03,IEF,0.0,SPY only
2025-04,IEF,0.0,SPY only
2025-05,IEF,0.0,SPY only
2025-06,IEF,0.0,SPY only
2025-07,IEF,0.0,SPY only
2025-08,IEF,0.0,SPY only
2025-09,IEF,0.0,SPY only
2025-10,IEF,0.0,SPY only
2025-11,IEF,0.0,SPY only
2025-12,IEF,0.0,SPY only
2026-01,IEF,0.0,SPY only
2026-02,IEF,0.0,SPY only
2026-03,IEF,0.0,SPY only
2020-01,IWM,0.0,SPY only
2020-02,IWM,0.0,SPY only
2020-03,IWM,0.0,SPY only
2020-04,IWM,0.0,SPY only
2020-05,IWM,0.0,SPY only
2020-06,IWM,0.0,SPY only
2020-07,IWM,0.0,SPY only
2020-08,IWM,0.0,SPY only
2020-09,IWM,0.0,SPY only
2020-10,IWM,0.0,SPY only
2020-11,IWM,0.0,SPY only
2020-12,IWM,0.0,SPY only
2021-01,IWM,0.0,SPY only
2021-02,IWM,0.0,SPY only
2021-03,IWM,0.0,SPY only
2021-04,IWM,0.0,SPY only
2021-05,IWM,0.0,SPY only
2021-06,IWM,0.0,SPY only
2021-07,IWM,0.0,SPY only
2021-08,IWM,0.0,SPY only
2021-09,IWM,0.0,SPY only
2021-10,IWM,0.0,SPY only
2021-11,IWM,0.0,SPY only
2021-12,IWM,0.0,SPY only
2022-01,IWM,0.0,SPY only
2022-02,IWM,0.0,SPY only
2022-03,IWM,0.0,SPY only
2022-04,IWM,0.0,SPY only
2022-05,IWM,0.0,SPY only
2022-06,IWM,0.0,SPY only
2022-07,IWM,0.0,SPY only
2022-08,IWM,0.0,SPY only
2022-09,IWM,0.0,SPY only
2022-10,IWM,0.0,SPY only
2022-11,IWM,0.0,SPY only
2022-12,IWM,0.0,SPY only
2023-01,IWM,0.0,SPY only
2023-02,IWM,0.0,SPY only
2023-03,IWM,0.0,SPY only
2023-04,IWM,0.0,SPY only
2023-05,IWM,0.0,SPY only
2023-06,IWM,0.0,SPY only
2023-07,IWM,0.0,SPY only
2023-08,IWM,0.0,SPY only
2023-09,IWM,0.0,SPY only
2023-10,IWM,0.0,SPY only
2023-11,IWM,0.0,SPY only
2023-12,IWM,0.0,SPY only
2024-01,IWM,0.0,SPY only
2024-02,IWM,0.0,SPY only
2024-03,IWM,0.0,SPY only
2024-04,IWM,0.0,SPY only
2024-05,IWM,0.0,SPY only
2024-06,IWM,0.0,SPY only
2024-07,IWM,0.0,SPY only
2024-08,IWM,0.0,SPY only
2024-09,IWM,0.0,SPY only
2024-10,IWM,0.0,SPY only
2024-11,IWM,0.0,SPY only
2024-12,IWM,0.0,SPY only
2025-01,IWM,0.0,SPY only
2025-02,IWM,0.0,SPY only
2025-03,IWM,0.0,SPY only
2025-04,IWM,0.0,SPY only
2025-05,IWM,0.0,SPY only
2025-06,IWM,0.0,SPY only
2025-07,IWM,0.0,SPY only
2025-08,IWM,0.0,SPY only
2025-09,IWM,0.0,SPY only
2025-10,IWM,0.0,SPY only
2025-11,IWM,0.0,SPY only
2025-12,IWM,0.0,SPY only
2026-01,IWM,0.0,SPY only
2026-02,IWM,0.0,SPY only
2026-03,IWM,0.0,SPY only
2020-01,QQQ,0.0,SPY only
2020-02,QQQ,0.0,SPY only
2020-03,QQQ,0.0,SPY only
2020-04,QQQ,0.0,SPY only
2020-05,QQQ,0.0,SPY only
2020-06,QQQ,0.0,SPY only
2020-07,QQQ,0.0,SPY only
2020-08,QQQ,0.0,SPY only
2020-09,QQQ,0.0,SPY only
2020-10,QQQ,0.0,SPY only
2020-11,QQQ,0.0,SPY only
2020-12,QQQ,0.0,SPY only
2021-01,QQQ,0.0,SPY only
2021-02,QQQ,0.0,SPY only
2021-03,QQQ,0.0,SPY only
2021-04,QQQ,0.0,SPY only
2021-05,QQQ,0.0,SPY only
2021-06,QQQ,0.0,SPY only
2021-07,QQQ,0.0,SPY only
2021-08,QQQ,0.0,SPY only
2021-09,QQQ,0.0,SPY only
2021-10,QQQ,0.0,SPY only
2021-11,QQQ,0.0,SPY only
2021-12,QQQ,0.0,SPY only
2022-01,QQQ,0.0,SPY only
2022-02,QQQ,0.0,SPY only
2022-03,QQQ,0.0,SPY only
2022-04,QQQ,0.0,SPY only
2022-05,QQQ,0.0,SPY only
2022-06,QQQ,0.0,SPY only
2022-07,QQQ,0.0,SPY only
2022-08,QQQ,0.0,SPY only
2022-09,QQQ,0.0,SPY only
2022-10,QQQ,0.0,SPY only
2022-11,QQQ,0.0,SPY only
2022-12,QQQ,0.0,SPY only
2023-01,QQQ,0.0,SPY only
2023-02,QQQ,0.0,SPY only
2023-03,QQQ,0.0,SPY only
2023-04,QQQ,0.0,SPY only
2023-05,QQQ,0.0,SPY only
2023-06,QQQ,0.0,SPY only
2023-07,QQQ,0.0,SPY only
2023-08,QQQ,0.0,SPY only
2023-09,QQQ,0.0,SPY only
2023-10,QQQ,0.0,SPY only
2023-11,QQQ,0.0,SPY only
2023-12,QQQ,0.0,SPY only
2024-01,QQQ,0.0,SPY only
2024-02,QQQ,0.0,SPY only
2024-03,QQQ,0.0,SPY only
2024-04,QQQ,0.0,SPY only
2024-05,QQQ,0.0,SPY only
2024-06,QQQ,0.0,SPY only
2024-07,QQQ,0.0,SPY only
2024-08,QQQ,0.0,SPY only
2024-09,QQQ,0.0,SPY only
2024-10,QQQ,0.0,SPY only
2024-11,QQQ,0.0,SPY only
2024-12,QQQ,0.0,SPY only
2025-01,QQQ,0.0,SPY only
2025-02,QQQ,0.0,SPY only
2025-03,QQQ,0.0,SPY only
2025-04,QQQ,0.0,SPY only
2025-05,QQQ,0.0,SPY only
2025-06,QQQ,0.0,SPY only
2025-07,QQQ,0.0,SPY only
2025-08,QQQ,0.0,SPY only
2025-09,QQQ,0.0,SPY only
2025-10,QQQ,0.0,SPY only
2025-11,QQQ,0.0,SPY only
2025-12,QQQ,0.0,SPY only
2026-01,QQQ,0.0,SPY only
2026-02,QQQ,0.0,SPY only
2026-03,QQQ,0.0,SPY only
2020-01,SPY,1.0,SPY only
2020-02,SPY,1.0,SPY only
2020-03,SPY,1.0,SPY only
2020-04,SPY,1.0,SPY only
2020-05,SPY,1.0,SPY only
2020-06,SPY,1.0,SPY only
2020-07,SPY,1.0,SPY only
2020-08,SPY,1.0,SPY only
2020-09,SPY,1.0,SPY only
2020-10,SPY,1.0,SPY only
2020-11,SPY,1.0,SPY only
2020-12,SPY,1.0,SPY only
2021-01,SPY,1.0,SPY only
2021-02,SPY,1.0,SPY only
2021-03,SPY,1.0,SPY only
2021-04,SPY,1.0,SPY only
2021-05,SPY,1.0,SPY only
2021-06,SPY,1.0,SPY only
2021-07,SPY,1.0,SPY only
2021-08,SPY,1.0,SPY only
2021-09,SPY,1.0,SPY only
2021-10,SPY,1.0,SPY only
2021-11,SPY,1.0,SPY only
2021-12,SPY,1.0,SPY only
2022-01,SPY,1.0,SPY only
2022-02,SPY,1.0,SPY only
2022-03,SPY,1.0,SPY only
2022-04,SPY,1.0,SPY only
2022-05,SPY,1.0,SPY only
2022-06,SPY,1.0,SPY only
2022-07,SPY,1.0,SPY only
2022-08,SPY,1.0,SPY only
2022-09,SPY,1.0,SPY only
2022-10,SPY,1.0,SPY only
2022-11,SPY,1.0,SPY only
2022-12,SPY,1.0,SPY only
2023-01,SPY,1.0,SPY only
2023-02,SPY,1.0,SPY only
2023-03,SPY,1.0,SPY only
2023-04,SPY,1.0,SPY only
2023-05,SPY,1.0,SPY only
2023-06,SPY,1.0,SPY only
2023-07,SPY,1.0,SPY only
2023-08,SPY,1.0,SPY only
2023-09,SPY,1.0,SPY only
2023-10,SPY,1.0,SPY only
2023-11,SPY,1.0,SPY only
2023-12,SPY,1.0,SPY only
2024-01,SPY,1.0,SPY only
2024-02,SPY,1.0,SPY only
2024-03,SPY,1.0,SPY only
2024-04,SPY,1.0,SPY only
2024-05,SPY,1.0,SPY only
2024-06,SPY,1.0,SPY only
2024-07,SPY,1.0,SPY only
2024-08,SPY,1.0,SPY only
2024-09,SPY,1.0,SPY only
2024-10,SPY,1.0,SPY only
2024-11,SPY,1.0,SPY only
2024-12,SPY,1.0,SPY only
2025-01,SPY,1.0,SPY only
2025-02,SPY,1.0,SPY only
2025-03,SPY,1.0,SPY only
2025-04,SPY,1.0,SPY only
2025-05,SPY,1.0,SPY only
2025-06,SPY,1.0,SPY only
2025-07,SPY,1.0,SPY only
2025-08,SPY,1.0,SPY only
2025-09,SPY,1.0,SPY only
2025-10,SPY,1.0,SPY only
2025-11,SPY,1.0,SPY only
2025-12,SPY,1.0,SPY only
2026-01,SPY,1.0,SPY only
2026-02,SPY,1.0,SPY only
2026-03,SPY,1.0,SPY only
2020-01,TLT,0.0,SPY only
2020-02,TLT,0.0,SPY only
2020-03,TLT,0.0,SPY only
2020-04,TLT,0.0,SPY only
2020-05,TLT,0.0,SPY only
2020-06,TLT,0.0,SPY only
2020-07,TLT,0.0,SPY only
2020-08,TLT,0.0,SPY only
2020-09,TLT,0.0,SPY only
2020-10,TLT,0.0,SPY only
2020-11,TLT,0.0,SPY only
2020-12,TLT,0.0,SPY only
2021-01,TLT,0.0,SPY only
2021-02,TLT,0.0,SPY only
2021-03,TLT,0.0,SPY only
2021-04,TLT,0.0,SPY only
2021-05,TLT,0.0,SPY only
2021-06,TLT,0.0,SPY only
2021-07,TLT,0.0,SPY only
2021-08,TLT,0.0,SPY only
2021-09,TLT,0.0,SPY only
2021-10,TLT,0.0,SPY only
2021-11,TLT,0.0,SPY only
2021-12,TLT,0.0,SPY only
2022-01,TLT,0.0,SPY only
2022-02,TLT,0.0,SPY only
2022-03,TLT,0.0,SPY only
2022-04,TLT,0.0,SPY only
2022-05,TLT,0.0,SPY only
2022-06,TLT,0.0,SPY only
2022-07,TLT,0.0,SPY only
2022-08,TLT,0.0,SPY only
2022-09,TLT,0.0,SPY only
2022-10,TLT,0.0,SPY only
2022-11,TLT,0.0,SPY only
2022-12,TLT,0.0,SPY only
2023-01,TLT,0.0,SPY only
2023-02,TLT,0.0,SPY only
2023-03,TLT,0.0,SPY only
2023-04,TLT,0.0,SPY only
2023-05,TLT,0.0,SPY only
2023-06,TLT,0.0,SPY only
2023-07,TLT,0.0,SPY only
2023-08,TLT,0.0,SPY only
2023-09,TLT,0.0,SPY only
2023-10,TLT,0.0,SPY only
2023-11,TLT,0.0,SPY only
2023-12,TLT,0.0,SPY only
2024-01,TLT,0.0,SPY only
2024-02,TLT,0.0,SPY only
2024-03,TLT,0.0,SPY only
2024-04,TLT,0.0,SPY only
2024-05,TLT,0.0,SPY only
2024-06,TLT,0.0,SPY only
2024-07,TLT,0.0,SPY only
2024-08,TLT,0.0,SPY only
2024-09,TLT,0.0,SPY only
2024-10,TLT,0.0,SPY only
2024-11,TLT,0.0,SPY only
2024-12,TLT,0.0,SPY only
2025-01,TLT,0.0,SPY only
2025-02,TLT,0.0,SPY only
2025-03,TLT,0.0,SPY only
2025-04,TLT,0.0,SPY only
2025-05,TLT,0.0,SPY only
2025-06,TLT,0.0,SPY only
2025-07,TLT,0.0,SPY only
2025-08,TLT,0.0,SPY only
2025-09,TLT,0.0,SPY only
2025-10,TLT,0.0,SPY only
2025-11,TLT,0.0,SPY only
2025-12,TLT,0.0,SPY only
2026-01,TLT,0.0,SPY only
2026-02,TLT,0.0,SPY only
2026-03,TLT,0.0,SPY only
2020-01,VNQ,0.0,SPY only
2020-02,VNQ,0.0,SPY only
2020-03,VNQ,0.0,SPY only
2020-04,VNQ,0.0,SPY only
2020-05,VNQ,0.0,SPY only
2020-06,VNQ,0.0,SPY only
2020-07,VNQ,0.0,SPY only
2020-08,VNQ,0.0,SPY only
2020-09,VNQ,0.0,SPY only
2020-10,VNQ,0.0,SPY only
2020-11,VNQ,0.0,SPY only
2020-12,VNQ,0.0,SPY only
2021-01,VNQ,0.0,SPY only
2021-02,VNQ,0.0,SPY only
2021-03,VNQ,0.0,SPY only
2021-04,VNQ,0.0,SPY only
2021-05,VNQ,0.0,SPY only
2021-06,VNQ,0.0,SPY only
2021-07,VNQ,0.0,SPY only
2021-08,VNQ,0.0,SPY only
2021-09,VNQ,0.0,SPY only
2021-10,VNQ,0.0,SPY only
2021-11,VNQ,0.0,SPY only
2021-12,VNQ,0.0,SPY only
2022-01,VNQ,0.0,SPY only
2022-02,VNQ,0.0,SPY only
2022-03,VNQ,0.0,SPY only
2022-04,VNQ,0.0,SPY only
2022-05,VNQ,0.0,SPY only
2022-06,VNQ,0.0,SPY only
2022-07,VNQ,0.0,SPY only
2022-08,VNQ,0.0,SPY only
2022-09,VNQ,0.0,SPY only
2022-10,VNQ,0.0,SPY only
2022-11,VNQ,0.0,SPY only
2022-12,VNQ,0.0,SPY only
2023-01,VNQ,0.0,SPY only
2023-02,VNQ,0.0,SPY only
2023-03,VNQ,0.0,SPY only
2023-04,VNQ,0.0,SPY only
2023-05,VNQ,0.0,SPY only
2023-06,VNQ,0.0,SPY only
2023-07,VNQ,0.0,SPY only
2023-08,VNQ,0.0,SPY only
2023-09,VNQ,0.0,SPY only
2023-10,VNQ,0.0,SPY only
2023-11,VNQ,0.0,SPY only
2023-12,VNQ,0.0,SPY only
2024-01,VNQ,0.0,SPY only
2024-02,VNQ,0.0,SPY only
2024-03,VNQ,0.0,SPY only
2024-04,VNQ,0.0,SPY only
2024-05,VNQ,0.0,SPY only
2024-06,VNQ,0.0,SPY only
2024-07,VNQ,0.0,SPY only
2024-08,VNQ,0.0,SPY only
2024-09,VNQ,0.0,SPY only
2024-10,VNQ,0.0,SPY only
2024-11,VNQ,0.0,SPY only
2024-12,VNQ,0.0,SPY only
2025-01,VNQ,0.0,SPY only
2025-02,VNQ,0.0,SPY only
2025-03,VNQ,0.0,SPY only
2025-04,VNQ,0.0,SPY only
2025-05,VNQ,0.0,SPY only
2025-06,VNQ,0.0,SPY only
2025-07,VNQ,0.0,SPY only
2025-08,VNQ,0.0,SPY only
2025-09,VNQ,0.0,SPY only
2025-10,VNQ,0.0,SPY only
2025-11,VNQ,0.0,SPY only
2025-12,VNQ,0.0,SPY only
2026-01,VNQ,0.0,SPY only
2026-02,VNQ,0.0,SPY only
2026-03,VNQ,0.0,SPY only
2020-01,EEM,0.0,60/40 SPY/TLT
2020-02,EEM,0.0,60/40 SPY/TLT
2020-03,EEM,0.0,60/40 SPY/TLT
2020-04,EEM,0.0,60/40 SPY/TLT
2020-05,EEM,0.0,60/40 SPY/TLT
2020-06,EEM,0.0,60/40 SPY/TLT
2020-07,EEM,0.0,60/40 SPY/TLT
2020-08,EEM,0.0,60/40 SPY/TLT
2020-09,EEM,0.0,60/40 SPY/TLT
2020-10,EEM,0.0,60/40 SPY/TLT
2020-11,EEM,0.0,60/40 SPY/TLT
2020-12,EEM,0.0,60/40 SPY/TLT
2021-01,EEM,0.0,60/40 SPY/TLT
2021-02,EEM,0.0,60/40 SPY/TLT
2021-03,EEM,0.0,60/40 SPY/TLT
2021-04,EEM,0.0,60/40 SPY/TLT
2021-05,EEM,0.0,60/40 SPY/TLT
2021-06,EEM,0.0,60/40 SPY/TLT
2021-07,EEM,0.0,60/40 SPY/TLT
2021-08,EEM,0.0,60/40 SPY/TLT
2021-09,EEM,0.0,60/40 SPY/TLT
2021-10,EEM,0.0,60/40 SPY/TLT
2021-11,EEM,0.0,60/40 SPY/TLT
2021-12,EEM,0.0,60/40 SPY/TLT
2022-01,EEM,0.0,60/40 SPY/TLT
2022-02,EEM,0.0,60/40 SPY/TLT
2022-03,EEM,0.0,60/40 SPY/TLT
2022-04,EEM,0.0,60/40 SPY/TLT
2022-05,EEM,0.0,60/40 SPY/TLT
2022-06,EEM,0.0,60/40 SPY/TLT
2022-07,EEM,0.0,60/40 SPY/TLT
2022-08,EEM,0.0,60/40 SPY/TLT
2022-09,EEM,0.0,60/40 SPY/TLT
2022-10,EEM,0.0,60/40 SPY/TLT
2022-11,EEM,0.0,60/40 SPY/TLT
2022-12,EEM,0.0,60/40 SPY/TLT
2023-01,EEM,0.0,60/40 SPY/TLT
2023-02,EEM,0.0,60/40 SPY/TLT
2023-03,EEM,0.0,60/40 SPY/TLT
2023-04,EEM,0.0,60/40 SPY/TLT
2023-05,EEM,0.0,60/40 SPY/TLT
2023-06,EEM,0.0,60/40 SPY/TLT
2023-07,EEM,0.0,60/40 SPY/TLT
2023-08,EEM,0.0,60/40 SPY/TLT
2023-09,EEM,0.0,60/40 SPY/TLT
2023-10,EEM,0.0,60/40 SPY/TLT
2023-11,EEM,0.0,60/40 SPY/TLT
2023-12,EEM,0.0,60/40 SPY/TLT
2024-01,EEM,0.0,60/40 SPY/TLT
2024-02,EEM,0.0,60/40 SPY/TLT
2024-03,EEM,0.0,60/40 SPY/TLT
2024-04,EEM,0.0,60/40 SPY/TLT
2024-05,EEM,0.0,60/40 SPY/TLT
2024-06,EEM,0.0,60/40 SPY/TLT
2024-07,EEM,0.0,60/40 SPY/TLT
2024-08,EEM,0.0,60/40 SPY/TLT
2024-09,EEM,0.0,60/40 SPY/TLT
2024-10,EEM,0.0,60/40 SPY/TLT
2024-11,EEM,0.0,60/40 SPY/TLT
2024-12,EEM,0.0,60/40 SPY/TLT
2025-01,EEM,0.0,60/40 SPY/TLT
2025-02,EEM,0.0,60/40 SPY/TLT
2025-03,EEM,0.0,60/40 SPY/TLT
2025-04,EEM,0.0,60/40 SPY/TLT
2025-05,EEM,0.0,60/40 SPY/TLT
2025-06,EEM,0.0,60/40 SPY/TLT
2025-07,EEM,0.0,60/40 SPY/TLT
2025-08,EEM,0.0,60/40 SPY/TLT
2025-09,EEM,0.0,60/40 SPY/TLT
2025-10,EEM,0.0,60/40 SPY/TLT
2025-11,EEM,0.0,60/40 SPY/TLT
2025-12,EEM,0.0,60/40 SPY/TLT
2026-01,EEM,0.0,60/40 SPY/TLT
2026-02,EEM,0.0,60/40 SPY/TLT
2026-03,EEM,0.0,60/40 SPY/TLT
2020-01,GLD,0.0,60/40 SPY/TLT
2020-02,GLD,0.0,60/40 SPY/TLT
2020-03,GLD,0.0,60/40 SPY/TLT
2020-04,GLD,0.0,60/40 SPY/TLT
2020-05,GLD,0.0,60/40 SPY/TLT
2020-06,GLD,0.0,60/40 SPY/TLT
2020-07,GLD,0.0,60/40 SPY/TLT
2020-08,GLD,0.0,60/40 SPY/TLT
2020-09,GLD,0.0,60/40 SPY/TLT
2020-10,GLD,0.0,60/40 SPY/TLT
2020-11,GLD,0.0,60/40 SPY/TLT
2020-12,GLD,0.0,60/40 SPY/TLT
2021-01,GLD,0.0,60/40 SPY/TLT
2021-02,GLD,0.0,60/40 SPY/TLT
2021-03,GLD,0.0,60/40 SPY/TLT
2021-04,GLD,0.0,60/40 SPY/TLT
2021-05,GLD,0.0,60/40 SPY/TLT
2021-06,GLD,0.0,60/40 SPY/TLT
2021-07,GLD,0.0,60/40 SPY/TLT
2021-08,GLD,0.0,60/40 SPY/TLT
2021-09,GLD,0.0,60/40 SPY/TLT
2021-10,GLD,0.0,60/40 SPY/TLT
2021-11,GLD,0.0,60/40 SPY/TLT
2021-12,GLD,0.0,60/40 SPY/TLT
2022-01,GLD,0.0,60/40 SPY/TLT
2022-02,GLD,0.0,60/40 SPY/TLT
2022-03,GLD,0.0,60/40 SPY/TLT
2022-04,GLD,0.0,60/40 SPY/TLT
2022-05,GLD,0.0,60/40 SPY/TLT
2022-06,GLD,0.0,60/40 SPY/TLT
2022-07,GLD,0.0,60/40 SPY/TLT
2022-08,GLD,0.0,60/40 SPY/TLT
2022-09,GLD,0.0,60/40 SPY/TLT
2022-10,GLD,0.0,60/40 SPY/TLT
2022-11,GLD,0.0,60/40 SPY/TLT
2022-12,GLD,0.0,60/40 SPY/TLT
2023-01,GLD,0.0,60/40 SPY/TLT
2023-02,GLD,0.0,60/40 SPY/TLT
2023-03,GLD,0.0,60/40 SPY/TLT
2023-04,GLD,0.0,60/40 SPY/TLT
2023-05,GLD,0.0,60/40 SPY/TLT
2023-06,GLD,0.0,60/40 SPY/TLT
2023-07,GLD,0.0,60/40 SPY/TLT
2023-08,GLD,0.0,60/40 SPY/TLT
2023-09,GLD,0.0,60/40 SPY/TLT
2023-10,GLD,0.0,60/40 SPY/TLT
2023-11,GLD,0.0,60/40 SPY/TLT
2023-12,GLD,0.0,60/40 SPY/TLT
2024-01,GLD,0.0,60/40 SPY/TLT
2024-02,GLD,0.0,60/40 SPY/TLT
2024-03,GLD,0.0,60/40 SPY/TLT
2024-04,GLD,0.0,60/40 SPY/TLT
2024-05,GLD,0.0,60/40 SPY/TLT
2024-06,GLD,0.0,60/40 SPY/TLT
2024-07,GLD,0.0,60/40 SPY/TLT
2024-08,GLD,0.0,60/40 SPY/TLT
2024-09,GLD,0.0,60/40 SPY/TLT
2024-10,GLD,0.0,60/40 SPY/TLT
2024-11,GLD,0.0,60/40 SPY/TLT
2024-12,GLD,0.0,60/40 SPY/TLT
2025-01,GLD,0.0,60/40 SPY/TLT
2025-02,GLD,0.0,60/40 SPY/TLT
2025-03,GLD,0.0,60/40 SPY/TLT
2025-04,GLD,0.0,60/40 SPY/TLT
2025-05,GLD,0.0,60/40 SPY/TLT
2025-06,GLD,0.0,60/40 SPY/TLT
2025-07,GLD,0.0,60/40 SPY/TLT
2025-08,GLD,0.0,60/40 SPY/TLT
2025-09,GLD,0.0,60/40 SPY/TLT
2025-10,GLD,0.0,60/40 SPY/TLT
2025-11,GLD,0.0,60/40 SPY/TLT
2025-12,GLD,0.0,60/40 SPY/TLT
2026-01,GLD,0.0,60/40 SPY/TLT
2026-02,GLD,0.0,60/40 SPY/TLT
2026-03,GLD,0.0,60/40 SPY/TLT
2020-01,HYG,0.0,60/40 SPY/TLT
2020-02,HYG,0.0,60/40 SPY/TLT
2020-03,HYG,0.0,60/40 SPY/TLT
2020-04,HYG,0.0,60/40 SPY/TLT
2020-05,HYG,0.0,60/40 SPY/TLT
2020-06,HYG,0.0,60/40 SPY/TLT
2020-07,HYG,0.0,60/40 SPY/TLT
2020-08,HYG,0.0,60/40 SPY/TLT
2020-09,HYG,0.0,60/40 SPY/TLT
2020-10,HYG,0.0,60/40 SPY/TLT
2020-11,HYG,0.0,60/40 SPY/TLT
2020-12,HYG,0.0,60/40 SPY/TLT
2021-01,HYG,0.0,60/40 SPY/TLT
2021-02,HYG,0.0,60/40 SPY/TLT
2021-03,HYG,0.0,60/40 SPY/TLT
2021-04,HYG,0.0,60/40 SPY/TLT
2021-05,HYG,0.0,60/40 SPY/TLT
2021-06,HYG,0.0,60/40 SPY/TLT
2021-07,HYG,0.0,60/40 SPY/TLT
2021-08,HYG,0.0,60/40 SPY/TLT
2021-09,HYG,0.0,60/40 SPY/TLT
2021-10,HYG,0.0,60/40 SPY/TLT
2021-11,HYG,0.0,60/40 SPY/TLT
2021-12,HYG,0.0,60/40 SPY/TLT
2022-01,HYG,0.0,60/40 SPY/TLT
2022-02,HYG,0.0,60/40 SPY/TLT
2022-03,HYG,0.0,60/40 SPY/TLT
2022-04,HYG,0.0,60/40 SPY/TLT
2022-05,HYG,0.0,60/40 SPY/TLT
2022-06,HYG,0.0,60/40 SPY/TLT
2022-07,HYG,0.0,60/40 SPY/TLT
2022-08,HYG,0.0,60/40 SPY/TLT
2022-09,HYG,0.0,60/40 SPY/TLT
2022-10,HYG,0.0,60/40 SPY/TLT
2022-11,HYG,0.0,60/40 SPY/TLT
2022-12,HYG,0.0,60/40 SPY/TLT
2023-01,HYG,0.0,60/40 SPY/TLT
2023-02,HYG,0.0,60/40 SPY/TLT
2023-03,HYG,0.0,60/40 SPY/TLT
2023-04,HYG,0.0,60/40 SPY/TLT
2023-05,HYG,0.0,60/40 SPY/TLT
2023-06,HYG,0.0,60/40 SPY/TLT
2023-07,HYG,0.0,60/40 SPY/TLT
2023-08,HYG,0.0,60/40 SPY/TLT
2023-09,HYG,0.0,60/40 SPY/TLT
2023-10,HYG,0.0,60/40 SPY/TLT
2023-11,HYG,0.0,60/40 SPY/TLT
2023-12,HYG,0.0,60/40 SPY/TLT
2024-01,HYG,0.0,60/40 SPY/TLT
2024-02,HYG,0.0,60/40 SPY/TLT
2024-03,HYG,0.0,60/40 SPY/TLT
2024-04,HYG,0.0,60/40 SPY/TLT
2024-05,HYG,0.0,60/40 SPY/TLT
2024-06,HYG,0.0,60/40 SPY/TLT
2024-07,HYG,0.0,60/40 SPY/TLT
2024-08,HYG,0.0,60/40 SPY/TLT
2024-09,HYG,0.0,60/40 SPY/TLT
2024-10,HYG,0.0,60/40 SPY/TLT
2024-11,HYG,0.0,60/40 SPY/TLT
2024-12,HYG,0.0,60/40 SPY/TLT
2025-01,HYG,0.0,60/40 SPY/TLT
2025-02,HYG,0.0,60/40 SPY/TLT
2025-03,HYG,0.0,60/40 SPY/TLT
2025-04,HYG,0.0,60/40 SPY/TLT
2025-05,HYG,0.0,60/40 SPY/TLT
2025-06,HYG,0.0,60/40 SPY/TLT
2025-07,HYG,0.0,60/40 SPY/TLT
2025-08,HYG,0.0,60/40 SPY/TLT
2025-09,HYG,0.0,60/40 SPY/TLT
2025-10,HYG,0.0,60/40 SPY/TLT
2025-11,HYG,0.0,60/40 SPY/TLT
2025-12,HYG,0.0,60/40 SPY/TLT
2026-01,HYG,0.0,60/40 SPY/TLT
2026-02,HYG,0.0,60/40 SPY/TLT
2026-03,HYG,0.0,60/40 SPY/TLT
2020-01,IEF,0.0,60/40 SPY/TLT
2020-02,IEF,0.0,60/40 SPY/TLT
2020-03,IEF,0.0,60/40 SPY/TLT
2020-04,IEF,0.0,60/40 SPY/TLT
2020-05,IEF,0.0,60/40 SPY/TLT
2020-06,IEF,0.0,60/40 SPY/TLT
2020-07,IEF,0.0,60/40 SPY/TLT
2020-08,IEF,0.0,60/40 SPY/TLT
2020-09,IEF,0.0,60/40 SPY/TLT
2020-10,IEF,0.0,60/40 SPY/TLT
2020-11,IEF,0.0,60/40 SPY/TLT
2020-12,IEF,0.0,60/40 SPY/TLT
2021-01,IEF,0.0,60/40 SPY/TLT
2021-02,IEF,0.0,60/40 SPY/TLT
2021-03,IEF,0.0,60/40 SPY/TLT
2021-04,IEF,0.0,60/40 SPY/TLT
2021-05,IEF,0.0,60/40 SPY/TLT
2021-06,IEF,0.0,60/40 SPY/TLT
2021-07,IEF,0.0,60/40 SPY/TLT
2021-08,IEF,0.0,60/40 SPY/TLT
2021-09,IEF,0.0,60/40 SPY/TLT
2021-10,IEF,0.0,60/40 SPY/TLT
2021-11,IEF,0.0,60/40 SPY/TLT
2021-12,IEF,0.0,60/40 SPY/TLT
2022-01,IEF,0.0,60/40 SPY/TLT
2022-02,IEF,0.0,60/40 SPY/TLT
2022-03,IEF,0.0,60/40 SPY/TLT
2022-04,IEF,0.0,60/40 SPY/TLT
2022-05,IEF,0.0,60/40 SPY/TLT
2022-06,IEF,0.0,60/40 SPY/TLT
2022-07,IEF,0.0,60/40 SPY/TLT
2022-08,IEF,0.0,60/40 SPY/TLT
2022-09,IEF,0.0,60/40 SPY/TLT
2022-10,IEF,0.0,60/40 SPY/TLT
2022-11,IEF,0.0,60/40 SPY/TLT
2022-12,IEF,0.0,60/40 SPY/TLT
2023-01,IEF,0.0,60/40 SPY/TLT
2023-02,IEF,0.0,60/40 SPY/TLT
2023-03,IEF,0.0,60/40 SPY/TLT
2023-04,IEF,0.0,60/40 SPY/TLT
2023-05,IEF,0.0,60/40 SPY/TLT
2023-06,IEF,0.0,60/40 SPY/TLT
2023-07,IEF,0.0,60/40 SPY/TLT
2023-08,IEF,0.0,60/40 SPY/TLT
2023-09,IEF,0.0,60/40 SPY/TLT
2023-10,IEF,0.0,60/40 SPY/TLT
2023-11,IEF,0.0,60/40 SPY/TLT
2023-12,IEF,0.0,60/40 SPY/TLT
2024-01,IEF,0.0,60/40 SPY/TLT
2024-02,IEF,0.0,60/40 SPY/TLT
2024-03,IEF,0.0,60/40 SPY/TLT
2024-04,IEF,0.0,60/40 SPY/TLT
2024-05,IEF,0.0,60/40 SPY/TLT
2024-06,IEF,0.0,60/40 SPY/TLT
2024-07,IEF,0.0,60/40 SPY/TLT
2024-08,IEF,0.0,60/40 SPY/TLT
2024-09,IEF,0.0,60/40 SPY/TLT
2024-10,IEF,0.0,60/40 SPY/TLT
2024-11,IEF,0.0,60/40 SPY/TLT
2024-12,IEF,0.0,60/40 SPY/TLT
2025-01,IEF,0.0,60/40 SPY/TLT
2025-02,IEF,0.0,60/40 SPY/TLT
2025-03,IEF,0.0,60/40 SPY/TLT
2025-04,IEF,0.0,60/40 SPY/TLT
2025-05,IEF,0.0,60/40 SPY/TLT
2025-06,IEF,0.0,60/40 SPY/TLT
2025-07,IEF,0.0,60/40 SPY/TLT
2025-08,IEF,0.0,60/40 SPY/TLT
2025-09,IEF,0.0,60/40 SPY/TLT
2025-10,IEF,0.0,60/40 SPY/TLT
2025-11,IEF,0.0,60/40 SPY/TLT
2025-12,IEF,0.0,60/40 SPY/TLT
2026-01,IEF,0.0,60/40 SPY/TLT
2026-02,IEF,0.0,60/40 SPY/TLT
2026-03,IEF,0.0,60/40 SPY/TLT
2020-01,IWM,0.0,60/40 SPY/TLT
2020-02,IWM,0.0,60/40 SPY/TLT
2020-03,IWM,0.0,60/40 SPY/TLT
2020-04,IWM,0.0,60/40 SPY/TLT
2020-05,IWM,0.0,60/40 SPY/TLT
2020-06,IWM,0.0,60/40 SPY/TLT
2020-07,IWM,0.0,60/40 SPY/TLT
2020-08,IWM,0.0,60/40 SPY/TLT
2020-09,IWM,0.0,60/40 SPY/TLT
2020-10,IWM,0.0,60/40 SPY/TLT
2020-11,IWM,0.0,60/40 SPY/TLT
2020-12,IWM,0.0,60/40 SPY/TLT
2021-01,IWM,0.0,60/40 SPY/TLT
2021-02,IWM,0.0,60/40 SPY/TLT
2021-03,IWM,0.0,60/40 SPY/TLT
2021-04,IWM,0.0,60/40 SPY/TLT
2021-05,IWM,0.0,60/40 SPY/TLT
2021-06,IWM,0.0,60/40 SPY/TLT
2021-07,IWM,0.0,60/40 SPY/TLT
2021-08,IWM,0.0,60/40 SPY/TLT
2021-09,IWM,0.0,60/40 SPY/TLT
2021-10,IWM,0.0,60/40 SPY/TLT
2021-11,IWM,0.0,60/40 SPY/TLT
2021-12,IWM,0.0,60/40 SPY/TLT
2022-01,IWM,0.0,60/40 SPY/TLT
2022-02,IWM,0.0,60/40 SPY/TLT
2022-03,IWM,0.0,60/40 SPY/TLT
2022-04,IWM,0.0,60/40 SPY/TLT
2022-05,IWM,0.0,60/40 SPY/TLT
2022-06,IWM,0.0,60/40 SPY/TLT
2022-07,IWM,0.0,60/40 SPY/TLT
2022-08,IWM,0.0,60/40 SPY/TLT
2022-09,IWM,0.0,60/40 SPY/TLT
2022-10,IWM,0.0,60/40 SPY/TLT
2022-11,IWM,0.0,60/40 SPY/TLT
2022-12,IWM,0.0,60/40 SPY/TLT
2023-01,IWM,0.0,60/40 SPY/TLT
2023-02,IWM,0.0,60/40 SPY/TLT
2023-03,IWM,0.0,60/40 SPY/TLT
2023-04,IWM,0.0,60/40 SPY/TLT
2023-05,IWM,0.0,60/40 SPY/TLT
2023-06,IWM,0.0,60/40 SPY/TLT
2023-07,IWM,0.0,60/40 SPY/TLT
2023-08,IWM,0.0,60/40 SPY/TLT
2023-09,IWM,0.0,60/40 SPY/TLT
2023-10,IWM,0.0,60/40 SPY/TLT
2023-11,IWM,0.0,60/40 SPY/TLT
2023-12,IWM,0.0,60/40 SPY/TLT
2024-01,IWM,0.0,60/40 SPY/TLT
2024-02,IWM,0.0,60/40 SPY/TLT
2024-03,IWM,0.0,60/40 SPY/TLT
2024-04,IWM,0.0,60/40 SPY/TLT
2024-05,IWM,0.0,60/40 SPY/TLT
2024-06,IWM,0.0,60/40 SPY/TLT
2024-07,IWM,0.0,60/40 SPY/TLT
2024-08,IWM,0.0,60/40 SPY/TLT
2024-09,IWM,0.0,60/40 SPY/TLT
2024-10,IWM,0.0,60/40 SPY/TLT
2024-11,IWM,0.0,60/40 SPY/TLT
2024-12,IWM,0.0,60/40 SPY/TLT
2025-01,IWM,0.0,60/40 SPY/TLT
2025-02,IWM,0.0,60/40 SPY/TLT
2025-03,IWM,0.0,60/40 SPY/TLT
2025-04,IWM,0.0,60/40 SPY/TLT
2025-05,IWM,0.0,60/40 SPY/TLT
2025-06,IWM,0.0,60/40 SPY/TLT
2025-07,IWM,0.0,60/40 SPY/TLT
2025-08,IWM,0.0,60/40 SPY/TLT
2025-09,IWM,0.0,60/40 SPY/TLT
2025-10,IWM,0.0,60/40 SPY/TLT
2025-11,IWM,0.0,60/40 SPY/TLT
2025-12,IWM,0.0,60/40 SPY/TLT
2026-01,IWM,0.0,60/40 SPY/TLT
2026-02,IWM,0.0,60/40 SPY/TLT
2026-03,IWM,0.0,60/40 SPY/TLT
2020-01,QQQ,0.0,60/40 SPY/TLT
2020-02,QQQ,0.0,60/40 SPY/TLT
2020-03,QQQ,0.0,60/40 SPY/TLT
2020-04,QQQ,0.0,60/40 SPY/TLT
2020-05,QQQ,0.0,60/40 SPY/TLT
2020-06,QQQ,0.0,60/40 SPY/TLT
2020-07,QQQ,0.0,60/40 SPY/TLT
2020-08,QQQ,0.0,60/40 SPY/TLT
2020-09,QQQ,0.0,60/40 SPY/TLT
2020-10,QQQ,0.0,60/40 SPY/TLT
2020-11,QQQ,0.0,60/40 SPY/TLT
2020-12,QQQ,0.0,60/40 SPY/TLT
2021-01,QQQ,0.0,60/40 SPY/TLT
2021-02,QQQ,0.0,60/40 SPY/TLT
2021-03,QQQ,0.0,60/40 SPY/TLT
2021-04,QQQ,0.0,60/40 SPY/TLT
2021-05,QQQ,0.0,60/40 SPY/TLT
2021-06,QQQ,0.0,60/40 SPY/TLT
2021-07,QQQ,0.0,60/40 SPY/TLT
2021-08,QQQ,0.0,60/40 SPY/TLT
2021-09,QQQ,0.0,60/40 SPY/TLT
2021-10,QQQ,0.0,60/40 SPY/TLT
2021-11,QQQ,0.0,60/40 SPY/TLT
2021-12,QQQ,0.0,60/40 SPY/TLT
2022-01,QQQ,0.0,60/40 SPY/TLT
2022-02,QQQ,0.0,60/40 SPY/TLT
2022-03,QQQ,0.0,60/40 SPY/TLT
2022-04,QQQ,0.0,60/40 SPY/TLT
2022-05,QQQ,0.0,60/40 SPY/TLT
2022-06,QQQ,0.0,60/40 SPY/TLT
2022-07,QQQ,0.0,60/40 SPY/TLT
2022-08,QQQ,0.0,60/40 SPY/TLT
2022-09,QQQ,0.0,60/40 SPY/TLT
2022-10,QQQ,0.0,60/40 SPY/TLT
2022-11,QQQ,0.0,60/40 SPY/TLT
2022-12,QQQ,0.0,60/40 SPY/TLT
2023-01,QQQ,0.0,60/40 SPY/TLT
2023-02,QQQ,0.0,60/40 SPY/TLT
2023-03,QQQ,0.0,60/40 SPY/TLT
2023-04,QQQ,0.0,60/40 SPY/TLT
2023-05,QQQ,0.0,60/40 SPY/TLT
2023-06,QQQ,0.0,60/40 SPY/TLT
2023-07,QQQ,0.0,60/40 SPY/TLT
2023-08,QQQ,0.0,60/40 SPY/TLT
2023-09,QQQ,0.0,60/40 SPY/TLT
2023-10,QQQ,0.0,60/40 SPY/TLT
2023-11,QQQ,0.0,60/40 SPY/TLT
2023-12,QQQ,0.0,60/40 SPY/TLT
2024-01,QQQ,0.0,60/40 SPY/TLT
2024-02,QQQ,0.0,60/40 SPY/TLT
2024-03,QQQ,0.0,60/40 SPY/TLT
2024-04,QQQ,0.0,60/40 SPY/TLT
2024-05,QQQ,0.0,60/40 SPY/TLT
2024-06,QQQ,0.0,60/40 SPY/TLT
2024-07,QQQ,0.0,60/40 SPY/TLT
2024-08,QQQ,0.0,60/40 SPY/TLT
2024-09,QQQ,0.0,60/40 SPY/TLT
2024-10,QQQ,0.0,60/40 SPY/TLT
2024-11,QQQ,0.0,60/40 SPY/TLT
2024-12,QQQ,0.0,60/40 SPY/TLT
2025-01,QQQ,0.0,60/40 SPY/TLT
2025-02,QQQ,0.0,60/40 SPY/TLT
2025-03,QQQ,0.0,60/40 SPY/TLT
2025-04,QQQ,0.0,60/40 SPY/TLT
2025-05,QQQ,0.0,60/40 SPY/TLT
2025-06,QQQ,0.0,60/40 SPY/TLT
2025-07,QQQ,0.0,60/40 SPY/TLT
2025-08,QQQ,0.0,60/40 SPY/TLT
2025-09,QQQ,0.0,60/40 SPY/TLT
2025-10,QQQ,0.0,60/40 SPY/TLT
2025-11,QQQ,0.0,60/40 SPY/TLT
2025-12,QQQ,0.0,60/40 SPY/TLT
2026-01,QQQ,0.0,60/40 SPY/TLT
2026-02,QQQ,0.0,60/40 SPY/TLT
2026-03,QQQ,0.0,60/40 SPY/TLT
2020-01,SPY,0.6,60/40 SPY/TLT
2020-02,SPY,0.6,60/40 SPY/TLT
2020-03,SPY,0.6,60/40 SPY/TLT
2020-04,SPY,0.6,60/40 SPY/TLT
2020-05,SPY,0.6,60/40 SPY/TLT
2020-06,SPY,0.6,60/40 SPY/TLT
2020-07,SPY,0.6,60/40 SPY/TLT
2020-08,SPY,0.6,60/40 SPY/TLT
2020-09,SPY,0.6,60/40 SPY/TLT
2020-10,SPY,0.6,60/40 SPY/TLT
2020-11,SPY,0.6,60/40 SPY/TLT
2020-12,SPY,0.6,60/40 SPY/TLT
2021-01,SPY,0.6,60/40 SPY/TLT
2021-02,SPY,0.6,60/40 SPY/TLT
2021-03,SPY,0.6,60/40 SPY/TLT
2021-04,SPY,0.6,60/40 SPY/TLT
2021-05,SPY,0.6,60/40 SPY/TLT
2021-06,SPY,0.6,60/40 SPY/TLT
2021-07,SPY,0.6,60/40 SPY/TLT
2021-08,SPY,0.6,60/40 SPY/TLT
2021-09,SPY,0.6,60/40 SPY/TLT
2021-10,SPY,0.6,60/40 SPY/TLT
2021-11,SPY,0.6,60/40 SPY/TLT
2021-12,SPY,0.6,60/40 SPY/TLT
2022-01,SPY,0.6,60/40 SPY/TLT
2022-02,SPY,0.6,60/40 SPY/TLT
2022-03,SPY,0.6,60/40 SPY/TLT
2022-04,SPY,0.6,60/40 SPY/TLT
2022-05,SPY,0.6,60/40 SPY/TLT
2022-06,SPY,0.6,60/40 SPY/TLT
2022-07,SPY,0.6,60/40 SPY/TLT
2022-08,SPY,0.6,60/40 SPY/TLT
2022-09,SPY,0.6,60/40 SPY/TLT
2022-10,SPY,0.6,60/40 SPY/TLT
2022-11,SPY,0.6,60/40 SPY/TLT
2022-12,SPY,0.6,60/40 SPY/TLT
2023-01,SPY,0.6,60/40 SPY/TLT
2023-02,SPY,0.6,60/40 SPY/TLT
2023-03,SPY,0.6,60/40 SPY/TLT
2023-04,SPY,0.6,60/40 SPY/TLT
2023-05,SPY,0.6,60/40 SPY/TLT
2023-06,SPY,0.6,60/40 SPY/TLT
2023-07,SPY,0.6,60/40 SPY/TLT
2023-08,SPY,0.6,60/40 SPY/TLT
2023-09,SPY,0.6,60/40 SPY/TLT
2023-10,SPY,0.6,60/40 SPY/TLT
2023-11,SPY,0.6,60/40 SPY/TLT
2023-12,SPY,0.6,60/40 SPY/TLT
2024-01,SPY,0.6,60/40 SPY/TLT
2024-02,SPY,0.6,60/40 SPY/TLT
2024-03,SPY,0.6,60/40 SPY/TLT
2024-04,SPY,0.6,60/40 SPY/TLT
2024-05,SPY,0.6,60/40 SPY/TLT
2024-06,SPY,0.6,60/40 SPY/TLT
2024-07,SPY,0.6,60/40 SPY/TLT
2024-08,SPY,0.6,60/40 SPY/TLT
2024-09,SPY,0.6,60/40 SPY/TLT
2024-10,SPY,0.6,60/40 SPY/TLT
2024-11,SPY,0.6,60/40 SPY/TLT
2024-12,SPY,0.6,60/40 SPY/TLT
2025-01,SPY,0.6,60/40 SPY/TLT
2025-02,SPY,0.6,60/40 SPY/TLT
2025-03,SPY,0.6,60/40 SPY/TLT
2025-04,SPY,0.6,60/40 SPY/TLT
2025-05,SPY,0.6,60/40 SPY/TLT
2025-06,SPY,0.6,60/40 SPY/TLT
2025-07,SPY,0.6,60/40 SPY/TLT
2025-08,SPY,0.6,60/40 SPY/TLT
2025-09,SPY,0.6,60/40 SPY/TLT
2025-10,SPY,0.6,60/40 SPY/TLT
2025-11,SPY,0.6,60/40 SPY/TLT
2025-12,SPY,0.6,60/40 SPY/TLT
2026-01,SPY,0.6,60/40 SPY/TLT
2026-02,SPY,0.6,60/40 SPY/TLT
2026-03,SPY,0.6,60/40 SPY/TLT
2020-01,TLT,0.4,60/40 SPY/TLT
2020-02,TLT,0.4,60/40 SPY/TLT
2020-03,TLT,0.4,60/40 SPY/TLT
2020-04,TLT,0.4,60/40 SPY/TLT
2020-05,TLT,0.4,60/40 SPY/TLT
2020-06,TLT,0.4,60/40 SPY/TLT
2020-07,TLT,0.4,60/40 SPY/TLT
2020-08,TLT,0.4,60/40 SPY/TLT
2020-09,TLT,0.4,60/40 SPY/TLT
2020-10,TLT,0.4,60/40 SPY/TLT
2020-11,TLT,0.4,60/40 SPY/TLT
2020-12,TLT,0.4,60/40 SPY/TLT
2021-01,TLT,0.4,60/40 SPY/TLT
2021-02,TLT,0.4,60/40 SPY/TLT
2021-03,TLT,0.4,60/40 SPY/TLT
2021-04,TLT,0.4,60/40 SPY/TLT
2021-05,TLT,0.4,60/40 SPY/TLT
2021-06,TLT,0.4,60/40 SPY/TLT
2021-07,TLT,0.4,60/40 SPY/TLT
2021-08,TLT,0.4,60/40 SPY/TLT
2021-09,TLT,0.4,60/40 SPY/TLT
2021-10,TLT,0.4,60/40 SPY/TLT
2021-11,TLT,0.4,60/40 SPY/TLT
2021-12,TLT,0.4,60/40 SPY/TLT
2022-01,TLT,0.4,60/40 SPY/TLT
2022-02,TLT,0.4,60/40 SPY/TLT
2022-03,TLT,0.4,60/40 SPY/TLT
2022-04,TLT,0.4,60/40 SPY/TLT
2022-05,TLT,0.4,60/40 SPY/TLT
2022-06,TLT,0.4,60/40 SPY/TLT
2022-07,TLT,0.4,60/40 SPY/TLT
2022-08,TLT,0.4,60/40 SPY/TLT
2022-09,TLT,0.4,60/40 SPY/TLT
2022-10,TLT,0.4,60/40 SPY/TLT
2022-11,TLT,0.4,60/40 SPY/TLT
2022-12,TLT,0.4,60/40 SPY/TLT
2023-01,TLT,0.4,60/40 SPY/TLT
2023-02,TLT,0.4,60/40 SPY/TLT
2023-03,TLT,0.4,60/40 SPY/TLT
2023-04,TLT,0.4,60/40 SPY/TLT
2023-05,TLT,0.4,60/40 SPY/TLT
2023-06,TLT,0.4,60/40 SPY/TLT
2023-07,TLT,0.4,60/40 SPY/TLT
2023-08,TLT,0.4,60/40 SPY/TLT
2023-09,TLT,0.4,60/40 SPY/TLT
2023-10,TLT,0.4,60/40 SPY/TLT
2023-11,TLT,0.4,60/40 SPY/TLT
2023-12,TLT,0.4,60/40 SPY/TLT
2024-01,TLT,0.4,60/40 SPY/TLT
2024-02,TLT,0.4,60/40 SPY/TLT
2024-03,TLT,0.4,60/40 SPY/TLT
2024-04,TLT,0.4,60/40 SPY/TLT
2024-05,TLT,0.4,60/40 SPY/TLT
2024-06,TLT,0.4,60/40 SPY/TLT
2024-07,TLT,0.4,60/40 SPY/TLT
2024-08,TLT,0.4,60/40 SPY/TLT
2024-09,TLT,0.4,60/40 SPY/TLT
2024-10,TLT,0.4,60/40 SPY/TLT
2024-11,TLT,0.4,60/40 SPY/TLT
2024-12,TLT,0.4,60/40 SPY/TLT
2025-01,TLT,0.4,60/40 SPY/TLT
2025-02,TLT,0.4,60/40 SPY/TLT
2025-03,TLT,0.4,60/40 SPY/TLT
2025-04,TLT,0.4,60/40 SPY/TLT
2025-05,TLT,0.4,60/40 SPY/TLT
2025-06,TLT,0.4,60/40 SPY/TLT
2025-07,TLT,0.4,60/40 SPY/TLT
2025-08,TLT,0.4,60/40 SPY/TLT
2025-09,TLT,0.4,60/40 SPY/TLT
2025-10,TLT,0.4,60/40 SPY/TLT
2025-11,TLT,0.4,60/40 SPY/TLT
2025-12,TLT,0.4,60/40 SPY/TLT
2026-01,TLT,0.4,60/40 SPY/TLT
2026-02,TLT,0.4,60/40 SPY/TLT
2026-03,TLT,0.4,60/40 SPY/TLT
2020-01,VNQ,0.0,60/40 SPY/TLT
2020-02,VNQ,0.0,60/40 SPY/TLT
2020-03,VNQ,0.0,60/40 SPY/TLT
2020-04,VNQ,0.0,60/40 SPY/TLT
2020-05,VNQ,0.0,60/40 SPY/TLT
2020-06,VNQ,0.0,60/40 SPY/TLT
2020-07,VNQ,0.0,60/40 SPY/TLT
2020-08,VNQ,0.0,60/40 SPY/TLT
2020-09,VNQ,0.0,60/40 SPY/TLT
2020-10,VNQ,0.0,60/40 SPY/TLT
2020-11,VNQ,0.0,60/40 SPY/TLT
2020-12,VNQ,0.0,60/40 SPY/TLT
2021-01,VNQ,0.0,60/40 SPY/TLT
2021-02,VNQ,0.0,60/40 SPY/TLT
2021-03,VNQ,0.0,60/40 SPY/TLT
2021-04,VNQ,0.0,60/40 SPY/TLT
2021-05,VNQ,0.0,60/40 SPY/TLT
2021-06,VNQ,0.0,60/40 SPY/TLT
2021-07,VNQ,0.0,60/40 SPY/TLT
2021-08,VNQ,0.0,60/40 SPY/TLT
2021-09,VNQ,0.0,60/40 SPY/TLT
2021-10,VNQ,0.0,60/40 SPY/TLT
2021-11,VNQ,0.0,60/40 SPY/TLT
2021-12,VNQ,0.0,60/40 SPY/TLT
2022-01,VNQ,0.0,60/40 SPY/TLT
2022-02,VNQ,0.0,60/40 SPY/TLT
2022-03,VNQ,0.0,60/40 SPY/TLT
2022-04,VNQ,0.0,60/40 SPY/TLT
2022-05,VNQ,0.0,60/40 SPY/TLT
2022-06,VNQ,0.0,60/40 SPY/TLT
2022-07,VNQ,0.0,60/40 SPY/TLT
2022-08,VNQ,0.0,60/40 SPY/TLT
2022-09,VNQ,0.0,60/40 SPY/TLT
2022-10,VNQ,0.0,60/40 SPY/TLT
2022-11,VNQ,0.0,60/40 SPY/TLT
2022-12,VNQ,0.0,60/40 SPY/TLT
2023-01,VNQ,0.0,60/40 SPY/TLT
2023-02,VNQ,0.0,60/40 SPY/TLT
2023-03,VNQ,0.0,60/40 SPY/TLT
2023-04,VNQ,0.0,60/40 SPY/TLT
2023-05,VNQ,0.0,60/40 SPY/TLT
2023-06,VNQ,0.0,60/40 SPY/TLT
2023-07,VNQ,0.0,60/40 SPY/TLT
2023-08,VNQ,0.0,60/40 SPY/TLT
2023-09,VNQ,0.0,60/40 SPY/TLT
2023-10,VNQ,0.0,60/40 SPY/TLT
2023-11,VNQ,0.0,60/40 SPY/TLT
2023-12,VNQ,0.0,60/40 SPY/TLT
2024-01,VNQ,0.0,60/40 SPY/TLT
2024-02,VNQ,0.0,60/40 SPY/TLT
2024-03,VNQ,0.0,60/40 SPY/TLT
2024-04,VNQ,0.0,60/40 SPY/TLT
2024-05,VNQ,0.0,60/40 SPY/TLT
2024-06,VNQ,0.0,60/40 SPY/TLT
2024-07,VNQ,0.0,60/40 SPY/TLT
2024-08,VNQ,0.0,60/40 SPY/TLT
2024-09,VNQ,0.0,60/40 SPY/TLT
2024-10,VNQ,0.0,60/40 SPY/TLT
2024-11,VNQ,0.0,60/40 SPY/TLT
2024-12,VNQ,0.0,60/40 SPY/TLT
2025-01,VNQ,0.0,60/40 SPY/TLT
2025-02,VNQ,0.0,60/40 SPY/TLT
2025-03,VNQ,0.0,60/40 SPY/TLT
2025-04,VNQ,0.0,60/40 SPY/TLT
2025-05,VNQ,0.0,60/40 SPY/TLT
2025-06,VNQ,0.0,60/40 SPY/TLT
2025-07,VNQ,0.0,60/40 SPY/TLT
2025-08,VNQ,0.0,60/40 SPY/TLT
2025-09,VNQ,0.0,60/40 SPY/TLT
2025-10,VNQ,0.0,60/40 SPY/TLT
2025-11,VNQ,0.0,60/40 SPY/TLT
2025-12,VNQ,0.0,60/40 SPY/TLT
2026-01,VNQ,0.0,60/40 SPY/TLT
2026-02,VNQ,0.0,60/40 SPY/TLT
2026-03,VNQ,0.0,60/40 SPY/TLT
2020-01,EEM,0.05797044072201717,Inverse volatility universe
2020-02,EEM,0.06417487800111338,Inverse volatility universe
2020-03,EEM,0.06546479982183369,Inverse volatility universe
2020-04,EEM,0.0666850421076965,Inverse volatility universe
2020-05,EEM,0.06573552670982812,Inverse volatility universe
2020-06,EEM,0.06309250188558266,Inverse volatility universe
2020-07,EEM,0.05938584707503999,Inverse volatility universe
2020-08,EEM,0.061346892848579526,Inverse volatility universe
2020-09,EEM,0.0575591554686482,Inverse volatility universe
2020-10,EEM,0.0710950956971921,Inverse volatility universe
2020-11,EEM,0.07460450880905478,Inverse volatility universe
2020-12,EEM,0.07388883647439061,Inverse volatility universe
2021-01,EEM,0.06161922744060821,Inverse volatility universe
2021-02,EEM,0.05563267397294848,Inverse volatility universe
2021-03,EEM,0.055846187832294766,Inverse volatility universe
2021-04,EEM,0.06039887433568437,Inverse volatility universe
2021-05,EEM,0.05651579548304177,Inverse volatility universe
2021-06,EEM,0.06348713791452508,Inverse volatility universe
2021-07,EEM,0.05847892948370767,Inverse volatility universe
2021-08,EEM,0.05813232476464649,Inverse volatility universe
2021-09,EEM,0.05698320330332845,Inverse volatility universe
2021-10,EEM,0.06225159203334197,Inverse volatility universe
2021-11,EEM,0.07331991013027721,Inverse volatility universe
2021-12,EEM,0.07953257286981787,Inverse volatility universe
2022-01,EEM,0.07628420321715762,Inverse volatility universe
2022-02,EEM,0.07913036121905084,Inverse volatility universe
2022-03,EEM,0.06759988791832147,Inverse volatility universe
2022-04,EEM,0.07119170706058545,Inverse volatility universe
2022-05,EEM,0.07385758153514178,Inverse volatility universe
2022-06,EEM,0.09019670218310402,Inverse volatility universe
2022-07,EEM,0.09453128653204786,Inverse volatility universe
2022-08,EEM,0.10493017734976064,Inverse volatility universe
2022-09,EEM,0.1107096565973437,Inverse volatility universe
2022-10,EEM,0.09951489596442017,Inverse volatility universe
2022-11,EEM,0.08986935832659108,Inverse volatility universe
2022-12,EEM,0.08944017777776922,Inverse volatility universe
2023-01,EEM,0.09524449422323988,Inverse volatility universe
2023-02,EEM,0.10021682082016053,Inverse volatility universe
2023-03,EEM,0.10520416929354529,Inverse volatility universe
2023-04,EEM,0.10894462126179157,Inverse volatility universe
2023-05,EEM,0.10900220105747181,Inverse volatility universe
2023-06,EEM,0.09414729813879906,Inverse volatility universe
2023-07,EEM,0.0824398120673501,Inverse volatility universe
2023-08,EEM,0.07841039822691408,Inverse volatility universe
2023-09,EEM,0.07719413402587123,Inverse volatility universe
2023-10,EEM,0.09849490139999742,Inverse volatility universe
2023-11,EEM,0.09982479064518732,Inverse volatility universe
2023-12,EEM,0.10252280477169438,Inverse volatility universe
2024-01,EEM,0.09200392012314233,Inverse volatility universe
2024-02,EEM,0.09176058465270515,Inverse volatility universe
2024-03,EEM,0.0878453507445108,Inverse volatility universe
2024-04,EEM,0.09697011177537165,Inverse volatility universe
2024-05,EEM,0.09337779404958746,Inverse volatility universe
2024-06,EEM,0.092627044686791,Inverse volatility universe
2024-07,EEM,0.08474196156874596,Inverse volatility universe
2024-08,EEM,0.07775414242048764,Inverse volatility universe
2024-09,EEM,0.06105360240981024,Inverse volatility universe
2024-10,EEM,0.05742406380038369,Inverse volatility universe
2024-11,EEM,0.05895781628497819,Inverse volatility universe
2024-12,EEM,0.07696828889338354,Inverse volatility universe
2025-01,EEM,0.08210030841253496,Inverse volatility universe
2025-02,EEM,0.080956963529864,Inverse volatility universe
2025-03,EEM,0.07309587431327984,Inverse volatility universe
2025-04,EEM,0.07091094700701422,Inverse volatility universe
2025-05,EEM,0.07358571623238504,Inverse volatility universe
2025-06,EEM,0.07544934821634375,Inverse volatility universe
2025-07,EEM,0.08342767424858767,Inverse volatility universe
2025-08,EEM,0.0770914515674616,Inverse volatility universe
2025-09,EEM,0.08339548728206131,Inverse volatility universe
2025-10,EEM,0.0652042668750567,Inverse volatility universe
2025-11,EEM,0.06378877501926455,Inverse volatility universe
2025-12,EEM,0.061892696901567255,Inverse volatility universe
2026-01,EEM,0.0576898609881347,Inverse volatility universe
2026-02,EEM,0.052164269929711335,Inverse volatility universe
2026-03,EEM,0.047620947958049276,Inverse volatility universe
2020-01,GLD,0.10054292050700218,Inverse volatility universe
2020-02,GLD,0.10133262337851381,Inverse volatility universe
2020-03,GLD,0.14964573033664785,Inverse volatility universe
2020-04,GLD,0.14697468071577469,Inverse volatility universe
2020-05,GLD,0.15119929254924003,Inverse volatility universe
2020-06,GLD,0.11829561855684134,Inverse volatility universe
2020-07,GLD,0.11083704651226992,Inverse volatility universe
2020-08,GLD,0.0693830507870612,Inverse volatility universe
2020-09,GLD,0.05661227913987263,Inverse volatility universe
2020-10,GLD,0.06040860721381281,Inverse volatility universe
2020-11,GLD,0.0822671096647995,Inverse volatility universe
2020-12,GLD,0.07388625828817709,Inverse volatility universe
2021-01,GLD,0.06528047079562994,Inverse volatility universe
2021-02,GLD,0.06649055564023386,Inverse volatility universe
2021-03,GLD,0.07913308697856007,Inverse volatility universe
2021-04,GLD,0.08606189018892832,Inverse volatility universe
2021-05,GLD,0.09032066647410461,Inverse volatility universe
2021-06,GLD,0.06811620621451593,Inverse volatility universe
2021-07,GLD,0.07789844249123755,Inverse volatility universe
2021-08,GLD,0.06760575552031982,Inverse volatility universe
2021-09,GLD,0.07596189657943966,Inverse volatility universe
2021-10,GLD,0.06995900799081099,Inverse volatility universe
2021-11,GLD,0.0852440336971683,Inverse volatility universe
2021-12,GLD,0.10536694902871137,Inverse volatility universe
2022-01,GLD,0.10974922845397722,Inverse volatility universe
2022-02,GLD,0.12758754758921642,Inverse volatility universe
2022-03,GLD,0.11237671838798569,Inverse volatility universe
2022-04,GLD,0.12331249494011857,Inverse volatility universe
2022-05,GLD,0.13154018694704464,Inverse volatility universe
2022-06,GLD,0.16052147064850886,Inverse volatility universe
2022-07,GLD,0.15620930342292835,Inverse volatility universe
2022-08,GLD,0.15004991996335765,Inverse volatility universe
2022-09,GLD,0.14187564003184755,Inverse volatility universe
2022-10,GLD,0.14403604161676498,Inverse volatility universe
2022-11,GLD,0.13724395472686965,Inverse volatility universe
2022-12,GLD,0.12823212344644494,Inverse volatility universe
2023-01,GLD,0.12647375944221753,Inverse volatility universe
2023-02,GLD,0.12200864451500806,Inverse volatility universe
2023-03,GLD,0.1101577679939764,Inverse volatility universe
2023-04,GLD,0.10442181179413337,Inverse volatility universe
2023-05,GLD,0.09817775413651139,Inverse volatility universe
2023-06,GLD,0.10644801917247507,Inverse volatility universe
2023-07,GLD,0.1118020541973884,Inverse volatility universe
2023-08,GLD,0.12984648257472717,Inverse volatility universe
2023-09,GLD,0.13569282624404358,Inverse volatility universe
2023-10,GLD,0.11587665368226079,Inverse volatility universe
2023-11,GLD,0.11913042676670152,Inverse volatility universe
2023-12,GLD,0.10765603650125356,Inverse volatility universe
2024-01,GLD,0.11230281065905195,Inverse volatility universe
2024-02,GLD,0.11205878050304033,Inverse volatility universe
2024-03,GLD,0.11069593597897598,Inverse volatility universe
2024-04,GLD,0.09117898657500972,Inverse volatility universe
2024-05,GLD,0.07544451241157601,Inverse volatility universe
2024-06,GLD,0.06802604448054143,Inverse volatility universe
2024-07,GLD,0.06591643096366877,Inverse volatility universe
2024-08,GLD,0.07305449540746578,Inverse volatility universe
2024-09,GLD,0.08001807493206967,Inverse volatility universe
2024-10,GLD,0.08403779885429108,Inverse volatility universe
2024-11,GLD,0.06921844565735484,Inverse volatility universe
2024-12,GLD,0.0735315069937171,Inverse volatility universe
2025-01,GLD,0.07416387371833044,Inverse volatility universe
2025-02,GLD,0.08704438721701811,Inverse volatility universe
2025-03,GLD,0.09284317343302083,Inverse volatility universe
2025-04,GLD,0.09402750268283584,Inverse volatility universe
2025-05,GLD,0.08021568624717607,Inverse volatility universe
2025-06,GLD,0.07550064413319173,Inverse volatility universe
2025-07,GLD,0.05410634940158393,Inverse volatility universe
2025-08,GLD,0.06586996671131017,Inverse volatility universe
2025-09,GLD,0.06644847422413887,Inverse volatility universe
2025-10,GLD,0.04314471197983339,Inverse volatility universe
2025-11,GLD,0.04155432147553787,Inverse volatility universe
2025-12,GLD,0.038207039456884334,Inverse volatility universe
2026-01,GLD,0.027168697865201458,Inverse volatility universe
2026-02,GLD,0.0215670952488105,Inverse volatility universe
2026-03,GLD,0.02967424735012856,Inverse volatility universe
2020-01,HYG,0.24605372798995526,Inverse volatility universe
2020-02,HYG,0.23549786483230672,Inverse volatility universe
2020-03,HYG,0.13788024896215167,Inverse volatility universe
2020-04,HYG,0.12260373651497158,Inverse volatility universe
2020-05,HYG,0.12003878398468941,Inverse volatility universe
2020-06,HYG,0.0934895904533868,Inverse volatility universe
2020-07,HYG,0.14066260962470206,Inverse volatility universe
2020-08,HYG,0.1521773978743554,Inverse volatility universe
2020-09,HYG,0.17379069629258442,Inverse volatility universe
2020-10,HYG,0.1905207189284048,Inverse volatility universe
2020-11,HYG,0.1941889769088351,Inverse volatility universe
2020-12,HYG,0.21837123414511814,Inverse volatility universe
2021-01,HYG,0.2505376623236269,Inverse volatility universe
2021-02,HYG,0.29184949431686585,Inverse volatility universe
2021-03,HYG,0.25680911661759814,Inverse volatility universe
2021-04,HYG,0.25434886671187457,Inverse volatility universe
2021-05,HYG,0.26601859063446415,Inverse volatility universe
2021-06,HYG,0.3210812480869177,Inverse volatility universe
2021-07,HYG,0.30624027932419773,Inverse volatility universe
2021-08,HYG,0.3080528827132317,Inverse volatility universe
2021-09,HYG,0.3053390567307246,Inverse volatility universe
2021-10,HYG,0.30089724697602355,Inverse volatility universe
2021-11,HYG,0.2875595823017423,Inverse volatility universe
2021-12,HYG,0.2614706274258736,Inverse volatility universe
2022-01,HYG,0.2720450707565258,Inverse volatility universe
2022-02,HYG,0.23645007689301284,Inverse volatility universe
2022-03,HYG,0.2114391724484673,Inverse volatility universe
2022-04,HYG,0.19184429789939242,Inverse volatility universe
2022-05,HYG,0.17840761824950818,Inverse volatility universe
2022-06,HYG,0.15413231633852803,Inverse volatility universe
2022-07,HYG,0.14771809732668692,Inverse volatility universe
2022-08,HYG,0.138797274299211,Inverse volatility universe
2022-09,HYG,0.14720401101252673,Inverse volatility universe
2022-10,HYG,0.14817342875447406,Inverse volatility universe
2022-11,HYG,0.155482514049744,Inverse volatility universe
2022-12,HYG,0.15796237032755042,Inverse volatility universe
2023-01,HYG,0.16375989040350225,Inverse volatility universe
2023-02,HYG,0.16492342397801396,Inverse volatility universe
2023-03,HYG,0.1828145698606953,Inverse volatility universe
2023-04,HYG,0.18377558665410376,Inverse volatility universe
2023-05,HYG,0.21142417860864396,Inverse volatility universe
2023-06,HYG,0.21813584488618473,Inverse volatility universe
2023-07,HYG,0.20338151493053658,Inverse volatility universe
2023-08,HYG,0.20221962300339003,Inverse volatility universe
2023-09,HYG,0.19637016137120109,Inverse volatility universe
2023-10,HYG,0.2209617895727835,Inverse volatility universe
2023-11,HYG,0.213281440624258,Inverse volatility universe
2023-12,HYG,0.20884346353036726,Inverse volatility universe
2024-01,HYG,0.20566496547925897,Inverse volatility universe
2024-02,HYG,0.2164522916388806,Inverse volatility universe
2024-03,HYG,0.23476839471920694,Inverse volatility universe
2024-04,HYG,0.24577738814099925,Inverse volatility universe
2024-05,HYG,0.2377186635637162,Inverse volatility universe
2024-06,HYG,0.24574738504085045,Inverse volatility universe
2024-07,HYG,0.2792177506937819,Inverse volatility universe
2024-08,HYG,0.3202978242205102,Inverse volatility universe
2024-09,HYG,0.3197220318241461,Inverse volatility universe
2024-10,HYG,0.29883236660392815,Inverse volatility universe
2024-11,HYG,0.3259922092924823,Inverse volatility universe
2024-12,HYG,0.28681682753325527,Inverse volatility universe
2025-01,HYG,0.282688812628915,Inverse volatility universe
2025-02,HYG,0.2680500686084143,Inverse volatility universe
2025-03,HYG,0.2831379304842263,Inverse volatility universe
2025-04,HYG,0.20740628481794135,Inverse volatility universe
2025-05,HYG,0.20638618024167962,Inverse volatility universe
2025-06,HYG,0.2095412997293043,Inverse volatility universe
2025-07,HYG,0.2892105497263592,Inverse volatility universe
2025-08,HYG,0.300129476103966,Inverse volatility universe
2025-09,HYG,0.2909160785207981,Inverse volatility universe
2025-10,HYG,0.26858601678061905,Inverse volatility universe
2025-11,HYG,0.28570131279841,Inverse volatility universe
2025-12,HYG,0.2832375996757281,Inverse volatility universe
2026-01,HYG,0.33098011230148394,Inverse volatility universe
2026-02,HYG,0.38213968962009204,Inverse volatility universe
2026-03,HYG,0.2596647719498452,Inverse volatility universe
2020-01,IEF,0.16662626122147986,Inverse volatility universe
2020-02,IEF,0.2160822186861676,Inverse volatility universe
2020-03,IEF,0.2969402176677875,Inverse volatility universe
2020-04,IEF,0.3156219312369219,Inverse volatility universe
2020-05,IEF,0.31966264053132437,Inverse volatility universe
2020-06,IEF,0.3959074339005387,Inverse volatility universe
2020-07,IEF,0.3627983944815565,Inverse volatility universe
2020-08,IEF,0.37434447021584677,Inverse volatility universe
2020-09,IEF,0.38881059069675056,Inverse volatility universe
2020-10,IEF,0.35284554049916333,Inverse volatility universe
2020-11,IEF,0.3242376569872475,Inverse volatility universe
2020-12,IEF,0.28888980521495516,Inverse volatility universe
2021-01,IEF,0.27503733832299804,Inverse volatility universe
2021-02,IEF,0.23259098447873403,Inverse volatility universe
2021-03,IEF,0.24651919684828116,Inverse volatility universe
2021-04,IEF,0.223202034503335,Inverse volatility universe
2021-05,IEF,0.23637055561026743,Inverse volatility universe
2021-06,IEF,0.20961875775869745,Inverse volatility universe
2021-07,IEF,0.20653421344421716,Inverse volatility universe
2021-08,IEF,0.18368769812984456,Inverse volatility universe
2021-09,IEF,0.19165153762331041,Inverse volatility universe
2021-10,IEF,0.206960899644833,Inverse volatility universe
2021-11,IEF,0.18270339100127417,Inverse volatility universe
2021-12,IEF,0.19633237240056037,Inverse volatility universe
2022-01,IEF,0.1986806661930625,Inverse volatility universe
2022-02,IEF,0.2121481791116838,Inverse volatility universe
2022-03,IEF,0.20373997836213834,Inverse volatility universe
2022-04,IEF,0.20529868419990815,Inverse volatility universe
2022-05,IEF,0.21795101439799508,Inverse volatility universe
2022-06,IEF,0.20986963780883058,Inverse volatility universe
2022-07,IEF,0.2068943423066058,Inverse volatility universe
2022-08,IEF,0.1890080495267648,Inverse volatility universe
2022-09,IEF,0.17792972178141753,Inverse volatility universe
2022-10,IEF,0.1956774055963449,Inverse volatility universe
2022-11,IEF,0.20238570810873005,Inverse volatility universe
2022-12,IEF,0.21329459111714896,Inverse volatility universe
2023-01,IEF,0.19803219349299334,Inverse volatility universe
2023-02,IEF,0.1865580282449806,Inverse volatility universe
2023-03,IEF,0.16258945896535046,Inverse volatility universe
2023-04,IEF,0.16031700941450916,Inverse volatility universe
2023-05,IEF,0.14738513456099953,Inverse volatility universe
2023-06,IEF,0.15563057621785267,Inverse volatility universe
2023-07,IEF,0.15449223528770614,Inverse volatility universe
2023-08,IEF,0.15370835689194545,Inverse volatility universe
2023-09,IEF,0.1605484804609587,Inverse volatility universe
2023-10,IEF,0.15694257537149103,Inverse volatility universe
2023-11,IEF,0.1586910933129841,Inverse volatility universe
2023-12,IEF,0.15478780465646402,Inverse volatility universe
2024-01,IEF,0.1619049693585166,Inverse volatility universe
2024-02,IEF,0.1623065215987241,Inverse volatility universe
2024-03,IEF,0.17078838938937813,Inverse volatility universe
2024-04,IEF,0.17007697947650274,Inverse volatility universe
2024-05,IEF,0.18101398053356607,Inverse volatility universe
2024-06,IEF,0.16761806963942494,Inverse volatility universe
2024-07,IEF,0.17524538586100458,Inverse volatility universe
2024-08,IEF,0.17062950729162724,Inverse volatility universe
2024-09,IEF,0.1924361444856501,Inverse volatility universe
2024-10,IEF,0.19910454452073054,Inverse volatility universe
2024-11,IEF,0.17909452179687768,Inverse volatility universe
2024-12,IEF,0.18959484269301413,Inverse volatility universe
2025-01,IEF,0.19619277034580732,Inverse volatility universe
2025-02,IEF,0.1913214692686101,Inverse volatility universe
2025-03,IEF,0.19409519578014012,Inverse volatility universe
2025-04,IEF,0.26724709298150495,Inverse volatility universe
2025-05,IEF,0.27091644999247483,Inverse volatility universe
2025-06,IEF,0.2656361705770021,Inverse volatility universe
2025-07,IEF,0.1816394049452711,Inverse volatility universe
2025-08,IEF,0.17343005962730235,Inverse volatility universe
2025-09,IEF,0.18002467243099324,Inverse volatility universe
2025-10,IEF,0.23673039748770472,Inverse volatility universe
2025-11,IEF,0.24206014397889167,Inverse volatility universe
2025-12,IEF,0.24609362651480476,Inverse volatility universe
2026-01,IEF,0.23607073162147504,Inverse volatility universe
2026-02,IEF,0.20696751224143345,Inverse volatility universe
2026-03,IEF,0.24126146472324578,Inverse volatility universe
2020-01,IWM,0.08763646760713692,Inverse volatility universe
2020-02,IWM,0.07629025334629268,Inverse volatility universe
2020-03,IWM,0.06207096561321482,Inverse volatility universe
2020-04,IWM,0.057925681803283766,Inverse volatility universe
2020-05,IWM,0.055418658268356916,Inverse volatility universe
2020-06,IWM,0.04093202854972899,Inverse volatility universe
2020-07,IWM,0.04127123968148473,Inverse volatility universe
2020-08,IWM,0.04750215964423698,Inverse volatility universe
2020-09,IWM,0.052402189783821634,Inverse volatility universe
2020-10,IWM,0.05554746088983796,Inverse volatility universe
2020-11,IWM,0.05233476760389371,Inverse volatility universe
2020-12,IWM,0.05586634388683107,Inverse volatility universe
2021-01,IWM,0.053774194336221416,Inverse volatility universe
2021-02,IWM,0.051542272514803845,Inverse volatility universe
2021-03,IWM,0.04765055853716245,Inverse volatility universe
2021-04,IWM,0.04782081974332492,Inverse volatility universe
2021-05,IWM,0.04477831032061439,Inverse volatility universe
2021-06,IWM,0.049381702139042506,Inverse volatility universe
2021-07,IWM,0.04943325583668483,Inverse volatility universe
2021-08,IWM,0.04944252296457054,Inverse volatility universe
2021-09,IWM,0.05136735917457713,Inverse volatility universe
2021-10,IWM,0.055921821599143384,Inverse volatility universe
2021-11,IWM,0.06114831069093738,Inverse volatility universe
2021-12,IWM,0.05596372391605347,Inverse volatility universe
2022-01,IWM,0.052695249441471345,Inverse volatility universe
2022-02,IWM,0.05494682179517161,Inverse volatility universe
2022-03,IWM,0.068198662269335,Inverse volatility universe
2022-04,IWM,0.07275314281360974,Inverse volatility universe
2022-05,IWM,0.07070289153361332,Inverse volatility universe
2022-06,IWM,0.06820622452664128,Inverse volatility universe
2022-07,IWM,0.06935502500876907,Inverse volatility universe
2022-08,IWM,0.0746823859659494,Inverse volatility universe
2022-09,IWM,0.07752358144140938,Inverse volatility universe
2022-10,IWM,0.07478078564539685,Inverse volatility universe
2022-11,IWM,0.07707605128842365,Inverse volatility universe
2022-12,IWM,0.07718458394113992,Inverse volatility universe
2023-01,IWM,0.08145526589924927,Inverse volatility universe
2023-02,IWM,0.08477069500444115,Inverse volatility universe
2023-03,IWM,0.08194764106790547,Inverse volatility universe
2023-04,IWM,0.07872730642726986,Inverse volatility universe
2023-05,IWM,0.07595411617703998,Inverse volatility universe
2023-06,IWM,0.07078166102408442,Inverse volatility universe
2023-07,IWM,0.07201121204130372,Inverse volatility universe
2023-08,IWM,0.07422062907091519,Inverse volatility universe
2023-09,IWM,0.08223218487078192,Inverse volatility universe
2023-10,IWM,0.08440559905212625,Inverse volatility universe
2023-11,IWM,0.07016265560817497,Inverse volatility universe
2023-12,IWM,0.06524029403561636,Inverse volatility universe
2024-01,IWM,0.05941374093327828,Inverse volatility universe
2024-02,IWM,0.05753051401644755,Inverse volatility universe
2024-03,IWM,0.056850881782464065,Inverse volatility universe
2024-04,IWM,0.06101555834858534,Inverse volatility universe
2024-05,IWM,0.07041238326085962,Inverse volatility universe
2024-06,IWM,0.07439586084727441,Inverse volatility universe
2024-07,IWM,0.06173432659267418,Inverse volatility universe
2024-08,IWM,0.05179830062745844,Inverse volatility universe
2024-09,IWM,0.04801226676029154,Inverse volatility universe
2024-10,IWM,0.055368670837313595,Inverse volatility universe
2024-11,IWM,0.05349957228799979,Inverse volatility universe
2024-12,IWM,0.05645814361605569,Inverse volatility universe
2025-01,IWM,0.058196097736234964,Inverse volatility universe
2025-02,IWM,0.06728958106377445,Inverse volatility universe
2025-03,IWM,0.06342553640547759,Inverse volatility universe
2025-04,IWM,0.058698827832482536,Inverse volatility universe
2025-05,IWM,0.057987456747357405,Inverse volatility universe
2025-06,IWM,0.05989957271877977,Inverse volatility universe
2025-07,IWM,0.05874225700603428,Inverse volatility universe
2025-08,IWM,0.051305238623259516,Inverse volatility universe
2025-09,IWM,0.04875400020351869,Inverse volatility universe
2025-10,IWM,0.051347432547000825,Inverse volatility universe
2025-11,IWM,0.04941465528429243,Inverse volatility universe
2025-12,IWM,0.04762905255779479,Inverse volatility universe
2026-01,IWM,0.04583565395863073,Inverse volatility universe
2026-02,IWM,0.04672183032044815,Inverse volatility universe
2026-03,IWM,0.05902019620095818,Inverse volatility universe
2020-01,QQQ,0.08653519780526182,Inverse volatility universe
2020-02,QQQ,0.06502751134744872,Inverse volatility universe
2020-03,QQQ,0.06610542720730148,Inverse volatility universe
2020-04,QQQ,0.06549743450882159,Inverse volatility universe
2020-05,QQQ,0.0663926334309685,Inverse volatility universe
2020-06,QQQ,0.06400674086278545,Inverse volatility universe
2020-07,QQQ,0.0667560620969894,Inverse volatility universe
2020-08,QQQ,0.06333293267775451,Inverse volatility universe
2020-09,QQQ,0.04311853921269007,Inverse volatility universe
2020-10,QQQ,0.042812901703368544,Inverse volatility universe
2020-11,QQQ,0.044721926574301754,Inverse volatility universe
2020-12,QQQ,0.0547234021665423,Inverse volatility universe
2021-01,QQQ,0.05766621276137383,Inverse volatility universe
2021-02,QQQ,0.061437307846309804,Inverse volatility universe
2021-03,QQQ,0.054023219164184844,Inverse volatility universe
2021-04,QQQ,0.05513077486260501,Inverse volatility universe
2021-05,QQQ,0.04983540958695124,Inverse volatility universe
2021-06,QQQ,0.05764062150066638,Inverse volatility universe
2021-07,QQQ,0.06775363368074029,Inverse volatility universe
2021-08,QQQ,0.08691198674991528,Inverse volatility universe
2021-09,QQQ,0.08120712704598454,Inverse volatility universe
2021-10,QQQ,0.07097972398049317,Inverse volatility universe
2021-11,QQQ,0.07357360683143374,Inverse volatility universe
2021-12,QQQ,0.064008152030731,Inverse volatility universe
2022-01,QQQ,0.056862261266153236,Inverse volatility universe
2022-02,QQQ,0.05121700354274338,Inverse volatility universe
2022-03,QQQ,0.05933587050133827,Inverse volatility universe
2022-04,QQQ,0.05824057416071182,Inverse volatility universe
2022-05,QQQ,0.05831376951792876,Inverse volatility universe
2022-06,QQQ,0.05762542311463525,Inverse volatility universe
2022-07,QQQ,0.05965903887729966,Inverse volatility universe
2022-08,QQQ,0.0661922163433264,Inverse volatility universe
2022-09,QQQ,0.07003119510444676,Inverse volatility universe
2022-10,QQQ,0.07027922413635479,Inverse volatility universe
2022-11,QQQ,0.0694384545773653,Inverse volatility universe
2022-12,QQQ,0.06861700122378184,Inverse volatility universe
2023-01,QQQ,0.07005068816547354,Inverse volatility universe
2023-02,QQQ,0.07072479012502178,Inverse volatility universe
2023-03,QQQ,0.08115628633787694,Inverse volatility universe
2023-04,QQQ,0.08084891192301304,Inverse volatility universe
2023-05,QQQ,0.0885477889587538,Inverse volatility universe
2023-06,QQQ,0.08021045005083423,Inverse volatility universe
2023-07,QQQ,0.08280984231666977,Inverse volatility universe
2023-08,QQQ,0.07639149180217428,Inverse volatility universe
2023-09,QQQ,0.07635590805848479,Inverse volatility universe
2023-10,QQQ,0.07781150941004336,Inverse volatility universe
2023-11,QQQ,0.08899629581169555,Inverse volatility universe
2023-12,QQQ,0.09830207861510074,Inverse volatility universe
2024-01,QQQ,0.09782322498010662,Inverse volatility universe
2024-02,QQQ,0.09000215997044139,Inverse volatility universe
2024-03,QQQ,0.07536135422917052,Inverse volatility universe
2024-04,QQQ,0.07457072443606484,Inverse volatility universe
2024-05,QQQ,0.07677090507899877,Inverse volatility universe
2024-06,QQQ,0.08141763171123254,Inverse volatility universe
2024-07,QQQ,0.06580125403233708,Inverse volatility universe
2024-08,QQQ,0.056422835406516006,Inverse volatility universe
2024-09,QQQ,0.0504901666036882,Inverse volatility universe
2024-10,QQQ,0.05589438536599388,Inverse volatility universe
2024-11,QQQ,0.06362612065902866,Inverse volatility universe
2024-12,QQQ,0.06916278637163462,Inverse volatility universe
2025-01,QQQ,0.06430947632703238,Inverse volatility universe
2025-02,QQQ,0.0606217446685614,Inverse volatility universe
2025-03,QQQ,0.05388272689338856,Inverse volatility universe
2025-04,QQQ,0.04938615075807264,Inverse volatility universe
2025-05,QQQ,0.050059927265559065,Inverse volatility universe
2025-06,QQQ,0.05334475492433707,Inverse volatility universe
2025-07,QQQ,0.07771341978963899,Inverse volatility universe
2025-08,QQQ,0.07810150685147828,Inverse volatility universe
2025-09,QQQ,0.08135778921897208,Inverse volatility universe
2025-10,QQQ,0.06904054313947532,Inverse volatility universe
2025-11,QQQ,0.05772789110257809,Inverse volatility universe
2025-12,QQQ,0.05311280170715819,Inverse volatility universe
2026-01,QQQ,0.05111018523065334,Inverse volatility universe
2026-02,QQQ,0.052876267151552254,Inverse volatility universe
2026-03,QQQ,0.06844597287913715,Inverse volatility universe
2020-01,SPY,0.10496112767634849,Inverse volatility universe
2020-02,SPY,0.07688951292793553,Inverse volatility universe
2020-03,SPY,0.0667047082951916,Inverse volatility universe
2020-04,SPY,0.06599514249700199,Inverse volatility universe
2020-05,SPY,0.06594402443751245,Inverse volatility universe
2020-06,SPY,0.062073698796523906,Inverse volatility universe
2020-07,SPY,0.06757885371438861,Inverse volatility universe
2020-08,SPY,0.0721408527963605,Inverse volatility universe
2020-09,SPY,0.06732976850852214,Inverse volatility universe
2020-10,SPY,0.06280273505900759,Inverse volatility universe
2020-11,SPY,0.06337244374092507,Inverse volatility universe
2020-12,SPY,0.0747503291120229,Inverse volatility universe
2021-01,SPY,0.0814780547219471,Inverse volatility universe
2021-02,SPY,0.08590792328746141,Inverse volatility universe
2021-03,SPY,0.08529016906413837,Inverse volatility universe
2021-04,SPY,0.09143522505209473,Inverse volatility universe
2021-05,SPY,0.08389469504991652,Inverse volatility universe
2021-06,SPY,0.0825188933188769,Inverse volatility universe
2021-07,SPY,0.08785933750058553,Inverse volatility universe
2021-08,SPY,0.09884242006183769,Inverse volatility universe
2021-09,SPY,0.08992336672775421,Inverse volatility universe
2021-10,SPY,0.08571665599445785,Inverse volatility universe
2021-11,SPY,0.08946189762451022,Inverse volatility universe
2021-12,SPY,0.08570697515518862,Inverse volatility universe
2022-01,SPY,0.08085936018964901,Inverse volatility universe
2022-02,SPY,0.07398238368240519,Inverse volatility universe
2022-03,SPY,0.08630321923692606,Inverse volatility universe
2022-04,SPY,0.08263217613143853,Inverse volatility universe
2022-05,SPY,0.08004712625498692,Inverse volatility universe
2022-06,SPY,0.0757914665938682,Inverse volatility universe
2022-07,SPY,0.07811093078130436,Inverse volatility universe
2022-08,SPY,0.08586770492958903,Inverse volatility universe
2022-09,SPY,0.0904829574979447,Inverse volatility universe
2022-10,SPY,0.08535470272924592,Inverse volatility universe
2022-11,SPY,0.08670398313395478,Inverse volatility universe
2022-12,SPY,0.08735081055282133,Inverse volatility universe
2023-01,SPY,0.09369267306076798,Inverse volatility universe
2023-02,SPY,0.09886602915091093,Inverse volatility universe
2023-03,SPY,0.10781170939206138,Inverse volatility universe
2023-04,SPY,0.1083669199643313,Inverse volatility universe
2023-05,SPY,0.10859704087271359,Inverse volatility universe
2023-06,SPY,0.11233471021722143,Inverse volatility universe
2023-07,SPY,0.1240903683014565,Inverse volatility universe
2023-08,SPY,0.11887087099352438,Inverse volatility universe
2023-09,SPY,0.11200486233444147,Inverse volatility universe
2023-10,SPY,0.10665274110061347,Inverse volatility universe
2023-11,SPY,0.11533700169959245,Inverse volatility universe
2023-12,SPY,0.1267754765030781,Inverse volatility universe
2024-01,SPY,0.1297331209932939,Inverse volatility universe
2024-02,SPY,0.12222905838461959,Inverse volatility universe
2024-03,SPY,0.10878235737545511,Inverse volatility universe
2024-04,SPY,0.10283625314207528,Inverse volatility universe
2024-05,SPY,0.10621121052718063,Inverse volatility universe
2024-06,SPY,0.11531110994793958,Inverse volatility universe
2024-07,SPY,0.10579372371115107,Inverse volatility universe
2024-08,SPY,0.08442284683935503,Inverse volatility universe
2024-09,SPY,0.07450152324945654,Inverse volatility universe
2024-10,SPY,0.07782530212836763,Inverse volatility universe
2024-11,SPY,0.09117852745138709,Inverse volatility universe
2024-12,SPY,0.09445709933885865,Inverse volatility universe
2025-01,SPY,0.0891570291188397,Inverse volatility universe
2025-02,SPY,0.08658232698984701,Inverse volatility universe
2025-03,SPY,0.07380207911246499,Inverse volatility universe
2025-04,SPY,0.05718995119544897,Inverse volatility universe
2025-05,SPY,0.05735854466113547,Inverse volatility universe
2025-06,SPY,0.059582631136795704,Inverse volatility universe
2025-07,SPY,0.09168327056631045,Inverse volatility universe
2025-08,SPY,0.09810480401518176,Inverse volatility universe
2025-09,SPY,0.10003756433266876,Inverse volatility universe
2025-10,SPY,0.09238455370727439,Inverse volatility universe
2025-11,SPY,0.0798241543437939,Inverse volatility universe
2025-12,SPY,0.07556794996284713,Inverse volatility universe
2026-01,SPY,0.07238006870886832,Inverse volatility universe
2026-02,SPY,0.07413077749378048,Inverse volatility universe
2026-03,SPY,0.0878674420727246,Inverse volatility universe
2020-01,TLT,0.0706722015386068,Inverse volatility universe
2020-02,TLT,0.09351998918928059,Inverse volatility universe
2020-03,TLT,0.10080149585584006,Inverse volatility universe
2020-04,TLT,0.10608747278610535,Inverse volatility universe
2020-05,TLT,0.10447345992323413,Inverse volatility universe
2020-06,TLT,0.11941066145120108,Inverse volatility universe
2020-07,TLT,0.10557813871644758,Inverse volatility universe
2020-08,TLT,0.10815080756798831,Inverse volatility universe
2020-09,TLT,0.1040210548507497,Inverse volatility universe
2020-10,TLT,0.10590749579560248,Inverse volatility universe
2020-11,TLT,0.10576131912951188,Inverse volatility universe
2020-12,TLT,0.09553068010093435,Inverse volatility universe
2021-01,TLT,0.09191399549895418,Inverse volatility universe
2021-02,TLT,0.08472261866419899,Inverse volatility universe
2021-03,TLT,0.0932800449368521,Inverse volatility universe
2021-04,TLT,0.08790303218325525,Inverse volatility universe
2021-05,TLT,0.09536254370338228,Inverse volatility universe
2021-06,TLT,0.0812639700515526,Inverse volatility universe
2021-07,TLT,0.078938298503825,Inverse volatility universe
2021-08,TLT,0.07120989619018653,Inverse volatility universe
2021-09,TLT,0.07352086857563264,Inverse volatility universe
2021-10,TLT,0.07355066760761372,Inverse volatility universe
2021-11,TLT,0.07047536210813946,Inverse volatility universe
2021-12,TLT,0.07532838684667087,Inverse volatility universe
2022-01,TLT,0.08003044417371398,Inverse volatility universe
2022-02,TLT,0.09264924949316933,Inverse volatility universe
2022-03,TLT,0.09797621671600491,Inverse volatility universe
2022-04,TLT,0.10360013625932342,Inverse volatility universe
2022-05,TLT,0.10290927166803897,Inverse volatility universe
2022-06,TLT,0.1061769227660928,Inverse volatility universe
2022-07,TLT,0.10884032541053383,Inverse volatility universe
2022-08,TLT,0.10233457779063153,Inverse volatility universe
2022-09,TLT,0.09428588465402661,Inverse volatility universe
2022-10,TLT,0.10228027933720034,Inverse volatility universe
2022-11,TLT,0.1060370366403065,Inverse volatility universe
2022-12,TLT,0.10076381022131796,Inverse volatility universe
2023-01,TLT,0.09326394677854737,Inverse volatility universe
2023-02,TLT,0.08909622133986278,Inverse volatility universe
2023-03,TLT,0.0928101050217795,Inverse volatility universe
2023-04,TLT,0.09635382457988062,Inverse volatility universe
2023-05,TLT,0.08695031487449308,Inverse volatility universe
2023-06,TLT,0.08549398332402898,Inverse volatility universe
2023-07,TLT,0.08787905457006794,Inverse volatility universe
2023-08,TLT,0.08156308230317295,Inverse volatility universe
2023-09,TLT,0.07644374403966868,Inverse volatility universe
2023-10,TLT,0.06656098522455871,Inverse volatility universe
2023-11,TLT,0.06925853070567681,Inverse volatility universe
2023-12,TLT,0.07005406469176832,Inverse volatility universe
2024-01,TLT,0.07698563690127075,Inverse volatility universe
2024-02,TLT,0.07794231358314659,Inverse volatility universe
2024-03,TLT,0.08512771804525908,Inverse volatility universe
2024-04,TLT,0.08865490525269838,Inverse volatility universe
2024-05,TLT,0.09326706405376387,Inverse volatility universe
2024-06,TLT,0.08294776261052865,Inverse volatility universe
2024-07,TLT,0.08128543275594956,Inverse volatility universe
2024-08,TLT,0.07861913624420137,Inverse volatility universe
2024-09,TLT,0.08853232169898174,Inverse volatility universe
2024-10,TLT,0.09255647110236856,Inverse volatility universe
2024-11,TLT,0.07734921039762002,Inverse volatility universe
2024-12,TLT,0.08143971284363068,Inverse volatility universe
2025-01,TLT,0.08672345616689908,Inverse volatility universe
2025-02,TLT,0.0897207646175108,Inverse volatility universe
2025-03,TLT,0.09544239968561051,Inverse volatility universe
2025-04,TLT,0.11750180397318896,Inverse volatility universe
2025-05,TLT,0.1269408958270042,Inverse volatility universe
2025-06,TLT,0.12134117413537598,Inverse volatility universe
2025-07,TLT,0.08900186535588228,Inverse volatility universe
2025-08,TLT,0.0845403810254867,Inverse volatility universe
2025-09,TLT,0.08220472937952561,Inverse volatility universe
2025-10,TLT,0.10179884969605299,Inverse volatility universe
2025-11,TLT,0.10559799382317032,Inverse volatility universe
2025-12,TLT,0.11588641019123906,Inverse volatility universe
2026-01,TLT,0.10342267360324447,Inverse volatility universe
2026-02,TLT,0.09374976633687475,Inverse volatility universe
2026-03,TLT,0.1185197188099127,Inverse volatility universe
2020-01,VNQ,0.07900165493219158,Inverse volatility universe
2020-02,VNQ,0.0711851482909411,Inverse volatility universe
2020-03,VNQ,0.05438640624003142,Inverse volatility universe
2020-04,VNQ,0.05260887782942267,Inverse volatility universe
2020-05,VNQ,0.051134980164846154,Inverse volatility universe
2020-06,VNQ,0.042791725543411055,Inverse volatility universe
2020-07,VNQ,0.04513180809712132,Inverse volatility universe
2020-08,VNQ,0.05162143558781687,Inverse volatility universe
2020-09,VNQ,0.0563557260463606,Inverse volatility universe
2020-10,VNQ,0.058059444213610346,Inverse volatility universe
2020-11,VNQ,0.058511290581430814,Inverse volatility universe
2020-12,VNQ,0.0640931106110285,Inverse volatility universe
2021-01,VNQ,0.06269284379864042,Inverse volatility universe
2021-02,VNQ,0.06982616927844382,Inverse volatility universe
2021-03,VNQ,0.08144842002092811,Inverse volatility universe
2021-04,VNQ,0.09369848241889775,Inverse volatility universe
2021-05,VNQ,0.0769034331372575,Inverse volatility universe
2021-06,VNQ,0.06689146301520543,Inverse volatility universe
2021-07,VNQ,0.06686360973480422,Inverse volatility universe
2021-08,VNQ,0.07611451290544734,Inverse volatility universe
2021-09,VNQ,0.0740455842392484,Inverse volatility universe
2021-10,VNQ,0.07376238417328243,Inverse volatility universe
2021-11,VNQ,0.0765139056145172,Inverse volatility universe
2021-12,VNQ,0.07629024032639285,Inverse volatility universe
2022-01,VNQ,0.07279351630828929,Inverse volatility universe
2022-02,VNQ,0.0718883766735466,Inverse volatility universe
2022-03,VNQ,0.09303027415948295,Inverse volatility universe
2022-04,VNQ,0.09112678653491177,Inverse volatility universe
2022-05,VNQ,0.08627053989574228,Inverse volatility universe
2022-06,VNQ,0.077479836019791,Inverse volatility universe
2022-07,VNQ,0.07868165033382421,Inverse volatility universe
2022-08,VNQ,0.08813769383140954,Inverse volatility universe
2022-09,VNQ,0.0899573518790371,Inverse volatility universe
2022-10,VNQ,0.07990323621979799,Inverse volatility universe
2022-11,VNQ,0.07576293914801495,Inverse volatility universe
2022-12,VNQ,0.07715453139202548,Inverse volatility universe
2023-01,VNQ,0.07802708853400887,Inverse volatility universe
2023-02,VNQ,0.08283534682160015,Inverse volatility universe
2023-03,VNQ,0.0755082920668094,Inverse volatility universe
2023-04,VNQ,0.07824400798096737,Inverse volatility universe
2023-05,VNQ,0.0739614707533729,Inverse volatility universe
2023-06,VNQ,0.07681745696851952,Inverse volatility universe
2023-07,VNQ,0.08109390628752097,Inverse volatility universe
2023-08,VNQ,0.08476906513323647,Inverse volatility universe
2023-09,VNQ,0.08315769859454843,Inverse volatility universe
2023-10,VNQ,0.07229324518612547,Inverse volatility universe
2023-11,VNQ,0.06531776482572936,Inverse volatility universe
2023-12,VNQ,0.06581797669465732,Inverse volatility universe
2024-01,VNQ,0.06416761057208074,Inverse volatility universe
2024-02,VNQ,0.06971777565199486,Inverse volatility universe
2024-03,VNQ,0.06977961773557959,Inverse volatility universe
2024-04,VNQ,0.06891909285269288,Inverse volatility universe
2024-05,VNQ,0.06578348652075117,Inverse volatility universe
2024-06,VNQ,0.07190909103541689,Inverse volatility universe
2024-07,VNQ,0.08026373382068681,Inverse volatility universe
2024-08,VNQ,0.0870009115423783,Inverse volatility universe
2024-09,VNQ,0.08523386803590587,Inverse volatility universe
2024-10,VNQ,0.07895639678662279,Inverse volatility universe
2024-11,VNQ,0.0810835761722714,Inverse volatility universe
2024-12,VNQ,0.07157079171645027,Inverse volatility universe
2025-01,VNQ,0.06646817554540609,Inverse volatility universe
2025-02,VNQ,0.06841269403639978,Inverse volatility universe
2025-03,VNQ,0.07027508389239119,Inverse volatility universe
2025-04,VNQ,0.07763143875151056,Inverse volatility universe
2025-05,VNQ,0.07654914278522827,Inverse volatility universe
2025-06,VNQ,0.07970440442886964,Inverse volatility universe
2025-07,VNQ,0.07447520896033195,Inverse volatility universe
2025-08,VNQ,0.07142711547455363,Inverse volatility universe
2025-09,VNQ,0.06686120440732332,Inverse volatility universe
2025-10,VNQ,0.07176322778698263,Inverse volatility universe
2025-11,VNQ,0.07433075217406117,Inverse volatility universe
2025-12,VNQ,0.07837282303197625,Inverse volatility universe
2026-01,VNQ,0.07534201572230793,Inverse volatility universe
2026-02,VNQ,0.06968279165729696,Inverse volatility universe
2026-03,VNQ,0.08792523805599861,Inverse volatility universe
2020-01,EEM,0.0,12M momentum top-k portfolio
2020-02,EEM,0.0,12M momentum top-k portfolio
2020-03,EEM,0.0,12M momentum top-k portfolio
2020-04,EEM,0.0,12M momentum top-k portfolio
2020-05,EEM,0.0,12M momentum top-k portfolio
2020-06,EEM,0.0,12M momentum top-k portfolio
2020-07,EEM,0.0,12M momentum top-k portfolio
2020-08,EEM,0.0,12M momentum top-k portfolio
2020-09,EEM,0.0,12M momentum top-k portfolio
2020-10,EEM,0.0,12M momentum top-k portfolio
2020-11,EEM,0.3333333333333333,12M momentum top-k portfolio
2020-12,EEM,0.0,12M momentum top-k portfolio
2021-01,EEM,0.3333333333333333,12M momentum top-k portfolio
2021-02,EEM,0.3333333333333333,12M momentum top-k portfolio
2021-03,EEM,0.3333333333333333,12M momentum top-k portfolio
2021-04,EEM,0.3333333333333333,12M momentum top-k portfolio
2021-05,EEM,0.3333333333333333,12M momentum top-k portfolio
2021-06,EEM,0.0,12M momentum top-k portfolio
2021-07,EEM,0.0,12M momentum top-k portfolio
2021-08,EEM,0.0,12M momentum top-k portfolio
2021-09,EEM,0.0,12M momentum top-k portfolio
2021-10,EEM,0.0,12M momentum top-k portfolio
2021-11,EEM,0.0,12M momentum top-k portfolio
2021-12,EEM,0.0,12M momentum top-k portfolio
2022-01,EEM,0.0,12M momentum top-k portfolio
2022-02,EEM,0.0,12M momentum top-k portfolio
2022-03,EEM,0.0,12M momentum top-k portfolio
2022-04,EEM,0.0,12M momentum top-k portfolio
2022-05,EEM,0.0,12M momentum top-k portfolio
2022-06,EEM,0.0,12M momentum top-k portfolio
2022-07,EEM,0.0,12M momentum top-k portfolio
2022-08,EEM,0.0,12M momentum top-k portfolio
2022-09,EEM,0.0,12M momentum top-k portfolio
2022-10,EEM,0.0,12M momentum top-k portfolio
2022-11,EEM,0.0,12M momentum top-k portfolio
2022-12,EEM,0.0,12M momentum top-k portfolio
2023-01,EEM,0.0,12M momentum top-k portfolio
2023-02,EEM,0.0,12M momentum top-k portfolio
2023-03,EEM,0.0,12M momentum top-k portfolio
2023-04,EEM,0.0,12M momentum top-k portfolio
2023-05,EEM,0.0,12M momentum top-k portfolio
2023-06,EEM,0.0,12M momentum top-k portfolio
2023-07,EEM,0.0,12M momentum top-k portfolio
2023-08,EEM,0.0,12M momentum top-k portfolio
2023-09,EEM,0.0,12M momentum top-k portfolio
2023-10,EEM,0.3333333333333333,12M momentum top-k portfolio
2023-11,EEM,0.0,12M momentum top-k portfolio
2023-12,EEM,0.0,12M momentum top-k portfolio
2024-01,EEM,0.0,12M momentum top-k portfolio
2024-02,EEM,0.0,12M momentum top-k portfolio
2024-03,EEM,0.0,12M momentum top-k portfolio
2024-04,EEM,0.0,12M momentum top-k portfolio
2024-05,EEM,0.0,12M momentum top-k portfolio
2024-06,EEM,0.0,12M momentum top-k portfolio
2024-07,EEM,0.0,12M momentum top-k portfolio
2024-08,EEM,0.0,12M momentum top-k portfolio
2024-09,EEM,0.0,12M momentum top-k portfolio
2024-10,EEM,0.0,12M momentum top-k portfolio
2024-11,EEM,0.0,12M momentum top-k portfolio
2024-12,EEM,0.0,12M momentum top-k portfolio
2025-01,EEM,0.0,12M momentum top-k portfolio
2025-02,EEM,0.0,12M momentum top-k portfolio
2025-03,EEM,0.3333333333333333,12M momentum top-k portfolio
2025-04,EEM,0.0,12M momentum top-k portfolio
2025-05,EEM,0.0,12M momentum top-k portfolio
2025-06,EEM,0.3333333333333333,12M momentum top-k portfolio
2025-07,EEM,0.3333333333333333,12M momentum top-k portfolio
2025-08,EEM,0.3333333333333333,12M momentum top-k portfolio
2025-09,EEM,0.0,12M momentum top-k portfolio
2025-10,EEM,0.3333333333333333,12M momentum top-k portfolio
2025-11,EEM,0.3333333333333333,12M momentum top-k portfolio
2025-12,EEM,0.3333333333333333,12M momentum top-k portfolio
2026-01,EEM,0.3333333333333333,12M momentum top-k portfolio
2026-02,EEM,0.3333333333333333,12M momentum top-k portfolio
2026-03,EEM,0.3333333333333333,12M momentum top-k portfolio
2020-01,GLD,0.0,12M momentum top-k portfolio
2020-02,GLD,0.3333333333333333,12M momentum top-k portfolio
2020-03,GLD,0.3333333333333333,12M momentum top-k portfolio
2020-04,GLD,0.3333333333333333,12M momentum top-k portfolio
2020-05,GLD,0.3333333333333333,12M momentum top-k portfolio
2020-06,GLD,0.3333333333333333,12M momentum top-k portfolio
2020-07,GLD,0.3333333333333333,12M momentum top-k portfolio
2020-08,GLD,0.3333333333333333,12M momentum top-k portfolio
2020-09,GLD,0.3333333333333333,12M momentum top-k portfolio
2020-10,GLD,0.3333333333333333,12M momentum top-k portfolio
2020-11,GLD,0.3333333333333333,12M momentum top-k portfolio
2020-12,GLD,0.3333333333333333,12M momentum top-k portfolio
2021-01,GLD,0.0,12M momentum top-k portfolio
2021-02,GLD,0.0,12M momentum top-k portfolio
2021-03,GLD,0.0,12M momentum top-k portfolio
2021-04,GLD,0.0,12M momentum top-k portfolio
2021-05,GLD,0.0,12M momentum top-k portfolio
2021-06,GLD,0.0,12M momentum top-k portfolio
2021-07,GLD,0.0,12M momentum top-k portfolio
2021-08,GLD,0.0,12M momentum top-k portfolio
2021-09,GLD,0.0,12M momentum top-k portfolio
2021-10,GLD,0.0,12M momentum top-k portfolio
2021-11,GLD,0.0,12M momentum top-k portfolio
2021-12,GLD,0.0,12M momentum top-k portfolio
2022-01,GLD,0.0,12M momentum top-k portfolio
2022-02,GLD,0.3333333333333333,12M momentum top-k portfolio
2022-03,GLD,0.0,12M momentum top-k portfolio
2022-04,GLD,0.3333333333333333,12M momentum top-k portfolio
2022-05,GLD,0.3333333333333333,12M momentum top-k portfolio
2022-06,GLD,0.3333333333333333,12M momentum top-k portfolio
2022-07,GLD,0.3333333333333333,12M momentum top-k portfolio
2022-08,GLD,0.3333333333333333,12M momentum top-k portfolio
2022-09,GLD,0.3333333333333333,12M momentum top-k portfolio
2022-10,GLD,0.3333333333333333,12M momentum top-k portfolio
2022-11,GLD,0.3333333333333333,12M momentum top-k portfolio
2022-12,GLD,0.3333333333333333,12M momentum top-k portfolio
2023-01,GLD,0.3333333333333333,12M momentum top-k portfolio
2023-02,GLD,0.3333333333333333,12M momentum top-k portfolio
2023-03,GLD,0.3333333333333333,12M momentum top-k portfolio
2023-04,GLD,0.3333333333333333,12M momentum top-k portfolio
2023-05,GLD,0.3333333333333333,12M momentum top-k portfolio
2023-06,GLD,0.0,12M momentum top-k portfolio
2023-07,GLD,0.3333333333333333,12M momentum top-k portfolio
2023-08,GLD,0.3333333333333333,12M momentum top-k portfolio
2023-09,GLD,0.3333333333333333,12M momentum top-k portfolio
2023-10,GLD,0.3333333333333333,12M momentum top-k portfolio
2023-11,GLD,0.3333333333333333,12M momentum top-k portfolio
2023-12,GLD,0.0,12M momentum top-k portfolio
2024-01,GLD,0.0,12M momentum top-k portfolio
2024-02,GLD,0.3333333333333333,12M momentum top-k portfolio
2024-03,GLD,0.0,12M momentum top-k portfolio
2024-04,GLD,0.3333333333333333,12M momentum top-k portfolio
2024-05,GLD,0.0,12M momentum top-k portfolio
2024-06,GLD,0.3333333333333333,12M momentum top-k portfolio
2024-07,GLD,0.3333333333333333,12M momentum top-k portfolio
2024-08,GLD,0.3333333333333333,12M momentum top-k portfolio
2024-09,GLD,0.3333333333333333,12M momentum top-k portfolio
2024-10,GLD,0.3333333333333333,12M momentum top-k portfolio
2024-11,GLD,0.0,12M momentum top-k portfolio
2024-12,GLD,0.3333333333333333,12M momentum top-k portfolio
2025-01,GLD,0.3333333333333333,12M momentum top-k portfolio
2025-02,GLD,0.3333333333333333,12M momentum top-k portfolio
2025-03,GLD,0.3333333333333333,12M momentum top-k portfolio
2025-04,GLD,0.3333333333333333,12M momentum top-k portfolio
2025-05,GLD,0.3333333333333333,12M momentum top-k portfolio
2025-06,GLD,0.3333333333333333,12M momentum top-k portfolio
2025-07,GLD,0.3333333333333333,12M momentum top-k portfolio
2025-08,GLD,0.3333333333333333,12M momentum top-k portfolio
2025-09,GLD,0.3333333333333333,12M momentum top-k portfolio
2025-10,GLD,0.3333333333333333,12M momentum top-k portfolio
2025-11,GLD,0.3333333333333333,12M momentum top-k portfolio
2025-12,GLD,0.3333333333333333,12M momentum top-k portfolio
2026-01,GLD,0.3333333333333333,12M momentum top-k portfolio
2026-02,GLD,0.3333333333333333,12M momentum top-k portfolio
2026-03,GLD,0.3333333333333333,12M momentum top-k portfolio
2020-01,HYG,0.0,12M momentum top-k portfolio
2020-02,HYG,0.0,12M momentum top-k portfolio
2020-03,HYG,0.0,12M momentum top-k portfolio
2020-04,HYG,0.0,12M momentum top-k portfolio
2020-05,HYG,0.0,12M momentum top-k portfolio
2020-06,HYG,0.0,12M momentum top-k portfolio
2020-07,HYG,0.0,12M momentum top-k portfolio
2020-08,HYG,0.0,12M momentum top-k portfolio
2020-09,HYG,0.0,12M momentum top-k portfolio
2020-10,HYG,0.0,12M momentum top-k portfolio
2020-11,HYG,0.0,12M momentum top-k portfolio
2020-12,HYG,0.0,12M momentum top-k portfolio
2021-01,HYG,0.0,12M momentum top-k portfolio
2021-02,HYG,0.0,12M momentum top-k portfolio
2021-03,HYG,0.0,12M momentum top-k portfolio
2021-04,HYG,0.0,12M momentum top-k portfolio
2021-05,HYG,0.0,12M momentum top-k portfolio
2021-06,HYG,0.0,12M momentum top-k portfolio
2021-07,HYG,0.0,12M momentum top-k portfolio
2021-08,HYG,0.0,12M momentum top-k portfolio
2021-09,HYG,0.0,12M momentum top-k portfolio
2021-10,HYG,0.0,12M momentum top-k portfolio
2021-11,HYG,0.0,12M momentum top-k portfolio
2021-12,HYG,0.0,12M momentum top-k portfolio
2022-01,HYG,0.0,12M momentum top-k portfolio
2022-02,HYG,0.0,12M momentum top-k portfolio
2022-03,HYG,0.0,12M momentum top-k portfolio
2022-04,HYG,0.0,12M momentum top-k portfolio
2022-05,HYG,0.0,12M momentum top-k portfolio
2022-06,HYG,0.0,12M momentum top-k portfolio
2022-07,HYG,0.0,12M momentum top-k portfolio
2022-08,HYG,0.3333333333333333,12M momentum top-k portfolio
2022-09,HYG,0.3333333333333333,12M momentum top-k portfolio
2022-10,HYG,0.3333333333333333,12M momentum top-k portfolio
2022-11,HYG,0.3333333333333333,12M momentum top-k portfolio
2022-12,HYG,0.3333333333333333,12M momentum top-k portfolio
2023-01,HYG,0.3333333333333333,12M momentum top-k portfolio
2023-02,HYG,0.3333333333333333,12M momentum top-k portfolio
2023-03,HYG,0.3333333333333333,12M momentum top-k portfolio
2023-04,HYG,0.0,12M momentum top-k portfolio
2023-05,HYG,0.0,12M momentum top-k portfolio
2023-06,HYG,0.0,12M momentum top-k portfolio
2023-07,HYG,0.0,12M momentum top-k portfolio
2023-08,HYG,0.0,12M momentum top-k portfolio
2023-09,HYG,0.0,12M momentum top-k portfolio
2023-10,HYG,0.0,12M momentum top-k portfolio
2023-11,HYG,0.0,12M momentum top-k portfolio
2023-12,HYG,0.0,12M momentum top-k portfolio
2024-01,HYG,0.3333333333333333,12M momentum top-k portfolio
2024-02,HYG,0.0,12M momentum top-k portfolio
2024-03,HYG,0.0,12M momentum top-k portfolio
2024-04,HYG,0.0,12M momentum top-k portfolio
2024-05,HYG,0.0,12M momentum top-k portfolio
2024-06,HYG,0.0,12M momentum top-k portfolio
2024-07,HYG,0.0,12M momentum top-k portfolio
2024-08,HYG,0.0,12M momentum top-k portfolio
2024-09,HYG,0.0,12M momentum top-k portfolio
2024-10,HYG,0.0,12M momentum top-k portfolio
2024-11,HYG,0.0,12M momentum top-k portfolio
2024-12,HYG,0.0,12M momentum top-k portfolio
2025-01,HYG,0.0,12M momentum top-k portfolio
2025-02,HYG,0.0,12M momentum top-k portfolio
2025-03,HYG,0.0,12M momentum top-k portfolio
2025-04,HYG,0.0,12M momentum top-k portfolio
2025-05,HYG,0.0,12M momentum top-k portfolio
2025-06,HYG,0.0,12M momentum top-k portfolio
2025-07,HYG,0.0,12M momentum top-k portfolio
2025-08,HYG,0.0,12M momentum top-k portfolio
2025-09,HYG,0.0,12M momentum top-k portfolio
2025-10,HYG,0.0,12M momentum top-k portfolio
2025-11,HYG,0.0,12M momentum top-k portfolio
2025-12,HYG,0.0,12M momentum top-k portfolio
2026-01,HYG,0.0,12M momentum top-k portfolio
2026-02,HYG,0.0,12M momentum top-k portfolio
2026-03,HYG,0.0,12M momentum top-k portfolio
2020-01,IEF,0.0,12M momentum top-k portfolio
2020-02,IEF,0.0,12M momentum top-k portfolio
2020-03,IEF,0.3333333333333333,12M momentum top-k portfolio
2020-04,IEF,0.3333333333333333,12M momentum top-k portfolio
2020-05,IEF,0.0,12M momentum top-k portfolio
2020-06,IEF,0.0,12M momentum top-k portfolio
2020-07,IEF,0.0,12M momentum top-k portfolio
2020-08,IEF,0.0,12M momentum top-k portfolio
2020-09,IEF,0.0,12M momentum top-k portfolio
2020-10,IEF,0.0,12M momentum top-k portfolio
2020-11,IEF,0.0,12M momentum top-k portfolio
2020-12,IEF,0.0,12M momentum top-k portfolio
2021-01,IEF,0.0,12M momentum top-k portfolio
2021-02,IEF,0.0,12M momentum top-k portfolio
2021-03,IEF,0.0,12M momentum top-k portfolio
2021-04,IEF,0.0,12M momentum top-k portfolio
2021-05,IEF,0.0,12M momentum top-k portfolio
2021-06,IEF,0.0,12M momentum top-k portfolio
2021-07,IEF,0.0,12M momentum top-k portfolio
2021-08,IEF,0.0,12M momentum top-k portfolio
2021-09,IEF,0.0,12M momentum top-k portfolio
2021-10,IEF,0.0,12M momentum top-k portfolio
2021-11,IEF,0.0,12M momentum top-k portfolio
2021-12,IEF,0.0,12M momentum top-k portfolio
2022-01,IEF,0.0,12M momentum top-k portfolio
2022-02,IEF,0.0,12M momentum top-k portfolio
2022-03,IEF,0.0,12M momentum top-k portfolio
2022-04,IEF,0.0,12M momentum top-k portfolio
2022-05,IEF,0.0,12M momentum top-k portfolio
2022-06,IEF,0.3333333333333333,12M momentum top-k portfolio
2022-07,IEF,0.0,12M momentum top-k portfolio
2022-08,IEF,0.0,12M momentum top-k portfolio
2022-09,IEF,0.0,12M momentum top-k portfolio
2022-10,IEF,0.0,12M momentum top-k portfolio
2022-11,IEF,0.0,12M momentum top-k portfolio
2022-12,IEF,0.3333333333333333,12M momentum top-k portfolio
2023-01,IEF,0.0,12M momentum top-k portfolio
2023-02,IEF,0.0,12M momentum top-k portfolio
2023-03,IEF,0.3333333333333333,12M momentum top-k portfolio
2023-04,IEF,0.0,12M momentum top-k portfolio
2023-05,IEF,0.0,12M momentum top-k portfolio
2023-06,IEF,0.0,12M momentum top-k portfolio
2023-07,IEF,0.0,12M momentum top-k portfolio
2023-08,IEF,0.0,12M momentum top-k portfolio
2023-09,IEF,0.0,12M momentum top-k portfolio
2023-10,IEF,0.0,12M momentum top-k portfolio
2023-11,IEF,0.0,12M momentum top-k portfolio
2023-12,IEF,0.0,12M momentum top-k portfolio
2024-01,IEF,0.0,12M momentum top-k portfolio
2024-02,IEF,0.0,12M momentum top-k portfolio
2024-03,IEF,0.0,12M momentum top-k portfolio
2024-04,IEF,0.0,12M momentum top-k portfolio
2024-05,IEF,0.0,12M momentum top-k portfolio
2024-06,IEF,0.0,12M momentum top-k portfolio
2024-07,IEF,0.0,12M momentum top-k portfolio
2024-08,IEF,0.0,12M momentum top-k portfolio
2024-09,IEF,0.0,12M momentum top-k portfolio
2024-10,IEF,0.0,12M momentum top-k portfolio
2024-11,IEF,0.0,12M momentum top-k portfolio
2024-12,IEF,0.0,12M momentum top-k portfolio
2025-01,IEF,0.0,12M momentum top-k portfolio
2025-02,IEF,0.0,12M momentum top-k portfolio
2025-03,IEF,0.0,12M momentum top-k portfolio
2025-04,IEF,0.0,12M momentum top-k portfolio
2025-05,IEF,0.0,12M momentum top-k portfolio
2025-06,IEF,0.0,12M momentum top-k portfolio
2025-07,IEF,0.0,12M momentum top-k portfolio
2025-08,IEF,0.0,12M momentum top-k portfolio
2025-09,IEF,0.0,12M momentum top-k portfolio
2025-10,IEF,0.0,12M momentum top-k portfolio
2025-11,IEF,0.0,12M momentum top-k portfolio
2025-12,IEF,0.0,12M momentum top-k portfolio
2026-01,IEF,0.0,12M momentum top-k portfolio
2026-02,IEF,0.0,12M momentum top-k portfolio
2026-03,IEF,0.0,12M momentum top-k portfolio
2020-01,IWM,0.0,12M momentum top-k portfolio
2020-02,IWM,0.0,12M momentum top-k portfolio
2020-03,IWM,0.0,12M momentum top-k portfolio
2020-04,IWM,0.0,12M momentum top-k portfolio
2020-05,IWM,0.0,12M momentum top-k portfolio
2020-06,IWM,0.0,12M momentum top-k portfolio
2020-07,IWM,0.0,12M momentum top-k portfolio
2020-08,IWM,0.0,12M momentum top-k portfolio
2020-09,IWM,0.0,12M momentum top-k portfolio
2020-10,IWM,0.0,12M momentum top-k portfolio
2020-11,IWM,0.0,12M momentum top-k portfolio
2020-12,IWM,0.3333333333333333,12M momentum top-k portfolio
2021-01,IWM,0.3333333333333333,12M momentum top-k portfolio
2021-02,IWM,0.3333333333333333,12M momentum top-k portfolio
2021-03,IWM,0.3333333333333333,12M momentum top-k portfolio
2021-04,IWM,0.3333333333333333,12M momentum top-k portfolio
2021-05,IWM,0.3333333333333333,12M momentum top-k portfolio
2021-06,IWM,0.3333333333333333,12M momentum top-k portfolio
2021-07,IWM,0.3333333333333333,12M momentum top-k portfolio
2021-08,IWM,0.3333333333333333,12M momentum top-k portfolio
2021-09,IWM,0.3333333333333333,12M momentum top-k portfolio
2021-10,IWM,0.3333333333333333,12M momentum top-k portfolio
2021-11,IWM,0.0,12M momentum top-k portfolio
2021-12,IWM,0.0,12M momentum top-k portfolio
2022-01,IWM,0.0,12M momentum top-k portfolio
2022-02,IWM,0.0,12M momentum top-k portfolio
2022-03,IWM,0.0,12M momentum top-k portfolio
2022-04,IWM,0.0,12M momentum top-k portfolio
2022-05,IWM,0.0,12M momentum top-k portfolio
2022-06,IWM,0.0,12M momentum top-k portfolio
2022-07,IWM,0.0,12M momentum top-k portfolio
2022-08,IWM,0.0,12M momentum top-k portfolio
2022-09,IWM,0.0,12M momentum top-k portfolio
2022-10,IWM,0.0,12M momentum top-k portfolio
2022-11,IWM,0.0,12M momentum top-k portfolio
2022-12,IWM,0.0,12M momentum top-k portfolio
2023-01,IWM,0.3333333333333333,12M momentum top-k portfolio
2023-02,IWM,0.3333333333333333,12M momentum top-k portfolio
2023-03,IWM,0.0,12M momentum top-k portfolio
2023-04,IWM,0.0,12M momentum top-k portfolio
2023-05,IWM,0.0,12M momentum top-k portfolio
2023-06,IWM,0.3333333333333333,12M momentum top-k portfolio
2023-07,IWM,0.0,12M momentum top-k portfolio
2023-08,IWM,0.0,12M momentum top-k portfolio
2023-09,IWM,0.0,12M momentum top-k portfolio
2023-10,IWM,0.0,12M momentum top-k portfolio
2023-11,IWM,0.0,12M momentum top-k portfolio
2023-12,IWM,0.3333333333333333,12M momentum top-k portfolio
2024-01,IWM,0.0,12M momentum top-k portfolio
2024-02,IWM,0.0,12M momentum top-k portfolio
2024-03,IWM,0.3333333333333333,12M momentum top-k portfolio
2024-04,IWM,0.0,12M momentum top-k portfolio
2024-05,IWM,0.3333333333333333,12M momentum top-k portfolio
2024-06,IWM,0.0,12M momentum top-k portfolio
2024-07,IWM,0.0,12M momentum top-k portfolio
2024-08,IWM,0.0,12M momentum top-k portfolio
2024-09,IWM,0.0,12M momentum top-k portfolio
2024-10,IWM,0.0,12M momentum top-k portfolio
2024-11,IWM,0.3333333333333333,12M momentum top-k portfolio
2024-12,IWM,0.0,12M momentum top-k portfolio
2025-01,IWM,0.0,12M momentum top-k portfolio
2025-02,IWM,0.0,12M momentum top-k portfolio
2025-03,IWM,0.0,12M momentum top-k portfolio
2025-04,IWM,0.0,12M momentum top-k portfolio
2025-05,IWM,0.0,12M momentum top-k portfolio
2025-06,IWM,0.0,12M momentum top-k portfolio
2025-07,IWM,0.0,12M momentum top-k portfolio
2025-08,IWM,0.0,12M momentum top-k portfolio
2025-09,IWM,0.0,12M momentum top-k portfolio
2025-10,IWM,0.0,12M momentum top-k portfolio
2025-11,IWM,0.0,12M momentum top-k portfolio
2025-12,IWM,0.0,12M momentum top-k portfolio
2026-01,IWM,0.0,12M momentum top-k portfolio
2026-02,IWM,0.3333333333333333,12M momentum top-k portfolio
2026-03,IWM,0.3333333333333333,12M momentum top-k portfolio
2020-01,QQQ,0.3333333333333333,12M momentum top-k portfolio
2020-02,QQQ,0.3333333333333333,12M momentum top-k portfolio
2020-03,QQQ,0.0,12M momentum top-k portfolio
2020-04,QQQ,0.0,12M momentum top-k portfolio
2020-05,QQQ,0.3333333333333333,12M momentum top-k portfolio
2020-06,QQQ,0.3333333333333333,12M momentum top-k portfolio
2020-07,QQQ,0.3333333333333333,12M momentum top-k portfolio
2020-08,QQQ,0.3333333333333333,12M momentum top-k portfolio
2020-09,QQQ,0.3333333333333333,12M momentum top-k portfolio
2020-10,QQQ,0.3333333333333333,12M momentum top-k portfolio
2020-11,QQQ,0.3333333333333333,12M momentum top-k portfolio
2020-12,QQQ,0.3333333333333333,12M momentum top-k portfolio
2021-01,QQQ,0.3333333333333333,12M momentum top-k portfolio
2021-02,QQQ,0.3333333333333333,12M momentum top-k portfolio
2021-03,QQQ,0.3333333333333333,12M momentum top-k portfolio
2021-04,QQQ,0.3333333333333333,12M momentum top-k portfolio
2021-05,QQQ,0.3333333333333333,12M momentum top-k portfolio
2021-06,QQQ,0.3333333333333333,12M momentum top-k portfolio
2021-07,QQQ,0.3333333333333333,12M momentum top-k portfolio
2021-08,QQQ,0.0,12M momentum top-k portfolio
2021-09,QQQ,0.0,12M momentum top-k portfolio
2021-10,QQQ,0.0,12M momentum top-k portfolio
2021-11,QQQ,0.3333333333333333,12M momentum top-k portfolio
2021-12,QQQ,0.3333333333333333,12M momentum top-k portfolio
2022-01,QQQ,0.3333333333333333,12M momentum top-k portfolio
2022-02,QQQ,0.0,12M momentum top-k portfolio
2022-03,QQQ,0.3333333333333333,12M momentum top-k portfolio
2022-04,QQQ,0.0,12M momentum top-k portfolio
2022-05,QQQ,0.0,12M momentum top-k portfolio
2022-06,QQQ,0.0,12M momentum top-k portfolio
2022-07,QQQ,0.0,12M momentum top-k portfolio
2022-08,QQQ,0.0,12M momentum top-k portfolio
2022-09,QQQ,0.0,12M momentum top-k portfolio
2022-10,QQQ,0.0,12M momentum top-k portfolio
2022-11,QQQ,0.0,12M momentum top-k portfolio
2022-12,QQQ,0.0,12M momentum top-k portfolio
2023-01,QQQ,0.0,12M momentum top-k portfolio
2023-02,QQQ,0.0,12M momentum top-k portfolio
2023-03,QQQ,0.0,12M momentum top-k portfolio
2023-04,QQQ,0.3333333333333333,12M momentum top-k portfolio
2023-05,QQQ,0.3333333333333333,12M momentum top-k portfolio
2023-06,QQQ,0.3333333333333333,12M momentum top-k portfolio
2023-07,QQQ,0.3333333333333333,12M momentum top-k portfolio
2023-08,QQQ,0.3333333333333333,12M momentum top-k portfolio
2023-09,QQQ,0.3333333333333333,12M momentum top-k portfolio
2023-10,QQQ,0.3333333333333333,12M momentum top-k portfolio
2023-11,QQQ,0.3333333333333333,12M momentum top-k portfolio
2023-12,QQQ,0.3333333333333333,12M momentum top-k portfolio
2024-01,QQQ,0.3333333333333333,12M momentum top-k portfolio
2024-02,QQQ,0.3333333333333333,12M momentum top-k portfolio
2024-03,QQQ,0.3333333333333333,12M momentum top-k portfolio
2024-04,QQQ,0.3333333333333333,12M momentum top-k portfolio
2024-05,QQQ,0.3333333333333333,12M momentum top-k portfolio
2024-06,QQQ,0.3333333333333333,12M momentum top-k portfolio
2024-07,QQQ,0.3333333333333333,12M momentum top-k portfolio
2024-08,QQQ,0.3333333333333333,12M momentum top-k portfolio
2024-09,QQQ,0.3333333333333333,12M momentum top-k portfolio
2024-10,QQQ,0.3333333333333333,12M momentum top-k portfolio
2024-11,QQQ,0.3333333333333333,12M momentum top-k portfolio
2024-12,QQQ,0.3333333333333333,12M momentum top-k portfolio
2025-01,QQQ,0.3333333333333333,12M momentum top-k portfolio
2025-02,QQQ,0.3333333333333333,12M momentum top-k portfolio
2025-03,QQQ,0.0,12M momentum top-k portfolio
2025-04,QQQ,0.3333333333333333,12M momentum top-k portfolio
2025-05,QQQ,0.3333333333333333,12M momentum top-k portfolio
2025-06,QQQ,0.3333333333333333,12M momentum top-k portfolio
2025-07,QQQ,0.3333333333333333,12M momentum top-k portfolio
2025-08,QQQ,0.3333333333333333,12M momentum top-k portfolio
2025-09,QQQ,0.3333333333333333,12M momentum top-k portfolio
2025-10,QQQ,0.3333333333333333,12M momentum top-k portfolio
2025-11,QQQ,0.3333333333333333,12M momentum top-k portfolio
2025-12,QQQ,0.3333333333333333,12M momentum top-k portfolio
2026-01,QQQ,0.3333333333333333,12M momentum top-k portfolio
2026-02,QQQ,0.0,12M momentum top-k portfolio
2026-03,QQQ,0.0,12M momentum top-k portfolio
2020-01,SPY,0.3333333333333333,12M momentum top-k portfolio
2020-02,SPY,0.0,12M momentum top-k portfolio
2020-03,SPY,0.0,12M momentum top-k portfolio
2020-04,SPY,0.0,12M momentum top-k portfolio
2020-05,SPY,0.0,12M momentum top-k portfolio
2020-06,SPY,0.0,12M momentum top-k portfolio
2020-07,SPY,0.0,12M momentum top-k portfolio
2020-08,SPY,0.3333333333333333,12M momentum top-k portfolio
2020-09,SPY,0.3333333333333333,12M momentum top-k portfolio
2020-10,SPY,0.0,12M momentum top-k portfolio
2020-11,SPY,0.0,12M momentum top-k portfolio
2020-12,SPY,0.0,12M momentum top-k portfolio
2021-01,SPY,0.0,12M momentum top-k portfolio
2021-02,SPY,0.0,12M momentum top-k portfolio
2021-03,SPY,0.0,12M momentum top-k portfolio
2021-04,SPY,0.0,12M momentum top-k portfolio
2021-05,SPY,0.0,12M momentum top-k portfolio
2021-06,SPY,0.3333333333333333,12M momentum top-k portfolio
2021-07,SPY,0.3333333333333333,12M momentum top-k portfolio
2021-08,SPY,0.3333333333333333,12M momentum top-k portfolio
2021-09,SPY,0.3333333333333333,12M momentum top-k portfolio
2021-10,SPY,0.3333333333333333,12M momentum top-k portfolio
2021-11,SPY,0.3333333333333333,12M momentum top-k portfolio
2021-12,SPY,0.3333333333333333,12M momentum top-k portfolio
2022-01,SPY,0.3333333333333333,12M momentum top-k portfolio
2022-02,SPY,0.3333333333333333,12M momentum top-k portfolio
2022-03,SPY,0.3333333333333333,12M momentum top-k portfolio
2022-04,SPY,0.3333333333333333,12M momentum top-k portfolio
2022-05,SPY,0.3333333333333333,12M momentum top-k portfolio
2022-06,SPY,0.0,12M momentum top-k portfolio
2022-07,SPY,0.3333333333333333,12M momentum top-k portfolio
2022-08,SPY,0.3333333333333333,12M momentum top-k portfolio
2022-09,SPY,0.3333333333333333,12M momentum top-k portfolio
2022-10,SPY,0.3333333333333333,12M momentum top-k portfolio
2022-11,SPY,0.3333333333333333,12M momentum top-k portfolio
2022-12,SPY,0.0,12M momentum top-k portfolio
2023-01,SPY,0.0,12M momentum top-k portfolio
2023-02,SPY,0.0,12M momentum top-k portfolio
2023-03,SPY,0.0,12M momentum top-k portfolio
2023-04,SPY,0.3333333333333333,12M momentum top-k portfolio
2023-05,SPY,0.3333333333333333,12M momentum top-k portfolio
2023-06,SPY,0.3333333333333333,12M momentum top-k portfolio
2023-07,SPY,0.3333333333333333,12M momentum top-k portfolio
2023-08,SPY,0.3333333333333333,12M momentum top-k portfolio
2023-09,SPY,0.3333333333333333,12M momentum top-k portfolio
2023-10,SPY,0.0,12M momentum top-k portfolio
2023-11,SPY,0.3333333333333333,12M momentum top-k portfolio
2023-12,SPY,0.3333333333333333,12M momentum top-k portfolio
2024-01,SPY,0.3333333333333333,12M momentum top-k portfolio
2024-02,SPY,0.3333333333333333,12M momentum top-k portfolio
2024-03,SPY,0.3333333333333333,12M momentum top-k portfolio
2024-04,SPY,0.3333333333333333,12M momentum top-k portfolio
2024-05,SPY,0.3333333333333333,12M momentum top-k portfolio
2024-06,SPY,0.3333333333333333,12M momentum top-k portfolio
2024-07,SPY,0.3333333333333333,12M momentum top-k portfolio
2024-08,SPY,0.3333333333333333,12M momentum top-k portfolio
2024-09,SPY,0.3333333333333333,12M momentum top-k portfolio
2024-10,SPY,0.3333333333333333,12M momentum top-k portfolio
2024-11,SPY,0.3333333333333333,12M momentum top-k portfolio
2024-12,SPY,0.3333333333333333,12M momentum top-k portfolio
2025-01,SPY,0.3333333333333333,12M momentum top-k portfolio
2025-02,SPY,0.3333333333333333,12M momentum top-k portfolio
2025-03,SPY,0.0,12M momentum top-k portfolio
2025-04,SPY,0.0,12M momentum top-k portfolio
2025-05,SPY,0.0,12M momentum top-k portfolio
2025-06,SPY,0.0,12M momentum top-k portfolio
2025-07,SPY,0.0,12M momentum top-k portfolio
2025-08,SPY,0.0,12M momentum top-k portfolio
2025-09,SPY,0.3333333333333333,12M momentum top-k portfolio
2025-10,SPY,0.0,12M momentum top-k portfolio
2025-11,SPY,0.0,12M momentum top-k portfolio
2025-12,SPY,0.0,12M momentum top-k portfolio
2026-01,SPY,0.0,12M momentum top-k portfolio
2026-02,SPY,0.0,12M momentum top-k portfolio
2026-03,SPY,0.0,12M momentum top-k portfolio
2020-01,TLT,0.3333333333333333,12M momentum top-k portfolio
2020-02,TLT,0.3333333333333333,12M momentum top-k portfolio
2020-03,TLT,0.3333333333333333,12M momentum top-k portfolio
2020-04,TLT,0.3333333333333333,12M momentum top-k portfolio
2020-05,TLT,0.3333333333333333,12M momentum top-k portfolio
2020-06,TLT,0.3333333333333333,12M momentum top-k portfolio
2020-07,TLT,0.3333333333333333,12M momentum top-k portfolio
2020-08,TLT,0.0,12M momentum top-k portfolio
2020-09,TLT,0.0,12M momentum top-k portfolio
2020-10,TLT,0.3333333333333333,12M momentum top-k portfolio
2020-11,TLT,0.0,12M momentum top-k portfolio
2020-12,TLT,0.0,12M momentum top-k portfolio
2021-01,TLT,0.0,12M momentum top-k portfolio
2021-02,TLT,0.0,12M momentum top-k portfolio
2021-03,TLT,0.0,12M momentum top-k portfolio
2021-04,TLT,0.0,12M momentum top-k portfolio
2021-05,TLT,0.0,12M momentum top-k portfolio
2021-06,TLT,0.0,12M momentum top-k portfolio
2021-07,TLT,0.0,12M momentum top-k portfolio
2021-08,TLT,0.0,12M momentum top-k portfolio
2021-09,TLT,0.0,12M momentum top-k portfolio
2021-10,TLT,0.0,12M momentum top-k portfolio
2021-11,TLT,0.0,12M momentum top-k portfolio
2021-12,TLT,0.0,12M momentum top-k portfolio
2022-01,TLT,0.0,12M momentum top-k portfolio
2022-02,TLT,0.0,12M momentum top-k portfolio
2022-03,TLT,0.0,12M momentum top-k portfolio
2022-04,TLT,0.0,12M momentum top-k portfolio
2022-05,TLT,0.0,12M momentum top-k portfolio
2022-06,TLT,0.0,12M momentum top-k portfolio
2022-07,TLT,0.0,12M momentum top-k portfolio
2022-08,TLT,0.0,12M momentum top-k portfolio
2022-09,TLT,0.0,12M momentum top-k portfolio
2022-10,TLT,0.0,12M momentum top-k portfolio
2022-11,TLT,0.0,12M momentum top-k portfolio
2022-12,TLT,0.0,12M momentum top-k portfolio
2023-01,TLT,0.0,12M momentum top-k portfolio
2023-02,TLT,0.0,12M momentum top-k portfolio
2023-03,TLT,0.0,12M momentum top-k portfolio
2023-04,TLT,0.0,12M momentum top-k portfolio
2023-05,TLT,0.0,12M momentum top-k portfolio
2023-06,TLT,0.0,12M momentum top-k portfolio
2023-07,TLT,0.0,12M momentum top-k portfolio
2023-08,TLT,0.0,12M momentum top-k portfolio
2023-09,TLT,0.0,12M momentum top-k portfolio
2023-10,TLT,0.0,12M momentum top-k portfolio
2023-11,TLT,0.0,12M momentum top-k portfolio
2023-12,TLT,0.0,12M momentum top-k portfolio
2024-01,TLT,0.0,12M momentum top-k portfolio
2024-02,TLT,0.0,12M momentum top-k portfolio
2024-03,TLT,0.0,12M momentum top-k portfolio
2024-04,TLT,0.0,12M momentum top-k portfolio
2024-05,TLT,0.0,12M momentum top-k portfolio
2024-06,TLT,0.0,12M momentum top-k portfolio
2024-07,TLT,0.0,12M momentum top-k portfolio
2024-08,TLT,0.0,12M momentum top-k portfolio
2024-09,TLT,0.0,12M momentum top-k portfolio
2024-10,TLT,0.0,12M momentum top-k portfolio
2024-11,TLT,0.0,12M momentum top-k portfolio
2024-12,TLT,0.0,12M momentum top-k portfolio
2025-01,TLT,0.0,12M momentum top-k portfolio
2025-02,TLT,0.0,12M momentum top-k portfolio
2025-03,TLT,0.0,12M momentum top-k portfolio
2025-04,TLT,0.0,12M momentum top-k portfolio
2025-05,TLT,0.0,12M momentum top-k portfolio
2025-06,TLT,0.0,12M momentum top-k portfolio
2025-07,TLT,0.0,12M momentum top-k portfolio
2025-08,TLT,0.0,12M momentum top-k portfolio
2025-09,TLT,0.0,12M momentum top-k portfolio
2025-10,TLT,0.0,12M momentum top-k portfolio
2025-11,TLT,0.0,12M momentum top-k portfolio
2025-12,TLT,0.0,12M momentum top-k portfolio
2026-01,TLT,0.0,12M momentum top-k portfolio
2026-02,TLT,0.0,12M momentum top-k portfolio
2026-03,TLT,0.0,12M momentum top-k portfolio
2020-01,VNQ,0.0,12M momentum top-k portfolio
2020-02,VNQ,0.0,12M momentum top-k portfolio
2020-03,VNQ,0.0,12M momentum top-k portfolio
2020-04,VNQ,0.0,12M momentum top-k portfolio
2020-05,VNQ,0.0,12M momentum top-k portfolio
2020-06,VNQ,0.0,12M momentum top-k portfolio
2020-07,VNQ,0.0,12M momentum top-k portfolio
2020-08,VNQ,0.0,12M momentum top-k portfolio
2020-09,VNQ,0.0,12M momentum top-k portfolio
2020-10,VNQ,0.0,12M momentum top-k portfolio
2020-11,VNQ,0.0,12M momentum top-k portfolio
2020-12,VNQ,0.0,12M momentum top-k portfolio
2021-01,VNQ,0.0,12M momentum top-k portfolio
2021-02,VNQ,0.0,12M momentum top-k portfolio
2021-03,VNQ,0.0,12M momentum top-k portfolio
2021-04,VNQ,0.0,12M momentum top-k portfolio
2021-05,VNQ,0.0,12M momentum top-k portfolio
2021-06,VNQ,0.0,12M momentum top-k portfolio
2021-07,VNQ,0.0,12M momentum top-k portfolio
2021-08,VNQ,0.3333333333333333,12M momentum top-k portfolio
2021-09,VNQ,0.3333333333333333,12M momentum top-k portfolio
2021-10,VNQ,0.3333333333333333,12M momentum top-k portfolio
2021-11,VNQ,0.3333333333333333,12M momentum top-k portfolio
2021-12,VNQ,0.3333333333333333,12M momentum top-k portfolio
2022-01,VNQ,0.3333333333333333,12M momentum top-k portfolio
2022-02,VNQ,0.3333333333333333,12M momentum top-k portfolio
2022-03,VNQ,0.3333333333333333,12M momentum top-k portfolio
2022-04,VNQ,0.3333333333333333,12M momentum top-k portfolio
2022-05,VNQ,0.3333333333333333,12M momentum top-k portfolio
2022-06,VNQ,0.3333333333333333,12M momentum top-k portfolio
2022-07,VNQ,0.3333333333333333,12M momentum top-k portfolio
2022-08,VNQ,0.0,12M momentum top-k portfolio
2022-09,VNQ,0.0,12M momentum top-k portfolio
2022-10,VNQ,0.0,12M momentum top-k portfolio
2022-11,VNQ,0.0,12M momentum top-k portfolio
2022-12,VNQ,0.0,12M momentum top-k portfolio
2023-01,VNQ,0.0,12M momentum top-k portfolio
2023-02,VNQ,0.0,12M momentum top-k portfolio
2023-03,VNQ,0.0,12M momentum top-k portfolio
2023-04,VNQ,0.0,12M momentum top-k portfolio
2023-05,VNQ,0.0,12M momentum top-k portfolio
2023-06,VNQ,0.0,12M momentum top-k portfolio
2023-07,VNQ,0.0,12M momentum top-k portfolio
2023-08,VNQ,0.0,12M momentum top-k portfolio
2023-09,VNQ,0.0,12M momentum top-k portfolio
2023-10,VNQ,0.0,12M momentum top-k portfolio
2023-11,VNQ,0.0,12M momentum top-k portfolio
2023-12,VNQ,0.0,12M momentum top-k portfolio
2024-01,VNQ,0.0,12M momentum top-k portfolio
2024-02,VNQ,0.0,12M momentum top-k portfolio
2024-03,VNQ,0.0,12M momentum top-k portfolio
2024-04,VNQ,0.0,12M momentum top-k portfolio
2024-05,VNQ,0.0,12M momentum top-k portfolio
2024-06,VNQ,0.0,12M momentum top-k portfolio
2024-07,VNQ,0.0,12M momentum top-k portfolio
2024-08,VNQ,0.0,12M momentum top-k portfolio
2024-09,VNQ,0.0,12M momentum top-k portfolio
2024-10,VNQ,0.0,12M momentum top-k portfolio
2024-11,VNQ,0.0,12M momentum top-k portfolio
2024-12,VNQ,0.0,12M momentum top-k portfolio
2025-01,VNQ,0.0,12M momentum top-k portfolio
2025-02,VNQ,0.0,12M momentum top-k portfolio
2025-03,VNQ,0.3333333333333333,12M momentum top-k portfolio
2025-04,VNQ,0.3333333333333333,12M momentum top-k portfolio
2025-05,VNQ,0.3333333333333333,12M momentum top-k portfolio
2025-06,VNQ,0.0,12M momentum top-k portfolio
2025-07,VNQ,0.0,12M momentum top-k portfolio
2025-08,VNQ,0.0,12M momentum top-k portfolio
2025-09,VNQ,0.0,12M momentum top-k portfolio
2025-10,VNQ,0.0,12M momentum top-k portfolio
2025-11,VNQ,0.0,12M momentum top-k portfolio
2025-12,VNQ,0.0,12M momentum top-k portfolio
2026-01,VNQ,0.0,12M momentum top-k portfolio
2026-02,VNQ,0.0,12M momentum top-k portfolio
2026-03,VNQ,0.0,12M momentum top-k portfolio
2020-01,EEM,0.0,Low volatility top-k portfolio
2020-02,EEM,0.0,Low volatility top-k portfolio
2020-03,EEM,0.0,Low volatility top-k portfolio
2020-04,EEM,0.0,Low volatility top-k portfolio
2020-05,EEM,0.0,Low volatility top-k portfolio
2020-06,EEM,0.0,Low volatility top-k portfolio
2020-07,EEM,0.0,Low volatility top-k portfolio
2020-08,EEM,0.0,Low volatility top-k portfolio
2020-09,EEM,0.0,Low volatility top-k portfolio
2020-10,EEM,0.0,Low volatility top-k portfolio
2020-11,EEM,0.0,Low volatility top-k portfolio
2020-12,EEM,0.0,Low volatility top-k portfolio
2021-01,EEM,0.0,Low volatility top-k portfolio
2021-02,EEM,0.0,Low volatility top-k portfolio
2021-03,EEM,0.0,Low volatility top-k portfolio
2021-04,EEM,0.0,Low volatility top-k portfolio
2021-05,EEM,0.0,Low volatility top-k portfolio
2021-06,EEM,0.0,Low volatility top-k portfolio
2021-07,EEM,0.0,Low volatility top-k portfolio
2021-08,EEM,0.0,Low volatility top-k portfolio
2021-09,EEM,0.0,Low volatility top-k portfolio
2021-10,EEM,0.0,Low volatility top-k portfolio
2021-11,EEM,0.0,Low volatility top-k portfolio
2021-12,EEM,0.0,Low volatility top-k portfolio
2022-01,EEM,0.0,Low volatility top-k portfolio
2022-02,EEM,0.0,Low volatility top-k portfolio
2022-03,EEM,0.0,Low volatility top-k portfolio
2022-04,EEM,0.0,Low volatility top-k portfolio
2022-05,EEM,0.0,Low volatility top-k portfolio
2022-06,EEM,0.0,Low volatility top-k portfolio
2022-07,EEM,0.0,Low volatility top-k portfolio
2022-08,EEM,0.0,Low volatility top-k portfolio
2022-09,EEM,0.0,Low volatility top-k portfolio
2022-10,EEM,0.0,Low volatility top-k portfolio
2022-11,EEM,0.0,Low volatility top-k portfolio
2022-12,EEM,0.0,Low volatility top-k portfolio
2023-01,EEM,0.0,Low volatility top-k portfolio
2023-02,EEM,0.0,Low volatility top-k portfolio
2023-03,EEM,0.0,Low volatility top-k portfolio
2023-04,EEM,0.3333333333333333,Low volatility top-k portfolio
2023-05,EEM,0.3333333333333333,Low volatility top-k portfolio
2023-06,EEM,0.0,Low volatility top-k portfolio
2023-07,EEM,0.0,Low volatility top-k portfolio
2023-08,EEM,0.0,Low volatility top-k portfolio
2023-09,EEM,0.0,Low volatility top-k portfolio
2023-10,EEM,0.0,Low volatility top-k portfolio
2023-11,EEM,0.0,Low volatility top-k portfolio
2023-12,EEM,0.0,Low volatility top-k portfolio
2024-01,EEM,0.0,Low volatility top-k portfolio
2024-02,EEM,0.0,Low volatility top-k portfolio
2024-03,EEM,0.0,Low volatility top-k portfolio
2024-04,EEM,0.0,Low volatility top-k portfolio
2024-05,EEM,0.0,Low volatility top-k portfolio
2024-06,EEM,0.0,Low volatility top-k portfolio
2024-07,EEM,0.0,Low volatility top-k portfolio
2024-08,EEM,0.0,Low volatility top-k portfolio
2024-09,EEM,0.0,Low volatility top-k portfolio
2024-10,EEM,0.0,Low volatility top-k portfolio
2024-11,EEM,0.0,Low volatility top-k portfolio
2024-12,EEM,0.0,Low volatility top-k portfolio
2025-01,EEM,0.0,Low volatility top-k portfolio
2025-02,EEM,0.0,Low volatility top-k portfolio
2025-03,EEM,0.0,Low volatility top-k portfolio
2025-04,EEM,0.0,Low volatility top-k portfolio
2025-05,EEM,0.0,Low volatility top-k portfolio
2025-06,EEM,0.0,Low volatility top-k portfolio
2025-07,EEM,0.0,Low volatility top-k portfolio
2025-08,EEM,0.0,Low volatility top-k portfolio
2025-09,EEM,0.0,Low volatility top-k portfolio
2025-10,EEM,0.0,Low volatility top-k portfolio
2025-11,EEM,0.0,Low volatility top-k portfolio
2025-12,EEM,0.0,Low volatility top-k portfolio
2026-01,EEM,0.0,Low volatility top-k portfolio
2026-02,EEM,0.0,Low volatility top-k portfolio
2026-03,EEM,0.0,Low volatility top-k portfolio
2020-01,GLD,0.0,Low volatility top-k portfolio
2020-02,GLD,0.3333333333333333,Low volatility top-k portfolio
2020-03,GLD,0.3333333333333333,Low volatility top-k portfolio
2020-04,GLD,0.3333333333333333,Low volatility top-k portfolio
2020-05,GLD,0.3333333333333333,Low volatility top-k portfolio
2020-06,GLD,0.3333333333333333,Low volatility top-k portfolio
2020-07,GLD,0.3333333333333333,Low volatility top-k portfolio
2020-08,GLD,0.0,Low volatility top-k portfolio
2020-09,GLD,0.0,Low volatility top-k portfolio
2020-10,GLD,0.0,Low volatility top-k portfolio
2020-11,GLD,0.0,Low volatility top-k portfolio
2020-12,GLD,0.0,Low volatility top-k portfolio
2021-01,GLD,0.0,Low volatility top-k portfolio
2021-02,GLD,0.0,Low volatility top-k portfolio
2021-03,GLD,0.0,Low volatility top-k portfolio
2021-04,GLD,0.0,Low volatility top-k portfolio
2021-05,GLD,0.0,Low volatility top-k portfolio
2021-06,GLD,0.0,Low volatility top-k portfolio
2021-07,GLD,0.0,Low volatility top-k portfolio
2021-08,GLD,0.0,Low volatility top-k portfolio
2021-09,GLD,0.0,Low volatility top-k portfolio
2021-10,GLD,0.0,Low volatility top-k portfolio
2021-11,GLD,0.0,Low volatility top-k portfolio
2021-12,GLD,0.3333333333333333,Low volatility top-k portfolio
2022-01,GLD,0.3333333333333333,Low volatility top-k portfolio
2022-02,GLD,0.3333333333333333,Low volatility top-k portfolio
2022-03,GLD,0.3333333333333333,Low volatility top-k portfolio
2022-04,GLD,0.3333333333333333,Low volatility top-k portfolio
2022-05,GLD,0.3333333333333333,Low volatility top-k portfolio
2022-06,GLD,0.3333333333333333,Low volatility top-k portfolio
2022-07,GLD,0.3333333333333333,Low volatility top-k portfolio
2022-08,GLD,0.3333333333333333,Low volatility top-k portfolio
2022-09,GLD,0.3333333333333333,Low volatility top-k portfolio
2022-10,GLD,0.3333333333333333,Low volatility top-k portfolio
2022-11,GLD,0.3333333333333333,Low volatility top-k portfolio
2022-12,GLD,0.3333333333333333,Low volatility top-k portfolio
2023-01,GLD,0.3333333333333333,Low volatility top-k portfolio
2023-02,GLD,0.3333333333333333,Low volatility top-k portfolio
2023-03,GLD,0.3333333333333333,Low volatility top-k portfolio
2023-04,GLD,0.0,Low volatility top-k portfolio
2023-05,GLD,0.0,Low volatility top-k portfolio
2023-06,GLD,0.0,Low volatility top-k portfolio
2023-07,GLD,0.0,Low volatility top-k portfolio
2023-08,GLD,0.3333333333333333,Low volatility top-k portfolio
2023-09,GLD,0.3333333333333333,Low volatility top-k portfolio
2023-10,GLD,0.3333333333333333,Low volatility top-k portfolio
2023-11,GLD,0.3333333333333333,Low volatility top-k portfolio
2023-12,GLD,0.0,Low volatility top-k portfolio
2024-01,GLD,0.0,Low volatility top-k portfolio
2024-02,GLD,0.0,Low volatility top-k portfolio
2024-03,GLD,0.3333333333333333,Low volatility top-k portfolio
2024-04,GLD,0.0,Low volatility top-k portfolio
2024-05,GLD,0.0,Low volatility top-k portfolio
2024-06,GLD,0.0,Low volatility top-k portfolio
2024-07,GLD,0.0,Low volatility top-k portfolio
2024-08,GLD,0.0,Low volatility top-k portfolio
2024-09,GLD,0.0,Low volatility top-k portfolio
2024-10,GLD,0.0,Low volatility top-k portfolio
2024-11,GLD,0.0,Low volatility top-k portfolio
2024-12,GLD,0.0,Low volatility top-k portfolio
2025-01,GLD,0.0,Low volatility top-k portfolio
2025-02,GLD,0.0,Low volatility top-k portfolio
2025-03,GLD,0.0,Low volatility top-k portfolio
2025-04,GLD,0.0,Low volatility top-k portfolio
2025-05,GLD,0.0,Low volatility top-k portfolio
2025-06,GLD,0.0,Low volatility top-k portfolio
2025-07,GLD,0.0,Low volatility top-k portfolio
2025-08,GLD,0.0,Low volatility top-k portfolio
2025-09,GLD,0.0,Low volatility top-k portfolio
2025-10,GLD,0.0,Low volatility top-k portfolio
2025-11,GLD,0.0,Low volatility top-k portfolio
2025-12,GLD,0.0,Low volatility top-k portfolio
2026-01,GLD,0.0,Low volatility top-k portfolio
2026-02,GLD,0.0,Low volatility top-k portfolio
2026-03,GLD,0.0,Low volatility top-k portfolio
2020-01,HYG,0.3333333333333333,Low volatility top-k portfolio
2020-02,HYG,0.3333333333333333,Low volatility top-k portfolio
2020-03,HYG,0.3333333333333333,Low volatility top-k portfolio
2020-04,HYG,0.3333333333333333,Low volatility top-k portfolio
2020-05,HYG,0.3333333333333333,Low volatility top-k portfolio
2020-06,HYG,0.0,Low volatility top-k portfolio
2020-07,HYG,0.3333333333333333,Low volatility top-k portfolio
2020-08,HYG,0.3333333333333333,Low volatility top-k portfolio
2020-09,HYG,0.3333333333333333,Low volatility top-k portfolio
2020-10,HYG,0.3333333333333333,Low volatility top-k portfolio
2020-11,HYG,0.3333333333333333,Low volatility top-k portfolio
2020-12,HYG,0.3333333333333333,Low volatility top-k portfolio
2021-01,HYG,0.3333333333333333,Low volatility top-k portfolio
2021-02,HYG,0.3333333333333333,Low volatility top-k portfolio
2021-03,HYG,0.3333333333333333,Low volatility top-k portfolio
2021-04,HYG,0.3333333333333333,Low volatility top-k portfolio
2021-05,HYG,0.3333333333333333,Low volatility top-k portfolio
2021-06,HYG,0.3333333333333333,Low volatility top-k portfolio
2021-07,HYG,0.3333333333333333,Low volatility top-k portfolio
2021-08,HYG,0.3333333333333333,Low volatility top-k portfolio
2021-09,HYG,0.3333333333333333,Low volatility top-k portfolio
2021-10,HYG,0.3333333333333333,Low volatility top-k portfolio
2021-11,HYG,0.3333333333333333,Low volatility top-k portfolio
2021-12,HYG,0.3333333333333333,Low volatility top-k portfolio
2022-01,HYG,0.3333333333333333,Low volatility top-k portfolio
2022-02,HYG,0.3333333333333333,Low volatility top-k portfolio
2022-03,HYG,0.3333333333333333,Low volatility top-k portfolio
2022-04,HYG,0.3333333333333333,Low volatility top-k portfolio
2022-05,HYG,0.3333333333333333,Low volatility top-k portfolio
2022-06,HYG,0.3333333333333333,Low volatility top-k portfolio
2022-07,HYG,0.3333333333333333,Low volatility top-k portfolio
2022-08,HYG,0.3333333333333333,Low volatility top-k portfolio
2022-09,HYG,0.3333333333333333,Low volatility top-k portfolio
2022-10,HYG,0.3333333333333333,Low volatility top-k portfolio
2022-11,HYG,0.3333333333333333,Low volatility top-k portfolio
2022-12,HYG,0.3333333333333333,Low volatility top-k portfolio
2023-01,HYG,0.3333333333333333,Low volatility top-k portfolio
2023-02,HYG,0.3333333333333333,Low volatility top-k portfolio
2023-03,HYG,0.3333333333333333,Low volatility top-k portfolio
2023-04,HYG,0.3333333333333333,Low volatility top-k portfolio
2023-05,HYG,0.3333333333333333,Low volatility top-k portfolio
2023-06,HYG,0.3333333333333333,Low volatility top-k portfolio
2023-07,HYG,0.3333333333333333,Low volatility top-k portfolio
2023-08,HYG,0.3333333333333333,Low volatility top-k portfolio
2023-09,HYG,0.3333333333333333,Low volatility top-k portfolio
2023-10,HYG,0.3333333333333333,Low volatility top-k portfolio
2023-11,HYG,0.3333333333333333,Low volatility top-k portfolio
2023-12,HYG,0.3333333333333333,Low volatility top-k portfolio
2024-01,HYG,0.3333333333333333,Low volatility top-k portfolio
2024-02,HYG,0.3333333333333333,Low volatility top-k portfolio
2024-03,HYG,0.3333333333333333,Low volatility top-k portfolio
2024-04,HYG,0.3333333333333333,Low volatility top-k portfolio
2024-05,HYG,0.3333333333333333,Low volatility top-k portfolio
2024-06,HYG,0.3333333333333333,Low volatility top-k portfolio
2024-07,HYG,0.3333333333333333,Low volatility top-k portfolio
2024-08,HYG,0.3333333333333333,Low volatility top-k portfolio
2024-09,HYG,0.3333333333333333,Low volatility top-k portfolio
2024-10,HYG,0.3333333333333333,Low volatility top-k portfolio
2024-11,HYG,0.3333333333333333,Low volatility top-k portfolio
2024-12,HYG,0.3333333333333333,Low volatility top-k portfolio
2025-01,HYG,0.3333333333333333,Low volatility top-k portfolio
2025-02,HYG,0.3333333333333333,Low volatility top-k portfolio
2025-03,HYG,0.3333333333333333,Low volatility top-k portfolio
2025-04,HYG,0.3333333333333333,Low volatility top-k portfolio
2025-05,HYG,0.3333333333333333,Low volatility top-k portfolio
2025-06,HYG,0.3333333333333333,Low volatility top-k portfolio
2025-07,HYG,0.3333333333333333,Low volatility top-k portfolio
2025-08,HYG,0.3333333333333333,Low volatility top-k portfolio
2025-09,HYG,0.3333333333333333,Low volatility top-k portfolio
2025-10,HYG,0.3333333333333333,Low volatility top-k portfolio
2025-11,HYG,0.3333333333333333,Low volatility top-k portfolio
2025-12,HYG,0.3333333333333333,Low volatility top-k portfolio
2026-01,HYG,0.3333333333333333,Low volatility top-k portfolio
2026-02,HYG,0.3333333333333333,Low volatility top-k portfolio
2026-03,HYG,0.3333333333333333,Low volatility top-k portfolio
2020-01,IEF,0.3333333333333333,Low volatility top-k portfolio
2020-02,IEF,0.3333333333333333,Low volatility top-k portfolio
2020-03,IEF,0.3333333333333333,Low volatility top-k portfolio
2020-04,IEF,0.3333333333333333,Low volatility top-k portfolio
2020-05,IEF,0.3333333333333333,Low volatility top-k portfolio
2020-06,IEF,0.3333333333333333,Low volatility top-k portfolio
2020-07,IEF,0.3333333333333333,Low volatility top-k portfolio
2020-08,IEF,0.3333333333333333,Low volatility top-k portfolio
2020-09,IEF,0.3333333333333333,Low volatility top-k portfolio
2020-10,IEF,0.3333333333333333,Low volatility top-k portfolio
2020-11,IEF,0.3333333333333333,Low volatility top-k portfolio
2020-12,IEF,0.3333333333333333,Low volatility top-k portfolio
2021-01,IEF,0.3333333333333333,Low volatility top-k portfolio
2021-02,IEF,0.3333333333333333,Low volatility top-k portfolio
2021-03,IEF,0.3333333333333333,Low volatility top-k portfolio
2021-04,IEF,0.3333333333333333,Low volatility top-k portfolio
2021-05,IEF,0.3333333333333333,Low volatility top-k portfolio
2021-06,IEF,0.3333333333333333,Low volatility top-k portfolio
2021-07,IEF,0.3333333333333333,Low volatility top-k portfolio
2021-08,IEF,0.3333333333333333,Low volatility top-k portfolio
2021-09,IEF,0.3333333333333333,Low volatility top-k portfolio
2021-10,IEF,0.3333333333333333,Low volatility top-k portfolio
2021-11,IEF,0.3333333333333333,Low volatility top-k portfolio
2021-12,IEF,0.3333333333333333,Low volatility top-k portfolio
2022-01,IEF,0.3333333333333333,Low volatility top-k portfolio
2022-02,IEF,0.3333333333333333,Low volatility top-k portfolio
2022-03,IEF,0.3333333333333333,Low volatility top-k portfolio
2022-04,IEF,0.3333333333333333,Low volatility top-k portfolio
2022-05,IEF,0.3333333333333333,Low volatility top-k portfolio
2022-06,IEF,0.3333333333333333,Low volatility top-k portfolio
2022-07,IEF,0.3333333333333333,Low volatility top-k portfolio
2022-08,IEF,0.3333333333333333,Low volatility top-k portfolio
2022-09,IEF,0.3333333333333333,Low volatility top-k portfolio
2022-10,IEF,0.3333333333333333,Low volatility top-k portfolio
2022-11,IEF,0.3333333333333333,Low volatility top-k portfolio
2022-12,IEF,0.3333333333333333,Low volatility top-k portfolio
2023-01,IEF,0.3333333333333333,Low volatility top-k portfolio
2023-02,IEF,0.3333333333333333,Low volatility top-k portfolio
2023-03,IEF,0.3333333333333333,Low volatility top-k portfolio
2023-04,IEF,0.3333333333333333,Low volatility top-k portfolio
2023-05,IEF,0.3333333333333333,Low volatility top-k portfolio
2023-06,IEF,0.3333333333333333,Low volatility top-k portfolio
2023-07,IEF,0.3333333333333333,Low volatility top-k portfolio
2023-08,IEF,0.3333333333333333,Low volatility top-k portfolio
2023-09,IEF,0.3333333333333333,Low volatility top-k portfolio
2023-10,IEF,0.3333333333333333,Low volatility top-k portfolio
2023-11,IEF,0.3333333333333333,Low volatility top-k portfolio
2023-12,IEF,0.3333333333333333,Low volatility top-k portfolio
2024-01,IEF,0.3333333333333333,Low volatility top-k portfolio
2024-02,IEF,0.3333333333333333,Low volatility top-k portfolio
2024-03,IEF,0.3333333333333333,Low volatility top-k portfolio
2024-04,IEF,0.3333333333333333,Low volatility top-k portfolio
2024-05,IEF,0.3333333333333333,Low volatility top-k portfolio
2024-06,IEF,0.3333333333333333,Low volatility top-k portfolio
2024-07,IEF,0.3333333333333333,Low volatility top-k portfolio
2024-08,IEF,0.3333333333333333,Low volatility top-k portfolio
2024-09,IEF,0.3333333333333333,Low volatility top-k portfolio
2024-10,IEF,0.3333333333333333,Low volatility top-k portfolio
2024-11,IEF,0.3333333333333333,Low volatility top-k portfolio
2024-12,IEF,0.3333333333333333,Low volatility top-k portfolio
2025-01,IEF,0.3333333333333333,Low volatility top-k portfolio
2025-02,IEF,0.3333333333333333,Low volatility top-k portfolio
2025-03,IEF,0.3333333333333333,Low volatility top-k portfolio
2025-04,IEF,0.3333333333333333,Low volatility top-k portfolio
2025-05,IEF,0.3333333333333333,Low volatility top-k portfolio
2025-06,IEF,0.3333333333333333,Low volatility top-k portfolio
2025-07,IEF,0.3333333333333333,Low volatility top-k portfolio
2025-08,IEF,0.3333333333333333,Low volatility top-k portfolio
2025-09,IEF,0.3333333333333333,Low volatility top-k portfolio
2025-10,IEF,0.3333333333333333,Low volatility top-k portfolio
2025-11,IEF,0.3333333333333333,Low volatility top-k portfolio
2025-12,IEF,0.3333333333333333,Low volatility top-k portfolio
2026-01,IEF,0.3333333333333333,Low volatility top-k portfolio
2026-02,IEF,0.3333333333333333,Low volatility top-k portfolio
2026-03,IEF,0.3333333333333333,Low volatility top-k portfolio
2020-01,IWM,0.0,Low volatility top-k portfolio
2020-02,IWM,0.0,Low volatility top-k portfolio
2020-03,IWM,0.0,Low volatility top-k portfolio
2020-04,IWM,0.0,Low volatility top-k portfolio
2020-05,IWM,0.0,Low volatility top-k portfolio
2020-06,IWM,0.0,Low volatility top-k portfolio
2020-07,IWM,0.0,Low volatility top-k portfolio
2020-08,IWM,0.0,Low volatility top-k portfolio
2020-09,IWM,0.0,Low volatility top-k portfolio
2020-10,IWM,0.0,Low volatility top-k portfolio
2020-11,IWM,0.0,Low volatility top-k portfolio
2020-12,IWM,0.0,Low volatility top-k portfolio
2021-01,IWM,0.0,Low volatility top-k portfolio
2021-02,IWM,0.0,Low volatility top-k portfolio
2021-03,IWM,0.0,Low volatility top-k portfolio
2021-04,IWM,0.0,Low volatility top-k portfolio
2021-05,IWM,0.0,Low volatility top-k portfolio
2021-06,IWM,0.0,Low volatility top-k portfolio
2021-07,IWM,0.0,Low volatility top-k portfolio
2021-08,IWM,0.0,Low volatility top-k portfolio
2021-09,IWM,0.0,Low volatility top-k portfolio
2021-10,IWM,0.0,Low volatility top-k portfolio
2021-11,IWM,0.0,Low volatility top-k portfolio
2021-12,IWM,0.0,Low volatility top-k portfolio
2022-01,IWM,0.0,Low volatility top-k portfolio
2022-02,IWM,0.0,Low volatility top-k portfolio
2022-03,IWM,0.0,Low volatility top-k portfolio
2022-04,IWM,0.0,Low volatility top-k portfolio
2022-05,IWM,0.0,Low volatility top-k portfolio
2022-06,IWM,0.0,Low volatility top-k portfolio
2022-07,IWM,0.0,Low volatility top-k portfolio
2022-08,IWM,0.0,Low volatility top-k portfolio
2022-09,IWM,0.0,Low volatility top-k portfolio
2022-10,IWM,0.0,Low volatility top-k portfolio
2022-11,IWM,0.0,Low volatility top-k portfolio
2022-12,IWM,0.0,Low volatility top-k portfolio
2023-01,IWM,0.0,Low volatility top-k portfolio
2023-02,IWM,0.0,Low volatility top-k portfolio
2023-03,IWM,0.0,Low volatility top-k portfolio
2023-04,IWM,0.0,Low volatility top-k portfolio
2023-05,IWM,0.0,Low volatility top-k portfolio
2023-06,IWM,0.0,Low volatility top-k portfolio
2023-07,IWM,0.0,Low volatility top-k portfolio
2023-08,IWM,0.0,Low volatility top-k portfolio
2023-09,IWM,0.0,Low volatility top-k portfolio
2023-10,IWM,0.0,Low volatility top-k portfolio
2023-11,IWM,0.0,Low volatility top-k portfolio
2023-12,IWM,0.0,Low volatility top-k portfolio
2024-01,IWM,0.0,Low volatility top-k portfolio
2024-02,IWM,0.0,Low volatility top-k portfolio
2024-03,IWM,0.0,Low volatility top-k portfolio
2024-04,IWM,0.0,Low volatility top-k portfolio
2024-05,IWM,0.0,Low volatility top-k portfolio
2024-06,IWM,0.0,Low volatility top-k portfolio
2024-07,IWM,0.0,Low volatility top-k portfolio
2024-08,IWM,0.0,Low volatility top-k portfolio
2024-09,IWM,0.0,Low volatility top-k portfolio
2024-10,IWM,0.0,Low volatility top-k portfolio
2024-11,IWM,0.0,Low volatility top-k portfolio
2024-12,IWM,0.0,Low volatility top-k portfolio
2025-01,IWM,0.0,Low volatility top-k portfolio
2025-02,IWM,0.0,Low volatility top-k portfolio
2025-03,IWM,0.0,Low volatility top-k portfolio
2025-04,IWM,0.0,Low volatility top-k portfolio
2025-05,IWM,0.0,Low volatility top-k portfolio
2025-06,IWM,0.0,Low volatility top-k portfolio
2025-07,IWM,0.0,Low volatility top-k portfolio
2025-08,IWM,0.0,Low volatility top-k portfolio
2025-09,IWM,0.0,Low volatility top-k portfolio
2025-10,IWM,0.0,Low volatility top-k portfolio
2025-11,IWM,0.0,Low volatility top-k portfolio
2025-12,IWM,0.0,Low volatility top-k portfolio
2026-01,IWM,0.0,Low volatility top-k portfolio
2026-02,IWM,0.0,Low volatility top-k portfolio
2026-03,IWM,0.0,Low volatility top-k portfolio
2020-01,QQQ,0.0,Low volatility top-k portfolio
2020-02,QQQ,0.0,Low volatility top-k portfolio
2020-03,QQQ,0.0,Low volatility top-k portfolio
2020-04,QQQ,0.0,Low volatility top-k portfolio
2020-05,QQQ,0.0,Low volatility top-k portfolio
2020-06,QQQ,0.0,Low volatility top-k portfolio
2020-07,QQQ,0.0,Low volatility top-k portfolio
2020-08,QQQ,0.0,Low volatility top-k portfolio
2020-09,QQQ,0.0,Low volatility top-k portfolio
2020-10,QQQ,0.0,Low volatility top-k portfolio
2020-11,QQQ,0.0,Low volatility top-k portfolio
2020-12,QQQ,0.0,Low volatility top-k portfolio
2021-01,QQQ,0.0,Low volatility top-k portfolio
2021-02,QQQ,0.0,Low volatility top-k portfolio
2021-03,QQQ,0.0,Low volatility top-k portfolio
2021-04,QQQ,0.0,Low volatility top-k portfolio
2021-05,QQQ,0.0,Low volatility top-k portfolio
2021-06,QQQ,0.0,Low volatility top-k portfolio
2021-07,QQQ,0.0,Low volatility top-k portfolio
2021-08,QQQ,0.0,Low volatility top-k portfolio
2021-09,QQQ,0.0,Low volatility top-k portfolio
2021-10,QQQ,0.0,Low volatility top-k portfolio
2021-11,QQQ,0.0,Low volatility top-k portfolio
2021-12,QQQ,0.0,Low volatility top-k portfolio
2022-01,QQQ,0.0,Low volatility top-k portfolio
2022-02,QQQ,0.0,Low volatility top-k portfolio
2022-03,QQQ,0.0,Low volatility top-k portfolio
2022-04,QQQ,0.0,Low volatility top-k portfolio
2022-05,QQQ,0.0,Low volatility top-k portfolio
2022-06,QQQ,0.0,Low volatility top-k portfolio
2022-07,QQQ,0.0,Low volatility top-k portfolio
2022-08,QQQ,0.0,Low volatility top-k portfolio
2022-09,QQQ,0.0,Low volatility top-k portfolio
2022-10,QQQ,0.0,Low volatility top-k portfolio
2022-11,QQQ,0.0,Low volatility top-k portfolio
2022-12,QQQ,0.0,Low volatility top-k portfolio
2023-01,QQQ,0.0,Low volatility top-k portfolio
2023-02,QQQ,0.0,Low volatility top-k portfolio
2023-03,QQQ,0.0,Low volatility top-k portfolio
2023-04,QQQ,0.0,Low volatility top-k portfolio
2023-05,QQQ,0.0,Low volatility top-k portfolio
2023-06,QQQ,0.0,Low volatility top-k portfolio
2023-07,QQQ,0.0,Low volatility top-k portfolio
2023-08,QQQ,0.0,Low volatility top-k portfolio
2023-09,QQQ,0.0,Low volatility top-k portfolio
2023-10,QQQ,0.0,Low volatility top-k portfolio
2023-11,QQQ,0.0,Low volatility top-k portfolio
2023-12,QQQ,0.0,Low volatility top-k portfolio
2024-01,QQQ,0.0,Low volatility top-k portfolio
2024-02,QQQ,0.0,Low volatility top-k portfolio
2024-03,QQQ,0.0,Low volatility top-k portfolio
2024-04,QQQ,0.0,Low volatility top-k portfolio
2024-05,QQQ,0.0,Low volatility top-k portfolio
2024-06,QQQ,0.0,Low volatility top-k portfolio
2024-07,QQQ,0.0,Low volatility top-k portfolio
2024-08,QQQ,0.0,Low volatility top-k portfolio
2024-09,QQQ,0.0,Low volatility top-k portfolio
2024-10,QQQ,0.0,Low volatility top-k portfolio
2024-11,QQQ,0.0,Low volatility top-k portfolio
2024-12,QQQ,0.0,Low volatility top-k portfolio
2025-01,QQQ,0.0,Low volatility top-k portfolio
2025-02,QQQ,0.0,Low volatility top-k portfolio
2025-03,QQQ,0.0,Low volatility top-k portfolio
2025-04,QQQ,0.0,Low volatility top-k portfolio
2025-05,QQQ,0.0,Low volatility top-k portfolio
2025-06,QQQ,0.0,Low volatility top-k portfolio
2025-07,QQQ,0.0,Low volatility top-k portfolio
2025-08,QQQ,0.0,Low volatility top-k portfolio
2025-09,QQQ,0.0,Low volatility top-k portfolio
2025-10,QQQ,0.0,Low volatility top-k portfolio
2025-11,QQQ,0.0,Low volatility top-k portfolio
2025-12,QQQ,0.0,Low volatility top-k portfolio
2026-01,QQQ,0.0,Low volatility top-k portfolio
2026-02,QQQ,0.0,Low volatility top-k portfolio
2026-03,QQQ,0.0,Low volatility top-k portfolio
2020-01,SPY,0.3333333333333333,Low volatility top-k portfolio
2020-02,SPY,0.0,Low volatility top-k portfolio
2020-03,SPY,0.0,Low volatility top-k portfolio
2020-04,SPY,0.0,Low volatility top-k portfolio
2020-05,SPY,0.0,Low volatility top-k portfolio
2020-06,SPY,0.0,Low volatility top-k portfolio
2020-07,SPY,0.0,Low volatility top-k portfolio
2020-08,SPY,0.0,Low volatility top-k portfolio
2020-09,SPY,0.0,Low volatility top-k portfolio
2020-10,SPY,0.0,Low volatility top-k portfolio
2020-11,SPY,0.0,Low volatility top-k portfolio
2020-12,SPY,0.0,Low volatility top-k portfolio
2021-01,SPY,0.0,Low volatility top-k portfolio
2021-02,SPY,0.3333333333333333,Low volatility top-k portfolio
2021-03,SPY,0.0,Low volatility top-k portfolio
2021-04,SPY,0.0,Low volatility top-k portfolio
2021-05,SPY,0.0,Low volatility top-k portfolio
2021-06,SPY,0.3333333333333333,Low volatility top-k portfolio
2021-07,SPY,0.3333333333333333,Low volatility top-k portfolio
2021-08,SPY,0.3333333333333333,Low volatility top-k portfolio
2021-09,SPY,0.3333333333333333,Low volatility top-k portfolio
2021-10,SPY,0.3333333333333333,Low volatility top-k portfolio
2021-11,SPY,0.3333333333333333,Low volatility top-k portfolio
2021-12,SPY,0.0,Low volatility top-k portfolio
2022-01,SPY,0.0,Low volatility top-k portfolio
2022-02,SPY,0.0,Low volatility top-k portfolio
2022-03,SPY,0.0,Low volatility top-k portfolio
2022-04,SPY,0.0,Low volatility top-k portfolio
2022-05,SPY,0.0,Low volatility top-k portfolio
2022-06,SPY,0.0,Low volatility top-k portfolio
2022-07,SPY,0.0,Low volatility top-k portfolio
2022-08,SPY,0.0,Low volatility top-k portfolio
2022-09,SPY,0.0,Low volatility top-k portfolio
2022-10,SPY,0.0,Low volatility top-k portfolio
2022-11,SPY,0.0,Low volatility top-k portfolio
2022-12,SPY,0.0,Low volatility top-k portfolio
2023-01,SPY,0.0,Low volatility top-k portfolio
2023-02,SPY,0.0,Low volatility top-k portfolio
2023-03,SPY,0.0,Low volatility top-k portfolio
2023-04,SPY,0.0,Low volatility top-k portfolio
2023-05,SPY,0.0,Low volatility top-k portfolio
2023-06,SPY,0.3333333333333333,Low volatility top-k portfolio
2023-07,SPY,0.3333333333333333,Low volatility top-k portfolio
2023-08,SPY,0.0,Low volatility top-k portfolio
2023-09,SPY,0.0,Low volatility top-k portfolio
2023-10,SPY,0.0,Low volatility top-k portfolio
2023-11,SPY,0.0,Low volatility top-k portfolio
2023-12,SPY,0.3333333333333333,Low volatility top-k portfolio
2024-01,SPY,0.3333333333333333,Low volatility top-k portfolio
2024-02,SPY,0.3333333333333333,Low volatility top-k portfolio
2024-03,SPY,0.0,Low volatility top-k portfolio
2024-04,SPY,0.3333333333333333,Low volatility top-k portfolio
2024-05,SPY,0.3333333333333333,Low volatility top-k portfolio
2024-06,SPY,0.3333333333333333,Low volatility top-k portfolio
2024-07,SPY,0.3333333333333333,Low volatility top-k portfolio
2024-08,SPY,0.0,Low volatility top-k portfolio
2024-09,SPY,0.0,Low volatility top-k portfolio
2024-10,SPY,0.0,Low volatility top-k portfolio
2024-11,SPY,0.3333333333333333,Low volatility top-k portfolio
2024-12,SPY,0.3333333333333333,Low volatility top-k portfolio
2025-01,SPY,0.3333333333333333,Low volatility top-k portfolio
2025-02,SPY,0.0,Low volatility top-k portfolio
2025-03,SPY,0.0,Low volatility top-k portfolio
2025-04,SPY,0.0,Low volatility top-k portfolio
2025-05,SPY,0.0,Low volatility top-k portfolio
2025-06,SPY,0.0,Low volatility top-k portfolio
2025-07,SPY,0.3333333333333333,Low volatility top-k portfolio
2025-08,SPY,0.3333333333333333,Low volatility top-k portfolio
2025-09,SPY,0.3333333333333333,Low volatility top-k portfolio
2025-10,SPY,0.0,Low volatility top-k portfolio
2025-11,SPY,0.0,Low volatility top-k portfolio
2025-12,SPY,0.0,Low volatility top-k portfolio
2026-01,SPY,0.0,Low volatility top-k portfolio
2026-02,SPY,0.0,Low volatility top-k portfolio
2026-03,SPY,0.0,Low volatility top-k portfolio
2020-01,TLT,0.0,Low volatility top-k portfolio
2020-02,TLT,0.0,Low volatility top-k portfolio
2020-03,TLT,0.0,Low volatility top-k portfolio
2020-04,TLT,0.0,Low volatility top-k portfolio
2020-05,TLT,0.0,Low volatility top-k portfolio
2020-06,TLT,0.3333333333333333,Low volatility top-k portfolio
2020-07,TLT,0.0,Low volatility top-k portfolio
2020-08,TLT,0.3333333333333333,Low volatility top-k portfolio
2020-09,TLT,0.3333333333333333,Low volatility top-k portfolio
2020-10,TLT,0.3333333333333333,Low volatility top-k portfolio
2020-11,TLT,0.3333333333333333,Low volatility top-k portfolio
2020-12,TLT,0.3333333333333333,Low volatility top-k portfolio
2021-01,TLT,0.3333333333333333,Low volatility top-k portfolio
2021-02,TLT,0.0,Low volatility top-k portfolio
2021-03,TLT,0.3333333333333333,Low volatility top-k portfolio
2021-04,TLT,0.0,Low volatility top-k portfolio
2021-05,TLT,0.3333333333333333,Low volatility top-k portfolio
2021-06,TLT,0.0,Low volatility top-k portfolio
2021-07,TLT,0.0,Low volatility top-k portfolio
2021-08,TLT,0.0,Low volatility top-k portfolio
2021-09,TLT,0.0,Low volatility top-k portfolio
2021-10,TLT,0.0,Low volatility top-k portfolio
2021-11,TLT,0.0,Low volatility top-k portfolio
2021-12,TLT,0.0,Low volatility top-k portfolio
2022-01,TLT,0.0,Low volatility top-k portfolio
2022-02,TLT,0.0,Low volatility top-k portfolio
2022-03,TLT,0.0,Low volatility top-k portfolio
2022-04,TLT,0.0,Low volatility top-k portfolio
2022-05,TLT,0.0,Low volatility top-k portfolio
2022-06,TLT,0.0,Low volatility top-k portfolio
2022-07,TLT,0.0,Low volatility top-k portfolio
2022-08,TLT,0.0,Low volatility top-k portfolio
2022-09,TLT,0.0,Low volatility top-k portfolio
2022-10,TLT,0.0,Low volatility top-k portfolio
2022-11,TLT,0.0,Low volatility top-k portfolio
2022-12,TLT,0.0,Low volatility top-k portfolio
2023-01,TLT,0.0,Low volatility top-k portfolio
2023-02,TLT,0.0,Low volatility top-k portfolio
2023-03,TLT,0.0,Low volatility top-k portfolio
2023-04,TLT,0.0,Low volatility top-k portfolio
2023-05,TLT,0.0,Low volatility top-k portfolio
2023-06,TLT,0.0,Low volatility top-k portfolio
2023-07,TLT,0.0,Low volatility top-k portfolio
2023-08,TLT,0.0,Low volatility top-k portfolio
2023-09,TLT,0.0,Low volatility top-k portfolio
2023-10,TLT,0.0,Low volatility top-k portfolio
2023-11,TLT,0.0,Low volatility top-k portfolio
2023-12,TLT,0.0,Low volatility top-k portfolio
2024-01,TLT,0.0,Low volatility top-k portfolio
2024-02,TLT,0.0,Low volatility top-k portfolio
2024-03,TLT,0.0,Low volatility top-k portfolio
2024-04,TLT,0.0,Low volatility top-k portfolio
2024-05,TLT,0.0,Low volatility top-k portfolio
2024-06,TLT,0.0,Low volatility top-k portfolio
2024-07,TLT,0.0,Low volatility top-k portfolio
2024-08,TLT,0.0,Low volatility top-k portfolio
2024-09,TLT,0.3333333333333333,Low volatility top-k portfolio
2024-10,TLT,0.3333333333333333,Low volatility top-k portfolio
2024-11,TLT,0.0,Low volatility top-k portfolio
2024-12,TLT,0.0,Low volatility top-k portfolio
2025-01,TLT,0.0,Low volatility top-k portfolio
2025-02,TLT,0.3333333333333333,Low volatility top-k portfolio
2025-03,TLT,0.3333333333333333,Low volatility top-k portfolio
2025-04,TLT,0.3333333333333333,Low volatility top-k portfolio
2025-05,TLT,0.3333333333333333,Low volatility top-k portfolio
2025-06,TLT,0.3333333333333333,Low volatility top-k portfolio
2025-07,TLT,0.0,Low volatility top-k portfolio
2025-08,TLT,0.0,Low volatility top-k portfolio
2025-09,TLT,0.0,Low volatility top-k portfolio
2025-10,TLT,0.3333333333333333,Low volatility top-k portfolio
2025-11,TLT,0.3333333333333333,Low volatility top-k portfolio
2025-12,TLT,0.3333333333333333,Low volatility top-k portfolio
2026-01,TLT,0.3333333333333333,Low volatility top-k portfolio
2026-02,TLT,0.3333333333333333,Low volatility top-k portfolio
2026-03,TLT,0.3333333333333333,Low volatility top-k portfolio
2020-01,VNQ,0.0,Low volatility top-k portfolio
2020-02,VNQ,0.0,Low volatility top-k portfolio
2020-03,VNQ,0.0,Low volatility top-k portfolio
2020-04,VNQ,0.0,Low volatility top-k portfolio
2020-05,VNQ,0.0,Low volatility top-k portfolio
2020-06,VNQ,0.0,Low volatility top-k portfolio
2020-07,VNQ,0.0,Low volatility top-k portfolio
2020-08,VNQ,0.0,Low volatility top-k portfolio
2020-09,VNQ,0.0,Low volatility top-k portfolio
2020-10,VNQ,0.0,Low volatility top-k portfolio
2020-11,VNQ,0.0,Low volatility top-k portfolio
2020-12,VNQ,0.0,Low volatility top-k portfolio
2021-01,VNQ,0.0,Low volatility top-k portfolio
2021-02,VNQ,0.0,Low volatility top-k portfolio
2021-03,VNQ,0.0,Low volatility top-k portfolio
2021-04,VNQ,0.3333333333333333,Low volatility top-k portfolio
2021-05,VNQ,0.0,Low volatility top-k portfolio
2021-06,VNQ,0.0,Low volatility top-k portfolio
2021-07,VNQ,0.0,Low volatility top-k portfolio
2021-08,VNQ,0.0,Low volatility top-k portfolio
2021-09,VNQ,0.0,Low volatility top-k portfolio
2021-10,VNQ,0.0,Low volatility top-k portfolio
2021-11,VNQ,0.0,Low volatility top-k portfolio
2021-12,VNQ,0.0,Low volatility top-k portfolio
2022-01,VNQ,0.0,Low volatility top-k portfolio
2022-02,VNQ,0.0,Low volatility top-k portfolio
2022-03,VNQ,0.0,Low volatility top-k portfolio
2022-04,VNQ,0.0,Low volatility top-k portfolio
2022-05,VNQ,0.0,Low volatility top-k portfolio
2022-06,VNQ,0.0,Low volatility top-k portfolio
2022-07,VNQ,0.0,Low volatility top-k portfolio
2022-08,VNQ,0.0,Low volatility top-k portfolio
2022-09,VNQ,0.0,Low volatility top-k portfolio
2022-10,VNQ,0.0,Low volatility top-k portfolio
2022-11,VNQ,0.0,Low volatility top-k portfolio
2022-12,VNQ,0.0,Low volatility top-k portfolio
2023-01,VNQ,0.0,Low volatility top-k portfolio
2023-02,VNQ,0.0,Low volatility top-k portfolio
2023-03,VNQ,0.0,Low volatility top-k portfolio
2023-04,VNQ,0.0,Low volatility top-k portfolio
2023-05,VNQ,0.0,Low volatility top-k portfolio
2023-06,VNQ,0.0,Low volatility top-k portfolio
2023-07,VNQ,0.0,Low volatility top-k portfolio
2023-08,VNQ,0.0,Low volatility top-k portfolio
2023-09,VNQ,0.0,Low volatility top-k portfolio
2023-10,VNQ,0.0,Low volatility top-k portfolio
2023-11,VNQ,0.0,Low volatility top-k portfolio
2023-12,VNQ,0.0,Low volatility top-k portfolio
2024-01,VNQ,0.0,Low volatility top-k portfolio
2024-02,VNQ,0.0,Low volatility top-k portfolio
2024-03,VNQ,0.0,Low volatility top-k portfolio
2024-04,VNQ,0.0,Low volatility top-k portfolio
2024-05,VNQ,0.0,Low volatility top-k portfolio
2024-06,VNQ,0.0,Low volatility top-k portfolio
2024-07,VNQ,0.0,Low volatility top-k portfolio
2024-08,VNQ,0.3333333333333333,Low volatility top-k portfolio
2024-09,VNQ,0.0,Low volatility top-k portfolio
2024-10,VNQ,0.0,Low volatility top-k portfolio
2024-11,VNQ,0.0,Low volatility top-k portfolio
2024-12,VNQ,0.0,Low volatility top-k portfolio
2025-01,VNQ,0.0,Low volatility top-k portfolio
2025-02,VNQ,0.0,Low volatility top-k portfolio
2025-03,VNQ,0.0,Low volatility top-k portfolio
2025-04,VNQ,0.0,Low volatility top-k portfolio
2025-05,VNQ,0.0,Low volatility top-k portfolio
2025-06,VNQ,0.0,Low volatility top-k portfolio
2025-07,VNQ,0.0,Low volatility top-k portfolio
2025-08,VNQ,0.0,Low volatility top-k portfolio
2025-09,VNQ,0.0,Low volatility top-k portfolio
2025-10,VNQ,0.0,Low volatility top-k portfolio
2025-11,VNQ,0.0,Low volatility top-k portfolio
2025-12,VNQ,0.0,Low volatility top-k portfolio
2026-01,VNQ,0.0,Low volatility top-k portfolio
2026-02,VNQ,0.0,Low volatility top-k portfolio
2026-03,VNQ,0.0,Low volatility top-k portfolio
2020-01,EEM,0.0,Rule[12M momentum top-k]
2020-02,EEM,0.0,Rule[12M momentum top-k]
2020-03,EEM,0.0,Rule[12M momentum top-k]
2020-04,EEM,0.0,Rule[12M momentum top-k]
2020-05,EEM,0.0,Rule[12M momentum top-k]
2020-06,EEM,0.0,Rule[12M momentum top-k]
2020-07,EEM,0.0,Rule[12M momentum top-k]
2020-08,EEM,0.0,Rule[12M momentum top-k]
2020-09,EEM,0.0,Rule[12M momentum top-k]
2020-10,EEM,0.0,Rule[12M momentum top-k]
2020-11,EEM,0.3333333333333333,Rule[12M momentum top-k]
2020-12,EEM,0.0,Rule[12M momentum top-k]
2021-01,EEM,0.3333333333333333,Rule[12M momentum top-k]
2021-02,EEM,0.3333333333333333,Rule[12M momentum top-k]
2021-03,EEM,0.3333333333333333,Rule[12M momentum top-k]
2021-04,EEM,0.3333333333333333,Rule[12M momentum top-k]
2021-05,EEM,0.3333333333333333,Rule[12M momentum top-k]
2021-06,EEM,0.0,Rule[12M momentum top-k]
2021-07,EEM,0.0,Rule[12M momentum top-k]
2021-08,EEM,0.0,Rule[12M momentum top-k]
2021-09,EEM,0.0,Rule[12M momentum top-k]
2021-10,EEM,0.0,Rule[12M momentum top-k]
2021-11,EEM,0.0,Rule[12M momentum top-k]
2021-12,EEM,0.0,Rule[12M momentum top-k]
2022-01,EEM,0.0,Rule[12M momentum top-k]
2022-02,EEM,0.0,Rule[12M momentum top-k]
2022-03,EEM,0.0,Rule[12M momentum top-k]
2022-04,EEM,0.0,Rule[12M momentum top-k]
2022-05,EEM,0.0,Rule[12M momentum top-k]
2022-06,EEM,0.0,Rule[12M momentum top-k]
2022-07,EEM,0.0,Rule[12M momentum top-k]
2022-08,EEM,0.0,Rule[12M momentum top-k]
2022-09,EEM,0.0,Rule[12M momentum top-k]
2022-10,EEM,0.0,Rule[12M momentum top-k]
2022-11,EEM,0.0,Rule[12M momentum top-k]
2022-12,EEM,0.0,Rule[12M momentum top-k]
2023-01,EEM,0.0,Rule[12M momentum top-k]
2023-02,EEM,0.0,Rule[12M momentum top-k]
2023-03,EEM,0.0,Rule[12M momentum top-k]
2023-04,EEM,0.0,Rule[12M momentum top-k]
2023-05,EEM,0.0,Rule[12M momentum top-k]
2023-06,EEM,0.0,Rule[12M momentum top-k]
2023-07,EEM,0.0,Rule[12M momentum top-k]
2023-08,EEM,0.0,Rule[12M momentum top-k]
2023-09,EEM,0.0,Rule[12M momentum top-k]
2023-10,EEM,0.3333333333333333,Rule[12M momentum top-k]
2023-11,EEM,0.0,Rule[12M momentum top-k]
2023-12,EEM,0.0,Rule[12M momentum top-k]
2024-01,EEM,0.0,Rule[12M momentum top-k]
2024-02,EEM,0.0,Rule[12M momentum top-k]
2024-03,EEM,0.0,Rule[12M momentum top-k]
2024-04,EEM,0.0,Rule[12M momentum top-k]
2024-05,EEM,0.0,Rule[12M momentum top-k]
2024-06,EEM,0.0,Rule[12M momentum top-k]
2024-07,EEM,0.0,Rule[12M momentum top-k]
2024-08,EEM,0.0,Rule[12M momentum top-k]
2024-09,EEM,0.0,Rule[12M momentum top-k]
2024-10,EEM,0.0,Rule[12M momentum top-k]
2024-11,EEM,0.0,Rule[12M momentum top-k]
2024-12,EEM,0.0,Rule[12M momentum top-k]
2025-01,EEM,0.0,Rule[12M momentum top-k]
2025-02,EEM,0.0,Rule[12M momentum top-k]
2025-03,EEM,0.3333333333333333,Rule[12M momentum top-k]
2025-04,EEM,0.0,Rule[12M momentum top-k]
2025-05,EEM,0.0,Rule[12M momentum top-k]
2025-06,EEM,0.3333333333333333,Rule[12M momentum top-k]
2025-07,EEM,0.3333333333333333,Rule[12M momentum top-k]
2025-08,EEM,0.3333333333333333,Rule[12M momentum top-k]
2025-09,EEM,0.0,Rule[12M momentum top-k]
2025-10,EEM,0.3333333333333333,Rule[12M momentum top-k]
2025-11,EEM,0.3333333333333333,Rule[12M momentum top-k]
2025-12,EEM,0.3333333333333333,Rule[12M momentum top-k]
2026-01,EEM,0.3333333333333333,Rule[12M momentum top-k]
2026-02,EEM,0.3333333333333333,Rule[12M momentum top-k]
2026-03,EEM,0.3333333333333333,Rule[12M momentum top-k]
2020-01,GLD,0.0,Rule[12M momentum top-k]
2020-02,GLD,0.3333333333333333,Rule[12M momentum top-k]
2020-03,GLD,0.3333333333333333,Rule[12M momentum top-k]
2020-04,GLD,0.3333333333333333,Rule[12M momentum top-k]
2020-05,GLD,0.3333333333333333,Rule[12M momentum top-k]
2020-06,GLD,0.3333333333333333,Rule[12M momentum top-k]
2020-07,GLD,0.3333333333333333,Rule[12M momentum top-k]
2020-08,GLD,0.3333333333333333,Rule[12M momentum top-k]
2020-09,GLD,0.3333333333333333,Rule[12M momentum top-k]
2020-10,GLD,0.3333333333333333,Rule[12M momentum top-k]
2020-11,GLD,0.3333333333333333,Rule[12M momentum top-k]
2020-12,GLD,0.3333333333333333,Rule[12M momentum top-k]
2021-01,GLD,0.0,Rule[12M momentum top-k]
2021-02,GLD,0.0,Rule[12M momentum top-k]
2021-03,GLD,0.0,Rule[12M momentum top-k]
2021-04,GLD,0.0,Rule[12M momentum top-k]
2021-05,GLD,0.0,Rule[12M momentum top-k]
2021-06,GLD,0.0,Rule[12M momentum top-k]
2021-07,GLD,0.0,Rule[12M momentum top-k]
2021-08,GLD,0.0,Rule[12M momentum top-k]
2021-09,GLD,0.0,Rule[12M momentum top-k]
2021-10,GLD,0.0,Rule[12M momentum top-k]
2021-11,GLD,0.0,Rule[12M momentum top-k]
2021-12,GLD,0.0,Rule[12M momentum top-k]
2022-01,GLD,0.0,Rule[12M momentum top-k]
2022-02,GLD,0.3333333333333333,Rule[12M momentum top-k]
2022-03,GLD,0.0,Rule[12M momentum top-k]
2022-04,GLD,0.3333333333333333,Rule[12M momentum top-k]
2022-05,GLD,0.3333333333333333,Rule[12M momentum top-k]
2022-06,GLD,0.3333333333333333,Rule[12M momentum top-k]
2022-07,GLD,0.3333333333333333,Rule[12M momentum top-k]
2022-08,GLD,0.3333333333333333,Rule[12M momentum top-k]
2022-09,GLD,0.3333333333333333,Rule[12M momentum top-k]
2022-10,GLD,0.3333333333333333,Rule[12M momentum top-k]
2022-11,GLD,0.3333333333333333,Rule[12M momentum top-k]
2022-12,GLD,0.3333333333333333,Rule[12M momentum top-k]
2023-01,GLD,0.3333333333333333,Rule[12M momentum top-k]
2023-02,GLD,0.3333333333333333,Rule[12M momentum top-k]
2023-03,GLD,0.3333333333333333,Rule[12M momentum top-k]
2023-04,GLD,0.3333333333333333,Rule[12M momentum top-k]
2023-05,GLD,0.3333333333333333,Rule[12M momentum top-k]
2023-06,GLD,0.0,Rule[12M momentum top-k]
2023-07,GLD,0.3333333333333333,Rule[12M momentum top-k]
2023-08,GLD,0.3333333333333333,Rule[12M momentum top-k]
2023-09,GLD,0.3333333333333333,Rule[12M momentum top-k]
2023-10,GLD,0.3333333333333333,Rule[12M momentum top-k]
2023-11,GLD,0.3333333333333333,Rule[12M momentum top-k]
2023-12,GLD,0.0,Rule[12M momentum top-k]
2024-01,GLD,0.0,Rule[12M momentum top-k]
2024-02,GLD,0.3333333333333333,Rule[12M momentum top-k]
2024-03,GLD,0.0,Rule[12M momentum top-k]
2024-04,GLD,0.3333333333333333,Rule[12M momentum top-k]
2024-05,GLD,0.0,Rule[12M momentum top-k]
2024-06,GLD,0.3333333333333333,Rule[12M momentum top-k]
2024-07,GLD,0.3333333333333333,Rule[12M momentum top-k]
2024-08,GLD,0.3333333333333333,Rule[12M momentum top-k]
2024-09,GLD,0.3333333333333333,Rule[12M momentum top-k]
2024-10,GLD,0.3333333333333333,Rule[12M momentum top-k]
2024-11,GLD,0.0,Rule[12M momentum top-k]
2024-12,GLD,0.3333333333333333,Rule[12M momentum top-k]
2025-01,GLD,0.3333333333333333,Rule[12M momentum top-k]
2025-02,GLD,0.3333333333333333,Rule[12M momentum top-k]
2025-03,GLD,0.3333333333333333,Rule[12M momentum top-k]
2025-04,GLD,0.3333333333333333,Rule[12M momentum top-k]
2025-05,GLD,0.3333333333333333,Rule[12M momentum top-k]
2025-06,GLD,0.3333333333333333,Rule[12M momentum top-k]
2025-07,GLD,0.3333333333333333,Rule[12M momentum top-k]
2025-08,GLD,0.3333333333333333,Rule[12M momentum top-k]
2025-09,GLD,0.3333333333333333,Rule[12M momentum top-k]
2025-10,GLD,0.3333333333333333,Rule[12M momentum top-k]
2025-11,GLD,0.3333333333333333,Rule[12M momentum top-k]
2025-12,GLD,0.3333333333333333,Rule[12M momentum top-k]
2026-01,GLD,0.3333333333333333,Rule[12M momentum top-k]
2026-02,GLD,0.3333333333333333,Rule[12M momentum top-k]
2026-03,GLD,0.3333333333333333,Rule[12M momentum top-k]
2020-01,HYG,0.0,Rule[12M momentum top-k]
2020-02,HYG,0.0,Rule[12M momentum top-k]
2020-03,HYG,0.0,Rule[12M momentum top-k]
2020-04,HYG,0.0,Rule[12M momentum top-k]
2020-05,HYG,0.0,Rule[12M momentum top-k]
2020-06,HYG,0.0,Rule[12M momentum top-k]
2020-07,HYG,0.0,Rule[12M momentum top-k]
2020-08,HYG,0.0,Rule[12M momentum top-k]
2020-09,HYG,0.0,Rule[12M momentum top-k]
2020-10,HYG,0.0,Rule[12M momentum top-k]
2020-11,HYG,0.0,Rule[12M momentum top-k]
2020-12,HYG,0.0,Rule[12M momentum top-k]
2021-01,HYG,0.0,Rule[12M momentum top-k]
2021-02,HYG,0.0,Rule[12M momentum top-k]
2021-03,HYG,0.0,Rule[12M momentum top-k]
2021-04,HYG,0.0,Rule[12M momentum top-k]
2021-05,HYG,0.0,Rule[12M momentum top-k]
2021-06,HYG,0.0,Rule[12M momentum top-k]
2021-07,HYG,0.0,Rule[12M momentum top-k]
2021-08,HYG,0.0,Rule[12M momentum top-k]
2021-09,HYG,0.0,Rule[12M momentum top-k]
2021-10,HYG,0.0,Rule[12M momentum top-k]
2021-11,HYG,0.0,Rule[12M momentum top-k]
2021-12,HYG,0.0,Rule[12M momentum top-k]
2022-01,HYG,0.0,Rule[12M momentum top-k]
2022-02,HYG,0.0,Rule[12M momentum top-k]
2022-03,HYG,0.0,Rule[12M momentum top-k]
2022-04,HYG,0.0,Rule[12M momentum top-k]
2022-05,HYG,0.0,Rule[12M momentum top-k]
2022-06,HYG,0.0,Rule[12M momentum top-k]
2022-07,HYG,0.0,Rule[12M momentum top-k]
2022-08,HYG,0.3333333333333333,Rule[12M momentum top-k]
2022-09,HYG,0.3333333333333333,Rule[12M momentum top-k]
2022-10,HYG,0.3333333333333333,Rule[12M momentum top-k]
2022-11,HYG,0.3333333333333333,Rule[12M momentum top-k]
2022-12,HYG,0.3333333333333333,Rule[12M momentum top-k]
2023-01,HYG,0.3333333333333333,Rule[12M momentum top-k]
2023-02,HYG,0.3333333333333333,Rule[12M momentum top-k]
2023-03,HYG,0.3333333333333333,Rule[12M momentum top-k]
2023-04,HYG,0.0,Rule[12M momentum top-k]
2023-05,HYG,0.0,Rule[12M momentum top-k]
2023-06,HYG,0.0,Rule[12M momentum top-k]
2023-07,HYG,0.0,Rule[12M momentum top-k]
2023-08,HYG,0.0,Rule[12M momentum top-k]
2023-09,HYG,0.0,Rule[12M momentum top-k]
2023-10,HYG,0.0,Rule[12M momentum top-k]
2023-11,HYG,0.0,Rule[12M momentum top-k]
2023-12,HYG,0.0,Rule[12M momentum top-k]
2024-01,HYG,0.3333333333333333,Rule[12M momentum top-k]
2024-02,HYG,0.0,Rule[12M momentum top-k]
2024-03,HYG,0.0,Rule[12M momentum top-k]
2024-04,HYG,0.0,Rule[12M momentum top-k]
2024-05,HYG,0.0,Rule[12M momentum top-k]
2024-06,HYG,0.0,Rule[12M momentum top-k]
2024-07,HYG,0.0,Rule[12M momentum top-k]
2024-08,HYG,0.0,Rule[12M momentum top-k]
2024-09,HYG,0.0,Rule[12M momentum top-k]
2024-10,HYG,0.0,Rule[12M momentum top-k]
2024-11,HYG,0.0,Rule[12M momentum top-k]
2024-12,HYG,0.0,Rule[12M momentum top-k]
2025-01,HYG,0.0,Rule[12M momentum top-k]
2025-02,HYG,0.0,Rule[12M momentum top-k]
2025-03,HYG,0.0,Rule[12M momentum top-k]
2025-04,HYG,0.0,Rule[12M momentum top-k]
2025-05,HYG,0.0,Rule[12M momentum top-k]
2025-06,HYG,0.0,Rule[12M momentum top-k]
2025-07,HYG,0.0,Rule[12M momentum top-k]
2025-08,HYG,0.0,Rule[12M momentum top-k]
2025-09,HYG,0.0,Rule[12M momentum top-k]
2025-10,HYG,0.0,Rule[12M momentum top-k]
2025-11,HYG,0.0,Rule[12M momentum top-k]
2025-12,HYG,0.0,Rule[12M momentum top-k]
2026-01,HYG,0.0,Rule[12M momentum top-k]
2026-02,HYG,0.0,Rule[12M momentum top-k]
2026-03,HYG,0.0,Rule[12M momentum top-k]
2020-01,IEF,0.0,Rule[12M momentum top-k]
2020-02,IEF,0.0,Rule[12M momentum top-k]
2020-03,IEF,0.3333333333333333,Rule[12M momentum top-k]
2020-04,IEF,0.3333333333333333,Rule[12M momentum top-k]
2020-05,IEF,0.0,Rule[12M momentum top-k]
2020-06,IEF,0.0,Rule[12M momentum top-k]
2020-07,IEF,0.0,Rule[12M momentum top-k]
2020-08,IEF,0.0,Rule[12M momentum top-k]
2020-09,IEF,0.0,Rule[12M momentum top-k]
2020-10,IEF,0.0,Rule[12M momentum top-k]
2020-11,IEF,0.0,Rule[12M momentum top-k]
2020-12,IEF,0.0,Rule[12M momentum top-k]
2021-01,IEF,0.0,Rule[12M momentum top-k]
2021-02,IEF,0.0,Rule[12M momentum top-k]
2021-03,IEF,0.0,Rule[12M momentum top-k]
2021-04,IEF,0.0,Rule[12M momentum top-k]
2021-05,IEF,0.0,Rule[12M momentum top-k]
2021-06,IEF,0.0,Rule[12M momentum top-k]
2021-07,IEF,0.0,Rule[12M momentum top-k]
2021-08,IEF,0.0,Rule[12M momentum top-k]
2021-09,IEF,0.0,Rule[12M momentum top-k]
2021-10,IEF,0.0,Rule[12M momentum top-k]
2021-11,IEF,0.0,Rule[12M momentum top-k]
2021-12,IEF,0.0,Rule[12M momentum top-k]
2022-01,IEF,0.0,Rule[12M momentum top-k]
2022-02,IEF,0.0,Rule[12M momentum top-k]
2022-03,IEF,0.0,Rule[12M momentum top-k]
2022-04,IEF,0.0,Rule[12M momentum top-k]
2022-05,IEF,0.0,Rule[12M momentum top-k]
2022-06,IEF,0.3333333333333333,Rule[12M momentum top-k]
2022-07,IEF,0.0,Rule[12M momentum top-k]
2022-08,IEF,0.0,Rule[12M momentum top-k]
2022-09,IEF,0.0,Rule[12M momentum top-k]
2022-10,IEF,0.0,Rule[12M momentum top-k]
2022-11,IEF,0.0,Rule[12M momentum top-k]
2022-12,IEF,0.3333333333333333,Rule[12M momentum top-k]
2023-01,IEF,0.0,Rule[12M momentum top-k]
2023-02,IEF,0.0,Rule[12M momentum top-k]
2023-03,IEF,0.3333333333333333,Rule[12M momentum top-k]
2023-04,IEF,0.0,Rule[12M momentum top-k]
2023-05,IEF,0.0,Rule[12M momentum top-k]
2023-06,IEF,0.0,Rule[12M momentum top-k]
2023-07,IEF,0.0,Rule[12M momentum top-k]
2023-08,IEF,0.0,Rule[12M momentum top-k]
2023-09,IEF,0.0,Rule[12M momentum top-k]
2023-10,IEF,0.0,Rule[12M momentum top-k]
2023-11,IEF,0.0,Rule[12M momentum top-k]
2023-12,IEF,0.0,Rule[12M momentum top-k]
2024-01,IEF,0.0,Rule[12M momentum top-k]
2024-02,IEF,0.0,Rule[12M momentum top-k]
2024-03,IEF,0.0,Rule[12M momentum top-k]
2024-04,IEF,0.0,Rule[12M momentum top-k]
2024-05,IEF,0.0,Rule[12M momentum top-k]
2024-06,IEF,0.0,Rule[12M momentum top-k]
2024-07,IEF,0.0,Rule[12M momentum top-k]
2024-08,IEF,0.0,Rule[12M momentum top-k]
2024-09,IEF,0.0,Rule[12M momentum top-k]
2024-10,IEF,0.0,Rule[12M momentum top-k]
2024-11,IEF,0.0,Rule[12M momentum top-k]
2024-12,IEF,0.0,Rule[12M momentum top-k]
2025-01,IEF,0.0,Rule[12M momentum top-k]
2025-02,IEF,0.0,Rule[12M momentum top-k]
2025-03,IEF,0.0,Rule[12M momentum top-k]
2025-04,IEF,0.0,Rule[12M momentum top-k]
2025-05,IEF,0.0,Rule[12M momentum top-k]
2025-06,IEF,0.0,Rule[12M momentum top-k]
2025-07,IEF,0.0,Rule[12M momentum top-k]
2025-08,IEF,0.0,Rule[12M momentum top-k]
2025-09,IEF,0.0,Rule[12M momentum top-k]
2025-10,IEF,0.0,Rule[12M momentum top-k]
2025-11,IEF,0.0,Rule[12M momentum top-k]
2025-12,IEF,0.0,Rule[12M momentum top-k]
2026-01,IEF,0.0,Rule[12M momentum top-k]
2026-02,IEF,0.0,Rule[12M momentum top-k]
2026-03,IEF,0.0,Rule[12M momentum top-k]
2020-01,IWM,0.0,Rule[12M momentum top-k]
2020-02,IWM,0.0,Rule[12M momentum top-k]
2020-03,IWM,0.0,Rule[12M momentum top-k]
2020-04,IWM,0.0,Rule[12M momentum top-k]
2020-05,IWM,0.0,Rule[12M momentum top-k]
2020-06,IWM,0.0,Rule[12M momentum top-k]
2020-07,IWM,0.0,Rule[12M momentum top-k]
2020-08,IWM,0.0,Rule[12M momentum top-k]
2020-09,IWM,0.0,Rule[12M momentum top-k]
2020-10,IWM,0.0,Rule[12M momentum top-k]
2020-11,IWM,0.0,Rule[12M momentum top-k]
2020-12,IWM,0.3333333333333333,Rule[12M momentum top-k]
2021-01,IWM,0.3333333333333333,Rule[12M momentum top-k]
2021-02,IWM,0.3333333333333333,Rule[12M momentum top-k]
2021-03,IWM,0.3333333333333333,Rule[12M momentum top-k]
2021-04,IWM,0.3333333333333333,Rule[12M momentum top-k]
2021-05,IWM,0.3333333333333333,Rule[12M momentum top-k]
2021-06,IWM,0.3333333333333333,Rule[12M momentum top-k]
2021-07,IWM,0.3333333333333333,Rule[12M momentum top-k]
2021-08,IWM,0.3333333333333333,Rule[12M momentum top-k]
2021-09,IWM,0.3333333333333333,Rule[12M momentum top-k]
2021-10,IWM,0.3333333333333333,Rule[12M momentum top-k]
2021-11,IWM,0.0,Rule[12M momentum top-k]
2021-12,IWM,0.0,Rule[12M momentum top-k]
2022-01,IWM,0.0,Rule[12M momentum top-k]
2022-02,IWM,0.0,Rule[12M momentum top-k]
2022-03,IWM,0.0,Rule[12M momentum top-k]
2022-04,IWM,0.0,Rule[12M momentum top-k]
2022-05,IWM,0.0,Rule[12M momentum top-k]
2022-06,IWM,0.0,Rule[12M momentum top-k]
2022-07,IWM,0.0,Rule[12M momentum top-k]
2022-08,IWM,0.0,Rule[12M momentum top-k]
2022-09,IWM,0.0,Rule[12M momentum top-k]
2022-10,IWM,0.0,Rule[12M momentum top-k]
2022-11,IWM,0.0,Rule[12M momentum top-k]
2022-12,IWM,0.0,Rule[12M momentum top-k]
2023-01,IWM,0.3333333333333333,Rule[12M momentum top-k]
2023-02,IWM,0.3333333333333333,Rule[12M momentum top-k]
2023-03,IWM,0.0,Rule[12M momentum top-k]
2023-04,IWM,0.0,Rule[12M momentum top-k]
2023-05,IWM,0.0,Rule[12M momentum top-k]
2023-06,IWM,0.3333333333333333,Rule[12M momentum top-k]
2023-07,IWM,0.0,Rule[12M momentum top-k]
2023-08,IWM,0.0,Rule[12M momentum top-k]
2023-09,IWM,0.0,Rule[12M momentum top-k]
2023-10,IWM,0.0,Rule[12M momentum top-k]
2023-11,IWM,0.0,Rule[12M momentum top-k]
2023-12,IWM,0.3333333333333333,Rule[12M momentum top-k]
2024-01,IWM,0.0,Rule[12M momentum top-k]
2024-02,IWM,0.0,Rule[12M momentum top-k]
2024-03,IWM,0.3333333333333333,Rule[12M momentum top-k]
2024-04,IWM,0.0,Rule[12M momentum top-k]
2024-05,IWM,0.3333333333333333,Rule[12M momentum top-k]
2024-06,IWM,0.0,Rule[12M momentum top-k]
2024-07,IWM,0.0,Rule[12M momentum top-k]
2024-08,IWM,0.0,Rule[12M momentum top-k]
2024-09,IWM,0.0,Rule[12M momentum top-k]
2024-10,IWM,0.0,Rule[12M momentum top-k]
2024-11,IWM,0.3333333333333333,Rule[12M momentum top-k]
2024-12,IWM,0.0,Rule[12M momentum top-k]
2025-01,IWM,0.0,Rule[12M momentum top-k]
2025-02,IWM,0.0,Rule[12M momentum top-k]
2025-03,IWM,0.0,Rule[12M momentum top-k]
2025-04,IWM,0.0,Rule[12M momentum top-k]
2025-05,IWM,0.0,Rule[12M momentum top-k]
2025-06,IWM,0.0,Rule[12M momentum top-k]
2025-07,IWM,0.0,Rule[12M momentum top-k]
2025-08,IWM,0.0,Rule[12M momentum top-k]
2025-09,IWM,0.0,Rule[12M momentum top-k]
2025-10,IWM,0.0,Rule[12M momentum top-k]
2025-11,IWM,0.0,Rule[12M momentum top-k]
2025-12,IWM,0.0,Rule[12M momentum top-k]
2026-01,IWM,0.0,Rule[12M momentum top-k]
2026-02,IWM,0.3333333333333333,Rule[12M momentum top-k]
2026-03,IWM,0.3333333333333333,Rule[12M momentum top-k]
2020-01,QQQ,0.3333333333333333,Rule[12M momentum top-k]
2020-02,QQQ,0.3333333333333333,Rule[12M momentum top-k]
2020-03,QQQ,0.0,Rule[12M momentum top-k]
2020-04,QQQ,0.0,Rule[12M momentum top-k]
2020-05,QQQ,0.3333333333333333,Rule[12M momentum top-k]
2020-06,QQQ,0.3333333333333333,Rule[12M momentum top-k]
2020-07,QQQ,0.3333333333333333,Rule[12M momentum top-k]
2020-08,QQQ,0.3333333333333333,Rule[12M momentum top-k]
2020-09,QQQ,0.3333333333333333,Rule[12M momentum top-k]
2020-10,QQQ,0.3333333333333333,Rule[12M momentum top-k]
2020-11,QQQ,0.3333333333333333,Rule[12M momentum top-k]
2020-12,QQQ,0.3333333333333333,Rule[12M momentum top-k]
2021-01,QQQ,0.3333333333333333,Rule[12M momentum top-k]
2021-02,QQQ,0.3333333333333333,Rule[12M momentum top-k]
2021-03,QQQ,0.3333333333333333,Rule[12M momentum top-k]
2021-04,QQQ,0.3333333333333333,Rule[12M momentum top-k]
2021-05,QQQ,0.3333333333333333,Rule[12M momentum top-k]
2021-06,QQQ,0.3333333333333333,Rule[12M momentum top-k]
2021-07,QQQ,0.3333333333333333,Rule[12M momentum top-k]
2021-08,QQQ,0.0,Rule[12M momentum top-k]
2021-09,QQQ,0.0,Rule[12M momentum top-k]
2021-10,QQQ,0.0,Rule[12M momentum top-k]
2021-11,QQQ,0.3333333333333333,Rule[12M momentum top-k]
2021-12,QQQ,0.3333333333333333,Rule[12M momentum top-k]
2022-01,QQQ,0.3333333333333333,Rule[12M momentum top-k]
2022-02,QQQ,0.0,Rule[12M momentum top-k]
2022-03,QQQ,0.3333333333333333,Rule[12M momentum top-k]
2022-04,QQQ,0.0,Rule[12M momentum top-k]
2022-05,QQQ,0.0,Rule[12M momentum top-k]
2022-06,QQQ,0.0,Rule[12M momentum top-k]
2022-07,QQQ,0.0,Rule[12M momentum top-k]
2022-08,QQQ,0.0,Rule[12M momentum top-k]
2022-09,QQQ,0.0,Rule[12M momentum top-k]
2022-10,QQQ,0.0,Rule[12M momentum top-k]
2022-11,QQQ,0.0,Rule[12M momentum top-k]
2022-12,QQQ,0.0,Rule[12M momentum top-k]
2023-01,QQQ,0.0,Rule[12M momentum top-k]
2023-02,QQQ,0.0,Rule[12M momentum top-k]
2023-03,QQQ,0.0,Rule[12M momentum top-k]
2023-04,QQQ,0.3333333333333333,Rule[12M momentum top-k]
2023-05,QQQ,0.3333333333333333,Rule[12M momentum top-k]
2023-06,QQQ,0.3333333333333333,Rule[12M momentum top-k]
2023-07,QQQ,0.3333333333333333,Rule[12M momentum top-k]
2023-08,QQQ,0.3333333333333333,Rule[12M momentum top-k]
2023-09,QQQ,0.3333333333333333,Rule[12M momentum top-k]
2023-10,QQQ,0.3333333333333333,Rule[12M momentum top-k]
2023-11,QQQ,0.3333333333333333,Rule[12M momentum top-k]
2023-12,QQQ,0.3333333333333333,Rule[12M momentum top-k]
2024-01,QQQ,0.3333333333333333,Rule[12M momentum top-k]
2024-02,QQQ,0.3333333333333333,Rule[12M momentum top-k]
2024-03,QQQ,0.3333333333333333,Rule[12M momentum top-k]
2024-04,QQQ,0.3333333333333333,Rule[12M momentum top-k]
2024-05,QQQ,0.3333333333333333,Rule[12M momentum top-k]
2024-06,QQQ,0.3333333333333333,Rule[12M momentum top-k]
2024-07,QQQ,0.3333333333333333,Rule[12M momentum top-k]
2024-08,QQQ,0.3333333333333333,Rule[12M momentum top-k]
2024-09,QQQ,0.3333333333333333,Rule[12M momentum top-k]
2024-10,QQQ,0.3333333333333333,Rule[12M momentum top-k]
2024-11,QQQ,0.3333333333333333,Rule[12M momentum top-k]
2024-12,QQQ,0.3333333333333333,Rule[12M momentum top-k]
2025-01,QQQ,0.3333333333333333,Rule[12M momentum top-k]
2025-02,QQQ,0.3333333333333333,Rule[12M momentum top-k]
2025-03,QQQ,0.0,Rule[12M momentum top-k]
2025-04,QQQ,0.3333333333333333,Rule[12M momentum top-k]
2025-05,QQQ,0.3333333333333333,Rule[12M momentum top-k]
2025-06,QQQ,0.3333333333333333,Rule[12M momentum top-k]
2025-07,QQQ,0.3333333333333333,Rule[12M momentum top-k]
2025-08,QQQ,0.3333333333333333,Rule[12M momentum top-k]
2025-09,QQQ,0.3333333333333333,Rule[12M momentum top-k]
2025-10,QQQ,0.3333333333333333,Rule[12M momentum top-k]
2025-11,QQQ,0.3333333333333333,Rule[12M momentum top-k]
2025-12,QQQ,0.3333333333333333,Rule[12M momentum top-k]
2026-01,QQQ,0.3333333333333333,Rule[12M momentum top-k]
2026-02,QQQ,0.0,Rule[12M momentum top-k]
2026-03,QQQ,0.0,Rule[12M momentum top-k]
2020-01,SPY,0.3333333333333333,Rule[12M momentum top-k]
2020-02,SPY,0.0,Rule[12M momentum top-k]
2020-03,SPY,0.0,Rule[12M momentum top-k]
2020-04,SPY,0.0,Rule[12M momentum top-k]
2020-05,SPY,0.0,Rule[12M momentum top-k]
2020-06,SPY,0.0,Rule[12M momentum top-k]
2020-07,SPY,0.0,Rule[12M momentum top-k]
2020-08,SPY,0.3333333333333333,Rule[12M momentum top-k]
2020-09,SPY,0.3333333333333333,Rule[12M momentum top-k]
2020-10,SPY,0.0,Rule[12M momentum top-k]
2020-11,SPY,0.0,Rule[12M momentum top-k]
2020-12,SPY,0.0,Rule[12M momentum top-k]
2021-01,SPY,0.0,Rule[12M momentum top-k]
2021-02,SPY,0.0,Rule[12M momentum top-k]
2021-03,SPY,0.0,Rule[12M momentum top-k]
2021-04,SPY,0.0,Rule[12M momentum top-k]
2021-05,SPY,0.0,Rule[12M momentum top-k]
2021-06,SPY,0.3333333333333333,Rule[12M momentum top-k]
2021-07,SPY,0.3333333333333333,Rule[12M momentum top-k]
2021-08,SPY,0.3333333333333333,Rule[12M momentum top-k]
2021-09,SPY,0.3333333333333333,Rule[12M momentum top-k]
2021-10,SPY,0.3333333333333333,Rule[12M momentum top-k]
2021-11,SPY,0.3333333333333333,Rule[12M momentum top-k]
2021-12,SPY,0.3333333333333333,Rule[12M momentum top-k]
2022-01,SPY,0.3333333333333333,Rule[12M momentum top-k]
2022-02,SPY,0.3333333333333333,Rule[12M momentum top-k]
2022-03,SPY,0.3333333333333333,Rule[12M momentum top-k]
2022-04,SPY,0.3333333333333333,Rule[12M momentum top-k]
2022-05,SPY,0.3333333333333333,Rule[12M momentum top-k]
2022-06,SPY,0.0,Rule[12M momentum top-k]
2022-07,SPY,0.3333333333333333,Rule[12M momentum top-k]
2022-08,SPY,0.3333333333333333,Rule[12M momentum top-k]
2022-09,SPY,0.3333333333333333,Rule[12M momentum top-k]
2022-10,SPY,0.3333333333333333,Rule[12M momentum top-k]
2022-11,SPY,0.3333333333333333,Rule[12M momentum top-k]
2022-12,SPY,0.0,Rule[12M momentum top-k]
2023-01,SPY,0.0,Rule[12M momentum top-k]
2023-02,SPY,0.0,Rule[12M momentum top-k]
2023-03,SPY,0.0,Rule[12M momentum top-k]
2023-04,SPY,0.3333333333333333,Rule[12M momentum top-k]
2023-05,SPY,0.3333333333333333,Rule[12M momentum top-k]
2023-06,SPY,0.3333333333333333,Rule[12M momentum top-k]
2023-07,SPY,0.3333333333333333,Rule[12M momentum top-k]
2023-08,SPY,0.3333333333333333,Rule[12M momentum top-k]
2023-09,SPY,0.3333333333333333,Rule[12M momentum top-k]
2023-10,SPY,0.0,Rule[12M momentum top-k]
2023-11,SPY,0.3333333333333333,Rule[12M momentum top-k]
2023-12,SPY,0.3333333333333333,Rule[12M momentum top-k]
2024-01,SPY,0.3333333333333333,Rule[12M momentum top-k]
2024-02,SPY,0.3333333333333333,Rule[12M momentum top-k]
2024-03,SPY,0.3333333333333333,Rule[12M momentum top-k]
2024-04,SPY,0.3333333333333333,Rule[12M momentum top-k]
2024-05,SPY,0.3333333333333333,Rule[12M momentum top-k]
2024-06,SPY,0.3333333333333333,Rule[12M momentum top-k]
2024-07,SPY,0.3333333333333333,Rule[12M momentum top-k]
2024-08,SPY,0.3333333333333333,Rule[12M momentum top-k]
2024-09,SPY,0.3333333333333333,Rule[12M momentum top-k]
2024-10,SPY,0.3333333333333333,Rule[12M momentum top-k]
2024-11,SPY,0.3333333333333333,Rule[12M momentum top-k]
2024-12,SPY,0.3333333333333333,Rule[12M momentum top-k]
2025-01,SPY,0.3333333333333333,Rule[12M momentum top-k]
2025-02,SPY,0.3333333333333333,Rule[12M momentum top-k]
2025-03,SPY,0.0,Rule[12M momentum top-k]
2025-04,SPY,0.0,Rule[12M momentum top-k]
2025-05,SPY,0.0,Rule[12M momentum top-k]
2025-06,SPY,0.0,Rule[12M momentum top-k]
2025-07,SPY,0.0,Rule[12M momentum top-k]
2025-08,SPY,0.0,Rule[12M momentum top-k]
2025-09,SPY,0.3333333333333333,Rule[12M momentum top-k]
2025-10,SPY,0.0,Rule[12M momentum top-k]
2025-11,SPY,0.0,Rule[12M momentum top-k]
2025-12,SPY,0.0,Rule[12M momentum top-k]
2026-01,SPY,0.0,Rule[12M momentum top-k]
2026-02,SPY,0.0,Rule[12M momentum top-k]
2026-03,SPY,0.0,Rule[12M momentum top-k]
2020-01,TLT,0.3333333333333333,Rule[12M momentum top-k]
2020-02,TLT,0.3333333333333333,Rule[12M momentum top-k]
2020-03,TLT,0.3333333333333333,Rule[12M momentum top-k]
2020-04,TLT,0.3333333333333333,Rule[12M momentum top-k]
2020-05,TLT,0.3333333333333333,Rule[12M momentum top-k]
2020-06,TLT,0.3333333333333333,Rule[12M momentum top-k]
2020-07,TLT,0.3333333333333333,Rule[12M momentum top-k]
2020-08,TLT,0.0,Rule[12M momentum top-k]
2020-09,TLT,0.0,Rule[12M momentum top-k]
2020-10,TLT,0.3333333333333333,Rule[12M momentum top-k]
2020-11,TLT,0.0,Rule[12M momentum top-k]
2020-12,TLT,0.0,Rule[12M momentum top-k]
2021-01,TLT,0.0,Rule[12M momentum top-k]
2021-02,TLT,0.0,Rule[12M momentum top-k]
2021-03,TLT,0.0,Rule[12M momentum top-k]
2021-04,TLT,0.0,Rule[12M momentum top-k]
2021-05,TLT,0.0,Rule[12M momentum top-k]
2021-06,TLT,0.0,Rule[12M momentum top-k]
2021-07,TLT,0.0,Rule[12M momentum top-k]
2021-08,TLT,0.0,Rule[12M momentum top-k]
2021-09,TLT,0.0,Rule[12M momentum top-k]
2021-10,TLT,0.0,Rule[12M momentum top-k]
2021-11,TLT,0.0,Rule[12M momentum top-k]
2021-12,TLT,0.0,Rule[12M momentum top-k]
2022-01,TLT,0.0,Rule[12M momentum top-k]
2022-02,TLT,0.0,Rule[12M momentum top-k]
2022-03,TLT,0.0,Rule[12M momentum top-k]
2022-04,TLT,0.0,Rule[12M momentum top-k]
2022-05,TLT,0.0,Rule[12M momentum top-k]
2022-06,TLT,0.0,Rule[12M momentum top-k]
2022-07,TLT,0.0,Rule[12M momentum top-k]
2022-08,TLT,0.0,Rule[12M momentum top-k]
2022-09,TLT,0.0,Rule[12M momentum top-k]
2022-10,TLT,0.0,Rule[12M momentum top-k]
2022-11,TLT,0.0,Rule[12M momentum top-k]
2022-12,TLT,0.0,Rule[12M momentum top-k]
2023-01,TLT,0.0,Rule[12M momentum top-k]
2023-02,TLT,0.0,Rule[12M momentum top-k]
2023-03,TLT,0.0,Rule[12M momentum top-k]
2023-04,TLT,0.0,Rule[12M momentum top-k]
2023-05,TLT,0.0,Rule[12M momentum top-k]
2023-06,TLT,0.0,Rule[12M momentum top-k]
2023-07,TLT,0.0,Rule[12M momentum top-k]
2023-08,TLT,0.0,Rule[12M momentum top-k]
2023-09,TLT,0.0,Rule[12M momentum top-k]
2023-10,TLT,0.0,Rule[12M momentum top-k]
2023-11,TLT,0.0,Rule[12M momentum top-k]
2023-12,TLT,0.0,Rule[12M momentum top-k]
2024-01,TLT,0.0,Rule[12M momentum top-k]
2024-02,TLT,0.0,Rule[12M momentum top-k]
2024-03,TLT,0.0,Rule[12M momentum top-k]
2024-04,TLT,0.0,Rule[12M momentum top-k]
2024-05,TLT,0.0,Rule[12M momentum top-k]
2024-06,TLT,0.0,Rule[12M momentum top-k]
2024-07,TLT,0.0,Rule[12M momentum top-k]
2024-08,TLT,0.0,Rule[12M momentum top-k]
2024-09,TLT,0.0,Rule[12M momentum top-k]
2024-10,TLT,0.0,Rule[12M momentum top-k]
2024-11,TLT,0.0,Rule[12M momentum top-k]
2024-12,TLT,0.0,Rule[12M momentum top-k]
2025-01,TLT,0.0,Rule[12M momentum top-k]
2025-02,TLT,0.0,Rule[12M momentum top-k]
2025-03,TLT,0.0,Rule[12M momentum top-k]
2025-04,TLT,0.0,Rule[12M momentum top-k]
2025-05,TLT,0.0,Rule[12M momentum top-k]
2025-06,TLT,0.0,Rule[12M momentum top-k]
2025-07,TLT,0.0,Rule[12M momentum top-k]
2025-08,TLT,0.0,Rule[12M momentum top-k]
2025-09,TLT,0.0,Rule[12M momentum top-k]
2025-10,TLT,0.0,Rule[12M momentum top-k]
2025-11,TLT,0.0,Rule[12M momentum top-k]
2025-12,TLT,0.0,Rule[12M momentum top-k]
2026-01,TLT,0.0,Rule[12M momentum top-k]
2026-02,TLT,0.0,Rule[12M momentum top-k]
2026-03,TLT,0.0,Rule[12M momentum top-k]
2020-01,VNQ,0.0,Rule[12M momentum top-k]
2020-02,VNQ,0.0,Rule[12M momentum top-k]
2020-03,VNQ,0.0,Rule[12M momentum top-k]
2020-04,VNQ,0.0,Rule[12M momentum top-k]
2020-05,VNQ,0.0,Rule[12M momentum top-k]
2020-06,VNQ,0.0,Rule[12M momentum top-k]
2020-07,VNQ,0.0,Rule[12M momentum top-k]
2020-08,VNQ,0.0,Rule[12M momentum top-k]
2020-09,VNQ,0.0,Rule[12M momentum top-k]
2020-10,VNQ,0.0,Rule[12M momentum top-k]
2020-11,VNQ,0.0,Rule[12M momentum top-k]
2020-12,VNQ,0.0,Rule[12M momentum top-k]
2021-01,VNQ,0.0,Rule[12M momentum top-k]
2021-02,VNQ,0.0,Rule[12M momentum top-k]
2021-03,VNQ,0.0,Rule[12M momentum top-k]
2021-04,VNQ,0.0,Rule[12M momentum top-k]
2021-05,VNQ,0.0,Rule[12M momentum top-k]
2021-06,VNQ,0.0,Rule[12M momentum top-k]
2021-07,VNQ,0.0,Rule[12M momentum top-k]
2021-08,VNQ,0.3333333333333333,Rule[12M momentum top-k]
2021-09,VNQ,0.3333333333333333,Rule[12M momentum top-k]
2021-10,VNQ,0.3333333333333333,Rule[12M momentum top-k]
2021-11,VNQ,0.3333333333333333,Rule[12M momentum top-k]
2021-12,VNQ,0.3333333333333333,Rule[12M momentum top-k]
2022-01,VNQ,0.3333333333333333,Rule[12M momentum top-k]
2022-02,VNQ,0.3333333333333333,Rule[12M momentum top-k]
2022-03,VNQ,0.3333333333333333,Rule[12M momentum top-k]
2022-04,VNQ,0.3333333333333333,Rule[12M momentum top-k]
2022-05,VNQ,0.3333333333333333,Rule[12M momentum top-k]
2022-06,VNQ,0.3333333333333333,Rule[12M momentum top-k]
2022-07,VNQ,0.3333333333333333,Rule[12M momentum top-k]
2022-08,VNQ,0.0,Rule[12M momentum top-k]
2022-09,VNQ,0.0,Rule[12M momentum top-k]
2022-10,VNQ,0.0,Rule[12M momentum top-k]
2022-11,VNQ,0.0,Rule[12M momentum top-k]
2022-12,VNQ,0.0,Rule[12M momentum top-k]
2023-01,VNQ,0.0,Rule[12M momentum top-k]
2023-02,VNQ,0.0,Rule[12M momentum top-k]
2023-03,VNQ,0.0,Rule[12M momentum top-k]
2023-04,VNQ,0.0,Rule[12M momentum top-k]
2023-05,VNQ,0.0,Rule[12M momentum top-k]
2023-06,VNQ,0.0,Rule[12M momentum top-k]
2023-07,VNQ,0.0,Rule[12M momentum top-k]
2023-08,VNQ,0.0,Rule[12M momentum top-k]
2023-09,VNQ,0.0,Rule[12M momentum top-k]
2023-10,VNQ,0.0,Rule[12M momentum top-k]
2023-11,VNQ,0.0,Rule[12M momentum top-k]
2023-12,VNQ,0.0,Rule[12M momentum top-k]
2024-01,VNQ,0.0,Rule[12M momentum top-k]
2024-02,VNQ,0.0,Rule[12M momentum top-k]
2024-03,VNQ,0.0,Rule[12M momentum top-k]
2024-04,VNQ,0.0,Rule[12M momentum top-k]
2024-05,VNQ,0.0,Rule[12M momentum top-k]
2024-06,VNQ,0.0,Rule[12M momentum top-k]
2024-07,VNQ,0.0,Rule[12M momentum top-k]
2024-08,VNQ,0.0,Rule[12M momentum top-k]
2024-09,VNQ,0.0,Rule[12M momentum top-k]
2024-10,VNQ,0.0,Rule[12M momentum top-k]
2024-11,VNQ,0.0,Rule[12M momentum top-k]
2024-12,VNQ,0.0,Rule[12M momentum top-k]
2025-01,VNQ,0.0,Rule[12M momentum top-k]
2025-02,VNQ,0.0,Rule[12M momentum top-k]
2025-03,VNQ,0.3333333333333333,Rule[12M momentum top-k]
2025-04,VNQ,0.3333333333333333,Rule[12M momentum top-k]
2025-05,VNQ,0.3333333333333333,Rule[12M momentum top-k]
2025-06,VNQ,0.0,Rule[12M momentum top-k]
2025-07,VNQ,0.0,Rule[12M momentum top-k]
2025-08,VNQ,0.0,Rule[12M momentum top-k]
2025-09,VNQ,0.0,Rule[12M momentum top-k]
2025-10,VNQ,0.0,Rule[12M momentum top-k]
2025-11,VNQ,0.0,Rule[12M momentum top-k]
2025-12,VNQ,0.0,Rule[12M momentum top-k]
2026-01,VNQ,0.0,Rule[12M momentum top-k]
2026-02,VNQ,0.0,Rule[12M momentum top-k]
2026-03,VNQ,0.0,Rule[12M momentum top-k]
2020-01,EEM,0.0,Rule[6M momentum top-k]
2020-02,EEM,0.3333333333333333,Rule[6M momentum top-k]
2020-03,EEM,0.0,Rule[6M momentum top-k]
2020-04,EEM,0.0,Rule[6M momentum top-k]
2020-05,EEM,0.0,Rule[6M momentum top-k]
2020-06,EEM,0.0,Rule[6M momentum top-k]
2020-07,EEM,0.0,Rule[6M momentum top-k]
2020-08,EEM,0.0,Rule[6M momentum top-k]
2020-09,EEM,0.0,Rule[6M momentum top-k]
2020-10,EEM,0.3333333333333333,Rule[6M momentum top-k]
2020-11,EEM,0.3333333333333333,Rule[6M momentum top-k]
2020-12,EEM,0.3333333333333333,Rule[6M momentum top-k]
2021-01,EEM,0.3333333333333333,Rule[6M momentum top-k]
2021-02,EEM,0.3333333333333333,Rule[6M momentum top-k]
2021-03,EEM,0.3333333333333333,Rule[6M momentum top-k]
2021-04,EEM,0.0,Rule[6M momentum top-k]
2021-05,EEM,0.0,Rule[6M momentum top-k]
2021-06,EEM,0.0,Rule[6M momentum top-k]
2021-07,EEM,0.0,Rule[6M momentum top-k]
2021-08,EEM,0.0,Rule[6M momentum top-k]
2021-09,EEM,0.0,Rule[6M momentum top-k]
2021-10,EEM,0.0,Rule[6M momentum top-k]
2021-11,EEM,0.0,Rule[6M momentum top-k]
2021-12,EEM,0.0,Rule[6M momentum top-k]
2022-01,EEM,0.0,Rule[6M momentum top-k]
2022-02,EEM,0.0,Rule[6M momentum top-k]
2022-03,EEM,0.0,Rule[6M momentum top-k]
2022-04,EEM,0.0,Rule[6M momentum top-k]
2022-05,EEM,0.0,Rule[6M momentum top-k]
2022-06,EEM,0.0,Rule[6M momentum top-k]
2022-07,EEM,0.0,Rule[6M momentum top-k]
2022-08,EEM,0.0,Rule[6M momentum top-k]
2022-09,EEM,0.0,Rule[6M momentum top-k]
2022-10,EEM,0.0,Rule[6M momentum top-k]
2022-11,EEM,0.0,Rule[6M momentum top-k]
2022-12,EEM,0.0,Rule[6M momentum top-k]
2023-01,EEM,0.3333333333333333,Rule[6M momentum top-k]
2023-02,EEM,0.0,Rule[6M momentum top-k]
2023-03,EEM,0.3333333333333333,Rule[6M momentum top-k]
2023-04,EEM,0.3333333333333333,Rule[6M momentum top-k]
2023-05,EEM,0.0,Rule[6M momentum top-k]
2023-06,EEM,0.0,Rule[6M momentum top-k]
2023-07,EEM,0.0,Rule[6M momentum top-k]
2023-08,EEM,0.0,Rule[6M momentum top-k]
2023-09,EEM,0.0,Rule[6M momentum top-k]
2023-10,EEM,0.0,Rule[6M momentum top-k]
2023-11,EEM,0.0,Rule[6M momentum top-k]
2023-12,EEM,0.0,Rule[6M momentum top-k]
2024-01,EEM,0.0,Rule[6M momentum top-k]
2024-02,EEM,0.0,Rule[6M momentum top-k]
2024-03,EEM,0.0,Rule[6M momentum top-k]
2024-04,EEM,0.0,Rule[6M momentum top-k]
2024-05,EEM,0.0,Rule[6M momentum top-k]
2024-06,EEM,0.0,Rule[6M momentum top-k]
2024-07,EEM,0.0,Rule[6M momentum top-k]
2024-08,EEM,0.0,Rule[6M momentum top-k]
2024-09,EEM,0.3333333333333333,Rule[6M momentum top-k]
2024-10,EEM,0.0,Rule[6M momentum top-k]
2024-11,EEM,0.0,Rule[6M momentum top-k]
2024-12,EEM,0.0,Rule[6M momentum top-k]
2025-01,EEM,0.0,Rule[6M momentum top-k]
2025-02,EEM,0.0,Rule[6M momentum top-k]
2025-03,EEM,0.0,Rule[6M momentum top-k]
2025-04,EEM,0.0,Rule[6M momentum top-k]
2025-05,EEM,0.3333333333333333,Rule[6M momentum top-k]
2025-06,EEM,0.3333333333333333,Rule[6M momentum top-k]
2025-07,EEM,0.3333333333333333,Rule[6M momentum top-k]
2025-08,EEM,0.3333333333333333,Rule[6M momentum top-k]
2025-09,EEM,0.3333333333333333,Rule[6M momentum top-k]
2025-10,EEM,0.3333333333333333,Rule[6M momentum top-k]
2025-11,EEM,0.3333333333333333,Rule[6M momentum top-k]
2025-12,EEM,0.3333333333333333,Rule[6M momentum top-k]
2026-01,EEM,0.3333333333333333,Rule[6M momentum top-k]
2026-02,EEM,0.3333333333333333,Rule[6M momentum top-k]
2026-03,EEM,0.3333333333333333,Rule[6M momentum top-k]
2020-01,GLD,0.3333333333333333,Rule[6M momentum top-k]
2020-02,GLD,0.0,Rule[6M momentum top-k]
2020-03,GLD,0.3333333333333333,Rule[6M momentum top-k]
2020-04,GLD,0.3333333333333333,Rule[6M momentum top-k]
2020-05,GLD,0.3333333333333333,Rule[6M momentum top-k]
2020-06,GLD,0.3333333333333333,Rule[6M momentum top-k]
2020-07,GLD,0.3333333333333333,Rule[6M momentum top-k]
2020-08,GLD,0.3333333333333333,Rule[6M momentum top-k]
2020-09,GLD,0.0,Rule[6M momentum top-k]
2020-10,GLD,0.0,Rule[6M momentum top-k]
2020-11,GLD,0.0,Rule[6M momentum top-k]
2020-12,GLD,0.0,Rule[6M momentum top-k]
2021-01,GLD,0.0,Rule[6M momentum top-k]
2021-02,GLD,0.0,Rule[6M momentum top-k]
2021-03,GLD,0.0,Rule[6M momentum top-k]
2021-04,GLD,0.0,Rule[6M momentum top-k]
2021-05,GLD,0.0,Rule[6M momentum top-k]
2021-06,GLD,0.0,Rule[6M momentum top-k]
2021-07,GLD,0.0,Rule[6M momentum top-k]
2021-08,GLD,0.0,Rule[6M momentum top-k]
2021-09,GLD,0.0,Rule[6M momentum top-k]
2021-10,GLD,0.0,Rule[6M momentum top-k]
2021-11,GLD,0.0,Rule[6M momentum top-k]
2021-12,GLD,0.0,Rule[6M momentum top-k]
2022-01,GLD,0.0,Rule[6M momentum top-k]
2022-02,GLD,0.3333333333333333,Rule[6M momentum top-k]
2022-03,GLD,0.3333333333333333,Rule[6M momentum top-k]
2022-04,GLD,0.3333333333333333,Rule[6M momentum top-k]
2022-05,GLD,0.3333333333333333,Rule[6M momentum top-k]
2022-06,GLD,0.3333333333333333,Rule[6M momentum top-k]
2022-07,GLD,0.3333333333333333,Rule[6M momentum top-k]
2022-08,GLD,0.0,Rule[6M momentum top-k]
2022-09,GLD,0.3333333333333333,Rule[6M momentum top-k]
2022-10,GLD,0.0,Rule[6M momentum top-k]
2022-11,GLD,0.0,Rule[6M momentum top-k]
2022-12,GLD,0.0,Rule[6M momentum top-k]
2023-01,GLD,0.3333333333333333,Rule[6M momentum top-k]
2023-02,GLD,0.3333333333333333,Rule[6M momentum top-k]
2023-03,GLD,0.3333333333333333,Rule[6M momentum top-k]
2023-04,GLD,0.3333333333333333,Rule[6M momentum top-k]
2023-05,GLD,0.3333333333333333,Rule[6M momentum top-k]
2023-06,GLD,0.0,Rule[6M momentum top-k]
2023-07,GLD,0.0,Rule[6M momentum top-k]
2023-08,GLD,0.3333333333333333,Rule[6M momentum top-k]
2023-09,GLD,0.0,Rule[6M momentum top-k]
2023-10,GLD,0.0,Rule[6M momentum top-k]
2023-11,GLD,0.0,Rule[6M momentum top-k]
2023-12,GLD,0.0,Rule[6M momentum top-k]
2024-01,GLD,0.0,Rule[6M momentum top-k]
2024-02,GLD,0.0,Rule[6M momentum top-k]
2024-03,GLD,0.0,Rule[6M momentum top-k]
2024-04,GLD,0.0,Rule[6M momentum top-k]
2024-05,GLD,0.0,Rule[6M momentum top-k]
2024-06,GLD,0.3333333333333333,Rule[6M momentum top-k]
2024-07,GLD,0.3333333333333333,Rule[6M momentum top-k]
2024-08,GLD,0.3333333333333333,Rule[6M momentum top-k]
2024-09,GLD,0.3333333333333333,Rule[6M momentum top-k]
2024-10,GLD,0.3333333333333333,Rule[6M momentum top-k]
2024-11,GLD,0.0,Rule[6M momentum top-k]
2024-12,GLD,0.3333333333333333,Rule[6M momentum top-k]
2025-01,GLD,0.3333333333333333,Rule[6M momentum top-k]
2025-02,GLD,0.3333333333333333,Rule[6M momentum top-k]
2025-03,GLD,0.3333333333333333,Rule[6M momentum top-k]
2025-04,GLD,0.3333333333333333,Rule[6M momentum top-k]
2025-05,GLD,0.3333333333333333,Rule[6M momentum top-k]
2025-06,GLD,0.3333333333333333,Rule[6M momentum top-k]
2025-07,GLD,0.3333333333333333,Rule[6M momentum top-k]
2025-08,GLD,0.3333333333333333,Rule[6M momentum top-k]
2025-09,GLD,0.3333333333333333,Rule[6M momentum top-k]
2025-10,GLD,0.3333333333333333,Rule[6M momentum top-k]
2025-11,GLD,0.3333333333333333,Rule[6M momentum top-k]
2025-12,GLD,0.3333333333333333,Rule[6M momentum top-k]
2026-01,GLD,0.3333333333333333,Rule[6M momentum top-k]
2026-02,GLD,0.3333333333333333,Rule[6M momentum top-k]
2026-03,GLD,0.3333333333333333,Rule[6M momentum top-k]
2020-01,HYG,0.0,Rule[6M momentum top-k]
2020-02,HYG,0.0,Rule[6M momentum top-k]
2020-03,HYG,0.0,Rule[6M momentum top-k]
2020-04,HYG,0.0,Rule[6M momentum top-k]
2020-05,HYG,0.0,Rule[6M momentum top-k]
2020-06,HYG,0.0,Rule[6M momentum top-k]
2020-07,HYG,0.0,Rule[6M momentum top-k]
2020-08,HYG,0.0,Rule[6M momentum top-k]
2020-09,HYG,0.0,Rule[6M momentum top-k]
2020-10,HYG,0.0,Rule[6M momentum top-k]
2020-11,HYG,0.0,Rule[6M momentum top-k]
2020-12,HYG,0.0,Rule[6M momentum top-k]
2021-01,HYG,0.0,Rule[6M momentum top-k]
2021-02,HYG,0.0,Rule[6M momentum top-k]
2021-03,HYG,0.0,Rule[6M momentum top-k]
2021-04,HYG,0.0,Rule[6M momentum top-k]
2021-05,HYG,0.0,Rule[6M momentum top-k]
2021-06,HYG,0.0,Rule[6M momentum top-k]
2021-07,HYG,0.0,Rule[6M momentum top-k]
2021-08,HYG,0.0,Rule[6M momentum top-k]
2021-09,HYG,0.0,Rule[6M momentum top-k]
2021-10,HYG,0.0,Rule[6M momentum top-k]
2021-11,HYG,0.0,Rule[6M momentum top-k]
2021-12,HYG,0.0,Rule[6M momentum top-k]
2022-01,HYG,0.0,Rule[6M momentum top-k]
2022-02,HYG,0.0,Rule[6M momentum top-k]
2022-03,HYG,0.0,Rule[6M momentum top-k]
2022-04,HYG,0.3333333333333333,Rule[6M momentum top-k]
2022-05,HYG,0.3333333333333333,Rule[6M momentum top-k]
2022-06,HYG,0.3333333333333333,Rule[6M momentum top-k]
2022-07,HYG,0.0,Rule[6M momentum top-k]
2022-08,HYG,0.3333333333333333,Rule[6M momentum top-k]
2022-09,HYG,0.3333333333333333,Rule[6M momentum top-k]
2022-10,HYG,0.3333333333333333,Rule[6M momentum top-k]
2022-11,HYG,0.3333333333333333,Rule[6M momentum top-k]
2022-12,HYG,0.3333333333333333,Rule[6M momentum top-k]
2023-01,HYG,0.0,Rule[6M momentum top-k]
2023-02,HYG,0.3333333333333333,Rule[6M momentum top-k]
2023-03,HYG,0.0,Rule[6M momentum top-k]
2023-04,HYG,0.0,Rule[6M momentum top-k]
2023-05,HYG,0.0,Rule[6M momentum top-k]
2023-06,HYG,0.0,Rule[6M momentum top-k]
2023-07,HYG,0.0,Rule[6M momentum top-k]
2023-08,HYG,0.0,Rule[6M momentum top-k]
2023-09,HYG,0.0,Rule[6M momentum top-k]
2023-10,HYG,0.3333333333333333,Rule[6M momentum top-k]
2023-11,HYG,0.3333333333333333,Rule[6M momentum top-k]
2023-12,HYG,0.0,Rule[6M momentum top-k]
2024-01,HYG,0.3333333333333333,Rule[6M momentum top-k]
2024-02,HYG,0.0,Rule[6M momentum top-k]
2024-03,HYG,0.0,Rule[6M momentum top-k]
2024-04,HYG,0.0,Rule[6M momentum top-k]
2024-05,HYG,0.0,Rule[6M momentum top-k]
2024-06,HYG,0.0,Rule[6M momentum top-k]
2024-07,HYG,0.0,Rule[6M momentum top-k]
2024-08,HYG,0.0,Rule[6M momentum top-k]
2024-09,HYG,0.0,Rule[6M momentum top-k]
2024-10,HYG,0.0,Rule[6M momentum top-k]
2024-11,HYG,0.0,Rule[6M momentum top-k]
2024-12,HYG,0.0,Rule[6M momentum top-k]
2025-01,HYG,0.0,Rule[6M momentum top-k]
2025-02,HYG,0.0,Rule[6M momentum top-k]
2025-03,HYG,0.3333333333333333,Rule[6M momentum top-k]
2025-04,HYG,0.3333333333333333,Rule[6M momentum top-k]
2025-05,HYG,0.0,Rule[6M momentum top-k]
2025-06,HYG,0.0,Rule[6M momentum top-k]
2025-07,HYG,0.0,Rule[6M momentum top-k]
2025-08,HYG,0.0,Rule[6M momentum top-k]
2025-09,HYG,0.0,Rule[6M momentum top-k]
2025-10,HYG,0.0,Rule[6M momentum top-k]
2025-11,HYG,0.0,Rule[6M momentum top-k]
2025-12,HYG,0.0,Rule[6M momentum top-k]
2026-01,HYG,0.0,Rule[6M momentum top-k]
2026-02,HYG,0.0,Rule[6M momentum top-k]
2026-03,HYG,0.0,Rule[6M momentum top-k]
2020-01,IEF,0.0,Rule[6M momentum top-k]
2020-02,IEF,0.0,Rule[6M momentum top-k]
2020-03,IEF,0.3333333333333333,Rule[6M momentum top-k]
2020-04,IEF,0.0,Rule[6M momentum top-k]
2020-05,IEF,0.0,Rule[6M momentum top-k]
2020-06,IEF,0.0,Rule[6M momentum top-k]
2020-07,IEF,0.0,Rule[6M momentum top-k]
2020-08,IEF,0.0,Rule[6M momentum top-k]
2020-09,IEF,0.0,Rule[6M momentum top-k]
2020-10,IEF,0.0,Rule[6M momentum top-k]
2020-11,IEF,0.0,Rule[6M momentum top-k]
2020-12,IEF,0.0,Rule[6M momentum top-k]
2021-01,IEF,0.0,Rule[6M momentum top-k]
2021-02,IEF,0.0,Rule[6M momentum top-k]
2021-03,IEF,0.0,Rule[6M momentum top-k]
2021-04,IEF,0.0,Rule[6M momentum top-k]
2021-05,IEF,0.0,Rule[6M momentum top-k]
2021-06,IEF,0.0,Rule[6M momentum top-k]
2021-07,IEF,0.0,Rule[6M momentum top-k]
2021-08,IEF,0.0,Rule[6M momentum top-k]
2021-09,IEF,0.0,Rule[6M momentum top-k]
2021-10,IEF,0.0,Rule[6M momentum top-k]
2021-11,IEF,0.0,Rule[6M momentum top-k]
2021-12,IEF,0.0,Rule[6M momentum top-k]
2022-01,IEF,0.0,Rule[6M momentum top-k]
2022-02,IEF,0.0,Rule[6M momentum top-k]
2022-03,IEF,0.0,Rule[6M momentum top-k]
2022-04,IEF,0.0,Rule[6M momentum top-k]
2022-05,IEF,0.0,Rule[6M momentum top-k]
2022-06,IEF,0.3333333333333333,Rule[6M momentum top-k]
2022-07,IEF,0.0,Rule[6M momentum top-k]
2022-08,IEF,0.3333333333333333,Rule[6M momentum top-k]
2022-09,IEF,0.3333333333333333,Rule[6M momentum top-k]
2022-10,IEF,0.0,Rule[6M momentum top-k]
2022-11,IEF,0.0,Rule[6M momentum top-k]
2022-12,IEF,0.0,Rule[6M momentum top-k]
2023-01,IEF,0.0,Rule[6M momentum top-k]
2023-02,IEF,0.0,Rule[6M momentum top-k]
2023-03,IEF,0.0,Rule[6M momentum top-k]
2023-04,IEF,0.0,Rule[6M momentum top-k]
2023-05,IEF,0.0,Rule[6M momentum top-k]
2023-06,IEF,0.0,Rule[6M momentum top-k]
2023-07,IEF,0.0,Rule[6M momentum top-k]
2023-08,IEF,0.0,Rule[6M momentum top-k]
2023-09,IEF,0.0,Rule[6M momentum top-k]
2023-10,IEF,0.0,Rule[6M momentum top-k]
2023-11,IEF,0.0,Rule[6M momentum top-k]
2023-12,IEF,0.0,Rule[6M momentum top-k]
2024-01,IEF,0.0,Rule[6M momentum top-k]
2024-02,IEF,0.0,Rule[6M momentum top-k]
2024-03,IEF,0.0,Rule[6M momentum top-k]
2024-04,IEF,0.0,Rule[6M momentum top-k]
2024-05,IEF,0.0,Rule[6M momentum top-k]
2024-06,IEF,0.0,Rule[6M momentum top-k]
2024-07,IEF,0.0,Rule[6M momentum top-k]
2024-08,IEF,0.0,Rule[6M momentum top-k]
2024-09,IEF,0.0,Rule[6M momentum top-k]
2024-10,IEF,0.0,Rule[6M momentum top-k]
2024-11,IEF,0.0,Rule[6M momentum top-k]
2024-12,IEF,0.0,Rule[6M momentum top-k]
2025-01,IEF,0.0,Rule[6M momentum top-k]
2025-02,IEF,0.0,Rule[6M momentum top-k]
2025-03,IEF,0.3333333333333333,Rule[6M momentum top-k]
2025-04,IEF,0.3333333333333333,Rule[6M momentum top-k]
2025-05,IEF,0.0,Rule[6M momentum top-k]
2025-06,IEF,0.3333333333333333,Rule[6M momentum top-k]
2025-07,IEF,0.0,Rule[6M momentum top-k]
2025-08,IEF,0.0,Rule[6M momentum top-k]
2025-09,IEF,0.0,Rule[6M momentum top-k]
2025-10,IEF,0.0,Rule[6M momentum top-k]
2025-11,IEF,0.0,Rule[6M momentum top-k]
2025-12,IEF,0.0,Rule[6M momentum top-k]
2026-01,IEF,0.0,Rule[6M momentum top-k]
2026-02,IEF,0.0,Rule[6M momentum top-k]
2026-03,IEF,0.0,Rule[6M momentum top-k]
2020-01,IWM,0.0,Rule[6M momentum top-k]
2020-02,IWM,0.0,Rule[6M momentum top-k]
2020-03,IWM,0.0,Rule[6M momentum top-k]
2020-04,IWM,0.0,Rule[6M momentum top-k]
2020-05,IWM,0.0,Rule[6M momentum top-k]
2020-06,IWM,0.0,Rule[6M momentum top-k]
2020-07,IWM,0.0,Rule[6M momentum top-k]
2020-08,IWM,0.0,Rule[6M momentum top-k]
2020-09,IWM,0.3333333333333333,Rule[6M momentum top-k]
2020-10,IWM,0.3333333333333333,Rule[6M momentum top-k]
2020-11,IWM,0.3333333333333333,Rule[6M momentum top-k]
2020-12,IWM,0.3333333333333333,Rule[6M momentum top-k]
2021-01,IWM,0.3333333333333333,Rule[6M momentum top-k]
2021-02,IWM,0.3333333333333333,Rule[6M momentum top-k]
2021-03,IWM,0.3333333333333333,Rule[6M momentum top-k]
2021-04,IWM,0.3333333333333333,Rule[6M momentum top-k]
2021-05,IWM,0.3333333333333333,Rule[6M momentum top-k]
2021-06,IWM,0.3333333333333333,Rule[6M momentum top-k]
2021-07,IWM,0.0,Rule[6M momentum top-k]
2021-08,IWM,0.0,Rule[6M momentum top-k]
2021-09,IWM,0.0,Rule[6M momentum top-k]
2021-10,IWM,0.0,Rule[6M momentum top-k]
2021-11,IWM,0.0,Rule[6M momentum top-k]
2021-12,IWM,0.0,Rule[6M momentum top-k]
2022-01,IWM,0.0,Rule[6M momentum top-k]
2022-02,IWM,0.0,Rule[6M momentum top-k]
2022-03,IWM,0.0,Rule[6M momentum top-k]
2022-04,IWM,0.0,Rule[6M momentum top-k]
2022-05,IWM,0.0,Rule[6M momentum top-k]
2022-06,IWM,0.0,Rule[6M momentum top-k]
2022-07,IWM,0.3333333333333333,Rule[6M momentum top-k]
2022-08,IWM,0.0,Rule[6M momentum top-k]
2022-09,IWM,0.0,Rule[6M momentum top-k]
2022-10,IWM,0.3333333333333333,Rule[6M momentum top-k]
2022-11,IWM,0.3333333333333333,Rule[6M momentum top-k]
2022-12,IWM,0.3333333333333333,Rule[6M momentum top-k]
2023-01,IWM,0.3333333333333333,Rule[6M momentum top-k]
2023-02,IWM,0.3333333333333333,Rule[6M momentum top-k]
2023-03,IWM,0.0,Rule[6M momentum top-k]
2023-04,IWM,0.0,Rule[6M momentum top-k]
2023-05,IWM,0.0,Rule[6M momentum top-k]
2023-06,IWM,0.3333333333333333,Rule[6M momentum top-k]
2023-07,IWM,0.3333333333333333,Rule[6M momentum top-k]
2023-08,IWM,0.0,Rule[6M momentum top-k]
2023-09,IWM,0.3333333333333333,Rule[6M momentum top-k]
2023-10,IWM,0.0,Rule[6M momentum top-k]
2023-11,IWM,0.0,Rule[6M momentum top-k]
2023-12,IWM,0.3333333333333333,Rule[6M momentum top-k]
2024-01,IWM,0.0,Rule[6M momentum top-k]
2024-02,IWM,0.3333333333333333,Rule[6M momentum top-k]
2024-03,IWM,0.3333333333333333,Rule[6M momentum top-k]
2024-04,IWM,0.3333333333333333,Rule[6M momentum top-k]
2024-05,IWM,0.3333333333333333,Rule[6M momentum top-k]
2024-06,IWM,0.0,Rule[6M momentum top-k]
2024-07,IWM,0.3333333333333333,Rule[6M momentum top-k]
2024-08,IWM,0.0,Rule[6M momentum top-k]
2024-09,IWM,0.0,Rule[6M momentum top-k]
2024-10,IWM,0.0,Rule[6M momentum top-k]
2024-11,IWM,0.3333333333333333,Rule[6M momentum top-k]
2024-12,IWM,0.3333333333333333,Rule[6M momentum top-k]
2025-01,IWM,0.0,Rule[6M momentum top-k]
2025-02,IWM,0.0,Rule[6M momentum top-k]
2025-03,IWM,0.0,Rule[6M momentum top-k]
2025-04,IWM,0.0,Rule[6M momentum top-k]
2025-05,IWM,0.0,Rule[6M momentum top-k]
2025-06,IWM,0.0,Rule[6M momentum top-k]
2025-07,IWM,0.0,Rule[6M momentum top-k]
2025-08,IWM,0.0,Rule[6M momentum top-k]
2025-09,IWM,0.0,Rule[6M momentum top-k]
2025-10,IWM,0.0,Rule[6M momentum top-k]
2025-11,IWM,0.3333333333333333,Rule[6M momentum top-k]
2025-12,IWM,0.3333333333333333,Rule[6M momentum top-k]
2026-01,IWM,0.3333333333333333,Rule[6M momentum top-k]
2026-02,IWM,0.3333333333333333,Rule[6M momentum top-k]
2026-03,IWM,0.3333333333333333,Rule[6M momentum top-k]
2020-01,QQQ,0.3333333333333333,Rule[6M momentum top-k]
2020-02,QQQ,0.3333333333333333,Rule[6M momentum top-k]
2020-03,QQQ,0.0,Rule[6M momentum top-k]
2020-04,QQQ,0.3333333333333333,Rule[6M momentum top-k]
2020-05,QQQ,0.3333333333333333,Rule[6M momentum top-k]
2020-06,QQQ,0.3333333333333333,Rule[6M momentum top-k]
2020-07,QQQ,0.3333333333333333,Rule[6M momentum top-k]
2020-08,QQQ,0.3333333333333333,Rule[6M momentum top-k]
2020-09,QQQ,0.3333333333333333,Rule[6M momentum top-k]
2020-10,QQQ,0.3333333333333333,Rule[6M momentum top-k]
2020-11,QQQ,0.3333333333333333,Rule[6M momentum top-k]
2020-12,QQQ,0.3333333333333333,Rule[6M momentum top-k]
2021-01,QQQ,0.3333333333333333,Rule[6M momentum top-k]
2021-02,QQQ,0.0,Rule[6M momentum top-k]
2021-03,QQQ,0.0,Rule[6M momentum top-k]
2021-04,QQQ,0.0,Rule[6M momentum top-k]
2021-05,QQQ,0.0,Rule[6M momentum top-k]
2021-06,QQQ,0.0,Rule[6M momentum top-k]
2021-07,QQQ,0.3333333333333333,Rule[6M momentum top-k]
2021-08,QQQ,0.3333333333333333,Rule[6M momentum top-k]
2021-09,QQQ,0.3333333333333333,Rule[6M momentum top-k]
2021-10,QQQ,0.3333333333333333,Rule[6M momentum top-k]
2021-11,QQQ,0.3333333333333333,Rule[6M momentum top-k]
2021-12,QQQ,0.3333333333333333,Rule[6M momentum top-k]
2022-01,QQQ,0.3333333333333333,Rule[6M momentum top-k]
2022-02,QQQ,0.0,Rule[6M momentum top-k]
2022-03,QQQ,0.0,Rule[6M momentum top-k]
2022-04,QQQ,0.0,Rule[6M momentum top-k]
2022-05,QQQ,0.0,Rule[6M momentum top-k]
2022-06,QQQ,0.0,Rule[6M momentum top-k]
2022-07,QQQ,0.0,Rule[6M momentum top-k]
2022-08,QQQ,0.0,Rule[6M momentum top-k]
2022-09,QQQ,0.0,Rule[6M momentum top-k]
2022-10,QQQ,0.0,Rule[6M momentum top-k]
2022-11,QQQ,0.0,Rule[6M momentum top-k]
2022-12,QQQ,0.0,Rule[6M momentum top-k]
2023-01,QQQ,0.0,Rule[6M momentum top-k]
2023-02,QQQ,0.0,Rule[6M momentum top-k]
2023-03,QQQ,0.3333333333333333,Rule[6M momentum top-k]
2023-04,QQQ,0.3333333333333333,Rule[6M momentum top-k]
2023-05,QQQ,0.3333333333333333,Rule[6M momentum top-k]
2023-06,QQQ,0.3333333333333333,Rule[6M momentum top-k]
2023-07,QQQ,0.3333333333333333,Rule[6M momentum top-k]
2023-08,QQQ,0.3333333333333333,Rule[6M momentum top-k]
2023-09,QQQ,0.3333333333333333,Rule[6M momentum top-k]
2023-10,QQQ,0.3333333333333333,Rule[6M momentum top-k]
2023-11,QQQ,0.3333333333333333,Rule[6M momentum top-k]
2023-12,QQQ,0.3333333333333333,Rule[6M momentum top-k]
2024-01,QQQ,0.3333333333333333,Rule[6M momentum top-k]
2024-02,QQQ,0.3333333333333333,Rule[6M momentum top-k]
2024-03,QQQ,0.3333333333333333,Rule[6M momentum top-k]
2024-04,QQQ,0.3333333333333333,Rule[6M momentum top-k]
2024-05,QQQ,0.3333333333333333,Rule[6M momentum top-k]
2024-06,QQQ,0.3333333333333333,Rule[6M momentum top-k]
2024-07,QQQ,0.0,Rule[6M momentum top-k]
2024-08,QQQ,0.0,Rule[6M momentum top-k]
2024-09,QQQ,0.0,Rule[6M momentum top-k]
2024-10,QQQ,0.3333333333333333,Rule[6M momentum top-k]
2024-11,QQQ,0.0,Rule[6M momentum top-k]
2024-12,QQQ,0.0,Rule[6M momentum top-k]
2025-01,QQQ,0.3333333333333333,Rule[6M momentum top-k]
2025-02,QQQ,0.3333333333333333,Rule[6M momentum top-k]
2025-03,QQQ,0.0,Rule[6M momentum top-k]
2025-04,QQQ,0.0,Rule[6M momentum top-k]
2025-05,QQQ,0.3333333333333333,Rule[6M momentum top-k]
2025-06,QQQ,0.0,Rule[6M momentum top-k]
2025-07,QQQ,0.3333333333333333,Rule[6M momentum top-k]
2025-08,QQQ,0.3333333333333333,Rule[6M momentum top-k]
2025-09,QQQ,0.3333333333333333,Rule[6M momentum top-k]
2025-10,QQQ,0.3333333333333333,Rule[6M momentum top-k]
2025-11,QQQ,0.0,Rule[6M momentum top-k]
2025-12,QQQ,0.0,Rule[6M momentum top-k]
2026-01,QQQ,0.0,Rule[6M momentum top-k]
2026-02,QQQ,0.0,Rule[6M momentum top-k]
2026-03,QQQ,0.0,Rule[6M momentum top-k]
2020-01,SPY,0.3333333333333333,Rule[6M momentum top-k]
2020-02,SPY,0.0,Rule[6M momentum top-k]
2020-03,SPY,0.0,Rule[6M momentum top-k]
2020-04,SPY,0.0,Rule[6M momentum top-k]
2020-05,SPY,0.0,Rule[6M momentum top-k]
2020-06,SPY,0.0,Rule[6M momentum top-k]
2020-07,SPY,0.0,Rule[6M momentum top-k]
2020-08,SPY,0.3333333333333333,Rule[6M momentum top-k]
2020-09,SPY,0.3333333333333333,Rule[6M momentum top-k]
2020-10,SPY,0.0,Rule[6M momentum top-k]
2020-11,SPY,0.0,Rule[6M momentum top-k]
2020-12,SPY,0.0,Rule[6M momentum top-k]
2021-01,SPY,0.0,Rule[6M momentum top-k]
2021-02,SPY,0.0,Rule[6M momentum top-k]
2021-03,SPY,0.3333333333333333,Rule[6M momentum top-k]
2021-04,SPY,0.3333333333333333,Rule[6M momentum top-k]
2021-05,SPY,0.3333333333333333,Rule[6M momentum top-k]
2021-06,SPY,0.3333333333333333,Rule[6M momentum top-k]
2021-07,SPY,0.3333333333333333,Rule[6M momentum top-k]
2021-08,SPY,0.3333333333333333,Rule[6M momentum top-k]
2021-09,SPY,0.3333333333333333,Rule[6M momentum top-k]
2021-10,SPY,0.3333333333333333,Rule[6M momentum top-k]
2021-11,SPY,0.3333333333333333,Rule[6M momentum top-k]
2021-12,SPY,0.3333333333333333,Rule[6M momentum top-k]
2022-01,SPY,0.3333333333333333,Rule[6M momentum top-k]
2022-02,SPY,0.3333333333333333,Rule[6M momentum top-k]
2022-03,SPY,0.3333333333333333,Rule[6M momentum top-k]
2022-04,SPY,0.0,Rule[6M momentum top-k]
2022-05,SPY,0.0,Rule[6M momentum top-k]
2022-06,SPY,0.0,Rule[6M momentum top-k]
2022-07,SPY,0.0,Rule[6M momentum top-k]
2022-08,SPY,0.3333333333333333,Rule[6M momentum top-k]
2022-09,SPY,0.0,Rule[6M momentum top-k]
2022-10,SPY,0.3333333333333333,Rule[6M momentum top-k]
2022-11,SPY,0.3333333333333333,Rule[6M momentum top-k]
2022-12,SPY,0.3333333333333333,Rule[6M momentum top-k]
2023-01,SPY,0.0,Rule[6M momentum top-k]
2023-02,SPY,0.0,Rule[6M momentum top-k]
2023-03,SPY,0.0,Rule[6M momentum top-k]
2023-04,SPY,0.0,Rule[6M momentum top-k]
2023-05,SPY,0.3333333333333333,Rule[6M momentum top-k]
2023-06,SPY,0.3333333333333333,Rule[6M momentum top-k]
2023-07,SPY,0.3333333333333333,Rule[6M momentum top-k]
2023-08,SPY,0.3333333333333333,Rule[6M momentum top-k]
2023-09,SPY,0.3333333333333333,Rule[6M momentum top-k]
2023-10,SPY,0.3333333333333333,Rule[6M momentum top-k]
2023-11,SPY,0.3333333333333333,Rule[6M momentum top-k]
2023-12,SPY,0.0,Rule[6M momentum top-k]
2024-01,SPY,0.3333333333333333,Rule[6M momentum top-k]
2024-02,SPY,0.3333333333333333,Rule[6M momentum top-k]
2024-03,SPY,0.3333333333333333,Rule[6M momentum top-k]
2024-04,SPY,0.3333333333333333,Rule[6M momentum top-k]
2024-05,SPY,0.3333333333333333,Rule[6M momentum top-k]
2024-06,SPY,0.3333333333333333,Rule[6M momentum top-k]
2024-07,SPY,0.3333333333333333,Rule[6M momentum top-k]
2024-08,SPY,0.3333333333333333,Rule[6M momentum top-k]
2024-09,SPY,0.0,Rule[6M momentum top-k]
2024-10,SPY,0.0,Rule[6M momentum top-k]
2024-11,SPY,0.3333333333333333,Rule[6M momentum top-k]
2024-12,SPY,0.0,Rule[6M momentum top-k]
2025-01,SPY,0.3333333333333333,Rule[6M momentum top-k]
2025-02,SPY,0.3333333333333333,Rule[6M momentum top-k]
2025-03,SPY,0.0,Rule[6M momentum top-k]
2025-04,SPY,0.0,Rule[6M momentum top-k]
2025-05,SPY,0.0,Rule[6M momentum top-k]
2025-06,SPY,0.0,Rule[6M momentum top-k]
2025-07,SPY,0.0,Rule[6M momentum top-k]
2025-08,SPY,0.0,Rule[6M momentum top-k]
2025-09,SPY,0.0,Rule[6M momentum top-k]
2025-10,SPY,0.0,Rule[6M momentum top-k]
2025-11,SPY,0.0,Rule[6M momentum top-k]
2025-12,SPY,0.0,Rule[6M momentum top-k]
2026-01,SPY,0.0,Rule[6M momentum top-k]
2026-02,SPY,0.0,Rule[6M momentum top-k]
2026-03,SPY,0.0,Rule[6M momentum top-k]
2020-01,TLT,0.0,Rule[6M momentum top-k]
2020-02,TLT,0.3333333333333333,Rule[6M momentum top-k]
2020-03,TLT,0.3333333333333333,Rule[6M momentum top-k]
2020-04,TLT,0.3333333333333333,Rule[6M momentum top-k]
2020-05,TLT,0.3333333333333333,Rule[6M momentum top-k]
2020-06,TLT,0.3333333333333333,Rule[6M momentum top-k]
2020-07,TLT,0.3333333333333333,Rule[6M momentum top-k]
2020-08,TLT,0.0,Rule[6M momentum top-k]
2020-09,TLT,0.0,Rule[6M momentum top-k]
2020-10,TLT,0.0,Rule[6M momentum top-k]
2020-11,TLT,0.0,Rule[6M momentum top-k]
2020-12,TLT,0.0,Rule[6M momentum top-k]
2021-01,TLT,0.0,Rule[6M momentum top-k]
2021-02,TLT,0.0,Rule[6M momentum top-k]
2021-03,TLT,0.0,Rule[6M momentum top-k]
2021-04,TLT,0.0,Rule[6M momentum top-k]
2021-05,TLT,0.0,Rule[6M momentum top-k]
2021-06,TLT,0.0,Rule[6M momentum top-k]
2021-07,TLT,0.0,Rule[6M momentum top-k]
2021-08,TLT,0.0,Rule[6M momentum top-k]
2021-09,TLT,0.0,Rule[6M momentum top-k]
2021-10,TLT,0.0,Rule[6M momentum top-k]
2021-11,TLT,0.3333333333333333,Rule[6M momentum top-k]
2021-12,TLT,0.0,Rule[6M momentum top-k]
2022-01,TLT,0.0,Rule[6M momentum top-k]
2022-02,TLT,0.0,Rule[6M momentum top-k]
2022-03,TLT,0.0,Rule[6M momentum top-k]
2022-04,TLT,0.0,Rule[6M momentum top-k]
2022-05,TLT,0.0,Rule[6M momentum top-k]
2022-06,TLT,0.0,Rule[6M momentum top-k]
2022-07,TLT,0.0,Rule[6M momentum top-k]
2022-08,TLT,0.0,Rule[6M momentum top-k]
2022-09,TLT,0.0,Rule[6M momentum top-k]
2022-10,TLT,0.0,Rule[6M momentum top-k]
2022-11,TLT,0.0,Rule[6M momentum top-k]
2022-12,TLT,0.0,Rule[6M momentum top-k]
2023-01,TLT,0.0,Rule[6M momentum top-k]
2023-02,TLT,0.0,Rule[6M momentum top-k]
2023-03,TLT,0.0,Rule[6M momentum top-k]
2023-04,TLT,0.0,Rule[6M momentum top-k]
2023-05,TLT,0.0,Rule[6M momentum top-k]
2023-06,TLT,0.0,Rule[6M momentum top-k]
2023-07,TLT,0.0,Rule[6M momentum top-k]
2023-08,TLT,0.0,Rule[6M momentum top-k]
2023-09,TLT,0.0,Rule[6M momentum top-k]
2023-10,TLT,0.0,Rule[6M momentum top-k]
2023-11,TLT,0.0,Rule[6M momentum top-k]
2023-12,TLT,0.0,Rule[6M momentum top-k]
2024-01,TLT,0.0,Rule[6M momentum top-k]
2024-02,TLT,0.0,Rule[6M momentum top-k]
2024-03,TLT,0.0,Rule[6M momentum top-k]
2024-04,TLT,0.0,Rule[6M momentum top-k]
2024-05,TLT,0.0,Rule[6M momentum top-k]
2024-06,TLT,0.0,Rule[6M momentum top-k]
2024-07,TLT,0.0,Rule[6M momentum top-k]
2024-08,TLT,0.0,Rule[6M momentum top-k]
2024-09,TLT,0.0,Rule[6M momentum top-k]
2024-10,TLT,0.0,Rule[6M momentum top-k]
2024-11,TLT,0.0,Rule[6M momentum top-k]
2024-12,TLT,0.0,Rule[6M momentum top-k]
2025-01,TLT,0.0,Rule[6M momentum top-k]
2025-02,TLT,0.0,Rule[6M momentum top-k]
2025-03,TLT,0.0,Rule[6M momentum top-k]
2025-04,TLT,0.0,Rule[6M momentum top-k]
2025-05,TLT,0.0,Rule[6M momentum top-k]
2025-06,TLT,0.0,Rule[6M momentum top-k]
2025-07,TLT,0.0,Rule[6M momentum top-k]
2025-08,TLT,0.0,Rule[6M momentum top-k]
2025-09,TLT,0.0,Rule[6M momentum top-k]
2025-10,TLT,0.0,Rule[6M momentum top-k]
2025-11,TLT,0.0,Rule[6M momentum top-k]
2025-12,TLT,0.0,Rule[6M momentum top-k]
2026-01,TLT,0.0,Rule[6M momentum top-k]
2026-02,TLT,0.0,Rule[6M momentum top-k]
2026-03,TLT,0.0,Rule[6M momentum top-k]
2020-01,VNQ,0.0,Rule[6M momentum top-k]
2020-02,VNQ,0.0,Rule[6M momentum top-k]
2020-03,VNQ,0.0,Rule[6M momentum top-k]
2020-04,VNQ,0.0,Rule[6M momentum top-k]
2020-05,VNQ,0.0,Rule[6M momentum top-k]
2020-06,VNQ,0.0,Rule[6M momentum top-k]
2020-07,VNQ,0.0,Rule[6M momentum top-k]
2020-08,VNQ,0.0,Rule[6M momentum top-k]
2020-09,VNQ,0.0,Rule[6M momentum top-k]
2020-10,VNQ,0.0,Rule[6M momentum top-k]
2020-11,VNQ,0.0,Rule[6M momentum top-k]
2020-12,VNQ,0.0,Rule[6M momentum top-k]
2021-01,VNQ,0.0,Rule[6M momentum top-k]
2021-02,VNQ,0.3333333333333333,Rule[6M momentum top-k]
2021-03,VNQ,0.0,Rule[6M momentum top-k]
2021-04,VNQ,0.3333333333333333,Rule[6M momentum top-k]
2021-05,VNQ,0.3333333333333333,Rule[6M momentum top-k]
2021-06,VNQ,0.3333333333333333,Rule[6M momentum top-k]
2021-07,VNQ,0.3333333333333333,Rule[6M momentum top-k]
2021-08,VNQ,0.3333333333333333,Rule[6M momentum top-k]
2021-09,VNQ,0.3333333333333333,Rule[6M momentum top-k]
2021-10,VNQ,0.3333333333333333,Rule[6M momentum top-k]
2021-11,VNQ,0.0,Rule[6M momentum top-k]
2021-12,VNQ,0.3333333333333333,Rule[6M momentum top-k]
2022-01,VNQ,0.3333333333333333,Rule[6M momentum top-k]
2022-02,VNQ,0.3333333333333333,Rule[6M momentum top-k]
2022-03,VNQ,0.3333333333333333,Rule[6M momentum top-k]
2022-04,VNQ,0.3333333333333333,Rule[6M momentum top-k]
2022-05,VNQ,0.3333333333333333,Rule[6M momentum top-k]
2022-06,VNQ,0.0,Rule[6M momentum top-k]
2022-07,VNQ,0.3333333333333333,Rule[6M momentum top-k]
2022-08,VNQ,0.0,Rule[6M momentum top-k]
2022-09,VNQ,0.0,Rule[6M momentum top-k]
2022-10,VNQ,0.0,Rule[6M momentum top-k]
2022-11,VNQ,0.0,Rule[6M momentum top-k]
2022-12,VNQ,0.0,Rule[6M momentum top-k]
2023-01,VNQ,0.0,Rule[6M momentum top-k]
2023-02,VNQ,0.0,Rule[6M momentum top-k]
2023-03,VNQ,0.0,Rule[6M momentum top-k]
2023-04,VNQ,0.0,Rule[6M momentum top-k]
2023-05,VNQ,0.0,Rule[6M momentum top-k]
2023-06,VNQ,0.0,Rule[6M momentum top-k]
2023-07,VNQ,0.0,Rule[6M momentum top-k]
2023-08,VNQ,0.0,Rule[6M momentum top-k]
2023-09,VNQ,0.0,Rule[6M momentum top-k]
2023-10,VNQ,0.0,Rule[6M momentum top-k]
2023-11,VNQ,0.0,Rule[6M momentum top-k]
2023-12,VNQ,0.3333333333333333,Rule[6M momentum top-k]
2024-01,VNQ,0.0,Rule[6M momentum top-k]
2024-02,VNQ,0.0,Rule[6M momentum top-k]
2024-03,VNQ,0.0,Rule[6M momentum top-k]
2024-04,VNQ,0.0,Rule[6M momentum top-k]
2024-05,VNQ,0.0,Rule[6M momentum top-k]
2024-06,VNQ,0.0,Rule[6M momentum top-k]
2024-07,VNQ,0.0,Rule[6M momentum top-k]
2024-08,VNQ,0.3333333333333333,Rule[6M momentum top-k]
2024-09,VNQ,0.3333333333333333,Rule[6M momentum top-k]
2024-10,VNQ,0.3333333333333333,Rule[6M momentum top-k]
2024-11,VNQ,0.3333333333333333,Rule[6M momentum top-k]
2024-12,VNQ,0.3333333333333333,Rule[6M momentum top-k]
2025-01,VNQ,0.0,Rule[6M momentum top-k]
2025-02,VNQ,0.0,Rule[6M momentum top-k]
2025-03,VNQ,0.0,Rule[6M momentum top-k]
2025-04,VNQ,0.0,Rule[6M momentum top-k]
2025-05,VNQ,0.0,Rule[6M momentum top-k]
2025-06,VNQ,0.0,Rule[6M momentum top-k]
2025-07,VNQ,0.0,Rule[6M momentum top-k]
2025-08,VNQ,0.0,Rule[6M momentum top-k]
2025-09,VNQ,0.0,Rule[6M momentum top-k]
2025-10,VNQ,0.0,Rule[6M momentum top-k]
2025-11,VNQ,0.0,Rule[6M momentum top-k]
2025-12,VNQ,0.0,Rule[6M momentum top-k]
2026-01,VNQ,0.0,Rule[6M momentum top-k]
2026-02,VNQ,0.0,Rule[6M momentum top-k]
2026-03,VNQ,0.0,Rule[6M momentum top-k]
2020-01,EEM,0.0,Rule[Low volatility top-k]
2020-02,EEM,0.0,Rule[Low volatility top-k]
2020-03,EEM,0.0,Rule[Low volatility top-k]
2020-04,EEM,0.0,Rule[Low volatility top-k]
2020-05,EEM,0.0,Rule[Low volatility top-k]
2020-06,EEM,0.0,Rule[Low volatility top-k]
2020-07,EEM,0.0,Rule[Low volatility top-k]
2020-08,EEM,0.0,Rule[Low volatility top-k]
2020-09,EEM,0.0,Rule[Low volatility top-k]
2020-10,EEM,0.0,Rule[Low volatility top-k]
2020-11,EEM,0.0,Rule[Low volatility top-k]
2020-12,EEM,0.0,Rule[Low volatility top-k]
2021-01,EEM,0.0,Rule[Low volatility top-k]
2021-02,EEM,0.0,Rule[Low volatility top-k]
2021-03,EEM,0.0,Rule[Low volatility top-k]
2021-04,EEM,0.0,Rule[Low volatility top-k]
2021-05,EEM,0.0,Rule[Low volatility top-k]
2021-06,EEM,0.0,Rule[Low volatility top-k]
2021-07,EEM,0.0,Rule[Low volatility top-k]
2021-08,EEM,0.0,Rule[Low volatility top-k]
2021-09,EEM,0.0,Rule[Low volatility top-k]
2021-10,EEM,0.0,Rule[Low volatility top-k]
2021-11,EEM,0.0,Rule[Low volatility top-k]
2021-12,EEM,0.0,Rule[Low volatility top-k]
2022-01,EEM,0.0,Rule[Low volatility top-k]
2022-02,EEM,0.0,Rule[Low volatility top-k]
2022-03,EEM,0.0,Rule[Low volatility top-k]
2022-04,EEM,0.0,Rule[Low volatility top-k]
2022-05,EEM,0.0,Rule[Low volatility top-k]
2022-06,EEM,0.0,Rule[Low volatility top-k]
2022-07,EEM,0.0,Rule[Low volatility top-k]
2022-08,EEM,0.0,Rule[Low volatility top-k]
2022-09,EEM,0.0,Rule[Low volatility top-k]
2022-10,EEM,0.0,Rule[Low volatility top-k]
2022-11,EEM,0.0,Rule[Low volatility top-k]
2022-12,EEM,0.0,Rule[Low volatility top-k]
2023-01,EEM,0.0,Rule[Low volatility top-k]
2023-02,EEM,0.0,Rule[Low volatility top-k]
2023-03,EEM,0.0,Rule[Low volatility top-k]
2023-04,EEM,0.3333333333333333,Rule[Low volatility top-k]
2023-05,EEM,0.3333333333333333,Rule[Low volatility top-k]
2023-06,EEM,0.0,Rule[Low volatility top-k]
2023-07,EEM,0.0,Rule[Low volatility top-k]
2023-08,EEM,0.0,Rule[Low volatility top-k]
2023-09,EEM,0.0,Rule[Low volatility top-k]
2023-10,EEM,0.0,Rule[Low volatility top-k]
2023-11,EEM,0.0,Rule[Low volatility top-k]
2023-12,EEM,0.0,Rule[Low volatility top-k]
2024-01,EEM,0.0,Rule[Low volatility top-k]
2024-02,EEM,0.0,Rule[Low volatility top-k]
2024-03,EEM,0.0,Rule[Low volatility top-k]
2024-04,EEM,0.0,Rule[Low volatility top-k]
2024-05,EEM,0.0,Rule[Low volatility top-k]
2024-06,EEM,0.0,Rule[Low volatility top-k]
2024-07,EEM,0.0,Rule[Low volatility top-k]
2024-08,EEM,0.0,Rule[Low volatility top-k]
2024-09,EEM,0.0,Rule[Low volatility top-k]
2024-10,EEM,0.0,Rule[Low volatility top-k]
2024-11,EEM,0.0,Rule[Low volatility top-k]
2024-12,EEM,0.0,Rule[Low volatility top-k]
2025-01,EEM,0.0,Rule[Low volatility top-k]
2025-02,EEM,0.0,Rule[Low volatility top-k]
2025-03,EEM,0.0,Rule[Low volatility top-k]
2025-04,EEM,0.0,Rule[Low volatility top-k]
2025-05,EEM,0.0,Rule[Low volatility top-k]
2025-06,EEM,0.0,Rule[Low volatility top-k]
2025-07,EEM,0.0,Rule[Low volatility top-k]
2025-08,EEM,0.0,Rule[Low volatility top-k]
2025-09,EEM,0.0,Rule[Low volatility top-k]
2025-10,EEM,0.0,Rule[Low volatility top-k]
2025-11,EEM,0.0,Rule[Low volatility top-k]
2025-12,EEM,0.0,Rule[Low volatility top-k]
2026-01,EEM,0.0,Rule[Low volatility top-k]
2026-02,EEM,0.0,Rule[Low volatility top-k]
2026-03,EEM,0.0,Rule[Low volatility top-k]
2020-01,GLD,0.0,Rule[Low volatility top-k]
2020-02,GLD,0.3333333333333333,Rule[Low volatility top-k]
2020-03,GLD,0.3333333333333333,Rule[Low volatility top-k]
2020-04,GLD,0.3333333333333333,Rule[Low volatility top-k]
2020-05,GLD,0.3333333333333333,Rule[Low volatility top-k]
2020-06,GLD,0.3333333333333333,Rule[Low volatility top-k]
2020-07,GLD,0.3333333333333333,Rule[Low volatility top-k]
2020-08,GLD,0.0,Rule[Low volatility top-k]
2020-09,GLD,0.0,Rule[Low volatility top-k]
2020-10,GLD,0.0,Rule[Low volatility top-k]
2020-11,GLD,0.0,Rule[Low volatility top-k]
2020-12,GLD,0.0,Rule[Low volatility top-k]
2021-01,GLD,0.0,Rule[Low volatility top-k]
2021-02,GLD,0.0,Rule[Low volatility top-k]
2021-03,GLD,0.0,Rule[Low volatility top-k]
2021-04,GLD,0.0,Rule[Low volatility top-k]
2021-05,GLD,0.0,Rule[Low volatility top-k]
2021-06,GLD,0.0,Rule[Low volatility top-k]
2021-07,GLD,0.0,Rule[Low volatility top-k]
2021-08,GLD,0.0,Rule[Low volatility top-k]
2021-09,GLD,0.0,Rule[Low volatility top-k]
2021-10,GLD,0.0,Rule[Low volatility top-k]
2021-11,GLD,0.0,Rule[Low volatility top-k]
2021-12,GLD,0.3333333333333333,Rule[Low volatility top-k]
2022-01,GLD,0.3333333333333333,Rule[Low volatility top-k]
2022-02,GLD,0.3333333333333333,Rule[Low volatility top-k]
2022-03,GLD,0.3333333333333333,Rule[Low volatility top-k]
2022-04,GLD,0.3333333333333333,Rule[Low volatility top-k]
2022-05,GLD,0.3333333333333333,Rule[Low volatility top-k]
2022-06,GLD,0.3333333333333333,Rule[Low volatility top-k]
2022-07,GLD,0.3333333333333333,Rule[Low volatility top-k]
2022-08,GLD,0.3333333333333333,Rule[Low volatility top-k]
2022-09,GLD,0.3333333333333333,Rule[Low volatility top-k]
2022-10,GLD,0.3333333333333333,Rule[Low volatility top-k]
2022-11,GLD,0.3333333333333333,Rule[Low volatility top-k]
2022-12,GLD,0.3333333333333333,Rule[Low volatility top-k]
2023-01,GLD,0.3333333333333333,Rule[Low volatility top-k]
2023-02,GLD,0.3333333333333333,Rule[Low volatility top-k]
2023-03,GLD,0.3333333333333333,Rule[Low volatility top-k]
2023-04,GLD,0.0,Rule[Low volatility top-k]
2023-05,GLD,0.0,Rule[Low volatility top-k]
2023-06,GLD,0.0,Rule[Low volatility top-k]
2023-07,GLD,0.0,Rule[Low volatility top-k]
2023-08,GLD,0.3333333333333333,Rule[Low volatility top-k]
2023-09,GLD,0.3333333333333333,Rule[Low volatility top-k]
2023-10,GLD,0.3333333333333333,Rule[Low volatility top-k]
2023-11,GLD,0.3333333333333333,Rule[Low volatility top-k]
2023-12,GLD,0.0,Rule[Low volatility top-k]
2024-01,GLD,0.0,Rule[Low volatility top-k]
2024-02,GLD,0.0,Rule[Low volatility top-k]
2024-03,GLD,0.3333333333333333,Rule[Low volatility top-k]
2024-04,GLD,0.0,Rule[Low volatility top-k]
2024-05,GLD,0.0,Rule[Low volatility top-k]
2024-06,GLD,0.0,Rule[Low volatility top-k]
2024-07,GLD,0.0,Rule[Low volatility top-k]
2024-08,GLD,0.0,Rule[Low volatility top-k]
2024-09,GLD,0.0,Rule[Low volatility top-k]
2024-10,GLD,0.0,Rule[Low volatility top-k]
2024-11,GLD,0.0,Rule[Low volatility top-k]
2024-12,GLD,0.0,Rule[Low volatility top-k]
2025-01,GLD,0.0,Rule[Low volatility top-k]
2025-02,GLD,0.0,Rule[Low volatility top-k]
2025-03,GLD,0.0,Rule[Low volatility top-k]
2025-04,GLD,0.0,Rule[Low volatility top-k]
2025-05,GLD,0.0,Rule[Low volatility top-k]
2025-06,GLD,0.0,Rule[Low volatility top-k]
2025-07,GLD,0.0,Rule[Low volatility top-k]
2025-08,GLD,0.0,Rule[Low volatility top-k]
2025-09,GLD,0.0,Rule[Low volatility top-k]
2025-10,GLD,0.0,Rule[Low volatility top-k]
2025-11,GLD,0.0,Rule[Low volatility top-k]
2025-12,GLD,0.0,Rule[Low volatility top-k]
2026-01,GLD,0.0,Rule[Low volatility top-k]
2026-02,GLD,0.0,Rule[Low volatility top-k]
2026-03,GLD,0.0,Rule[Low volatility top-k]
2020-01,HYG,0.3333333333333333,Rule[Low volatility top-k]
2020-02,HYG,0.3333333333333333,Rule[Low volatility top-k]
2020-03,HYG,0.3333333333333333,Rule[Low volatility top-k]
2020-04,HYG,0.3333333333333333,Rule[Low volatility top-k]
2020-05,HYG,0.3333333333333333,Rule[Low volatility top-k]
2020-06,HYG,0.0,Rule[Low volatility top-k]
2020-07,HYG,0.3333333333333333,Rule[Low volatility top-k]
2020-08,HYG,0.3333333333333333,Rule[Low volatility top-k]
2020-09,HYG,0.3333333333333333,Rule[Low volatility top-k]
2020-10,HYG,0.3333333333333333,Rule[Low volatility top-k]
2020-11,HYG,0.3333333333333333,Rule[Low volatility top-k]
2020-12,HYG,0.3333333333333333,Rule[Low volatility top-k]
2021-01,HYG,0.3333333333333333,Rule[Low volatility top-k]
2021-02,HYG,0.3333333333333333,Rule[Low volatility top-k]
2021-03,HYG,0.3333333333333333,Rule[Low volatility top-k]
2021-04,HYG,0.3333333333333333,Rule[Low volatility top-k]
2021-05,HYG,0.3333333333333333,Rule[Low volatility top-k]
2021-06,HYG,0.3333333333333333,Rule[Low volatility top-k]
2021-07,HYG,0.3333333333333333,Rule[Low volatility top-k]
2021-08,HYG,0.3333333333333333,Rule[Low volatility top-k]
2021-09,HYG,0.3333333333333333,Rule[Low volatility top-k]
2021-10,HYG,0.3333333333333333,Rule[Low volatility top-k]
2021-11,HYG,0.3333333333333333,Rule[Low volatility top-k]
2021-12,HYG,0.3333333333333333,Rule[Low volatility top-k]
2022-01,HYG,0.3333333333333333,Rule[Low volatility top-k]
2022-02,HYG,0.3333333333333333,Rule[Low volatility top-k]
2022-03,HYG,0.3333333333333333,Rule[Low volatility top-k]
2022-04,HYG,0.3333333333333333,Rule[Low volatility top-k]
2022-05,HYG,0.3333333333333333,Rule[Low volatility top-k]
2022-06,HYG,0.3333333333333333,Rule[Low volatility top-k]
2022-07,HYG,0.3333333333333333,Rule[Low volatility top-k]
2022-08,HYG,0.3333333333333333,Rule[Low volatility top-k]
2022-09,HYG,0.3333333333333333,Rule[Low volatility top-k]
2022-10,HYG,0.3333333333333333,Rule[Low volatility top-k]
2022-11,HYG,0.3333333333333333,Rule[Low volatility top-k]
2022-12,HYG,0.3333333333333333,Rule[Low volatility top-k]
2023-01,HYG,0.3333333333333333,Rule[Low volatility top-k]
2023-02,HYG,0.3333333333333333,Rule[Low volatility top-k]
2023-03,HYG,0.3333333333333333,Rule[Low volatility top-k]
2023-04,HYG,0.3333333333333333,Rule[Low volatility top-k]
2023-05,HYG,0.3333333333333333,Rule[Low volatility top-k]
2023-06,HYG,0.3333333333333333,Rule[Low volatility top-k]
2023-07,HYG,0.3333333333333333,Rule[Low volatility top-k]
2023-08,HYG,0.3333333333333333,Rule[Low volatility top-k]
2023-09,HYG,0.3333333333333333,Rule[Low volatility top-k]
2023-10,HYG,0.3333333333333333,Rule[Low volatility top-k]
2023-11,HYG,0.3333333333333333,Rule[Low volatility top-k]
2023-12,HYG,0.3333333333333333,Rule[Low volatility top-k]
2024-01,HYG,0.3333333333333333,Rule[Low volatility top-k]
2024-02,HYG,0.3333333333333333,Rule[Low volatility top-k]
2024-03,HYG,0.3333333333333333,Rule[Low volatility top-k]
2024-04,HYG,0.3333333333333333,Rule[Low volatility top-k]
2024-05,HYG,0.3333333333333333,Rule[Low volatility top-k]
2024-06,HYG,0.3333333333333333,Rule[Low volatility top-k]
2024-07,HYG,0.3333333333333333,Rule[Low volatility top-k]
2024-08,HYG,0.3333333333333333,Rule[Low volatility top-k]
2024-09,HYG,0.3333333333333333,Rule[Low volatility top-k]
2024-10,HYG,0.3333333333333333,Rule[Low volatility top-k]
2024-11,HYG,0.3333333333333333,Rule[Low volatility top-k]
2024-12,HYG,0.3333333333333333,Rule[Low volatility top-k]
2025-01,HYG,0.3333333333333333,Rule[Low volatility top-k]
2025-02,HYG,0.3333333333333333,Rule[Low volatility top-k]
2025-03,HYG,0.3333333333333333,Rule[Low volatility top-k]
2025-04,HYG,0.3333333333333333,Rule[Low volatility top-k]
2025-05,HYG,0.3333333333333333,Rule[Low volatility top-k]
2025-06,HYG,0.3333333333333333,Rule[Low volatility top-k]
2025-07,HYG,0.3333333333333333,Rule[Low volatility top-k]
2025-08,HYG,0.3333333333333333,Rule[Low volatility top-k]
2025-09,HYG,0.3333333333333333,Rule[Low volatility top-k]
2025-10,HYG,0.3333333333333333,Rule[Low volatility top-k]
2025-11,HYG,0.3333333333333333,Rule[Low volatility top-k]
2025-12,HYG,0.3333333333333333,Rule[Low volatility top-k]
2026-01,HYG,0.3333333333333333,Rule[Low volatility top-k]
2026-02,HYG,0.3333333333333333,Rule[Low volatility top-k]
2026-03,HYG,0.3333333333333333,Rule[Low volatility top-k]
2020-01,IEF,0.3333333333333333,Rule[Low volatility top-k]
2020-02,IEF,0.3333333333333333,Rule[Low volatility top-k]
2020-03,IEF,0.3333333333333333,Rule[Low volatility top-k]
2020-04,IEF,0.3333333333333333,Rule[Low volatility top-k]
2020-05,IEF,0.3333333333333333,Rule[Low volatility top-k]
2020-06,IEF,0.3333333333333333,Rule[Low volatility top-k]
2020-07,IEF,0.3333333333333333,Rule[Low volatility top-k]
2020-08,IEF,0.3333333333333333,Rule[Low volatility top-k]
2020-09,IEF,0.3333333333333333,Rule[Low volatility top-k]
2020-10,IEF,0.3333333333333333,Rule[Low volatility top-k]
2020-11,IEF,0.3333333333333333,Rule[Low volatility top-k]
2020-12,IEF,0.3333333333333333,Rule[Low volatility top-k]
2021-01,IEF,0.3333333333333333,Rule[Low volatility top-k]
2021-02,IEF,0.3333333333333333,Rule[Low volatility top-k]
2021-03,IEF,0.3333333333333333,Rule[Low volatility top-k]
2021-04,IEF,0.3333333333333333,Rule[Low volatility top-k]
2021-05,IEF,0.3333333333333333,Rule[Low volatility top-k]
2021-06,IEF,0.3333333333333333,Rule[Low volatility top-k]
2021-07,IEF,0.3333333333333333,Rule[Low volatility top-k]
2021-08,IEF,0.3333333333333333,Rule[Low volatility top-k]
2021-09,IEF,0.3333333333333333,Rule[Low volatility top-k]
2021-10,IEF,0.3333333333333333,Rule[Low volatility top-k]
2021-11,IEF,0.3333333333333333,Rule[Low volatility top-k]
2021-12,IEF,0.3333333333333333,Rule[Low volatility top-k]
2022-01,IEF,0.3333333333333333,Rule[Low volatility top-k]
2022-02,IEF,0.3333333333333333,Rule[Low volatility top-k]
2022-03,IEF,0.3333333333333333,Rule[Low volatility top-k]
2022-04,IEF,0.3333333333333333,Rule[Low volatility top-k]
2022-05,IEF,0.3333333333333333,Rule[Low volatility top-k]
2022-06,IEF,0.3333333333333333,Rule[Low volatility top-k]
2022-07,IEF,0.3333333333333333,Rule[Low volatility top-k]
2022-08,IEF,0.3333333333333333,Rule[Low volatility top-k]
2022-09,IEF,0.3333333333333333,Rule[Low volatility top-k]
2022-10,IEF,0.3333333333333333,Rule[Low volatility top-k]
2022-11,IEF,0.3333333333333333,Rule[Low volatility top-k]
2022-12,IEF,0.3333333333333333,Rule[Low volatility top-k]
2023-01,IEF,0.3333333333333333,Rule[Low volatility top-k]
2023-02,IEF,0.3333333333333333,Rule[Low volatility top-k]
2023-03,IEF,0.3333333333333333,Rule[Low volatility top-k]
2023-04,IEF,0.3333333333333333,Rule[Low volatility top-k]
2023-05,IEF,0.3333333333333333,Rule[Low volatility top-k]
2023-06,IEF,0.3333333333333333,Rule[Low volatility top-k]
2023-07,IEF,0.3333333333333333,Rule[Low volatility top-k]
2023-08,IEF,0.3333333333333333,Rule[Low volatility top-k]
2023-09,IEF,0.3333333333333333,Rule[Low volatility top-k]
2023-10,IEF,0.3333333333333333,Rule[Low volatility top-k]
2023-11,IEF,0.3333333333333333,Rule[Low volatility top-k]
2023-12,IEF,0.3333333333333333,Rule[Low volatility top-k]
2024-01,IEF,0.3333333333333333,Rule[Low volatility top-k]
2024-02,IEF,0.3333333333333333,Rule[Low volatility top-k]
2024-03,IEF,0.3333333333333333,Rule[Low volatility top-k]
2024-04,IEF,0.3333333333333333,Rule[Low volatility top-k]
2024-05,IEF,0.3333333333333333,Rule[Low volatility top-k]
2024-06,IEF,0.3333333333333333,Rule[Low volatility top-k]
2024-07,IEF,0.3333333333333333,Rule[Low volatility top-k]
2024-08,IEF,0.3333333333333333,Rule[Low volatility top-k]
2024-09,IEF,0.3333333333333333,Rule[Low volatility top-k]
2024-10,IEF,0.3333333333333333,Rule[Low volatility top-k]
2024-11,IEF,0.3333333333333333,Rule[Low volatility top-k]
2024-12,IEF,0.3333333333333333,Rule[Low volatility top-k]
2025-01,IEF,0.3333333333333333,Rule[Low volatility top-k]
2025-02,IEF,0.3333333333333333,Rule[Low volatility top-k]
2025-03,IEF,0.3333333333333333,Rule[Low volatility top-k]
2025-04,IEF,0.3333333333333333,Rule[Low volatility top-k]
2025-05,IEF,0.3333333333333333,Rule[Low volatility top-k]
2025-06,IEF,0.3333333333333333,Rule[Low volatility top-k]
2025-07,IEF,0.3333333333333333,Rule[Low volatility top-k]
2025-08,IEF,0.3333333333333333,Rule[Low volatility top-k]
2025-09,IEF,0.3333333333333333,Rule[Low volatility top-k]
2025-10,IEF,0.3333333333333333,Rule[Low volatility top-k]
2025-11,IEF,0.3333333333333333,Rule[Low volatility top-k]
2025-12,IEF,0.3333333333333333,Rule[Low volatility top-k]
2026-01,IEF,0.3333333333333333,Rule[Low volatility top-k]
2026-02,IEF,0.3333333333333333,Rule[Low volatility top-k]
2026-03,IEF,0.3333333333333333,Rule[Low volatility top-k]
2020-01,IWM,0.0,Rule[Low volatility top-k]
2020-02,IWM,0.0,Rule[Low volatility top-k]
2020-03,IWM,0.0,Rule[Low volatility top-k]
2020-04,IWM,0.0,Rule[Low volatility top-k]
2020-05,IWM,0.0,Rule[Low volatility top-k]
2020-06,IWM,0.0,Rule[Low volatility top-k]
2020-07,IWM,0.0,Rule[Low volatility top-k]
2020-08,IWM,0.0,Rule[Low volatility top-k]
2020-09,IWM,0.0,Rule[Low volatility top-k]
2020-10,IWM,0.0,Rule[Low volatility top-k]
2020-11,IWM,0.0,Rule[Low volatility top-k]
2020-12,IWM,0.0,Rule[Low volatility top-k]
2021-01,IWM,0.0,Rule[Low volatility top-k]
2021-02,IWM,0.0,Rule[Low volatility top-k]
2021-03,IWM,0.0,Rule[Low volatility top-k]
2021-04,IWM,0.0,Rule[Low volatility top-k]
2021-05,IWM,0.0,Rule[Low volatility top-k]
2021-06,IWM,0.0,Rule[Low volatility top-k]
2021-07,IWM,0.0,Rule[Low volatility top-k]
2021-08,IWM,0.0,Rule[Low volatility top-k]
2021-09,IWM,0.0,Rule[Low volatility top-k]
2021-10,IWM,0.0,Rule[Low volatility top-k]
2021-11,IWM,0.0,Rule[Low volatility top-k]
2021-12,IWM,0.0,Rule[Low volatility top-k]
2022-01,IWM,0.0,Rule[Low volatility top-k]
2022-02,IWM,0.0,Rule[Low volatility top-k]
2022-03,IWM,0.0,Rule[Low volatility top-k]
2022-04,IWM,0.0,Rule[Low volatility top-k]
2022-05,IWM,0.0,Rule[Low volatility top-k]
2022-06,IWM,0.0,Rule[Low volatility top-k]
2022-07,IWM,0.0,Rule[Low volatility top-k]
2022-08,IWM,0.0,Rule[Low volatility top-k]
2022-09,IWM,0.0,Rule[Low volatility top-k]
2022-10,IWM,0.0,Rule[Low volatility top-k]
2022-11,IWM,0.0,Rule[Low volatility top-k]
2022-12,IWM,0.0,Rule[Low volatility top-k]
2023-01,IWM,0.0,Rule[Low volatility top-k]
2023-02,IWM,0.0,Rule[Low volatility top-k]
2023-03,IWM,0.0,Rule[Low volatility top-k]
2023-04,IWM,0.0,Rule[Low volatility top-k]
2023-05,IWM,0.0,Rule[Low volatility top-k]
2023-06,IWM,0.0,Rule[Low volatility top-k]
2023-07,IWM,0.0,Rule[Low volatility top-k]
2023-08,IWM,0.0,Rule[Low volatility top-k]
2023-09,IWM,0.0,Rule[Low volatility top-k]
2023-10,IWM,0.0,Rule[Low volatility top-k]
2023-11,IWM,0.0,Rule[Low volatility top-k]
2023-12,IWM,0.0,Rule[Low volatility top-k]
2024-01,IWM,0.0,Rule[Low volatility top-k]
2024-02,IWM,0.0,Rule[Low volatility top-k]
2024-03,IWM,0.0,Rule[Low volatility top-k]
2024-04,IWM,0.0,Rule[Low volatility top-k]
2024-05,IWM,0.0,Rule[Low volatility top-k]
2024-06,IWM,0.0,Rule[Low volatility top-k]
2024-07,IWM,0.0,Rule[Low volatility top-k]
2024-08,IWM,0.0,Rule[Low volatility top-k]
2024-09,IWM,0.0,Rule[Low volatility top-k]
2024-10,IWM,0.0,Rule[Low volatility top-k]
2024-11,IWM,0.0,Rule[Low volatility top-k]
2024-12,IWM,0.0,Rule[Low volatility top-k]
2025-01,IWM,0.0,Rule[Low volatility top-k]
2025-02,IWM,0.0,Rule[Low volatility top-k]
2025-03,IWM,0.0,Rule[Low volatility top-k]
2025-04,IWM,0.0,Rule[Low volatility top-k]
2025-05,IWM,0.0,Rule[Low volatility top-k]
2025-06,IWM,0.0,Rule[Low volatility top-k]
2025-07,IWM,0.0,Rule[Low volatility top-k]
2025-08,IWM,0.0,Rule[Low volatility top-k]
2025-09,IWM,0.0,Rule[Low volatility top-k]
2025-10,IWM,0.0,Rule[Low volatility top-k]
2025-11,IWM,0.0,Rule[Low volatility top-k]
2025-12,IWM,0.0,Rule[Low volatility top-k]
2026-01,IWM,0.0,Rule[Low volatility top-k]
2026-02,IWM,0.0,Rule[Low volatility top-k]
2026-03,IWM,0.0,Rule[Low volatility top-k]
2020-01,QQQ,0.0,Rule[Low volatility top-k]
2020-02,QQQ,0.0,Rule[Low volatility top-k]
2020-03,QQQ,0.0,Rule[Low volatility top-k]
2020-04,QQQ,0.0,Rule[Low volatility top-k]
2020-05,QQQ,0.0,Rule[Low volatility top-k]
2020-06,QQQ,0.0,Rule[Low volatility top-k]
2020-07,QQQ,0.0,Rule[Low volatility top-k]
2020-08,QQQ,0.0,Rule[Low volatility top-k]
2020-09,QQQ,0.0,Rule[Low volatility top-k]
2020-10,QQQ,0.0,Rule[Low volatility top-k]
2020-11,QQQ,0.0,Rule[Low volatility top-k]
2020-12,QQQ,0.0,Rule[Low volatility top-k]
2021-01,QQQ,0.0,Rule[Low volatility top-k]
2021-02,QQQ,0.0,Rule[Low volatility top-k]
2021-03,QQQ,0.0,Rule[Low volatility top-k]
2021-04,QQQ,0.0,Rule[Low volatility top-k]
2021-05,QQQ,0.0,Rule[Low volatility top-k]
2021-06,QQQ,0.0,Rule[Low volatility top-k]
2021-07,QQQ,0.0,Rule[Low volatility top-k]
2021-08,QQQ,0.0,Rule[Low volatility top-k]
2021-09,QQQ,0.0,Rule[Low volatility top-k]
2021-10,QQQ,0.0,Rule[Low volatility top-k]
2021-11,QQQ,0.0,Rule[Low volatility top-k]
2021-12,QQQ,0.0,Rule[Low volatility top-k]
2022-01,QQQ,0.0,Rule[Low volatility top-k]
2022-02,QQQ,0.0,Rule[Low volatility top-k]
2022-03,QQQ,0.0,Rule[Low volatility top-k]
2022-04,QQQ,0.0,Rule[Low volatility top-k]
2022-05,QQQ,0.0,Rule[Low volatility top-k]
2022-06,QQQ,0.0,Rule[Low volatility top-k]
2022-07,QQQ,0.0,Rule[Low volatility top-k]
2022-08,QQQ,0.0,Rule[Low volatility top-k]
2022-09,QQQ,0.0,Rule[Low volatility top-k]
2022-10,QQQ,0.0,Rule[Low volatility top-k]
2022-11,QQQ,0.0,Rule[Low volatility top-k]
2022-12,QQQ,0.0,Rule[Low volatility top-k]
2023-01,QQQ,0.0,Rule[Low volatility top-k]
2023-02,QQQ,0.0,Rule[Low volatility top-k]
2023-03,QQQ,0.0,Rule[Low volatility top-k]
2023-04,QQQ,0.0,Rule[Low volatility top-k]
2023-05,QQQ,0.0,Rule[Low volatility top-k]
2023-06,QQQ,0.0,Rule[Low volatility top-k]
2023-07,QQQ,0.0,Rule[Low volatility top-k]
2023-08,QQQ,0.0,Rule[Low volatility top-k]
2023-09,QQQ,0.0,Rule[Low volatility top-k]
2023-10,QQQ,0.0,Rule[Low volatility top-k]
2023-11,QQQ,0.0,Rule[Low volatility top-k]
2023-12,QQQ,0.0,Rule[Low volatility top-k]
2024-01,QQQ,0.0,Rule[Low volatility top-k]
2024-02,QQQ,0.0,Rule[Low volatility top-k]
2024-03,QQQ,0.0,Rule[Low volatility top-k]
2024-04,QQQ,0.0,Rule[Low volatility top-k]
2024-05,QQQ,0.0,Rule[Low volatility top-k]
2024-06,QQQ,0.0,Rule[Low volatility top-k]
2024-07,QQQ,0.0,Rule[Low volatility top-k]
2024-08,QQQ,0.0,Rule[Low volatility top-k]
2024-09,QQQ,0.0,Rule[Low volatility top-k]
2024-10,QQQ,0.0,Rule[Low volatility top-k]
2024-11,QQQ,0.0,Rule[Low volatility top-k]
2024-12,QQQ,0.0,Rule[Low volatility top-k]
2025-01,QQQ,0.0,Rule[Low volatility top-k]
2025-02,QQQ,0.0,Rule[Low volatility top-k]
2025-03,QQQ,0.0,Rule[Low volatility top-k]
2025-04,QQQ,0.0,Rule[Low volatility top-k]
2025-05,QQQ,0.0,Rule[Low volatility top-k]
2025-06,QQQ,0.0,Rule[Low volatility top-k]
2025-07,QQQ,0.0,Rule[Low volatility top-k]
2025-08,QQQ,0.0,Rule[Low volatility top-k]
2025-09,QQQ,0.0,Rule[Low volatility top-k]
2025-10,QQQ,0.0,Rule[Low volatility top-k]
2025-11,QQQ,0.0,Rule[Low volatility top-k]
2025-12,QQQ,0.0,Rule[Low volatility top-k]
2026-01,QQQ,0.0,Rule[Low volatility top-k]
2026-02,QQQ,0.0,Rule[Low volatility top-k]
2026-03,QQQ,0.0,Rule[Low volatility top-k]
2020-01,SPY,0.3333333333333333,Rule[Low volatility top-k]
2020-02,SPY,0.0,Rule[Low volatility top-k]
2020-03,SPY,0.0,Rule[Low volatility top-k]
2020-04,SPY,0.0,Rule[Low volatility top-k]
2020-05,SPY,0.0,Rule[Low volatility top-k]
2020-06,SPY,0.0,Rule[Low volatility top-k]
2020-07,SPY,0.0,Rule[Low volatility top-k]
2020-08,SPY,0.0,Rule[Low volatility top-k]
2020-09,SPY,0.0,Rule[Low volatility top-k]
2020-10,SPY,0.0,Rule[Low volatility top-k]
2020-11,SPY,0.0,Rule[Low volatility top-k]
2020-12,SPY,0.0,Rule[Low volatility top-k]
2021-01,SPY,0.0,Rule[Low volatility top-k]
2021-02,SPY,0.3333333333333333,Rule[Low volatility top-k]
2021-03,SPY,0.0,Rule[Low volatility top-k]
2021-04,SPY,0.0,Rule[Low volatility top-k]
2021-05,SPY,0.0,Rule[Low volatility top-k]
2021-06,SPY,0.3333333333333333,Rule[Low volatility top-k]
2021-07,SPY,0.3333333333333333,Rule[Low volatility top-k]
2021-08,SPY,0.3333333333333333,Rule[Low volatility top-k]
2021-09,SPY,0.3333333333333333,Rule[Low volatility top-k]
2021-10,SPY,0.3333333333333333,Rule[Low volatility top-k]
2021-11,SPY,0.3333333333333333,Rule[Low volatility top-k]
2021-12,SPY,0.0,Rule[Low volatility top-k]
2022-01,SPY,0.0,Rule[Low volatility top-k]
2022-02,SPY,0.0,Rule[Low volatility top-k]
2022-03,SPY,0.0,Rule[Low volatility top-k]
2022-04,SPY,0.0,Rule[Low volatility top-k]
2022-05,SPY,0.0,Rule[Low volatility top-k]
2022-06,SPY,0.0,Rule[Low volatility top-k]
2022-07,SPY,0.0,Rule[Low volatility top-k]
2022-08,SPY,0.0,Rule[Low volatility top-k]
2022-09,SPY,0.0,Rule[Low volatility top-k]
2022-10,SPY,0.0,Rule[Low volatility top-k]
2022-11,SPY,0.0,Rule[Low volatility top-k]
2022-12,SPY,0.0,Rule[Low volatility top-k]
2023-01,SPY,0.0,Rule[Low volatility top-k]
2023-02,SPY,0.0,Rule[Low volatility top-k]
2023-03,SPY,0.0,Rule[Low volatility top-k]
2023-04,SPY,0.0,Rule[Low volatility top-k]
2023-05,SPY,0.0,Rule[Low volatility top-k]
2023-06,SPY,0.3333333333333333,Rule[Low volatility top-k]
2023-07,SPY,0.3333333333333333,Rule[Low volatility top-k]
2023-08,SPY,0.0,Rule[Low volatility top-k]
2023-09,SPY,0.0,Rule[Low volatility top-k]
2023-10,SPY,0.0,Rule[Low volatility top-k]
2023-11,SPY,0.0,Rule[Low volatility top-k]
2023-12,SPY,0.3333333333333333,Rule[Low volatility top-k]
2024-01,SPY,0.3333333333333333,Rule[Low volatility top-k]
2024-02,SPY,0.3333333333333333,Rule[Low volatility top-k]
2024-03,SPY,0.0,Rule[Low volatility top-k]
2024-04,SPY,0.3333333333333333,Rule[Low volatility top-k]
2024-05,SPY,0.3333333333333333,Rule[Low volatility top-k]
2024-06,SPY,0.3333333333333333,Rule[Low volatility top-k]
2024-07,SPY,0.3333333333333333,Rule[Low volatility top-k]
2024-08,SPY,0.0,Rule[Low volatility top-k]
2024-09,SPY,0.0,Rule[Low volatility top-k]
2024-10,SPY,0.0,Rule[Low volatility top-k]
2024-11,SPY,0.3333333333333333,Rule[Low volatility top-k]
2024-12,SPY,0.3333333333333333,Rule[Low volatility top-k]
2025-01,SPY,0.3333333333333333,Rule[Low volatility top-k]
2025-02,SPY,0.0,Rule[Low volatility top-k]
2025-03,SPY,0.0,Rule[Low volatility top-k]
2025-04,SPY,0.0,Rule[Low volatility top-k]
2025-05,SPY,0.0,Rule[Low volatility top-k]
2025-06,SPY,0.0,Rule[Low volatility top-k]
2025-07,SPY,0.3333333333333333,Rule[Low volatility top-k]
2025-08,SPY,0.3333333333333333,Rule[Low volatility top-k]
2025-09,SPY,0.3333333333333333,Rule[Low volatility top-k]
2025-10,SPY,0.0,Rule[Low volatility top-k]
2025-11,SPY,0.0,Rule[Low volatility top-k]
2025-12,SPY,0.0,Rule[Low volatility top-k]
2026-01,SPY,0.0,Rule[Low volatility top-k]
2026-02,SPY,0.0,Rule[Low volatility top-k]
2026-03,SPY,0.0,Rule[Low volatility top-k]
2020-01,TLT,0.0,Rule[Low volatility top-k]
2020-02,TLT,0.0,Rule[Low volatility top-k]
2020-03,TLT,0.0,Rule[Low volatility top-k]
2020-04,TLT,0.0,Rule[Low volatility top-k]
2020-05,TLT,0.0,Rule[Low volatility top-k]
2020-06,TLT,0.3333333333333333,Rule[Low volatility top-k]
2020-07,TLT,0.0,Rule[Low volatility top-k]
2020-08,TLT,0.3333333333333333,Rule[Low volatility top-k]
2020-09,TLT,0.3333333333333333,Rule[Low volatility top-k]
2020-10,TLT,0.3333333333333333,Rule[Low volatility top-k]
2020-11,TLT,0.3333333333333333,Rule[Low volatility top-k]
2020-12,TLT,0.3333333333333333,Rule[Low volatility top-k]
2021-01,TLT,0.3333333333333333,Rule[Low volatility top-k]
2021-02,TLT,0.0,Rule[Low volatility top-k]
2021-03,TLT,0.3333333333333333,Rule[Low volatility top-k]
2021-04,TLT,0.0,Rule[Low volatility top-k]
2021-05,TLT,0.3333333333333333,Rule[Low volatility top-k]
2021-06,TLT,0.0,Rule[Low volatility top-k]
2021-07,TLT,0.0,Rule[Low volatility top-k]
2021-08,TLT,0.0,Rule[Low volatility top-k]
2021-09,TLT,0.0,Rule[Low volatility top-k]
2021-10,TLT,0.0,Rule[Low volatility top-k]
2021-11,TLT,0.0,Rule[Low volatility top-k]
2021-12,TLT,0.0,Rule[Low volatility top-k]
2022-01,TLT,0.0,Rule[Low volatility top-k]
2022-02,TLT,0.0,Rule[Low volatility top-k]
2022-03,TLT,0.0,Rule[Low volatility top-k]
2022-04,TLT,0.0,Rule[Low volatility top-k]
2022-05,TLT,0.0,Rule[Low volatility top-k]
2022-06,TLT,0.0,Rule[Low volatility top-k]
2022-07,TLT,0.0,Rule[Low volatility top-k]
2022-08,TLT,0.0,Rule[Low volatility top-k]
2022-09,TLT,0.0,Rule[Low volatility top-k]
2022-10,TLT,0.0,Rule[Low volatility top-k]
2022-11,TLT,0.0,Rule[Low volatility top-k]
2022-12,TLT,0.0,Rule[Low volatility top-k]
2023-01,TLT,0.0,Rule[Low volatility top-k]
2023-02,TLT,0.0,Rule[Low volatility top-k]
2023-03,TLT,0.0,Rule[Low volatility top-k]
2023-04,TLT,0.0,Rule[Low volatility top-k]
2023-05,TLT,0.0,Rule[Low volatility top-k]
2023-06,TLT,0.0,Rule[Low volatility top-k]
2023-07,TLT,0.0,Rule[Low volatility top-k]
2023-08,TLT,0.0,Rule[Low volatility top-k]
2023-09,TLT,0.0,Rule[Low volatility top-k]
2023-10,TLT,0.0,Rule[Low volatility top-k]
2023-11,TLT,0.0,Rule[Low volatility top-k]
2023-12,TLT,0.0,Rule[Low volatility top-k]
2024-01,TLT,0.0,Rule[Low volatility top-k]
2024-02,TLT,0.0,Rule[Low volatility top-k]
2024-03,TLT,0.0,Rule[Low volatility top-k]
2024-04,TLT,0.0,Rule[Low volatility top-k]
2024-05,TLT,0.0,Rule[Low volatility top-k]
2024-06,TLT,0.0,Rule[Low volatility top-k]
2024-07,TLT,0.0,Rule[Low volatility top-k]
2024-08,TLT,0.0,Rule[Low volatility top-k]
2024-09,TLT,0.3333333333333333,Rule[Low volatility top-k]
2024-10,TLT,0.3333333333333333,Rule[Low volatility top-k]
2024-11,TLT,0.0,Rule[Low volatility top-k]
2024-12,TLT,0.0,Rule[Low volatility top-k]
2025-01,TLT,0.0,Rule[Low volatility top-k]
2025-02,TLT,0.3333333333333333,Rule[Low volatility top-k]
2025-03,TLT,0.3333333333333333,Rule[Low volatility top-k]
2025-04,TLT,0.3333333333333333,Rule[Low volatility top-k]
2025-05,TLT,0.3333333333333333,Rule[Low volatility top-k]
2025-06,TLT,0.3333333333333333,Rule[Low volatility top-k]
2025-07,TLT,0.0,Rule[Low volatility top-k]
2025-08,TLT,0.0,Rule[Low volatility top-k]
2025-09,TLT,0.0,Rule[Low volatility top-k]
2025-10,TLT,0.3333333333333333,Rule[Low volatility top-k]
2025-11,TLT,0.3333333333333333,Rule[Low volatility top-k]
2025-12,TLT,0.3333333333333333,Rule[Low volatility top-k]
2026-01,TLT,0.3333333333333333,Rule[Low volatility top-k]
2026-02,TLT,0.3333333333333333,Rule[Low volatility top-k]
2026-03,TLT,0.3333333333333333,Rule[Low volatility top-k]
2020-01,VNQ,0.0,Rule[Low volatility top-k]
2020-02,VNQ,0.0,Rule[Low volatility top-k]
2020-03,VNQ,0.0,Rule[Low volatility top-k]
2020-04,VNQ,0.0,Rule[Low volatility top-k]
2020-05,VNQ,0.0,Rule[Low volatility top-k]
2020-06,VNQ,0.0,Rule[Low volatility top-k]
2020-07,VNQ,0.0,Rule[Low volatility top-k]
2020-08,VNQ,0.0,Rule[Low volatility top-k]
2020-09,VNQ,0.0,Rule[Low volatility top-k]
2020-10,VNQ,0.0,Rule[Low volatility top-k]
2020-11,VNQ,0.0,Rule[Low volatility top-k]
2020-12,VNQ,0.0,Rule[Low volatility top-k]
2021-01,VNQ,0.0,Rule[Low volatility top-k]
2021-02,VNQ,0.0,Rule[Low volatility top-k]
2021-03,VNQ,0.0,Rule[Low volatility top-k]
2021-04,VNQ,0.3333333333333333,Rule[Low volatility top-k]
2021-05,VNQ,0.0,Rule[Low volatility top-k]
2021-06,VNQ,0.0,Rule[Low volatility top-k]
2021-07,VNQ,0.0,Rule[Low volatility top-k]
2021-08,VNQ,0.0,Rule[Low volatility top-k]
2021-09,VNQ,0.0,Rule[Low volatility top-k]
2021-10,VNQ,0.0,Rule[Low volatility top-k]
2021-11,VNQ,0.0,Rule[Low volatility top-k]
2021-12,VNQ,0.0,Rule[Low volatility top-k]
2022-01,VNQ,0.0,Rule[Low volatility top-k]
2022-02,VNQ,0.0,Rule[Low volatility top-k]
2022-03,VNQ,0.0,Rule[Low volatility top-k]
2022-04,VNQ,0.0,Rule[Low volatility top-k]
2022-05,VNQ,0.0,Rule[Low volatility top-k]
2022-06,VNQ,0.0,Rule[Low volatility top-k]
2022-07,VNQ,0.0,Rule[Low volatility top-k]
2022-08,VNQ,0.0,Rule[Low volatility top-k]
2022-09,VNQ,0.0,Rule[Low volatility top-k]
2022-10,VNQ,0.0,Rule[Low volatility top-k]
2022-11,VNQ,0.0,Rule[Low volatility top-k]
2022-12,VNQ,0.0,Rule[Low volatility top-k]
2023-01,VNQ,0.0,Rule[Low volatility top-k]
2023-02,VNQ,0.0,Rule[Low volatility top-k]
2023-03,VNQ,0.0,Rule[Low volatility top-k]
2023-04,VNQ,0.0,Rule[Low volatility top-k]
2023-05,VNQ,0.0,Rule[Low volatility top-k]
2023-06,VNQ,0.0,Rule[Low volatility top-k]
2023-07,VNQ,0.0,Rule[Low volatility top-k]
2023-08,VNQ,0.0,Rule[Low volatility top-k]
2023-09,VNQ,0.0,Rule[Low volatility top-k]
2023-10,VNQ,0.0,Rule[Low volatility top-k]
2023-11,VNQ,0.0,Rule[Low volatility top-k]
2023-12,VNQ,0.0,Rule[Low volatility top-k]
2024-01,VNQ,0.0,Rule[Low volatility top-k]
2024-02,VNQ,0.0,Rule[Low volatility top-k]
2024-03,VNQ,0.0,Rule[Low volatility top-k]
2024-04,VNQ,0.0,Rule[Low volatility top-k]
2024-05,VNQ,0.0,Rule[Low volatility top-k]
2024-06,VNQ,0.0,Rule[Low volatility top-k]
2024-07,VNQ,0.0,Rule[Low volatility top-k]
2024-08,VNQ,0.3333333333333333,Rule[Low volatility top-k]
2024-09,VNQ,0.0,Rule[Low volatility top-k]
2024-10,VNQ,0.0,Rule[Low volatility top-k]
2024-11,VNQ,0.0,Rule[Low volatility top-k]
2024-12,VNQ,0.0,Rule[Low volatility top-k]
2025-01,VNQ,0.0,Rule[Low volatility top-k]
2025-02,VNQ,0.0,Rule[Low volatility top-k]
2025-03,VNQ,0.0,Rule[Low volatility top-k]
2025-04,VNQ,0.0,Rule[Low volatility top-k]
2025-05,VNQ,0.0,Rule[Low volatility top-k]
2025-06,VNQ,0.0,Rule[Low volatility top-k]
2025-07,VNQ,0.0,Rule[Low volatility top-k]
2025-08,VNQ,0.0,Rule[Low volatility top-k]
2025-09,VNQ,0.0,Rule[Low volatility top-k]
2025-10,VNQ,0.0,Rule[Low volatility top-k]
2025-11,VNQ,0.0,Rule[Low volatility top-k]
2025-12,VNQ,0.0,Rule[Low volatility top-k]
2026-01,VNQ,0.0,Rule[Low volatility top-k]
2026-02,VNQ,0.0,Rule[Low volatility top-k]
2026-03,VNQ,0.0,Rule[Low volatility top-k]
2020-01,EEM,0.0,Rule[Risk-adjusted momentum top-k]
2020-02,EEM,0.0,Rule[Risk-adjusted momentum top-k]
2020-03,EEM,0.0,Rule[Risk-adjusted momentum top-k]
2020-04,EEM,0.0,Rule[Risk-adjusted momentum top-k]
2020-05,EEM,0.0,Rule[Risk-adjusted momentum top-k]
2020-06,EEM,0.0,Rule[Risk-adjusted momentum top-k]
2020-07,EEM,0.3333333333333333,Rule[Risk-adjusted momentum top-k]
2020-08,EEM,0.0,Rule[Risk-adjusted momentum top-k]
2020-09,EEM,0.3333333333333333,Rule[Risk-adjusted momentum top-k]
2020-10,EEM,0.3333333333333333,Rule[Risk-adjusted momentum top-k]
2020-11,EEM,0.3333333333333333,Rule[Risk-adjusted momentum top-k]
2020-12,EEM,0.3333333333333333,Rule[Risk-adjusted momentum top-k]
2021-01,EEM,0.3333333333333333,Rule[Risk-adjusted momentum top-k]
2021-02,EEM,0.3333333333333333,Rule[Risk-adjusted momentum top-k]
2021-03,EEM,0.0,Rule[Risk-adjusted momentum top-k]
2021-04,EEM,0.0,Rule[Risk-adjusted momentum top-k]
2021-05,EEM,0.0,Rule[Risk-adjusted momentum top-k]
2021-06,EEM,0.0,Rule[Risk-adjusted momentum top-k]
2021-07,EEM,0.0,Rule[Risk-adjusted momentum top-k]
2021-08,EEM,0.0,Rule[Risk-adjusted momentum top-k]
2021-09,EEM,0.0,Rule[Risk-adjusted momentum top-k]
2021-10,EEM,0.0,Rule[Risk-adjusted momentum top-k]
2021-11,EEM,0.0,Rule[Risk-adjusted momentum top-k]
2021-12,EEM,0.0,Rule[Risk-adjusted momentum top-k]
2022-01,EEM,0.0,Rule[Risk-adjusted momentum top-k]
2022-02,EEM,0.0,Rule[Risk-adjusted momentum top-k]
2022-03,EEM,0.0,Rule[Risk-adjusted momentum top-k]
2022-04,EEM,0.0,Rule[Risk-adjusted momentum top-k]
2022-05,EEM,0.0,Rule[Risk-adjusted momentum top-k]
2022-06,EEM,0.0,Rule[Risk-adjusted momentum top-k]
2022-07,EEM,0.0,Rule[Risk-adjusted momentum top-k]
2022-08,EEM,0.0,Rule[Risk-adjusted momentum top-k]
2022-09,EEM,0.0,Rule[Risk-adjusted momentum top-k]
2022-10,EEM,0.0,Rule[Risk-adjusted momentum top-k]
2022-11,EEM,0.3333333333333333,Rule[Risk-adjusted momentum top-k]
2022-12,EEM,0.3333333333333333,Rule[Risk-adjusted momentum top-k]
2023-01,EEM,0.3333333333333333,Rule[Risk-adjusted momentum top-k]
2023-02,EEM,0.0,Rule[Risk-adjusted momentum top-k]
2023-03,EEM,0.0,Rule[Risk-adjusted momentum top-k]
2023-04,EEM,0.0,Rule[Risk-adjusted momentum top-k]
2023-05,EEM,0.0,Rule[Risk-adjusted momentum top-k]
2023-06,EEM,0.0,Rule[Risk-adjusted momentum top-k]
2023-07,EEM,0.0,Rule[Risk-adjusted momentum top-k]
2023-08,EEM,0.0,Rule[Risk-adjusted momentum top-k]
2023-09,EEM,0.0,Rule[Risk-adjusted momentum top-k]
2023-10,EEM,0.0,Rule[Risk-adjusted momentum top-k]
2023-11,EEM,0.0,Rule[Risk-adjusted momentum top-k]
2023-12,EEM,0.0,Rule[Risk-adjusted momentum top-k]
2024-01,EEM,0.0,Rule[Risk-adjusted momentum top-k]
2024-02,EEM,0.0,Rule[Risk-adjusted momentum top-k]
2024-03,EEM,0.0,Rule[Risk-adjusted momentum top-k]
2024-04,EEM,0.3333333333333333,Rule[Risk-adjusted momentum top-k]
2024-05,EEM,0.0,Rule[Risk-adjusted momentum top-k]
2024-06,EEM,0.0,Rule[Risk-adjusted momentum top-k]
2024-07,EEM,0.0,Rule[Risk-adjusted momentum top-k]
2024-08,EEM,0.0,Rule[Risk-adjusted momentum top-k]
2024-09,EEM,0.3333333333333333,Rule[Risk-adjusted momentum top-k]
2024-10,EEM,0.0,Rule[Risk-adjusted momentum top-k]
2024-11,EEM,0.0,Rule[Risk-adjusted momentum top-k]
2024-12,EEM,0.0,Rule[Risk-adjusted momentum top-k]
2025-01,EEM,0.0,Rule[Risk-adjusted momentum top-k]
2025-02,EEM,0.0,Rule[Risk-adjusted momentum top-k]
2025-03,EEM,0.0,Rule[Risk-adjusted momentum top-k]
2025-04,EEM,0.3333333333333333,Rule[Risk-adjusted momentum top-k]
2025-05,EEM,0.3333333333333333,Rule[Risk-adjusted momentum top-k]
2025-06,EEM,0.3333333333333333,Rule[Risk-adjusted momentum top-k]
2025-07,EEM,0.3333333333333333,Rule[Risk-adjusted momentum top-k]
2025-08,EEM,0.0,Rule[Risk-adjusted momentum top-k]
2025-09,EEM,0.3333333333333333,Rule[Risk-adjusted momentum top-k]
2025-10,EEM,0.3333333333333333,Rule[Risk-adjusted momentum top-k]
2025-11,EEM,0.0,Rule[Risk-adjusted momentum top-k]
2025-12,EEM,0.3333333333333333,Rule[Risk-adjusted momentum top-k]
2026-01,EEM,0.3333333333333333,Rule[Risk-adjusted momentum top-k]
2026-02,EEM,0.3333333333333333,Rule[Risk-adjusted momentum top-k]
2026-03,EEM,0.3333333333333333,Rule[Risk-adjusted momentum top-k]
2020-01,GLD,0.3333333333333333,Rule[Risk-adjusted momentum top-k]
2020-02,GLD,0.3333333333333333,Rule[Risk-adjusted momentum top-k]
2020-03,GLD,0.3333333333333333,Rule[Risk-adjusted momentum top-k]
2020-04,GLD,0.3333333333333333,Rule[Risk-adjusted momentum top-k]
2020-05,GLD,0.3333333333333333,Rule[Risk-adjusted momentum top-k]
2020-06,GLD,0.3333333333333333,Rule[Risk-adjusted momentum top-k]
2020-07,GLD,0.3333333333333333,Rule[Risk-adjusted momentum top-k]
2020-08,GLD,0.0,Rule[Risk-adjusted momentum top-k]
2020-09,GLD,0.0,Rule[Risk-adjusted momentum top-k]
2020-10,GLD,0.0,Rule[Risk-adjusted momentum top-k]
2020-11,GLD,0.0,Rule[Risk-adjusted momentum top-k]
2020-12,GLD,0.0,Rule[Risk-adjusted momentum top-k]
2021-01,GLD,0.0,Rule[Risk-adjusted momentum top-k]
2021-02,GLD,0.0,Rule[Risk-adjusted momentum top-k]
2021-03,GLD,0.0,Rule[Risk-adjusted momentum top-k]
2021-04,GLD,0.0,Rule[Risk-adjusted momentum top-k]
2021-05,GLD,0.3333333333333333,Rule[Risk-adjusted momentum top-k]
2021-06,GLD,0.0,Rule[Risk-adjusted momentum top-k]
2021-07,GLD,0.0,Rule[Risk-adjusted momentum top-k]
2021-08,GLD,0.0,Rule[Risk-adjusted momentum top-k]
2021-09,GLD,0.0,Rule[Risk-adjusted momentum top-k]
2021-10,GLD,0.0,Rule[Risk-adjusted momentum top-k]
2021-11,GLD,0.0,Rule[Risk-adjusted momentum top-k]
2021-12,GLD,0.0,Rule[Risk-adjusted momentum top-k]
2022-01,GLD,0.3333333333333333,Rule[Risk-adjusted momentum top-k]
2022-02,GLD,0.3333333333333333,Rule[Risk-adjusted momentum top-k]
2022-03,GLD,0.3333333333333333,Rule[Risk-adjusted momentum top-k]
2022-04,GLD,0.3333333333333333,Rule[Risk-adjusted momentum top-k]
2022-05,GLD,0.3333333333333333,Rule[Risk-adjusted momentum top-k]
2022-06,GLD,0.3333333333333333,Rule[Risk-adjusted momentum top-k]
2022-07,GLD,0.0,Rule[Risk-adjusted momentum top-k]
2022-08,GLD,0.0,Rule[Risk-adjusted momentum top-k]
2022-09,GLD,0.3333333333333333,Rule[Risk-adjusted momentum top-k]
2022-10,GLD,0.0,Rule[Risk-adjusted momentum top-k]
2022-11,GLD,0.0,Rule[Risk-adjusted momentum top-k]
2022-12,GLD,0.3333333333333333,Rule[Risk-adjusted momentum top-k]
2023-01,GLD,0.3333333333333333,Rule[Risk-adjusted momentum top-k]
2023-02,GLD,0.3333333333333333,Rule[Risk-adjusted momentum top-k]
2023-03,GLD,0.3333333333333333,Rule[Risk-adjusted momentum top-k]
2023-04,GLD,0.3333333333333333,Rule[Risk-adjusted momentum top-k]
2023-05,GLD,0.3333333333333333,Rule[Risk-adjusted momentum top-k]
2023-06,GLD,0.0,Rule[Risk-adjusted momentum top-k]
2023-07,GLD,0.0,Rule[Risk-adjusted momentum top-k]
2023-08,GLD,0.0,Rule[Risk-adjusted momentum top-k]
2023-09,GLD,0.0,Rule[Risk-adjusted momentum top-k]
2023-10,GLD,0.3333333333333333,Rule[Risk-adjusted momentum top-k]
2023-11,GLD,0.3333333333333333,Rule[Risk-adjusted momentum top-k]
2023-12,GLD,0.0,Rule[Risk-adjusted momentum top-k]
2024-01,GLD,0.0,Rule[Risk-adjusted momentum top-k]
2024-02,GLD,0.0,Rule[Risk-adjusted momentum top-k]
2024-03,GLD,0.0,Rule[Risk-adjusted momentum top-k]
2024-04,GLD,0.3333333333333333,Rule[Risk-adjusted momentum top-k]
2024-05,GLD,0.3333333333333333,Rule[Risk-adjusted momentum top-k]
2024-06,GLD,0.3333333333333333,Rule[Risk-adjusted momentum top-k]
2024-07,GLD,0.3333333333333333,Rule[Risk-adjusted momentum top-k]
2024-08,GLD,0.3333333333333333,Rule[Risk-adjusted momentum top-k]
2024-09,GLD,0.3333333333333333,Rule[Risk-adjusted momentum top-k]
2024-10,GLD,0.3333333333333333,Rule[Risk-adjusted momentum top-k]
2024-11,GLD,0.0,Rule[Risk-adjusted momentum top-k]
2024-12,GLD,0.3333333333333333,Rule[Risk-adjusted momentum top-k]
2025-01,GLD,0.3333333333333333,Rule[Risk-adjusted momentum top-k]
2025-02,GLD,0.3333333333333333,Rule[Risk-adjusted momentum top-k]
2025-03,GLD,0.3333333333333333,Rule[Risk-adjusted momentum top-k]
2025-04,GLD,0.3333333333333333,Rule[Risk-adjusted momentum top-k]
2025-05,GLD,0.3333333333333333,Rule[Risk-adjusted momentum top-k]
2025-06,GLD,0.3333333333333333,Rule[Risk-adjusted momentum top-k]
2025-07,GLD,0.0,Rule[Risk-adjusted momentum top-k]
2025-08,GLD,0.0,Rule[Risk-adjusted momentum top-k]
2025-09,GLD,0.3333333333333333,Rule[Risk-adjusted momentum top-k]
2025-10,GLD,0.3333333333333333,Rule[Risk-adjusted momentum top-k]
2025-11,GLD,0.3333333333333333,Rule[Risk-adjusted momentum top-k]
2025-12,GLD,0.3333333333333333,Rule[Risk-adjusted momentum top-k]
2026-01,GLD,0.3333333333333333,Rule[Risk-adjusted momentum top-k]
2026-02,GLD,0.3333333333333333,Rule[Risk-adjusted momentum top-k]
2026-03,GLD,0.3333333333333333,Rule[Risk-adjusted momentum top-k]
2020-01,HYG,0.0,Rule[Risk-adjusted momentum top-k]
2020-02,HYG,0.0,Rule[Risk-adjusted momentum top-k]
2020-03,HYG,0.0,Rule[Risk-adjusted momentum top-k]
2020-04,HYG,0.0,Rule[Risk-adjusted momentum top-k]
2020-05,HYG,0.0,Rule[Risk-adjusted momentum top-k]
2020-06,HYG,0.0,Rule[Risk-adjusted momentum top-k]
2020-07,HYG,0.0,Rule[Risk-adjusted momentum top-k]
2020-08,HYG,0.0,Rule[Risk-adjusted momentum top-k]
2020-09,HYG,0.0,Rule[Risk-adjusted momentum top-k]
2020-10,HYG,0.0,Rule[Risk-adjusted momentum top-k]
2020-11,HYG,0.0,Rule[Risk-adjusted momentum top-k]
2020-12,HYG,0.0,Rule[Risk-adjusted momentum top-k]
2021-01,HYG,0.0,Rule[Risk-adjusted momentum top-k]
2021-02,HYG,0.0,Rule[Risk-adjusted momentum top-k]
2021-03,HYG,0.0,Rule[Risk-adjusted momentum top-k]
2021-04,HYG,0.0,Rule[Risk-adjusted momentum top-k]
2021-05,HYG,0.0,Rule[Risk-adjusted momentum top-k]
2021-06,HYG,0.0,Rule[Risk-adjusted momentum top-k]
2021-07,HYG,0.0,Rule[Risk-adjusted momentum top-k]
2021-08,HYG,0.0,Rule[Risk-adjusted momentum top-k]
2021-09,HYG,0.3333333333333333,Rule[Risk-adjusted momentum top-k]
2021-10,HYG,0.0,Rule[Risk-adjusted momentum top-k]
2021-11,HYG,0.0,Rule[Risk-adjusted momentum top-k]
2021-12,HYG,0.0,Rule[Risk-adjusted momentum top-k]
2022-01,HYG,0.0,Rule[Risk-adjusted momentum top-k]
2022-02,HYG,0.3333333333333333,Rule[Risk-adjusted momentum top-k]
2022-03,HYG,0.0,Rule[Risk-adjusted momentum top-k]
2022-04,HYG,0.3333333333333333,Rule[Risk-adjusted momentum top-k]
2022-05,HYG,0.3333333333333333,Rule[Risk-adjusted momentum top-k]
2022-06,HYG,0.3333333333333333,Rule[Risk-adjusted momentum top-k]
2022-07,HYG,0.3333333333333333,Rule[Risk-adjusted momentum top-k]
2022-08,HYG,0.3333333333333333,Rule[Risk-adjusted momentum top-k]
2022-09,HYG,0.3333333333333333,Rule[Risk-adjusted momentum top-k]
2022-10,HYG,0.3333333333333333,Rule[Risk-adjusted momentum top-k]
2022-11,HYG,0.0,Rule[Risk-adjusted momentum top-k]
2022-12,HYG,0.3333333333333333,Rule[Risk-adjusted momentum top-k]
2023-01,HYG,0.0,Rule[Risk-adjusted momentum top-k]
2023-02,HYG,0.0,Rule[Risk-adjusted momentum top-k]
2023-03,HYG,0.0,Rule[Risk-adjusted momentum top-k]
2023-04,HYG,0.0,Rule[Risk-adjusted momentum top-k]
2023-05,HYG,0.0,Rule[Risk-adjusted momentum top-k]
2023-06,HYG,0.0,Rule[Risk-adjusted momentum top-k]
2023-07,HYG,0.0,Rule[Risk-adjusted momentum top-k]
2023-08,HYG,0.0,Rule[Risk-adjusted momentum top-k]
2023-09,HYG,0.3333333333333333,Rule[Risk-adjusted momentum top-k]
2023-10,HYG,0.3333333333333333,Rule[Risk-adjusted momentum top-k]
2023-11,HYG,0.0,Rule[Risk-adjusted momentum top-k]
2023-12,HYG,0.0,Rule[Risk-adjusted momentum top-k]
2024-01,HYG,0.0,Rule[Risk-adjusted momentum top-k]
2024-02,HYG,0.0,Rule[Risk-adjusted momentum top-k]
2024-03,HYG,0.0,Rule[Risk-adjusted momentum top-k]
2024-04,HYG,0.0,Rule[Risk-adjusted momentum top-k]
2024-05,HYG,0.0,Rule[Risk-adjusted momentum top-k]
2024-06,HYG,0.0,Rule[Risk-adjusted momentum top-k]
2024-07,HYG,0.0,Rule[Risk-adjusted momentum top-k]
2024-08,HYG,0.0,Rule[Risk-adjusted momentum top-k]
2024-09,HYG,0.0,Rule[Risk-adjusted momentum top-k]
2024-10,HYG,0.0,Rule[Risk-adjusted momentum top-k]
2024-11,HYG,0.0,Rule[Risk-adjusted momentum top-k]
2024-12,HYG,0.0,Rule[Risk-adjusted momentum top-k]
2025-01,HYG,0.0,Rule[Risk-adjusted momentum top-k]
2025-02,HYG,0.3333333333333333,Rule[Risk-adjusted momentum top-k]
2025-03,HYG,0.0,Rule[Risk-adjusted momentum top-k]
2025-04,HYG,0.0,Rule[Risk-adjusted momentum top-k]
2025-05,HYG,0.0,Rule[Risk-adjusted momentum top-k]
2025-06,HYG,0.0,Rule[Risk-adjusted momentum top-k]
2025-07,HYG,0.0,Rule[Risk-adjusted momentum top-k]
2025-08,HYG,0.0,Rule[Risk-adjusted momentum top-k]
2025-09,HYG,0.0,Rule[Risk-adjusted momentum top-k]
2025-10,HYG,0.0,Rule[Risk-adjusted momentum top-k]
2025-11,HYG,0.0,Rule[Risk-adjusted momentum top-k]
2025-12,HYG,0.0,Rule[Risk-adjusted momentum top-k]
2026-01,HYG,0.0,Rule[Risk-adjusted momentum top-k]
2026-02,HYG,0.0,Rule[Risk-adjusted momentum top-k]
2026-03,HYG,0.3333333333333333,Rule[Risk-adjusted momentum top-k]
2020-01,IEF,0.0,Rule[Risk-adjusted momentum top-k]
2020-02,IEF,0.3333333333333333,Rule[Risk-adjusted momentum top-k]
2020-03,IEF,0.3333333333333333,Rule[Risk-adjusted momentum top-k]
2020-04,IEF,0.3333333333333333,Rule[Risk-adjusted momentum top-k]
2020-05,IEF,0.0,Rule[Risk-adjusted momentum top-k]
2020-06,IEF,0.0,Rule[Risk-adjusted momentum top-k]
2020-07,IEF,0.0,Rule[Risk-adjusted momentum top-k]
2020-08,IEF,0.0,Rule[Risk-adjusted momentum top-k]
2020-09,IEF,0.0,Rule[Risk-adjusted momentum top-k]
2020-10,IEF,0.0,Rule[Risk-adjusted momentum top-k]
2020-11,IEF,0.0,Rule[Risk-adjusted momentum top-k]
2020-12,IEF,0.0,Rule[Risk-adjusted momentum top-k]
2021-01,IEF,0.0,Rule[Risk-adjusted momentum top-k]
2021-02,IEF,0.0,Rule[Risk-adjusted momentum top-k]
2021-03,IEF,0.0,Rule[Risk-adjusted momentum top-k]
2021-04,IEF,0.0,Rule[Risk-adjusted momentum top-k]
2021-05,IEF,0.0,Rule[Risk-adjusted momentum top-k]
2021-06,IEF,0.0,Rule[Risk-adjusted momentum top-k]
2021-07,IEF,0.0,Rule[Risk-adjusted momentum top-k]
2021-08,IEF,0.0,Rule[Risk-adjusted momentum top-k]
2021-09,IEF,0.0,Rule[Risk-adjusted momentum top-k]
2021-10,IEF,0.0,Rule[Risk-adjusted momentum top-k]
2021-11,IEF,0.0,Rule[Risk-adjusted momentum top-k]
2021-12,IEF,0.0,Rule[Risk-adjusted momentum top-k]
2022-01,IEF,0.0,Rule[Risk-adjusted momentum top-k]
2022-02,IEF,0.3333333333333333,Rule[Risk-adjusted momentum top-k]
2022-03,IEF,0.0,Rule[Risk-adjusted momentum top-k]
2022-04,IEF,0.0,Rule[Risk-adjusted momentum top-k]
2022-05,IEF,0.3333333333333333,Rule[Risk-adjusted momentum top-k]
2022-06,IEF,0.3333333333333333,Rule[Risk-adjusted momentum top-k]
2022-07,IEF,0.3333333333333333,Rule[Risk-adjusted momentum top-k]
2022-08,IEF,0.3333333333333333,Rule[Risk-adjusted momentum top-k]
2022-09,IEF,0.3333333333333333,Rule[Risk-adjusted momentum top-k]
2022-10,IEF,0.0,Rule[Risk-adjusted momentum top-k]
2022-11,IEF,0.0,Rule[Risk-adjusted momentum top-k]
2022-12,IEF,0.0,Rule[Risk-adjusted momentum top-k]
2023-01,IEF,0.0,Rule[Risk-adjusted momentum top-k]
2023-02,IEF,0.0,Rule[Risk-adjusted momentum top-k]
2023-03,IEF,0.0,Rule[Risk-adjusted momentum top-k]
2023-04,IEF,0.0,Rule[Risk-adjusted momentum top-k]
2023-05,IEF,0.0,Rule[Risk-adjusted momentum top-k]
2023-06,IEF,0.0,Rule[Risk-adjusted momentum top-k]
2023-07,IEF,0.0,Rule[Risk-adjusted momentum top-k]
2023-08,IEF,0.0,Rule[Risk-adjusted momentum top-k]
2023-09,IEF,0.0,Rule[Risk-adjusted momentum top-k]
2023-10,IEF,0.0,Rule[Risk-adjusted momentum top-k]
2023-11,IEF,0.0,Rule[Risk-adjusted momentum top-k]
2023-12,IEF,0.0,Rule[Risk-adjusted momentum top-k]
2024-01,IEF,0.0,Rule[Risk-adjusted momentum top-k]
2024-02,IEF,0.0,Rule[Risk-adjusted momentum top-k]
2024-03,IEF,0.0,Rule[Risk-adjusted momentum top-k]
2024-04,IEF,0.0,Rule[Risk-adjusted momentum top-k]
2024-05,IEF,0.0,Rule[Risk-adjusted momentum top-k]
2024-06,IEF,0.0,Rule[Risk-adjusted momentum top-k]
2024-07,IEF,0.0,Rule[Risk-adjusted momentum top-k]
2024-08,IEF,0.0,Rule[Risk-adjusted momentum top-k]
2024-09,IEF,0.0,Rule[Risk-adjusted momentum top-k]
2024-10,IEF,0.0,Rule[Risk-adjusted momentum top-k]
2024-11,IEF,0.0,Rule[Risk-adjusted momentum top-k]
2024-12,IEF,0.0,Rule[Risk-adjusted momentum top-k]
2025-01,IEF,0.0,Rule[Risk-adjusted momentum top-k]
2025-02,IEF,0.3333333333333333,Rule[Risk-adjusted momentum top-k]
2025-03,IEF,0.3333333333333333,Rule[Risk-adjusted momentum top-k]
2025-04,IEF,0.3333333333333333,Rule[Risk-adjusted momentum top-k]
2025-05,IEF,0.0,Rule[Risk-adjusted momentum top-k]
2025-06,IEF,0.0,Rule[Risk-adjusted momentum top-k]
2025-07,IEF,0.0,Rule[Risk-adjusted momentum top-k]
2025-08,IEF,0.0,Rule[Risk-adjusted momentum top-k]
2025-09,IEF,0.0,Rule[Risk-adjusted momentum top-k]
2025-10,IEF,0.0,Rule[Risk-adjusted momentum top-k]
2025-11,IEF,0.0,Rule[Risk-adjusted momentum top-k]
2025-12,IEF,0.0,Rule[Risk-adjusted momentum top-k]
2026-01,IEF,0.0,Rule[Risk-adjusted momentum top-k]
2026-02,IEF,0.0,Rule[Risk-adjusted momentum top-k]
2026-03,IEF,0.0,Rule[Risk-adjusted momentum top-k]
2020-01,IWM,0.0,Rule[Risk-adjusted momentum top-k]
2020-02,IWM,0.0,Rule[Risk-adjusted momentum top-k]
2020-03,IWM,0.0,Rule[Risk-adjusted momentum top-k]
2020-04,IWM,0.0,Rule[Risk-adjusted momentum top-k]
2020-05,IWM,0.0,Rule[Risk-adjusted momentum top-k]
2020-06,IWM,0.0,Rule[Risk-adjusted momentum top-k]
2020-07,IWM,0.0,Rule[Risk-adjusted momentum top-k]
2020-08,IWM,0.3333333333333333,Rule[Risk-adjusted momentum top-k]
2020-09,IWM,0.0,Rule[Risk-adjusted momentum top-k]
2020-10,IWM,0.3333333333333333,Rule[Risk-adjusted momentum top-k]
2020-11,IWM,0.3333333333333333,Rule[Risk-adjusted momentum top-k]
2020-12,IWM,0.3333333333333333,Rule[Risk-adjusted momentum top-k]
2021-01,IWM,0.3333333333333333,Rule[Risk-adjusted momentum top-k]
2021-02,IWM,0.3333333333333333,Rule[Risk-adjusted momentum top-k]
2021-03,IWM,0.3333333333333333,Rule[Risk-adjusted momentum top-k]
2021-04,IWM,0.3333333333333333,Rule[Risk-adjusted momentum top-k]
2021-05,IWM,0.0,Rule[Risk-adjusted momentum top-k]
2021-06,IWM,0.0,Rule[Risk-adjusted momentum top-k]
2021-07,IWM,0.0,Rule[Risk-adjusted momentum top-k]
2021-08,IWM,0.0,Rule[Risk-adjusted momentum top-k]
2021-09,IWM,0.0,Rule[Risk-adjusted momentum top-k]
2021-10,IWM,0.0,Rule[Risk-adjusted momentum top-k]
2021-11,IWM,0.0,Rule[Risk-adjusted momentum top-k]
2021-12,IWM,0.0,Rule[Risk-adjusted momentum top-k]
2022-01,IWM,0.0,Rule[Risk-adjusted momentum top-k]
2022-02,IWM,0.0,Rule[Risk-adjusted momentum top-k]
2022-03,IWM,0.0,Rule[Risk-adjusted momentum top-k]
2022-04,IWM,0.0,Rule[Risk-adjusted momentum top-k]
2022-05,IWM,0.0,Rule[Risk-adjusted momentum top-k]
2022-06,IWM,0.0,Rule[Risk-adjusted momentum top-k]
2022-07,IWM,0.3333333333333333,Rule[Risk-adjusted momentum top-k]
2022-08,IWM,0.3333333333333333,Rule[Risk-adjusted momentum top-k]
2022-09,IWM,0.0,Rule[Risk-adjusted momentum top-k]
2022-10,IWM,0.3333333333333333,Rule[Risk-adjusted momentum top-k]
2022-11,IWM,0.3333333333333333,Rule[Risk-adjusted momentum top-k]
2022-12,IWM,0.0,Rule[Risk-adjusted momentum top-k]
2023-01,IWM,0.3333333333333333,Rule[Risk-adjusted momentum top-k]
2023-02,IWM,0.3333333333333333,Rule[Risk-adjusted momentum top-k]
2023-03,IWM,0.0,Rule[Risk-adjusted momentum top-k]
2023-04,IWM,0.0,Rule[Risk-adjusted momentum top-k]
2023-05,IWM,0.0,Rule[Risk-adjusted momentum top-k]
2023-06,IWM,0.3333333333333333,Rule[Risk-adjusted momentum top-k]
2023-07,IWM,0.3333333333333333,Rule[Risk-adjusted momentum top-k]
2023-08,IWM,0.3333333333333333,Rule[Risk-adjusted momentum top-k]
2023-09,IWM,0.0,Rule[Risk-adjusted momentum top-k]
2023-10,IWM,0.0,Rule[Risk-adjusted momentum top-k]
2023-11,IWM,0.0,Rule[Risk-adjusted momentum top-k]
2023-12,IWM,0.3333333333333333,Rule[Risk-adjusted momentum top-k]
2024-01,IWM,0.0,Rule[Risk-adjusted momentum top-k]
2024-02,IWM,0.3333333333333333,Rule[Risk-adjusted momentum top-k]
2024-03,IWM,0.3333333333333333,Rule[Risk-adjusted momentum top-k]
2024-04,IWM,0.0,Rule[Risk-adjusted momentum top-k]
2024-05,IWM,0.0,Rule[Risk-adjusted momentum top-k]
2024-06,IWM,0.0,Rule[Risk-adjusted momentum top-k]
2024-07,IWM,0.3333333333333333,Rule[Risk-adjusted momentum top-k]
2024-08,IWM,0.3333333333333333,Rule[Risk-adjusted momentum top-k]
2024-09,IWM,0.0,Rule[Risk-adjusted momentum top-k]
2024-10,IWM,0.0,Rule[Risk-adjusted momentum top-k]
2024-11,IWM,0.3333333333333333,Rule[Risk-adjusted momentum top-k]
2024-12,IWM,0.0,Rule[Risk-adjusted momentum top-k]
2025-01,IWM,0.0,Rule[Risk-adjusted momentum top-k]
2025-02,IWM,0.0,Rule[Risk-adjusted momentum top-k]
2025-03,IWM,0.0,Rule[Risk-adjusted momentum top-k]
2025-04,IWM,0.0,Rule[Risk-adjusted momentum top-k]
2025-05,IWM,0.0,Rule[Risk-adjusted momentum top-k]
2025-06,IWM,0.0,Rule[Risk-adjusted momentum top-k]
2025-07,IWM,0.0,Rule[Risk-adjusted momentum top-k]
2025-08,IWM,0.3333333333333333,Rule[Risk-adjusted momentum top-k]
2025-09,IWM,0.3333333333333333,Rule[Risk-adjusted momentum top-k]
2025-10,IWM,0.0,Rule[Risk-adjusted momentum top-k]
2025-11,IWM,0.3333333333333333,Rule[Risk-adjusted momentum top-k]
2025-12,IWM,0.3333333333333333,Rule[Risk-adjusted momentum top-k]
2026-01,IWM,0.3333333333333333,Rule[Risk-adjusted momentum top-k]
2026-02,IWM,0.0,Rule[Risk-adjusted momentum top-k]
2026-03,IWM,0.0,Rule[Risk-adjusted momentum top-k]
2020-01,QQQ,0.3333333333333333,Rule[Risk-adjusted momentum top-k]
2020-02,QQQ,0.0,Rule[Risk-adjusted momentum top-k]
2020-03,QQQ,0.0,Rule[Risk-adjusted momentum top-k]
2020-04,QQQ,0.0,Rule[Risk-adjusted momentum top-k]
2020-05,QQQ,0.3333333333333333,Rule[Risk-adjusted momentum top-k]
2020-06,QQQ,0.3333333333333333,Rule[Risk-adjusted momentum top-k]
2020-07,QQQ,0.3333333333333333,Rule[Risk-adjusted momentum top-k]
2020-08,QQQ,0.3333333333333333,Rule[Risk-adjusted momentum top-k]
2020-09,QQQ,0.3333333333333333,Rule[Risk-adjusted momentum top-k]
2020-10,QQQ,0.3333333333333333,Rule[Risk-adjusted momentum top-k]
2020-11,QQQ,0.3333333333333333,Rule[Risk-adjusted momentum top-k]
2020-12,QQQ,0.3333333333333333,Rule[Risk-adjusted momentum top-k]
2021-01,QQQ,0.3333333333333333,Rule[Risk-adjusted momentum top-k]
2021-02,QQQ,0.0,Rule[Risk-adjusted momentum top-k]
2021-03,QQQ,0.0,Rule[Risk-adjusted momentum top-k]
2021-04,QQQ,0.0,Rule[Risk-adjusted momentum top-k]
2021-05,QQQ,0.0,Rule[Risk-adjusted momentum top-k]
2021-06,QQQ,0.3333333333333333,Rule[Risk-adjusted momentum top-k]
2021-07,QQQ,0.3333333333333333,Rule[Risk-adjusted momentum top-k]
2021-08,QQQ,0.3333333333333333,Rule[Risk-adjusted momentum top-k]
2021-09,QQQ,0.3333333333333333,Rule[Risk-adjusted momentum top-k]
2021-10,QQQ,0.3333333333333333,Rule[Risk-adjusted momentum top-k]
2021-11,QQQ,0.3333333333333333,Rule[Risk-adjusted momentum top-k]
2021-12,QQQ,0.3333333333333333,Rule[Risk-adjusted momentum top-k]
2022-01,QQQ,0.0,Rule[Risk-adjusted momentum top-k]
2022-02,QQQ,0.0,Rule[Risk-adjusted momentum top-k]
2022-03,QQQ,0.0,Rule[Risk-adjusted momentum top-k]
2022-04,QQQ,0.0,Rule[Risk-adjusted momentum top-k]
2022-05,QQQ,0.0,Rule[Risk-adjusted momentum top-k]
2022-06,QQQ,0.0,Rule[Risk-adjusted momentum top-k]
2022-07,QQQ,0.0,Rule[Risk-adjusted momentum top-k]
2022-08,QQQ,0.0,Rule[Risk-adjusted momentum top-k]
2022-09,QQQ,0.0,Rule[Risk-adjusted momentum top-k]
2022-10,QQQ,0.0,Rule[Risk-adjusted momentum top-k]
2022-11,QQQ,0.0,Rule[Risk-adjusted momentum top-k]
2022-12,QQQ,0.0,Rule[Risk-adjusted momentum top-k]
2023-01,QQQ,0.0,Rule[Risk-adjusted momentum top-k]
2023-02,QQQ,0.3333333333333333,Rule[Risk-adjusted momentum top-k]
2023-03,QQQ,0.3333333333333333,Rule[Risk-adjusted momentum top-k]
2023-04,QQQ,0.3333333333333333,Rule[Risk-adjusted momentum top-k]
2023-05,QQQ,0.3333333333333333,Rule[Risk-adjusted momentum top-k]
2023-06,QQQ,0.3333333333333333,Rule[Risk-adjusted momentum top-k]
2023-07,QQQ,0.3333333333333333,Rule[Risk-adjusted momentum top-k]
2023-08,QQQ,0.3333333333333333,Rule[Risk-adjusted momentum top-k]
2023-09,QQQ,0.3333333333333333,Rule[Risk-adjusted momentum top-k]
2023-10,QQQ,0.3333333333333333,Rule[Risk-adjusted momentum top-k]
2023-11,QQQ,0.3333333333333333,Rule[Risk-adjusted momentum top-k]
2023-12,QQQ,0.3333333333333333,Rule[Risk-adjusted momentum top-k]
2024-01,QQQ,0.3333333333333333,Rule[Risk-adjusted momentum top-k]
2024-02,QQQ,0.3333333333333333,Rule[Risk-adjusted momentum top-k]
2024-03,QQQ,0.3333333333333333,Rule[Risk-adjusted momentum top-k]
2024-04,QQQ,0.0,Rule[Risk-adjusted momentum top-k]
2024-05,QQQ,0.3333333333333333,Rule[Risk-adjusted momentum top-k]
2024-06,QQQ,0.3333333333333333,Rule[Risk-adjusted momentum top-k]
2024-07,QQQ,0.0,Rule[Risk-adjusted momentum top-k]
2024-08,QQQ,0.0,Rule[Risk-adjusted momentum top-k]
2024-09,QQQ,0.0,Rule[Risk-adjusted momentum top-k]
2024-10,QQQ,0.0,Rule[Risk-adjusted momentum top-k]
2024-11,QQQ,0.0,Rule[Risk-adjusted momentum top-k]
2024-12,QQQ,0.3333333333333333,Rule[Risk-adjusted momentum top-k]
2025-01,QQQ,0.3333333333333333,Rule[Risk-adjusted momentum top-k]
2025-02,QQQ,0.0,Rule[Risk-adjusted momentum top-k]
2025-03,QQQ,0.0,Rule[Risk-adjusted momentum top-k]
2025-04,QQQ,0.0,Rule[Risk-adjusted momentum top-k]
2025-05,QQQ,0.3333333333333333,Rule[Risk-adjusted momentum top-k]
2025-06,QQQ,0.3333333333333333,Rule[Risk-adjusted momentum top-k]
2025-07,QQQ,0.3333333333333333,Rule[Risk-adjusted momentum top-k]
2025-08,QQQ,0.3333333333333333,Rule[Risk-adjusted momentum top-k]
2025-09,QQQ,0.0,Rule[Risk-adjusted momentum top-k]
2025-10,QQQ,0.3333333333333333,Rule[Risk-adjusted momentum top-k]
2025-11,QQQ,0.3333333333333333,Rule[Risk-adjusted momentum top-k]
2025-12,QQQ,0.0,Rule[Risk-adjusted momentum top-k]
2026-01,QQQ,0.0,Rule[Risk-adjusted momentum top-k]
2026-02,QQQ,0.0,Rule[Risk-adjusted momentum top-k]
2026-03,QQQ,0.0,Rule[Risk-adjusted momentum top-k]
2020-01,SPY,0.3333333333333333,Rule[Risk-adjusted momentum top-k]
2020-02,SPY,0.0,Rule[Risk-adjusted momentum top-k]
2020-03,SPY,0.0,Rule[Risk-adjusted momentum top-k]
2020-04,SPY,0.0,Rule[Risk-adjusted momentum top-k]
2020-05,SPY,0.0,Rule[Risk-adjusted momentum top-k]
2020-06,SPY,0.0,Rule[Risk-adjusted momentum top-k]
2020-07,SPY,0.0,Rule[Risk-adjusted momentum top-k]
2020-08,SPY,0.3333333333333333,Rule[Risk-adjusted momentum top-k]
2020-09,SPY,0.3333333333333333,Rule[Risk-adjusted momentum top-k]
2020-10,SPY,0.0,Rule[Risk-adjusted momentum top-k]
2020-11,SPY,0.0,Rule[Risk-adjusted momentum top-k]
2020-12,SPY,0.0,Rule[Risk-adjusted momentum top-k]
2021-01,SPY,0.0,Rule[Risk-adjusted momentum top-k]
2021-02,SPY,0.0,Rule[Risk-adjusted momentum top-k]
2021-03,SPY,0.3333333333333333,Rule[Risk-adjusted momentum top-k]
2021-04,SPY,0.3333333333333333,Rule[Risk-adjusted momentum top-k]
2021-05,SPY,0.3333333333333333,Rule[Risk-adjusted momentum top-k]
2021-06,SPY,0.3333333333333333,Rule[Risk-adjusted momentum top-k]
2021-07,SPY,0.3333333333333333,Rule[Risk-adjusted momentum top-k]
2021-08,SPY,0.3333333333333333,Rule[Risk-adjusted momentum top-k]
2021-09,SPY,0.0,Rule[Risk-adjusted momentum top-k]
2021-10,SPY,0.3333333333333333,Rule[Risk-adjusted momentum top-k]
2021-11,SPY,0.3333333333333333,Rule[Risk-adjusted momentum top-k]
2021-12,SPY,0.3333333333333333,Rule[Risk-adjusted momentum top-k]
2022-01,SPY,0.3333333333333333,Rule[Risk-adjusted momentum top-k]
2022-02,SPY,0.0,Rule[Risk-adjusted momentum top-k]
2022-03,SPY,0.3333333333333333,Rule[Risk-adjusted momentum top-k]
2022-04,SPY,0.0,Rule[Risk-adjusted momentum top-k]
2022-05,SPY,0.0,Rule[Risk-adjusted momentum top-k]
2022-06,SPY,0.0,Rule[Risk-adjusted momentum top-k]
2022-07,SPY,0.0,Rule[Risk-adjusted momentum top-k]
2022-08,SPY,0.0,Rule[Risk-adjusted momentum top-k]
2022-09,SPY,0.0,Rule[Risk-adjusted momentum top-k]
2022-10,SPY,0.3333333333333333,Rule[Risk-adjusted momentum top-k]
2022-11,SPY,0.3333333333333333,Rule[Risk-adjusted momentum top-k]
2022-12,SPY,0.0,Rule[Risk-adjusted momentum top-k]
2023-01,SPY,0.0,Rule[Risk-adjusted momentum top-k]
2023-02,SPY,0.0,Rule[Risk-adjusted momentum top-k]
2023-03,SPY,0.3333333333333333,Rule[Risk-adjusted momentum top-k]
2023-04,SPY,0.3333333333333333,Rule[Risk-adjusted momentum top-k]
2023-05,SPY,0.3333333333333333,Rule[Risk-adjusted momentum top-k]
2023-06,SPY,0.3333333333333333,Rule[Risk-adjusted momentum top-k]
2023-07,SPY,0.3333333333333333,Rule[Risk-adjusted momentum top-k]
2023-08,SPY,0.3333333333333333,Rule[Risk-adjusted momentum top-k]
2023-09,SPY,0.3333333333333333,Rule[Risk-adjusted momentum top-k]
2023-10,SPY,0.0,Rule[Risk-adjusted momentum top-k]
2023-11,SPY,0.3333333333333333,Rule[Risk-adjusted momentum top-k]
2023-12,SPY,0.0,Rule[Risk-adjusted momentum top-k]
2024-01,SPY,0.3333333333333333,Rule[Risk-adjusted momentum top-k]
2024-02,SPY,0.3333333333333333,Rule[Risk-adjusted momentum top-k]
2024-03,SPY,0.3333333333333333,Rule[Risk-adjusted momentum top-k]
2024-04,SPY,0.3333333333333333,Rule[Risk-adjusted momentum top-k]
2024-05,SPY,0.3333333333333333,Rule[Risk-adjusted momentum top-k]
2024-06,SPY,0.3333333333333333,Rule[Risk-adjusted momentum top-k]
2024-07,SPY,0.0,Rule[Risk-adjusted momentum top-k]
2024-08,SPY,0.0,Rule[Risk-adjusted momentum top-k]
2024-09,SPY,0.0,Rule[Risk-adjusted momentum top-k]
2024-10,SPY,0.3333333333333333,Rule[Risk-adjusted momentum top-k]
2024-11,SPY,0.3333333333333333,Rule[Risk-adjusted momentum top-k]
2024-12,SPY,0.3333333333333333,Rule[Risk-adjusted momentum top-k]
2025-01,SPY,0.3333333333333333,Rule[Risk-adjusted momentum top-k]
2025-02,SPY,0.0,Rule[Risk-adjusted momentum top-k]
2025-03,SPY,0.0,Rule[Risk-adjusted momentum top-k]
2025-04,SPY,0.0,Rule[Risk-adjusted momentum top-k]
2025-05,SPY,0.0,Rule[Risk-adjusted momentum top-k]
2025-06,SPY,0.0,Rule[Risk-adjusted momentum top-k]
2025-07,SPY,0.3333333333333333,Rule[Risk-adjusted momentum top-k]
2025-08,SPY,0.3333333333333333,Rule[Risk-adjusted momentum top-k]
2025-09,SPY,0.0,Rule[Risk-adjusted momentum top-k]
2025-10,SPY,0.0,Rule[Risk-adjusted momentum top-k]
2025-11,SPY,0.0,Rule[Risk-adjusted momentum top-k]
2025-12,SPY,0.0,Rule[Risk-adjusted momentum top-k]
2026-01,SPY,0.0,Rule[Risk-adjusted momentum top-k]
2026-02,SPY,0.0,Rule[Risk-adjusted momentum top-k]
2026-03,SPY,0.0,Rule[Risk-adjusted momentum top-k]
2020-01,TLT,0.0,Rule[Risk-adjusted momentum top-k]
2020-02,TLT,0.3333333333333333,Rule[Risk-adjusted momentum top-k]
2020-03,TLT,0.3333333333333333,Rule[Risk-adjusted momentum top-k]
2020-04,TLT,0.3333333333333333,Rule[Risk-adjusted momentum top-k]
2020-05,TLT,0.3333333333333333,Rule[Risk-adjusted momentum top-k]
2020-06,TLT,0.3333333333333333,Rule[Risk-adjusted momentum top-k]
2020-07,TLT,0.0,Rule[Risk-adjusted momentum top-k]
2020-08,TLT,0.0,Rule[Risk-adjusted momentum top-k]
2020-09,TLT,0.0,Rule[Risk-adjusted momentum top-k]
2020-10,TLT,0.0,Rule[Risk-adjusted momentum top-k]
2020-11,TLT,0.0,Rule[Risk-adjusted momentum top-k]
2020-12,TLT,0.0,Rule[Risk-adjusted momentum top-k]
2021-01,TLT,0.0,Rule[Risk-adjusted momentum top-k]
2021-02,TLT,0.0,Rule[Risk-adjusted momentum top-k]
2021-03,TLT,0.0,Rule[Risk-adjusted momentum top-k]
2021-04,TLT,0.0,Rule[Risk-adjusted momentum top-k]
2021-05,TLT,0.0,Rule[Risk-adjusted momentum top-k]
2021-06,TLT,0.0,Rule[Risk-adjusted momentum top-k]
2021-07,TLT,0.0,Rule[Risk-adjusted momentum top-k]
2021-08,TLT,0.0,Rule[Risk-adjusted momentum top-k]
2021-09,TLT,0.3333333333333333,Rule[Risk-adjusted momentum top-k]
2021-10,TLT,0.0,Rule[Risk-adjusted momentum top-k]
2021-11,TLT,0.3333333333333333,Rule[Risk-adjusted momentum top-k]
2021-12,TLT,0.0,Rule[Risk-adjusted momentum top-k]
2022-01,TLT,0.0,Rule[Risk-adjusted momentum top-k]
2022-02,TLT,0.0,Rule[Risk-adjusted momentum top-k]
2022-03,TLT,0.0,Rule[Risk-adjusted momentum top-k]
2022-04,TLT,0.0,Rule[Risk-adjusted momentum top-k]
2022-05,TLT,0.0,Rule[Risk-adjusted momentum top-k]
2022-06,TLT,0.0,Rule[Risk-adjusted momentum top-k]
2022-07,TLT,0.0,Rule[Risk-adjusted momentum top-k]
2022-08,TLT,0.0,Rule[Risk-adjusted momentum top-k]
2022-09,TLT,0.0,Rule[Risk-adjusted momentum top-k]
2022-10,TLT,0.0,Rule[Risk-adjusted momentum top-k]
2022-11,TLT,0.0,Rule[Risk-adjusted momentum top-k]
2022-12,TLT,0.0,Rule[Risk-adjusted momentum top-k]
2023-01,TLT,0.0,Rule[Risk-adjusted momentum top-k]
2023-02,TLT,0.0,Rule[Risk-adjusted momentum top-k]
2023-03,TLT,0.0,Rule[Risk-adjusted momentum top-k]
2023-04,TLT,0.0,Rule[Risk-adjusted momentum top-k]
2023-05,TLT,0.0,Rule[Risk-adjusted momentum top-k]
2023-06,TLT,0.0,Rule[Risk-adjusted momentum top-k]
2023-07,TLT,0.0,Rule[Risk-adjusted momentum top-k]
2023-08,TLT,0.0,Rule[Risk-adjusted momentum top-k]
2023-09,TLT,0.0,Rule[Risk-adjusted momentum top-k]
2023-10,TLT,0.0,Rule[Risk-adjusted momentum top-k]
2023-11,TLT,0.0,Rule[Risk-adjusted momentum top-k]
2023-12,TLT,0.0,Rule[Risk-adjusted momentum top-k]
2024-01,TLT,0.3333333333333333,Rule[Risk-adjusted momentum top-k]
2024-02,TLT,0.0,Rule[Risk-adjusted momentum top-k]
2024-03,TLT,0.0,Rule[Risk-adjusted momentum top-k]
2024-04,TLT,0.0,Rule[Risk-adjusted momentum top-k]
2024-05,TLT,0.0,Rule[Risk-adjusted momentum top-k]
2024-06,TLT,0.0,Rule[Risk-adjusted momentum top-k]
2024-07,TLT,0.0,Rule[Risk-adjusted momentum top-k]
2024-08,TLT,0.0,Rule[Risk-adjusted momentum top-k]
2024-09,TLT,0.0,Rule[Risk-adjusted momentum top-k]
2024-10,TLT,0.0,Rule[Risk-adjusted momentum top-k]
2024-11,TLT,0.0,Rule[Risk-adjusted momentum top-k]
2024-12,TLT,0.0,Rule[Risk-adjusted momentum top-k]
2025-01,TLT,0.0,Rule[Risk-adjusted momentum top-k]
2025-02,TLT,0.0,Rule[Risk-adjusted momentum top-k]
2025-03,TLT,0.3333333333333333,Rule[Risk-adjusted momentum top-k]
2025-04,TLT,0.0,Rule[Risk-adjusted momentum top-k]
2025-05,TLT,0.0,Rule[Risk-adjusted momentum top-k]
2025-06,TLT,0.0,Rule[Risk-adjusted momentum top-k]
2025-07,TLT,0.0,Rule[Risk-adjusted momentum top-k]
2025-08,TLT,0.0,Rule[Risk-adjusted momentum top-k]
2025-09,TLT,0.0,Rule[Risk-adjusted momentum top-k]
2025-10,TLT,0.0,Rule[Risk-adjusted momentum top-k]
2025-11,TLT,0.0,Rule[Risk-adjusted momentum top-k]
2025-12,TLT,0.0,Rule[Risk-adjusted momentum top-k]
2026-01,TLT,0.0,Rule[Risk-adjusted momentum top-k]
2026-02,TLT,0.0,Rule[Risk-adjusted momentum top-k]
2026-03,TLT,0.0,Rule[Risk-adjusted momentum top-k]
2020-01,VNQ,0.0,Rule[Risk-adjusted momentum top-k]
2020-02,VNQ,0.0,Rule[Risk-adjusted momentum top-k]
2020-03,VNQ,0.0,Rule[Risk-adjusted momentum top-k]
2020-04,VNQ,0.0,Rule[Risk-adjusted momentum top-k]
2020-05,VNQ,0.0,Rule[Risk-adjusted momentum top-k]
2020-06,VNQ,0.0,Rule[Risk-adjusted momentum top-k]
2020-07,VNQ,0.0,Rule[Risk-adjusted momentum top-k]
2020-08,VNQ,0.0,Rule[Risk-adjusted momentum top-k]
2020-09,VNQ,0.0,Rule[Risk-adjusted momentum top-k]
2020-10,VNQ,0.0,Rule[Risk-adjusted momentum top-k]
2020-11,VNQ,0.0,Rule[Risk-adjusted momentum top-k]
2020-12,VNQ,0.0,Rule[Risk-adjusted momentum top-k]
2021-01,VNQ,0.0,Rule[Risk-adjusted momentum top-k]
2021-02,VNQ,0.3333333333333333,Rule[Risk-adjusted momentum top-k]
2021-03,VNQ,0.3333333333333333,Rule[Risk-adjusted momentum top-k]
2021-04,VNQ,0.3333333333333333,Rule[Risk-adjusted momentum top-k]
2021-05,VNQ,0.3333333333333333,Rule[Risk-adjusted momentum top-k]
2021-06,VNQ,0.3333333333333333,Rule[Risk-adjusted momentum top-k]
2021-07,VNQ,0.3333333333333333,Rule[Risk-adjusted momentum top-k]
2021-08,VNQ,0.3333333333333333,Rule[Risk-adjusted momentum top-k]
2021-09,VNQ,0.0,Rule[Risk-adjusted momentum top-k]
2021-10,VNQ,0.3333333333333333,Rule[Risk-adjusted momentum top-k]
2021-11,VNQ,0.0,Rule[Risk-adjusted momentum top-k]
2021-12,VNQ,0.3333333333333333,Rule[Risk-adjusted momentum top-k]
2022-01,VNQ,0.3333333333333333,Rule[Risk-adjusted momentum top-k]
2022-02,VNQ,0.0,Rule[Risk-adjusted momentum top-k]
2022-03,VNQ,0.3333333333333333,Rule[Risk-adjusted momentum top-k]
2022-04,VNQ,0.3333333333333333,Rule[Risk-adjusted momentum top-k]
2022-05,VNQ,0.0,Rule[Risk-adjusted momentum top-k]
2022-06,VNQ,0.0,Rule[Risk-adjusted momentum top-k]
2022-07,VNQ,0.0,Rule[Risk-adjusted momentum top-k]
2022-08,VNQ,0.0,Rule[Risk-adjusted momentum top-k]
2022-09,VNQ,0.0,Rule[Risk-adjusted momentum top-k]
2022-10,VNQ,0.0,Rule[Risk-adjusted momentum top-k]
2022-11,VNQ,0.0,Rule[Risk-adjusted momentum top-k]
2022-12,VNQ,0.0,Rule[Risk-adjusted momentum top-k]
2023-01,VNQ,0.0,Rule[Risk-adjusted momentum top-k]
2023-02,VNQ,0.0,Rule[Risk-adjusted momentum top-k]
2023-03,VNQ,0.0,Rule[Risk-adjusted momentum top-k]
2023-04,VNQ,0.0,Rule[Risk-adjusted momentum top-k]
2023-05,VNQ,0.0,Rule[Risk-adjusted momentum top-k]
2023-06,VNQ,0.0,Rule[Risk-adjusted momentum top-k]
2023-07,VNQ,0.0,Rule[Risk-adjusted momentum top-k]
2023-08,VNQ,0.0,Rule[Risk-adjusted momentum top-k]
2023-09,VNQ,0.0,Rule[Risk-adjusted momentum top-k]
2023-10,VNQ,0.0,Rule[Risk-adjusted momentum top-k]
2023-11,VNQ,0.0,Rule[Risk-adjusted momentum top-k]
2023-12,VNQ,0.3333333333333333,Rule[Risk-adjusted momentum top-k]
2024-01,VNQ,0.0,Rule[Risk-adjusted momentum top-k]
2024-02,VNQ,0.0,Rule[Risk-adjusted momentum top-k]
2024-03,VNQ,0.0,Rule[Risk-adjusted momentum top-k]
2024-04,VNQ,0.0,Rule[Risk-adjusted momentum top-k]
2024-05,VNQ,0.0,Rule[Risk-adjusted momentum top-k]
2024-06,VNQ,0.0,Rule[Risk-adjusted momentum top-k]
2024-07,VNQ,0.3333333333333333,Rule[Risk-adjusted momentum top-k]
2024-08,VNQ,0.3333333333333333,Rule[Risk-adjusted momentum top-k]
2024-09,VNQ,0.3333333333333333,Rule[Risk-adjusted momentum top-k]
2024-10,VNQ,0.3333333333333333,Rule[Risk-adjusted momentum top-k]
2024-11,VNQ,0.3333333333333333,Rule[Risk-adjusted momentum top-k]
2024-12,VNQ,0.0,Rule[Risk-adjusted momentum top-k]
2025-01,VNQ,0.0,Rule[Risk-adjusted momentum top-k]
2025-02,VNQ,0.0,Rule[Risk-adjusted momentum top-k]
2025-03,VNQ,0.0,Rule[Risk-adjusted momentum top-k]
2025-04,VNQ,0.0,Rule[Risk-adjusted momentum top-k]
2025-05,VNQ,0.0,Rule[Risk-adjusted momentum top-k]
2025-06,VNQ,0.0,Rule[Risk-adjusted momentum top-k]
2025-07,VNQ,0.0,Rule[Risk-adjusted momentum top-k]
2025-08,VNQ,0.0,Rule[Risk-adjusted momentum top-k]
2025-09,VNQ,0.0,Rule[Risk-adjusted momentum top-k]
2025-10,VNQ,0.0,Rule[Risk-adjusted momentum top-k]
2025-11,VNQ,0.0,Rule[Risk-adjusted momentum top-k]
2025-12,VNQ,0.0,Rule[Risk-adjusted momentum top-k]
2026-01,VNQ,0.0,Rule[Risk-adjusted momentum top-k]
2026-02,VNQ,0.3333333333333333,Rule[Risk-adjusted momentum top-k]
2026-03,VNQ,0.0,Rule[Risk-adjusted momentum top-k]
2020-01,EEM,0.0,TabICL[Direct allocation scorer]
2020-02,EEM,0.0,TabICL[Direct allocation scorer]
2020-03,EEM,0.0,TabICL[Direct allocation scorer]
2020-04,EEM,0.0,TabICL[Direct allocation scorer]
2020-05,EEM,0.0,TabICL[Direct allocation scorer]
2020-06,EEM,0.0,TabICL[Direct allocation scorer]
2020-07,EEM,0.0,TabICL[Direct allocation scorer]
2020-08,EEM,0.0,TabICL[Direct allocation scorer]
2020-09,EEM,0.0,TabICL[Direct allocation scorer]
2020-10,EEM,0.0,TabICL[Direct allocation scorer]
2020-11,EEM,0.0,TabICL[Direct allocation scorer]
2020-12,EEM,0.0,TabICL[Direct allocation scorer]
2021-01,EEM,0.0,TabICL[Direct allocation scorer]
2021-02,EEM,0.0,TabICL[Direct allocation scorer]
2021-03,EEM,0.0,TabICL[Direct allocation scorer]
2021-04,EEM,0.3333333333333333,TabICL[Direct allocation scorer]
2021-05,EEM,0.3333333333333333,TabICL[Direct allocation scorer]
2021-06,EEM,0.3333333333333333,TabICL[Direct allocation scorer]
2021-07,EEM,0.0,TabICL[Direct allocation scorer]
2021-08,EEM,0.3333333333333333,TabICL[Direct allocation scorer]
2021-09,EEM,0.0,TabICL[Direct allocation scorer]
2021-10,EEM,0.0,TabICL[Direct allocation scorer]
2021-11,EEM,0.0,TabICL[Direct allocation scorer]
2021-12,EEM,0.0,TabICL[Direct allocation scorer]
2022-01,EEM,0.0,TabICL[Direct allocation scorer]
2022-02,EEM,0.0,TabICL[Direct allocation scorer]
2022-03,EEM,0.0,TabICL[Direct allocation scorer]
2022-04,EEM,0.0,TabICL[Direct allocation scorer]
2022-05,EEM,0.0,TabICL[Direct allocation scorer]
2022-06,EEM,0.0,TabICL[Direct allocation scorer]
2022-07,EEM,0.0,TabICL[Direct allocation scorer]
2022-08,EEM,0.0,TabICL[Direct allocation scorer]
2022-09,EEM,0.0,TabICL[Direct allocation scorer]
2022-10,EEM,0.0,TabICL[Direct allocation scorer]
2022-11,EEM,0.0,TabICL[Direct allocation scorer]
2022-12,EEM,0.0,TabICL[Direct allocation scorer]
2023-01,EEM,0.0,TabICL[Direct allocation scorer]
2023-02,EEM,0.0,TabICL[Direct allocation scorer]
2023-03,EEM,0.0,TabICL[Direct allocation scorer]
2023-04,EEM,0.0,TabICL[Direct allocation scorer]
2023-05,EEM,0.0,TabICL[Direct allocation scorer]
2023-06,EEM,0.0,TabICL[Direct allocation scorer]
2023-07,EEM,0.0,TabICL[Direct allocation scorer]
2023-08,EEM,0.3333333333333333,TabICL[Direct allocation scorer]
2023-09,EEM,0.0,TabICL[Direct allocation scorer]
2023-10,EEM,0.0,TabICL[Direct allocation scorer]
2023-11,EEM,0.0,TabICL[Direct allocation scorer]
2023-12,EEM,0.3333333333333333,TabICL[Direct allocation scorer]
2024-01,EEM,0.3333333333333333,TabICL[Direct allocation scorer]
2024-02,EEM,0.0,TabICL[Direct allocation scorer]
2024-03,EEM,0.0,TabICL[Direct allocation scorer]
2024-04,EEM,0.0,TabICL[Direct allocation scorer]
2024-05,EEM,0.0,TabICL[Direct allocation scorer]
2024-06,EEM,0.0,TabICL[Direct allocation scorer]
2024-07,EEM,0.3333333333333333,TabICL[Direct allocation scorer]
2024-08,EEM,0.3333333333333333,TabICL[Direct allocation scorer]
2024-09,EEM,0.0,TabICL[Direct allocation scorer]
2024-10,EEM,0.0,TabICL[Direct allocation scorer]
2024-11,EEM,0.0,TabICL[Direct allocation scorer]
2024-12,EEM,0.0,TabICL[Direct allocation scorer]
2025-01,EEM,0.0,TabICL[Direct allocation scorer]
2025-02,EEM,0.3333333333333333,TabICL[Direct allocation scorer]
2025-03,EEM,0.0,TabICL[Direct allocation scorer]
2025-04,EEM,0.0,TabICL[Direct allocation scorer]
2025-05,EEM,0.0,TabICL[Direct allocation scorer]
2025-06,EEM,0.0,TabICL[Direct allocation scorer]
2025-07,EEM,0.3333333333333333,TabICL[Direct allocation scorer]
2025-08,EEM,0.3333333333333333,TabICL[Direct allocation scorer]
2025-09,EEM,0.0,TabICL[Direct allocation scorer]
2025-10,EEM,0.0,TabICL[Direct allocation scorer]
2025-11,EEM,0.3333333333333333,TabICL[Direct allocation scorer]
2025-12,EEM,0.0,TabICL[Direct allocation scorer]
2026-01,EEM,0.0,TabICL[Direct allocation scorer]
2026-02,EEM,0.0,TabICL[Direct allocation scorer]
2026-03,EEM,0.0,TabICL[Direct allocation scorer]
2020-01,GLD,0.0,TabICL[Direct allocation scorer]
2020-02,GLD,0.0,TabICL[Direct allocation scorer]
2020-03,GLD,0.0,TabICL[Direct allocation scorer]
2020-04,GLD,0.0,TabICL[Direct allocation scorer]
2020-05,GLD,0.0,TabICL[Direct allocation scorer]
2020-06,GLD,0.0,TabICL[Direct allocation scorer]
2020-07,GLD,0.0,TabICL[Direct allocation scorer]
2020-08,GLD,0.0,TabICL[Direct allocation scorer]
2020-09,GLD,0.0,TabICL[Direct allocation scorer]
2020-10,GLD,0.0,TabICL[Direct allocation scorer]
2020-11,GLD,0.0,TabICL[Direct allocation scorer]
2020-12,GLD,0.3333333333333333,TabICL[Direct allocation scorer]
2021-01,GLD,0.0,TabICL[Direct allocation scorer]
2021-02,GLD,0.0,TabICL[Direct allocation scorer]
2021-03,GLD,0.0,TabICL[Direct allocation scorer]
2021-04,GLD,0.0,TabICL[Direct allocation scorer]
2021-05,GLD,0.0,TabICL[Direct allocation scorer]
2021-06,GLD,0.0,TabICL[Direct allocation scorer]
2021-07,GLD,0.0,TabICL[Direct allocation scorer]
2021-08,GLD,0.0,TabICL[Direct allocation scorer]
2021-09,GLD,0.0,TabICL[Direct allocation scorer]
2021-10,GLD,0.0,TabICL[Direct allocation scorer]
2021-11,GLD,0.0,TabICL[Direct allocation scorer]
2021-12,GLD,0.0,TabICL[Direct allocation scorer]
2022-01,GLD,0.0,TabICL[Direct allocation scorer]
2022-02,GLD,0.0,TabICL[Direct allocation scorer]
2022-03,GLD,0.0,TabICL[Direct allocation scorer]
2022-04,GLD,0.0,TabICL[Direct allocation scorer]
2022-05,GLD,0.0,TabICL[Direct allocation scorer]
2022-06,GLD,0.0,TabICL[Direct allocation scorer]
2022-07,GLD,0.0,TabICL[Direct allocation scorer]
2022-08,GLD,0.0,TabICL[Direct allocation scorer]
2022-09,GLD,0.0,TabICL[Direct allocation scorer]
2022-10,GLD,0.0,TabICL[Direct allocation scorer]
2022-11,GLD,0.0,TabICL[Direct allocation scorer]
2022-12,GLD,0.0,TabICL[Direct allocation scorer]
2023-01,GLD,0.0,TabICL[Direct allocation scorer]
2023-02,GLD,0.0,TabICL[Direct allocation scorer]
2023-03,GLD,0.0,TabICL[Direct allocation scorer]
2023-04,GLD,0.0,TabICL[Direct allocation scorer]
2023-05,GLD,0.0,TabICL[Direct allocation scorer]
2023-06,GLD,0.0,TabICL[Direct allocation scorer]
2023-07,GLD,0.3333333333333333,TabICL[Direct allocation scorer]
2023-08,GLD,0.0,TabICL[Direct allocation scorer]
2023-09,GLD,0.0,TabICL[Direct allocation scorer]
2023-10,GLD,0.0,TabICL[Direct allocation scorer]
2023-11,GLD,0.0,TabICL[Direct allocation scorer]
2023-12,GLD,0.0,TabICL[Direct allocation scorer]
2024-01,GLD,0.0,TabICL[Direct allocation scorer]
2024-02,GLD,0.3333333333333333,TabICL[Direct allocation scorer]
2024-03,GLD,0.0,TabICL[Direct allocation scorer]
2024-04,GLD,0.0,TabICL[Direct allocation scorer]
2024-05,GLD,0.0,TabICL[Direct allocation scorer]
2024-06,GLD,0.3333333333333333,TabICL[Direct allocation scorer]
2024-07,GLD,0.0,TabICL[Direct allocation scorer]
2024-08,GLD,0.0,TabICL[Direct allocation scorer]
2024-09,GLD,0.0,TabICL[Direct allocation scorer]
2024-10,GLD,0.0,TabICL[Direct allocation scorer]
2024-11,GLD,0.3333333333333333,TabICL[Direct allocation scorer]
2024-12,GLD,0.3333333333333333,TabICL[Direct allocation scorer]
2025-01,GLD,0.0,TabICL[Direct allocation scorer]
2025-02,GLD,0.0,TabICL[Direct allocation scorer]
2025-03,GLD,0.0,TabICL[Direct allocation scorer]
2025-04,GLD,0.0,TabICL[Direct allocation scorer]
2025-05,GLD,0.0,TabICL[Direct allocation scorer]
2025-06,GLD,0.3333333333333333,TabICL[Direct allocation scorer]
2025-07,GLD,0.0,TabICL[Direct allocation scorer]
2025-08,GLD,0.0,TabICL[Direct allocation scorer]
2025-09,GLD,0.0,TabICL[Direct allocation scorer]
2025-10,GLD,0.0,TabICL[Direct allocation scorer]
2025-11,GLD,0.0,TabICL[Direct allocation scorer]
2025-12,GLD,0.0,TabICL[Direct allocation scorer]
2026-01,GLD,0.0,TabICL[Direct allocation scorer]
2026-02,GLD,0.0,TabICL[Direct allocation scorer]
2026-03,GLD,0.0,TabICL[Direct allocation scorer]
2020-01,HYG,0.0,TabICL[Direct allocation scorer]
2020-02,HYG,0.0,TabICL[Direct allocation scorer]
2020-03,HYG,0.0,TabICL[Direct allocation scorer]
2020-04,HYG,0.0,TabICL[Direct allocation scorer]
2020-05,HYG,0.0,TabICL[Direct allocation scorer]
2020-06,HYG,0.0,TabICL[Direct allocation scorer]
2020-07,HYG,0.0,TabICL[Direct allocation scorer]
2020-08,HYG,0.0,TabICL[Direct allocation scorer]
2020-09,HYG,0.0,TabICL[Direct allocation scorer]
2020-10,HYG,0.0,TabICL[Direct allocation scorer]
2020-11,HYG,0.0,TabICL[Direct allocation scorer]
2020-12,HYG,0.0,TabICL[Direct allocation scorer]
2021-01,HYG,0.0,TabICL[Direct allocation scorer]
2021-02,HYG,0.0,TabICL[Direct allocation scorer]
2021-03,HYG,0.0,TabICL[Direct allocation scorer]
2021-04,HYG,0.0,TabICL[Direct allocation scorer]
2021-05,HYG,0.0,TabICL[Direct allocation scorer]
2021-06,HYG,0.0,TabICL[Direct allocation scorer]
2021-07,HYG,0.0,TabICL[Direct allocation scorer]
2021-08,HYG,0.0,TabICL[Direct allocation scorer]
2021-09,HYG,0.0,TabICL[Direct allocation scorer]
2021-10,HYG,0.0,TabICL[Direct allocation scorer]
2021-11,HYG,0.0,TabICL[Direct allocation scorer]
2021-12,HYG,0.0,TabICL[Direct allocation scorer]
2022-01,HYG,0.0,TabICL[Direct allocation scorer]
2022-02,HYG,0.0,TabICL[Direct allocation scorer]
2022-03,HYG,0.0,TabICL[Direct allocation scorer]
2022-04,HYG,0.0,TabICL[Direct allocation scorer]
2022-05,HYG,0.0,TabICL[Direct allocation scorer]
2022-06,HYG,0.0,TabICL[Direct allocation scorer]
2022-07,HYG,0.0,TabICL[Direct allocation scorer]
2022-08,HYG,0.0,TabICL[Direct allocation scorer]
2022-09,HYG,0.0,TabICL[Direct allocation scorer]
2022-10,HYG,0.0,TabICL[Direct allocation scorer]
2022-11,HYG,0.0,TabICL[Direct allocation scorer]
2022-12,HYG,0.0,TabICL[Direct allocation scorer]
2023-01,HYG,0.0,TabICL[Direct allocation scorer]
2023-02,HYG,0.0,TabICL[Direct allocation scorer]
2023-03,HYG,0.0,TabICL[Direct allocation scorer]
2023-04,HYG,0.0,TabICL[Direct allocation scorer]
2023-05,HYG,0.0,TabICL[Direct allocation scorer]
2023-06,HYG,0.0,TabICL[Direct allocation scorer]
2023-07,HYG,0.0,TabICL[Direct allocation scorer]
2023-08,HYG,0.0,TabICL[Direct allocation scorer]
2023-09,HYG,0.0,TabICL[Direct allocation scorer]
2023-10,HYG,0.0,TabICL[Direct allocation scorer]
2023-11,HYG,0.0,TabICL[Direct allocation scorer]
2023-12,HYG,0.0,TabICL[Direct allocation scorer]
2024-01,HYG,0.0,TabICL[Direct allocation scorer]
2024-02,HYG,0.0,TabICL[Direct allocation scorer]
2024-03,HYG,0.0,TabICL[Direct allocation scorer]
2024-04,HYG,0.0,TabICL[Direct allocation scorer]
2024-05,HYG,0.0,TabICL[Direct allocation scorer]
2024-06,HYG,0.0,TabICL[Direct allocation scorer]
2024-07,HYG,0.0,TabICL[Direct allocation scorer]
2024-08,HYG,0.0,TabICL[Direct allocation scorer]
2024-09,HYG,0.0,TabICL[Direct allocation scorer]
2024-10,HYG,0.0,TabICL[Direct allocation scorer]
2024-11,HYG,0.0,TabICL[Direct allocation scorer]
2024-12,HYG,0.0,TabICL[Direct allocation scorer]
2025-01,HYG,0.0,TabICL[Direct allocation scorer]
2025-02,HYG,0.0,TabICL[Direct allocation scorer]
2025-03,HYG,0.0,TabICL[Direct allocation scorer]
2025-04,HYG,0.0,TabICL[Direct allocation scorer]
2025-05,HYG,0.0,TabICL[Direct allocation scorer]
2025-06,HYG,0.0,TabICL[Direct allocation scorer]
2025-07,HYG,0.0,TabICL[Direct allocation scorer]
2025-08,HYG,0.0,TabICL[Direct allocation scorer]
2025-09,HYG,0.0,TabICL[Direct allocation scorer]
2025-10,HYG,0.0,TabICL[Direct allocation scorer]
2025-11,HYG,0.0,TabICL[Direct allocation scorer]
2025-12,HYG,0.0,TabICL[Direct allocation scorer]
2026-01,HYG,0.0,TabICL[Direct allocation scorer]
2026-02,HYG,0.0,TabICL[Direct allocation scorer]
2026-03,HYG,0.0,TabICL[Direct allocation scorer]
2020-01,IEF,0.0,TabICL[Direct allocation scorer]
2020-02,IEF,0.0,TabICL[Direct allocation scorer]
2020-03,IEF,0.0,TabICL[Direct allocation scorer]
2020-04,IEF,0.0,TabICL[Direct allocation scorer]
2020-05,IEF,0.0,TabICL[Direct allocation scorer]
2020-06,IEF,0.0,TabICL[Direct allocation scorer]
2020-07,IEF,0.0,TabICL[Direct allocation scorer]
2020-08,IEF,0.0,TabICL[Direct allocation scorer]
2020-09,IEF,0.0,TabICL[Direct allocation scorer]
2020-10,IEF,0.0,TabICL[Direct allocation scorer]
2020-11,IEF,0.0,TabICL[Direct allocation scorer]
2020-12,IEF,0.0,TabICL[Direct allocation scorer]
2021-01,IEF,0.0,TabICL[Direct allocation scorer]
2021-02,IEF,0.0,TabICL[Direct allocation scorer]
2021-03,IEF,0.0,TabICL[Direct allocation scorer]
2021-04,IEF,0.0,TabICL[Direct allocation scorer]
2021-05,IEF,0.0,TabICL[Direct allocation scorer]
2021-06,IEF,0.0,TabICL[Direct allocation scorer]
2021-07,IEF,0.0,TabICL[Direct allocation scorer]
2021-08,IEF,0.0,TabICL[Direct allocation scorer]
2021-09,IEF,0.0,TabICL[Direct allocation scorer]
2021-10,IEF,0.0,TabICL[Direct allocation scorer]
2021-11,IEF,0.0,TabICL[Direct allocation scorer]
2021-12,IEF,0.0,TabICL[Direct allocation scorer]
2022-01,IEF,0.0,TabICL[Direct allocation scorer]
2022-02,IEF,0.0,TabICL[Direct allocation scorer]
2022-03,IEF,0.0,TabICL[Direct allocation scorer]
2022-04,IEF,0.0,TabICL[Direct allocation scorer]
2022-05,IEF,0.0,TabICL[Direct allocation scorer]
2022-06,IEF,0.0,TabICL[Direct allocation scorer]
2022-07,IEF,0.0,TabICL[Direct allocation scorer]
2022-08,IEF,0.0,TabICL[Direct allocation scorer]
2022-09,IEF,0.0,TabICL[Direct allocation scorer]
2022-10,IEF,0.0,TabICL[Direct allocation scorer]
2022-11,IEF,0.0,TabICL[Direct allocation scorer]
2022-12,IEF,0.0,TabICL[Direct allocation scorer]
2023-01,IEF,0.0,TabICL[Direct allocation scorer]
2023-02,IEF,0.0,TabICL[Direct allocation scorer]
2023-03,IEF,0.0,TabICL[Direct allocation scorer]
2023-04,IEF,0.0,TabICL[Direct allocation scorer]
2023-05,IEF,0.0,TabICL[Direct allocation scorer]
2023-06,IEF,0.0,TabICL[Direct allocation scorer]
2023-07,IEF,0.0,TabICL[Direct allocation scorer]
2023-08,IEF,0.0,TabICL[Direct allocation scorer]
2023-09,IEF,0.0,TabICL[Direct allocation scorer]
2023-10,IEF,0.0,TabICL[Direct allocation scorer]
2023-11,IEF,0.0,TabICL[Direct allocation scorer]
2023-12,IEF,0.0,TabICL[Direct allocation scorer]
2024-01,IEF,0.0,TabICL[Direct allocation scorer]
2024-02,IEF,0.0,TabICL[Direct allocation scorer]
2024-03,IEF,0.0,TabICL[Direct allocation scorer]
2024-04,IEF,0.0,TabICL[Direct allocation scorer]
2024-05,IEF,0.0,TabICL[Direct allocation scorer]
2024-06,IEF,0.0,TabICL[Direct allocation scorer]
2024-07,IEF,0.0,TabICL[Direct allocation scorer]
2024-08,IEF,0.0,TabICL[Direct allocation scorer]
2024-09,IEF,0.0,TabICL[Direct allocation scorer]
2024-10,IEF,0.0,TabICL[Direct allocation scorer]
2024-11,IEF,0.0,TabICL[Direct allocation scorer]
2024-12,IEF,0.0,TabICL[Direct allocation scorer]
2025-01,IEF,0.0,TabICL[Direct allocation scorer]
2025-02,IEF,0.0,TabICL[Direct allocation scorer]
2025-03,IEF,0.0,TabICL[Direct allocation scorer]
2025-04,IEF,0.0,TabICL[Direct allocation scorer]
2025-05,IEF,0.0,TabICL[Direct allocation scorer]
2025-06,IEF,0.0,TabICL[Direct allocation scorer]
2025-07,IEF,0.0,TabICL[Direct allocation scorer]
2025-08,IEF,0.0,TabICL[Direct allocation scorer]
2025-09,IEF,0.0,TabICL[Direct allocation scorer]
2025-10,IEF,0.0,TabICL[Direct allocation scorer]
2025-11,IEF,0.0,TabICL[Direct allocation scorer]
2025-12,IEF,0.0,TabICL[Direct allocation scorer]
2026-01,IEF,0.0,TabICL[Direct allocation scorer]
2026-02,IEF,0.0,TabICL[Direct allocation scorer]
2026-03,IEF,0.0,TabICL[Direct allocation scorer]
2020-01,IWM,0.3333333333333333,TabICL[Direct allocation scorer]
2020-02,IWM,0.3333333333333333,TabICL[Direct allocation scorer]
2020-03,IWM,0.0,TabICL[Direct allocation scorer]
2020-04,IWM,0.3333333333333333,TabICL[Direct allocation scorer]
2020-05,IWM,0.3333333333333333,TabICL[Direct allocation scorer]
2020-06,IWM,0.3333333333333333,TabICL[Direct allocation scorer]
2020-07,IWM,0.3333333333333333,TabICL[Direct allocation scorer]
2020-08,IWM,0.3333333333333333,TabICL[Direct allocation scorer]
2020-09,IWM,0.3333333333333333,TabICL[Direct allocation scorer]
2020-10,IWM,0.3333333333333333,TabICL[Direct allocation scorer]
2020-11,IWM,0.0,TabICL[Direct allocation scorer]
2020-12,IWM,0.0,TabICL[Direct allocation scorer]
2021-01,IWM,0.0,TabICL[Direct allocation scorer]
2021-02,IWM,0.0,TabICL[Direct allocation scorer]
2021-03,IWM,0.3333333333333333,TabICL[Direct allocation scorer]
2021-04,IWM,0.3333333333333333,TabICL[Direct allocation scorer]
2021-05,IWM,0.3333333333333333,TabICL[Direct allocation scorer]
2021-06,IWM,0.3333333333333333,TabICL[Direct allocation scorer]
2021-07,IWM,0.3333333333333333,TabICL[Direct allocation scorer]
2021-08,IWM,0.3333333333333333,TabICL[Direct allocation scorer]
2021-09,IWM,0.3333333333333333,TabICL[Direct allocation scorer]
2021-10,IWM,0.3333333333333333,TabICL[Direct allocation scorer]
2021-11,IWM,0.3333333333333333,TabICL[Direct allocation scorer]
2021-12,IWM,0.3333333333333333,TabICL[Direct allocation scorer]
2022-01,IWM,0.3333333333333333,TabICL[Direct allocation scorer]
2022-02,IWM,0.3333333333333333,TabICL[Direct allocation scorer]
2022-03,IWM,0.3333333333333333,TabICL[Direct allocation scorer]
2022-04,IWM,0.3333333333333333,TabICL[Direct allocation scorer]
2022-05,IWM,0.3333333333333333,TabICL[Direct allocation scorer]
2022-06,IWM,0.3333333333333333,TabICL[Direct allocation scorer]
2022-07,IWM,0.3333333333333333,TabICL[Direct allocation scorer]
2022-08,IWM,0.3333333333333333,TabICL[Direct allocation scorer]
2022-09,IWM,0.3333333333333333,TabICL[Direct allocation scorer]
2022-10,IWM,0.3333333333333333,TabICL[Direct allocation scorer]
2022-11,IWM,0.3333333333333333,TabICL[Direct allocation scorer]
2022-12,IWM,0.3333333333333333,TabICL[Direct allocation scorer]
2023-01,IWM,0.3333333333333333,TabICL[Direct allocation scorer]
2023-02,IWM,0.3333333333333333,TabICL[Direct allocation scorer]
2023-03,IWM,0.3333333333333333,TabICL[Direct allocation scorer]
2023-04,IWM,0.3333333333333333,TabICL[Direct allocation scorer]
2023-05,IWM,0.3333333333333333,TabICL[Direct allocation scorer]
2023-06,IWM,0.3333333333333333,TabICL[Direct allocation scorer]
2023-07,IWM,0.0,TabICL[Direct allocation scorer]
2023-08,IWM,0.3333333333333333,TabICL[Direct allocation scorer]
2023-09,IWM,0.3333333333333333,TabICL[Direct allocation scorer]
2023-10,IWM,0.3333333333333333,TabICL[Direct allocation scorer]
2023-11,IWM,0.3333333333333333,TabICL[Direct allocation scorer]
2023-12,IWM,0.3333333333333333,TabICL[Direct allocation scorer]
2024-01,IWM,0.3333333333333333,TabICL[Direct allocation scorer]
2024-02,IWM,0.0,TabICL[Direct allocation scorer]
2024-03,IWM,0.0,TabICL[Direct allocation scorer]
2024-04,IWM,0.3333333333333333,TabICL[Direct allocation scorer]
2024-05,IWM,0.3333333333333333,TabICL[Direct allocation scorer]
2024-06,IWM,0.3333333333333333,TabICL[Direct allocation scorer]
2024-07,IWM,0.0,TabICL[Direct allocation scorer]
2024-08,IWM,0.3333333333333333,TabICL[Direct allocation scorer]
2024-09,IWM,0.3333333333333333,TabICL[Direct allocation scorer]
2024-10,IWM,0.3333333333333333,TabICL[Direct allocation scorer]
2024-11,IWM,0.0,TabICL[Direct allocation scorer]
2024-12,IWM,0.0,TabICL[Direct allocation scorer]
2025-01,IWM,0.3333333333333333,TabICL[Direct allocation scorer]
2025-02,IWM,0.3333333333333333,TabICL[Direct allocation scorer]
2025-03,IWM,0.3333333333333333,TabICL[Direct allocation scorer]
2025-04,IWM,0.0,TabICL[Direct allocation scorer]
2025-05,IWM,0.0,TabICL[Direct allocation scorer]
2025-06,IWM,0.3333333333333333,TabICL[Direct allocation scorer]
2025-07,IWM,0.0,TabICL[Direct allocation scorer]
2025-08,IWM,0.0,TabICL[Direct allocation scorer]
2025-09,IWM,0.0,TabICL[Direct allocation scorer]
2025-10,IWM,0.3333333333333333,TabICL[Direct allocation scorer]
2025-11,IWM,0.3333333333333333,TabICL[Direct allocation scorer]
2025-12,IWM,0.3333333333333333,TabICL[Direct allocation scorer]
2026-01,IWM,0.3333333333333333,TabICL[Direct allocation scorer]
2026-02,IWM,0.3333333333333333,TabICL[Direct allocation scorer]
2026-03,IWM,0.3333333333333333,TabICL[Direct allocation scorer]
2020-01,QQQ,0.3333333333333333,TabICL[Direct allocation scorer]
2020-02,QQQ,0.3333333333333333,TabICL[Direct allocation scorer]
2020-03,QQQ,0.3333333333333333,TabICL[Direct allocation scorer]
2020-04,QQQ,0.3333333333333333,TabICL[Direct allocation scorer]
2020-05,QQQ,0.3333333333333333,TabICL[Direct allocation scorer]
2020-06,QQQ,0.3333333333333333,TabICL[Direct allocation scorer]
2020-07,QQQ,0.3333333333333333,TabICL[Direct allocation scorer]
2020-08,QQQ,0.3333333333333333,TabICL[Direct allocation scorer]
2020-09,QQQ,0.3333333333333333,TabICL[Direct allocation scorer]
2020-10,QQQ,0.3333333333333333,TabICL[Direct allocation scorer]
2020-11,QQQ,0.3333333333333333,TabICL[Direct allocation scorer]
2020-12,QQQ,0.3333333333333333,TabICL[Direct allocation scorer]
2021-01,QQQ,0.3333333333333333,TabICL[Direct allocation scorer]
2021-02,QQQ,0.3333333333333333,TabICL[Direct allocation scorer]
2021-03,QQQ,0.3333333333333333,TabICL[Direct allocation scorer]
2021-04,QQQ,0.3333333333333333,TabICL[Direct allocation scorer]
2021-05,QQQ,0.3333333333333333,TabICL[Direct allocation scorer]
2021-06,QQQ,0.3333333333333333,TabICL[Direct allocation scorer]
2021-07,QQQ,0.3333333333333333,TabICL[Direct allocation scorer]
2021-08,QQQ,0.3333333333333333,TabICL[Direct allocation scorer]
2021-09,QQQ,0.3333333333333333,TabICL[Direct allocation scorer]
2021-10,QQQ,0.3333333333333333,TabICL[Direct allocation scorer]
2021-11,QQQ,0.3333333333333333,TabICL[Direct allocation scorer]
2021-12,QQQ,0.3333333333333333,TabICL[Direct allocation scorer]
2022-01,QQQ,0.3333333333333333,TabICL[Direct allocation scorer]
2022-02,QQQ,0.3333333333333333,TabICL[Direct allocation scorer]
2022-03,QQQ,0.3333333333333333,TabICL[Direct allocation scorer]
2022-04,QQQ,0.3333333333333333,TabICL[Direct allocation scorer]
2022-05,QQQ,0.3333333333333333,TabICL[Direct allocation scorer]
2022-06,QQQ,0.3333333333333333,TabICL[Direct allocation scorer]
2022-07,QQQ,0.3333333333333333,TabICL[Direct allocation scorer]
2022-08,QQQ,0.3333333333333333,TabICL[Direct allocation scorer]
2022-09,QQQ,0.3333333333333333,TabICL[Direct allocation scorer]
2022-10,QQQ,0.3333333333333333,TabICL[Direct allocation scorer]
2022-11,QQQ,0.3333333333333333,TabICL[Direct allocation scorer]
2022-12,QQQ,0.3333333333333333,TabICL[Direct allocation scorer]
2023-01,QQQ,0.3333333333333333,TabICL[Direct allocation scorer]
2023-02,QQQ,0.3333333333333333,TabICL[Direct allocation scorer]
2023-03,QQQ,0.3333333333333333,TabICL[Direct allocation scorer]
2023-04,QQQ,0.3333333333333333,TabICL[Direct allocation scorer]
2023-05,QQQ,0.3333333333333333,TabICL[Direct allocation scorer]
2023-06,QQQ,0.3333333333333333,TabICL[Direct allocation scorer]
2023-07,QQQ,0.3333333333333333,TabICL[Direct allocation scorer]
2023-08,QQQ,0.3333333333333333,TabICL[Direct allocation scorer]
2023-09,QQQ,0.3333333333333333,TabICL[Direct allocation scorer]
2023-10,QQQ,0.3333333333333333,TabICL[Direct allocation scorer]
2023-11,QQQ,0.3333333333333333,TabICL[Direct allocation scorer]
2023-12,QQQ,0.3333333333333333,TabICL[Direct allocation scorer]
2024-01,QQQ,0.3333333333333333,TabICL[Direct allocation scorer]
2024-02,QQQ,0.3333333333333333,TabICL[Direct allocation scorer]
2024-03,QQQ,0.3333333333333333,TabICL[Direct allocation scorer]
2024-04,QQQ,0.3333333333333333,TabICL[Direct allocation scorer]
2024-05,QQQ,0.3333333333333333,TabICL[Direct allocation scorer]
2024-06,QQQ,0.3333333333333333,TabICL[Direct allocation scorer]
2024-07,QQQ,0.3333333333333333,TabICL[Direct allocation scorer]
2024-08,QQQ,0.3333333333333333,TabICL[Direct allocation scorer]
2024-09,QQQ,0.3333333333333333,TabICL[Direct allocation scorer]
2024-10,QQQ,0.3333333333333333,TabICL[Direct allocation scorer]
2024-11,QQQ,0.3333333333333333,TabICL[Direct allocation scorer]
2024-12,QQQ,0.3333333333333333,TabICL[Direct allocation scorer]
2025-01,QQQ,0.3333333333333333,TabICL[Direct allocation scorer]
2025-02,QQQ,0.3333333333333333,TabICL[Direct allocation scorer]
2025-03,QQQ,0.3333333333333333,TabICL[Direct allocation scorer]
2025-04,QQQ,0.3333333333333333,TabICL[Direct allocation scorer]
2025-05,QQQ,0.3333333333333333,TabICL[Direct allocation scorer]
2025-06,QQQ,0.3333333333333333,TabICL[Direct allocation scorer]
2025-07,QQQ,0.3333333333333333,TabICL[Direct allocation scorer]
2025-08,QQQ,0.3333333333333333,TabICL[Direct allocation scorer]
2025-09,QQQ,0.3333333333333333,TabICL[Direct allocation scorer]
2025-10,QQQ,0.3333333333333333,TabICL[Direct allocation scorer]
2025-11,QQQ,0.3333333333333333,TabICL[Direct allocation scorer]
2025-12,QQQ,0.3333333333333333,TabICL[Direct allocation scorer]
2026-01,QQQ,0.3333333333333333,TabICL[Direct allocation scorer]
2026-02,QQQ,0.3333333333333333,TabICL[Direct allocation scorer]
2026-03,QQQ,0.3333333333333333,TabICL[Direct allocation scorer]
2020-01,SPY,0.3333333333333333,TabICL[Direct allocation scorer]
2020-02,SPY,0.0,TabICL[Direct allocation scorer]
2020-03,SPY,0.0,TabICL[Direct allocation scorer]
2020-04,SPY,0.0,TabICL[Direct allocation scorer]
2020-05,SPY,0.0,TabICL[Direct allocation scorer]
2020-06,SPY,0.0,TabICL[Direct allocation scorer]
2020-07,SPY,0.0,TabICL[Direct allocation scorer]
2020-08,SPY,0.0,TabICL[Direct allocation scorer]
2020-09,SPY,0.0,TabICL[Direct allocation scorer]
2020-10,SPY,0.0,TabICL[Direct allocation scorer]
2020-11,SPY,0.3333333333333333,TabICL[Direct allocation scorer]
2020-12,SPY,0.3333333333333333,TabICL[Direct allocation scorer]
2021-01,SPY,0.3333333333333333,TabICL[Direct allocation scorer]
2021-02,SPY,0.3333333333333333,TabICL[Direct allocation scorer]
2021-03,SPY,0.3333333333333333,TabICL[Direct allocation scorer]
2021-04,SPY,0.0,TabICL[Direct allocation scorer]
2021-05,SPY,0.0,TabICL[Direct allocation scorer]
2021-06,SPY,0.0,TabICL[Direct allocation scorer]
2021-07,SPY,0.3333333333333333,TabICL[Direct allocation scorer]
2021-08,SPY,0.0,TabICL[Direct allocation scorer]
2021-09,SPY,0.3333333333333333,TabICL[Direct allocation scorer]
2021-10,SPY,0.3333333333333333,TabICL[Direct allocation scorer]
2021-11,SPY,0.3333333333333333,TabICL[Direct allocation scorer]
2021-12,SPY,0.3333333333333333,TabICL[Direct allocation scorer]
2022-01,SPY,0.0,TabICL[Direct allocation scorer]
2022-02,SPY,0.0,TabICL[Direct allocation scorer]
2022-03,SPY,0.0,TabICL[Direct allocation scorer]
2022-04,SPY,0.0,TabICL[Direct allocation scorer]
2022-05,SPY,0.0,TabICL[Direct allocation scorer]
2022-06,SPY,0.0,TabICL[Direct allocation scorer]
2022-07,SPY,0.0,TabICL[Direct allocation scorer]
2022-08,SPY,0.0,TabICL[Direct allocation scorer]
2022-09,SPY,0.0,TabICL[Direct allocation scorer]
2022-10,SPY,0.0,TabICL[Direct allocation scorer]
2022-11,SPY,0.0,TabICL[Direct allocation scorer]
2022-12,SPY,0.0,TabICL[Direct allocation scorer]
2023-01,SPY,0.0,TabICL[Direct allocation scorer]
2023-02,SPY,0.0,TabICL[Direct allocation scorer]
2023-03,SPY,0.0,TabICL[Direct allocation scorer]
2023-04,SPY,0.0,TabICL[Direct allocation scorer]
2023-05,SPY,0.0,TabICL[Direct allocation scorer]
2023-06,SPY,0.0,TabICL[Direct allocation scorer]
2023-07,SPY,0.0,TabICL[Direct allocation scorer]
2023-08,SPY,0.0,TabICL[Direct allocation scorer]
2023-09,SPY,0.0,TabICL[Direct allocation scorer]
2023-10,SPY,0.0,TabICL[Direct allocation scorer]
2023-11,SPY,0.0,TabICL[Direct allocation scorer]
2023-12,SPY,0.0,TabICL[Direct allocation scorer]
2024-01,SPY,0.0,TabICL[Direct allocation scorer]
2024-02,SPY,0.0,TabICL[Direct allocation scorer]
2024-03,SPY,0.0,TabICL[Direct allocation scorer]
2024-04,SPY,0.0,TabICL[Direct allocation scorer]
2024-05,SPY,0.0,TabICL[Direct allocation scorer]
2024-06,SPY,0.0,TabICL[Direct allocation scorer]
2024-07,SPY,0.3333333333333333,TabICL[Direct allocation scorer]
2024-08,SPY,0.0,TabICL[Direct allocation scorer]
2024-09,SPY,0.3333333333333333,TabICL[Direct allocation scorer]
2024-10,SPY,0.0,TabICL[Direct allocation scorer]
2024-11,SPY,0.0,TabICL[Direct allocation scorer]
2024-12,SPY,0.0,TabICL[Direct allocation scorer]
2025-01,SPY,0.0,TabICL[Direct allocation scorer]
2025-02,SPY,0.0,TabICL[Direct allocation scorer]
2025-03,SPY,0.0,TabICL[Direct allocation scorer]
2025-04,SPY,0.0,TabICL[Direct allocation scorer]
2025-05,SPY,0.0,TabICL[Direct allocation scorer]
2025-06,SPY,0.0,TabICL[Direct allocation scorer]
2025-07,SPY,0.0,TabICL[Direct allocation scorer]
2025-08,SPY,0.3333333333333333,TabICL[Direct allocation scorer]
2025-09,SPY,0.3333333333333333,TabICL[Direct allocation scorer]
2025-10,SPY,0.0,TabICL[Direct allocation scorer]
2025-11,SPY,0.0,TabICL[Direct allocation scorer]
2025-12,SPY,0.0,TabICL[Direct allocation scorer]
2026-01,SPY,0.0,TabICL[Direct allocation scorer]
2026-02,SPY,0.3333333333333333,TabICL[Direct allocation scorer]
2026-03,SPY,0.0,TabICL[Direct allocation scorer]
2020-01,TLT,0.0,TabICL[Direct allocation scorer]
2020-02,TLT,0.0,TabICL[Direct allocation scorer]
2020-03,TLT,0.3333333333333333,TabICL[Direct allocation scorer]
2020-04,TLT,0.0,TabICL[Direct allocation scorer]
2020-05,TLT,0.0,TabICL[Direct allocation scorer]
2020-06,TLT,0.0,TabICL[Direct allocation scorer]
2020-07,TLT,0.0,TabICL[Direct allocation scorer]
2020-08,TLT,0.0,TabICL[Direct allocation scorer]
2020-09,TLT,0.0,TabICL[Direct allocation scorer]
2020-10,TLT,0.0,TabICL[Direct allocation scorer]
2020-11,TLT,0.0,TabICL[Direct allocation scorer]
2020-12,TLT,0.0,TabICL[Direct allocation scorer]
2021-01,TLT,0.0,TabICL[Direct allocation scorer]
2021-02,TLT,0.0,TabICL[Direct allocation scorer]
2021-03,TLT,0.0,TabICL[Direct allocation scorer]
2021-04,TLT,0.0,TabICL[Direct allocation scorer]
2021-05,TLT,0.0,TabICL[Direct allocation scorer]
2021-06,TLT,0.0,TabICL[Direct allocation scorer]
2021-07,TLT,0.0,TabICL[Direct allocation scorer]
2021-08,TLT,0.0,TabICL[Direct allocation scorer]
2021-09,TLT,0.0,TabICL[Direct allocation scorer]
2021-10,TLT,0.0,TabICL[Direct allocation scorer]
2021-11,TLT,0.0,TabICL[Direct allocation scorer]
2021-12,TLT,0.0,TabICL[Direct allocation scorer]
2022-01,TLT,0.0,TabICL[Direct allocation scorer]
2022-02,TLT,0.0,TabICL[Direct allocation scorer]
2022-03,TLT,0.0,TabICL[Direct allocation scorer]
2022-04,TLT,0.0,TabICL[Direct allocation scorer]
2022-05,TLT,0.0,TabICL[Direct allocation scorer]
2022-06,TLT,0.0,TabICL[Direct allocation scorer]
2022-07,TLT,0.0,TabICL[Direct allocation scorer]
2022-08,TLT,0.0,TabICL[Direct allocation scorer]
2022-09,TLT,0.0,TabICL[Direct allocation scorer]
2022-10,TLT,0.0,TabICL[Direct allocation scorer]
2022-11,TLT,0.0,TabICL[Direct allocation scorer]
2022-12,TLT,0.0,TabICL[Direct allocation scorer]
2023-01,TLT,0.0,TabICL[Direct allocation scorer]
2023-02,TLT,0.0,TabICL[Direct allocation scorer]
2023-03,TLT,0.0,TabICL[Direct allocation scorer]
2023-04,TLT,0.0,TabICL[Direct allocation scorer]
2023-05,TLT,0.0,TabICL[Direct allocation scorer]
2023-06,TLT,0.0,TabICL[Direct allocation scorer]
2023-07,TLT,0.0,TabICL[Direct allocation scorer]
2023-08,TLT,0.0,TabICL[Direct allocation scorer]
2023-09,TLT,0.0,TabICL[Direct allocation scorer]
2023-10,TLT,0.0,TabICL[Direct allocation scorer]
2023-11,TLT,0.0,TabICL[Direct allocation scorer]
2023-12,TLT,0.0,TabICL[Direct allocation scorer]
2024-01,TLT,0.0,TabICL[Direct allocation scorer]
2024-02,TLT,0.3333333333333333,TabICL[Direct allocation scorer]
2024-03,TLT,0.3333333333333333,TabICL[Direct allocation scorer]
2024-04,TLT,0.0,TabICL[Direct allocation scorer]
2024-05,TLT,0.0,TabICL[Direct allocation scorer]
2024-06,TLT,0.0,TabICL[Direct allocation scorer]
2024-07,TLT,0.0,TabICL[Direct allocation scorer]
2024-08,TLT,0.0,TabICL[Direct allocation scorer]
2024-09,TLT,0.0,TabICL[Direct allocation scorer]
2024-10,TLT,0.3333333333333333,TabICL[Direct allocation scorer]
2024-11,TLT,0.3333333333333333,TabICL[Direct allocation scorer]
2024-12,TLT,0.0,TabICL[Direct allocation scorer]
2025-01,TLT,0.0,TabICL[Direct allocation scorer]
2025-02,TLT,0.0,TabICL[Direct allocation scorer]
2025-03,TLT,0.0,TabICL[Direct allocation scorer]
2025-04,TLT,0.3333333333333333,TabICL[Direct allocation scorer]
2025-05,TLT,0.3333333333333333,TabICL[Direct allocation scorer]
2025-06,TLT,0.0,TabICL[Direct allocation scorer]
2025-07,TLT,0.3333333333333333,TabICL[Direct allocation scorer]
2025-08,TLT,0.0,TabICL[Direct allocation scorer]
2025-09,TLT,0.3333333333333333,TabICL[Direct allocation scorer]
2025-10,TLT,0.3333333333333333,TabICL[Direct allocation scorer]
2025-11,TLT,0.0,TabICL[Direct allocation scorer]
2025-12,TLT,0.3333333333333333,TabICL[Direct allocation scorer]
2026-01,TLT,0.3333333333333333,TabICL[Direct allocation scorer]
2026-02,TLT,0.0,TabICL[Direct allocation scorer]
2026-03,TLT,0.3333333333333333,TabICL[Direct allocation scorer]
2020-01,VNQ,0.0,TabICL[Direct allocation scorer]
2020-02,VNQ,0.3333333333333333,TabICL[Direct allocation scorer]
2020-03,VNQ,0.3333333333333333,TabICL[Direct allocation scorer]
2020-04,VNQ,0.3333333333333333,TabICL[Direct allocation scorer]
2020-05,VNQ,0.3333333333333333,TabICL[Direct allocation scorer]
2020-06,VNQ,0.3333333333333333,TabICL[Direct allocation scorer]
2020-07,VNQ,0.3333333333333333,TabICL[Direct allocation scorer]
2020-08,VNQ,0.3333333333333333,TabICL[Direct allocation scorer]
2020-09,VNQ,0.3333333333333333,TabICL[Direct allocation scorer]
2020-10,VNQ,0.3333333333333333,TabICL[Direct allocation scorer]
2020-11,VNQ,0.3333333333333333,TabICL[Direct allocation scorer]
2020-12,VNQ,0.0,TabICL[Direct allocation scorer]
2021-01,VNQ,0.3333333333333333,TabICL[Direct allocation scorer]
2021-02,VNQ,0.3333333333333333,TabICL[Direct allocation scorer]
2021-03,VNQ,0.0,TabICL[Direct allocation scorer]
2021-04,VNQ,0.0,TabICL[Direct allocation scorer]
2021-05,VNQ,0.0,TabICL[Direct allocation scorer]
2021-06,VNQ,0.0,TabICL[Direct allocation scorer]
2021-07,VNQ,0.0,TabICL[Direct allocation scorer]
2021-08,VNQ,0.0,TabICL[Direct allocation scorer]
2021-09,VNQ,0.0,TabICL[Direct allocation scorer]
2021-10,VNQ,0.0,TabICL[Direct allocation scorer]
2021-11,VNQ,0.0,TabICL[Direct allocation scorer]
2021-12,VNQ,0.0,TabICL[Direct allocation scorer]
2022-01,VNQ,0.3333333333333333,TabICL[Direct allocation scorer]
2022-02,VNQ,0.3333333333333333,TabICL[Direct allocation scorer]
2022-03,VNQ,0.3333333333333333,TabICL[Direct allocation scorer]
2022-04,VNQ,0.3333333333333333,TabICL[Direct allocation scorer]
2022-05,VNQ,0.3333333333333333,TabICL[Direct allocation scorer]
2022-06,VNQ,0.3333333333333333,TabICL[Direct allocation scorer]
2022-07,VNQ,0.3333333333333333,TabICL[Direct allocation scorer]
2022-08,VNQ,0.3333333333333333,TabICL[Direct allocation scorer]
2022-09,VNQ,0.3333333333333333,TabICL[Direct allocation scorer]
2022-10,VNQ,0.3333333333333333,TabICL[Direct allocation scorer]
2022-11,VNQ,0.3333333333333333,TabICL[Direct allocation scorer]
2022-12,VNQ,0.3333333333333333,TabICL[Direct allocation scorer]
2023-01,VNQ,0.3333333333333333,TabICL[Direct allocation scorer]
2023-02,VNQ,0.3333333333333333,TabICL[Direct allocation scorer]
2023-03,VNQ,0.3333333333333333,TabICL[Direct allocation scorer]
2023-04,VNQ,0.3333333333333333,TabICL[Direct allocation scorer]
2023-05,VNQ,0.3333333333333333,TabICL[Direct allocation scorer]
2023-06,VNQ,0.3333333333333333,TabICL[Direct allocation scorer]
2023-07,VNQ,0.3333333333333333,TabICL[Direct allocation scorer]
2023-08,VNQ,0.0,TabICL[Direct allocation scorer]
2023-09,VNQ,0.3333333333333333,TabICL[Direct allocation scorer]
2023-10,VNQ,0.3333333333333333,TabICL[Direct allocation scorer]
2023-11,VNQ,0.3333333333333333,TabICL[Direct allocation scorer]
2023-12,VNQ,0.0,TabICL[Direct allocation scorer]
2024-01,VNQ,0.0,TabICL[Direct allocation scorer]
2024-02,VNQ,0.0,TabICL[Direct allocation scorer]
2024-03,VNQ,0.3333333333333333,TabICL[Direct allocation scorer]
2024-04,VNQ,0.3333333333333333,TabICL[Direct allocation scorer]
2024-05,VNQ,0.3333333333333333,TabICL[Direct allocation scorer]
2024-06,VNQ,0.0,TabICL[Direct allocation scorer]
2024-07,VNQ,0.0,TabICL[Direct allocation scorer]
2024-08,VNQ,0.0,TabICL[Direct allocation scorer]
2024-09,VNQ,0.0,TabICL[Direct allocation scorer]
2024-10,VNQ,0.0,TabICL[Direct allocation scorer]
2024-11,VNQ,0.0,TabICL[Direct allocation scorer]
2024-12,VNQ,0.3333333333333333,TabICL[Direct allocation scorer]
2025-01,VNQ,0.3333333333333333,TabICL[Direct allocation scorer]
2025-02,VNQ,0.0,TabICL[Direct allocation scorer]
2025-03,VNQ,0.3333333333333333,TabICL[Direct allocation scorer]
2025-04,VNQ,0.3333333333333333,TabICL[Direct allocation scorer]
2025-05,VNQ,0.3333333333333333,TabICL[Direct allocation scorer]
2025-06,VNQ,0.0,TabICL[Direct allocation scorer]
2025-07,VNQ,0.0,TabICL[Direct allocation scorer]
2025-08,VNQ,0.0,TabICL[Direct allocation scorer]
2025-09,VNQ,0.0,TabICL[Direct allocation scorer]
2025-10,VNQ,0.0,TabICL[Direct allocation scorer]
2025-11,VNQ,0.0,TabICL[Direct allocation scorer]
2025-12,VNQ,0.0,TabICL[Direct allocation scorer]
2026-01,VNQ,0.0,TabICL[Direct allocation scorer]
2026-02,VNQ,0.0,TabICL[Direct allocation scorer]
2026-03,VNQ,0.0,TabICL[Direct allocation scorer]
2020-01,EEM,0.0,TabICL[Direct allocation scorer] Calibration Base
2020-02,EEM,0.3333333333333333,TabICL[Direct allocation scorer] Calibration Base
2020-03,EEM,0.0,TabICL[Direct allocation scorer] Calibration Base
2020-04,EEM,0.0,TabICL[Direct allocation scorer] Calibration Base
2020-05,EEM,0.0,TabICL[Direct allocation scorer] Calibration Base
2020-06,EEM,0.3333333333333333,TabICL[Direct allocation scorer] Calibration Base
2020-07,EEM,0.0,TabICL[Direct allocation scorer] Calibration Base
2020-08,EEM,0.0,TabICL[Direct allocation scorer] Calibration Base
2020-09,EEM,0.0,TabICL[Direct allocation scorer] Calibration Base
2020-10,EEM,0.0,TabICL[Direct allocation scorer] Calibration Base
2020-11,EEM,0.0,TabICL[Direct allocation scorer] Calibration Base
2020-12,EEM,0.0,TabICL[Direct allocation scorer] Calibration Base
2021-01,EEM,0.0,TabICL[Direct allocation scorer] Calibration Base
2021-02,EEM,0.3333333333333333,TabICL[Direct allocation scorer] Calibration Base
2021-03,EEM,0.3333333333333333,TabICL[Direct allocation scorer] Calibration Base
2021-04,EEM,0.3333333333333333,TabICL[Direct allocation scorer] Calibration Base
2021-05,EEM,0.3333333333333333,TabICL[Direct allocation scorer] Calibration Base
2021-06,EEM,0.3333333333333333,TabICL[Direct allocation scorer] Calibration Base
2021-07,EEM,0.0,TabICL[Direct allocation scorer] Calibration Base
2021-08,EEM,0.0,TabICL[Direct allocation scorer] Calibration Base
2021-09,EEM,0.0,TabICL[Direct allocation scorer] Calibration Base
2021-10,EEM,0.0,TabICL[Direct allocation scorer] Calibration Base
2021-11,EEM,0.0,TabICL[Direct allocation scorer] Calibration Base
2021-12,EEM,0.0,TabICL[Direct allocation scorer] Calibration Base
2022-01,EEM,0.0,TabICL[Direct allocation scorer] Calibration Base
2022-02,EEM,0.0,TabICL[Direct allocation scorer] Calibration Base
2022-03,EEM,0.0,TabICL[Direct allocation scorer] Calibration Base
2022-04,EEM,0.0,TabICL[Direct allocation scorer] Calibration Base
2022-05,EEM,0.0,TabICL[Direct allocation scorer] Calibration Base
2022-06,EEM,0.0,TabICL[Direct allocation scorer] Calibration Base
2022-07,EEM,0.0,TabICL[Direct allocation scorer] Calibration Base
2022-08,EEM,0.0,TabICL[Direct allocation scorer] Calibration Base
2022-09,EEM,0.0,TabICL[Direct allocation scorer] Calibration Base
2022-10,EEM,0.0,TabICL[Direct allocation scorer] Calibration Base
2022-11,EEM,0.0,TabICL[Direct allocation scorer] Calibration Base
2022-12,EEM,0.0,TabICL[Direct allocation scorer] Calibration Base
2023-01,EEM,0.0,TabICL[Direct allocation scorer] Calibration Base
2023-02,EEM,0.0,TabICL[Direct allocation scorer] Calibration Base
2023-03,EEM,0.0,TabICL[Direct allocation scorer] Calibration Base
2023-04,EEM,0.0,TabICL[Direct allocation scorer] Calibration Base
2023-05,EEM,0.0,TabICL[Direct allocation scorer] Calibration Base
2023-06,EEM,0.0,TabICL[Direct allocation scorer] Calibration Base
2023-07,EEM,0.0,TabICL[Direct allocation scorer] Calibration Base
2023-08,EEM,0.0,TabICL[Direct allocation scorer] Calibration Base
2023-09,EEM,0.3333333333333333,TabICL[Direct allocation scorer] Calibration Base
2023-10,EEM,0.3333333333333333,TabICL[Direct allocation scorer] Calibration Base
2023-11,EEM,0.3333333333333333,TabICL[Direct allocation scorer] Calibration Base
2023-12,EEM,0.3333333333333333,TabICL[Direct allocation scorer] Calibration Base
2024-01,EEM,0.0,TabICL[Direct allocation scorer] Calibration Base
2024-02,EEM,0.0,TabICL[Direct allocation scorer] Calibration Base
2024-03,EEM,0.0,TabICL[Direct allocation scorer] Calibration Base
2024-04,EEM,0.3333333333333333,TabICL[Direct allocation scorer] Calibration Base
2024-05,EEM,0.0,TabICL[Direct allocation scorer] Calibration Base
2024-06,EEM,0.3333333333333333,TabICL[Direct allocation scorer] Calibration Base
2024-07,EEM,0.3333333333333333,TabICL[Direct allocation scorer] Calibration Base
2024-08,EEM,0.3333333333333333,TabICL[Direct allocation scorer] Calibration Base
2024-09,EEM,0.3333333333333333,TabICL[Direct allocation scorer] Calibration Base
2024-10,EEM,0.3333333333333333,TabICL[Direct allocation scorer] Calibration Base
2024-11,EEM,0.0,TabICL[Direct allocation scorer] Calibration Base
2024-12,EEM,0.0,TabICL[Direct allocation scorer] Calibration Base
2025-01,EEM,0.0,TabICL[Direct allocation scorer] Calibration Base
2025-02,EEM,0.0,TabICL[Direct allocation scorer] Calibration Base
2025-03,EEM,0.0,TabICL[Direct allocation scorer] Calibration Base
2025-04,EEM,0.0,TabICL[Direct allocation scorer] Calibration Base
2025-05,EEM,0.0,TabICL[Direct allocation scorer] Calibration Base
2025-06,EEM,0.0,TabICL[Direct allocation scorer] Calibration Base
2025-07,EEM,0.3333333333333333,TabICL[Direct allocation scorer] Calibration Base
2025-08,EEM,0.3333333333333333,TabICL[Direct allocation scorer] Calibration Base
2025-09,EEM,0.0,TabICL[Direct allocation scorer] Calibration Base
2025-10,EEM,0.0,TabICL[Direct allocation scorer] Calibration Base
2025-11,EEM,0.3333333333333333,TabICL[Direct allocation scorer] Calibration Base
2025-12,EEM,0.3333333333333333,TabICL[Direct allocation scorer] Calibration Base
2026-01,EEM,0.0,TabICL[Direct allocation scorer] Calibration Base
2026-02,EEM,0.0,TabICL[Direct allocation scorer] Calibration Base
2026-03,EEM,0.0,TabICL[Direct allocation scorer] Calibration Base
2020-01,GLD,0.0,TabICL[Direct allocation scorer] Calibration Base
2020-02,GLD,0.0,TabICL[Direct allocation scorer] Calibration Base
2020-03,GLD,0.3333333333333333,TabICL[Direct allocation scorer] Calibration Base
2020-04,GLD,0.3333333333333333,TabICL[Direct allocation scorer] Calibration Base
2020-05,GLD,0.0,TabICL[Direct allocation scorer] Calibration Base
2020-06,GLD,0.0,TabICL[Direct allocation scorer] Calibration Base
2020-07,GLD,0.0,TabICL[Direct allocation scorer] Calibration Base
2020-08,GLD,0.0,TabICL[Direct allocation scorer] Calibration Base
2020-09,GLD,0.0,TabICL[Direct allocation scorer] Calibration Base
2020-10,GLD,0.0,TabICL[Direct allocation scorer] Calibration Base
2020-11,GLD,0.0,TabICL[Direct allocation scorer] Calibration Base
2020-12,GLD,0.0,TabICL[Direct allocation scorer] Calibration Base
2021-01,GLD,0.0,TabICL[Direct allocation scorer] Calibration Base
2021-02,GLD,0.0,TabICL[Direct allocation scorer] Calibration Base
2021-03,GLD,0.0,TabICL[Direct allocation scorer] Calibration Base
2021-04,GLD,0.0,TabICL[Direct allocation scorer] Calibration Base
2021-05,GLD,0.0,TabICL[Direct allocation scorer] Calibration Base
2021-06,GLD,0.0,TabICL[Direct allocation scorer] Calibration Base
2021-07,GLD,0.0,TabICL[Direct allocation scorer] Calibration Base
2021-08,GLD,0.0,TabICL[Direct allocation scorer] Calibration Base
2021-09,GLD,0.0,TabICL[Direct allocation scorer] Calibration Base
2021-10,GLD,0.0,TabICL[Direct allocation scorer] Calibration Base
2021-11,GLD,0.0,TabICL[Direct allocation scorer] Calibration Base
2021-12,GLD,0.0,TabICL[Direct allocation scorer] Calibration Base
2022-01,GLD,0.0,TabICL[Direct allocation scorer] Calibration Base
2022-02,GLD,0.0,TabICL[Direct allocation scorer] Calibration Base
2022-03,GLD,0.3333333333333333,TabICL[Direct allocation scorer] Calibration Base
2022-04,GLD,0.3333333333333333,TabICL[Direct allocation scorer] Calibration Base
2022-05,GLD,0.3333333333333333,TabICL[Direct allocation scorer] Calibration Base
2022-06,GLD,0.3333333333333333,TabICL[Direct allocation scorer] Calibration Base
2022-07,GLD,0.0,TabICL[Direct allocation scorer] Calibration Base
2022-08,GLD,0.0,TabICL[Direct allocation scorer] Calibration Base
2022-09,GLD,0.3333333333333333,TabICL[Direct allocation scorer] Calibration Base
2022-10,GLD,0.3333333333333333,TabICL[Direct allocation scorer] Calibration Base
2022-11,GLD,0.0,TabICL[Direct allocation scorer] Calibration Base
2022-12,GLD,0.3333333333333333,TabICL[Direct allocation scorer] Calibration Base
2023-01,GLD,0.0,TabICL[Direct allocation scorer] Calibration Base
2023-02,GLD,0.3333333333333333,TabICL[Direct allocation scorer] Calibration Base
2023-03,GLD,0.0,TabICL[Direct allocation scorer] Calibration Base
2023-04,GLD,0.0,TabICL[Direct allocation scorer] Calibration Base
2023-05,GLD,0.0,TabICL[Direct allocation scorer] Calibration Base
2023-06,GLD,0.0,TabICL[Direct allocation scorer] Calibration Base
2023-07,GLD,0.0,TabICL[Direct allocation scorer] Calibration Base
2023-08,GLD,0.0,TabICL[Direct allocation scorer] Calibration Base
2023-09,GLD,0.0,TabICL[Direct allocation scorer] Calibration Base
2023-10,GLD,0.3333333333333333,TabICL[Direct allocation scorer] Calibration Base
2023-11,GLD,0.3333333333333333,TabICL[Direct allocation scorer] Calibration Base
2023-12,GLD,0.0,TabICL[Direct allocation scorer] Calibration Base
2024-01,GLD,0.0,TabICL[Direct allocation scorer] Calibration Base
2024-02,GLD,0.0,TabICL[Direct allocation scorer] Calibration Base
2024-03,GLD,0.0,TabICL[Direct allocation scorer] Calibration Base
2024-04,GLD,0.3333333333333333,TabICL[Direct allocation scorer] Calibration Base
2024-05,GLD,0.3333333333333333,TabICL[Direct allocation scorer] Calibration Base
2024-06,GLD,0.0,TabICL[Direct allocation scorer] Calibration Base
2024-07,GLD,0.0,TabICL[Direct allocation scorer] Calibration Base
2024-08,GLD,0.0,TabICL[Direct allocation scorer] Calibration Base
2024-09,GLD,0.0,TabICL[Direct allocation scorer] Calibration Base
2024-10,GLD,0.0,TabICL[Direct allocation scorer] Calibration Base
2024-11,GLD,0.3333333333333333,TabICL[Direct allocation scorer] Calibration Base
2024-12,GLD,0.3333333333333333,TabICL[Direct allocation scorer] Calibration Base
2025-01,GLD,0.3333333333333333,TabICL[Direct allocation scorer] Calibration Base
2025-02,GLD,0.3333333333333333,TabICL[Direct allocation scorer] Calibration Base
2025-03,GLD,0.0,TabICL[Direct allocation scorer] Calibration Base
2025-04,GLD,0.3333333333333333,TabICL[Direct allocation scorer] Calibration Base
2025-05,GLD,0.3333333333333333,TabICL[Direct allocation scorer] Calibration Base
2025-06,GLD,0.3333333333333333,TabICL[Direct allocation scorer] Calibration Base
2025-07,GLD,0.3333333333333333,TabICL[Direct allocation scorer] Calibration Base
2025-08,GLD,0.0,TabICL[Direct allocation scorer] Calibration Base
2025-09,GLD,0.0,TabICL[Direct allocation scorer] Calibration Base
2025-10,GLD,0.0,TabICL[Direct allocation scorer] Calibration Base
2025-11,GLD,0.0,TabICL[Direct allocation scorer] Calibration Base
2025-12,GLD,0.0,TabICL[Direct allocation scorer] Calibration Base
2026-01,GLD,0.0,TabICL[Direct allocation scorer] Calibration Base
2026-02,GLD,0.3333333333333333,TabICL[Direct allocation scorer] Calibration Base
2026-03,GLD,0.0,TabICL[Direct allocation scorer] Calibration Base
2020-01,HYG,0.0,TabICL[Direct allocation scorer] Calibration Base
2020-02,HYG,0.0,TabICL[Direct allocation scorer] Calibration Base
2020-03,HYG,0.0,TabICL[Direct allocation scorer] Calibration Base
2020-04,HYG,0.0,TabICL[Direct allocation scorer] Calibration Base
2020-05,HYG,0.0,TabICL[Direct allocation scorer] Calibration Base
2020-06,HYG,0.0,TabICL[Direct allocation scorer] Calibration Base
2020-07,HYG,0.0,TabICL[Direct allocation scorer] Calibration Base
2020-08,HYG,0.0,TabICL[Direct allocation scorer] Calibration Base
2020-09,HYG,0.0,TabICL[Direct allocation scorer] Calibration Base
2020-10,HYG,0.0,TabICL[Direct allocation scorer] Calibration Base
2020-11,HYG,0.0,TabICL[Direct allocation scorer] Calibration Base
2020-12,HYG,0.0,TabICL[Direct allocation scorer] Calibration Base
2021-01,HYG,0.0,TabICL[Direct allocation scorer] Calibration Base
2021-02,HYG,0.0,TabICL[Direct allocation scorer] Calibration Base
2021-03,HYG,0.0,TabICL[Direct allocation scorer] Calibration Base
2021-04,HYG,0.0,TabICL[Direct allocation scorer] Calibration Base
2021-05,HYG,0.0,TabICL[Direct allocation scorer] Calibration Base
2021-06,HYG,0.0,TabICL[Direct allocation scorer] Calibration Base
2021-07,HYG,0.0,TabICL[Direct allocation scorer] Calibration Base
2021-08,HYG,0.0,TabICL[Direct allocation scorer] Calibration Base
2021-09,HYG,0.0,TabICL[Direct allocation scorer] Calibration Base
2021-10,HYG,0.0,TabICL[Direct allocation scorer] Calibration Base
2021-11,HYG,0.0,TabICL[Direct allocation scorer] Calibration Base
2021-12,HYG,0.0,TabICL[Direct allocation scorer] Calibration Base
2022-01,HYG,0.0,TabICL[Direct allocation scorer] Calibration Base
2022-02,HYG,0.0,TabICL[Direct allocation scorer] Calibration Base
2022-03,HYG,0.0,TabICL[Direct allocation scorer] Calibration Base
2022-04,HYG,0.0,TabICL[Direct allocation scorer] Calibration Base
2022-05,HYG,0.0,TabICL[Direct allocation scorer] Calibration Base
2022-06,HYG,0.0,TabICL[Direct allocation scorer] Calibration Base
2022-07,HYG,0.0,TabICL[Direct allocation scorer] Calibration Base
2022-08,HYG,0.0,TabICL[Direct allocation scorer] Calibration Base
2022-09,HYG,0.0,TabICL[Direct allocation scorer] Calibration Base
2022-10,HYG,0.0,TabICL[Direct allocation scorer] Calibration Base
2022-11,HYG,0.0,TabICL[Direct allocation scorer] Calibration Base
2022-12,HYG,0.0,TabICL[Direct allocation scorer] Calibration Base
2023-01,HYG,0.0,TabICL[Direct allocation scorer] Calibration Base
2023-02,HYG,0.0,TabICL[Direct allocation scorer] Calibration Base
2023-03,HYG,0.0,TabICL[Direct allocation scorer] Calibration Base
2023-04,HYG,0.0,TabICL[Direct allocation scorer] Calibration Base
2023-05,HYG,0.0,TabICL[Direct allocation scorer] Calibration Base
2023-06,HYG,0.0,TabICL[Direct allocation scorer] Calibration Base
2023-07,HYG,0.0,TabICL[Direct allocation scorer] Calibration Base
2023-08,HYG,0.0,TabICL[Direct allocation scorer] Calibration Base
2023-09,HYG,0.0,TabICL[Direct allocation scorer] Calibration Base
2023-10,HYG,0.0,TabICL[Direct allocation scorer] Calibration Base
2023-11,HYG,0.0,TabICL[Direct allocation scorer] Calibration Base
2023-12,HYG,0.0,TabICL[Direct allocation scorer] Calibration Base
2024-01,HYG,0.0,TabICL[Direct allocation scorer] Calibration Base
2024-02,HYG,0.0,TabICL[Direct allocation scorer] Calibration Base
2024-03,HYG,0.0,TabICL[Direct allocation scorer] Calibration Base
2024-04,HYG,0.0,TabICL[Direct allocation scorer] Calibration Base
2024-05,HYG,0.0,TabICL[Direct allocation scorer] Calibration Base
2024-06,HYG,0.0,TabICL[Direct allocation scorer] Calibration Base
2024-07,HYG,0.0,TabICL[Direct allocation scorer] Calibration Base
2024-08,HYG,0.0,TabICL[Direct allocation scorer] Calibration Base
2024-09,HYG,0.0,TabICL[Direct allocation scorer] Calibration Base
2024-10,HYG,0.0,TabICL[Direct allocation scorer] Calibration Base
2024-11,HYG,0.0,TabICL[Direct allocation scorer] Calibration Base
2024-12,HYG,0.0,TabICL[Direct allocation scorer] Calibration Base
2025-01,HYG,0.0,TabICL[Direct allocation scorer] Calibration Base
2025-02,HYG,0.0,TabICL[Direct allocation scorer] Calibration Base
2025-03,HYG,0.0,TabICL[Direct allocation scorer] Calibration Base
2025-04,HYG,0.0,TabICL[Direct allocation scorer] Calibration Base
2025-05,HYG,0.0,TabICL[Direct allocation scorer] Calibration Base
2025-06,HYG,0.0,TabICL[Direct allocation scorer] Calibration Base
2025-07,HYG,0.0,TabICL[Direct allocation scorer] Calibration Base
2025-08,HYG,0.0,TabICL[Direct allocation scorer] Calibration Base
2025-09,HYG,0.0,TabICL[Direct allocation scorer] Calibration Base
2025-10,HYG,0.0,TabICL[Direct allocation scorer] Calibration Base
2025-11,HYG,0.0,TabICL[Direct allocation scorer] Calibration Base
2025-12,HYG,0.0,TabICL[Direct allocation scorer] Calibration Base
2026-01,HYG,0.0,TabICL[Direct allocation scorer] Calibration Base
2026-02,HYG,0.0,TabICL[Direct allocation scorer] Calibration Base
2026-03,HYG,0.0,TabICL[Direct allocation scorer] Calibration Base
2020-01,IEF,0.0,TabICL[Direct allocation scorer] Calibration Base
2020-02,IEF,0.0,TabICL[Direct allocation scorer] Calibration Base
2020-03,IEF,0.0,TabICL[Direct allocation scorer] Calibration Base
2020-04,IEF,0.0,TabICL[Direct allocation scorer] Calibration Base
2020-05,IEF,0.0,TabICL[Direct allocation scorer] Calibration Base
2020-06,IEF,0.0,TabICL[Direct allocation scorer] Calibration Base
2020-07,IEF,0.0,TabICL[Direct allocation scorer] Calibration Base
2020-08,IEF,0.0,TabICL[Direct allocation scorer] Calibration Base
2020-09,IEF,0.0,TabICL[Direct allocation scorer] Calibration Base
2020-10,IEF,0.0,TabICL[Direct allocation scorer] Calibration Base
2020-11,IEF,0.0,TabICL[Direct allocation scorer] Calibration Base
2020-12,IEF,0.0,TabICL[Direct allocation scorer] Calibration Base
2021-01,IEF,0.0,TabICL[Direct allocation scorer] Calibration Base
2021-02,IEF,0.0,TabICL[Direct allocation scorer] Calibration Base
2021-03,IEF,0.0,TabICL[Direct allocation scorer] Calibration Base
2021-04,IEF,0.0,TabICL[Direct allocation scorer] Calibration Base
2021-05,IEF,0.0,TabICL[Direct allocation scorer] Calibration Base
2021-06,IEF,0.0,TabICL[Direct allocation scorer] Calibration Base
2021-07,IEF,0.0,TabICL[Direct allocation scorer] Calibration Base
2021-08,IEF,0.0,TabICL[Direct allocation scorer] Calibration Base
2021-09,IEF,0.0,TabICL[Direct allocation scorer] Calibration Base
2021-10,IEF,0.0,TabICL[Direct allocation scorer] Calibration Base
2021-11,IEF,0.0,TabICL[Direct allocation scorer] Calibration Base
2021-12,IEF,0.0,TabICL[Direct allocation scorer] Calibration Base
2022-01,IEF,0.0,TabICL[Direct allocation scorer] Calibration Base
2022-02,IEF,0.0,TabICL[Direct allocation scorer] Calibration Base
2022-03,IEF,0.0,TabICL[Direct allocation scorer] Calibration Base
2022-04,IEF,0.0,TabICL[Direct allocation scorer] Calibration Base
2022-05,IEF,0.0,TabICL[Direct allocation scorer] Calibration Base
2022-06,IEF,0.0,TabICL[Direct allocation scorer] Calibration Base
2022-07,IEF,0.0,TabICL[Direct allocation scorer] Calibration Base
2022-08,IEF,0.0,TabICL[Direct allocation scorer] Calibration Base
2022-09,IEF,0.0,TabICL[Direct allocation scorer] Calibration Base
2022-10,IEF,0.0,TabICL[Direct allocation scorer] Calibration Base
2022-11,IEF,0.0,TabICL[Direct allocation scorer] Calibration Base
2022-12,IEF,0.0,TabICL[Direct allocation scorer] Calibration Base
2023-01,IEF,0.0,TabICL[Direct allocation scorer] Calibration Base
2023-02,IEF,0.0,TabICL[Direct allocation scorer] Calibration Base
2023-03,IEF,0.0,TabICL[Direct allocation scorer] Calibration Base
2023-04,IEF,0.0,TabICL[Direct allocation scorer] Calibration Base
2023-05,IEF,0.0,TabICL[Direct allocation scorer] Calibration Base
2023-06,IEF,0.0,TabICL[Direct allocation scorer] Calibration Base
2023-07,IEF,0.0,TabICL[Direct allocation scorer] Calibration Base
2023-08,IEF,0.0,TabICL[Direct allocation scorer] Calibration Base
2023-09,IEF,0.0,TabICL[Direct allocation scorer] Calibration Base
2023-10,IEF,0.0,TabICL[Direct allocation scorer] Calibration Base
2023-11,IEF,0.0,TabICL[Direct allocation scorer] Calibration Base
2023-12,IEF,0.0,TabICL[Direct allocation scorer] Calibration Base
2024-01,IEF,0.0,TabICL[Direct allocation scorer] Calibration Base
2024-02,IEF,0.0,TabICL[Direct allocation scorer] Calibration Base
2024-03,IEF,0.0,TabICL[Direct allocation scorer] Calibration Base
2024-04,IEF,0.0,TabICL[Direct allocation scorer] Calibration Base
2024-05,IEF,0.0,TabICL[Direct allocation scorer] Calibration Base
2024-06,IEF,0.0,TabICL[Direct allocation scorer] Calibration Base
2024-07,IEF,0.0,TabICL[Direct allocation scorer] Calibration Base
2024-08,IEF,0.0,TabICL[Direct allocation scorer] Calibration Base
2024-09,IEF,0.0,TabICL[Direct allocation scorer] Calibration Base
2024-10,IEF,0.0,TabICL[Direct allocation scorer] Calibration Base
2024-11,IEF,0.0,TabICL[Direct allocation scorer] Calibration Base
2024-12,IEF,0.0,TabICL[Direct allocation scorer] Calibration Base
2025-01,IEF,0.0,TabICL[Direct allocation scorer] Calibration Base
2025-02,IEF,0.0,TabICL[Direct allocation scorer] Calibration Base
2025-03,IEF,0.0,TabICL[Direct allocation scorer] Calibration Base
2025-04,IEF,0.3333333333333333,TabICL[Direct allocation scorer] Calibration Base
2025-05,IEF,0.0,TabICL[Direct allocation scorer] Calibration Base
2025-06,IEF,0.0,TabICL[Direct allocation scorer] Calibration Base
2025-07,IEF,0.0,TabICL[Direct allocation scorer] Calibration Base
2025-08,IEF,0.0,TabICL[Direct allocation scorer] Calibration Base
2025-09,IEF,0.0,TabICL[Direct allocation scorer] Calibration Base
2025-10,IEF,0.0,TabICL[Direct allocation scorer] Calibration Base
2025-11,IEF,0.0,TabICL[Direct allocation scorer] Calibration Base
2025-12,IEF,0.0,TabICL[Direct allocation scorer] Calibration Base
2026-01,IEF,0.0,TabICL[Direct allocation scorer] Calibration Base
2026-02,IEF,0.0,TabICL[Direct allocation scorer] Calibration Base
2026-03,IEF,0.0,TabICL[Direct allocation scorer] Calibration Base
2020-01,IWM,0.3333333333333333,TabICL[Direct allocation scorer] Calibration Base
2020-02,IWM,0.3333333333333333,TabICL[Direct allocation scorer] Calibration Base
2020-03,IWM,0.0,TabICL[Direct allocation scorer] Calibration Base
2020-04,IWM,0.0,TabICL[Direct allocation scorer] Calibration Base
2020-05,IWM,0.3333333333333333,TabICL[Direct allocation scorer] Calibration Base
2020-06,IWM,0.0,TabICL[Direct allocation scorer] Calibration Base
2020-07,IWM,0.3333333333333333,TabICL[Direct allocation scorer] Calibration Base
2020-08,IWM,0.3333333333333333,TabICL[Direct allocation scorer] Calibration Base
2020-09,IWM,0.3333333333333333,TabICL[Direct allocation scorer] Calibration Base
2020-10,IWM,0.3333333333333333,TabICL[Direct allocation scorer] Calibration Base
2020-11,IWM,0.3333333333333333,TabICL[Direct allocation scorer] Calibration Base
2020-12,IWM,0.3333333333333333,TabICL[Direct allocation scorer] Calibration Base
2021-01,IWM,0.0,TabICL[Direct allocation scorer] Calibration Base
2021-02,IWM,0.3333333333333333,TabICL[Direct allocation scorer] Calibration Base
2021-03,IWM,0.3333333333333333,TabICL[Direct allocation scorer] Calibration Base
2021-04,IWM,0.3333333333333333,TabICL[Direct allocation scorer] Calibration Base
2021-05,IWM,0.3333333333333333,TabICL[Direct allocation scorer] Calibration Base
2021-06,IWM,0.3333333333333333,TabICL[Direct allocation scorer] Calibration Base
2021-07,IWM,0.3333333333333333,TabICL[Direct allocation scorer] Calibration Base
2021-08,IWM,0.3333333333333333,TabICL[Direct allocation scorer] Calibration Base
2021-09,IWM,0.3333333333333333,TabICL[Direct allocation scorer] Calibration Base
2021-10,IWM,0.3333333333333333,TabICL[Direct allocation scorer] Calibration Base
2021-11,IWM,0.3333333333333333,TabICL[Direct allocation scorer] Calibration Base
2021-12,IWM,0.3333333333333333,TabICL[Direct allocation scorer] Calibration Base
2022-01,IWM,0.3333333333333333,TabICL[Direct allocation scorer] Calibration Base
2022-02,IWM,0.3333333333333333,TabICL[Direct allocation scorer] Calibration Base
2022-03,IWM,0.3333333333333333,TabICL[Direct allocation scorer] Calibration Base
2022-04,IWM,0.0,TabICL[Direct allocation scorer] Calibration Base
2022-05,IWM,0.0,TabICL[Direct allocation scorer] Calibration Base
2022-06,IWM,0.0,TabICL[Direct allocation scorer] Calibration Base
2022-07,IWM,0.3333333333333333,TabICL[Direct allocation scorer] Calibration Base
2022-08,IWM,0.3333333333333333,TabICL[Direct allocation scorer] Calibration Base
2022-09,IWM,0.0,TabICL[Direct allocation scorer] Calibration Base
2022-10,IWM,0.3333333333333333,TabICL[Direct allocation scorer] Calibration Base
2022-11,IWM,0.3333333333333333,TabICL[Direct allocation scorer] Calibration Base
2022-12,IWM,0.0,TabICL[Direct allocation scorer] Calibration Base
2023-01,IWM,0.3333333333333333,TabICL[Direct allocation scorer] Calibration Base
2023-02,IWM,0.0,TabICL[Direct allocation scorer] Calibration Base
2023-03,IWM,0.3333333333333333,TabICL[Direct allocation scorer] Calibration Base
2023-04,IWM,0.3333333333333333,TabICL[Direct allocation scorer] Calibration Base
2023-05,IWM,0.3333333333333333,TabICL[Direct allocation scorer] Calibration Base
2023-06,IWM,0.3333333333333333,TabICL[Direct allocation scorer] Calibration Base
2023-07,IWM,0.3333333333333333,TabICL[Direct allocation scorer] Calibration Base
2023-08,IWM,0.3333333333333333,TabICL[Direct allocation scorer] Calibration Base
2023-09,IWM,0.3333333333333333,TabICL[Direct allocation scorer] Calibration Base
2023-10,IWM,0.0,TabICL[Direct allocation scorer] Calibration Base
2023-11,IWM,0.0,TabICL[Direct allocation scorer] Calibration Base
2023-12,IWM,0.3333333333333333,TabICL[Direct allocation scorer] Calibration Base
2024-01,IWM,0.3333333333333333,TabICL[Direct allocation scorer] Calibration Base
2024-02,IWM,0.3333333333333333,TabICL[Direct allocation scorer] Calibration Base
2024-03,IWM,0.3333333333333333,TabICL[Direct allocation scorer] Calibration Base
2024-04,IWM,0.0,TabICL[Direct allocation scorer] Calibration Base
2024-05,IWM,0.3333333333333333,TabICL[Direct allocation scorer] Calibration Base
2024-06,IWM,0.3333333333333333,TabICL[Direct allocation scorer] Calibration Base
2024-07,IWM,0.0,TabICL[Direct allocation scorer] Calibration Base
2024-08,IWM,0.3333333333333333,TabICL[Direct allocation scorer] Calibration Base
2024-09,IWM,0.3333333333333333,TabICL[Direct allocation scorer] Calibration Base
2024-10,IWM,0.3333333333333333,TabICL[Direct allocation scorer] Calibration Base
2024-11,IWM,0.3333333333333333,TabICL[Direct allocation scorer] Calibration Base
2024-12,IWM,0.3333333333333333,TabICL[Direct allocation scorer] Calibration Base
2025-01,IWM,0.3333333333333333,TabICL[Direct allocation scorer] Calibration Base
2025-02,IWM,0.3333333333333333,TabICL[Direct allocation scorer] Calibration Base
2025-03,IWM,0.3333333333333333,TabICL[Direct allocation scorer] Calibration Base
2025-04,IWM,0.0,TabICL[Direct allocation scorer] Calibration Base
2025-05,IWM,0.0,TabICL[Direct allocation scorer] Calibration Base
2025-06,IWM,0.3333333333333333,TabICL[Direct allocation scorer] Calibration Base
2025-07,IWM,0.0,TabICL[Direct allocation scorer] Calibration Base
2025-08,IWM,0.3333333333333333,TabICL[Direct allocation scorer] Calibration Base
2025-09,IWM,0.3333333333333333,TabICL[Direct allocation scorer] Calibration Base
2025-10,IWM,0.3333333333333333,TabICL[Direct allocation scorer] Calibration Base
2025-11,IWM,0.0,TabICL[Direct allocation scorer] Calibration Base
2025-12,IWM,0.3333333333333333,TabICL[Direct allocation scorer] Calibration Base
2026-01,IWM,0.3333333333333333,TabICL[Direct allocation scorer] Calibration Base
2026-02,IWM,0.3333333333333333,TabICL[Direct allocation scorer] Calibration Base
2026-03,IWM,0.0,TabICL[Direct allocation scorer] Calibration Base
2020-01,QQQ,0.3333333333333333,TabICL[Direct allocation scorer] Calibration Base
2020-02,QQQ,0.3333333333333333,TabICL[Direct allocation scorer] Calibration Base
2020-03,QQQ,0.3333333333333333,TabICL[Direct allocation scorer] Calibration Base
2020-04,QQQ,0.3333333333333333,TabICL[Direct allocation scorer] Calibration Base
2020-05,QQQ,0.3333333333333333,TabICL[Direct allocation scorer] Calibration Base
2020-06,QQQ,0.3333333333333333,TabICL[Direct allocation scorer] Calibration Base
2020-07,QQQ,0.3333333333333333,TabICL[Direct allocation scorer] Calibration Base
2020-08,QQQ,0.3333333333333333,TabICL[Direct allocation scorer] Calibration Base
2020-09,QQQ,0.3333333333333333,TabICL[Direct allocation scorer] Calibration Base
2020-10,QQQ,0.3333333333333333,TabICL[Direct allocation scorer] Calibration Base
2020-11,QQQ,0.3333333333333333,TabICL[Direct allocation scorer] Calibration Base
2020-12,QQQ,0.3333333333333333,TabICL[Direct allocation scorer] Calibration Base
2021-01,QQQ,0.3333333333333333,TabICL[Direct allocation scorer] Calibration Base
2021-02,QQQ,0.3333333333333333,TabICL[Direct allocation scorer] Calibration Base
2021-03,QQQ,0.3333333333333333,TabICL[Direct allocation scorer] Calibration Base
2021-04,QQQ,0.3333333333333333,TabICL[Direct allocation scorer] Calibration Base
2021-05,QQQ,0.3333333333333333,TabICL[Direct allocation scorer] Calibration Base
2021-06,QQQ,0.3333333333333333,TabICL[Direct allocation scorer] Calibration Base
2021-07,QQQ,0.3333333333333333,TabICL[Direct allocation scorer] Calibration Base
2021-08,QQQ,0.3333333333333333,TabICL[Direct allocation scorer] Calibration Base
2021-09,QQQ,0.3333333333333333,TabICL[Direct allocation scorer] Calibration Base
2021-10,QQQ,0.3333333333333333,TabICL[Direct allocation scorer] Calibration Base
2021-11,QQQ,0.3333333333333333,TabICL[Direct allocation scorer] Calibration Base
2021-12,QQQ,0.3333333333333333,TabICL[Direct allocation scorer] Calibration Base
2022-01,QQQ,0.3333333333333333,TabICL[Direct allocation scorer] Calibration Base
2022-02,QQQ,0.3333333333333333,TabICL[Direct allocation scorer] Calibration Base
2022-03,QQQ,0.3333333333333333,TabICL[Direct allocation scorer] Calibration Base
2022-04,QQQ,0.3333333333333333,TabICL[Direct allocation scorer] Calibration Base
2022-05,QQQ,0.3333333333333333,TabICL[Direct allocation scorer] Calibration Base
2022-06,QQQ,0.3333333333333333,TabICL[Direct allocation scorer] Calibration Base
2022-07,QQQ,0.3333333333333333,TabICL[Direct allocation scorer] Calibration Base
2022-08,QQQ,0.3333333333333333,TabICL[Direct allocation scorer] Calibration Base
2022-09,QQQ,0.3333333333333333,TabICL[Direct allocation scorer] Calibration Base
2022-10,QQQ,0.3333333333333333,TabICL[Direct allocation scorer] Calibration Base
2022-11,QQQ,0.3333333333333333,TabICL[Direct allocation scorer] Calibration Base
2022-12,QQQ,0.3333333333333333,TabICL[Direct allocation scorer] Calibration Base
2023-01,QQQ,0.3333333333333333,TabICL[Direct allocation scorer] Calibration Base
2023-02,QQQ,0.3333333333333333,TabICL[Direct allocation scorer] Calibration Base
2023-03,QQQ,0.3333333333333333,TabICL[Direct allocation scorer] Calibration Base
2023-04,QQQ,0.3333333333333333,TabICL[Direct allocation scorer] Calibration Base
2023-05,QQQ,0.3333333333333333,TabICL[Direct allocation scorer] Calibration Base
2023-06,QQQ,0.3333333333333333,TabICL[Direct allocation scorer] Calibration Base
2023-07,QQQ,0.3333333333333333,TabICL[Direct allocation scorer] Calibration Base
2023-08,QQQ,0.3333333333333333,TabICL[Direct allocation scorer] Calibration Base
2023-09,QQQ,0.3333333333333333,TabICL[Direct allocation scorer] Calibration Base
2023-10,QQQ,0.3333333333333333,TabICL[Direct allocation scorer] Calibration Base
2023-11,QQQ,0.3333333333333333,TabICL[Direct allocation scorer] Calibration Base
2023-12,QQQ,0.3333333333333333,TabICL[Direct allocation scorer] Calibration Base
2024-01,QQQ,0.3333333333333333,TabICL[Direct allocation scorer] Calibration Base
2024-02,QQQ,0.3333333333333333,TabICL[Direct allocation scorer] Calibration Base
2024-03,QQQ,0.3333333333333333,TabICL[Direct allocation scorer] Calibration Base
2024-04,QQQ,0.3333333333333333,TabICL[Direct allocation scorer] Calibration Base
2024-05,QQQ,0.3333333333333333,TabICL[Direct allocation scorer] Calibration Base
2024-06,QQQ,0.3333333333333333,TabICL[Direct allocation scorer] Calibration Base
2024-07,QQQ,0.3333333333333333,TabICL[Direct allocation scorer] Calibration Base
2024-08,QQQ,0.3333333333333333,TabICL[Direct allocation scorer] Calibration Base
2024-09,QQQ,0.3333333333333333,TabICL[Direct allocation scorer] Calibration Base
2024-10,QQQ,0.3333333333333333,TabICL[Direct allocation scorer] Calibration Base
2024-11,QQQ,0.3333333333333333,TabICL[Direct allocation scorer] Calibration Base
2024-12,QQQ,0.3333333333333333,TabICL[Direct allocation scorer] Calibration Base
2025-01,QQQ,0.3333333333333333,TabICL[Direct allocation scorer] Calibration Base
2025-02,QQQ,0.3333333333333333,TabICL[Direct allocation scorer] Calibration Base
2025-03,QQQ,0.3333333333333333,TabICL[Direct allocation scorer] Calibration Base
2025-04,QQQ,0.0,TabICL[Direct allocation scorer] Calibration Base
2025-05,QQQ,0.3333333333333333,TabICL[Direct allocation scorer] Calibration Base
2025-06,QQQ,0.3333333333333333,TabICL[Direct allocation scorer] Calibration Base
2025-07,QQQ,0.3333333333333333,TabICL[Direct allocation scorer] Calibration Base
2025-08,QQQ,0.3333333333333333,TabICL[Direct allocation scorer] Calibration Base
2025-09,QQQ,0.3333333333333333,TabICL[Direct allocation scorer] Calibration Base
2025-10,QQQ,0.3333333333333333,TabICL[Direct allocation scorer] Calibration Base
2025-11,QQQ,0.3333333333333333,TabICL[Direct allocation scorer] Calibration Base
2025-12,QQQ,0.3333333333333333,TabICL[Direct allocation scorer] Calibration Base
2026-01,QQQ,0.3333333333333333,TabICL[Direct allocation scorer] Calibration Base
2026-02,QQQ,0.3333333333333333,TabICL[Direct allocation scorer] Calibration Base
2026-03,QQQ,0.3333333333333333,TabICL[Direct allocation scorer] Calibration Base
2020-01,SPY,0.3333333333333333,TabICL[Direct allocation scorer] Calibration Base
2020-02,SPY,0.0,TabICL[Direct allocation scorer] Calibration Base
2020-03,SPY,0.0,TabICL[Direct allocation scorer] Calibration Base
2020-04,SPY,0.0,TabICL[Direct allocation scorer] Calibration Base
2020-05,SPY,0.0,TabICL[Direct allocation scorer] Calibration Base
2020-06,SPY,0.0,TabICL[Direct allocation scorer] Calibration Base
2020-07,SPY,0.0,TabICL[Direct allocation scorer] Calibration Base
2020-08,SPY,0.0,TabICL[Direct allocation scorer] Calibration Base
2020-09,SPY,0.0,TabICL[Direct allocation scorer] Calibration Base
2020-10,SPY,0.0,TabICL[Direct allocation scorer] Calibration Base
2020-11,SPY,0.0,TabICL[Direct allocation scorer] Calibration Base
2020-12,SPY,0.3333333333333333,TabICL[Direct allocation scorer] Calibration Base
2021-01,SPY,0.3333333333333333,TabICL[Direct allocation scorer] Calibration Base
2021-02,SPY,0.0,TabICL[Direct allocation scorer] Calibration Base
2021-03,SPY,0.0,TabICL[Direct allocation scorer] Calibration Base
2021-04,SPY,0.0,TabICL[Direct allocation scorer] Calibration Base
2021-05,SPY,0.0,TabICL[Direct allocation scorer] Calibration Base
2021-06,SPY,0.0,TabICL[Direct allocation scorer] Calibration Base
2021-07,SPY,0.3333333333333333,TabICL[Direct allocation scorer] Calibration Base
2021-08,SPY,0.3333333333333333,TabICL[Direct allocation scorer] Calibration Base
2021-09,SPY,0.3333333333333333,TabICL[Direct allocation scorer] Calibration Base
2021-10,SPY,0.3333333333333333,TabICL[Direct allocation scorer] Calibration Base
2021-11,SPY,0.3333333333333333,TabICL[Direct allocation scorer] Calibration Base
2021-12,SPY,0.3333333333333333,TabICL[Direct allocation scorer] Calibration Base
2022-01,SPY,0.0,TabICL[Direct allocation scorer] Calibration Base
2022-02,SPY,0.0,TabICL[Direct allocation scorer] Calibration Base
2022-03,SPY,0.0,TabICL[Direct allocation scorer] Calibration Base
2022-04,SPY,0.0,TabICL[Direct allocation scorer] Calibration Base
2022-05,SPY,0.0,TabICL[Direct allocation scorer] Calibration Base
2022-06,SPY,0.0,TabICL[Direct allocation scorer] Calibration Base
2022-07,SPY,0.0,TabICL[Direct allocation scorer] Calibration Base
2022-08,SPY,0.0,TabICL[Direct allocation scorer] Calibration Base
2022-09,SPY,0.0,TabICL[Direct allocation scorer] Calibration Base
2022-10,SPY,0.0,TabICL[Direct allocation scorer] Calibration Base
2022-11,SPY,0.0,TabICL[Direct allocation scorer] Calibration Base
2022-12,SPY,0.0,TabICL[Direct allocation scorer] Calibration Base
2023-01,SPY,0.0,TabICL[Direct allocation scorer] Calibration Base
2023-02,SPY,0.0,TabICL[Direct allocation scorer] Calibration Base
2023-03,SPY,0.0,TabICL[Direct allocation scorer] Calibration Base
2023-04,SPY,0.0,TabICL[Direct allocation scorer] Calibration Base
2023-05,SPY,0.0,TabICL[Direct allocation scorer] Calibration Base
2023-06,SPY,0.0,TabICL[Direct allocation scorer] Calibration Base
2023-07,SPY,0.0,TabICL[Direct allocation scorer] Calibration Base
2023-08,SPY,0.3333333333333333,TabICL[Direct allocation scorer] Calibration Base
2023-09,SPY,0.0,TabICL[Direct allocation scorer] Calibration Base
2023-10,SPY,0.0,TabICL[Direct allocation scorer] Calibration Base
2023-11,SPY,0.0,TabICL[Direct allocation scorer] Calibration Base
2023-12,SPY,0.0,TabICL[Direct allocation scorer] Calibration Base
2024-01,SPY,0.0,TabICL[Direct allocation scorer] Calibration Base
2024-02,SPY,0.0,TabICL[Direct allocation scorer] Calibration Base
2024-03,SPY,0.0,TabICL[Direct allocation scorer] Calibration Base
2024-04,SPY,0.0,TabICL[Direct allocation scorer] Calibration Base
2024-05,SPY,0.0,TabICL[Direct allocation scorer] Calibration Base
2024-06,SPY,0.0,TabICL[Direct allocation scorer] Calibration Base
2024-07,SPY,0.3333333333333333,TabICL[Direct allocation scorer] Calibration Base
2024-08,SPY,0.0,TabICL[Direct allocation scorer] Calibration Base
2024-09,SPY,0.0,TabICL[Direct allocation scorer] Calibration Base
2024-10,SPY,0.0,TabICL[Direct allocation scorer] Calibration Base
2024-11,SPY,0.0,TabICL[Direct allocation scorer] Calibration Base
2024-12,SPY,0.0,TabICL[Direct allocation scorer] Calibration Base
2025-01,SPY,0.0,TabICL[Direct allocation scorer] Calibration Base
2025-02,SPY,0.0,TabICL[Direct allocation scorer] Calibration Base
2025-03,SPY,0.0,TabICL[Direct allocation scorer] Calibration Base
2025-04,SPY,0.0,TabICL[Direct allocation scorer] Calibration Base
2025-05,SPY,0.0,TabICL[Direct allocation scorer] Calibration Base
2025-06,SPY,0.0,TabICL[Direct allocation scorer] Calibration Base
2025-07,SPY,0.0,TabICL[Direct allocation scorer] Calibration Base
2025-08,SPY,0.0,TabICL[Direct allocation scorer] Calibration Base
2025-09,SPY,0.3333333333333333,TabICL[Direct allocation scorer] Calibration Base
2025-10,SPY,0.0,TabICL[Direct allocation scorer] Calibration Base
2025-11,SPY,0.0,TabICL[Direct allocation scorer] Calibration Base
2025-12,SPY,0.0,TabICL[Direct allocation scorer] Calibration Base
2026-01,SPY,0.0,TabICL[Direct allocation scorer] Calibration Base
2026-02,SPY,0.0,TabICL[Direct allocation scorer] Calibration Base
2026-03,SPY,0.0,TabICL[Direct allocation scorer] Calibration Base
2020-01,TLT,0.0,TabICL[Direct allocation scorer] Calibration Base
2020-02,TLT,0.0,TabICL[Direct allocation scorer] Calibration Base
2020-03,TLT,0.3333333333333333,TabICL[Direct allocation scorer] Calibration Base
2020-04,TLT,0.3333333333333333,TabICL[Direct allocation scorer] Calibration Base
2020-05,TLT,0.0,TabICL[Direct allocation scorer] Calibration Base
2020-06,TLT,0.0,TabICL[Direct allocation scorer] Calibration Base
2020-07,TLT,0.0,TabICL[Direct allocation scorer] Calibration Base
2020-08,TLT,0.0,TabICL[Direct allocation scorer] Calibration Base
2020-09,TLT,0.0,TabICL[Direct allocation scorer] Calibration Base
2020-10,TLT,0.0,TabICL[Direct allocation scorer] Calibration Base
2020-11,TLT,0.0,TabICL[Direct allocation scorer] Calibration Base
2020-12,TLT,0.0,TabICL[Direct allocation scorer] Calibration Base
2021-01,TLT,0.0,TabICL[Direct allocation scorer] Calibration Base
2021-02,TLT,0.0,TabICL[Direct allocation scorer] Calibration Base
2021-03,TLT,0.0,TabICL[Direct allocation scorer] Calibration Base
2021-04,TLT,0.0,TabICL[Direct allocation scorer] Calibration Base
2021-05,TLT,0.0,TabICL[Direct allocation scorer] Calibration Base
2021-06,TLT,0.0,TabICL[Direct allocation scorer] Calibration Base
2021-07,TLT,0.0,TabICL[Direct allocation scorer] Calibration Base
2021-08,TLT,0.0,TabICL[Direct allocation scorer] Calibration Base
2021-09,TLT,0.0,TabICL[Direct allocation scorer] Calibration Base
2021-10,TLT,0.0,TabICL[Direct allocation scorer] Calibration Base
2021-11,TLT,0.0,TabICL[Direct allocation scorer] Calibration Base
2021-12,TLT,0.0,TabICL[Direct allocation scorer] Calibration Base
2022-01,TLT,0.0,TabICL[Direct allocation scorer] Calibration Base
2022-02,TLT,0.0,TabICL[Direct allocation scorer] Calibration Base
2022-03,TLT,0.0,TabICL[Direct allocation scorer] Calibration Base
2022-04,TLT,0.0,TabICL[Direct allocation scorer] Calibration Base
2022-05,TLT,0.0,TabICL[Direct allocation scorer] Calibration Base
2022-06,TLT,0.0,TabICL[Direct allocation scorer] Calibration Base
2022-07,TLT,0.0,TabICL[Direct allocation scorer] Calibration Base
2022-08,TLT,0.0,TabICL[Direct allocation scorer] Calibration Base
2022-09,TLT,0.0,TabICL[Direct allocation scorer] Calibration Base
2022-10,TLT,0.0,TabICL[Direct allocation scorer] Calibration Base
2022-11,TLT,0.0,TabICL[Direct allocation scorer] Calibration Base
2022-12,TLT,0.0,TabICL[Direct allocation scorer] Calibration Base
2023-01,TLT,0.0,TabICL[Direct allocation scorer] Calibration Base
2023-02,TLT,0.0,TabICL[Direct allocation scorer] Calibration Base
2023-03,TLT,0.0,TabICL[Direct allocation scorer] Calibration Base
2023-04,TLT,0.0,TabICL[Direct allocation scorer] Calibration Base
2023-05,TLT,0.0,TabICL[Direct allocation scorer] Calibration Base
2023-06,TLT,0.0,TabICL[Direct allocation scorer] Calibration Base
2023-07,TLT,0.0,TabICL[Direct allocation scorer] Calibration Base
2023-08,TLT,0.0,TabICL[Direct allocation scorer] Calibration Base
2023-09,TLT,0.0,TabICL[Direct allocation scorer] Calibration Base
2023-10,TLT,0.0,TabICL[Direct allocation scorer] Calibration Base
2023-11,TLT,0.0,TabICL[Direct allocation scorer] Calibration Base
2023-12,TLT,0.0,TabICL[Direct allocation scorer] Calibration Base
2024-01,TLT,0.0,TabICL[Direct allocation scorer] Calibration Base
2024-02,TLT,0.0,TabICL[Direct allocation scorer] Calibration Base
2024-03,TLT,0.0,TabICL[Direct allocation scorer] Calibration Base
2024-04,TLT,0.0,TabICL[Direct allocation scorer] Calibration Base
2024-05,TLT,0.0,TabICL[Direct allocation scorer] Calibration Base
2024-06,TLT,0.0,TabICL[Direct allocation scorer] Calibration Base
2024-07,TLT,0.0,TabICL[Direct allocation scorer] Calibration Base
2024-08,TLT,0.0,TabICL[Direct allocation scorer] Calibration Base
2024-09,TLT,0.0,TabICL[Direct allocation scorer] Calibration Base
2024-10,TLT,0.0,TabICL[Direct allocation scorer] Calibration Base
2024-11,TLT,0.0,TabICL[Direct allocation scorer] Calibration Base
2024-12,TLT,0.0,TabICL[Direct allocation scorer] Calibration Base
2025-01,TLT,0.0,TabICL[Direct allocation scorer] Calibration Base
2025-02,TLT,0.0,TabICL[Direct allocation scorer] Calibration Base
2025-03,TLT,0.3333333333333333,TabICL[Direct allocation scorer] Calibration Base
2025-04,TLT,0.3333333333333333,TabICL[Direct allocation scorer] Calibration Base
2025-05,TLT,0.3333333333333333,TabICL[Direct allocation scorer] Calibration Base
2025-06,TLT,0.0,TabICL[Direct allocation scorer] Calibration Base
2025-07,TLT,0.0,TabICL[Direct allocation scorer] Calibration Base
2025-08,TLT,0.0,TabICL[Direct allocation scorer] Calibration Base
2025-09,TLT,0.0,TabICL[Direct allocation scorer] Calibration Base
2025-10,TLT,0.3333333333333333,TabICL[Direct allocation scorer] Calibration Base
2025-11,TLT,0.3333333333333333,TabICL[Direct allocation scorer] Calibration Base
2025-12,TLT,0.0,TabICL[Direct allocation scorer] Calibration Base
2026-01,TLT,0.3333333333333333,TabICL[Direct allocation scorer] Calibration Base
2026-02,TLT,0.0,TabICL[Direct allocation scorer] Calibration Base
2026-03,TLT,0.3333333333333333,TabICL[Direct allocation scorer] Calibration Base
2020-01,VNQ,0.0,TabICL[Direct allocation scorer] Calibration Base
2020-02,VNQ,0.0,TabICL[Direct allocation scorer] Calibration Base
2020-03,VNQ,0.0,TabICL[Direct allocation scorer] Calibration Base
2020-04,VNQ,0.0,TabICL[Direct allocation scorer] Calibration Base
2020-05,VNQ,0.3333333333333333,TabICL[Direct allocation scorer] Calibration Base
2020-06,VNQ,0.3333333333333333,TabICL[Direct allocation scorer] Calibration Base
2020-07,VNQ,0.3333333333333333,TabICL[Direct allocation scorer] Calibration Base
2020-08,VNQ,0.3333333333333333,TabICL[Direct allocation scorer] Calibration Base
2020-09,VNQ,0.3333333333333333,TabICL[Direct allocation scorer] Calibration Base
2020-10,VNQ,0.3333333333333333,TabICL[Direct allocation scorer] Calibration Base
2020-11,VNQ,0.3333333333333333,TabICL[Direct allocation scorer] Calibration Base
2020-12,VNQ,0.0,TabICL[Direct allocation scorer] Calibration Base
2021-01,VNQ,0.3333333333333333,TabICL[Direct allocation scorer] Calibration Base
2021-02,VNQ,0.0,TabICL[Direct allocation scorer] Calibration Base
2021-03,VNQ,0.0,TabICL[Direct allocation scorer] Calibration Base
2021-04,VNQ,0.0,TabICL[Direct allocation scorer] Calibration Base
2021-05,VNQ,0.0,TabICL[Direct allocation scorer] Calibration Base
2021-06,VNQ,0.0,TabICL[Direct allocation scorer] Calibration Base
2021-07,VNQ,0.0,TabICL[Direct allocation scorer] Calibration Base
2021-08,VNQ,0.0,TabICL[Direct allocation scorer] Calibration Base
2021-09,VNQ,0.0,TabICL[Direct allocation scorer] Calibration Base
2021-10,VNQ,0.0,TabICL[Direct allocation scorer] Calibration Base
2021-11,VNQ,0.0,TabICL[Direct allocation scorer] Calibration Base
2021-12,VNQ,0.0,TabICL[Direct allocation scorer] Calibration Base
2022-01,VNQ,0.3333333333333333,TabICL[Direct allocation scorer] Calibration Base
2022-02,VNQ,0.3333333333333333,TabICL[Direct allocation scorer] Calibration Base
2022-03,VNQ,0.0,TabICL[Direct allocation scorer] Calibration Base
2022-04,VNQ,0.3333333333333333,TabICL[Direct allocation scorer] Calibration Base
2022-05,VNQ,0.3333333333333333,TabICL[Direct allocation scorer] Calibration Base
2022-06,VNQ,0.3333333333333333,TabICL[Direct allocation scorer] Calibration Base
2022-07,VNQ,0.3333333333333333,TabICL[Direct allocation scorer] Calibration Base
2022-08,VNQ,0.3333333333333333,TabICL[Direct allocation scorer] Calibration Base
2022-09,VNQ,0.3333333333333333,TabICL[Direct allocation scorer] Calibration Base
2022-10,VNQ,0.0,TabICL[Direct allocation scorer] Calibration Base
2022-11,VNQ,0.3333333333333333,TabICL[Direct allocation scorer] Calibration Base
2022-12,VNQ,0.3333333333333333,TabICL[Direct allocation scorer] Calibration Base
2023-01,VNQ,0.3333333333333333,TabICL[Direct allocation scorer] Calibration Base
2023-02,VNQ,0.3333333333333333,TabICL[Direct allocation scorer] Calibration Base
2023-03,VNQ,0.3333333333333333,TabICL[Direct allocation scorer] Calibration Base
2023-04,VNQ,0.3333333333333333,TabICL[Direct allocation scorer] Calibration Base
2023-05,VNQ,0.3333333333333333,TabICL[Direct allocation scorer] Calibration Base
2023-06,VNQ,0.3333333333333333,TabICL[Direct allocation scorer] Calibration Base
2023-07,VNQ,0.3333333333333333,TabICL[Direct allocation scorer] Calibration Base
2023-08,VNQ,0.0,TabICL[Direct allocation scorer] Calibration Base
2023-09,VNQ,0.0,TabICL[Direct allocation scorer] Calibration Base
2023-10,VNQ,0.0,TabICL[Direct allocation scorer] Calibration Base
2023-11,VNQ,0.0,TabICL[Direct allocation scorer] Calibration Base
2023-12,VNQ,0.0,TabICL[Direct allocation scorer] Calibration Base
2024-01,VNQ,0.3333333333333333,TabICL[Direct allocation scorer] Calibration Base
2024-02,VNQ,0.3333333333333333,TabICL[Direct allocation scorer] Calibration Base
2024-03,VNQ,0.3333333333333333,TabICL[Direct allocation scorer] Calibration Base
2024-04,VNQ,0.0,TabICL[Direct allocation scorer] Calibration Base
2024-05,VNQ,0.0,TabICL[Direct allocation scorer] Calibration Base
2024-06,VNQ,0.0,TabICL[Direct allocation scorer] Calibration Base
2024-07,VNQ,0.0,TabICL[Direct allocation scorer] Calibration Base
2024-08,VNQ,0.0,TabICL[Direct allocation scorer] Calibration Base
2024-09,VNQ,0.0,TabICL[Direct allocation scorer] Calibration Base
2024-10,VNQ,0.0,TabICL[Direct allocation scorer] Calibration Base
2024-11,VNQ,0.0,TabICL[Direct allocation scorer] Calibration Base
2024-12,VNQ,0.0,TabICL[Direct allocation scorer] Calibration Base
2025-01,VNQ,0.0,TabICL[Direct allocation scorer] Calibration Base
2025-02,VNQ,0.0,TabICL[Direct allocation scorer] Calibration Base
2025-03,VNQ,0.0,TabICL[Direct allocation scorer] Calibration Base
2025-04,VNQ,0.0,TabICL[Direct allocation scorer] Calibration Base
2025-05,VNQ,0.0,TabICL[Direct allocation scorer] Calibration Base
2025-06,VNQ,0.0,TabICL[Direct allocation scorer] Calibration Base
2025-07,VNQ,0.0,TabICL[Direct allocation scorer] Calibration Base
2025-08,VNQ,0.0,TabICL[Direct allocation scorer] Calibration Base
2025-09,VNQ,0.0,TabICL[Direct allocation scorer] Calibration Base
2025-10,VNQ,0.0,TabICL[Direct allocation scorer] Calibration Base
2025-11,VNQ,0.0,TabICL[Direct allocation scorer] Calibration Base
2025-12,VNQ,0.0,TabICL[Direct allocation scorer] Calibration Base
2026-01,VNQ,0.0,TabICL[Direct allocation scorer] Calibration Base
2026-02,VNQ,0.0,TabICL[Direct allocation scorer] Calibration Base
2026-03,VNQ,0.3333333333333333,TabICL[Direct allocation scorer] Calibration Base
2020-01,EEM,0.3333333333333333,TabPFN[Direct allocation scorer]
2020-02,EEM,0.0,TabPFN[Direct allocation scorer]
2020-03,EEM,0.3333333333333333,TabPFN[Direct allocation scorer]
2020-04,EEM,0.3333333333333333,TabPFN[Direct allocation scorer]
2020-05,EEM,0.3333333333333333,TabPFN[Direct allocation scorer]
2020-06,EEM,0.0,TabPFN[Direct allocation scorer]
2020-07,EEM,0.3333333333333333,TabPFN[Direct allocation scorer]
2020-08,EEM,0.0,TabPFN[Direct allocation scorer]
2020-09,EEM,0.0,TabPFN[Direct allocation scorer]
2020-10,EEM,0.0,TabPFN[Direct allocation scorer]
2020-11,EEM,0.0,TabPFN[Direct allocation scorer]
2020-12,EEM,0.0,TabPFN[Direct allocation scorer]
2021-01,EEM,0.0,TabPFN[Direct allocation scorer]
2021-02,EEM,0.3333333333333333,TabPFN[Direct allocation scorer]
2021-03,EEM,0.0,TabPFN[Direct allocation scorer]
2021-04,EEM,0.3333333333333333,TabPFN[Direct allocation scorer]
2021-05,EEM,0.3333333333333333,TabPFN[Direct allocation scorer]
2021-06,EEM,0.3333333333333333,TabPFN[Direct allocation scorer]
2021-07,EEM,0.0,TabPFN[Direct allocation scorer]
2021-08,EEM,0.3333333333333333,TabPFN[Direct allocation scorer]
2021-09,EEM,0.0,TabPFN[Direct allocation scorer]
2021-10,EEM,0.0,TabPFN[Direct allocation scorer]
2021-11,EEM,0.0,TabPFN[Direct allocation scorer]
2021-12,EEM,0.0,TabPFN[Direct allocation scorer]
2022-01,EEM,0.0,TabPFN[Direct allocation scorer]
2022-02,EEM,0.0,TabPFN[Direct allocation scorer]
2022-03,EEM,0.3333333333333333,TabPFN[Direct allocation scorer]
2022-04,EEM,0.0,TabPFN[Direct allocation scorer]
2022-05,EEM,0.3333333333333333,TabPFN[Direct allocation scorer]
2022-06,EEM,0.3333333333333333,TabPFN[Direct allocation scorer]
2022-07,EEM,0.3333333333333333,TabPFN[Direct allocation scorer]
2022-08,EEM,0.0,TabPFN[Direct allocation scorer]
2022-09,EEM,0.0,TabPFN[Direct allocation scorer]
2022-10,EEM,0.3333333333333333,TabPFN[Direct allocation scorer]
2022-11,EEM,0.0,TabPFN[Direct allocation scorer]
2022-12,EEM,0.0,TabPFN[Direct allocation scorer]
2023-01,EEM,0.0,TabPFN[Direct allocation scorer]
2023-02,EEM,0.0,TabPFN[Direct allocation scorer]
2023-03,EEM,0.0,TabPFN[Direct allocation scorer]
2023-04,EEM,0.0,TabPFN[Direct allocation scorer]
2023-05,EEM,0.0,TabPFN[Direct allocation scorer]
2023-06,EEM,0.0,TabPFN[Direct allocation scorer]
2023-07,EEM,0.0,TabPFN[Direct allocation scorer]
2023-08,EEM,0.0,TabPFN[Direct allocation scorer]
2023-09,EEM,0.0,TabPFN[Direct allocation scorer]
2023-10,EEM,0.0,TabPFN[Direct allocation scorer]
2023-11,EEM,0.0,TabPFN[Direct allocation scorer]
2023-12,EEM,0.0,TabPFN[Direct allocation scorer]
2024-01,EEM,0.0,TabPFN[Direct allocation scorer]
2024-02,EEM,0.0,TabPFN[Direct allocation scorer]
2024-03,EEM,0.0,TabPFN[Direct allocation scorer]
2024-04,EEM,0.0,TabPFN[Direct allocation scorer]
2024-05,EEM,0.0,TabPFN[Direct allocation scorer]
2024-06,EEM,0.0,TabPFN[Direct allocation scorer]
2024-07,EEM,0.0,TabPFN[Direct allocation scorer]
2024-08,EEM,0.0,TabPFN[Direct allocation scorer]
2024-09,EEM,0.3333333333333333,TabPFN[Direct allocation scorer]
2024-10,EEM,0.0,TabPFN[Direct allocation scorer]
2024-11,EEM,0.0,TabPFN[Direct allocation scorer]
2024-12,EEM,0.0,TabPFN[Direct allocation scorer]
2025-01,EEM,0.0,TabPFN[Direct allocation scorer]
2025-02,EEM,0.3333333333333333,TabPFN[Direct allocation scorer]
2025-03,EEM,0.0,TabPFN[Direct allocation scorer]
2025-04,EEM,0.3333333333333333,TabPFN[Direct allocation scorer]
2025-05,EEM,0.0,TabPFN[Direct allocation scorer]
2025-06,EEM,0.3333333333333333,TabPFN[Direct allocation scorer]
2025-07,EEM,0.0,TabPFN[Direct allocation scorer]
2025-08,EEM,0.3333333333333333,TabPFN[Direct allocation scorer]
2025-09,EEM,0.3333333333333333,TabPFN[Direct allocation scorer]
2025-10,EEM,0.3333333333333333,TabPFN[Direct allocation scorer]
2025-11,EEM,0.3333333333333333,TabPFN[Direct allocation scorer]
2025-12,EEM,0.3333333333333333,TabPFN[Direct allocation scorer]
2026-01,EEM,0.3333333333333333,TabPFN[Direct allocation scorer]
2026-02,EEM,0.3333333333333333,TabPFN[Direct allocation scorer]
2026-03,EEM,0.0,TabPFN[Direct allocation scorer]
2020-01,GLD,0.0,TabPFN[Direct allocation scorer]
2020-02,GLD,0.0,TabPFN[Direct allocation scorer]
2020-03,GLD,0.3333333333333333,TabPFN[Direct allocation scorer]
2020-04,GLD,0.0,TabPFN[Direct allocation scorer]
2020-05,GLD,0.0,TabPFN[Direct allocation scorer]
2020-06,GLD,0.0,TabPFN[Direct allocation scorer]
2020-07,GLD,0.0,TabPFN[Direct allocation scorer]
2020-08,GLD,0.3333333333333333,TabPFN[Direct allocation scorer]
2020-09,GLD,0.0,TabPFN[Direct allocation scorer]
2020-10,GLD,0.0,TabPFN[Direct allocation scorer]
2020-11,GLD,0.0,TabPFN[Direct allocation scorer]
2020-12,GLD,0.0,TabPFN[Direct allocation scorer]
2021-01,GLD,0.0,TabPFN[Direct allocation scorer]
2021-02,GLD,0.0,TabPFN[Direct allocation scorer]
2021-03,GLD,0.0,TabPFN[Direct allocation scorer]
2021-04,GLD,0.0,TabPFN[Direct allocation scorer]
2021-05,GLD,0.0,TabPFN[Direct allocation scorer]
2021-06,GLD,0.0,TabPFN[Direct allocation scorer]
2021-07,GLD,0.0,TabPFN[Direct allocation scorer]
2021-08,GLD,0.0,TabPFN[Direct allocation scorer]
2021-09,GLD,0.0,TabPFN[Direct allocation scorer]
2021-10,GLD,0.0,TabPFN[Direct allocation scorer]
2021-11,GLD,0.0,TabPFN[Direct allocation scorer]
2021-12,GLD,0.0,TabPFN[Direct allocation scorer]
2022-01,GLD,0.0,TabPFN[Direct allocation scorer]
2022-02,GLD,0.0,TabPFN[Direct allocation scorer]
2022-03,GLD,0.0,TabPFN[Direct allocation scorer]
2022-04,GLD,0.0,TabPFN[Direct allocation scorer]
2022-05,GLD,0.0,TabPFN[Direct allocation scorer]
2022-06,GLD,0.0,TabPFN[Direct allocation scorer]
2022-07,GLD,0.0,TabPFN[Direct allocation scorer]
2022-08,GLD,0.0,TabPFN[Direct allocation scorer]
2022-09,GLD,0.0,TabPFN[Direct allocation scorer]
2022-10,GLD,0.0,TabPFN[Direct allocation scorer]
2022-11,GLD,0.0,TabPFN[Direct allocation scorer]
2022-12,GLD,0.0,TabPFN[Direct allocation scorer]
2023-01,GLD,0.0,TabPFN[Direct allocation scorer]
2023-02,GLD,0.0,TabPFN[Direct allocation scorer]
2023-03,GLD,0.0,TabPFN[Direct allocation scorer]
2023-04,GLD,0.0,TabPFN[Direct allocation scorer]
2023-05,GLD,0.0,TabPFN[Direct allocation scorer]
2023-06,GLD,0.0,TabPFN[Direct allocation scorer]
2023-07,GLD,0.0,TabPFN[Direct allocation scorer]
2023-08,GLD,0.0,TabPFN[Direct allocation scorer]
2023-09,GLD,0.0,TabPFN[Direct allocation scorer]
2023-10,GLD,0.0,TabPFN[Direct allocation scorer]
2023-11,GLD,0.0,TabPFN[Direct allocation scorer]
2023-12,GLD,0.0,TabPFN[Direct allocation scorer]
2024-01,GLD,0.0,TabPFN[Direct allocation scorer]
2024-02,GLD,0.0,TabPFN[Direct allocation scorer]
2024-03,GLD,0.0,TabPFN[Direct allocation scorer]
2024-04,GLD,0.0,TabPFN[Direct allocation scorer]
2024-05,GLD,0.0,TabPFN[Direct allocation scorer]
2024-06,GLD,0.0,TabPFN[Direct allocation scorer]
2024-07,GLD,0.0,TabPFN[Direct allocation scorer]
2024-08,GLD,0.0,TabPFN[Direct allocation scorer]
2024-09,GLD,0.0,TabPFN[Direct allocation scorer]
2024-10,GLD,0.0,TabPFN[Direct allocation scorer]
2024-11,GLD,0.0,TabPFN[Direct allocation scorer]
2024-12,GLD,0.0,TabPFN[Direct allocation scorer]
2025-01,GLD,0.0,TabPFN[Direct allocation scorer]
2025-02,GLD,0.0,TabPFN[Direct allocation scorer]
2025-03,GLD,0.0,TabPFN[Direct allocation scorer]
2025-04,GLD,0.0,TabPFN[Direct allocation scorer]
2025-05,GLD,0.0,TabPFN[Direct allocation scorer]
2025-06,GLD,0.0,TabPFN[Direct allocation scorer]
2025-07,GLD,0.0,TabPFN[Direct allocation scorer]
2025-08,GLD,0.0,TabPFN[Direct allocation scorer]
2025-09,GLD,0.0,TabPFN[Direct allocation scorer]
2025-10,GLD,0.0,TabPFN[Direct allocation scorer]
2025-11,GLD,0.0,TabPFN[Direct allocation scorer]
2025-12,GLD,0.0,TabPFN[Direct allocation scorer]
2026-01,GLD,0.0,TabPFN[Direct allocation scorer]
2026-02,GLD,0.0,TabPFN[Direct allocation scorer]
2026-03,GLD,0.0,TabPFN[Direct allocation scorer]
2020-01,HYG,0.0,TabPFN[Direct allocation scorer]
2020-02,HYG,0.0,TabPFN[Direct allocation scorer]
2020-03,HYG,0.0,TabPFN[Direct allocation scorer]
2020-04,HYG,0.0,TabPFN[Direct allocation scorer]
2020-05,HYG,0.0,TabPFN[Direct allocation scorer]
2020-06,HYG,0.0,TabPFN[Direct allocation scorer]
2020-07,HYG,0.0,TabPFN[Direct allocation scorer]
2020-08,HYG,0.0,TabPFN[Direct allocation scorer]
2020-09,HYG,0.0,TabPFN[Direct allocation scorer]
2020-10,HYG,0.0,TabPFN[Direct allocation scorer]
2020-11,HYG,0.0,TabPFN[Direct allocation scorer]
2020-12,HYG,0.0,TabPFN[Direct allocation scorer]
2021-01,HYG,0.0,TabPFN[Direct allocation scorer]
2021-02,HYG,0.0,TabPFN[Direct allocation scorer]
2021-03,HYG,0.0,TabPFN[Direct allocation scorer]
2021-04,HYG,0.0,TabPFN[Direct allocation scorer]
2021-05,HYG,0.0,TabPFN[Direct allocation scorer]
2021-06,HYG,0.0,TabPFN[Direct allocation scorer]
2021-07,HYG,0.0,TabPFN[Direct allocation scorer]
2021-08,HYG,0.0,TabPFN[Direct allocation scorer]
2021-09,HYG,0.0,TabPFN[Direct allocation scorer]
2021-10,HYG,0.0,TabPFN[Direct allocation scorer]
2021-11,HYG,0.0,TabPFN[Direct allocation scorer]
2021-12,HYG,0.0,TabPFN[Direct allocation scorer]
2022-01,HYG,0.0,TabPFN[Direct allocation scorer]
2022-02,HYG,0.0,TabPFN[Direct allocation scorer]
2022-03,HYG,0.0,TabPFN[Direct allocation scorer]
2022-04,HYG,0.0,TabPFN[Direct allocation scorer]
2022-05,HYG,0.0,TabPFN[Direct allocation scorer]
2022-06,HYG,0.0,TabPFN[Direct allocation scorer]
2022-07,HYG,0.0,TabPFN[Direct allocation scorer]
2022-08,HYG,0.0,TabPFN[Direct allocation scorer]
2022-09,HYG,0.0,TabPFN[Direct allocation scorer]
2022-10,HYG,0.0,TabPFN[Direct allocation scorer]
2022-11,HYG,0.0,TabPFN[Direct allocation scorer]
2022-12,HYG,0.0,TabPFN[Direct allocation scorer]
2023-01,HYG,0.0,TabPFN[Direct allocation scorer]
2023-02,HYG,0.0,TabPFN[Direct allocation scorer]
2023-03,HYG,0.0,TabPFN[Direct allocation scorer]
2023-04,HYG,0.0,TabPFN[Direct allocation scorer]
2023-05,HYG,0.0,TabPFN[Direct allocation scorer]
2023-06,HYG,0.0,TabPFN[Direct allocation scorer]
2023-07,HYG,0.0,TabPFN[Direct allocation scorer]
2023-08,HYG,0.0,TabPFN[Direct allocation scorer]
2023-09,HYG,0.0,TabPFN[Direct allocation scorer]
2023-10,HYG,0.0,TabPFN[Direct allocation scorer]
2023-11,HYG,0.0,TabPFN[Direct allocation scorer]
2023-12,HYG,0.0,TabPFN[Direct allocation scorer]
2024-01,HYG,0.0,TabPFN[Direct allocation scorer]
2024-02,HYG,0.0,TabPFN[Direct allocation scorer]
2024-03,HYG,0.0,TabPFN[Direct allocation scorer]
2024-04,HYG,0.0,TabPFN[Direct allocation scorer]
2024-05,HYG,0.0,TabPFN[Direct allocation scorer]
2024-06,HYG,0.0,TabPFN[Direct allocation scorer]
2024-07,HYG,0.0,TabPFN[Direct allocation scorer]
2024-08,HYG,0.0,TabPFN[Direct allocation scorer]
2024-09,HYG,0.0,TabPFN[Direct allocation scorer]
2024-10,HYG,0.0,TabPFN[Direct allocation scorer]
2024-11,HYG,0.0,TabPFN[Direct allocation scorer]
2024-12,HYG,0.0,TabPFN[Direct allocation scorer]
2025-01,HYG,0.0,TabPFN[Direct allocation scorer]
2025-02,HYG,0.0,TabPFN[Direct allocation scorer]
2025-03,HYG,0.0,TabPFN[Direct allocation scorer]
2025-04,HYG,0.0,TabPFN[Direct allocation scorer]
2025-05,HYG,0.0,TabPFN[Direct allocation scorer]
2025-06,HYG,0.0,TabPFN[Direct allocation scorer]
2025-07,HYG,0.0,TabPFN[Direct allocation scorer]
2025-08,HYG,0.0,TabPFN[Direct allocation scorer]
2025-09,HYG,0.0,TabPFN[Direct allocation scorer]
2025-10,HYG,0.0,TabPFN[Direct allocation scorer]
2025-11,HYG,0.0,TabPFN[Direct allocation scorer]
2025-12,HYG,0.0,TabPFN[Direct allocation scorer]
2026-01,HYG,0.0,TabPFN[Direct allocation scorer]
2026-02,HYG,0.0,TabPFN[Direct allocation scorer]
2026-03,HYG,0.0,TabPFN[Direct allocation scorer]
2020-01,IEF,0.0,TabPFN[Direct allocation scorer]
2020-02,IEF,0.0,TabPFN[Direct allocation scorer]
2020-03,IEF,0.0,TabPFN[Direct allocation scorer]
2020-04,IEF,0.0,TabPFN[Direct allocation scorer]
2020-05,IEF,0.0,TabPFN[Direct allocation scorer]
2020-06,IEF,0.0,TabPFN[Direct allocation scorer]
2020-07,IEF,0.0,TabPFN[Direct allocation scorer]
2020-08,IEF,0.0,TabPFN[Direct allocation scorer]
2020-09,IEF,0.0,TabPFN[Direct allocation scorer]
2020-10,IEF,0.0,TabPFN[Direct allocation scorer]
2020-11,IEF,0.0,TabPFN[Direct allocation scorer]
2020-12,IEF,0.0,TabPFN[Direct allocation scorer]
2021-01,IEF,0.0,TabPFN[Direct allocation scorer]
2021-02,IEF,0.0,TabPFN[Direct allocation scorer]
2021-03,IEF,0.0,TabPFN[Direct allocation scorer]
2021-04,IEF,0.0,TabPFN[Direct allocation scorer]
2021-05,IEF,0.0,TabPFN[Direct allocation scorer]
2021-06,IEF,0.0,TabPFN[Direct allocation scorer]
2021-07,IEF,0.0,TabPFN[Direct allocation scorer]
2021-08,IEF,0.0,TabPFN[Direct allocation scorer]
2021-09,IEF,0.0,TabPFN[Direct allocation scorer]
2021-10,IEF,0.0,TabPFN[Direct allocation scorer]
2021-11,IEF,0.0,TabPFN[Direct allocation scorer]
2021-12,IEF,0.0,TabPFN[Direct allocation scorer]
2022-01,IEF,0.0,TabPFN[Direct allocation scorer]
2022-02,IEF,0.0,TabPFN[Direct allocation scorer]
2022-03,IEF,0.0,TabPFN[Direct allocation scorer]
2022-04,IEF,0.0,TabPFN[Direct allocation scorer]
2022-05,IEF,0.0,TabPFN[Direct allocation scorer]
2022-06,IEF,0.0,TabPFN[Direct allocation scorer]
2022-07,IEF,0.0,TabPFN[Direct allocation scorer]
2022-08,IEF,0.0,TabPFN[Direct allocation scorer]
2022-09,IEF,0.0,TabPFN[Direct allocation scorer]
2022-10,IEF,0.0,TabPFN[Direct allocation scorer]
2022-11,IEF,0.0,TabPFN[Direct allocation scorer]
2022-12,IEF,0.0,TabPFN[Direct allocation scorer]
2023-01,IEF,0.0,TabPFN[Direct allocation scorer]
2023-02,IEF,0.0,TabPFN[Direct allocation scorer]
2023-03,IEF,0.0,TabPFN[Direct allocation scorer]
2023-04,IEF,0.0,TabPFN[Direct allocation scorer]
2023-05,IEF,0.0,TabPFN[Direct allocation scorer]
2023-06,IEF,0.0,TabPFN[Direct allocation scorer]
2023-07,IEF,0.0,TabPFN[Direct allocation scorer]
2023-08,IEF,0.0,TabPFN[Direct allocation scorer]
2023-09,IEF,0.0,TabPFN[Direct allocation scorer]
2023-10,IEF,0.0,TabPFN[Direct allocation scorer]
2023-11,IEF,0.0,TabPFN[Direct allocation scorer]
2023-12,IEF,0.0,TabPFN[Direct allocation scorer]
2024-01,IEF,0.0,TabPFN[Direct allocation scorer]
2024-02,IEF,0.0,TabPFN[Direct allocation scorer]
2024-03,IEF,0.0,TabPFN[Direct allocation scorer]
2024-04,IEF,0.0,TabPFN[Direct allocation scorer]
2024-05,IEF,0.0,TabPFN[Direct allocation scorer]
2024-06,IEF,0.0,TabPFN[Direct allocation scorer]
2024-07,IEF,0.0,TabPFN[Direct allocation scorer]
2024-08,IEF,0.0,TabPFN[Direct allocation scorer]
2024-09,IEF,0.0,TabPFN[Direct allocation scorer]
2024-10,IEF,0.0,TabPFN[Direct allocation scorer]
2024-11,IEF,0.0,TabPFN[Direct allocation scorer]
2024-12,IEF,0.0,TabPFN[Direct allocation scorer]
2025-01,IEF,0.0,TabPFN[Direct allocation scorer]
2025-02,IEF,0.0,TabPFN[Direct allocation scorer]
2025-03,IEF,0.0,TabPFN[Direct allocation scorer]
2025-04,IEF,0.0,TabPFN[Direct allocation scorer]
2025-05,IEF,0.0,TabPFN[Direct allocation scorer]
2025-06,IEF,0.0,TabPFN[Direct allocation scorer]
2025-07,IEF,0.0,TabPFN[Direct allocation scorer]
2025-08,IEF,0.0,TabPFN[Direct allocation scorer]
2025-09,IEF,0.0,TabPFN[Direct allocation scorer]
2025-10,IEF,0.0,TabPFN[Direct allocation scorer]
2025-11,IEF,0.0,TabPFN[Direct allocation scorer]
2025-12,IEF,0.0,TabPFN[Direct allocation scorer]
2026-01,IEF,0.0,TabPFN[Direct allocation scorer]
2026-02,IEF,0.0,TabPFN[Direct allocation scorer]
2026-03,IEF,0.0,TabPFN[Direct allocation scorer]
2020-01,IWM,0.3333333333333333,TabPFN[Direct allocation scorer]
2020-02,IWM,0.3333333333333333,TabPFN[Direct allocation scorer]
2020-03,IWM,0.0,TabPFN[Direct allocation scorer]
2020-04,IWM,0.0,TabPFN[Direct allocation scorer]
2020-05,IWM,0.0,TabPFN[Direct allocation scorer]
2020-06,IWM,0.3333333333333333,TabPFN[Direct allocation scorer]
2020-07,IWM,0.3333333333333333,TabPFN[Direct allocation scorer]
2020-08,IWM,0.3333333333333333,TabPFN[Direct allocation scorer]
2020-09,IWM,0.3333333333333333,TabPFN[Direct allocation scorer]
2020-10,IWM,0.3333333333333333,TabPFN[Direct allocation scorer]
2020-11,IWM,0.3333333333333333,TabPFN[Direct allocation scorer]
2020-12,IWM,0.3333333333333333,TabPFN[Direct allocation scorer]
2021-01,IWM,0.3333333333333333,TabPFN[Direct allocation scorer]
2021-02,IWM,0.3333333333333333,TabPFN[Direct allocation scorer]
2021-03,IWM,0.3333333333333333,TabPFN[Direct allocation scorer]
2021-04,IWM,0.3333333333333333,TabPFN[Direct allocation scorer]
2021-05,IWM,0.0,TabPFN[Direct allocation scorer]
2021-06,IWM,0.3333333333333333,TabPFN[Direct allocation scorer]
2021-07,IWM,0.3333333333333333,TabPFN[Direct allocation scorer]
2021-08,IWM,0.3333333333333333,TabPFN[Direct allocation scorer]
2021-09,IWM,0.3333333333333333,TabPFN[Direct allocation scorer]
2021-10,IWM,0.3333333333333333,TabPFN[Direct allocation scorer]
2021-11,IWM,0.3333333333333333,TabPFN[Direct allocation scorer]
2021-12,IWM,0.3333333333333333,TabPFN[Direct allocation scorer]
2022-01,IWM,0.3333333333333333,TabPFN[Direct allocation scorer]
2022-02,IWM,0.3333333333333333,TabPFN[Direct allocation scorer]
2022-03,IWM,0.3333333333333333,TabPFN[Direct allocation scorer]
2022-04,IWM,0.3333333333333333,TabPFN[Direct allocation scorer]
2022-05,IWM,0.3333333333333333,TabPFN[Direct allocation scorer]
2022-06,IWM,0.3333333333333333,TabPFN[Direct allocation scorer]
2022-07,IWM,0.3333333333333333,TabPFN[Direct allocation scorer]
2022-08,IWM,0.3333333333333333,TabPFN[Direct allocation scorer]
2022-09,IWM,0.3333333333333333,TabPFN[Direct allocation scorer]
2022-10,IWM,0.3333333333333333,TabPFN[Direct allocation scorer]
2022-11,IWM,0.3333333333333333,TabPFN[Direct allocation scorer]
2022-12,IWM,0.3333333333333333,TabPFN[Direct allocation scorer]
2023-01,IWM,0.3333333333333333,TabPFN[Direct allocation scorer]
2023-02,IWM,0.3333333333333333,TabPFN[Direct allocation scorer]
2023-03,IWM,0.3333333333333333,TabPFN[Direct allocation scorer]
2023-04,IWM,0.3333333333333333,TabPFN[Direct allocation scorer]
2023-05,IWM,0.3333333333333333,TabPFN[Direct allocation scorer]
2023-06,IWM,0.3333333333333333,TabPFN[Direct allocation scorer]
2023-07,IWM,0.3333333333333333,TabPFN[Direct allocation scorer]
2023-08,IWM,0.3333333333333333,TabPFN[Direct allocation scorer]
2023-09,IWM,0.3333333333333333,TabPFN[Direct allocation scorer]
2023-10,IWM,0.3333333333333333,TabPFN[Direct allocation scorer]
2023-11,IWM,0.3333333333333333,TabPFN[Direct allocation scorer]
2023-12,IWM,0.3333333333333333,TabPFN[Direct allocation scorer]
2024-01,IWM,0.3333333333333333,TabPFN[Direct allocation scorer]
2024-02,IWM,0.3333333333333333,TabPFN[Direct allocation scorer]
2024-03,IWM,0.3333333333333333,TabPFN[Direct allocation scorer]
2024-04,IWM,0.3333333333333333,TabPFN[Direct allocation scorer]
2024-05,IWM,0.3333333333333333,TabPFN[Direct allocation scorer]
2024-06,IWM,0.3333333333333333,TabPFN[Direct allocation scorer]
2024-07,IWM,0.3333333333333333,TabPFN[Direct allocation scorer]
2024-08,IWM,0.3333333333333333,TabPFN[Direct allocation scorer]
2024-09,IWM,0.3333333333333333,TabPFN[Direct allocation scorer]
2024-10,IWM,0.3333333333333333,TabPFN[Direct allocation scorer]
2024-11,IWM,0.3333333333333333,TabPFN[Direct allocation scorer]
2024-12,IWM,0.3333333333333333,TabPFN[Direct allocation scorer]
2025-01,IWM,0.3333333333333333,TabPFN[Direct allocation scorer]
2025-02,IWM,0.3333333333333333,TabPFN[Direct allocation scorer]
2025-03,IWM,0.3333333333333333,TabPFN[Direct allocation scorer]
2025-04,IWM,0.0,TabPFN[Direct allocation scorer]
2025-05,IWM,0.3333333333333333,TabPFN[Direct allocation scorer]
2025-06,IWM,0.3333333333333333,TabPFN[Direct allocation scorer]
2025-07,IWM,0.3333333333333333,TabPFN[Direct allocation scorer]
2025-08,IWM,0.3333333333333333,TabPFN[Direct allocation scorer]
2025-09,IWM,0.3333333333333333,TabPFN[Direct allocation scorer]
2025-10,IWM,0.3333333333333333,TabPFN[Direct allocation scorer]
2025-11,IWM,0.3333333333333333,TabPFN[Direct allocation scorer]
2025-12,IWM,0.3333333333333333,TabPFN[Direct allocation scorer]
2026-01,IWM,0.3333333333333333,TabPFN[Direct allocation scorer]
2026-02,IWM,0.3333333333333333,TabPFN[Direct allocation scorer]
2026-03,IWM,0.3333333333333333,TabPFN[Direct allocation scorer]
2020-01,QQQ,0.3333333333333333,TabPFN[Direct allocation scorer]
2020-02,QQQ,0.3333333333333333,TabPFN[Direct allocation scorer]
2020-03,QQQ,0.3333333333333333,TabPFN[Direct allocation scorer]
2020-04,QQQ,0.3333333333333333,TabPFN[Direct allocation scorer]
2020-05,QQQ,0.3333333333333333,TabPFN[Direct allocation scorer]
2020-06,QQQ,0.3333333333333333,TabPFN[Direct allocation scorer]
2020-07,QQQ,0.3333333333333333,TabPFN[Direct allocation scorer]
2020-08,QQQ,0.3333333333333333,TabPFN[Direct allocation scorer]
2020-09,QQQ,0.3333333333333333,TabPFN[Direct allocation scorer]
2020-10,QQQ,0.3333333333333333,TabPFN[Direct allocation scorer]
2020-11,QQQ,0.3333333333333333,TabPFN[Direct allocation scorer]
2020-12,QQQ,0.3333333333333333,TabPFN[Direct allocation scorer]
2021-01,QQQ,0.3333333333333333,TabPFN[Direct allocation scorer]
2021-02,QQQ,0.3333333333333333,TabPFN[Direct allocation scorer]
2021-03,QQQ,0.3333333333333333,TabPFN[Direct allocation scorer]
2021-04,QQQ,0.3333333333333333,TabPFN[Direct allocation scorer]
2021-05,QQQ,0.3333333333333333,TabPFN[Direct allocation scorer]
2021-06,QQQ,0.3333333333333333,TabPFN[Direct allocation scorer]
2021-07,QQQ,0.3333333333333333,TabPFN[Direct allocation scorer]
2021-08,QQQ,0.3333333333333333,TabPFN[Direct allocation scorer]
2021-09,QQQ,0.3333333333333333,TabPFN[Direct allocation scorer]
2021-10,QQQ,0.3333333333333333,TabPFN[Direct allocation scorer]
2021-11,QQQ,0.3333333333333333,TabPFN[Direct allocation scorer]
2021-12,QQQ,0.3333333333333333,TabPFN[Direct allocation scorer]
2022-01,QQQ,0.3333333333333333,TabPFN[Direct allocation scorer]
2022-02,QQQ,0.3333333333333333,TabPFN[Direct allocation scorer]
2022-03,QQQ,0.3333333333333333,TabPFN[Direct allocation scorer]
2022-04,QQQ,0.3333333333333333,TabPFN[Direct allocation scorer]
2022-05,QQQ,0.3333333333333333,TabPFN[Direct allocation scorer]
2022-06,QQQ,0.3333333333333333,TabPFN[Direct allocation scorer]
2022-07,QQQ,0.3333333333333333,TabPFN[Direct allocation scorer]
2022-08,QQQ,0.3333333333333333,TabPFN[Direct allocation scorer]
2022-09,QQQ,0.3333333333333333,TabPFN[Direct allocation scorer]
2022-10,QQQ,0.3333333333333333,TabPFN[Direct allocation scorer]
2022-11,QQQ,0.3333333333333333,TabPFN[Direct allocation scorer]
2022-12,QQQ,0.3333333333333333,TabPFN[Direct allocation scorer]
2023-01,QQQ,0.3333333333333333,TabPFN[Direct allocation scorer]
2023-02,QQQ,0.3333333333333333,TabPFN[Direct allocation scorer]
2023-03,QQQ,0.3333333333333333,TabPFN[Direct allocation scorer]
2023-04,QQQ,0.3333333333333333,TabPFN[Direct allocation scorer]
2023-05,QQQ,0.3333333333333333,TabPFN[Direct allocation scorer]
2023-06,QQQ,0.3333333333333333,TabPFN[Direct allocation scorer]
2023-07,QQQ,0.3333333333333333,TabPFN[Direct allocation scorer]
2023-08,QQQ,0.3333333333333333,TabPFN[Direct allocation scorer]
2023-09,QQQ,0.3333333333333333,TabPFN[Direct allocation scorer]
2023-10,QQQ,0.3333333333333333,TabPFN[Direct allocation scorer]
2023-11,QQQ,0.3333333333333333,TabPFN[Direct allocation scorer]
2023-12,QQQ,0.3333333333333333,TabPFN[Direct allocation scorer]
2024-01,QQQ,0.3333333333333333,TabPFN[Direct allocation scorer]
2024-02,QQQ,0.3333333333333333,TabPFN[Direct allocation scorer]
2024-03,QQQ,0.3333333333333333,TabPFN[Direct allocation scorer]
2024-04,QQQ,0.3333333333333333,TabPFN[Direct allocation scorer]
2024-05,QQQ,0.3333333333333333,TabPFN[Direct allocation scorer]
2024-06,QQQ,0.3333333333333333,TabPFN[Direct allocation scorer]
2024-07,QQQ,0.3333333333333333,TabPFN[Direct allocation scorer]
2024-08,QQQ,0.3333333333333333,TabPFN[Direct allocation scorer]
2024-09,QQQ,0.3333333333333333,TabPFN[Direct allocation scorer]
2024-10,QQQ,0.3333333333333333,TabPFN[Direct allocation scorer]
2024-11,QQQ,0.3333333333333333,TabPFN[Direct allocation scorer]
2024-12,QQQ,0.3333333333333333,TabPFN[Direct allocation scorer]
2025-01,QQQ,0.3333333333333333,TabPFN[Direct allocation scorer]
2025-02,QQQ,0.3333333333333333,TabPFN[Direct allocation scorer]
2025-03,QQQ,0.3333333333333333,TabPFN[Direct allocation scorer]
2025-04,QQQ,0.3333333333333333,TabPFN[Direct allocation scorer]
2025-05,QQQ,0.3333333333333333,TabPFN[Direct allocation scorer]
2025-06,QQQ,0.3333333333333333,TabPFN[Direct allocation scorer]
2025-07,QQQ,0.3333333333333333,TabPFN[Direct allocation scorer]
2025-08,QQQ,0.3333333333333333,TabPFN[Direct allocation scorer]
2025-09,QQQ,0.3333333333333333,TabPFN[Direct allocation scorer]
2025-10,QQQ,0.3333333333333333,TabPFN[Direct allocation scorer]
2025-11,QQQ,0.3333333333333333,TabPFN[Direct allocation scorer]
2025-12,QQQ,0.3333333333333333,TabPFN[Direct allocation scorer]
2026-01,QQQ,0.3333333333333333,TabPFN[Direct allocation scorer]
2026-02,QQQ,0.3333333333333333,TabPFN[Direct allocation scorer]
2026-03,QQQ,0.3333333333333333,TabPFN[Direct allocation scorer]
2020-01,SPY,0.0,TabPFN[Direct allocation scorer]
2020-02,SPY,0.0,TabPFN[Direct allocation scorer]
2020-03,SPY,0.0,TabPFN[Direct allocation scorer]
2020-04,SPY,0.0,TabPFN[Direct allocation scorer]
2020-05,SPY,0.0,TabPFN[Direct allocation scorer]
2020-06,SPY,0.0,TabPFN[Direct allocation scorer]
2020-07,SPY,0.0,TabPFN[Direct allocation scorer]
2020-08,SPY,0.0,TabPFN[Direct allocation scorer]
2020-09,SPY,0.0,TabPFN[Direct allocation scorer]
2020-10,SPY,0.0,TabPFN[Direct allocation scorer]
2020-11,SPY,0.0,TabPFN[Direct allocation scorer]
2020-12,SPY,0.0,TabPFN[Direct allocation scorer]
2021-01,SPY,0.0,TabPFN[Direct allocation scorer]
2021-02,SPY,0.0,TabPFN[Direct allocation scorer]
2021-03,SPY,0.0,TabPFN[Direct allocation scorer]
2021-04,SPY,0.0,TabPFN[Direct allocation scorer]
2021-05,SPY,0.0,TabPFN[Direct allocation scorer]
2021-06,SPY,0.0,TabPFN[Direct allocation scorer]
2021-07,SPY,0.0,TabPFN[Direct allocation scorer]
2021-08,SPY,0.0,TabPFN[Direct allocation scorer]
2021-09,SPY,0.0,TabPFN[Direct allocation scorer]
2021-10,SPY,0.0,TabPFN[Direct allocation scorer]
2021-11,SPY,0.0,TabPFN[Direct allocation scorer]
2021-12,SPY,0.0,TabPFN[Direct allocation scorer]
2022-01,SPY,0.0,TabPFN[Direct allocation scorer]
2022-02,SPY,0.0,TabPFN[Direct allocation scorer]
2022-03,SPY,0.0,TabPFN[Direct allocation scorer]
2022-04,SPY,0.0,TabPFN[Direct allocation scorer]
2022-05,SPY,0.0,TabPFN[Direct allocation scorer]
2022-06,SPY,0.0,TabPFN[Direct allocation scorer]
2022-07,SPY,0.0,TabPFN[Direct allocation scorer]
2022-08,SPY,0.0,TabPFN[Direct allocation scorer]
2022-09,SPY,0.0,TabPFN[Direct allocation scorer]
2022-10,SPY,0.0,TabPFN[Direct allocation scorer]
2022-11,SPY,0.0,TabPFN[Direct allocation scorer]
2022-12,SPY,0.0,TabPFN[Direct allocation scorer]
2023-01,SPY,0.0,TabPFN[Direct allocation scorer]
2023-02,SPY,0.0,TabPFN[Direct allocation scorer]
2023-03,SPY,0.0,TabPFN[Direct allocation scorer]
2023-04,SPY,0.0,TabPFN[Direct allocation scorer]
2023-05,SPY,0.0,TabPFN[Direct allocation scorer]
2023-06,SPY,0.0,TabPFN[Direct allocation scorer]
2023-07,SPY,0.0,TabPFN[Direct allocation scorer]
2023-08,SPY,0.0,TabPFN[Direct allocation scorer]
2023-09,SPY,0.0,TabPFN[Direct allocation scorer]
2023-10,SPY,0.0,TabPFN[Direct allocation scorer]
2023-11,SPY,0.0,TabPFN[Direct allocation scorer]
2023-12,SPY,0.0,TabPFN[Direct allocation scorer]
2024-01,SPY,0.0,TabPFN[Direct allocation scorer]
2024-02,SPY,0.0,TabPFN[Direct allocation scorer]
2024-03,SPY,0.0,TabPFN[Direct allocation scorer]
2024-04,SPY,0.0,TabPFN[Direct allocation scorer]
2024-05,SPY,0.0,TabPFN[Direct allocation scorer]
2024-06,SPY,0.0,TabPFN[Direct allocation scorer]
2024-07,SPY,0.0,TabPFN[Direct allocation scorer]
2024-08,SPY,0.0,TabPFN[Direct allocation scorer]
2024-09,SPY,0.0,TabPFN[Direct allocation scorer]
2024-10,SPY,0.0,TabPFN[Direct allocation scorer]
2024-11,SPY,0.0,TabPFN[Direct allocation scorer]
2024-12,SPY,0.0,TabPFN[Direct allocation scorer]
2025-01,SPY,0.0,TabPFN[Direct allocation scorer]
2025-02,SPY,0.0,TabPFN[Direct allocation scorer]
2025-03,SPY,0.0,TabPFN[Direct allocation scorer]
2025-04,SPY,0.0,TabPFN[Direct allocation scorer]
2025-05,SPY,0.0,TabPFN[Direct allocation scorer]
2025-06,SPY,0.0,TabPFN[Direct allocation scorer]
2025-07,SPY,0.0,TabPFN[Direct allocation scorer]
2025-08,SPY,0.0,TabPFN[Direct allocation scorer]
2025-09,SPY,0.0,TabPFN[Direct allocation scorer]
2025-10,SPY,0.0,TabPFN[Direct allocation scorer]
2025-11,SPY,0.0,TabPFN[Direct allocation scorer]
2025-12,SPY,0.0,TabPFN[Direct allocation scorer]
2026-01,SPY,0.0,TabPFN[Direct allocation scorer]
2026-02,SPY,0.0,TabPFN[Direct allocation scorer]
2026-03,SPY,0.0,TabPFN[Direct allocation scorer]
2020-01,TLT,0.0,TabPFN[Direct allocation scorer]
2020-02,TLT,0.0,TabPFN[Direct allocation scorer]
2020-03,TLT,0.0,TabPFN[Direct allocation scorer]
2020-04,TLT,0.0,TabPFN[Direct allocation scorer]
2020-05,TLT,0.0,TabPFN[Direct allocation scorer]
2020-06,TLT,0.0,TabPFN[Direct allocation scorer]
2020-07,TLT,0.0,TabPFN[Direct allocation scorer]
2020-08,TLT,0.0,TabPFN[Direct allocation scorer]
2020-09,TLT,0.0,TabPFN[Direct allocation scorer]
2020-10,TLT,0.0,TabPFN[Direct allocation scorer]
2020-11,TLT,0.0,TabPFN[Direct allocation scorer]
2020-12,TLT,0.0,TabPFN[Direct allocation scorer]
2021-01,TLT,0.0,TabPFN[Direct allocation scorer]
2021-02,TLT,0.0,TabPFN[Direct allocation scorer]
2021-03,TLT,0.0,TabPFN[Direct allocation scorer]
2021-04,TLT,0.0,TabPFN[Direct allocation scorer]
2021-05,TLT,0.0,TabPFN[Direct allocation scorer]
2021-06,TLT,0.0,TabPFN[Direct allocation scorer]
2021-07,TLT,0.0,TabPFN[Direct allocation scorer]
2021-08,TLT,0.0,TabPFN[Direct allocation scorer]
2021-09,TLT,0.0,TabPFN[Direct allocation scorer]
2021-10,TLT,0.0,TabPFN[Direct allocation scorer]
2021-11,TLT,0.0,TabPFN[Direct allocation scorer]
2021-12,TLT,0.0,TabPFN[Direct allocation scorer]
2022-01,TLT,0.0,TabPFN[Direct allocation scorer]
2022-02,TLT,0.0,TabPFN[Direct allocation scorer]
2022-03,TLT,0.0,TabPFN[Direct allocation scorer]
2022-04,TLT,0.0,TabPFN[Direct allocation scorer]
2022-05,TLT,0.0,TabPFN[Direct allocation scorer]
2022-06,TLT,0.0,TabPFN[Direct allocation scorer]
2022-07,TLT,0.0,TabPFN[Direct allocation scorer]
2022-08,TLT,0.0,TabPFN[Direct allocation scorer]
2022-09,TLT,0.0,TabPFN[Direct allocation scorer]
2022-10,TLT,0.0,TabPFN[Direct allocation scorer]
2022-11,TLT,0.0,TabPFN[Direct allocation scorer]
2022-12,TLT,0.0,TabPFN[Direct allocation scorer]
2023-01,TLT,0.0,TabPFN[Direct allocation scorer]
2023-02,TLT,0.0,TabPFN[Direct allocation scorer]
2023-03,TLT,0.0,TabPFN[Direct allocation scorer]
2023-04,TLT,0.0,TabPFN[Direct allocation scorer]
2023-05,TLT,0.0,TabPFN[Direct allocation scorer]
2023-06,TLT,0.0,TabPFN[Direct allocation scorer]
2023-07,TLT,0.0,TabPFN[Direct allocation scorer]
2023-08,TLT,0.0,TabPFN[Direct allocation scorer]
2023-09,TLT,0.0,TabPFN[Direct allocation scorer]
2023-10,TLT,0.0,TabPFN[Direct allocation scorer]
2023-11,TLT,0.0,TabPFN[Direct allocation scorer]
2023-12,TLT,0.0,TabPFN[Direct allocation scorer]
2024-01,TLT,0.0,TabPFN[Direct allocation scorer]
2024-02,TLT,0.0,TabPFN[Direct allocation scorer]
2024-03,TLT,0.0,TabPFN[Direct allocation scorer]
2024-04,TLT,0.0,TabPFN[Direct allocation scorer]
2024-05,TLT,0.0,TabPFN[Direct allocation scorer]
2024-06,TLT,0.0,TabPFN[Direct allocation scorer]
2024-07,TLT,0.0,TabPFN[Direct allocation scorer]
2024-08,TLT,0.0,TabPFN[Direct allocation scorer]
2024-09,TLT,0.0,TabPFN[Direct allocation scorer]
2024-10,TLT,0.0,TabPFN[Direct allocation scorer]
2024-11,TLT,0.0,TabPFN[Direct allocation scorer]
2024-12,TLT,0.0,TabPFN[Direct allocation scorer]
2025-01,TLT,0.0,TabPFN[Direct allocation scorer]
2025-02,TLT,0.0,TabPFN[Direct allocation scorer]
2025-03,TLT,0.0,TabPFN[Direct allocation scorer]
2025-04,TLT,0.0,TabPFN[Direct allocation scorer]
2025-05,TLT,0.0,TabPFN[Direct allocation scorer]
2025-06,TLT,0.0,TabPFN[Direct allocation scorer]
2025-07,TLT,0.0,TabPFN[Direct allocation scorer]
2025-08,TLT,0.0,TabPFN[Direct allocation scorer]
2025-09,TLT,0.0,TabPFN[Direct allocation scorer]
2025-10,TLT,0.0,TabPFN[Direct allocation scorer]
2025-11,TLT,0.0,TabPFN[Direct allocation scorer]
2025-12,TLT,0.0,TabPFN[Direct allocation scorer]
2026-01,TLT,0.0,TabPFN[Direct allocation scorer]
2026-02,TLT,0.0,TabPFN[Direct allocation scorer]
2026-03,TLT,0.0,TabPFN[Direct allocation scorer]
2020-01,VNQ,0.0,TabPFN[Direct allocation scorer]
2020-02,VNQ,0.3333333333333333,TabPFN[Direct allocation scorer]
2020-03,VNQ,0.0,TabPFN[Direct allocation scorer]
2020-04,VNQ,0.3333333333333333,TabPFN[Direct allocation scorer]
2020-05,VNQ,0.3333333333333333,TabPFN[Direct allocation scorer]
2020-06,VNQ,0.3333333333333333,TabPFN[Direct allocation scorer]
2020-07,VNQ,0.0,TabPFN[Direct allocation scorer]
2020-08,VNQ,0.0,TabPFN[Direct allocation scorer]
2020-09,VNQ,0.3333333333333333,TabPFN[Direct allocation scorer]
2020-10,VNQ,0.3333333333333333,TabPFN[Direct allocation scorer]
2020-11,VNQ,0.3333333333333333,TabPFN[Direct allocation scorer]
2020-12,VNQ,0.3333333333333333,TabPFN[Direct allocation scorer]
2021-01,VNQ,0.3333333333333333,TabPFN[Direct allocation scorer]
2021-02,VNQ,0.0,TabPFN[Direct allocation scorer]
2021-03,VNQ,0.3333333333333333,TabPFN[Direct allocation scorer]
2021-04,VNQ,0.0,TabPFN[Direct allocation scorer]
2021-05,VNQ,0.3333333333333333,TabPFN[Direct allocation scorer]
2021-06,VNQ,0.0,TabPFN[Direct allocation scorer]
2021-07,VNQ,0.3333333333333333,TabPFN[Direct allocation scorer]
2021-08,VNQ,0.0,TabPFN[Direct allocation scorer]
2021-09,VNQ,0.3333333333333333,TabPFN[Direct allocation scorer]
2021-10,VNQ,0.3333333333333333,TabPFN[Direct allocation scorer]
2021-11,VNQ,0.3333333333333333,TabPFN[Direct allocation scorer]
2021-12,VNQ,0.3333333333333333,TabPFN[Direct allocation scorer]
2022-01,VNQ,0.3333333333333333,TabPFN[Direct allocation scorer]
2022-02,VNQ,0.3333333333333333,TabPFN[Direct allocation scorer]
2022-03,VNQ,0.0,TabPFN[Direct allocation scorer]
2022-04,VNQ,0.3333333333333333,TabPFN[Direct allocation scorer]
2022-05,VNQ,0.0,TabPFN[Direct allocation scorer]
2022-06,VNQ,0.0,TabPFN[Direct allocation scorer]
2022-07,VNQ,0.0,TabPFN[Direct allocation scorer]
2022-08,VNQ,0.3333333333333333,TabPFN[Direct allocation scorer]
2022-09,VNQ,0.3333333333333333,TabPFN[Direct allocation scorer]
2022-10,VNQ,0.0,TabPFN[Direct allocation scorer]
2022-11,VNQ,0.3333333333333333,TabPFN[Direct allocation scorer]
2022-12,VNQ,0.3333333333333333,TabPFN[Direct allocation scorer]
2023-01,VNQ,0.3333333333333333,TabPFN[Direct allocation scorer]
2023-02,VNQ,0.3333333333333333,TabPFN[Direct allocation scorer]
2023-03,VNQ,0.3333333333333333,TabPFN[Direct allocation scorer]
2023-04,VNQ,0.3333333333333333,TabPFN[Direct allocation scorer]
2023-05,VNQ,0.3333333333333333,TabPFN[Direct allocation scorer]
2023-06,VNQ,0.3333333333333333,TabPFN[Direct allocation scorer]
2023-07,VNQ,0.3333333333333333,TabPFN[Direct allocation scorer]
2023-08,VNQ,0.3333333333333333,TabPFN[Direct allocation scorer]
2023-09,VNQ,0.3333333333333333,TabPFN[Direct allocation scorer]
2023-10,VNQ,0.3333333333333333,TabPFN[Direct allocation scorer]
2023-11,VNQ,0.3333333333333333,TabPFN[Direct allocation scorer]
2023-12,VNQ,0.3333333333333333,TabPFN[Direct allocation scorer]
2024-01,VNQ,0.3333333333333333,TabPFN[Direct allocation scorer]
2024-02,VNQ,0.3333333333333333,TabPFN[Direct allocation scorer]
2024-03,VNQ,0.3333333333333333,TabPFN[Direct allocation scorer]
2024-04,VNQ,0.3333333333333333,TabPFN[Direct allocation scorer]
2024-05,VNQ,0.3333333333333333,TabPFN[Direct allocation scorer]
2024-06,VNQ,0.3333333333333333,TabPFN[Direct allocation scorer]
2024-07,VNQ,0.3333333333333333,TabPFN[Direct allocation scorer]
2024-08,VNQ,0.3333333333333333,TabPFN[Direct allocation scorer]
2024-09,VNQ,0.0,TabPFN[Direct allocation scorer]
2024-10,VNQ,0.3333333333333333,TabPFN[Direct allocation scorer]
2024-11,VNQ,0.3333333333333333,TabPFN[Direct allocation scorer]
2024-12,VNQ,0.3333333333333333,TabPFN[Direct allocation scorer]
2025-01,VNQ,0.3333333333333333,TabPFN[Direct allocation scorer]
2025-02,VNQ,0.0,TabPFN[Direct allocation scorer]
2025-03,VNQ,0.3333333333333333,TabPFN[Direct allocation scorer]
2025-04,VNQ,0.3333333333333333,TabPFN[Direct allocation scorer]
2025-05,VNQ,0.3333333333333333,TabPFN[Direct allocation scorer]
2025-06,VNQ,0.0,TabPFN[Direct allocation scorer]
2025-07,VNQ,0.3333333333333333,TabPFN[Direct allocation scorer]
2025-08,VNQ,0.0,TabPFN[Direct allocation scorer]
2025-09,VNQ,0.0,TabPFN[Direct allocation scorer]
2025-10,VNQ,0.0,TabPFN[Direct allocation scorer]
2025-11,VNQ,0.0,TabPFN[Direct allocation scorer]
2025-12,VNQ,0.0,TabPFN[Direct allocation scorer]
2026-01,VNQ,0.0,TabPFN[Direct allocation scorer]
2026-02,VNQ,0.0,TabPFN[Direct allocation scorer]
2026-03,VNQ,0.3333333333333333,TabPFN[Direct allocation scorer]
2020-01,EEM,0.3333333333333333,TabPFN[Direct allocation scorer] Calibration Base
2020-02,EEM,0.3333333333333333,TabPFN[Direct allocation scorer] Calibration Base
2020-03,EEM,0.0,TabPFN[Direct allocation scorer] Calibration Base
2020-04,EEM,0.0,TabPFN[Direct allocation scorer] Calibration Base
2020-05,EEM,0.3333333333333333,TabPFN[Direct allocation scorer] Calibration Base
2020-06,EEM,0.3333333333333333,TabPFN[Direct allocation scorer] Calibration Base
2020-07,EEM,0.3333333333333333,TabPFN[Direct allocation scorer] Calibration Base
2020-08,EEM,0.3333333333333333,TabPFN[Direct allocation scorer] Calibration Base
2020-09,EEM,0.3333333333333333,TabPFN[Direct allocation scorer] Calibration Base
2020-10,EEM,0.3333333333333333,TabPFN[Direct allocation scorer] Calibration Base
2020-11,EEM,0.3333333333333333,TabPFN[Direct allocation scorer] Calibration Base
2020-12,EEM,0.3333333333333333,TabPFN[Direct allocation scorer] Calibration Base
2021-01,EEM,0.3333333333333333,TabPFN[Direct allocation scorer] Calibration Base
2021-02,EEM,0.3333333333333333,TabPFN[Direct allocation scorer] Calibration Base
2021-03,EEM,0.3333333333333333,TabPFN[Direct allocation scorer] Calibration Base
2021-04,EEM,0.3333333333333333,TabPFN[Direct allocation scorer] Calibration Base
2021-05,EEM,0.3333333333333333,TabPFN[Direct allocation scorer] Calibration Base
2021-06,EEM,0.3333333333333333,TabPFN[Direct allocation scorer] Calibration Base
2021-07,EEM,0.3333333333333333,TabPFN[Direct allocation scorer] Calibration Base
2021-08,EEM,0.3333333333333333,TabPFN[Direct allocation scorer] Calibration Base
2021-09,EEM,0.3333333333333333,TabPFN[Direct allocation scorer] Calibration Base
2021-10,EEM,0.3333333333333333,TabPFN[Direct allocation scorer] Calibration Base
2021-11,EEM,0.0,TabPFN[Direct allocation scorer] Calibration Base
2021-12,EEM,0.3333333333333333,TabPFN[Direct allocation scorer] Calibration Base
2022-01,EEM,0.3333333333333333,TabPFN[Direct allocation scorer] Calibration Base
2022-02,EEM,0.3333333333333333,TabPFN[Direct allocation scorer] Calibration Base
2022-03,EEM,0.3333333333333333,TabPFN[Direct allocation scorer] Calibration Base
2022-04,EEM,0.3333333333333333,TabPFN[Direct allocation scorer] Calibration Base
2022-05,EEM,0.3333333333333333,TabPFN[Direct allocation scorer] Calibration Base
2022-06,EEM,0.3333333333333333,TabPFN[Direct allocation scorer] Calibration Base
2022-07,EEM,0.0,TabPFN[Direct allocation scorer] Calibration Base
2022-08,EEM,0.3333333333333333,TabPFN[Direct allocation scorer] Calibration Base
2022-09,EEM,0.3333333333333333,TabPFN[Direct allocation scorer] Calibration Base
2022-10,EEM,0.3333333333333333,TabPFN[Direct allocation scorer] Calibration Base
2022-11,EEM,0.3333333333333333,TabPFN[Direct allocation scorer] Calibration Base
2022-12,EEM,0.3333333333333333,TabPFN[Direct allocation scorer] Calibration Base
2023-01,EEM,0.3333333333333333,TabPFN[Direct allocation scorer] Calibration Base
2023-02,EEM,0.0,TabPFN[Direct allocation scorer] Calibration Base
2023-03,EEM,0.3333333333333333,TabPFN[Direct allocation scorer] Calibration Base
2023-04,EEM,0.3333333333333333,TabPFN[Direct allocation scorer] Calibration Base
2023-05,EEM,0.0,TabPFN[Direct allocation scorer] Calibration Base
2023-06,EEM,0.0,TabPFN[Direct allocation scorer] Calibration Base
2023-07,EEM,0.3333333333333333,TabPFN[Direct allocation scorer] Calibration Base
2023-08,EEM,0.0,TabPFN[Direct allocation scorer] Calibration Base
2023-09,EEM,0.0,TabPFN[Direct allocation scorer] Calibration Base
2023-10,EEM,0.0,TabPFN[Direct allocation scorer] Calibration Base
2023-11,EEM,0.3333333333333333,TabPFN[Direct allocation scorer] Calibration Base
2023-12,EEM,0.3333333333333333,TabPFN[Direct allocation scorer] Calibration Base
2024-01,EEM,0.0,TabPFN[Direct allocation scorer] Calibration Base
2024-02,EEM,0.3333333333333333,TabPFN[Direct allocation scorer] Calibration Base
2024-03,EEM,0.3333333333333333,TabPFN[Direct allocation scorer] Calibration Base
2024-04,EEM,0.3333333333333333,TabPFN[Direct allocation scorer] Calibration Base
2024-05,EEM,0.3333333333333333,TabPFN[Direct allocation scorer] Calibration Base
2024-06,EEM,0.3333333333333333,TabPFN[Direct allocation scorer] Calibration Base
2024-07,EEM,0.3333333333333333,TabPFN[Direct allocation scorer] Calibration Base
2024-08,EEM,0.0,TabPFN[Direct allocation scorer] Calibration Base
2024-09,EEM,0.3333333333333333,TabPFN[Direct allocation scorer] Calibration Base
2024-10,EEM,0.0,TabPFN[Direct allocation scorer] Calibration Base
2024-11,EEM,0.0,TabPFN[Direct allocation scorer] Calibration Base
2024-12,EEM,0.0,TabPFN[Direct allocation scorer] Calibration Base
2025-01,EEM,0.3333333333333333,TabPFN[Direct allocation scorer] Calibration Base
2025-02,EEM,0.3333333333333333,TabPFN[Direct allocation scorer] Calibration Base
2025-03,EEM,0.3333333333333333,TabPFN[Direct allocation scorer] Calibration Base
2025-04,EEM,0.3333333333333333,TabPFN[Direct allocation scorer] Calibration Base
2025-05,EEM,0.3333333333333333,TabPFN[Direct allocation scorer] Calibration Base
2025-06,EEM,0.3333333333333333,TabPFN[Direct allocation scorer] Calibration Base
2025-07,EEM,0.3333333333333333,TabPFN[Direct allocation scorer] Calibration Base
2025-08,EEM,0.0,TabPFN[Direct allocation scorer] Calibration Base
2025-09,EEM,0.3333333333333333,TabPFN[Direct allocation scorer] Calibration Base
2025-10,EEM,0.3333333333333333,TabPFN[Direct allocation scorer] Calibration Base
2025-11,EEM,0.3333333333333333,TabPFN[Direct allocation scorer] Calibration Base
2025-12,EEM,0.3333333333333333,TabPFN[Direct allocation scorer] Calibration Base
2026-01,EEM,0.3333333333333333,TabPFN[Direct allocation scorer] Calibration Base
2026-02,EEM,0.3333333333333333,TabPFN[Direct allocation scorer] Calibration Base
2026-03,EEM,0.3333333333333333,TabPFN[Direct allocation scorer] Calibration Base
2020-01,GLD,0.0,TabPFN[Direct allocation scorer] Calibration Base
2020-02,GLD,0.0,TabPFN[Direct allocation scorer] Calibration Base
2020-03,GLD,0.3333333333333333,TabPFN[Direct allocation scorer] Calibration Base
2020-04,GLD,0.3333333333333333,TabPFN[Direct allocation scorer] Calibration Base
2020-05,GLD,0.3333333333333333,TabPFN[Direct allocation scorer] Calibration Base
2020-06,GLD,0.3333333333333333,TabPFN[Direct allocation scorer] Calibration Base
2020-07,GLD,0.0,TabPFN[Direct allocation scorer] Calibration Base
2020-08,GLD,0.3333333333333333,TabPFN[Direct allocation scorer] Calibration Base
2020-09,GLD,0.0,TabPFN[Direct allocation scorer] Calibration Base
2020-10,GLD,0.0,TabPFN[Direct allocation scorer] Calibration Base
2020-11,GLD,0.0,TabPFN[Direct allocation scorer] Calibration Base
2020-12,GLD,0.0,TabPFN[Direct allocation scorer] Calibration Base
2021-01,GLD,0.0,TabPFN[Direct allocation scorer] Calibration Base
2021-02,GLD,0.0,TabPFN[Direct allocation scorer] Calibration Base
2021-03,GLD,0.0,TabPFN[Direct allocation scorer] Calibration Base
2021-04,GLD,0.0,TabPFN[Direct allocation scorer] Calibration Base
2021-05,GLD,0.0,TabPFN[Direct allocation scorer] Calibration Base
2021-06,GLD,0.0,TabPFN[Direct allocation scorer] Calibration Base
2021-07,GLD,0.0,TabPFN[Direct allocation scorer] Calibration Base
2021-08,GLD,0.3333333333333333,TabPFN[Direct allocation scorer] Calibration Base
2021-09,GLD,0.0,TabPFN[Direct allocation scorer] Calibration Base
2021-10,GLD,0.0,TabPFN[Direct allocation scorer] Calibration Base
2021-11,GLD,0.0,TabPFN[Direct allocation scorer] Calibration Base
2021-12,GLD,0.0,TabPFN[Direct allocation scorer] Calibration Base
2022-01,GLD,0.0,TabPFN[Direct allocation scorer] Calibration Base
2022-02,GLD,0.0,TabPFN[Direct allocation scorer] Calibration Base
2022-03,GLD,0.3333333333333333,TabPFN[Direct allocation scorer] Calibration Base
2022-04,GLD,0.3333333333333333,TabPFN[Direct allocation scorer] Calibration Base
2022-05,GLD,0.3333333333333333,TabPFN[Direct allocation scorer] Calibration Base
2022-06,GLD,0.0,TabPFN[Direct allocation scorer] Calibration Base
2022-07,GLD,0.0,TabPFN[Direct allocation scorer] Calibration Base
2022-08,GLD,0.0,TabPFN[Direct allocation scorer] Calibration Base
2022-09,GLD,0.0,TabPFN[Direct allocation scorer] Calibration Base
2022-10,GLD,0.0,TabPFN[Direct allocation scorer] Calibration Base
2022-11,GLD,0.0,TabPFN[Direct allocation scorer] Calibration Base
2022-12,GLD,0.3333333333333333,TabPFN[Direct allocation scorer] Calibration Base
2023-01,GLD,0.0,TabPFN[Direct allocation scorer] Calibration Base
2023-02,GLD,0.3333333333333333,TabPFN[Direct allocation scorer] Calibration Base
2023-03,GLD,0.3333333333333333,TabPFN[Direct allocation scorer] Calibration Base
2023-04,GLD,0.0,TabPFN[Direct allocation scorer] Calibration Base
2023-05,GLD,0.0,TabPFN[Direct allocation scorer] Calibration Base
2023-06,GLD,0.0,TabPFN[Direct allocation scorer] Calibration Base
2023-07,GLD,0.3333333333333333,TabPFN[Direct allocation scorer] Calibration Base
2023-08,GLD,0.0,TabPFN[Direct allocation scorer] Calibration Base
2023-09,GLD,0.0,TabPFN[Direct allocation scorer] Calibration Base
2023-10,GLD,0.3333333333333333,TabPFN[Direct allocation scorer] Calibration Base
2023-11,GLD,0.0,TabPFN[Direct allocation scorer] Calibration Base
2023-12,GLD,0.0,TabPFN[Direct allocation scorer] Calibration Base
2024-01,GLD,0.0,TabPFN[Direct allocation scorer] Calibration Base
2024-02,GLD,0.0,TabPFN[Direct allocation scorer] Calibration Base
2024-03,GLD,0.0,TabPFN[Direct allocation scorer] Calibration Base
2024-04,GLD,0.0,TabPFN[Direct allocation scorer] Calibration Base
2024-05,GLD,0.0,TabPFN[Direct allocation scorer] Calibration Base
2024-06,GLD,0.3333333333333333,TabPFN[Direct allocation scorer] Calibration Base
2024-07,GLD,0.0,TabPFN[Direct allocation scorer] Calibration Base
2024-08,GLD,0.0,TabPFN[Direct allocation scorer] Calibration Base
2024-09,GLD,0.0,TabPFN[Direct allocation scorer] Calibration Base
2024-10,GLD,0.3333333333333333,TabPFN[Direct allocation scorer] Calibration Base
2024-11,GLD,0.0,TabPFN[Direct allocation scorer] Calibration Base
2024-12,GLD,0.0,TabPFN[Direct allocation scorer] Calibration Base
2025-01,GLD,0.0,TabPFN[Direct allocation scorer] Calibration Base
2025-02,GLD,0.0,TabPFN[Direct allocation scorer] Calibration Base
2025-03,GLD,0.0,TabPFN[Direct allocation scorer] Calibration Base
2025-04,GLD,0.3333333333333333,TabPFN[Direct allocation scorer] Calibration Base
2025-05,GLD,0.3333333333333333,TabPFN[Direct allocation scorer] Calibration Base
2025-06,GLD,0.0,TabPFN[Direct allocation scorer] Calibration Base
2025-07,GLD,0.3333333333333333,TabPFN[Direct allocation scorer] Calibration Base
2025-08,GLD,0.3333333333333333,TabPFN[Direct allocation scorer] Calibration Base
2025-09,GLD,0.3333333333333333,TabPFN[Direct allocation scorer] Calibration Base
2025-10,GLD,0.0,TabPFN[Direct allocation scorer] Calibration Base
2025-11,GLD,0.0,TabPFN[Direct allocation scorer] Calibration Base
2025-12,GLD,0.0,TabPFN[Direct allocation scorer] Calibration Base
2026-01,GLD,0.3333333333333333,TabPFN[Direct allocation scorer] Calibration Base
2026-02,GLD,0.3333333333333333,TabPFN[Direct allocation scorer] Calibration Base
2026-03,GLD,0.0,TabPFN[Direct allocation scorer] Calibration Base
2020-01,HYG,0.0,TabPFN[Direct allocation scorer] Calibration Base
2020-02,HYG,0.0,TabPFN[Direct allocation scorer] Calibration Base
2020-03,HYG,0.0,TabPFN[Direct allocation scorer] Calibration Base
2020-04,HYG,0.0,TabPFN[Direct allocation scorer] Calibration Base
2020-05,HYG,0.0,TabPFN[Direct allocation scorer] Calibration Base
2020-06,HYG,0.0,TabPFN[Direct allocation scorer] Calibration Base
2020-07,HYG,0.0,TabPFN[Direct allocation scorer] Calibration Base
2020-08,HYG,0.0,TabPFN[Direct allocation scorer] Calibration Base
2020-09,HYG,0.0,TabPFN[Direct allocation scorer] Calibration Base
2020-10,HYG,0.0,TabPFN[Direct allocation scorer] Calibration Base
2020-11,HYG,0.0,TabPFN[Direct allocation scorer] Calibration Base
2020-12,HYG,0.0,TabPFN[Direct allocation scorer] Calibration Base
2021-01,HYG,0.0,TabPFN[Direct allocation scorer] Calibration Base
2021-02,HYG,0.0,TabPFN[Direct allocation scorer] Calibration Base
2021-03,HYG,0.0,TabPFN[Direct allocation scorer] Calibration Base
2021-04,HYG,0.0,TabPFN[Direct allocation scorer] Calibration Base
2021-05,HYG,0.0,TabPFN[Direct allocation scorer] Calibration Base
2021-06,HYG,0.0,TabPFN[Direct allocation scorer] Calibration Base
2021-07,HYG,0.0,TabPFN[Direct allocation scorer] Calibration Base
2021-08,HYG,0.0,TabPFN[Direct allocation scorer] Calibration Base
2021-09,HYG,0.0,TabPFN[Direct allocation scorer] Calibration Base
2021-10,HYG,0.0,TabPFN[Direct allocation scorer] Calibration Base
2021-11,HYG,0.0,TabPFN[Direct allocation scorer] Calibration Base
2021-12,HYG,0.0,TabPFN[Direct allocation scorer] Calibration Base
2022-01,HYG,0.0,TabPFN[Direct allocation scorer] Calibration Base
2022-02,HYG,0.0,TabPFN[Direct allocation scorer] Calibration Base
2022-03,HYG,0.0,TabPFN[Direct allocation scorer] Calibration Base
2022-04,HYG,0.0,TabPFN[Direct allocation scorer] Calibration Base
2022-05,HYG,0.0,TabPFN[Direct allocation scorer] Calibration Base
2022-06,HYG,0.0,TabPFN[Direct allocation scorer] Calibration Base
2022-07,HYG,0.0,TabPFN[Direct allocation scorer] Calibration Base
2022-08,HYG,0.0,TabPFN[Direct allocation scorer] Calibration Base
2022-09,HYG,0.0,TabPFN[Direct allocation scorer] Calibration Base
2022-10,HYG,0.0,TabPFN[Direct allocation scorer] Calibration Base
2022-11,HYG,0.0,TabPFN[Direct allocation scorer] Calibration Base
2022-12,HYG,0.0,TabPFN[Direct allocation scorer] Calibration Base
2023-01,HYG,0.0,TabPFN[Direct allocation scorer] Calibration Base
2023-02,HYG,0.0,TabPFN[Direct allocation scorer] Calibration Base
2023-03,HYG,0.0,TabPFN[Direct allocation scorer] Calibration Base
2023-04,HYG,0.0,TabPFN[Direct allocation scorer] Calibration Base
2023-05,HYG,0.0,TabPFN[Direct allocation scorer] Calibration Base
2023-06,HYG,0.0,TabPFN[Direct allocation scorer] Calibration Base
2023-07,HYG,0.0,TabPFN[Direct allocation scorer] Calibration Base
2023-08,HYG,0.0,TabPFN[Direct allocation scorer] Calibration Base
2023-09,HYG,0.0,TabPFN[Direct allocation scorer] Calibration Base
2023-10,HYG,0.0,TabPFN[Direct allocation scorer] Calibration Base
2023-11,HYG,0.0,TabPFN[Direct allocation scorer] Calibration Base
2023-12,HYG,0.0,TabPFN[Direct allocation scorer] Calibration Base
2024-01,HYG,0.0,TabPFN[Direct allocation scorer] Calibration Base
2024-02,HYG,0.0,TabPFN[Direct allocation scorer] Calibration Base
2024-03,HYG,0.0,TabPFN[Direct allocation scorer] Calibration Base
2024-04,HYG,0.0,TabPFN[Direct allocation scorer] Calibration Base
2024-05,HYG,0.0,TabPFN[Direct allocation scorer] Calibration Base
2024-06,HYG,0.0,TabPFN[Direct allocation scorer] Calibration Base
2024-07,HYG,0.0,TabPFN[Direct allocation scorer] Calibration Base
2024-08,HYG,0.0,TabPFN[Direct allocation scorer] Calibration Base
2024-09,HYG,0.0,TabPFN[Direct allocation scorer] Calibration Base
2024-10,HYG,0.0,TabPFN[Direct allocation scorer] Calibration Base
2024-11,HYG,0.0,TabPFN[Direct allocation scorer] Calibration Base
2024-12,HYG,0.0,TabPFN[Direct allocation scorer] Calibration Base
2025-01,HYG,0.0,TabPFN[Direct allocation scorer] Calibration Base
2025-02,HYG,0.0,TabPFN[Direct allocation scorer] Calibration Base
2025-03,HYG,0.0,TabPFN[Direct allocation scorer] Calibration Base
2025-04,HYG,0.0,TabPFN[Direct allocation scorer] Calibration Base
2025-05,HYG,0.0,TabPFN[Direct allocation scorer] Calibration Base
2025-06,HYG,0.0,TabPFN[Direct allocation scorer] Calibration Base
2025-07,HYG,0.0,TabPFN[Direct allocation scorer] Calibration Base
2025-08,HYG,0.0,TabPFN[Direct allocation scorer] Calibration Base
2025-09,HYG,0.0,TabPFN[Direct allocation scorer] Calibration Base
2025-10,HYG,0.0,TabPFN[Direct allocation scorer] Calibration Base
2025-11,HYG,0.0,TabPFN[Direct allocation scorer] Calibration Base
2025-12,HYG,0.0,TabPFN[Direct allocation scorer] Calibration Base
2026-01,HYG,0.0,TabPFN[Direct allocation scorer] Calibration Base
2026-02,HYG,0.0,TabPFN[Direct allocation scorer] Calibration Base
2026-03,HYG,0.0,TabPFN[Direct allocation scorer] Calibration Base
2020-01,IEF,0.0,TabPFN[Direct allocation scorer] Calibration Base
2020-02,IEF,0.0,TabPFN[Direct allocation scorer] Calibration Base
2020-03,IEF,0.0,TabPFN[Direct allocation scorer] Calibration Base
2020-04,IEF,0.0,TabPFN[Direct allocation scorer] Calibration Base
2020-05,IEF,0.0,TabPFN[Direct allocation scorer] Calibration Base
2020-06,IEF,0.0,TabPFN[Direct allocation scorer] Calibration Base
2020-07,IEF,0.0,TabPFN[Direct allocation scorer] Calibration Base
2020-08,IEF,0.0,TabPFN[Direct allocation scorer] Calibration Base
2020-09,IEF,0.0,TabPFN[Direct allocation scorer] Calibration Base
2020-10,IEF,0.0,TabPFN[Direct allocation scorer] Calibration Base
2020-11,IEF,0.0,TabPFN[Direct allocation scorer] Calibration Base
2020-12,IEF,0.0,TabPFN[Direct allocation scorer] Calibration Base
2021-01,IEF,0.0,TabPFN[Direct allocation scorer] Calibration Base
2021-02,IEF,0.0,TabPFN[Direct allocation scorer] Calibration Base
2021-03,IEF,0.0,TabPFN[Direct allocation scorer] Calibration Base
2021-04,IEF,0.0,TabPFN[Direct allocation scorer] Calibration Base
2021-05,IEF,0.0,TabPFN[Direct allocation scorer] Calibration Base
2021-06,IEF,0.0,TabPFN[Direct allocation scorer] Calibration Base
2021-07,IEF,0.0,TabPFN[Direct allocation scorer] Calibration Base
2021-08,IEF,0.0,TabPFN[Direct allocation scorer] Calibration Base
2021-09,IEF,0.0,TabPFN[Direct allocation scorer] Calibration Base
2021-10,IEF,0.0,TabPFN[Direct allocation scorer] Calibration Base
2021-11,IEF,0.0,TabPFN[Direct allocation scorer] Calibration Base
2021-12,IEF,0.0,TabPFN[Direct allocation scorer] Calibration Base
2022-01,IEF,0.0,TabPFN[Direct allocation scorer] Calibration Base
2022-02,IEF,0.0,TabPFN[Direct allocation scorer] Calibration Base
2022-03,IEF,0.0,TabPFN[Direct allocation scorer] Calibration Base
2022-04,IEF,0.0,TabPFN[Direct allocation scorer] Calibration Base
2022-05,IEF,0.0,TabPFN[Direct allocation scorer] Calibration Base
2022-06,IEF,0.0,TabPFN[Direct allocation scorer] Calibration Base
2022-07,IEF,0.0,TabPFN[Direct allocation scorer] Calibration Base
2022-08,IEF,0.0,TabPFN[Direct allocation scorer] Calibration Base
2022-09,IEF,0.0,TabPFN[Direct allocation scorer] Calibration Base
2022-10,IEF,0.0,TabPFN[Direct allocation scorer] Calibration Base
2022-11,IEF,0.0,TabPFN[Direct allocation scorer] Calibration Base
2022-12,IEF,0.0,TabPFN[Direct allocation scorer] Calibration Base
2023-01,IEF,0.0,TabPFN[Direct allocation scorer] Calibration Base
2023-02,IEF,0.0,TabPFN[Direct allocation scorer] Calibration Base
2023-03,IEF,0.0,TabPFN[Direct allocation scorer] Calibration Base
2023-04,IEF,0.0,TabPFN[Direct allocation scorer] Calibration Base
2023-05,IEF,0.0,TabPFN[Direct allocation scorer] Calibration Base
2023-06,IEF,0.0,TabPFN[Direct allocation scorer] Calibration Base
2023-07,IEF,0.0,TabPFN[Direct allocation scorer] Calibration Base
2023-08,IEF,0.0,TabPFN[Direct allocation scorer] Calibration Base
2023-09,IEF,0.0,TabPFN[Direct allocation scorer] Calibration Base
2023-10,IEF,0.0,TabPFN[Direct allocation scorer] Calibration Base
2023-11,IEF,0.0,TabPFN[Direct allocation scorer] Calibration Base
2023-12,IEF,0.0,TabPFN[Direct allocation scorer] Calibration Base
2024-01,IEF,0.0,TabPFN[Direct allocation scorer] Calibration Base
2024-02,IEF,0.0,TabPFN[Direct allocation scorer] Calibration Base
2024-03,IEF,0.0,TabPFN[Direct allocation scorer] Calibration Base
2024-04,IEF,0.0,TabPFN[Direct allocation scorer] Calibration Base
2024-05,IEF,0.0,TabPFN[Direct allocation scorer] Calibration Base
2024-06,IEF,0.0,TabPFN[Direct allocation scorer] Calibration Base
2024-07,IEF,0.0,TabPFN[Direct allocation scorer] Calibration Base
2024-08,IEF,0.0,TabPFN[Direct allocation scorer] Calibration Base
2024-09,IEF,0.0,TabPFN[Direct allocation scorer] Calibration Base
2024-10,IEF,0.0,TabPFN[Direct allocation scorer] Calibration Base
2024-11,IEF,0.0,TabPFN[Direct allocation scorer] Calibration Base
2024-12,IEF,0.0,TabPFN[Direct allocation scorer] Calibration Base
2025-01,IEF,0.0,TabPFN[Direct allocation scorer] Calibration Base
2025-02,IEF,0.0,TabPFN[Direct allocation scorer] Calibration Base
2025-03,IEF,0.0,TabPFN[Direct allocation scorer] Calibration Base
2025-04,IEF,0.0,TabPFN[Direct allocation scorer] Calibration Base
2025-05,IEF,0.0,TabPFN[Direct allocation scorer] Calibration Base
2025-06,IEF,0.0,TabPFN[Direct allocation scorer] Calibration Base
2025-07,IEF,0.0,TabPFN[Direct allocation scorer] Calibration Base
2025-08,IEF,0.0,TabPFN[Direct allocation scorer] Calibration Base
2025-09,IEF,0.0,TabPFN[Direct allocation scorer] Calibration Base
2025-10,IEF,0.0,TabPFN[Direct allocation scorer] Calibration Base
2025-11,IEF,0.0,TabPFN[Direct allocation scorer] Calibration Base
2025-12,IEF,0.0,TabPFN[Direct allocation scorer] Calibration Base
2026-01,IEF,0.0,TabPFN[Direct allocation scorer] Calibration Base
2026-02,IEF,0.0,TabPFN[Direct allocation scorer] Calibration Base
2026-03,IEF,0.0,TabPFN[Direct allocation scorer] Calibration Base
2020-01,IWM,0.0,TabPFN[Direct allocation scorer] Calibration Base
2020-02,IWM,0.0,TabPFN[Direct allocation scorer] Calibration Base
2020-03,IWM,0.0,TabPFN[Direct allocation scorer] Calibration Base
2020-04,IWM,0.0,TabPFN[Direct allocation scorer] Calibration Base
2020-05,IWM,0.0,TabPFN[Direct allocation scorer] Calibration Base
2020-06,IWM,0.0,TabPFN[Direct allocation scorer] Calibration Base
2020-07,IWM,0.3333333333333333,TabPFN[Direct allocation scorer] Calibration Base
2020-08,IWM,0.0,TabPFN[Direct allocation scorer] Calibration Base
2020-09,IWM,0.3333333333333333,TabPFN[Direct allocation scorer] Calibration Base
2020-10,IWM,0.3333333333333333,TabPFN[Direct allocation scorer] Calibration Base
2020-11,IWM,0.0,TabPFN[Direct allocation scorer] Calibration Base
2020-12,IWM,0.3333333333333333,TabPFN[Direct allocation scorer] Calibration Base
2021-01,IWM,0.3333333333333333,TabPFN[Direct allocation scorer] Calibration Base
2021-02,IWM,0.3333333333333333,TabPFN[Direct allocation scorer] Calibration Base
2021-03,IWM,0.0,TabPFN[Direct allocation scorer] Calibration Base
2021-04,IWM,0.3333333333333333,TabPFN[Direct allocation scorer] Calibration Base
2021-05,IWM,0.3333333333333333,TabPFN[Direct allocation scorer] Calibration Base
2021-06,IWM,0.0,TabPFN[Direct allocation scorer] Calibration Base
2021-07,IWM,0.3333333333333333,TabPFN[Direct allocation scorer] Calibration Base
2021-08,IWM,0.0,TabPFN[Direct allocation scorer] Calibration Base
2021-09,IWM,0.3333333333333333,TabPFN[Direct allocation scorer] Calibration Base
2021-10,IWM,0.3333333333333333,TabPFN[Direct allocation scorer] Calibration Base
2021-11,IWM,0.0,TabPFN[Direct allocation scorer] Calibration Base
2021-12,IWM,0.3333333333333333,TabPFN[Direct allocation scorer] Calibration Base
2022-01,IWM,0.0,TabPFN[Direct allocation scorer] Calibration Base
2022-02,IWM,0.0,TabPFN[Direct allocation scorer] Calibration Base
2022-03,IWM,0.0,TabPFN[Direct allocation scorer] Calibration Base
2022-04,IWM,0.0,TabPFN[Direct allocation scorer] Calibration Base
2022-05,IWM,0.0,TabPFN[Direct allocation scorer] Calibration Base
2022-06,IWM,0.0,TabPFN[Direct allocation scorer] Calibration Base
2022-07,IWM,0.3333333333333333,TabPFN[Direct allocation scorer] Calibration Base
2022-08,IWM,0.0,TabPFN[Direct allocation scorer] Calibration Base
2022-09,IWM,0.0,TabPFN[Direct allocation scorer] Calibration Base
2022-10,IWM,0.3333333333333333,TabPFN[Direct allocation scorer] Calibration Base
2022-11,IWM,0.0,TabPFN[Direct allocation scorer] Calibration Base
2022-12,IWM,0.0,TabPFN[Direct allocation scorer] Calibration Base
2023-01,IWM,0.0,TabPFN[Direct allocation scorer] Calibration Base
2023-02,IWM,0.3333333333333333,TabPFN[Direct allocation scorer] Calibration Base
2023-03,IWM,0.0,TabPFN[Direct allocation scorer] Calibration Base
2023-04,IWM,0.0,TabPFN[Direct allocation scorer] Calibration Base
2023-05,IWM,0.3333333333333333,TabPFN[Direct allocation scorer] Calibration Base
2023-06,IWM,0.3333333333333333,TabPFN[Direct allocation scorer] Calibration Base
2023-07,IWM,0.0,TabPFN[Direct allocation scorer] Calibration Base
2023-08,IWM,0.3333333333333333,TabPFN[Direct allocation scorer] Calibration Base
2023-09,IWM,0.3333333333333333,TabPFN[Direct allocation scorer] Calibration Base
2023-10,IWM,0.3333333333333333,TabPFN[Direct allocation scorer] Calibration Base
2023-11,IWM,0.0,TabPFN[Direct allocation scorer] Calibration Base
2023-12,IWM,0.0,TabPFN[Direct allocation scorer] Calibration Base
2024-01,IWM,0.3333333333333333,TabPFN[Direct allocation scorer] Calibration Base
2024-02,IWM,0.0,TabPFN[Direct allocation scorer] Calibration Base
2024-03,IWM,0.0,TabPFN[Direct allocation scorer] Calibration Base
2024-04,IWM,0.3333333333333333,TabPFN[Direct allocation scorer] Calibration Base
2024-05,IWM,0.0,TabPFN[Direct allocation scorer] Calibration Base
2024-06,IWM,0.0,TabPFN[Direct allocation scorer] Calibration Base
2024-07,IWM,0.3333333333333333,TabPFN[Direct allocation scorer] Calibration Base
2024-08,IWM,0.3333333333333333,TabPFN[Direct allocation scorer] Calibration Base
2024-09,IWM,0.0,TabPFN[Direct allocation scorer] Calibration Base
2024-10,IWM,0.0,TabPFN[Direct allocation scorer] Calibration Base
2024-11,IWM,0.3333333333333333,TabPFN[Direct allocation scorer] Calibration Base
2024-12,IWM,0.3333333333333333,TabPFN[Direct allocation scorer] Calibration Base
2025-01,IWM,0.0,TabPFN[Direct allocation scorer] Calibration Base
2025-02,IWM,0.0,TabPFN[Direct allocation scorer] Calibration Base
2025-03,IWM,0.0,TabPFN[Direct allocation scorer] Calibration Base
2025-04,IWM,0.0,TabPFN[Direct allocation scorer] Calibration Base
2025-05,IWM,0.0,TabPFN[Direct allocation scorer] Calibration Base
2025-06,IWM,0.3333333333333333,TabPFN[Direct allocation scorer] Calibration Base
2025-07,IWM,0.0,TabPFN[Direct allocation scorer] Calibration Base
2025-08,IWM,0.3333333333333333,TabPFN[Direct allocation scorer] Calibration Base
2025-09,IWM,0.0,TabPFN[Direct allocation scorer] Calibration Base
2025-10,IWM,0.0,TabPFN[Direct allocation scorer] Calibration Base
2025-11,IWM,0.3333333333333333,TabPFN[Direct allocation scorer] Calibration Base
2025-12,IWM,0.0,TabPFN[Direct allocation scorer] Calibration Base
2026-01,IWM,0.0,TabPFN[Direct allocation scorer] Calibration Base
2026-02,IWM,0.0,TabPFN[Direct allocation scorer] Calibration Base
2026-03,IWM,0.0,TabPFN[Direct allocation scorer] Calibration Base
2020-01,QQQ,0.3333333333333333,TabPFN[Direct allocation scorer] Calibration Base
2020-02,QQQ,0.3333333333333333,TabPFN[Direct allocation scorer] Calibration Base
2020-03,QQQ,0.3333333333333333,TabPFN[Direct allocation scorer] Calibration Base
2020-04,QQQ,0.3333333333333333,TabPFN[Direct allocation scorer] Calibration Base
2020-05,QQQ,0.3333333333333333,TabPFN[Direct allocation scorer] Calibration Base
2020-06,QQQ,0.3333333333333333,TabPFN[Direct allocation scorer] Calibration Base
2020-07,QQQ,0.3333333333333333,TabPFN[Direct allocation scorer] Calibration Base
2020-08,QQQ,0.3333333333333333,TabPFN[Direct allocation scorer] Calibration Base
2020-09,QQQ,0.3333333333333333,TabPFN[Direct allocation scorer] Calibration Base
2020-10,QQQ,0.3333333333333333,TabPFN[Direct allocation scorer] Calibration Base
2020-11,QQQ,0.3333333333333333,TabPFN[Direct allocation scorer] Calibration Base
2020-12,QQQ,0.3333333333333333,TabPFN[Direct allocation scorer] Calibration Base
2021-01,QQQ,0.3333333333333333,TabPFN[Direct allocation scorer] Calibration Base
2021-02,QQQ,0.3333333333333333,TabPFN[Direct allocation scorer] Calibration Base
2021-03,QQQ,0.3333333333333333,TabPFN[Direct allocation scorer] Calibration Base
2021-04,QQQ,0.3333333333333333,TabPFN[Direct allocation scorer] Calibration Base
2021-05,QQQ,0.3333333333333333,TabPFN[Direct allocation scorer] Calibration Base
2021-06,QQQ,0.3333333333333333,TabPFN[Direct allocation scorer] Calibration Base
2021-07,QQQ,0.3333333333333333,TabPFN[Direct allocation scorer] Calibration Base
2021-08,QQQ,0.3333333333333333,TabPFN[Direct allocation scorer] Calibration Base
2021-09,QQQ,0.3333333333333333,TabPFN[Direct allocation scorer] Calibration Base
2021-10,QQQ,0.3333333333333333,TabPFN[Direct allocation scorer] Calibration Base
2021-11,QQQ,0.3333333333333333,TabPFN[Direct allocation scorer] Calibration Base
2021-12,QQQ,0.3333333333333333,TabPFN[Direct allocation scorer] Calibration Base
2022-01,QQQ,0.3333333333333333,TabPFN[Direct allocation scorer] Calibration Base
2022-02,QQQ,0.3333333333333333,TabPFN[Direct allocation scorer] Calibration Base
2022-03,QQQ,0.3333333333333333,TabPFN[Direct allocation scorer] Calibration Base
2022-04,QQQ,0.0,TabPFN[Direct allocation scorer] Calibration Base
2022-05,QQQ,0.0,TabPFN[Direct allocation scorer] Calibration Base
2022-06,QQQ,0.0,TabPFN[Direct allocation scorer] Calibration Base
2022-07,QQQ,0.3333333333333333,TabPFN[Direct allocation scorer] Calibration Base
2022-08,QQQ,0.3333333333333333,TabPFN[Direct allocation scorer] Calibration Base
2022-09,QQQ,0.3333333333333333,TabPFN[Direct allocation scorer] Calibration Base
2022-10,QQQ,0.3333333333333333,TabPFN[Direct allocation scorer] Calibration Base
2022-11,QQQ,0.3333333333333333,TabPFN[Direct allocation scorer] Calibration Base
2022-12,QQQ,0.0,TabPFN[Direct allocation scorer] Calibration Base
2023-01,QQQ,0.3333333333333333,TabPFN[Direct allocation scorer] Calibration Base
2023-02,QQQ,0.3333333333333333,TabPFN[Direct allocation scorer] Calibration Base
2023-03,QQQ,0.3333333333333333,TabPFN[Direct allocation scorer] Calibration Base
2023-04,QQQ,0.3333333333333333,TabPFN[Direct allocation scorer] Calibration Base
2023-05,QQQ,0.3333333333333333,TabPFN[Direct allocation scorer] Calibration Base
2023-06,QQQ,0.3333333333333333,TabPFN[Direct allocation scorer] Calibration Base
2023-07,QQQ,0.3333333333333333,TabPFN[Direct allocation scorer] Calibration Base
2023-08,QQQ,0.3333333333333333,TabPFN[Direct allocation scorer] Calibration Base
2023-09,QQQ,0.3333333333333333,TabPFN[Direct allocation scorer] Calibration Base
2023-10,QQQ,0.3333333333333333,TabPFN[Direct allocation scorer] Calibration Base
2023-11,QQQ,0.3333333333333333,TabPFN[Direct allocation scorer] Calibration Base
2023-12,QQQ,0.3333333333333333,TabPFN[Direct allocation scorer] Calibration Base
2024-01,QQQ,0.3333333333333333,TabPFN[Direct allocation scorer] Calibration Base
2024-02,QQQ,0.3333333333333333,TabPFN[Direct allocation scorer] Calibration Base
2024-03,QQQ,0.3333333333333333,TabPFN[Direct allocation scorer] Calibration Base
2024-04,QQQ,0.3333333333333333,TabPFN[Direct allocation scorer] Calibration Base
2024-05,QQQ,0.3333333333333333,TabPFN[Direct allocation scorer] Calibration Base
2024-06,QQQ,0.3333333333333333,TabPFN[Direct allocation scorer] Calibration Base
2024-07,QQQ,0.3333333333333333,TabPFN[Direct allocation scorer] Calibration Base
2024-08,QQQ,0.3333333333333333,TabPFN[Direct allocation scorer] Calibration Base
2024-09,QQQ,0.3333333333333333,TabPFN[Direct allocation scorer] Calibration Base
2024-10,QQQ,0.3333333333333333,TabPFN[Direct allocation scorer] Calibration Base
2024-11,QQQ,0.3333333333333333,TabPFN[Direct allocation scorer] Calibration Base
2024-12,QQQ,0.3333333333333333,TabPFN[Direct allocation scorer] Calibration Base
2025-01,QQQ,0.3333333333333333,TabPFN[Direct allocation scorer] Calibration Base
2025-02,QQQ,0.3333333333333333,TabPFN[Direct allocation scorer] Calibration Base
2025-03,QQQ,0.3333333333333333,TabPFN[Direct allocation scorer] Calibration Base
2025-04,QQQ,0.0,TabPFN[Direct allocation scorer] Calibration Base
2025-05,QQQ,0.3333333333333333,TabPFN[Direct allocation scorer] Calibration Base
2025-06,QQQ,0.3333333333333333,TabPFN[Direct allocation scorer] Calibration Base
2025-07,QQQ,0.3333333333333333,TabPFN[Direct allocation scorer] Calibration Base
2025-08,QQQ,0.3333333333333333,TabPFN[Direct allocation scorer] Calibration Base
2025-09,QQQ,0.3333333333333333,TabPFN[Direct allocation scorer] Calibration Base
2025-10,QQQ,0.3333333333333333,TabPFN[Direct allocation scorer] Calibration Base
2025-11,QQQ,0.3333333333333333,TabPFN[Direct allocation scorer] Calibration Base
2025-12,QQQ,0.3333333333333333,TabPFN[Direct allocation scorer] Calibration Base
2026-01,QQQ,0.3333333333333333,TabPFN[Direct allocation scorer] Calibration Base
2026-02,QQQ,0.3333333333333333,TabPFN[Direct allocation scorer] Calibration Base
2026-03,QQQ,0.3333333333333333,TabPFN[Direct allocation scorer] Calibration Base
2020-01,SPY,0.0,TabPFN[Direct allocation scorer] Calibration Base
2020-02,SPY,0.0,TabPFN[Direct allocation scorer] Calibration Base
2020-03,SPY,0.0,TabPFN[Direct allocation scorer] Calibration Base
2020-04,SPY,0.0,TabPFN[Direct allocation scorer] Calibration Base
2020-05,SPY,0.0,TabPFN[Direct allocation scorer] Calibration Base
2020-06,SPY,0.0,TabPFN[Direct allocation scorer] Calibration Base
2020-07,SPY,0.0,TabPFN[Direct allocation scorer] Calibration Base
2020-08,SPY,0.0,TabPFN[Direct allocation scorer] Calibration Base
2020-09,SPY,0.0,TabPFN[Direct allocation scorer] Calibration Base
2020-10,SPY,0.0,TabPFN[Direct allocation scorer] Calibration Base
2020-11,SPY,0.0,TabPFN[Direct allocation scorer] Calibration Base
2020-12,SPY,0.0,TabPFN[Direct allocation scorer] Calibration Base
2021-01,SPY,0.0,TabPFN[Direct allocation scorer] Calibration Base
2021-02,SPY,0.0,TabPFN[Direct allocation scorer] Calibration Base
2021-03,SPY,0.0,TabPFN[Direct allocation scorer] Calibration Base
2021-04,SPY,0.0,TabPFN[Direct allocation scorer] Calibration Base
2021-05,SPY,0.0,TabPFN[Direct allocation scorer] Calibration Base
2021-06,SPY,0.0,TabPFN[Direct allocation scorer] Calibration Base
2021-07,SPY,0.0,TabPFN[Direct allocation scorer] Calibration Base
2021-08,SPY,0.0,TabPFN[Direct allocation scorer] Calibration Base
2021-09,SPY,0.0,TabPFN[Direct allocation scorer] Calibration Base
2021-10,SPY,0.0,TabPFN[Direct allocation scorer] Calibration Base
2021-11,SPY,0.0,TabPFN[Direct allocation scorer] Calibration Base
2021-12,SPY,0.0,TabPFN[Direct allocation scorer] Calibration Base
2022-01,SPY,0.0,TabPFN[Direct allocation scorer] Calibration Base
2022-02,SPY,0.0,TabPFN[Direct allocation scorer] Calibration Base
2022-03,SPY,0.0,TabPFN[Direct allocation scorer] Calibration Base
2022-04,SPY,0.0,TabPFN[Direct allocation scorer] Calibration Base
2022-05,SPY,0.0,TabPFN[Direct allocation scorer] Calibration Base
2022-06,SPY,0.0,TabPFN[Direct allocation scorer] Calibration Base
2022-07,SPY,0.0,TabPFN[Direct allocation scorer] Calibration Base
2022-08,SPY,0.0,TabPFN[Direct allocation scorer] Calibration Base
2022-09,SPY,0.0,TabPFN[Direct allocation scorer] Calibration Base
2022-10,SPY,0.0,TabPFN[Direct allocation scorer] Calibration Base
2022-11,SPY,0.0,TabPFN[Direct allocation scorer] Calibration Base
2022-12,SPY,0.0,TabPFN[Direct allocation scorer] Calibration Base
2023-01,SPY,0.0,TabPFN[Direct allocation scorer] Calibration Base
2023-02,SPY,0.0,TabPFN[Direct allocation scorer] Calibration Base
2023-03,SPY,0.0,TabPFN[Direct allocation scorer] Calibration Base
2023-04,SPY,0.0,TabPFN[Direct allocation scorer] Calibration Base
2023-05,SPY,0.0,TabPFN[Direct allocation scorer] Calibration Base
2023-06,SPY,0.0,TabPFN[Direct allocation scorer] Calibration Base
2023-07,SPY,0.0,TabPFN[Direct allocation scorer] Calibration Base
2023-08,SPY,0.0,TabPFN[Direct allocation scorer] Calibration Base
2023-09,SPY,0.0,TabPFN[Direct allocation scorer] Calibration Base
2023-10,SPY,0.0,TabPFN[Direct allocation scorer] Calibration Base
2023-11,SPY,0.0,TabPFN[Direct allocation scorer] Calibration Base
2023-12,SPY,0.0,TabPFN[Direct allocation scorer] Calibration Base
2024-01,SPY,0.0,TabPFN[Direct allocation scorer] Calibration Base
2024-02,SPY,0.0,TabPFN[Direct allocation scorer] Calibration Base
2024-03,SPY,0.0,TabPFN[Direct allocation scorer] Calibration Base
2024-04,SPY,0.0,TabPFN[Direct allocation scorer] Calibration Base
2024-05,SPY,0.0,TabPFN[Direct allocation scorer] Calibration Base
2024-06,SPY,0.0,TabPFN[Direct allocation scorer] Calibration Base
2024-07,SPY,0.0,TabPFN[Direct allocation scorer] Calibration Base
2024-08,SPY,0.0,TabPFN[Direct allocation scorer] Calibration Base
2024-09,SPY,0.0,TabPFN[Direct allocation scorer] Calibration Base
2024-10,SPY,0.0,TabPFN[Direct allocation scorer] Calibration Base
2024-11,SPY,0.0,TabPFN[Direct allocation scorer] Calibration Base
2024-12,SPY,0.0,TabPFN[Direct allocation scorer] Calibration Base
2025-01,SPY,0.0,TabPFN[Direct allocation scorer] Calibration Base
2025-02,SPY,0.0,TabPFN[Direct allocation scorer] Calibration Base
2025-03,SPY,0.0,TabPFN[Direct allocation scorer] Calibration Base
2025-04,SPY,0.0,TabPFN[Direct allocation scorer] Calibration Base
2025-05,SPY,0.0,TabPFN[Direct allocation scorer] Calibration Base
2025-06,SPY,0.0,TabPFN[Direct allocation scorer] Calibration Base
2025-07,SPY,0.0,TabPFN[Direct allocation scorer] Calibration Base
2025-08,SPY,0.0,TabPFN[Direct allocation scorer] Calibration Base
2025-09,SPY,0.0,TabPFN[Direct allocation scorer] Calibration Base
2025-10,SPY,0.0,TabPFN[Direct allocation scorer] Calibration Base
2025-11,SPY,0.0,TabPFN[Direct allocation scorer] Calibration Base
2025-12,SPY,0.0,TabPFN[Direct allocation scorer] Calibration Base
2026-01,SPY,0.0,TabPFN[Direct allocation scorer] Calibration Base
2026-02,SPY,0.0,TabPFN[Direct allocation scorer] Calibration Base
2026-03,SPY,0.0,TabPFN[Direct allocation scorer] Calibration Base
2020-01,TLT,0.0,TabPFN[Direct allocation scorer] Calibration Base
2020-02,TLT,0.0,TabPFN[Direct allocation scorer] Calibration Base
2020-03,TLT,0.3333333333333333,TabPFN[Direct allocation scorer] Calibration Base
2020-04,TLT,0.3333333333333333,TabPFN[Direct allocation scorer] Calibration Base
2020-05,TLT,0.0,TabPFN[Direct allocation scorer] Calibration Base
2020-06,TLT,0.0,TabPFN[Direct allocation scorer] Calibration Base
2020-07,TLT,0.0,TabPFN[Direct allocation scorer] Calibration Base
2020-08,TLT,0.0,TabPFN[Direct allocation scorer] Calibration Base
2020-09,TLT,0.0,TabPFN[Direct allocation scorer] Calibration Base
2020-10,TLT,0.0,TabPFN[Direct allocation scorer] Calibration Base
2020-11,TLT,0.0,TabPFN[Direct allocation scorer] Calibration Base
2020-12,TLT,0.0,TabPFN[Direct allocation scorer] Calibration Base
2021-01,TLT,0.0,TabPFN[Direct allocation scorer] Calibration Base
2021-02,TLT,0.0,TabPFN[Direct allocation scorer] Calibration Base
2021-03,TLT,0.0,TabPFN[Direct allocation scorer] Calibration Base
2021-04,TLT,0.0,TabPFN[Direct allocation scorer] Calibration Base
2021-05,TLT,0.0,TabPFN[Direct allocation scorer] Calibration Base
2021-06,TLT,0.0,TabPFN[Direct allocation scorer] Calibration Base
2021-07,TLT,0.0,TabPFN[Direct allocation scorer] Calibration Base
2021-08,TLT,0.0,TabPFN[Direct allocation scorer] Calibration Base
2021-09,TLT,0.0,TabPFN[Direct allocation scorer] Calibration Base
2021-10,TLT,0.0,TabPFN[Direct allocation scorer] Calibration Base
2021-11,TLT,0.3333333333333333,TabPFN[Direct allocation scorer] Calibration Base
2021-12,TLT,0.0,TabPFN[Direct allocation scorer] Calibration Base
2022-01,TLT,0.0,TabPFN[Direct allocation scorer] Calibration Base
2022-02,TLT,0.0,TabPFN[Direct allocation scorer] Calibration Base
2022-03,TLT,0.0,TabPFN[Direct allocation scorer] Calibration Base
2022-04,TLT,0.0,TabPFN[Direct allocation scorer] Calibration Base
2022-05,TLT,0.0,TabPFN[Direct allocation scorer] Calibration Base
2022-06,TLT,0.3333333333333333,TabPFN[Direct allocation scorer] Calibration Base
2022-07,TLT,0.0,TabPFN[Direct allocation scorer] Calibration Base
2022-08,TLT,0.0,TabPFN[Direct allocation scorer] Calibration Base
2022-09,TLT,0.0,TabPFN[Direct allocation scorer] Calibration Base
2022-10,TLT,0.0,TabPFN[Direct allocation scorer] Calibration Base
2022-11,TLT,0.0,TabPFN[Direct allocation scorer] Calibration Base
2022-12,TLT,0.0,TabPFN[Direct allocation scorer] Calibration Base
2023-01,TLT,0.0,TabPFN[Direct allocation scorer] Calibration Base
2023-02,TLT,0.0,TabPFN[Direct allocation scorer] Calibration Base
2023-03,TLT,0.0,TabPFN[Direct allocation scorer] Calibration Base
2023-04,TLT,0.0,TabPFN[Direct allocation scorer] Calibration Base
2023-05,TLT,0.0,TabPFN[Direct allocation scorer] Calibration Base
2023-06,TLT,0.0,TabPFN[Direct allocation scorer] Calibration Base
2023-07,TLT,0.0,TabPFN[Direct allocation scorer] Calibration Base
2023-08,TLT,0.0,TabPFN[Direct allocation scorer] Calibration Base
2023-09,TLT,0.0,TabPFN[Direct allocation scorer] Calibration Base
2023-10,TLT,0.0,TabPFN[Direct allocation scorer] Calibration Base
2023-11,TLT,0.0,TabPFN[Direct allocation scorer] Calibration Base
2023-12,TLT,0.0,TabPFN[Direct allocation scorer] Calibration Base
2024-01,TLT,0.0,TabPFN[Direct allocation scorer] Calibration Base
2024-02,TLT,0.0,TabPFN[Direct allocation scorer] Calibration Base
2024-03,TLT,0.0,TabPFN[Direct allocation scorer] Calibration Base
2024-04,TLT,0.0,TabPFN[Direct allocation scorer] Calibration Base
2024-05,TLT,0.0,TabPFN[Direct allocation scorer] Calibration Base
2024-06,TLT,0.0,TabPFN[Direct allocation scorer] Calibration Base
2024-07,TLT,0.0,TabPFN[Direct allocation scorer] Calibration Base
2024-08,TLT,0.0,TabPFN[Direct allocation scorer] Calibration Base
2024-09,TLT,0.0,TabPFN[Direct allocation scorer] Calibration Base
2024-10,TLT,0.0,TabPFN[Direct allocation scorer] Calibration Base
2024-11,TLT,0.0,TabPFN[Direct allocation scorer] Calibration Base
2024-12,TLT,0.0,TabPFN[Direct allocation scorer] Calibration Base
2025-01,TLT,0.0,TabPFN[Direct allocation scorer] Calibration Base
2025-02,TLT,0.0,TabPFN[Direct allocation scorer] Calibration Base
2025-03,TLT,0.0,TabPFN[Direct allocation scorer] Calibration Base
2025-04,TLT,0.0,TabPFN[Direct allocation scorer] Calibration Base
2025-05,TLT,0.0,TabPFN[Direct allocation scorer] Calibration Base
2025-06,TLT,0.0,TabPFN[Direct allocation scorer] Calibration Base
2025-07,TLT,0.0,TabPFN[Direct allocation scorer] Calibration Base
2025-08,TLT,0.0,TabPFN[Direct allocation scorer] Calibration Base
2025-09,TLT,0.0,TabPFN[Direct allocation scorer] Calibration Base
2025-10,TLT,0.0,TabPFN[Direct allocation scorer] Calibration Base
2025-11,TLT,0.0,TabPFN[Direct allocation scorer] Calibration Base
2025-12,TLT,0.0,TabPFN[Direct allocation scorer] Calibration Base
2026-01,TLT,0.0,TabPFN[Direct allocation scorer] Calibration Base
2026-02,TLT,0.0,TabPFN[Direct allocation scorer] Calibration Base
2026-03,TLT,0.3333333333333333,TabPFN[Direct allocation scorer] Calibration Base
2020-01,VNQ,0.3333333333333333,TabPFN[Direct allocation scorer] Calibration Base
2020-02,VNQ,0.3333333333333333,TabPFN[Direct allocation scorer] Calibration Base
2020-03,VNQ,0.0,TabPFN[Direct allocation scorer] Calibration Base
2020-04,VNQ,0.0,TabPFN[Direct allocation scorer] Calibration Base
2020-05,VNQ,0.0,TabPFN[Direct allocation scorer] Calibration Base
2020-06,VNQ,0.0,TabPFN[Direct allocation scorer] Calibration Base
2020-07,VNQ,0.0,TabPFN[Direct allocation scorer] Calibration Base
2020-08,VNQ,0.0,TabPFN[Direct allocation scorer] Calibration Base
2020-09,VNQ,0.0,TabPFN[Direct allocation scorer] Calibration Base
2020-10,VNQ,0.0,TabPFN[Direct allocation scorer] Calibration Base
2020-11,VNQ,0.3333333333333333,TabPFN[Direct allocation scorer] Calibration Base
2020-12,VNQ,0.0,TabPFN[Direct allocation scorer] Calibration Base
2021-01,VNQ,0.0,TabPFN[Direct allocation scorer] Calibration Base
2021-02,VNQ,0.0,TabPFN[Direct allocation scorer] Calibration Base
2021-03,VNQ,0.3333333333333333,TabPFN[Direct allocation scorer] Calibration Base
2021-04,VNQ,0.0,TabPFN[Direct allocation scorer] Calibration Base
2021-05,VNQ,0.0,TabPFN[Direct allocation scorer] Calibration Base
2021-06,VNQ,0.3333333333333333,TabPFN[Direct allocation scorer] Calibration Base
2021-07,VNQ,0.0,TabPFN[Direct allocation scorer] Calibration Base
2021-08,VNQ,0.0,TabPFN[Direct allocation scorer] Calibration Base
2021-09,VNQ,0.0,TabPFN[Direct allocation scorer] Calibration Base
2021-10,VNQ,0.0,TabPFN[Direct allocation scorer] Calibration Base
2021-11,VNQ,0.3333333333333333,TabPFN[Direct allocation scorer] Calibration Base
2021-12,VNQ,0.0,TabPFN[Direct allocation scorer] Calibration Base
2022-01,VNQ,0.3333333333333333,TabPFN[Direct allocation scorer] Calibration Base
2022-02,VNQ,0.3333333333333333,TabPFN[Direct allocation scorer] Calibration Base
2022-03,VNQ,0.0,TabPFN[Direct allocation scorer] Calibration Base
2022-04,VNQ,0.3333333333333333,TabPFN[Direct allocation scorer] Calibration Base
2022-05,VNQ,0.3333333333333333,TabPFN[Direct allocation scorer] Calibration Base
2022-06,VNQ,0.3333333333333333,TabPFN[Direct allocation scorer] Calibration Base
2022-07,VNQ,0.3333333333333333,TabPFN[Direct allocation scorer] Calibration Base
2022-08,VNQ,0.3333333333333333,TabPFN[Direct allocation scorer] Calibration Base
2022-09,VNQ,0.3333333333333333,TabPFN[Direct allocation scorer] Calibration Base
2022-10,VNQ,0.0,TabPFN[Direct allocation scorer] Calibration Base
2022-11,VNQ,0.3333333333333333,TabPFN[Direct allocation scorer] Calibration Base
2022-12,VNQ,0.3333333333333333,TabPFN[Direct allocation scorer] Calibration Base
2023-01,VNQ,0.3333333333333333,TabPFN[Direct allocation scorer] Calibration Base
2023-02,VNQ,0.0,TabPFN[Direct allocation scorer] Calibration Base
2023-03,VNQ,0.0,TabPFN[Direct allocation scorer] Calibration Base
2023-04,VNQ,0.3333333333333333,TabPFN[Direct allocation scorer] Calibration Base
2023-05,VNQ,0.3333333333333333,TabPFN[Direct allocation scorer] Calibration Base
2023-06,VNQ,0.3333333333333333,TabPFN[Direct allocation scorer] Calibration Base
2023-07,VNQ,0.0,TabPFN[Direct allocation scorer] Calibration Base
2023-08,VNQ,0.3333333333333333,TabPFN[Direct allocation scorer] Calibration Base
2023-09,VNQ,0.3333333333333333,TabPFN[Direct allocation scorer] Calibration Base
2023-10,VNQ,0.0,TabPFN[Direct allocation scorer] Calibration Base
2023-11,VNQ,0.3333333333333333,TabPFN[Direct allocation scorer] Calibration Base
2023-12,VNQ,0.3333333333333333,TabPFN[Direct allocation scorer] Calibration Base
2024-01,VNQ,0.3333333333333333,TabPFN[Direct allocation scorer] Calibration Base
2024-02,VNQ,0.3333333333333333,TabPFN[Direct allocation scorer] Calibration Base
2024-03,VNQ,0.3333333333333333,TabPFN[Direct allocation scorer] Calibration Base
2024-04,VNQ,0.0,TabPFN[Direct allocation scorer] Calibration Base
2024-05,VNQ,0.3333333333333333,TabPFN[Direct allocation scorer] Calibration Base
2024-06,VNQ,0.0,TabPFN[Direct allocation scorer] Calibration Base
2024-07,VNQ,0.0,TabPFN[Direct allocation scorer] Calibration Base
2024-08,VNQ,0.3333333333333333,TabPFN[Direct allocation scorer] Calibration Base
2024-09,VNQ,0.3333333333333333,TabPFN[Direct allocation scorer] Calibration Base
2024-10,VNQ,0.3333333333333333,TabPFN[Direct allocation scorer] Calibration Base
2024-11,VNQ,0.3333333333333333,TabPFN[Direct allocation scorer] Calibration Base
2024-12,VNQ,0.3333333333333333,TabPFN[Direct allocation scorer] Calibration Base
2025-01,VNQ,0.3333333333333333,TabPFN[Direct allocation scorer] Calibration Base
2025-02,VNQ,0.3333333333333333,TabPFN[Direct allocation scorer] Calibration Base
2025-03,VNQ,0.3333333333333333,TabPFN[Direct allocation scorer] Calibration Base
2025-04,VNQ,0.3333333333333333,TabPFN[Direct allocation scorer] Calibration Base
2025-05,VNQ,0.0,TabPFN[Direct allocation scorer] Calibration Base
2025-06,VNQ,0.0,TabPFN[Direct allocation scorer] Calibration Base
2025-07,VNQ,0.0,TabPFN[Direct allocation scorer] Calibration Base
2025-08,VNQ,0.0,TabPFN[Direct allocation scorer] Calibration Base
2025-09,VNQ,0.0,TabPFN[Direct allocation scorer] Calibration Base
2025-10,VNQ,0.3333333333333333,TabPFN[Direct allocation scorer] Calibration Base
2025-11,VNQ,0.0,TabPFN[Direct allocation scorer] Calibration Base
2025-12,VNQ,0.3333333333333333,TabPFN[Direct allocation scorer] Calibration Base
2026-01,VNQ,0.0,TabPFN[Direct allocation scorer] Calibration Base
2026-02,VNQ,0.0,TabPFN[Direct allocation scorer] Calibration Base
2026-03,VNQ,0.0,TabPFN[Direct allocation scorer] Calibration Base
2020-01,EEM,0.0,XGBoost[GPU allocation scorer]
2020-02,EEM,0.0,XGBoost[GPU allocation scorer]
2020-03,EEM,0.0,XGBoost[GPU allocation scorer]
2020-04,EEM,0.0,XGBoost[GPU allocation scorer]
2020-05,EEM,0.0,XGBoost[GPU allocation scorer]
2020-06,EEM,0.0,XGBoost[GPU allocation scorer]
2020-07,EEM,0.0,XGBoost[GPU allocation scorer]
2020-08,EEM,0.0,XGBoost[GPU allocation scorer]
2020-09,EEM,0.0,XGBoost[GPU allocation scorer]
2020-10,EEM,0.0,XGBoost[GPU allocation scorer]
2020-11,EEM,0.0,XGBoost[GPU allocation scorer]
2020-12,EEM,0.0,XGBoost[GPU allocation scorer]
2021-01,EEM,0.0,XGBoost[GPU allocation scorer]
2021-02,EEM,0.0,XGBoost[GPU allocation scorer]
2021-03,EEM,0.0,XGBoost[GPU allocation scorer]
2021-04,EEM,0.0,XGBoost[GPU allocation scorer]
2021-05,EEM,0.3333333333333333,XGBoost[GPU allocation scorer]
2021-06,EEM,0.0,XGBoost[GPU allocation scorer]
2021-07,EEM,0.0,XGBoost[GPU allocation scorer]
2021-08,EEM,0.0,XGBoost[GPU allocation scorer]
2021-09,EEM,0.0,XGBoost[GPU allocation scorer]
2021-10,EEM,0.0,XGBoost[GPU allocation scorer]
2021-11,EEM,0.0,XGBoost[GPU allocation scorer]
2021-12,EEM,0.0,XGBoost[GPU allocation scorer]
2022-01,EEM,0.0,XGBoost[GPU allocation scorer]
2022-02,EEM,0.0,XGBoost[GPU allocation scorer]
2022-03,EEM,0.0,XGBoost[GPU allocation scorer]
2022-04,EEM,0.0,XGBoost[GPU allocation scorer]
2022-05,EEM,0.0,XGBoost[GPU allocation scorer]
2022-06,EEM,0.0,XGBoost[GPU allocation scorer]
2022-07,EEM,0.0,XGBoost[GPU allocation scorer]
2022-08,EEM,0.0,XGBoost[GPU allocation scorer]
2022-09,EEM,0.0,XGBoost[GPU allocation scorer]
2022-10,EEM,0.0,XGBoost[GPU allocation scorer]
2022-11,EEM,0.0,XGBoost[GPU allocation scorer]
2022-12,EEM,0.0,XGBoost[GPU allocation scorer]
2023-01,EEM,0.0,XGBoost[GPU allocation scorer]
2023-02,EEM,0.0,XGBoost[GPU allocation scorer]
2023-03,EEM,0.0,XGBoost[GPU allocation scorer]
2023-04,EEM,0.0,XGBoost[GPU allocation scorer]
2023-05,EEM,0.0,XGBoost[GPU allocation scorer]
2023-06,EEM,0.0,XGBoost[GPU allocation scorer]
2023-07,EEM,0.0,XGBoost[GPU allocation scorer]
2023-08,EEM,0.0,XGBoost[GPU allocation scorer]
2023-09,EEM,0.0,XGBoost[GPU allocation scorer]
2023-10,EEM,0.0,XGBoost[GPU allocation scorer]
2023-11,EEM,0.0,XGBoost[GPU allocation scorer]
2023-12,EEM,0.0,XGBoost[GPU allocation scorer]
2024-01,EEM,0.0,XGBoost[GPU allocation scorer]
2024-02,EEM,0.0,XGBoost[GPU allocation scorer]
2024-03,EEM,0.0,XGBoost[GPU allocation scorer]
2024-04,EEM,0.0,XGBoost[GPU allocation scorer]
2024-05,EEM,0.0,XGBoost[GPU allocation scorer]
2024-06,EEM,0.0,XGBoost[GPU allocation scorer]
2024-07,EEM,0.0,XGBoost[GPU allocation scorer]
2024-08,EEM,0.0,XGBoost[GPU allocation scorer]
2024-09,EEM,0.0,XGBoost[GPU allocation scorer]
2024-10,EEM,0.0,XGBoost[GPU allocation scorer]
2024-11,EEM,0.0,XGBoost[GPU allocation scorer]
2024-12,EEM,0.0,XGBoost[GPU allocation scorer]
2025-01,EEM,0.0,XGBoost[GPU allocation scorer]
2025-02,EEM,0.0,XGBoost[GPU allocation scorer]
2025-03,EEM,0.0,XGBoost[GPU allocation scorer]
2025-04,EEM,0.0,XGBoost[GPU allocation scorer]
2025-05,EEM,0.0,XGBoost[GPU allocation scorer]
2025-06,EEM,0.0,XGBoost[GPU allocation scorer]
2025-07,EEM,0.0,XGBoost[GPU allocation scorer]
2025-08,EEM,0.0,XGBoost[GPU allocation scorer]
2025-09,EEM,0.0,XGBoost[GPU allocation scorer]
2025-10,EEM,0.0,XGBoost[GPU allocation scorer]
2025-11,EEM,0.0,XGBoost[GPU allocation scorer]
2025-12,EEM,0.0,XGBoost[GPU allocation scorer]
2026-01,EEM,0.0,XGBoost[GPU allocation scorer]
2026-02,EEM,0.0,XGBoost[GPU allocation scorer]
2026-03,EEM,0.3333333333333333,XGBoost[GPU allocation scorer]
2020-01,GLD,0.0,XGBoost[GPU allocation scorer]
2020-02,GLD,0.3333333333333333,XGBoost[GPU allocation scorer]
2020-03,GLD,0.3333333333333333,XGBoost[GPU allocation scorer]
2020-04,GLD,0.0,XGBoost[GPU allocation scorer]
2020-05,GLD,0.0,XGBoost[GPU allocation scorer]
2020-06,GLD,0.0,XGBoost[GPU allocation scorer]
2020-07,GLD,0.0,XGBoost[GPU allocation scorer]
2020-08,GLD,0.3333333333333333,XGBoost[GPU allocation scorer]
2020-09,GLD,0.0,XGBoost[GPU allocation scorer]
2020-10,GLD,0.0,XGBoost[GPU allocation scorer]
2020-11,GLD,0.0,XGBoost[GPU allocation scorer]
2020-12,GLD,0.3333333333333333,XGBoost[GPU allocation scorer]
2021-01,GLD,0.0,XGBoost[GPU allocation scorer]
2021-02,GLD,0.0,XGBoost[GPU allocation scorer]
2021-03,GLD,0.0,XGBoost[GPU allocation scorer]
2021-04,GLD,0.0,XGBoost[GPU allocation scorer]
2021-05,GLD,0.0,XGBoost[GPU allocation scorer]
2021-06,GLD,0.0,XGBoost[GPU allocation scorer]
2021-07,GLD,0.0,XGBoost[GPU allocation scorer]
2021-08,GLD,0.0,XGBoost[GPU allocation scorer]
2021-09,GLD,0.0,XGBoost[GPU allocation scorer]
2021-10,GLD,0.0,XGBoost[GPU allocation scorer]
2021-11,GLD,0.0,XGBoost[GPU allocation scorer]
2021-12,GLD,0.0,XGBoost[GPU allocation scorer]
2022-01,GLD,0.3333333333333333,XGBoost[GPU allocation scorer]
2022-02,GLD,0.3333333333333333,XGBoost[GPU allocation scorer]
2022-03,GLD,0.3333333333333333,XGBoost[GPU allocation scorer]
2022-04,GLD,0.3333333333333333,XGBoost[GPU allocation scorer]
2022-05,GLD,0.0,XGBoost[GPU allocation scorer]
2022-06,GLD,0.0,XGBoost[GPU allocation scorer]
2022-07,GLD,0.0,XGBoost[GPU allocation scorer]
2022-08,GLD,0.0,XGBoost[GPU allocation scorer]
2022-09,GLD,0.0,XGBoost[GPU allocation scorer]
2022-10,GLD,0.0,XGBoost[GPU allocation scorer]
2022-11,GLD,0.0,XGBoost[GPU allocation scorer]
2022-12,GLD,0.3333333333333333,XGBoost[GPU allocation scorer]
2023-01,GLD,0.0,XGBoost[GPU allocation scorer]
2023-02,GLD,0.3333333333333333,XGBoost[GPU allocation scorer]
2023-03,GLD,0.0,XGBoost[GPU allocation scorer]
2023-04,GLD,0.0,XGBoost[GPU allocation scorer]
2023-05,GLD,0.0,XGBoost[GPU allocation scorer]
2023-06,GLD,0.0,XGBoost[GPU allocation scorer]
2023-07,GLD,0.0,XGBoost[GPU allocation scorer]
2023-08,GLD,0.0,XGBoost[GPU allocation scorer]
2023-09,GLD,0.0,XGBoost[GPU allocation scorer]
2023-10,GLD,0.0,XGBoost[GPU allocation scorer]
2023-11,GLD,0.0,XGBoost[GPU allocation scorer]
2023-12,GLD,0.0,XGBoost[GPU allocation scorer]
2024-01,GLD,0.0,XGBoost[GPU allocation scorer]
2024-02,GLD,0.0,XGBoost[GPU allocation scorer]
2024-03,GLD,0.0,XGBoost[GPU allocation scorer]
2024-04,GLD,0.0,XGBoost[GPU allocation scorer]
2024-05,GLD,0.3333333333333333,XGBoost[GPU allocation scorer]
2024-06,GLD,0.3333333333333333,XGBoost[GPU allocation scorer]
2024-07,GLD,0.0,XGBoost[GPU allocation scorer]
2024-08,GLD,0.3333333333333333,XGBoost[GPU allocation scorer]
2024-09,GLD,0.0,XGBoost[GPU allocation scorer]
2024-10,GLD,0.0,XGBoost[GPU allocation scorer]
2024-11,GLD,0.3333333333333333,XGBoost[GPU allocation scorer]
2024-12,GLD,0.0,XGBoost[GPU allocation scorer]
2025-01,GLD,0.0,XGBoost[GPU allocation scorer]
2025-02,GLD,0.3333333333333333,XGBoost[GPU allocation scorer]
2025-03,GLD,0.3333333333333333,XGBoost[GPU allocation scorer]
2025-04,GLD,0.3333333333333333,XGBoost[GPU allocation scorer]
2025-05,GLD,0.3333333333333333,XGBoost[GPU allocation scorer]
2025-06,GLD,0.3333333333333333,XGBoost[GPU allocation scorer]
2025-07,GLD,0.3333333333333333,XGBoost[GPU allocation scorer]
2025-08,GLD,0.0,XGBoost[GPU allocation scorer]
2025-09,GLD,0.3333333333333333,XGBoost[GPU allocation scorer]
2025-10,GLD,0.3333333333333333,XGBoost[GPU allocation scorer]
2025-11,GLD,0.3333333333333333,XGBoost[GPU allocation scorer]
2025-12,GLD,0.3333333333333333,XGBoost[GPU allocation scorer]
2026-01,GLD,0.3333333333333333,XGBoost[GPU allocation scorer]
2026-02,GLD,0.3333333333333333,XGBoost[GPU allocation scorer]
2026-03,GLD,0.0,XGBoost[GPU allocation scorer]
2020-01,HYG,0.0,XGBoost[GPU allocation scorer]
2020-02,HYG,0.0,XGBoost[GPU allocation scorer]
2020-03,HYG,0.0,XGBoost[GPU allocation scorer]
2020-04,HYG,0.0,XGBoost[GPU allocation scorer]
2020-05,HYG,0.0,XGBoost[GPU allocation scorer]
2020-06,HYG,0.0,XGBoost[GPU allocation scorer]
2020-07,HYG,0.0,XGBoost[GPU allocation scorer]
2020-08,HYG,0.0,XGBoost[GPU allocation scorer]
2020-09,HYG,0.0,XGBoost[GPU allocation scorer]
2020-10,HYG,0.0,XGBoost[GPU allocation scorer]
2020-11,HYG,0.0,XGBoost[GPU allocation scorer]
2020-12,HYG,0.0,XGBoost[GPU allocation scorer]
2021-01,HYG,0.0,XGBoost[GPU allocation scorer]
2021-02,HYG,0.0,XGBoost[GPU allocation scorer]
2021-03,HYG,0.0,XGBoost[GPU allocation scorer]
2021-04,HYG,0.0,XGBoost[GPU allocation scorer]
2021-05,HYG,0.0,XGBoost[GPU allocation scorer]
2021-06,HYG,0.0,XGBoost[GPU allocation scorer]
2021-07,HYG,0.0,XGBoost[GPU allocation scorer]
2021-08,HYG,0.0,XGBoost[GPU allocation scorer]
2021-09,HYG,0.0,XGBoost[GPU allocation scorer]
2021-10,HYG,0.0,XGBoost[GPU allocation scorer]
2021-11,HYG,0.0,XGBoost[GPU allocation scorer]
2021-12,HYG,0.0,XGBoost[GPU allocation scorer]
2022-01,HYG,0.0,XGBoost[GPU allocation scorer]
2022-02,HYG,0.0,XGBoost[GPU allocation scorer]
2022-03,HYG,0.0,XGBoost[GPU allocation scorer]
2022-04,HYG,0.0,XGBoost[GPU allocation scorer]
2022-05,HYG,0.0,XGBoost[GPU allocation scorer]
2022-06,HYG,0.0,XGBoost[GPU allocation scorer]
2022-07,HYG,0.0,XGBoost[GPU allocation scorer]
2022-08,HYG,0.0,XGBoost[GPU allocation scorer]
2022-09,HYG,0.0,XGBoost[GPU allocation scorer]
2022-10,HYG,0.0,XGBoost[GPU allocation scorer]
2022-11,HYG,0.0,XGBoost[GPU allocation scorer]
2022-12,HYG,0.0,XGBoost[GPU allocation scorer]
2023-01,HYG,0.0,XGBoost[GPU allocation scorer]
2023-02,HYG,0.0,XGBoost[GPU allocation scorer]
2023-03,HYG,0.0,XGBoost[GPU allocation scorer]
2023-04,HYG,0.0,XGBoost[GPU allocation scorer]
2023-05,HYG,0.0,XGBoost[GPU allocation scorer]
2023-06,HYG,0.0,XGBoost[GPU allocation scorer]
2023-07,HYG,0.0,XGBoost[GPU allocation scorer]
2023-08,HYG,0.0,XGBoost[GPU allocation scorer]
2023-09,HYG,0.0,XGBoost[GPU allocation scorer]
2023-10,HYG,0.0,XGBoost[GPU allocation scorer]
2023-11,HYG,0.0,XGBoost[GPU allocation scorer]
2023-12,HYG,0.0,XGBoost[GPU allocation scorer]
2024-01,HYG,0.0,XGBoost[GPU allocation scorer]
2024-02,HYG,0.0,XGBoost[GPU allocation scorer]
2024-03,HYG,0.0,XGBoost[GPU allocation scorer]
2024-04,HYG,0.0,XGBoost[GPU allocation scorer]
2024-05,HYG,0.0,XGBoost[GPU allocation scorer]
2024-06,HYG,0.0,XGBoost[GPU allocation scorer]
2024-07,HYG,0.0,XGBoost[GPU allocation scorer]
2024-08,HYG,0.0,XGBoost[GPU allocation scorer]
2024-09,HYG,0.0,XGBoost[GPU allocation scorer]
2024-10,HYG,0.0,XGBoost[GPU allocation scorer]
2024-11,HYG,0.0,XGBoost[GPU allocation scorer]
2024-12,HYG,0.0,XGBoost[GPU allocation scorer]
2025-01,HYG,0.0,XGBoost[GPU allocation scorer]
2025-02,HYG,0.0,XGBoost[GPU allocation scorer]
2025-03,HYG,0.0,XGBoost[GPU allocation scorer]
2025-04,HYG,0.0,XGBoost[GPU allocation scorer]
2025-05,HYG,0.0,XGBoost[GPU allocation scorer]
2025-06,HYG,0.0,XGBoost[GPU allocation scorer]
2025-07,HYG,0.0,XGBoost[GPU allocation scorer]
2025-08,HYG,0.0,XGBoost[GPU allocation scorer]
2025-09,HYG,0.0,XGBoost[GPU allocation scorer]
2025-10,HYG,0.0,XGBoost[GPU allocation scorer]
2025-11,HYG,0.0,XGBoost[GPU allocation scorer]
2025-12,HYG,0.0,XGBoost[GPU allocation scorer]
2026-01,HYG,0.0,XGBoost[GPU allocation scorer]
2026-02,HYG,0.0,XGBoost[GPU allocation scorer]
2026-03,HYG,0.0,XGBoost[GPU allocation scorer]
2020-01,IEF,0.0,XGBoost[GPU allocation scorer]
2020-02,IEF,0.0,XGBoost[GPU allocation scorer]
2020-03,IEF,0.0,XGBoost[GPU allocation scorer]
2020-04,IEF,0.0,XGBoost[GPU allocation scorer]
2020-05,IEF,0.0,XGBoost[GPU allocation scorer]
2020-06,IEF,0.0,XGBoost[GPU allocation scorer]
2020-07,IEF,0.0,XGBoost[GPU allocation scorer]
2020-08,IEF,0.0,XGBoost[GPU allocation scorer]
2020-09,IEF,0.0,XGBoost[GPU allocation scorer]
2020-10,IEF,0.0,XGBoost[GPU allocation scorer]
2020-11,IEF,0.0,XGBoost[GPU allocation scorer]
2020-12,IEF,0.0,XGBoost[GPU allocation scorer]
2021-01,IEF,0.0,XGBoost[GPU allocation scorer]
2021-02,IEF,0.0,XGBoost[GPU allocation scorer]
2021-03,IEF,0.0,XGBoost[GPU allocation scorer]
2021-04,IEF,0.0,XGBoost[GPU allocation scorer]
2021-05,IEF,0.0,XGBoost[GPU allocation scorer]
2021-06,IEF,0.0,XGBoost[GPU allocation scorer]
2021-07,IEF,0.0,XGBoost[GPU allocation scorer]
2021-08,IEF,0.0,XGBoost[GPU allocation scorer]
2021-09,IEF,0.0,XGBoost[GPU allocation scorer]
2021-10,IEF,0.0,XGBoost[GPU allocation scorer]
2021-11,IEF,0.0,XGBoost[GPU allocation scorer]
2021-12,IEF,0.0,XGBoost[GPU allocation scorer]
2022-01,IEF,0.0,XGBoost[GPU allocation scorer]
2022-02,IEF,0.0,XGBoost[GPU allocation scorer]
2022-03,IEF,0.0,XGBoost[GPU allocation scorer]
2022-04,IEF,0.0,XGBoost[GPU allocation scorer]
2022-05,IEF,0.0,XGBoost[GPU allocation scorer]
2022-06,IEF,0.0,XGBoost[GPU allocation scorer]
2022-07,IEF,0.0,XGBoost[GPU allocation scorer]
2022-08,IEF,0.0,XGBoost[GPU allocation scorer]
2022-09,IEF,0.0,XGBoost[GPU allocation scorer]
2022-10,IEF,0.0,XGBoost[GPU allocation scorer]
2022-11,IEF,0.0,XGBoost[GPU allocation scorer]
2022-12,IEF,0.0,XGBoost[GPU allocation scorer]
2023-01,IEF,0.0,XGBoost[GPU allocation scorer]
2023-02,IEF,0.0,XGBoost[GPU allocation scorer]
2023-03,IEF,0.0,XGBoost[GPU allocation scorer]
2023-04,IEF,0.0,XGBoost[GPU allocation scorer]
2023-05,IEF,0.0,XGBoost[GPU allocation scorer]
2023-06,IEF,0.0,XGBoost[GPU allocation scorer]
2023-07,IEF,0.0,XGBoost[GPU allocation scorer]
2023-08,IEF,0.0,XGBoost[GPU allocation scorer]
2023-09,IEF,0.0,XGBoost[GPU allocation scorer]
2023-10,IEF,0.0,XGBoost[GPU allocation scorer]
2023-11,IEF,0.0,XGBoost[GPU allocation scorer]
2023-12,IEF,0.0,XGBoost[GPU allocation scorer]
2024-01,IEF,0.0,XGBoost[GPU allocation scorer]
2024-02,IEF,0.0,XGBoost[GPU allocation scorer]
2024-03,IEF,0.0,XGBoost[GPU allocation scorer]
2024-04,IEF,0.0,XGBoost[GPU allocation scorer]
2024-05,IEF,0.0,XGBoost[GPU allocation scorer]
2024-06,IEF,0.0,XGBoost[GPU allocation scorer]
2024-07,IEF,0.0,XGBoost[GPU allocation scorer]
2024-08,IEF,0.0,XGBoost[GPU allocation scorer]
2024-09,IEF,0.0,XGBoost[GPU allocation scorer]
2024-10,IEF,0.0,XGBoost[GPU allocation scorer]
2024-11,IEF,0.0,XGBoost[GPU allocation scorer]
2024-12,IEF,0.0,XGBoost[GPU allocation scorer]
2025-01,IEF,0.0,XGBoost[GPU allocation scorer]
2025-02,IEF,0.0,XGBoost[GPU allocation scorer]
2025-03,IEF,0.0,XGBoost[GPU allocation scorer]
2025-04,IEF,0.0,XGBoost[GPU allocation scorer]
2025-05,IEF,0.0,XGBoost[GPU allocation scorer]
2025-06,IEF,0.0,XGBoost[GPU allocation scorer]
2025-07,IEF,0.0,XGBoost[GPU allocation scorer]
2025-08,IEF,0.0,XGBoost[GPU allocation scorer]
2025-09,IEF,0.0,XGBoost[GPU allocation scorer]
2025-10,IEF,0.0,XGBoost[GPU allocation scorer]
2025-11,IEF,0.0,XGBoost[GPU allocation scorer]
2025-12,IEF,0.0,XGBoost[GPU allocation scorer]
2026-01,IEF,0.0,XGBoost[GPU allocation scorer]
2026-02,IEF,0.0,XGBoost[GPU allocation scorer]
2026-03,IEF,0.0,XGBoost[GPU allocation scorer]
2020-01,IWM,0.3333333333333333,XGBoost[GPU allocation scorer]
2020-02,IWM,0.0,XGBoost[GPU allocation scorer]
2020-03,IWM,0.3333333333333333,XGBoost[GPU allocation scorer]
2020-04,IWM,0.3333333333333333,XGBoost[GPU allocation scorer]
2020-05,IWM,0.3333333333333333,XGBoost[GPU allocation scorer]
2020-06,IWM,0.3333333333333333,XGBoost[GPU allocation scorer]
2020-07,IWM,0.3333333333333333,XGBoost[GPU allocation scorer]
2020-08,IWM,0.3333333333333333,XGBoost[GPU allocation scorer]
2020-09,IWM,0.3333333333333333,XGBoost[GPU allocation scorer]
2020-10,IWM,0.3333333333333333,XGBoost[GPU allocation scorer]
2020-11,IWM,0.3333333333333333,XGBoost[GPU allocation scorer]
2020-12,IWM,0.3333333333333333,XGBoost[GPU allocation scorer]
2021-01,IWM,0.3333333333333333,XGBoost[GPU allocation scorer]
2021-02,IWM,0.3333333333333333,XGBoost[GPU allocation scorer]
2021-03,IWM,0.3333333333333333,XGBoost[GPU allocation scorer]
2021-04,IWM,0.3333333333333333,XGBoost[GPU allocation scorer]
2021-05,IWM,0.3333333333333333,XGBoost[GPU allocation scorer]
2021-06,IWM,0.3333333333333333,XGBoost[GPU allocation scorer]
2021-07,IWM,0.3333333333333333,XGBoost[GPU allocation scorer]
2021-08,IWM,0.3333333333333333,XGBoost[GPU allocation scorer]
2021-09,IWM,0.3333333333333333,XGBoost[GPU allocation scorer]
2021-10,IWM,0.3333333333333333,XGBoost[GPU allocation scorer]
2021-11,IWM,0.3333333333333333,XGBoost[GPU allocation scorer]
2021-12,IWM,0.3333333333333333,XGBoost[GPU allocation scorer]
2022-01,IWM,0.3333333333333333,XGBoost[GPU allocation scorer]
2022-02,IWM,0.3333333333333333,XGBoost[GPU allocation scorer]
2022-03,IWM,0.3333333333333333,XGBoost[GPU allocation scorer]
2022-04,IWM,0.3333333333333333,XGBoost[GPU allocation scorer]
2022-05,IWM,0.3333333333333333,XGBoost[GPU allocation scorer]
2022-06,IWM,0.3333333333333333,XGBoost[GPU allocation scorer]
2022-07,IWM,0.3333333333333333,XGBoost[GPU allocation scorer]
2022-08,IWM,0.3333333333333333,XGBoost[GPU allocation scorer]
2022-09,IWM,0.3333333333333333,XGBoost[GPU allocation scorer]
2022-10,IWM,0.3333333333333333,XGBoost[GPU allocation scorer]
2022-11,IWM,0.3333333333333333,XGBoost[GPU allocation scorer]
2022-12,IWM,0.3333333333333333,XGBoost[GPU allocation scorer]
2023-01,IWM,0.3333333333333333,XGBoost[GPU allocation scorer]
2023-02,IWM,0.3333333333333333,XGBoost[GPU allocation scorer]
2023-03,IWM,0.3333333333333333,XGBoost[GPU allocation scorer]
2023-04,IWM,0.3333333333333333,XGBoost[GPU allocation scorer]
2023-05,IWM,0.3333333333333333,XGBoost[GPU allocation scorer]
2023-06,IWM,0.3333333333333333,XGBoost[GPU allocation scorer]
2023-07,IWM,0.3333333333333333,XGBoost[GPU allocation scorer]
2023-08,IWM,0.3333333333333333,XGBoost[GPU allocation scorer]
2023-09,IWM,0.3333333333333333,XGBoost[GPU allocation scorer]
2023-10,IWM,0.3333333333333333,XGBoost[GPU allocation scorer]
2023-11,IWM,0.3333333333333333,XGBoost[GPU allocation scorer]
2023-12,IWM,0.3333333333333333,XGBoost[GPU allocation scorer]
2024-01,IWM,0.3333333333333333,XGBoost[GPU allocation scorer]
2024-02,IWM,0.3333333333333333,XGBoost[GPU allocation scorer]
2024-03,IWM,0.3333333333333333,XGBoost[GPU allocation scorer]
2024-04,IWM,0.3333333333333333,XGBoost[GPU allocation scorer]
2024-05,IWM,0.3333333333333333,XGBoost[GPU allocation scorer]
2024-06,IWM,0.3333333333333333,XGBoost[GPU allocation scorer]
2024-07,IWM,0.3333333333333333,XGBoost[GPU allocation scorer]
2024-08,IWM,0.3333333333333333,XGBoost[GPU allocation scorer]
2024-09,IWM,0.3333333333333333,XGBoost[GPU allocation scorer]
2024-10,IWM,0.3333333333333333,XGBoost[GPU allocation scorer]
2024-11,IWM,0.3333333333333333,XGBoost[GPU allocation scorer]
2024-12,IWM,0.3333333333333333,XGBoost[GPU allocation scorer]
2025-01,IWM,0.3333333333333333,XGBoost[GPU allocation scorer]
2025-02,IWM,0.3333333333333333,XGBoost[GPU allocation scorer]
2025-03,IWM,0.3333333333333333,XGBoost[GPU allocation scorer]
2025-04,IWM,0.0,XGBoost[GPU allocation scorer]
2025-05,IWM,0.0,XGBoost[GPU allocation scorer]
2025-06,IWM,0.3333333333333333,XGBoost[GPU allocation scorer]
2025-07,IWM,0.3333333333333333,XGBoost[GPU allocation scorer]
2025-08,IWM,0.3333333333333333,XGBoost[GPU allocation scorer]
2025-09,IWM,0.3333333333333333,XGBoost[GPU allocation scorer]
2025-10,IWM,0.3333333333333333,XGBoost[GPU allocation scorer]
2025-11,IWM,0.3333333333333333,XGBoost[GPU allocation scorer]
2025-12,IWM,0.3333333333333333,XGBoost[GPU allocation scorer]
2026-01,IWM,0.3333333333333333,XGBoost[GPU allocation scorer]
2026-02,IWM,0.3333333333333333,XGBoost[GPU allocation scorer]
2026-03,IWM,0.3333333333333333,XGBoost[GPU allocation scorer]
2020-01,QQQ,0.3333333333333333,XGBoost[GPU allocation scorer]
2020-02,QQQ,0.3333333333333333,XGBoost[GPU allocation scorer]
2020-03,QQQ,0.0,XGBoost[GPU allocation scorer]
2020-04,QQQ,0.3333333333333333,XGBoost[GPU allocation scorer]
2020-05,QQQ,0.3333333333333333,XGBoost[GPU allocation scorer]
2020-06,QQQ,0.3333333333333333,XGBoost[GPU allocation scorer]
2020-07,QQQ,0.3333333333333333,XGBoost[GPU allocation scorer]
2020-08,QQQ,0.0,XGBoost[GPU allocation scorer]
2020-09,QQQ,0.3333333333333333,XGBoost[GPU allocation scorer]
2020-10,QQQ,0.3333333333333333,XGBoost[GPU allocation scorer]
2020-11,QQQ,0.3333333333333333,XGBoost[GPU allocation scorer]
2020-12,QQQ,0.3333333333333333,XGBoost[GPU allocation scorer]
2021-01,QQQ,0.3333333333333333,XGBoost[GPU allocation scorer]
2021-02,QQQ,0.3333333333333333,XGBoost[GPU allocation scorer]
2021-03,QQQ,0.3333333333333333,XGBoost[GPU allocation scorer]
2021-04,QQQ,0.3333333333333333,XGBoost[GPU allocation scorer]
2021-05,QQQ,0.3333333333333333,XGBoost[GPU allocation scorer]
2021-06,QQQ,0.3333333333333333,XGBoost[GPU allocation scorer]
2021-07,QQQ,0.3333333333333333,XGBoost[GPU allocation scorer]
2021-08,QQQ,0.3333333333333333,XGBoost[GPU allocation scorer]
2021-09,QQQ,0.3333333333333333,XGBoost[GPU allocation scorer]
2021-10,QQQ,0.3333333333333333,XGBoost[GPU allocation scorer]
2021-11,QQQ,0.3333333333333333,XGBoost[GPU allocation scorer]
2021-12,QQQ,0.3333333333333333,XGBoost[GPU allocation scorer]
2022-01,QQQ,0.3333333333333333,XGBoost[GPU allocation scorer]
2022-02,QQQ,0.3333333333333333,XGBoost[GPU allocation scorer]
2022-03,QQQ,0.3333333333333333,XGBoost[GPU allocation scorer]
2022-04,QQQ,0.3333333333333333,XGBoost[GPU allocation scorer]
2022-05,QQQ,0.3333333333333333,XGBoost[GPU allocation scorer]
2022-06,QQQ,0.3333333333333333,XGBoost[GPU allocation scorer]
2022-07,QQQ,0.3333333333333333,XGBoost[GPU allocation scorer]
2022-08,QQQ,0.3333333333333333,XGBoost[GPU allocation scorer]
2022-09,QQQ,0.3333333333333333,XGBoost[GPU allocation scorer]
2022-10,QQQ,0.3333333333333333,XGBoost[GPU allocation scorer]
2022-11,QQQ,0.3333333333333333,XGBoost[GPU allocation scorer]
2022-12,QQQ,0.3333333333333333,XGBoost[GPU allocation scorer]
2023-01,QQQ,0.3333333333333333,XGBoost[GPU allocation scorer]
2023-02,QQQ,0.3333333333333333,XGBoost[GPU allocation scorer]
2023-03,QQQ,0.3333333333333333,XGBoost[GPU allocation scorer]
2023-04,QQQ,0.3333333333333333,XGBoost[GPU allocation scorer]
2023-05,QQQ,0.3333333333333333,XGBoost[GPU allocation scorer]
2023-06,QQQ,0.3333333333333333,XGBoost[GPU allocation scorer]
2023-07,QQQ,0.3333333333333333,XGBoost[GPU allocation scorer]
2023-08,QQQ,0.3333333333333333,XGBoost[GPU allocation scorer]
2023-09,QQQ,0.3333333333333333,XGBoost[GPU allocation scorer]
2023-10,QQQ,0.3333333333333333,XGBoost[GPU allocation scorer]
2023-11,QQQ,0.3333333333333333,XGBoost[GPU allocation scorer]
2023-12,QQQ,0.3333333333333333,XGBoost[GPU allocation scorer]
2024-01,QQQ,0.3333333333333333,XGBoost[GPU allocation scorer]
2024-02,QQQ,0.3333333333333333,XGBoost[GPU allocation scorer]
2024-03,QQQ,0.3333333333333333,XGBoost[GPU allocation scorer]
2024-04,QQQ,0.3333333333333333,XGBoost[GPU allocation scorer]
2024-05,QQQ,0.3333333333333333,XGBoost[GPU allocation scorer]
2024-06,QQQ,0.3333333333333333,XGBoost[GPU allocation scorer]
2024-07,QQQ,0.3333333333333333,XGBoost[GPU allocation scorer]
2024-08,QQQ,0.3333333333333333,XGBoost[GPU allocation scorer]
2024-09,QQQ,0.3333333333333333,XGBoost[GPU allocation scorer]
2024-10,QQQ,0.3333333333333333,XGBoost[GPU allocation scorer]
2024-11,QQQ,0.3333333333333333,XGBoost[GPU allocation scorer]
2024-12,QQQ,0.3333333333333333,XGBoost[GPU allocation scorer]
2025-01,QQQ,0.3333333333333333,XGBoost[GPU allocation scorer]
2025-02,QQQ,0.3333333333333333,XGBoost[GPU allocation scorer]
2025-03,QQQ,0.3333333333333333,XGBoost[GPU allocation scorer]
2025-04,QQQ,0.3333333333333333,XGBoost[GPU allocation scorer]
2025-05,QQQ,0.3333333333333333,XGBoost[GPU allocation scorer]
2025-06,QQQ,0.3333333333333333,XGBoost[GPU allocation scorer]
2025-07,QQQ,0.3333333333333333,XGBoost[GPU allocation scorer]
2025-08,QQQ,0.3333333333333333,XGBoost[GPU allocation scorer]
2025-09,QQQ,0.3333333333333333,XGBoost[GPU allocation scorer]
2025-10,QQQ,0.3333333333333333,XGBoost[GPU allocation scorer]
2025-11,QQQ,0.3333333333333333,XGBoost[GPU allocation scorer]
2025-12,QQQ,0.3333333333333333,XGBoost[GPU allocation scorer]
2026-01,QQQ,0.3333333333333333,XGBoost[GPU allocation scorer]
2026-02,QQQ,0.3333333333333333,XGBoost[GPU allocation scorer]
2026-03,QQQ,0.3333333333333333,XGBoost[GPU allocation scorer]
2020-01,SPY,0.0,XGBoost[GPU allocation scorer]
2020-02,SPY,0.0,XGBoost[GPU allocation scorer]
2020-03,SPY,0.0,XGBoost[GPU allocation scorer]
2020-04,SPY,0.0,XGBoost[GPU allocation scorer]
2020-05,SPY,0.0,XGBoost[GPU allocation scorer]
2020-06,SPY,0.0,XGBoost[GPU allocation scorer]
2020-07,SPY,0.0,XGBoost[GPU allocation scorer]
2020-08,SPY,0.0,XGBoost[GPU allocation scorer]
2020-09,SPY,0.0,XGBoost[GPU allocation scorer]
2020-10,SPY,0.0,XGBoost[GPU allocation scorer]
2020-11,SPY,0.0,XGBoost[GPU allocation scorer]
2020-12,SPY,0.0,XGBoost[GPU allocation scorer]
2021-01,SPY,0.0,XGBoost[GPU allocation scorer]
2021-02,SPY,0.0,XGBoost[GPU allocation scorer]
2021-03,SPY,0.0,XGBoost[GPU allocation scorer]
2021-04,SPY,0.3333333333333333,XGBoost[GPU allocation scorer]
2021-05,SPY,0.0,XGBoost[GPU allocation scorer]
2021-06,SPY,0.0,XGBoost[GPU allocation scorer]
2021-07,SPY,0.0,XGBoost[GPU allocation scorer]
2021-08,SPY,0.3333333333333333,XGBoost[GPU allocation scorer]
2021-09,SPY,0.0,XGBoost[GPU allocation scorer]
2021-10,SPY,0.3333333333333333,XGBoost[GPU allocation scorer]
2021-11,SPY,0.0,XGBoost[GPU allocation scorer]
2021-12,SPY,0.3333333333333333,XGBoost[GPU allocation scorer]
2022-01,SPY,0.0,XGBoost[GPU allocation scorer]
2022-02,SPY,0.0,XGBoost[GPU allocation scorer]
2022-03,SPY,0.0,XGBoost[GPU allocation scorer]
2022-04,SPY,0.0,XGBoost[GPU allocation scorer]
2022-05,SPY,0.0,XGBoost[GPU allocation scorer]
2022-06,SPY,0.0,XGBoost[GPU allocation scorer]
2022-07,SPY,0.0,XGBoost[GPU allocation scorer]
2022-08,SPY,0.0,XGBoost[GPU allocation scorer]
2022-09,SPY,0.0,XGBoost[GPU allocation scorer]
2022-10,SPY,0.0,XGBoost[GPU allocation scorer]
2022-11,SPY,0.3333333333333333,XGBoost[GPU allocation scorer]
2022-12,SPY,0.0,XGBoost[GPU allocation scorer]
2023-01,SPY,0.0,XGBoost[GPU allocation scorer]
2023-02,SPY,0.0,XGBoost[GPU allocation scorer]
2023-03,SPY,0.0,XGBoost[GPU allocation scorer]
2023-04,SPY,0.0,XGBoost[GPU allocation scorer]
2023-05,SPY,0.0,XGBoost[GPU allocation scorer]
2023-06,SPY,0.0,XGBoost[GPU allocation scorer]
2023-07,SPY,0.0,XGBoost[GPU allocation scorer]
2023-08,SPY,0.0,XGBoost[GPU allocation scorer]
2023-09,SPY,0.3333333333333333,XGBoost[GPU allocation scorer]
2023-10,SPY,0.0,XGBoost[GPU allocation scorer]
2023-11,SPY,0.0,XGBoost[GPU allocation scorer]
2023-12,SPY,0.0,XGBoost[GPU allocation scorer]
2024-01,SPY,0.0,XGBoost[GPU allocation scorer]
2024-02,SPY,0.0,XGBoost[GPU allocation scorer]
2024-03,SPY,0.0,XGBoost[GPU allocation scorer]
2024-04,SPY,0.0,XGBoost[GPU allocation scorer]
2024-05,SPY,0.0,XGBoost[GPU allocation scorer]
2024-06,SPY,0.0,XGBoost[GPU allocation scorer]
2024-07,SPY,0.3333333333333333,XGBoost[GPU allocation scorer]
2024-08,SPY,0.0,XGBoost[GPU allocation scorer]
2024-09,SPY,0.0,XGBoost[GPU allocation scorer]
2024-10,SPY,0.3333333333333333,XGBoost[GPU allocation scorer]
2024-11,SPY,0.0,XGBoost[GPU allocation scorer]
2024-12,SPY,0.3333333333333333,XGBoost[GPU allocation scorer]
2025-01,SPY,0.3333333333333333,XGBoost[GPU allocation scorer]
2025-02,SPY,0.0,XGBoost[GPU allocation scorer]
2025-03,SPY,0.0,XGBoost[GPU allocation scorer]
2025-04,SPY,0.0,XGBoost[GPU allocation scorer]
2025-05,SPY,0.0,XGBoost[GPU allocation scorer]
2025-06,SPY,0.0,XGBoost[GPU allocation scorer]
2025-07,SPY,0.0,XGBoost[GPU allocation scorer]
2025-08,SPY,0.0,XGBoost[GPU allocation scorer]
2025-09,SPY,0.0,XGBoost[GPU allocation scorer]
2025-10,SPY,0.0,XGBoost[GPU allocation scorer]
2025-11,SPY,0.0,XGBoost[GPU allocation scorer]
2025-12,SPY,0.0,XGBoost[GPU allocation scorer]
2026-01,SPY,0.0,XGBoost[GPU allocation scorer]
2026-02,SPY,0.0,XGBoost[GPU allocation scorer]
2026-03,SPY,0.0,XGBoost[GPU allocation scorer]
2020-01,TLT,0.3333333333333333,XGBoost[GPU allocation scorer]
2020-02,TLT,0.3333333333333333,XGBoost[GPU allocation scorer]
2020-03,TLT,0.0,XGBoost[GPU allocation scorer]
2020-04,TLT,0.0,XGBoost[GPU allocation scorer]
2020-05,TLT,0.0,XGBoost[GPU allocation scorer]
2020-06,TLT,0.0,XGBoost[GPU allocation scorer]
2020-07,TLT,0.0,XGBoost[GPU allocation scorer]
2020-08,TLT,0.0,XGBoost[GPU allocation scorer]
2020-09,TLT,0.0,XGBoost[GPU allocation scorer]
2020-10,TLT,0.0,XGBoost[GPU allocation scorer]
2020-11,TLT,0.0,XGBoost[GPU allocation scorer]
2020-12,TLT,0.0,XGBoost[GPU allocation scorer]
2021-01,TLT,0.0,XGBoost[GPU allocation scorer]
2021-02,TLT,0.0,XGBoost[GPU allocation scorer]
2021-03,TLT,0.0,XGBoost[GPU allocation scorer]
2021-04,TLT,0.0,XGBoost[GPU allocation scorer]
2021-05,TLT,0.0,XGBoost[GPU allocation scorer]
2021-06,TLT,0.0,XGBoost[GPU allocation scorer]
2021-07,TLT,0.0,XGBoost[GPU allocation scorer]
2021-08,TLT,0.0,XGBoost[GPU allocation scorer]
2021-09,TLT,0.0,XGBoost[GPU allocation scorer]
2021-10,TLT,0.0,XGBoost[GPU allocation scorer]
2021-11,TLT,0.0,XGBoost[GPU allocation scorer]
2021-12,TLT,0.0,XGBoost[GPU allocation scorer]
2022-01,TLT,0.0,XGBoost[GPU allocation scorer]
2022-02,TLT,0.0,XGBoost[GPU allocation scorer]
2022-03,TLT,0.0,XGBoost[GPU allocation scorer]
2022-04,TLT,0.0,XGBoost[GPU allocation scorer]
2022-05,TLT,0.0,XGBoost[GPU allocation scorer]
2022-06,TLT,0.0,XGBoost[GPU allocation scorer]
2022-07,TLT,0.0,XGBoost[GPU allocation scorer]
2022-08,TLT,0.0,XGBoost[GPU allocation scorer]
2022-09,TLT,0.0,XGBoost[GPU allocation scorer]
2022-10,TLT,0.0,XGBoost[GPU allocation scorer]
2022-11,TLT,0.0,XGBoost[GPU allocation scorer]
2022-12,TLT,0.0,XGBoost[GPU allocation scorer]
2023-01,TLT,0.0,XGBoost[GPU allocation scorer]
2023-02,TLT,0.0,XGBoost[GPU allocation scorer]
2023-03,TLT,0.0,XGBoost[GPU allocation scorer]
2023-04,TLT,0.0,XGBoost[GPU allocation scorer]
2023-05,TLT,0.0,XGBoost[GPU allocation scorer]
2023-06,TLT,0.0,XGBoost[GPU allocation scorer]
2023-07,TLT,0.0,XGBoost[GPU allocation scorer]
2023-08,TLT,0.0,XGBoost[GPU allocation scorer]
2023-09,TLT,0.0,XGBoost[GPU allocation scorer]
2023-10,TLT,0.0,XGBoost[GPU allocation scorer]
2023-11,TLT,0.0,XGBoost[GPU allocation scorer]
2023-12,TLT,0.0,XGBoost[GPU allocation scorer]
2024-01,TLT,0.0,XGBoost[GPU allocation scorer]
2024-02,TLT,0.0,XGBoost[GPU allocation scorer]
2024-03,TLT,0.0,XGBoost[GPU allocation scorer]
2024-04,TLT,0.0,XGBoost[GPU allocation scorer]
2024-05,TLT,0.0,XGBoost[GPU allocation scorer]
2024-06,TLT,0.0,XGBoost[GPU allocation scorer]
2024-07,TLT,0.0,XGBoost[GPU allocation scorer]
2024-08,TLT,0.0,XGBoost[GPU allocation scorer]
2024-09,TLT,0.3333333333333333,XGBoost[GPU allocation scorer]
2024-10,TLT,0.0,XGBoost[GPU allocation scorer]
2024-11,TLT,0.0,XGBoost[GPU allocation scorer]
2024-12,TLT,0.0,XGBoost[GPU allocation scorer]
2025-01,TLT,0.0,XGBoost[GPU allocation scorer]
2025-02,TLT,0.0,XGBoost[GPU allocation scorer]
2025-03,TLT,0.0,XGBoost[GPU allocation scorer]
2025-04,TLT,0.3333333333333333,XGBoost[GPU allocation scorer]
2025-05,TLT,0.0,XGBoost[GPU allocation scorer]
2025-06,TLT,0.0,XGBoost[GPU allocation scorer]
2025-07,TLT,0.0,XGBoost[GPU allocation scorer]
2025-08,TLT,0.0,XGBoost[GPU allocation scorer]
2025-09,TLT,0.0,XGBoost[GPU allocation scorer]
2025-10,TLT,0.0,XGBoost[GPU allocation scorer]
2025-11,TLT,0.0,XGBoost[GPU allocation scorer]
2025-12,TLT,0.0,XGBoost[GPU allocation scorer]
2026-01,TLT,0.0,XGBoost[GPU allocation scorer]
2026-02,TLT,0.0,XGBoost[GPU allocation scorer]
2026-03,TLT,0.0,XGBoost[GPU allocation scorer]
2020-01,VNQ,0.0,XGBoost[GPU allocation scorer]
2020-02,VNQ,0.0,XGBoost[GPU allocation scorer]
2020-03,VNQ,0.3333333333333333,XGBoost[GPU allocation scorer]
2020-04,VNQ,0.3333333333333333,XGBoost[GPU allocation scorer]
2020-05,VNQ,0.3333333333333333,XGBoost[GPU allocation scorer]
2020-06,VNQ,0.3333333333333333,XGBoost[GPU allocation scorer]
2020-07,VNQ,0.3333333333333333,XGBoost[GPU allocation scorer]
2020-08,VNQ,0.3333333333333333,XGBoost[GPU allocation scorer]
2020-09,VNQ,0.3333333333333333,XGBoost[GPU allocation scorer]
2020-10,VNQ,0.3333333333333333,XGBoost[GPU allocation scorer]
2020-11,VNQ,0.3333333333333333,XGBoost[GPU allocation scorer]
2020-12,VNQ,0.0,XGBoost[GPU allocation scorer]
2021-01,VNQ,0.3333333333333333,XGBoost[GPU allocation scorer]
2021-02,VNQ,0.3333333333333333,XGBoost[GPU allocation scorer]
2021-03,VNQ,0.3333333333333333,XGBoost[GPU allocation scorer]
2021-04,VNQ,0.0,XGBoost[GPU allocation scorer]
2021-05,VNQ,0.0,XGBoost[GPU allocation scorer]
2021-06,VNQ,0.3333333333333333,XGBoost[GPU allocation scorer]
2021-07,VNQ,0.3333333333333333,XGBoost[GPU allocation scorer]
2021-08,VNQ,0.0,XGBoost[GPU allocation scorer]
2021-09,VNQ,0.3333333333333333,XGBoost[GPU allocation scorer]
2021-10,VNQ,0.0,XGBoost[GPU allocation scorer]
2021-11,VNQ,0.3333333333333333,XGBoost[GPU allocation scorer]
2021-12,VNQ,0.0,XGBoost[GPU allocation scorer]
2022-01,VNQ,0.0,XGBoost[GPU allocation scorer]
2022-02,VNQ,0.0,XGBoost[GPU allocation scorer]
2022-03,VNQ,0.0,XGBoost[GPU allocation scorer]
2022-04,VNQ,0.0,XGBoost[GPU allocation scorer]
2022-05,VNQ,0.3333333333333333,XGBoost[GPU allocation scorer]
2022-06,VNQ,0.3333333333333333,XGBoost[GPU allocation scorer]
2022-07,VNQ,0.3333333333333333,XGBoost[GPU allocation scorer]
2022-08,VNQ,0.3333333333333333,XGBoost[GPU allocation scorer]
2022-09,VNQ,0.3333333333333333,XGBoost[GPU allocation scorer]
2022-10,VNQ,0.3333333333333333,XGBoost[GPU allocation scorer]
2022-11,VNQ,0.0,XGBoost[GPU allocation scorer]
2022-12,VNQ,0.0,XGBoost[GPU allocation scorer]
2023-01,VNQ,0.3333333333333333,XGBoost[GPU allocation scorer]
2023-02,VNQ,0.0,XGBoost[GPU allocation scorer]
2023-03,VNQ,0.3333333333333333,XGBoost[GPU allocation scorer]
2023-04,VNQ,0.3333333333333333,XGBoost[GPU allocation scorer]
2023-05,VNQ,0.3333333333333333,XGBoost[GPU allocation scorer]
2023-06,VNQ,0.3333333333333333,XGBoost[GPU allocation scorer]
2023-07,VNQ,0.3333333333333333,XGBoost[GPU allocation scorer]
2023-08,VNQ,0.3333333333333333,XGBoost[GPU allocation scorer]
2023-09,VNQ,0.0,XGBoost[GPU allocation scorer]
2023-10,VNQ,0.3333333333333333,XGBoost[GPU allocation scorer]
2023-11,VNQ,0.3333333333333333,XGBoost[GPU allocation scorer]
2023-12,VNQ,0.3333333333333333,XGBoost[GPU allocation scorer]
2024-01,VNQ,0.3333333333333333,XGBoost[GPU allocation scorer]
2024-02,VNQ,0.3333333333333333,XGBoost[GPU allocation scorer]
2024-03,VNQ,0.3333333333333333,XGBoost[GPU allocation scorer]
2024-04,VNQ,0.3333333333333333,XGBoost[GPU allocation scorer]
2024-05,VNQ,0.0,XGBoost[GPU allocation scorer]
2024-06,VNQ,0.0,XGBoost[GPU allocation scorer]
2024-07,VNQ,0.0,XGBoost[GPU allocation scorer]
2024-08,VNQ,0.0,XGBoost[GPU allocation scorer]
2024-09,VNQ,0.0,XGBoost[GPU allocation scorer]
2024-10,VNQ,0.0,XGBoost[GPU allocation scorer]
2024-11,VNQ,0.0,XGBoost[GPU allocation scorer]
2024-12,VNQ,0.0,XGBoost[GPU allocation scorer]
2025-01,VNQ,0.0,XGBoost[GPU allocation scorer]
2025-02,VNQ,0.0,XGBoost[GPU allocation scorer]
2025-03,VNQ,0.0,XGBoost[GPU allocation scorer]
2025-04,VNQ,0.0,XGBoost[GPU allocation scorer]
2025-05,VNQ,0.3333333333333333,XGBoost[GPU allocation scorer]
2025-06,VNQ,0.0,XGBoost[GPU allocation scorer]
2025-07,VNQ,0.0,XGBoost[GPU allocation scorer]
2025-08,VNQ,0.3333333333333333,XGBoost[GPU allocation scorer]
2025-09,VNQ,0.0,XGBoost[GPU allocation scorer]
2025-10,VNQ,0.0,XGBoost[GPU allocation scorer]
2025-11,VNQ,0.0,XGBoost[GPU allocation scorer]
2025-12,VNQ,0.0,XGBoost[GPU allocation scorer]
2026-01,VNQ,0.0,XGBoost[GPU allocation scorer]
2026-02,VNQ,0.0,XGBoost[GPU allocation scorer]
2026-03,VNQ,0.0,XGBoost[GPU allocation scorer]
2020-01,EEM,0.0,XGBoost[GPU allocation scorer] Calibrated
2020-02,EEM,0.0,XGBoost[GPU allocation scorer] Calibrated
2020-03,EEM,0.0,XGBoost[GPU allocation scorer] Calibrated
2020-04,EEM,0.0,XGBoost[GPU allocation scorer] Calibrated
2020-05,EEM,0.0,XGBoost[GPU allocation scorer] Calibrated
2020-06,EEM,0.0,XGBoost[GPU allocation scorer] Calibrated
2020-07,EEM,0.3333333333333333,XGBoost[GPU allocation scorer] Calibrated
2020-08,EEM,0.0,XGBoost[GPU allocation scorer] Calibrated
2020-09,EEM,0.3333333333333333,XGBoost[GPU allocation scorer] Calibrated
2020-10,EEM,0.0,XGBoost[GPU allocation scorer] Calibrated
2020-11,EEM,0.3333333333333333,XGBoost[GPU allocation scorer] Calibrated
2020-12,EEM,0.0,XGBoost[GPU allocation scorer] Calibrated
2021-01,EEM,0.3333333333333333,XGBoost[GPU allocation scorer] Calibrated
2021-02,EEM,0.0,XGBoost[GPU allocation scorer] Calibrated
2021-03,EEM,0.3333333333333333,XGBoost[GPU allocation scorer] Calibrated
2021-04,EEM,0.0,XGBoost[GPU allocation scorer] Calibrated
2021-05,EEM,0.0,XGBoost[GPU allocation scorer] Calibrated
2021-06,EEM,0.0,XGBoost[GPU allocation scorer] Calibrated
2021-07,EEM,0.0,XGBoost[GPU allocation scorer] Calibrated
2021-08,EEM,0.0,XGBoost[GPU allocation scorer] Calibrated
2021-09,EEM,0.0,XGBoost[GPU allocation scorer] Calibrated
2021-10,EEM,0.0,XGBoost[GPU allocation scorer] Calibrated
2021-11,EEM,0.0,XGBoost[GPU allocation scorer] Calibrated
2021-12,EEM,0.0,XGBoost[GPU allocation scorer] Calibrated
2022-01,EEM,0.0,XGBoost[GPU allocation scorer] Calibrated
2022-02,EEM,0.0,XGBoost[GPU allocation scorer] Calibrated
2022-03,EEM,0.0,XGBoost[GPU allocation scorer] Calibrated
2022-04,EEM,0.0,XGBoost[GPU allocation scorer] Calibrated
2022-05,EEM,0.0,XGBoost[GPU allocation scorer] Calibrated
2022-06,EEM,0.0,XGBoost[GPU allocation scorer] Calibrated
2022-07,EEM,0.0,XGBoost[GPU allocation scorer] Calibrated
2022-08,EEM,0.0,XGBoost[GPU allocation scorer] Calibrated
2022-09,EEM,0.0,XGBoost[GPU allocation scorer] Calibrated
2022-10,EEM,0.0,XGBoost[GPU allocation scorer] Calibrated
2022-11,EEM,0.0,XGBoost[GPU allocation scorer] Calibrated
2022-12,EEM,0.0,XGBoost[GPU allocation scorer] Calibrated
2023-01,EEM,0.0,XGBoost[GPU allocation scorer] Calibrated
2023-02,EEM,0.0,XGBoost[GPU allocation scorer] Calibrated
2023-03,EEM,0.0,XGBoost[GPU allocation scorer] Calibrated
2023-04,EEM,0.0,XGBoost[GPU allocation scorer] Calibrated
2023-05,EEM,0.0,XGBoost[GPU allocation scorer] Calibrated
2023-06,EEM,0.0,XGBoost[GPU allocation scorer] Calibrated
2023-07,EEM,0.3333333333333333,XGBoost[GPU allocation scorer] Calibrated
2023-08,EEM,0.0,XGBoost[GPU allocation scorer] Calibrated
2023-09,EEM,0.0,XGBoost[GPU allocation scorer] Calibrated
2023-10,EEM,0.0,XGBoost[GPU allocation scorer] Calibrated
2023-11,EEM,0.0,XGBoost[GPU allocation scorer] Calibrated
2023-12,EEM,0.0,XGBoost[GPU allocation scorer] Calibrated
2024-01,EEM,0.0,XGBoost[GPU allocation scorer] Calibrated
2024-02,EEM,0.0,XGBoost[GPU allocation scorer] Calibrated
2024-03,EEM,0.0,XGBoost[GPU allocation scorer] Calibrated
2024-04,EEM,0.0,XGBoost[GPU allocation scorer] Calibrated
2024-05,EEM,0.0,XGBoost[GPU allocation scorer] Calibrated
2024-06,EEM,0.3333333333333333,XGBoost[GPU allocation scorer] Calibrated
2024-07,EEM,0.0,XGBoost[GPU allocation scorer] Calibrated
2024-08,EEM,0.0,XGBoost[GPU allocation scorer] Calibrated
2024-09,EEM,0.3333333333333333,XGBoost[GPU allocation scorer] Calibrated
2024-10,EEM,0.0,XGBoost[GPU allocation scorer] Calibrated
2024-11,EEM,0.0,XGBoost[GPU allocation scorer] Calibrated
2024-12,EEM,0.0,XGBoost[GPU allocation scorer] Calibrated
2025-01,EEM,0.0,XGBoost[GPU allocation scorer] Calibrated
2025-02,EEM,0.0,XGBoost[GPU allocation scorer] Calibrated
2025-03,EEM,0.0,XGBoost[GPU allocation scorer] Calibrated
2025-04,EEM,0.3333333333333333,XGBoost[GPU allocation scorer] Calibrated
2025-05,EEM,0.3333333333333333,XGBoost[GPU allocation scorer] Calibrated
2025-06,EEM,0.3333333333333333,XGBoost[GPU allocation scorer] Calibrated
2025-07,EEM,0.3333333333333333,XGBoost[GPU allocation scorer] Calibrated
2025-08,EEM,0.3333333333333333,XGBoost[GPU allocation scorer] Calibrated
2025-09,EEM,0.0,XGBoost[GPU allocation scorer] Calibrated
2025-10,EEM,0.0,XGBoost[GPU allocation scorer] Calibrated
2025-11,EEM,0.0,XGBoost[GPU allocation scorer] Calibrated
2025-12,EEM,0.0,XGBoost[GPU allocation scorer] Calibrated
2026-01,EEM,0.3333333333333333,XGBoost[GPU allocation scorer] Calibrated
2026-02,EEM,0.0,XGBoost[GPU allocation scorer] Calibrated
2026-03,EEM,0.3333333333333333,XGBoost[GPU allocation scorer] Calibrated
2020-01,GLD,0.0,XGBoost[GPU allocation scorer] Calibrated
2020-02,GLD,0.3333333333333333,XGBoost[GPU allocation scorer] Calibrated
2020-03,GLD,0.3333333333333333,XGBoost[GPU allocation scorer] Calibrated
2020-04,GLD,0.3333333333333333,XGBoost[GPU allocation scorer] Calibrated
2020-05,GLD,0.3333333333333333,XGBoost[GPU allocation scorer] Calibrated
2020-06,GLD,0.3333333333333333,XGBoost[GPU allocation scorer] Calibrated
2020-07,GLD,0.0,XGBoost[GPU allocation scorer] Calibrated
2020-08,GLD,0.3333333333333333,XGBoost[GPU allocation scorer] Calibrated
2020-09,GLD,0.0,XGBoost[GPU allocation scorer] Calibrated
2020-10,GLD,0.0,XGBoost[GPU allocation scorer] Calibrated
2020-11,GLD,0.0,XGBoost[GPU allocation scorer] Calibrated
2020-12,GLD,0.0,XGBoost[GPU allocation scorer] Calibrated
2021-01,GLD,0.0,XGBoost[GPU allocation scorer] Calibrated
2021-02,GLD,0.0,XGBoost[GPU allocation scorer] Calibrated
2021-03,GLD,0.0,XGBoost[GPU allocation scorer] Calibrated
2021-04,GLD,0.0,XGBoost[GPU allocation scorer] Calibrated
2021-05,GLD,0.3333333333333333,XGBoost[GPU allocation scorer] Calibrated
2021-06,GLD,0.0,XGBoost[GPU allocation scorer] Calibrated
2021-07,GLD,0.0,XGBoost[GPU allocation scorer] Calibrated
2021-08,GLD,0.0,XGBoost[GPU allocation scorer] Calibrated
2021-09,GLD,0.0,XGBoost[GPU allocation scorer] Calibrated
2021-10,GLD,0.0,XGBoost[GPU allocation scorer] Calibrated
2021-11,GLD,0.0,XGBoost[GPU allocation scorer] Calibrated
2021-12,GLD,0.0,XGBoost[GPU allocation scorer] Calibrated
2022-01,GLD,0.3333333333333333,XGBoost[GPU allocation scorer] Calibrated
2022-02,GLD,0.3333333333333333,XGBoost[GPU allocation scorer] Calibrated
2022-03,GLD,0.3333333333333333,XGBoost[GPU allocation scorer] Calibrated
2022-04,GLD,0.3333333333333333,XGBoost[GPU allocation scorer] Calibrated
2022-05,GLD,0.0,XGBoost[GPU allocation scorer] Calibrated
2022-06,GLD,0.0,XGBoost[GPU allocation scorer] Calibrated
2022-07,GLD,0.0,XGBoost[GPU allocation scorer] Calibrated
2022-08,GLD,0.0,XGBoost[GPU allocation scorer] Calibrated
2022-09,GLD,0.0,XGBoost[GPU allocation scorer] Calibrated
2022-10,GLD,0.0,XGBoost[GPU allocation scorer] Calibrated
2022-11,GLD,0.0,XGBoost[GPU allocation scorer] Calibrated
2022-12,GLD,0.3333333333333333,XGBoost[GPU allocation scorer] Calibrated
2023-01,GLD,0.0,XGBoost[GPU allocation scorer] Calibrated
2023-02,GLD,0.3333333333333333,XGBoost[GPU allocation scorer] Calibrated
2023-03,GLD,0.0,XGBoost[GPU allocation scorer] Calibrated
2023-04,GLD,0.0,XGBoost[GPU allocation scorer] Calibrated
2023-05,GLD,0.0,XGBoost[GPU allocation scorer] Calibrated
2023-06,GLD,0.0,XGBoost[GPU allocation scorer] Calibrated
2023-07,GLD,0.0,XGBoost[GPU allocation scorer] Calibrated
2023-08,GLD,0.0,XGBoost[GPU allocation scorer] Calibrated
2023-09,GLD,0.0,XGBoost[GPU allocation scorer] Calibrated
2023-10,GLD,0.0,XGBoost[GPU allocation scorer] Calibrated
2023-11,GLD,0.0,XGBoost[GPU allocation scorer] Calibrated
2023-12,GLD,0.0,XGBoost[GPU allocation scorer] Calibrated
2024-01,GLD,0.0,XGBoost[GPU allocation scorer] Calibrated
2024-02,GLD,0.0,XGBoost[GPU allocation scorer] Calibrated
2024-03,GLD,0.0,XGBoost[GPU allocation scorer] Calibrated
2024-04,GLD,0.3333333333333333,XGBoost[GPU allocation scorer] Calibrated
2024-05,GLD,0.3333333333333333,XGBoost[GPU allocation scorer] Calibrated
2024-06,GLD,0.3333333333333333,XGBoost[GPU allocation scorer] Calibrated
2024-07,GLD,0.0,XGBoost[GPU allocation scorer] Calibrated
2024-08,GLD,0.0,XGBoost[GPU allocation scorer] Calibrated
2024-09,GLD,0.0,XGBoost[GPU allocation scorer] Calibrated
2024-10,GLD,0.0,XGBoost[GPU allocation scorer] Calibrated
2024-11,GLD,0.3333333333333333,XGBoost[GPU allocation scorer] Calibrated
2024-12,GLD,0.0,XGBoost[GPU allocation scorer] Calibrated
2025-01,GLD,0.0,XGBoost[GPU allocation scorer] Calibrated
2025-02,GLD,0.3333333333333333,XGBoost[GPU allocation scorer] Calibrated
2025-03,GLD,0.3333333333333333,XGBoost[GPU allocation scorer] Calibrated
2025-04,GLD,0.3333333333333333,XGBoost[GPU allocation scorer] Calibrated
2025-05,GLD,0.3333333333333333,XGBoost[GPU allocation scorer] Calibrated
2025-06,GLD,0.3333333333333333,XGBoost[GPU allocation scorer] Calibrated
2025-07,GLD,0.0,XGBoost[GPU allocation scorer] Calibrated
2025-08,GLD,0.0,XGBoost[GPU allocation scorer] Calibrated
2025-09,GLD,0.3333333333333333,XGBoost[GPU allocation scorer] Calibrated
2025-10,GLD,0.3333333333333333,XGBoost[GPU allocation scorer] Calibrated
2025-11,GLD,0.3333333333333333,XGBoost[GPU allocation scorer] Calibrated
2025-12,GLD,0.3333333333333333,XGBoost[GPU allocation scorer] Calibrated
2026-01,GLD,0.0,XGBoost[GPU allocation scorer] Calibrated
2026-02,GLD,0.3333333333333333,XGBoost[GPU allocation scorer] Calibrated
2026-03,GLD,0.3333333333333333,XGBoost[GPU allocation scorer] Calibrated
2020-01,HYG,0.0,XGBoost[GPU allocation scorer] Calibrated
2020-02,HYG,0.0,XGBoost[GPU allocation scorer] Calibrated
2020-03,HYG,0.0,XGBoost[GPU allocation scorer] Calibrated
2020-04,HYG,0.0,XGBoost[GPU allocation scorer] Calibrated
2020-05,HYG,0.0,XGBoost[GPU allocation scorer] Calibrated
2020-06,HYG,0.0,XGBoost[GPU allocation scorer] Calibrated
2020-07,HYG,0.0,XGBoost[GPU allocation scorer] Calibrated
2020-08,HYG,0.0,XGBoost[GPU allocation scorer] Calibrated
2020-09,HYG,0.0,XGBoost[GPU allocation scorer] Calibrated
2020-10,HYG,0.0,XGBoost[GPU allocation scorer] Calibrated
2020-11,HYG,0.0,XGBoost[GPU allocation scorer] Calibrated
2020-12,HYG,0.0,XGBoost[GPU allocation scorer] Calibrated
2021-01,HYG,0.0,XGBoost[GPU allocation scorer] Calibrated
2021-02,HYG,0.0,XGBoost[GPU allocation scorer] Calibrated
2021-03,HYG,0.0,XGBoost[GPU allocation scorer] Calibrated
2021-04,HYG,0.0,XGBoost[GPU allocation scorer] Calibrated
2021-05,HYG,0.0,XGBoost[GPU allocation scorer] Calibrated
2021-06,HYG,0.0,XGBoost[GPU allocation scorer] Calibrated
2021-07,HYG,0.0,XGBoost[GPU allocation scorer] Calibrated
2021-08,HYG,0.0,XGBoost[GPU allocation scorer] Calibrated
2021-09,HYG,0.0,XGBoost[GPU allocation scorer] Calibrated
2021-10,HYG,0.0,XGBoost[GPU allocation scorer] Calibrated
2021-11,HYG,0.0,XGBoost[GPU allocation scorer] Calibrated
2021-12,HYG,0.0,XGBoost[GPU allocation scorer] Calibrated
2022-01,HYG,0.0,XGBoost[GPU allocation scorer] Calibrated
2022-02,HYG,0.0,XGBoost[GPU allocation scorer] Calibrated
2022-03,HYG,0.0,XGBoost[GPU allocation scorer] Calibrated
2022-04,HYG,0.0,XGBoost[GPU allocation scorer] Calibrated
2022-05,HYG,0.0,XGBoost[GPU allocation scorer] Calibrated
2022-06,HYG,0.0,XGBoost[GPU allocation scorer] Calibrated
2022-07,HYG,0.0,XGBoost[GPU allocation scorer] Calibrated
2022-08,HYG,0.0,XGBoost[GPU allocation scorer] Calibrated
2022-09,HYG,0.0,XGBoost[GPU allocation scorer] Calibrated
2022-10,HYG,0.0,XGBoost[GPU allocation scorer] Calibrated
2022-11,HYG,0.0,XGBoost[GPU allocation scorer] Calibrated
2022-12,HYG,0.0,XGBoost[GPU allocation scorer] Calibrated
2023-01,HYG,0.0,XGBoost[GPU allocation scorer] Calibrated
2023-02,HYG,0.0,XGBoost[GPU allocation scorer] Calibrated
2023-03,HYG,0.0,XGBoost[GPU allocation scorer] Calibrated
2023-04,HYG,0.0,XGBoost[GPU allocation scorer] Calibrated
2023-05,HYG,0.0,XGBoost[GPU allocation scorer] Calibrated
2023-06,HYG,0.0,XGBoost[GPU allocation scorer] Calibrated
2023-07,HYG,0.0,XGBoost[GPU allocation scorer] Calibrated
2023-08,HYG,0.0,XGBoost[GPU allocation scorer] Calibrated
2023-09,HYG,0.0,XGBoost[GPU allocation scorer] Calibrated
2023-10,HYG,0.0,XGBoost[GPU allocation scorer] Calibrated
2023-11,HYG,0.0,XGBoost[GPU allocation scorer] Calibrated
2023-12,HYG,0.0,XGBoost[GPU allocation scorer] Calibrated
2024-01,HYG,0.0,XGBoost[GPU allocation scorer] Calibrated
2024-02,HYG,0.0,XGBoost[GPU allocation scorer] Calibrated
2024-03,HYG,0.0,XGBoost[GPU allocation scorer] Calibrated
2024-04,HYG,0.0,XGBoost[GPU allocation scorer] Calibrated
2024-05,HYG,0.0,XGBoost[GPU allocation scorer] Calibrated
2024-06,HYG,0.0,XGBoost[GPU allocation scorer] Calibrated
2024-07,HYG,0.0,XGBoost[GPU allocation scorer] Calibrated
2024-08,HYG,0.0,XGBoost[GPU allocation scorer] Calibrated
2024-09,HYG,0.0,XGBoost[GPU allocation scorer] Calibrated
2024-10,HYG,0.0,XGBoost[GPU allocation scorer] Calibrated
2024-11,HYG,0.0,XGBoost[GPU allocation scorer] Calibrated
2024-12,HYG,0.0,XGBoost[GPU allocation scorer] Calibrated
2025-01,HYG,0.0,XGBoost[GPU allocation scorer] Calibrated
2025-02,HYG,0.0,XGBoost[GPU allocation scorer] Calibrated
2025-03,HYG,0.0,XGBoost[GPU allocation scorer] Calibrated
2025-04,HYG,0.0,XGBoost[GPU allocation scorer] Calibrated
2025-05,HYG,0.0,XGBoost[GPU allocation scorer] Calibrated
2025-06,HYG,0.0,XGBoost[GPU allocation scorer] Calibrated
2025-07,HYG,0.0,XGBoost[GPU allocation scorer] Calibrated
2025-08,HYG,0.0,XGBoost[GPU allocation scorer] Calibrated
2025-09,HYG,0.0,XGBoost[GPU allocation scorer] Calibrated
2025-10,HYG,0.0,XGBoost[GPU allocation scorer] Calibrated
2025-11,HYG,0.0,XGBoost[GPU allocation scorer] Calibrated
2025-12,HYG,0.0,XGBoost[GPU allocation scorer] Calibrated
2026-01,HYG,0.0,XGBoost[GPU allocation scorer] Calibrated
2026-02,HYG,0.0,XGBoost[GPU allocation scorer] Calibrated
2026-03,HYG,0.0,XGBoost[GPU allocation scorer] Calibrated
2020-01,IEF,0.0,XGBoost[GPU allocation scorer] Calibrated
2020-02,IEF,0.0,XGBoost[GPU allocation scorer] Calibrated
2020-03,IEF,0.0,XGBoost[GPU allocation scorer] Calibrated
2020-04,IEF,0.0,XGBoost[GPU allocation scorer] Calibrated
2020-05,IEF,0.0,XGBoost[GPU allocation scorer] Calibrated
2020-06,IEF,0.0,XGBoost[GPU allocation scorer] Calibrated
2020-07,IEF,0.0,XGBoost[GPU allocation scorer] Calibrated
2020-08,IEF,0.0,XGBoost[GPU allocation scorer] Calibrated
2020-09,IEF,0.0,XGBoost[GPU allocation scorer] Calibrated
2020-10,IEF,0.0,XGBoost[GPU allocation scorer] Calibrated
2020-11,IEF,0.0,XGBoost[GPU allocation scorer] Calibrated
2020-12,IEF,0.0,XGBoost[GPU allocation scorer] Calibrated
2021-01,IEF,0.0,XGBoost[GPU allocation scorer] Calibrated
2021-02,IEF,0.0,XGBoost[GPU allocation scorer] Calibrated
2021-03,IEF,0.0,XGBoost[GPU allocation scorer] Calibrated
2021-04,IEF,0.0,XGBoost[GPU allocation scorer] Calibrated
2021-05,IEF,0.0,XGBoost[GPU allocation scorer] Calibrated
2021-06,IEF,0.0,XGBoost[GPU allocation scorer] Calibrated
2021-07,IEF,0.0,XGBoost[GPU allocation scorer] Calibrated
2021-08,IEF,0.0,XGBoost[GPU allocation scorer] Calibrated
2021-09,IEF,0.0,XGBoost[GPU allocation scorer] Calibrated
2021-10,IEF,0.0,XGBoost[GPU allocation scorer] Calibrated
2021-11,IEF,0.0,XGBoost[GPU allocation scorer] Calibrated
2021-12,IEF,0.0,XGBoost[GPU allocation scorer] Calibrated
2022-01,IEF,0.0,XGBoost[GPU allocation scorer] Calibrated
2022-02,IEF,0.0,XGBoost[GPU allocation scorer] Calibrated
2022-03,IEF,0.0,XGBoost[GPU allocation scorer] Calibrated
2022-04,IEF,0.0,XGBoost[GPU allocation scorer] Calibrated
2022-05,IEF,0.0,XGBoost[GPU allocation scorer] Calibrated
2022-06,IEF,0.0,XGBoost[GPU allocation scorer] Calibrated
2022-07,IEF,0.0,XGBoost[GPU allocation scorer] Calibrated
2022-08,IEF,0.0,XGBoost[GPU allocation scorer] Calibrated
2022-09,IEF,0.0,XGBoost[GPU allocation scorer] Calibrated
2022-10,IEF,0.0,XGBoost[GPU allocation scorer] Calibrated
2022-11,IEF,0.0,XGBoost[GPU allocation scorer] Calibrated
2022-12,IEF,0.0,XGBoost[GPU allocation scorer] Calibrated
2023-01,IEF,0.0,XGBoost[GPU allocation scorer] Calibrated
2023-02,IEF,0.0,XGBoost[GPU allocation scorer] Calibrated
2023-03,IEF,0.0,XGBoost[GPU allocation scorer] Calibrated
2023-04,IEF,0.0,XGBoost[GPU allocation scorer] Calibrated
2023-05,IEF,0.0,XGBoost[GPU allocation scorer] Calibrated
2023-06,IEF,0.0,XGBoost[GPU allocation scorer] Calibrated
2023-07,IEF,0.0,XGBoost[GPU allocation scorer] Calibrated
2023-08,IEF,0.0,XGBoost[GPU allocation scorer] Calibrated
2023-09,IEF,0.0,XGBoost[GPU allocation scorer] Calibrated
2023-10,IEF,0.0,XGBoost[GPU allocation scorer] Calibrated
2023-11,IEF,0.0,XGBoost[GPU allocation scorer] Calibrated
2023-12,IEF,0.0,XGBoost[GPU allocation scorer] Calibrated
2024-01,IEF,0.0,XGBoost[GPU allocation scorer] Calibrated
2024-02,IEF,0.0,XGBoost[GPU allocation scorer] Calibrated
2024-03,IEF,0.0,XGBoost[GPU allocation scorer] Calibrated
2024-04,IEF,0.0,XGBoost[GPU allocation scorer] Calibrated
2024-05,IEF,0.0,XGBoost[GPU allocation scorer] Calibrated
2024-06,IEF,0.0,XGBoost[GPU allocation scorer] Calibrated
2024-07,IEF,0.0,XGBoost[GPU allocation scorer] Calibrated
2024-08,IEF,0.0,XGBoost[GPU allocation scorer] Calibrated
2024-09,IEF,0.0,XGBoost[GPU allocation scorer] Calibrated
2024-10,IEF,0.0,XGBoost[GPU allocation scorer] Calibrated
2024-11,IEF,0.0,XGBoost[GPU allocation scorer] Calibrated
2024-12,IEF,0.0,XGBoost[GPU allocation scorer] Calibrated
2025-01,IEF,0.0,XGBoost[GPU allocation scorer] Calibrated
2025-02,IEF,0.0,XGBoost[GPU allocation scorer] Calibrated
2025-03,IEF,0.0,XGBoost[GPU allocation scorer] Calibrated
2025-04,IEF,0.0,XGBoost[GPU allocation scorer] Calibrated
2025-05,IEF,0.0,XGBoost[GPU allocation scorer] Calibrated
2025-06,IEF,0.0,XGBoost[GPU allocation scorer] Calibrated
2025-07,IEF,0.0,XGBoost[GPU allocation scorer] Calibrated
2025-08,IEF,0.0,XGBoost[GPU allocation scorer] Calibrated
2025-09,IEF,0.0,XGBoost[GPU allocation scorer] Calibrated
2025-10,IEF,0.0,XGBoost[GPU allocation scorer] Calibrated
2025-11,IEF,0.0,XGBoost[GPU allocation scorer] Calibrated
2025-12,IEF,0.0,XGBoost[GPU allocation scorer] Calibrated
2026-01,IEF,0.0,XGBoost[GPU allocation scorer] Calibrated
2026-02,IEF,0.0,XGBoost[GPU allocation scorer] Calibrated
2026-03,IEF,0.0,XGBoost[GPU allocation scorer] Calibrated
2020-01,IWM,0.3333333333333333,XGBoost[GPU allocation scorer] Calibrated
2020-02,IWM,0.0,XGBoost[GPU allocation scorer] Calibrated
2020-03,IWM,0.0,XGBoost[GPU allocation scorer] Calibrated
2020-04,IWM,0.0,XGBoost[GPU allocation scorer] Calibrated
2020-05,IWM,0.0,XGBoost[GPU allocation scorer] Calibrated
2020-06,IWM,0.3333333333333333,XGBoost[GPU allocation scorer] Calibrated
2020-07,IWM,0.3333333333333333,XGBoost[GPU allocation scorer] Calibrated
2020-08,IWM,0.3333333333333333,XGBoost[GPU allocation scorer] Calibrated
2020-09,IWM,0.3333333333333333,XGBoost[GPU allocation scorer] Calibrated
2020-10,IWM,0.3333333333333333,XGBoost[GPU allocation scorer] Calibrated
2020-11,IWM,0.3333333333333333,XGBoost[GPU allocation scorer] Calibrated
2020-12,IWM,0.3333333333333333,XGBoost[GPU allocation scorer] Calibrated
2021-01,IWM,0.3333333333333333,XGBoost[GPU allocation scorer] Calibrated
2021-02,IWM,0.3333333333333333,XGBoost[GPU allocation scorer] Calibrated
2021-03,IWM,0.3333333333333333,XGBoost[GPU allocation scorer] Calibrated
2021-04,IWM,0.3333333333333333,XGBoost[GPU allocation scorer] Calibrated
2021-05,IWM,0.3333333333333333,XGBoost[GPU allocation scorer] Calibrated
2021-06,IWM,0.3333333333333333,XGBoost[GPU allocation scorer] Calibrated
2021-07,IWM,0.3333333333333333,XGBoost[GPU allocation scorer] Calibrated
2021-08,IWM,0.3333333333333333,XGBoost[GPU allocation scorer] Calibrated
2021-09,IWM,0.3333333333333333,XGBoost[GPU allocation scorer] Calibrated
2021-10,IWM,0.3333333333333333,XGBoost[GPU allocation scorer] Calibrated
2021-11,IWM,0.3333333333333333,XGBoost[GPU allocation scorer] Calibrated
2021-12,IWM,0.0,XGBoost[GPU allocation scorer] Calibrated
2022-01,IWM,0.3333333333333333,XGBoost[GPU allocation scorer] Calibrated
2022-02,IWM,0.3333333333333333,XGBoost[GPU allocation scorer] Calibrated
2022-03,IWM,0.3333333333333333,XGBoost[GPU allocation scorer] Calibrated
2022-04,IWM,0.3333333333333333,XGBoost[GPU allocation scorer] Calibrated
2022-05,IWM,0.3333333333333333,XGBoost[GPU allocation scorer] Calibrated
2022-06,IWM,0.3333333333333333,XGBoost[GPU allocation scorer] Calibrated
2022-07,IWM,0.3333333333333333,XGBoost[GPU allocation scorer] Calibrated
2022-08,IWM,0.3333333333333333,XGBoost[GPU allocation scorer] Calibrated
2022-09,IWM,0.3333333333333333,XGBoost[GPU allocation scorer] Calibrated
2022-10,IWM,0.3333333333333333,XGBoost[GPU allocation scorer] Calibrated
2022-11,IWM,0.3333333333333333,XGBoost[GPU allocation scorer] Calibrated
2022-12,IWM,0.3333333333333333,XGBoost[GPU allocation scorer] Calibrated
2023-01,IWM,0.3333333333333333,XGBoost[GPU allocation scorer] Calibrated
2023-02,IWM,0.3333333333333333,XGBoost[GPU allocation scorer] Calibrated
2023-03,IWM,0.3333333333333333,XGBoost[GPU allocation scorer] Calibrated
2023-04,IWM,0.3333333333333333,XGBoost[GPU allocation scorer] Calibrated
2023-05,IWM,0.3333333333333333,XGBoost[GPU allocation scorer] Calibrated
2023-06,IWM,0.3333333333333333,XGBoost[GPU allocation scorer] Calibrated
2023-07,IWM,0.3333333333333333,XGBoost[GPU allocation scorer] Calibrated
2023-08,IWM,0.3333333333333333,XGBoost[GPU allocation scorer] Calibrated
2023-09,IWM,0.3333333333333333,XGBoost[GPU allocation scorer] Calibrated
2023-10,IWM,0.3333333333333333,XGBoost[GPU allocation scorer] Calibrated
2023-11,IWM,0.3333333333333333,XGBoost[GPU allocation scorer] Calibrated
2023-12,IWM,0.3333333333333333,XGBoost[GPU allocation scorer] Calibrated
2024-01,IWM,0.3333333333333333,XGBoost[GPU allocation scorer] Calibrated
2024-02,IWM,0.3333333333333333,XGBoost[GPU allocation scorer] Calibrated
2024-03,IWM,0.3333333333333333,XGBoost[GPU allocation scorer] Calibrated
2024-04,IWM,0.3333333333333333,XGBoost[GPU allocation scorer] Calibrated
2024-05,IWM,0.3333333333333333,XGBoost[GPU allocation scorer] Calibrated
2024-06,IWM,0.0,XGBoost[GPU allocation scorer] Calibrated
2024-07,IWM,0.3333333333333333,XGBoost[GPU allocation scorer] Calibrated
2024-08,IWM,0.3333333333333333,XGBoost[GPU allocation scorer] Calibrated
2024-09,IWM,0.3333333333333333,XGBoost[GPU allocation scorer] Calibrated
2024-10,IWM,0.3333333333333333,XGBoost[GPU allocation scorer] Calibrated
2024-11,IWM,0.3333333333333333,XGBoost[GPU allocation scorer] Calibrated
2024-12,IWM,0.3333333333333333,XGBoost[GPU allocation scorer] Calibrated
2025-01,IWM,0.3333333333333333,XGBoost[GPU allocation scorer] Calibrated
2025-02,IWM,0.3333333333333333,XGBoost[GPU allocation scorer] Calibrated
2025-03,IWM,0.3333333333333333,XGBoost[GPU allocation scorer] Calibrated
2025-04,IWM,0.0,XGBoost[GPU allocation scorer] Calibrated
2025-05,IWM,0.0,XGBoost[GPU allocation scorer] Calibrated
2025-06,IWM,0.0,XGBoost[GPU allocation scorer] Calibrated
2025-07,IWM,0.3333333333333333,XGBoost[GPU allocation scorer] Calibrated
2025-08,IWM,0.3333333333333333,XGBoost[GPU allocation scorer] Calibrated
2025-09,IWM,0.3333333333333333,XGBoost[GPU allocation scorer] Calibrated
2025-10,IWM,0.3333333333333333,XGBoost[GPU allocation scorer] Calibrated
2025-11,IWM,0.3333333333333333,XGBoost[GPU allocation scorer] Calibrated
2025-12,IWM,0.3333333333333333,XGBoost[GPU allocation scorer] Calibrated
2026-01,IWM,0.3333333333333333,XGBoost[GPU allocation scorer] Calibrated
2026-02,IWM,0.3333333333333333,XGBoost[GPU allocation scorer] Calibrated
2026-03,IWM,0.3333333333333333,XGBoost[GPU allocation scorer] Calibrated
2020-01,QQQ,0.3333333333333333,XGBoost[GPU allocation scorer] Calibrated
2020-02,QQQ,0.3333333333333333,XGBoost[GPU allocation scorer] Calibrated
2020-03,QQQ,0.0,XGBoost[GPU allocation scorer] Calibrated
2020-04,QQQ,0.0,XGBoost[GPU allocation scorer] Calibrated
2020-05,QQQ,0.0,XGBoost[GPU allocation scorer] Calibrated
2020-06,QQQ,0.0,XGBoost[GPU allocation scorer] Calibrated
2020-07,QQQ,0.0,XGBoost[GPU allocation scorer] Calibrated
2020-08,QQQ,0.0,XGBoost[GPU allocation scorer] Calibrated
2020-09,QQQ,0.0,XGBoost[GPU allocation scorer] Calibrated
2020-10,QQQ,0.3333333333333333,XGBoost[GPU allocation scorer] Calibrated
2020-11,QQQ,0.3333333333333333,XGBoost[GPU allocation scorer] Calibrated
2020-12,QQQ,0.3333333333333333,XGBoost[GPU allocation scorer] Calibrated
2021-01,QQQ,0.3333333333333333,XGBoost[GPU allocation scorer] Calibrated
2021-02,QQQ,0.3333333333333333,XGBoost[GPU allocation scorer] Calibrated
2021-03,QQQ,0.3333333333333333,XGBoost[GPU allocation scorer] Calibrated
2021-04,QQQ,0.3333333333333333,XGBoost[GPU allocation scorer] Calibrated
2021-05,QQQ,0.3333333333333333,XGBoost[GPU allocation scorer] Calibrated
2021-06,QQQ,0.3333333333333333,XGBoost[GPU allocation scorer] Calibrated
2021-07,QQQ,0.3333333333333333,XGBoost[GPU allocation scorer] Calibrated
2021-08,QQQ,0.3333333333333333,XGBoost[GPU allocation scorer] Calibrated
2021-09,QQQ,0.3333333333333333,XGBoost[GPU allocation scorer] Calibrated
2021-10,QQQ,0.3333333333333333,XGBoost[GPU allocation scorer] Calibrated
2021-11,QQQ,0.3333333333333333,XGBoost[GPU allocation scorer] Calibrated
2021-12,QQQ,0.3333333333333333,XGBoost[GPU allocation scorer] Calibrated
2022-01,QQQ,0.3333333333333333,XGBoost[GPU allocation scorer] Calibrated
2022-02,QQQ,0.3333333333333333,XGBoost[GPU allocation scorer] Calibrated
2022-03,QQQ,0.3333333333333333,XGBoost[GPU allocation scorer] Calibrated
2022-04,QQQ,0.3333333333333333,XGBoost[GPU allocation scorer] Calibrated
2022-05,QQQ,0.3333333333333333,XGBoost[GPU allocation scorer] Calibrated
2022-06,QQQ,0.3333333333333333,XGBoost[GPU allocation scorer] Calibrated
2022-07,QQQ,0.3333333333333333,XGBoost[GPU allocation scorer] Calibrated
2022-08,QQQ,0.3333333333333333,XGBoost[GPU allocation scorer] Calibrated
2022-09,QQQ,0.3333333333333333,XGBoost[GPU allocation scorer] Calibrated
2022-10,QQQ,0.3333333333333333,XGBoost[GPU allocation scorer] Calibrated
2022-11,QQQ,0.3333333333333333,XGBoost[GPU allocation scorer] Calibrated
2022-12,QQQ,0.3333333333333333,XGBoost[GPU allocation scorer] Calibrated
2023-01,QQQ,0.3333333333333333,XGBoost[GPU allocation scorer] Calibrated
2023-02,QQQ,0.3333333333333333,XGBoost[GPU allocation scorer] Calibrated
2023-03,QQQ,0.3333333333333333,XGBoost[GPU allocation scorer] Calibrated
2023-04,QQQ,0.3333333333333333,XGBoost[GPU allocation scorer] Calibrated
2023-05,QQQ,0.3333333333333333,XGBoost[GPU allocation scorer] Calibrated
2023-06,QQQ,0.3333333333333333,XGBoost[GPU allocation scorer] Calibrated
2023-07,QQQ,0.3333333333333333,XGBoost[GPU allocation scorer] Calibrated
2023-08,QQQ,0.3333333333333333,XGBoost[GPU allocation scorer] Calibrated
2023-09,QQQ,0.3333333333333333,XGBoost[GPU allocation scorer] Calibrated
2023-10,QQQ,0.3333333333333333,XGBoost[GPU allocation scorer] Calibrated
2023-11,QQQ,0.3333333333333333,XGBoost[GPU allocation scorer] Calibrated
2023-12,QQQ,0.3333333333333333,XGBoost[GPU allocation scorer] Calibrated
2024-01,QQQ,0.3333333333333333,XGBoost[GPU allocation scorer] Calibrated
2024-02,QQQ,0.3333333333333333,XGBoost[GPU allocation scorer] Calibrated
2024-03,QQQ,0.3333333333333333,XGBoost[GPU allocation scorer] Calibrated
2024-04,QQQ,0.3333333333333333,XGBoost[GPU allocation scorer] Calibrated
2024-05,QQQ,0.3333333333333333,XGBoost[GPU allocation scorer] Calibrated
2024-06,QQQ,0.3333333333333333,XGBoost[GPU allocation scorer] Calibrated
2024-07,QQQ,0.3333333333333333,XGBoost[GPU allocation scorer] Calibrated
2024-08,QQQ,0.3333333333333333,XGBoost[GPU allocation scorer] Calibrated
2024-09,QQQ,0.3333333333333333,XGBoost[GPU allocation scorer] Calibrated
2024-10,QQQ,0.3333333333333333,XGBoost[GPU allocation scorer] Calibrated
2024-11,QQQ,0.3333333333333333,XGBoost[GPU allocation scorer] Calibrated
2024-12,QQQ,0.3333333333333333,XGBoost[GPU allocation scorer] Calibrated
2025-01,QQQ,0.3333333333333333,XGBoost[GPU allocation scorer] Calibrated
2025-02,QQQ,0.3333333333333333,XGBoost[GPU allocation scorer] Calibrated
2025-03,QQQ,0.3333333333333333,XGBoost[GPU allocation scorer] Calibrated
2025-04,QQQ,0.3333333333333333,XGBoost[GPU allocation scorer] Calibrated
2025-05,QQQ,0.3333333333333333,XGBoost[GPU allocation scorer] Calibrated
2025-06,QQQ,0.3333333333333333,XGBoost[GPU allocation scorer] Calibrated
2025-07,QQQ,0.3333333333333333,XGBoost[GPU allocation scorer] Calibrated
2025-08,QQQ,0.3333333333333333,XGBoost[GPU allocation scorer] Calibrated
2025-09,QQQ,0.3333333333333333,XGBoost[GPU allocation scorer] Calibrated
2025-10,QQQ,0.3333333333333333,XGBoost[GPU allocation scorer] Calibrated
2025-11,QQQ,0.3333333333333333,XGBoost[GPU allocation scorer] Calibrated
2025-12,QQQ,0.3333333333333333,XGBoost[GPU allocation scorer] Calibrated
2026-01,QQQ,0.3333333333333333,XGBoost[GPU allocation scorer] Calibrated
2026-02,QQQ,0.3333333333333333,XGBoost[GPU allocation scorer] Calibrated
2026-03,QQQ,0.0,XGBoost[GPU allocation scorer] Calibrated
2020-01,SPY,0.0,XGBoost[GPU allocation scorer] Calibrated
2020-02,SPY,0.0,XGBoost[GPU allocation scorer] Calibrated
2020-03,SPY,0.0,XGBoost[GPU allocation scorer] Calibrated
2020-04,SPY,0.0,XGBoost[GPU allocation scorer] Calibrated
2020-05,SPY,0.0,XGBoost[GPU allocation scorer] Calibrated
2020-06,SPY,0.0,XGBoost[GPU allocation scorer] Calibrated
2020-07,SPY,0.0,XGBoost[GPU allocation scorer] Calibrated
2020-08,SPY,0.0,XGBoost[GPU allocation scorer] Calibrated
2020-09,SPY,0.0,XGBoost[GPU allocation scorer] Calibrated
2020-10,SPY,0.0,XGBoost[GPU allocation scorer] Calibrated
2020-11,SPY,0.0,XGBoost[GPU allocation scorer] Calibrated
2020-12,SPY,0.0,XGBoost[GPU allocation scorer] Calibrated
2021-01,SPY,0.0,XGBoost[GPU allocation scorer] Calibrated
2021-02,SPY,0.0,XGBoost[GPU allocation scorer] Calibrated
2021-03,SPY,0.0,XGBoost[GPU allocation scorer] Calibrated
2021-04,SPY,0.0,XGBoost[GPU allocation scorer] Calibrated
2021-05,SPY,0.0,XGBoost[GPU allocation scorer] Calibrated
2021-06,SPY,0.0,XGBoost[GPU allocation scorer] Calibrated
2021-07,SPY,0.0,XGBoost[GPU allocation scorer] Calibrated
2021-08,SPY,0.0,XGBoost[GPU allocation scorer] Calibrated
2021-09,SPY,0.0,XGBoost[GPU allocation scorer] Calibrated
2021-10,SPY,0.0,XGBoost[GPU allocation scorer] Calibrated
2021-11,SPY,0.0,XGBoost[GPU allocation scorer] Calibrated
2021-12,SPY,0.3333333333333333,XGBoost[GPU allocation scorer] Calibrated
2022-01,SPY,0.0,XGBoost[GPU allocation scorer] Calibrated
2022-02,SPY,0.0,XGBoost[GPU allocation scorer] Calibrated
2022-03,SPY,0.0,XGBoost[GPU allocation scorer] Calibrated
2022-04,SPY,0.0,XGBoost[GPU allocation scorer] Calibrated
2022-05,SPY,0.0,XGBoost[GPU allocation scorer] Calibrated
2022-06,SPY,0.0,XGBoost[GPU allocation scorer] Calibrated
2022-07,SPY,0.0,XGBoost[GPU allocation scorer] Calibrated
2022-08,SPY,0.0,XGBoost[GPU allocation scorer] Calibrated
2022-09,SPY,0.0,XGBoost[GPU allocation scorer] Calibrated
2022-10,SPY,0.0,XGBoost[GPU allocation scorer] Calibrated
2022-11,SPY,0.3333333333333333,XGBoost[GPU allocation scorer] Calibrated
2022-12,SPY,0.0,XGBoost[GPU allocation scorer] Calibrated
2023-01,SPY,0.0,XGBoost[GPU allocation scorer] Calibrated
2023-02,SPY,0.0,XGBoost[GPU allocation scorer] Calibrated
2023-03,SPY,0.3333333333333333,XGBoost[GPU allocation scorer] Calibrated
2023-04,SPY,0.0,XGBoost[GPU allocation scorer] Calibrated
2023-05,SPY,0.3333333333333333,XGBoost[GPU allocation scorer] Calibrated
2023-06,SPY,0.0,XGBoost[GPU allocation scorer] Calibrated
2023-07,SPY,0.0,XGBoost[GPU allocation scorer] Calibrated
2023-08,SPY,0.3333333333333333,XGBoost[GPU allocation scorer] Calibrated
2023-09,SPY,0.3333333333333333,XGBoost[GPU allocation scorer] Calibrated
2023-10,SPY,0.0,XGBoost[GPU allocation scorer] Calibrated
2023-11,SPY,0.0,XGBoost[GPU allocation scorer] Calibrated
2023-12,SPY,0.0,XGBoost[GPU allocation scorer] Calibrated
2024-01,SPY,0.0,XGBoost[GPU allocation scorer] Calibrated
2024-02,SPY,0.0,XGBoost[GPU allocation scorer] Calibrated
2024-03,SPY,0.0,XGBoost[GPU allocation scorer] Calibrated
2024-04,SPY,0.0,XGBoost[GPU allocation scorer] Calibrated
2024-05,SPY,0.0,XGBoost[GPU allocation scorer] Calibrated
2024-06,SPY,0.0,XGBoost[GPU allocation scorer] Calibrated
2024-07,SPY,0.3333333333333333,XGBoost[GPU allocation scorer] Calibrated
2024-08,SPY,0.0,XGBoost[GPU allocation scorer] Calibrated
2024-09,SPY,0.0,XGBoost[GPU allocation scorer] Calibrated
2024-10,SPY,0.0,XGBoost[GPU allocation scorer] Calibrated
2024-11,SPY,0.0,XGBoost[GPU allocation scorer] Calibrated
2024-12,SPY,0.3333333333333333,XGBoost[GPU allocation scorer] Calibrated
2025-01,SPY,0.3333333333333333,XGBoost[GPU allocation scorer] Calibrated
2025-02,SPY,0.0,XGBoost[GPU allocation scorer] Calibrated
2025-03,SPY,0.0,XGBoost[GPU allocation scorer] Calibrated
2025-04,SPY,0.0,XGBoost[GPU allocation scorer] Calibrated
2025-05,SPY,0.0,XGBoost[GPU allocation scorer] Calibrated
2025-06,SPY,0.0,XGBoost[GPU allocation scorer] Calibrated
2025-07,SPY,0.0,XGBoost[GPU allocation scorer] Calibrated
2025-08,SPY,0.0,XGBoost[GPU allocation scorer] Calibrated
2025-09,SPY,0.0,XGBoost[GPU allocation scorer] Calibrated
2025-10,SPY,0.0,XGBoost[GPU allocation scorer] Calibrated
2025-11,SPY,0.0,XGBoost[GPU allocation scorer] Calibrated
2025-12,SPY,0.0,XGBoost[GPU allocation scorer] Calibrated
2026-01,SPY,0.0,XGBoost[GPU allocation scorer] Calibrated
2026-02,SPY,0.0,XGBoost[GPU allocation scorer] Calibrated
2026-03,SPY,0.0,XGBoost[GPU allocation scorer] Calibrated
2020-01,TLT,0.3333333333333333,XGBoost[GPU allocation scorer] Calibrated
2020-02,TLT,0.3333333333333333,XGBoost[GPU allocation scorer] Calibrated
2020-03,TLT,0.3333333333333333,XGBoost[GPU allocation scorer] Calibrated
2020-04,TLT,0.3333333333333333,XGBoost[GPU allocation scorer] Calibrated
2020-05,TLT,0.3333333333333333,XGBoost[GPU allocation scorer] Calibrated
2020-06,TLT,0.0,XGBoost[GPU allocation scorer] Calibrated
2020-07,TLT,0.0,XGBoost[GPU allocation scorer] Calibrated
2020-08,TLT,0.0,XGBoost[GPU allocation scorer] Calibrated
2020-09,TLT,0.0,XGBoost[GPU allocation scorer] Calibrated
2020-10,TLT,0.0,XGBoost[GPU allocation scorer] Calibrated
2020-11,TLT,0.0,XGBoost[GPU allocation scorer] Calibrated
2020-12,TLT,0.0,XGBoost[GPU allocation scorer] Calibrated
2021-01,TLT,0.0,XGBoost[GPU allocation scorer] Calibrated
2021-02,TLT,0.0,XGBoost[GPU allocation scorer] Calibrated
2021-03,TLT,0.0,XGBoost[GPU allocation scorer] Calibrated
2021-04,TLT,0.0,XGBoost[GPU allocation scorer] Calibrated
2021-05,TLT,0.0,XGBoost[GPU allocation scorer] Calibrated
2021-06,TLT,0.0,XGBoost[GPU allocation scorer] Calibrated
2021-07,TLT,0.0,XGBoost[GPU allocation scorer] Calibrated
2021-08,TLT,0.3333333333333333,XGBoost[GPU allocation scorer] Calibrated
2021-09,TLT,0.0,XGBoost[GPU allocation scorer] Calibrated
2021-10,TLT,0.0,XGBoost[GPU allocation scorer] Calibrated
2021-11,TLT,0.3333333333333333,XGBoost[GPU allocation scorer] Calibrated
2021-12,TLT,0.0,XGBoost[GPU allocation scorer] Calibrated
2022-01,TLT,0.0,XGBoost[GPU allocation scorer] Calibrated
2022-02,TLT,0.0,XGBoost[GPU allocation scorer] Calibrated
2022-03,TLT,0.0,XGBoost[GPU allocation scorer] Calibrated
2022-04,TLT,0.0,XGBoost[GPU allocation scorer] Calibrated
2022-05,TLT,0.0,XGBoost[GPU allocation scorer] Calibrated
2022-06,TLT,0.0,XGBoost[GPU allocation scorer] Calibrated
2022-07,TLT,0.0,XGBoost[GPU allocation scorer] Calibrated
2022-08,TLT,0.0,XGBoost[GPU allocation scorer] Calibrated
2022-09,TLT,0.0,XGBoost[GPU allocation scorer] Calibrated
2022-10,TLT,0.0,XGBoost[GPU allocation scorer] Calibrated
2022-11,TLT,0.0,XGBoost[GPU allocation scorer] Calibrated
2022-12,TLT,0.0,XGBoost[GPU allocation scorer] Calibrated
2023-01,TLT,0.0,XGBoost[GPU allocation scorer] Calibrated
2023-02,TLT,0.0,XGBoost[GPU allocation scorer] Calibrated
2023-03,TLT,0.0,XGBoost[GPU allocation scorer] Calibrated
2023-04,TLT,0.0,XGBoost[GPU allocation scorer] Calibrated
2023-05,TLT,0.0,XGBoost[GPU allocation scorer] Calibrated
2023-06,TLT,0.0,XGBoost[GPU allocation scorer] Calibrated
2023-07,TLT,0.0,XGBoost[GPU allocation scorer] Calibrated
2023-08,TLT,0.0,XGBoost[GPU allocation scorer] Calibrated
2023-09,TLT,0.0,XGBoost[GPU allocation scorer] Calibrated
2023-10,TLT,0.0,XGBoost[GPU allocation scorer] Calibrated
2023-11,TLT,0.0,XGBoost[GPU allocation scorer] Calibrated
2023-12,TLT,0.0,XGBoost[GPU allocation scorer] Calibrated
2024-01,TLT,0.0,XGBoost[GPU allocation scorer] Calibrated
2024-02,TLT,0.0,XGBoost[GPU allocation scorer] Calibrated
2024-03,TLT,0.0,XGBoost[GPU allocation scorer] Calibrated
2024-04,TLT,0.0,XGBoost[GPU allocation scorer] Calibrated
2024-05,TLT,0.0,XGBoost[GPU allocation scorer] Calibrated
2024-06,TLT,0.0,XGBoost[GPU allocation scorer] Calibrated
2024-07,TLT,0.0,XGBoost[GPU allocation scorer] Calibrated
2024-08,TLT,0.0,XGBoost[GPU allocation scorer] Calibrated
2024-09,TLT,0.0,XGBoost[GPU allocation scorer] Calibrated
2024-10,TLT,0.0,XGBoost[GPU allocation scorer] Calibrated
2024-11,TLT,0.0,XGBoost[GPU allocation scorer] Calibrated
2024-12,TLT,0.0,XGBoost[GPU allocation scorer] Calibrated
2025-01,TLT,0.0,XGBoost[GPU allocation scorer] Calibrated
2025-02,TLT,0.0,XGBoost[GPU allocation scorer] Calibrated
2025-03,TLT,0.0,XGBoost[GPU allocation scorer] Calibrated
2025-04,TLT,0.0,XGBoost[GPU allocation scorer] Calibrated
2025-05,TLT,0.0,XGBoost[GPU allocation scorer] Calibrated
2025-06,TLT,0.0,XGBoost[GPU allocation scorer] Calibrated
2025-07,TLT,0.0,XGBoost[GPU allocation scorer] Calibrated
2025-08,TLT,0.0,XGBoost[GPU allocation scorer] Calibrated
2025-09,TLT,0.0,XGBoost[GPU allocation scorer] Calibrated
2025-10,TLT,0.0,XGBoost[GPU allocation scorer] Calibrated
2025-11,TLT,0.0,XGBoost[GPU allocation scorer] Calibrated
2025-12,TLT,0.0,XGBoost[GPU allocation scorer] Calibrated
2026-01,TLT,0.0,XGBoost[GPU allocation scorer] Calibrated
2026-02,TLT,0.0,XGBoost[GPU allocation scorer] Calibrated
2026-03,TLT,0.0,XGBoost[GPU allocation scorer] Calibrated
2020-01,VNQ,0.0,XGBoost[GPU allocation scorer] Calibrated
2020-02,VNQ,0.0,XGBoost[GPU allocation scorer] Calibrated
2020-03,VNQ,0.3333333333333333,XGBoost[GPU allocation scorer] Calibrated
2020-04,VNQ,0.3333333333333333,XGBoost[GPU allocation scorer] Calibrated
2020-05,VNQ,0.3333333333333333,XGBoost[GPU allocation scorer] Calibrated
2020-06,VNQ,0.3333333333333333,XGBoost[GPU allocation scorer] Calibrated
2020-07,VNQ,0.3333333333333333,XGBoost[GPU allocation scorer] Calibrated
2020-08,VNQ,0.3333333333333333,XGBoost[GPU allocation scorer] Calibrated
2020-09,VNQ,0.3333333333333333,XGBoost[GPU allocation scorer] Calibrated
2020-10,VNQ,0.3333333333333333,XGBoost[GPU allocation scorer] Calibrated
2020-11,VNQ,0.0,XGBoost[GPU allocation scorer] Calibrated
2020-12,VNQ,0.3333333333333333,XGBoost[GPU allocation scorer] Calibrated
2021-01,VNQ,0.0,XGBoost[GPU allocation scorer] Calibrated
2021-02,VNQ,0.3333333333333333,XGBoost[GPU allocation scorer] Calibrated
2021-03,VNQ,0.0,XGBoost[GPU allocation scorer] Calibrated
2021-04,VNQ,0.3333333333333333,XGBoost[GPU allocation scorer] Calibrated
2021-05,VNQ,0.0,XGBoost[GPU allocation scorer] Calibrated
2021-06,VNQ,0.3333333333333333,XGBoost[GPU allocation scorer] Calibrated
2021-07,VNQ,0.3333333333333333,XGBoost[GPU allocation scorer] Calibrated
2021-08,VNQ,0.0,XGBoost[GPU allocation scorer] Calibrated
2021-09,VNQ,0.3333333333333333,XGBoost[GPU allocation scorer] Calibrated
2021-10,VNQ,0.3333333333333333,XGBoost[GPU allocation scorer] Calibrated
2021-11,VNQ,0.0,XGBoost[GPU allocation scorer] Calibrated
2021-12,VNQ,0.3333333333333333,XGBoost[GPU allocation scorer] Calibrated
2022-01,VNQ,0.0,XGBoost[GPU allocation scorer] Calibrated
2022-02,VNQ,0.0,XGBoost[GPU allocation scorer] Calibrated
2022-03,VNQ,0.0,XGBoost[GPU allocation scorer] Calibrated
2022-04,VNQ,0.0,XGBoost[GPU allocation scorer] Calibrated
2022-05,VNQ,0.3333333333333333,XGBoost[GPU allocation scorer] Calibrated
2022-06,VNQ,0.3333333333333333,XGBoost[GPU allocation scorer] Calibrated
2022-07,VNQ,0.3333333333333333,XGBoost[GPU allocation scorer] Calibrated
2022-08,VNQ,0.3333333333333333,XGBoost[GPU allocation scorer] Calibrated
2022-09,VNQ,0.3333333333333333,XGBoost[GPU allocation scorer] Calibrated
2022-10,VNQ,0.3333333333333333,XGBoost[GPU allocation scorer] Calibrated
2022-11,VNQ,0.0,XGBoost[GPU allocation scorer] Calibrated
2022-12,VNQ,0.0,XGBoost[GPU allocation scorer] Calibrated
2023-01,VNQ,0.3333333333333333,XGBoost[GPU allocation scorer] Calibrated
2023-02,VNQ,0.0,XGBoost[GPU allocation scorer] Calibrated
2023-03,VNQ,0.0,XGBoost[GPU allocation scorer] Calibrated
2023-04,VNQ,0.3333333333333333,XGBoost[GPU allocation scorer] Calibrated
2023-05,VNQ,0.0,XGBoost[GPU allocation scorer] Calibrated
2023-06,VNQ,0.3333333333333333,XGBoost[GPU allocation scorer] Calibrated
2023-07,VNQ,0.0,XGBoost[GPU allocation scorer] Calibrated
2023-08,VNQ,0.0,XGBoost[GPU allocation scorer] Calibrated
2023-09,VNQ,0.0,XGBoost[GPU allocation scorer] Calibrated
2023-10,VNQ,0.3333333333333333,XGBoost[GPU allocation scorer] Calibrated
2023-11,VNQ,0.3333333333333333,XGBoost[GPU allocation scorer] Calibrated
2023-12,VNQ,0.3333333333333333,XGBoost[GPU allocation scorer] Calibrated
2024-01,VNQ,0.3333333333333333,XGBoost[GPU allocation scorer] Calibrated
2024-02,VNQ,0.3333333333333333,XGBoost[GPU allocation scorer] Calibrated
2024-03,VNQ,0.3333333333333333,XGBoost[GPU allocation scorer] Calibrated
2024-04,VNQ,0.0,XGBoost[GPU allocation scorer] Calibrated
2024-05,VNQ,0.0,XGBoost[GPU allocation scorer] Calibrated
2024-06,VNQ,0.0,XGBoost[GPU allocation scorer] Calibrated
2024-07,VNQ,0.0,XGBoost[GPU allocation scorer] Calibrated
2024-08,VNQ,0.3333333333333333,XGBoost[GPU allocation scorer] Calibrated
2024-09,VNQ,0.0,XGBoost[GPU allocation scorer] Calibrated
2024-10,VNQ,0.3333333333333333,XGBoost[GPU allocation scorer] Calibrated
2024-11,VNQ,0.0,XGBoost[GPU allocation scorer] Calibrated
2024-12,VNQ,0.0,XGBoost[GPU allocation scorer] Calibrated
2025-01,VNQ,0.0,XGBoost[GPU allocation scorer] Calibrated
2025-02,VNQ,0.0,XGBoost[GPU allocation scorer] Calibrated
2025-03,VNQ,0.0,XGBoost[GPU allocation scorer] Calibrated
2025-04,VNQ,0.0,XGBoost[GPU allocation scorer] Calibrated
2025-05,VNQ,0.0,XGBoost[GPU allocation scorer] Calibrated
2025-06,VNQ,0.0,XGBoost[GPU allocation scorer] Calibrated
2025-07,VNQ,0.0,XGBoost[GPU allocation scorer] Calibrated
2025-08,VNQ,0.0,XGBoost[GPU allocation scorer] Calibrated
2025-09,VNQ,0.0,XGBoost[GPU allocation scorer] Calibrated
2025-10,VNQ,0.0,XGBoost[GPU allocation scorer] Calibrated
2025-11,VNQ,0.0,XGBoost[GPU allocation scorer] Calibrated
2025-12,VNQ,0.0,XGBoost[GPU allocation scorer] Calibrated
2026-01,VNQ,0.0,XGBoost[GPU allocation scorer] Calibrated
2026-02,VNQ,0.0,XGBoost[GPU allocation scorer] Calibrated
2026-03,VNQ,0.0,XGBoost[GPU allocation scorer] Calibrated
2020-01,EEM,0.0,XGBoost[GPU allocation scorer] Calibration Base
2020-02,EEM,0.0,XGBoost[GPU allocation scorer] Calibration Base
2020-03,EEM,0.0,XGBoost[GPU allocation scorer] Calibration Base
2020-04,EEM,0.0,XGBoost[GPU allocation scorer] Calibration Base
2020-05,EEM,0.0,XGBoost[GPU allocation scorer] Calibration Base
2020-06,EEM,0.0,XGBoost[GPU allocation scorer] Calibration Base
2020-07,EEM,0.3333333333333333,XGBoost[GPU allocation scorer] Calibration Base
2020-08,EEM,0.0,XGBoost[GPU allocation scorer] Calibration Base
2020-09,EEM,0.3333333333333333,XGBoost[GPU allocation scorer] Calibration Base
2020-10,EEM,0.0,XGBoost[GPU allocation scorer] Calibration Base
2020-11,EEM,0.3333333333333333,XGBoost[GPU allocation scorer] Calibration Base
2020-12,EEM,0.0,XGBoost[GPU allocation scorer] Calibration Base
2021-01,EEM,0.3333333333333333,XGBoost[GPU allocation scorer] Calibration Base
2021-02,EEM,0.0,XGBoost[GPU allocation scorer] Calibration Base
2021-03,EEM,0.3333333333333333,XGBoost[GPU allocation scorer] Calibration Base
2021-04,EEM,0.0,XGBoost[GPU allocation scorer] Calibration Base
2021-05,EEM,0.0,XGBoost[GPU allocation scorer] Calibration Base
2021-06,EEM,0.0,XGBoost[GPU allocation scorer] Calibration Base
2021-07,EEM,0.0,XGBoost[GPU allocation scorer] Calibration Base
2021-08,EEM,0.0,XGBoost[GPU allocation scorer] Calibration Base
2021-09,EEM,0.0,XGBoost[GPU allocation scorer] Calibration Base
2021-10,EEM,0.0,XGBoost[GPU allocation scorer] Calibration Base
2021-11,EEM,0.0,XGBoost[GPU allocation scorer] Calibration Base
2021-12,EEM,0.0,XGBoost[GPU allocation scorer] Calibration Base
2022-01,EEM,0.0,XGBoost[GPU allocation scorer] Calibration Base
2022-02,EEM,0.0,XGBoost[GPU allocation scorer] Calibration Base
2022-03,EEM,0.0,XGBoost[GPU allocation scorer] Calibration Base
2022-04,EEM,0.0,XGBoost[GPU allocation scorer] Calibration Base
2022-05,EEM,0.0,XGBoost[GPU allocation scorer] Calibration Base
2022-06,EEM,0.0,XGBoost[GPU allocation scorer] Calibration Base
2022-07,EEM,0.0,XGBoost[GPU allocation scorer] Calibration Base
2022-08,EEM,0.0,XGBoost[GPU allocation scorer] Calibration Base
2022-09,EEM,0.0,XGBoost[GPU allocation scorer] Calibration Base
2022-10,EEM,0.0,XGBoost[GPU allocation scorer] Calibration Base
2022-11,EEM,0.0,XGBoost[GPU allocation scorer] Calibration Base
2022-12,EEM,0.0,XGBoost[GPU allocation scorer] Calibration Base
2023-01,EEM,0.0,XGBoost[GPU allocation scorer] Calibration Base
2023-02,EEM,0.0,XGBoost[GPU allocation scorer] Calibration Base
2023-03,EEM,0.0,XGBoost[GPU allocation scorer] Calibration Base
2023-04,EEM,0.0,XGBoost[GPU allocation scorer] Calibration Base
2023-05,EEM,0.0,XGBoost[GPU allocation scorer] Calibration Base
2023-06,EEM,0.0,XGBoost[GPU allocation scorer] Calibration Base
2023-07,EEM,0.3333333333333333,XGBoost[GPU allocation scorer] Calibration Base
2023-08,EEM,0.0,XGBoost[GPU allocation scorer] Calibration Base
2023-09,EEM,0.0,XGBoost[GPU allocation scorer] Calibration Base
2023-10,EEM,0.0,XGBoost[GPU allocation scorer] Calibration Base
2023-11,EEM,0.0,XGBoost[GPU allocation scorer] Calibration Base
2023-12,EEM,0.0,XGBoost[GPU allocation scorer] Calibration Base
2024-01,EEM,0.0,XGBoost[GPU allocation scorer] Calibration Base
2024-02,EEM,0.0,XGBoost[GPU allocation scorer] Calibration Base
2024-03,EEM,0.0,XGBoost[GPU allocation scorer] Calibration Base
2024-04,EEM,0.0,XGBoost[GPU allocation scorer] Calibration Base
2024-05,EEM,0.0,XGBoost[GPU allocation scorer] Calibration Base
2024-06,EEM,0.3333333333333333,XGBoost[GPU allocation scorer] Calibration Base
2024-07,EEM,0.0,XGBoost[GPU allocation scorer] Calibration Base
2024-08,EEM,0.0,XGBoost[GPU allocation scorer] Calibration Base
2024-09,EEM,0.3333333333333333,XGBoost[GPU allocation scorer] Calibration Base
2024-10,EEM,0.0,XGBoost[GPU allocation scorer] Calibration Base
2024-11,EEM,0.0,XGBoost[GPU allocation scorer] Calibration Base
2024-12,EEM,0.0,XGBoost[GPU allocation scorer] Calibration Base
2025-01,EEM,0.0,XGBoost[GPU allocation scorer] Calibration Base
2025-02,EEM,0.0,XGBoost[GPU allocation scorer] Calibration Base
2025-03,EEM,0.0,XGBoost[GPU allocation scorer] Calibration Base
2025-04,EEM,0.3333333333333333,XGBoost[GPU allocation scorer] Calibration Base
2025-05,EEM,0.3333333333333333,XGBoost[GPU allocation scorer] Calibration Base
2025-06,EEM,0.3333333333333333,XGBoost[GPU allocation scorer] Calibration Base
2025-07,EEM,0.3333333333333333,XGBoost[GPU allocation scorer] Calibration Base
2025-08,EEM,0.3333333333333333,XGBoost[GPU allocation scorer] Calibration Base
2025-09,EEM,0.0,XGBoost[GPU allocation scorer] Calibration Base
2025-10,EEM,0.0,XGBoost[GPU allocation scorer] Calibration Base
2025-11,EEM,0.0,XGBoost[GPU allocation scorer] Calibration Base
2025-12,EEM,0.0,XGBoost[GPU allocation scorer] Calibration Base
2026-01,EEM,0.3333333333333333,XGBoost[GPU allocation scorer] Calibration Base
2026-02,EEM,0.0,XGBoost[GPU allocation scorer] Calibration Base
2026-03,EEM,0.3333333333333333,XGBoost[GPU allocation scorer] Calibration Base
2020-01,GLD,0.0,XGBoost[GPU allocation scorer] Calibration Base
2020-02,GLD,0.3333333333333333,XGBoost[GPU allocation scorer] Calibration Base
2020-03,GLD,0.3333333333333333,XGBoost[GPU allocation scorer] Calibration Base
2020-04,GLD,0.3333333333333333,XGBoost[GPU allocation scorer] Calibration Base
2020-05,GLD,0.3333333333333333,XGBoost[GPU allocation scorer] Calibration Base
2020-06,GLD,0.3333333333333333,XGBoost[GPU allocation scorer] Calibration Base
2020-07,GLD,0.0,XGBoost[GPU allocation scorer] Calibration Base
2020-08,GLD,0.3333333333333333,XGBoost[GPU allocation scorer] Calibration Base
2020-09,GLD,0.0,XGBoost[GPU allocation scorer] Calibration Base
2020-10,GLD,0.0,XGBoost[GPU allocation scorer] Calibration Base
2020-11,GLD,0.0,XGBoost[GPU allocation scorer] Calibration Base
2020-12,GLD,0.0,XGBoost[GPU allocation scorer] Calibration Base
2021-01,GLD,0.0,XGBoost[GPU allocation scorer] Calibration Base
2021-02,GLD,0.0,XGBoost[GPU allocation scorer] Calibration Base
2021-03,GLD,0.0,XGBoost[GPU allocation scorer] Calibration Base
2021-04,GLD,0.0,XGBoost[GPU allocation scorer] Calibration Base
2021-05,GLD,0.3333333333333333,XGBoost[GPU allocation scorer] Calibration Base
2021-06,GLD,0.0,XGBoost[GPU allocation scorer] Calibration Base
2021-07,GLD,0.0,XGBoost[GPU allocation scorer] Calibration Base
2021-08,GLD,0.0,XGBoost[GPU allocation scorer] Calibration Base
2021-09,GLD,0.0,XGBoost[GPU allocation scorer] Calibration Base
2021-10,GLD,0.0,XGBoost[GPU allocation scorer] Calibration Base
2021-11,GLD,0.0,XGBoost[GPU allocation scorer] Calibration Base
2021-12,GLD,0.0,XGBoost[GPU allocation scorer] Calibration Base
2022-01,GLD,0.3333333333333333,XGBoost[GPU allocation scorer] Calibration Base
2022-02,GLD,0.3333333333333333,XGBoost[GPU allocation scorer] Calibration Base
2022-03,GLD,0.3333333333333333,XGBoost[GPU allocation scorer] Calibration Base
2022-04,GLD,0.3333333333333333,XGBoost[GPU allocation scorer] Calibration Base
2022-05,GLD,0.0,XGBoost[GPU allocation scorer] Calibration Base
2022-06,GLD,0.0,XGBoost[GPU allocation scorer] Calibration Base
2022-07,GLD,0.0,XGBoost[GPU allocation scorer] Calibration Base
2022-08,GLD,0.0,XGBoost[GPU allocation scorer] Calibration Base
2022-09,GLD,0.0,XGBoost[GPU allocation scorer] Calibration Base
2022-10,GLD,0.0,XGBoost[GPU allocation scorer] Calibration Base
2022-11,GLD,0.0,XGBoost[GPU allocation scorer] Calibration Base
2022-12,GLD,0.3333333333333333,XGBoost[GPU allocation scorer] Calibration Base
2023-01,GLD,0.0,XGBoost[GPU allocation scorer] Calibration Base
2023-02,GLD,0.3333333333333333,XGBoost[GPU allocation scorer] Calibration Base
2023-03,GLD,0.0,XGBoost[GPU allocation scorer] Calibration Base
2023-04,GLD,0.0,XGBoost[GPU allocation scorer] Calibration Base
2023-05,GLD,0.0,XGBoost[GPU allocation scorer] Calibration Base
2023-06,GLD,0.0,XGBoost[GPU allocation scorer] Calibration Base
2023-07,GLD,0.0,XGBoost[GPU allocation scorer] Calibration Base
2023-08,GLD,0.0,XGBoost[GPU allocation scorer] Calibration Base
2023-09,GLD,0.0,XGBoost[GPU allocation scorer] Calibration Base
2023-10,GLD,0.0,XGBoost[GPU allocation scorer] Calibration Base
2023-11,GLD,0.0,XGBoost[GPU allocation scorer] Calibration Base
2023-12,GLD,0.0,XGBoost[GPU allocation scorer] Calibration Base
2024-01,GLD,0.0,XGBoost[GPU allocation scorer] Calibration Base
2024-02,GLD,0.0,XGBoost[GPU allocation scorer] Calibration Base
2024-03,GLD,0.0,XGBoost[GPU allocation scorer] Calibration Base
2024-04,GLD,0.3333333333333333,XGBoost[GPU allocation scorer] Calibration Base
2024-05,GLD,0.3333333333333333,XGBoost[GPU allocation scorer] Calibration Base
2024-06,GLD,0.3333333333333333,XGBoost[GPU allocation scorer] Calibration Base
2024-07,GLD,0.0,XGBoost[GPU allocation scorer] Calibration Base
2024-08,GLD,0.0,XGBoost[GPU allocation scorer] Calibration Base
2024-09,GLD,0.0,XGBoost[GPU allocation scorer] Calibration Base
2024-10,GLD,0.0,XGBoost[GPU allocation scorer] Calibration Base
2024-11,GLD,0.3333333333333333,XGBoost[GPU allocation scorer] Calibration Base
2024-12,GLD,0.0,XGBoost[GPU allocation scorer] Calibration Base
2025-01,GLD,0.0,XGBoost[GPU allocation scorer] Calibration Base
2025-02,GLD,0.3333333333333333,XGBoost[GPU allocation scorer] Calibration Base
2025-03,GLD,0.3333333333333333,XGBoost[GPU allocation scorer] Calibration Base
2025-04,GLD,0.3333333333333333,XGBoost[GPU allocation scorer] Calibration Base
2025-05,GLD,0.3333333333333333,XGBoost[GPU allocation scorer] Calibration Base
2025-06,GLD,0.3333333333333333,XGBoost[GPU allocation scorer] Calibration Base
2025-07,GLD,0.0,XGBoost[GPU allocation scorer] Calibration Base
2025-08,GLD,0.0,XGBoost[GPU allocation scorer] Calibration Base
2025-09,GLD,0.3333333333333333,XGBoost[GPU allocation scorer] Calibration Base
2025-10,GLD,0.3333333333333333,XGBoost[GPU allocation scorer] Calibration Base
2025-11,GLD,0.3333333333333333,XGBoost[GPU allocation scorer] Calibration Base
2025-12,GLD,0.3333333333333333,XGBoost[GPU allocation scorer] Calibration Base
2026-01,GLD,0.0,XGBoost[GPU allocation scorer] Calibration Base
2026-02,GLD,0.3333333333333333,XGBoost[GPU allocation scorer] Calibration Base
2026-03,GLD,0.3333333333333333,XGBoost[GPU allocation scorer] Calibration Base
2020-01,HYG,0.0,XGBoost[GPU allocation scorer] Calibration Base
2020-02,HYG,0.0,XGBoost[GPU allocation scorer] Calibration Base
2020-03,HYG,0.0,XGBoost[GPU allocation scorer] Calibration Base
2020-04,HYG,0.0,XGBoost[GPU allocation scorer] Calibration Base
2020-05,HYG,0.0,XGBoost[GPU allocation scorer] Calibration Base
2020-06,HYG,0.0,XGBoost[GPU allocation scorer] Calibration Base
2020-07,HYG,0.0,XGBoost[GPU allocation scorer] Calibration Base
2020-08,HYG,0.0,XGBoost[GPU allocation scorer] Calibration Base
2020-09,HYG,0.0,XGBoost[GPU allocation scorer] Calibration Base
2020-10,HYG,0.0,XGBoost[GPU allocation scorer] Calibration Base
2020-11,HYG,0.0,XGBoost[GPU allocation scorer] Calibration Base
2020-12,HYG,0.0,XGBoost[GPU allocation scorer] Calibration Base
2021-01,HYG,0.0,XGBoost[GPU allocation scorer] Calibration Base
2021-02,HYG,0.0,XGBoost[GPU allocation scorer] Calibration Base
2021-03,HYG,0.0,XGBoost[GPU allocation scorer] Calibration Base
2021-04,HYG,0.0,XGBoost[GPU allocation scorer] Calibration Base
2021-05,HYG,0.0,XGBoost[GPU allocation scorer] Calibration Base
2021-06,HYG,0.0,XGBoost[GPU allocation scorer] Calibration Base
2021-07,HYG,0.0,XGBoost[GPU allocation scorer] Calibration Base
2021-08,HYG,0.0,XGBoost[GPU allocation scorer] Calibration Base
2021-09,HYG,0.0,XGBoost[GPU allocation scorer] Calibration Base
2021-10,HYG,0.0,XGBoost[GPU allocation scorer] Calibration Base
2021-11,HYG,0.0,XGBoost[GPU allocation scorer] Calibration Base
2021-12,HYG,0.0,XGBoost[GPU allocation scorer] Calibration Base
2022-01,HYG,0.0,XGBoost[GPU allocation scorer] Calibration Base
2022-02,HYG,0.0,XGBoost[GPU allocation scorer] Calibration Base
2022-03,HYG,0.0,XGBoost[GPU allocation scorer] Calibration Base
2022-04,HYG,0.0,XGBoost[GPU allocation scorer] Calibration Base
2022-05,HYG,0.0,XGBoost[GPU allocation scorer] Calibration Base
2022-06,HYG,0.0,XGBoost[GPU allocation scorer] Calibration Base
2022-07,HYG,0.0,XGBoost[GPU allocation scorer] Calibration Base
2022-08,HYG,0.0,XGBoost[GPU allocation scorer] Calibration Base
2022-09,HYG,0.0,XGBoost[GPU allocation scorer] Calibration Base
2022-10,HYG,0.0,XGBoost[GPU allocation scorer] Calibration Base
2022-11,HYG,0.0,XGBoost[GPU allocation scorer] Calibration Base
2022-12,HYG,0.0,XGBoost[GPU allocation scorer] Calibration Base
2023-01,HYG,0.0,XGBoost[GPU allocation scorer] Calibration Base
2023-02,HYG,0.0,XGBoost[GPU allocation scorer] Calibration Base
2023-03,HYG,0.0,XGBoost[GPU allocation scorer] Calibration Base
2023-04,HYG,0.0,XGBoost[GPU allocation scorer] Calibration Base
2023-05,HYG,0.0,XGBoost[GPU allocation scorer] Calibration Base
2023-06,HYG,0.0,XGBoost[GPU allocation scorer] Calibration Base
2023-07,HYG,0.0,XGBoost[GPU allocation scorer] Calibration Base
2023-08,HYG,0.0,XGBoost[GPU allocation scorer] Calibration Base
2023-09,HYG,0.0,XGBoost[GPU allocation scorer] Calibration Base
2023-10,HYG,0.0,XGBoost[GPU allocation scorer] Calibration Base
2023-11,HYG,0.0,XGBoost[GPU allocation scorer] Calibration Base
2023-12,HYG,0.0,XGBoost[GPU allocation scorer] Calibration Base
2024-01,HYG,0.0,XGBoost[GPU allocation scorer] Calibration Base
2024-02,HYG,0.0,XGBoost[GPU allocation scorer] Calibration Base
2024-03,HYG,0.0,XGBoost[GPU allocation scorer] Calibration Base
2024-04,HYG,0.0,XGBoost[GPU allocation scorer] Calibration Base
2024-05,HYG,0.0,XGBoost[GPU allocation scorer] Calibration Base
2024-06,HYG,0.0,XGBoost[GPU allocation scorer] Calibration Base
2024-07,HYG,0.0,XGBoost[GPU allocation scorer] Calibration Base
2024-08,HYG,0.0,XGBoost[GPU allocation scorer] Calibration Base
2024-09,HYG,0.0,XGBoost[GPU allocation scorer] Calibration Base
2024-10,HYG,0.0,XGBoost[GPU allocation scorer] Calibration Base
2024-11,HYG,0.0,XGBoost[GPU allocation scorer] Calibration Base
2024-12,HYG,0.0,XGBoost[GPU allocation scorer] Calibration Base
2025-01,HYG,0.0,XGBoost[GPU allocation scorer] Calibration Base
2025-02,HYG,0.0,XGBoost[GPU allocation scorer] Calibration Base
2025-03,HYG,0.0,XGBoost[GPU allocation scorer] Calibration Base
2025-04,HYG,0.0,XGBoost[GPU allocation scorer] Calibration Base
2025-05,HYG,0.0,XGBoost[GPU allocation scorer] Calibration Base
2025-06,HYG,0.0,XGBoost[GPU allocation scorer] Calibration Base
2025-07,HYG,0.0,XGBoost[GPU allocation scorer] Calibration Base
2025-08,HYG,0.0,XGBoost[GPU allocation scorer] Calibration Base
2025-09,HYG,0.0,XGBoost[GPU allocation scorer] Calibration Base
2025-10,HYG,0.0,XGBoost[GPU allocation scorer] Calibration Base
2025-11,HYG,0.0,XGBoost[GPU allocation scorer] Calibration Base
2025-12,HYG,0.0,XGBoost[GPU allocation scorer] Calibration Base
2026-01,HYG,0.0,XGBoost[GPU allocation scorer] Calibration Base
2026-02,HYG,0.0,XGBoost[GPU allocation scorer] Calibration Base
2026-03,HYG,0.0,XGBoost[GPU allocation scorer] Calibration Base
2020-01,IEF,0.0,XGBoost[GPU allocation scorer] Calibration Base
2020-02,IEF,0.0,XGBoost[GPU allocation scorer] Calibration Base
2020-03,IEF,0.0,XGBoost[GPU allocation scorer] Calibration Base
2020-04,IEF,0.0,XGBoost[GPU allocation scorer] Calibration Base
2020-05,IEF,0.0,XGBoost[GPU allocation scorer] Calibration Base
2020-06,IEF,0.0,XGBoost[GPU allocation scorer] Calibration Base
2020-07,IEF,0.0,XGBoost[GPU allocation scorer] Calibration Base
2020-08,IEF,0.0,XGBoost[GPU allocation scorer] Calibration Base
2020-09,IEF,0.0,XGBoost[GPU allocation scorer] Calibration Base
2020-10,IEF,0.0,XGBoost[GPU allocation scorer] Calibration Base
2020-11,IEF,0.0,XGBoost[GPU allocation scorer] Calibration Base
2020-12,IEF,0.0,XGBoost[GPU allocation scorer] Calibration Base
2021-01,IEF,0.0,XGBoost[GPU allocation scorer] Calibration Base
2021-02,IEF,0.0,XGBoost[GPU allocation scorer] Calibration Base
2021-03,IEF,0.0,XGBoost[GPU allocation scorer] Calibration Base
2021-04,IEF,0.0,XGBoost[GPU allocation scorer] Calibration Base
2021-05,IEF,0.0,XGBoost[GPU allocation scorer] Calibration Base
2021-06,IEF,0.0,XGBoost[GPU allocation scorer] Calibration Base
2021-07,IEF,0.0,XGBoost[GPU allocation scorer] Calibration Base
2021-08,IEF,0.0,XGBoost[GPU allocation scorer] Calibration Base
2021-09,IEF,0.0,XGBoost[GPU allocation scorer] Calibration Base
2021-10,IEF,0.0,XGBoost[GPU allocation scorer] Calibration Base
2021-11,IEF,0.0,XGBoost[GPU allocation scorer] Calibration Base
2021-12,IEF,0.0,XGBoost[GPU allocation scorer] Calibration Base
2022-01,IEF,0.0,XGBoost[GPU allocation scorer] Calibration Base
2022-02,IEF,0.0,XGBoost[GPU allocation scorer] Calibration Base
2022-03,IEF,0.0,XGBoost[GPU allocation scorer] Calibration Base
2022-04,IEF,0.0,XGBoost[GPU allocation scorer] Calibration Base
2022-05,IEF,0.0,XGBoost[GPU allocation scorer] Calibration Base
2022-06,IEF,0.0,XGBoost[GPU allocation scorer] Calibration Base
2022-07,IEF,0.0,XGBoost[GPU allocation scorer] Calibration Base
2022-08,IEF,0.0,XGBoost[GPU allocation scorer] Calibration Base
2022-09,IEF,0.0,XGBoost[GPU allocation scorer] Calibration Base
2022-10,IEF,0.0,XGBoost[GPU allocation scorer] Calibration Base
2022-11,IEF,0.0,XGBoost[GPU allocation scorer] Calibration Base
2022-12,IEF,0.0,XGBoost[GPU allocation scorer] Calibration Base
2023-01,IEF,0.0,XGBoost[GPU allocation scorer] Calibration Base
2023-02,IEF,0.0,XGBoost[GPU allocation scorer] Calibration Base
2023-03,IEF,0.0,XGBoost[GPU allocation scorer] Calibration Base
2023-04,IEF,0.0,XGBoost[GPU allocation scorer] Calibration Base
2023-05,IEF,0.0,XGBoost[GPU allocation scorer] Calibration Base
2023-06,IEF,0.0,XGBoost[GPU allocation scorer] Calibration Base
2023-07,IEF,0.0,XGBoost[GPU allocation scorer] Calibration Base
2023-08,IEF,0.0,XGBoost[GPU allocation scorer] Calibration Base
2023-09,IEF,0.0,XGBoost[GPU allocation scorer] Calibration Base
2023-10,IEF,0.0,XGBoost[GPU allocation scorer] Calibration Base
2023-11,IEF,0.0,XGBoost[GPU allocation scorer] Calibration Base
2023-12,IEF,0.0,XGBoost[GPU allocation scorer] Calibration Base
2024-01,IEF,0.0,XGBoost[GPU allocation scorer] Calibration Base
2024-02,IEF,0.0,XGBoost[GPU allocation scorer] Calibration Base
2024-03,IEF,0.0,XGBoost[GPU allocation scorer] Calibration Base
2024-04,IEF,0.0,XGBoost[GPU allocation scorer] Calibration Base
2024-05,IEF,0.0,XGBoost[GPU allocation scorer] Calibration Base
2024-06,IEF,0.0,XGBoost[GPU allocation scorer] Calibration Base
2024-07,IEF,0.0,XGBoost[GPU allocation scorer] Calibration Base
2024-08,IEF,0.0,XGBoost[GPU allocation scorer] Calibration Base
2024-09,IEF,0.0,XGBoost[GPU allocation scorer] Calibration Base
2024-10,IEF,0.0,XGBoost[GPU allocation scorer] Calibration Base
2024-11,IEF,0.0,XGBoost[GPU allocation scorer] Calibration Base
2024-12,IEF,0.0,XGBoost[GPU allocation scorer] Calibration Base
2025-01,IEF,0.0,XGBoost[GPU allocation scorer] Calibration Base
2025-02,IEF,0.0,XGBoost[GPU allocation scorer] Calibration Base
2025-03,IEF,0.0,XGBoost[GPU allocation scorer] Calibration Base
2025-04,IEF,0.0,XGBoost[GPU allocation scorer] Calibration Base
2025-05,IEF,0.0,XGBoost[GPU allocation scorer] Calibration Base
2025-06,IEF,0.0,XGBoost[GPU allocation scorer] Calibration Base
2025-07,IEF,0.0,XGBoost[GPU allocation scorer] Calibration Base
2025-08,IEF,0.0,XGBoost[GPU allocation scorer] Calibration Base
2025-09,IEF,0.0,XGBoost[GPU allocation scorer] Calibration Base
2025-10,IEF,0.0,XGBoost[GPU allocation scorer] Calibration Base
2025-11,IEF,0.0,XGBoost[GPU allocation scorer] Calibration Base
2025-12,IEF,0.0,XGBoost[GPU allocation scorer] Calibration Base
2026-01,IEF,0.0,XGBoost[GPU allocation scorer] Calibration Base
2026-02,IEF,0.0,XGBoost[GPU allocation scorer] Calibration Base
2026-03,IEF,0.0,XGBoost[GPU allocation scorer] Calibration Base
2020-01,IWM,0.3333333333333333,XGBoost[GPU allocation scorer] Calibration Base
2020-02,IWM,0.0,XGBoost[GPU allocation scorer] Calibration Base
2020-03,IWM,0.0,XGBoost[GPU allocation scorer] Calibration Base
2020-04,IWM,0.0,XGBoost[GPU allocation scorer] Calibration Base
2020-05,IWM,0.0,XGBoost[GPU allocation scorer] Calibration Base
2020-06,IWM,0.3333333333333333,XGBoost[GPU allocation scorer] Calibration Base
2020-07,IWM,0.3333333333333333,XGBoost[GPU allocation scorer] Calibration Base
2020-08,IWM,0.3333333333333333,XGBoost[GPU allocation scorer] Calibration Base
2020-09,IWM,0.3333333333333333,XGBoost[GPU allocation scorer] Calibration Base
2020-10,IWM,0.3333333333333333,XGBoost[GPU allocation scorer] Calibration Base
2020-11,IWM,0.3333333333333333,XGBoost[GPU allocation scorer] Calibration Base
2020-12,IWM,0.3333333333333333,XGBoost[GPU allocation scorer] Calibration Base
2021-01,IWM,0.3333333333333333,XGBoost[GPU allocation scorer] Calibration Base
2021-02,IWM,0.3333333333333333,XGBoost[GPU allocation scorer] Calibration Base
2021-03,IWM,0.3333333333333333,XGBoost[GPU allocation scorer] Calibration Base
2021-04,IWM,0.3333333333333333,XGBoost[GPU allocation scorer] Calibration Base
2021-05,IWM,0.3333333333333333,XGBoost[GPU allocation scorer] Calibration Base
2021-06,IWM,0.3333333333333333,XGBoost[GPU allocation scorer] Calibration Base
2021-07,IWM,0.3333333333333333,XGBoost[GPU allocation scorer] Calibration Base
2021-08,IWM,0.3333333333333333,XGBoost[GPU allocation scorer] Calibration Base
2021-09,IWM,0.3333333333333333,XGBoost[GPU allocation scorer] Calibration Base
2021-10,IWM,0.3333333333333333,XGBoost[GPU allocation scorer] Calibration Base
2021-11,IWM,0.3333333333333333,XGBoost[GPU allocation scorer] Calibration Base
2021-12,IWM,0.0,XGBoost[GPU allocation scorer] Calibration Base
2022-01,IWM,0.3333333333333333,XGBoost[GPU allocation scorer] Calibration Base
2022-02,IWM,0.3333333333333333,XGBoost[GPU allocation scorer] Calibration Base
2022-03,IWM,0.3333333333333333,XGBoost[GPU allocation scorer] Calibration Base
2022-04,IWM,0.3333333333333333,XGBoost[GPU allocation scorer] Calibration Base
2022-05,IWM,0.3333333333333333,XGBoost[GPU allocation scorer] Calibration Base
2022-06,IWM,0.3333333333333333,XGBoost[GPU allocation scorer] Calibration Base
2022-07,IWM,0.3333333333333333,XGBoost[GPU allocation scorer] Calibration Base
2022-08,IWM,0.3333333333333333,XGBoost[GPU allocation scorer] Calibration Base
2022-09,IWM,0.3333333333333333,XGBoost[GPU allocation scorer] Calibration Base
2022-10,IWM,0.3333333333333333,XGBoost[GPU allocation scorer] Calibration Base
2022-11,IWM,0.3333333333333333,XGBoost[GPU allocation scorer] Calibration Base
2022-12,IWM,0.3333333333333333,XGBoost[GPU allocation scorer] Calibration Base
2023-01,IWM,0.3333333333333333,XGBoost[GPU allocation scorer] Calibration Base
2023-02,IWM,0.3333333333333333,XGBoost[GPU allocation scorer] Calibration Base
2023-03,IWM,0.3333333333333333,XGBoost[GPU allocation scorer] Calibration Base
2023-04,IWM,0.3333333333333333,XGBoost[GPU allocation scorer] Calibration Base
2023-05,IWM,0.3333333333333333,XGBoost[GPU allocation scorer] Calibration Base
2023-06,IWM,0.3333333333333333,XGBoost[GPU allocation scorer] Calibration Base
2023-07,IWM,0.3333333333333333,XGBoost[GPU allocation scorer] Calibration Base
2023-08,IWM,0.3333333333333333,XGBoost[GPU allocation scorer] Calibration Base
2023-09,IWM,0.3333333333333333,XGBoost[GPU allocation scorer] Calibration Base
2023-10,IWM,0.3333333333333333,XGBoost[GPU allocation scorer] Calibration Base
2023-11,IWM,0.3333333333333333,XGBoost[GPU allocation scorer] Calibration Base
2023-12,IWM,0.3333333333333333,XGBoost[GPU allocation scorer] Calibration Base
2024-01,IWM,0.3333333333333333,XGBoost[GPU allocation scorer] Calibration Base
2024-02,IWM,0.3333333333333333,XGBoost[GPU allocation scorer] Calibration Base
2024-03,IWM,0.3333333333333333,XGBoost[GPU allocation scorer] Calibration Base
2024-04,IWM,0.3333333333333333,XGBoost[GPU allocation scorer] Calibration Base
2024-05,IWM,0.3333333333333333,XGBoost[GPU allocation scorer] Calibration Base
2024-06,IWM,0.0,XGBoost[GPU allocation scorer] Calibration Base
2024-07,IWM,0.3333333333333333,XGBoost[GPU allocation scorer] Calibration Base
2024-08,IWM,0.3333333333333333,XGBoost[GPU allocation scorer] Calibration Base
2024-09,IWM,0.3333333333333333,XGBoost[GPU allocation scorer] Calibration Base
2024-10,IWM,0.3333333333333333,XGBoost[GPU allocation scorer] Calibration Base
2024-11,IWM,0.3333333333333333,XGBoost[GPU allocation scorer] Calibration Base
2024-12,IWM,0.3333333333333333,XGBoost[GPU allocation scorer] Calibration Base
2025-01,IWM,0.3333333333333333,XGBoost[GPU allocation scorer] Calibration Base
2025-02,IWM,0.3333333333333333,XGBoost[GPU allocation scorer] Calibration Base
2025-03,IWM,0.3333333333333333,XGBoost[GPU allocation scorer] Calibration Base
2025-04,IWM,0.0,XGBoost[GPU allocation scorer] Calibration Base
2025-05,IWM,0.0,XGBoost[GPU allocation scorer] Calibration Base
2025-06,IWM,0.0,XGBoost[GPU allocation scorer] Calibration Base
2025-07,IWM,0.3333333333333333,XGBoost[GPU allocation scorer] Calibration Base
2025-08,IWM,0.3333333333333333,XGBoost[GPU allocation scorer] Calibration Base
2025-09,IWM,0.3333333333333333,XGBoost[GPU allocation scorer] Calibration Base
2025-10,IWM,0.3333333333333333,XGBoost[GPU allocation scorer] Calibration Base
2025-11,IWM,0.3333333333333333,XGBoost[GPU allocation scorer] Calibration Base
2025-12,IWM,0.3333333333333333,XGBoost[GPU allocation scorer] Calibration Base
2026-01,IWM,0.3333333333333333,XGBoost[GPU allocation scorer] Calibration Base
2026-02,IWM,0.3333333333333333,XGBoost[GPU allocation scorer] Calibration Base
2026-03,IWM,0.3333333333333333,XGBoost[GPU allocation scorer] Calibration Base
2020-01,QQQ,0.3333333333333333,XGBoost[GPU allocation scorer] Calibration Base
2020-02,QQQ,0.3333333333333333,XGBoost[GPU allocation scorer] Calibration Base
2020-03,QQQ,0.0,XGBoost[GPU allocation scorer] Calibration Base
2020-04,QQQ,0.0,XGBoost[GPU allocation scorer] Calibration Base
2020-05,QQQ,0.0,XGBoost[GPU allocation scorer] Calibration Base
2020-06,QQQ,0.0,XGBoost[GPU allocation scorer] Calibration Base
2020-07,QQQ,0.0,XGBoost[GPU allocation scorer] Calibration Base
2020-08,QQQ,0.0,XGBoost[GPU allocation scorer] Calibration Base
2020-09,QQQ,0.0,XGBoost[GPU allocation scorer] Calibration Base
2020-10,QQQ,0.3333333333333333,XGBoost[GPU allocation scorer] Calibration Base
2020-11,QQQ,0.3333333333333333,XGBoost[GPU allocation scorer] Calibration Base
2020-12,QQQ,0.3333333333333333,XGBoost[GPU allocation scorer] Calibration Base
2021-01,QQQ,0.3333333333333333,XGBoost[GPU allocation scorer] Calibration Base
2021-02,QQQ,0.3333333333333333,XGBoost[GPU allocation scorer] Calibration Base
2021-03,QQQ,0.3333333333333333,XGBoost[GPU allocation scorer] Calibration Base
2021-04,QQQ,0.3333333333333333,XGBoost[GPU allocation scorer] Calibration Base
2021-05,QQQ,0.3333333333333333,XGBoost[GPU allocation scorer] Calibration Base
2021-06,QQQ,0.3333333333333333,XGBoost[GPU allocation scorer] Calibration Base
2021-07,QQQ,0.3333333333333333,XGBoost[GPU allocation scorer] Calibration Base
2021-08,QQQ,0.3333333333333333,XGBoost[GPU allocation scorer] Calibration Base
2021-09,QQQ,0.3333333333333333,XGBoost[GPU allocation scorer] Calibration Base
2021-10,QQQ,0.3333333333333333,XGBoost[GPU allocation scorer] Calibration Base
2021-11,QQQ,0.3333333333333333,XGBoost[GPU allocation scorer] Calibration Base
2021-12,QQQ,0.3333333333333333,XGBoost[GPU allocation scorer] Calibration Base
2022-01,QQQ,0.3333333333333333,XGBoost[GPU allocation scorer] Calibration Base
2022-02,QQQ,0.3333333333333333,XGBoost[GPU allocation scorer] Calibration Base
2022-03,QQQ,0.3333333333333333,XGBoost[GPU allocation scorer] Calibration Base
2022-04,QQQ,0.3333333333333333,XGBoost[GPU allocation scorer] Calibration Base
2022-05,QQQ,0.3333333333333333,XGBoost[GPU allocation scorer] Calibration Base
2022-06,QQQ,0.3333333333333333,XGBoost[GPU allocation scorer] Calibration Base
2022-07,QQQ,0.3333333333333333,XGBoost[GPU allocation scorer] Calibration Base
2022-08,QQQ,0.3333333333333333,XGBoost[GPU allocation scorer] Calibration Base
2022-09,QQQ,0.3333333333333333,XGBoost[GPU allocation scorer] Calibration Base
2022-10,QQQ,0.3333333333333333,XGBoost[GPU allocation scorer] Calibration Base
2022-11,QQQ,0.3333333333333333,XGBoost[GPU allocation scorer] Calibration Base
2022-12,QQQ,0.3333333333333333,XGBoost[GPU allocation scorer] Calibration Base
2023-01,QQQ,0.3333333333333333,XGBoost[GPU allocation scorer] Calibration Base
2023-02,QQQ,0.3333333333333333,XGBoost[GPU allocation scorer] Calibration Base
2023-03,QQQ,0.3333333333333333,XGBoost[GPU allocation scorer] Calibration Base
2023-04,QQQ,0.3333333333333333,XGBoost[GPU allocation scorer] Calibration Base
2023-05,QQQ,0.3333333333333333,XGBoost[GPU allocation scorer] Calibration Base
2023-06,QQQ,0.3333333333333333,XGBoost[GPU allocation scorer] Calibration Base
2023-07,QQQ,0.3333333333333333,XGBoost[GPU allocation scorer] Calibration Base
2023-08,QQQ,0.3333333333333333,XGBoost[GPU allocation scorer] Calibration Base
2023-09,QQQ,0.3333333333333333,XGBoost[GPU allocation scorer] Calibration Base
2023-10,QQQ,0.3333333333333333,XGBoost[GPU allocation scorer] Calibration Base
2023-11,QQQ,0.3333333333333333,XGBoost[GPU allocation scorer] Calibration Base
2023-12,QQQ,0.3333333333333333,XGBoost[GPU allocation scorer] Calibration Base
2024-01,QQQ,0.3333333333333333,XGBoost[GPU allocation scorer] Calibration Base
2024-02,QQQ,0.3333333333333333,XGBoost[GPU allocation scorer] Calibration Base
2024-03,QQQ,0.3333333333333333,XGBoost[GPU allocation scorer] Calibration Base
2024-04,QQQ,0.3333333333333333,XGBoost[GPU allocation scorer] Calibration Base
2024-05,QQQ,0.3333333333333333,XGBoost[GPU allocation scorer] Calibration Base
2024-06,QQQ,0.3333333333333333,XGBoost[GPU allocation scorer] Calibration Base
2024-07,QQQ,0.3333333333333333,XGBoost[GPU allocation scorer] Calibration Base
2024-08,QQQ,0.3333333333333333,XGBoost[GPU allocation scorer] Calibration Base
2024-09,QQQ,0.3333333333333333,XGBoost[GPU allocation scorer] Calibration Base
2024-10,QQQ,0.3333333333333333,XGBoost[GPU allocation scorer] Calibration Base
2024-11,QQQ,0.3333333333333333,XGBoost[GPU allocation scorer] Calibration Base
2024-12,QQQ,0.3333333333333333,XGBoost[GPU allocation scorer] Calibration Base
2025-01,QQQ,0.3333333333333333,XGBoost[GPU allocation scorer] Calibration Base
2025-02,QQQ,0.3333333333333333,XGBoost[GPU allocation scorer] Calibration Base
2025-03,QQQ,0.3333333333333333,XGBoost[GPU allocation scorer] Calibration Base
2025-04,QQQ,0.3333333333333333,XGBoost[GPU allocation scorer] Calibration Base
2025-05,QQQ,0.3333333333333333,XGBoost[GPU allocation scorer] Calibration Base
2025-06,QQQ,0.3333333333333333,XGBoost[GPU allocation scorer] Calibration Base
2025-07,QQQ,0.3333333333333333,XGBoost[GPU allocation scorer] Calibration Base
2025-08,QQQ,0.3333333333333333,XGBoost[GPU allocation scorer] Calibration Base
2025-09,QQQ,0.3333333333333333,XGBoost[GPU allocation scorer] Calibration Base
2025-10,QQQ,0.3333333333333333,XGBoost[GPU allocation scorer] Calibration Base
2025-11,QQQ,0.3333333333333333,XGBoost[GPU allocation scorer] Calibration Base
2025-12,QQQ,0.3333333333333333,XGBoost[GPU allocation scorer] Calibration Base
2026-01,QQQ,0.3333333333333333,XGBoost[GPU allocation scorer] Calibration Base
2026-02,QQQ,0.3333333333333333,XGBoost[GPU allocation scorer] Calibration Base
2026-03,QQQ,0.0,XGBoost[GPU allocation scorer] Calibration Base
2020-01,SPY,0.0,XGBoost[GPU allocation scorer] Calibration Base
2020-02,SPY,0.0,XGBoost[GPU allocation scorer] Calibration Base
2020-03,SPY,0.0,XGBoost[GPU allocation scorer] Calibration Base
2020-04,SPY,0.0,XGBoost[GPU allocation scorer] Calibration Base
2020-05,SPY,0.0,XGBoost[GPU allocation scorer] Calibration Base
2020-06,SPY,0.0,XGBoost[GPU allocation scorer] Calibration Base
2020-07,SPY,0.0,XGBoost[GPU allocation scorer] Calibration Base
2020-08,SPY,0.0,XGBoost[GPU allocation scorer] Calibration Base
2020-09,SPY,0.0,XGBoost[GPU allocation scorer] Calibration Base
2020-10,SPY,0.0,XGBoost[GPU allocation scorer] Calibration Base
2020-11,SPY,0.0,XGBoost[GPU allocation scorer] Calibration Base
2020-12,SPY,0.0,XGBoost[GPU allocation scorer] Calibration Base
2021-01,SPY,0.0,XGBoost[GPU allocation scorer] Calibration Base
2021-02,SPY,0.0,XGBoost[GPU allocation scorer] Calibration Base
2021-03,SPY,0.0,XGBoost[GPU allocation scorer] Calibration Base
2021-04,SPY,0.0,XGBoost[GPU allocation scorer] Calibration Base
2021-05,SPY,0.0,XGBoost[GPU allocation scorer] Calibration Base
2021-06,SPY,0.0,XGBoost[GPU allocation scorer] Calibration Base
2021-07,SPY,0.0,XGBoost[GPU allocation scorer] Calibration Base
2021-08,SPY,0.0,XGBoost[GPU allocation scorer] Calibration Base
2021-09,SPY,0.0,XGBoost[GPU allocation scorer] Calibration Base
2021-10,SPY,0.0,XGBoost[GPU allocation scorer] Calibration Base
2021-11,SPY,0.0,XGBoost[GPU allocation scorer] Calibration Base
2021-12,SPY,0.3333333333333333,XGBoost[GPU allocation scorer] Calibration Base
2022-01,SPY,0.0,XGBoost[GPU allocation scorer] Calibration Base
2022-02,SPY,0.0,XGBoost[GPU allocation scorer] Calibration Base
2022-03,SPY,0.0,XGBoost[GPU allocation scorer] Calibration Base
2022-04,SPY,0.0,XGBoost[GPU allocation scorer] Calibration Base
2022-05,SPY,0.0,XGBoost[GPU allocation scorer] Calibration Base
2022-06,SPY,0.0,XGBoost[GPU allocation scorer] Calibration Base
2022-07,SPY,0.0,XGBoost[GPU allocation scorer] Calibration Base
2022-08,SPY,0.0,XGBoost[GPU allocation scorer] Calibration Base
2022-09,SPY,0.0,XGBoost[GPU allocation scorer] Calibration Base
2022-10,SPY,0.0,XGBoost[GPU allocation scorer] Calibration Base
2022-11,SPY,0.3333333333333333,XGBoost[GPU allocation scorer] Calibration Base
2022-12,SPY,0.0,XGBoost[GPU allocation scorer] Calibration Base
2023-01,SPY,0.0,XGBoost[GPU allocation scorer] Calibration Base
2023-02,SPY,0.0,XGBoost[GPU allocation scorer] Calibration Base
2023-03,SPY,0.3333333333333333,XGBoost[GPU allocation scorer] Calibration Base
2023-04,SPY,0.0,XGBoost[GPU allocation scorer] Calibration Base
2023-05,SPY,0.3333333333333333,XGBoost[GPU allocation scorer] Calibration Base
2023-06,SPY,0.0,XGBoost[GPU allocation scorer] Calibration Base
2023-07,SPY,0.0,XGBoost[GPU allocation scorer] Calibration Base
2023-08,SPY,0.3333333333333333,XGBoost[GPU allocation scorer] Calibration Base
2023-09,SPY,0.3333333333333333,XGBoost[GPU allocation scorer] Calibration Base
2023-10,SPY,0.0,XGBoost[GPU allocation scorer] Calibration Base
2023-11,SPY,0.0,XGBoost[GPU allocation scorer] Calibration Base
2023-12,SPY,0.0,XGBoost[GPU allocation scorer] Calibration Base
2024-01,SPY,0.0,XGBoost[GPU allocation scorer] Calibration Base
2024-02,SPY,0.0,XGBoost[GPU allocation scorer] Calibration Base
2024-03,SPY,0.0,XGBoost[GPU allocation scorer] Calibration Base
2024-04,SPY,0.0,XGBoost[GPU allocation scorer] Calibration Base
2024-05,SPY,0.0,XGBoost[GPU allocation scorer] Calibration Base
2024-06,SPY,0.0,XGBoost[GPU allocation scorer] Calibration Base
2024-07,SPY,0.3333333333333333,XGBoost[GPU allocation scorer] Calibration Base
2024-08,SPY,0.0,XGBoost[GPU allocation scorer] Calibration Base
2024-09,SPY,0.0,XGBoost[GPU allocation scorer] Calibration Base
2024-10,SPY,0.0,XGBoost[GPU allocation scorer] Calibration Base
2024-11,SPY,0.0,XGBoost[GPU allocation scorer] Calibration Base
2024-12,SPY,0.3333333333333333,XGBoost[GPU allocation scorer] Calibration Base
2025-01,SPY,0.3333333333333333,XGBoost[GPU allocation scorer] Calibration Base
2025-02,SPY,0.0,XGBoost[GPU allocation scorer] Calibration Base
2025-03,SPY,0.0,XGBoost[GPU allocation scorer] Calibration Base
2025-04,SPY,0.0,XGBoost[GPU allocation scorer] Calibration Base
2025-05,SPY,0.0,XGBoost[GPU allocation scorer] Calibration Base
2025-06,SPY,0.0,XGBoost[GPU allocation scorer] Calibration Base
2025-07,SPY,0.0,XGBoost[GPU allocation scorer] Calibration Base
2025-08,SPY,0.0,XGBoost[GPU allocation scorer] Calibration Base
2025-09,SPY,0.0,XGBoost[GPU allocation scorer] Calibration Base
2025-10,SPY,0.0,XGBoost[GPU allocation scorer] Calibration Base
2025-11,SPY,0.0,XGBoost[GPU allocation scorer] Calibration Base
2025-12,SPY,0.0,XGBoost[GPU allocation scorer] Calibration Base
2026-01,SPY,0.0,XGBoost[GPU allocation scorer] Calibration Base
2026-02,SPY,0.0,XGBoost[GPU allocation scorer] Calibration Base
2026-03,SPY,0.0,XGBoost[GPU allocation scorer] Calibration Base
2020-01,TLT,0.3333333333333333,XGBoost[GPU allocation scorer] Calibration Base
2020-02,TLT,0.3333333333333333,XGBoost[GPU allocation scorer] Calibration Base
2020-03,TLT,0.3333333333333333,XGBoost[GPU allocation scorer] Calibration Base
2020-04,TLT,0.3333333333333333,XGBoost[GPU allocation scorer] Calibration Base
2020-05,TLT,0.3333333333333333,XGBoost[GPU allocation scorer] Calibration Base
2020-06,TLT,0.0,XGBoost[GPU allocation scorer] Calibration Base
2020-07,TLT,0.0,XGBoost[GPU allocation scorer] Calibration Base
2020-08,TLT,0.0,XGBoost[GPU allocation scorer] Calibration Base
2020-09,TLT,0.0,XGBoost[GPU allocation scorer] Calibration Base
2020-10,TLT,0.0,XGBoost[GPU allocation scorer] Calibration Base
2020-11,TLT,0.0,XGBoost[GPU allocation scorer] Calibration Base
2020-12,TLT,0.0,XGBoost[GPU allocation scorer] Calibration Base
2021-01,TLT,0.0,XGBoost[GPU allocation scorer] Calibration Base
2021-02,TLT,0.0,XGBoost[GPU allocation scorer] Calibration Base
2021-03,TLT,0.0,XGBoost[GPU allocation scorer] Calibration Base
2021-04,TLT,0.0,XGBoost[GPU allocation scorer] Calibration Base
2021-05,TLT,0.0,XGBoost[GPU allocation scorer] Calibration Base
2021-06,TLT,0.0,XGBoost[GPU allocation scorer] Calibration Base
2021-07,TLT,0.0,XGBoost[GPU allocation scorer] Calibration Base
2021-08,TLT,0.3333333333333333,XGBoost[GPU allocation scorer] Calibration Base
2021-09,TLT,0.0,XGBoost[GPU allocation scorer] Calibration Base
2021-10,TLT,0.0,XGBoost[GPU allocation scorer] Calibration Base
2021-11,TLT,0.3333333333333333,XGBoost[GPU allocation scorer] Calibration Base
2021-12,TLT,0.0,XGBoost[GPU allocation scorer] Calibration Base
2022-01,TLT,0.0,XGBoost[GPU allocation scorer] Calibration Base
2022-02,TLT,0.0,XGBoost[GPU allocation scorer] Calibration Base
2022-03,TLT,0.0,XGBoost[GPU allocation scorer] Calibration Base
2022-04,TLT,0.0,XGBoost[GPU allocation scorer] Calibration Base
2022-05,TLT,0.0,XGBoost[GPU allocation scorer] Calibration Base
2022-06,TLT,0.0,XGBoost[GPU allocation scorer] Calibration Base
2022-07,TLT,0.0,XGBoost[GPU allocation scorer] Calibration Base
2022-08,TLT,0.0,XGBoost[GPU allocation scorer] Calibration Base
2022-09,TLT,0.0,XGBoost[GPU allocation scorer] Calibration Base
2022-10,TLT,0.0,XGBoost[GPU allocation scorer] Calibration Base
2022-11,TLT,0.0,XGBoost[GPU allocation scorer] Calibration Base
2022-12,TLT,0.0,XGBoost[GPU allocation scorer] Calibration Base
2023-01,TLT,0.0,XGBoost[GPU allocation scorer] Calibration Base
2023-02,TLT,0.0,XGBoost[GPU allocation scorer] Calibration Base
2023-03,TLT,0.0,XGBoost[GPU allocation scorer] Calibration Base
2023-04,TLT,0.0,XGBoost[GPU allocation scorer] Calibration Base
2023-05,TLT,0.0,XGBoost[GPU allocation scorer] Calibration Base
2023-06,TLT,0.0,XGBoost[GPU allocation scorer] Calibration Base
2023-07,TLT,0.0,XGBoost[GPU allocation scorer] Calibration Base
2023-08,TLT,0.0,XGBoost[GPU allocation scorer] Calibration Base
2023-09,TLT,0.0,XGBoost[GPU allocation scorer] Calibration Base
2023-10,TLT,0.0,XGBoost[GPU allocation scorer] Calibration Base
2023-11,TLT,0.0,XGBoost[GPU allocation scorer] Calibration Base
2023-12,TLT,0.0,XGBoost[GPU allocation scorer] Calibration Base
2024-01,TLT,0.0,XGBoost[GPU allocation scorer] Calibration Base
2024-02,TLT,0.0,XGBoost[GPU allocation scorer] Calibration Base
2024-03,TLT,0.0,XGBoost[GPU allocation scorer] Calibration Base
2024-04,TLT,0.0,XGBoost[GPU allocation scorer] Calibration Base
2024-05,TLT,0.0,XGBoost[GPU allocation scorer] Calibration Base
2024-06,TLT,0.0,XGBoost[GPU allocation scorer] Calibration Base
2024-07,TLT,0.0,XGBoost[GPU allocation scorer] Calibration Base
2024-08,TLT,0.0,XGBoost[GPU allocation scorer] Calibration Base
2024-09,TLT,0.0,XGBoost[GPU allocation scorer] Calibration Base
2024-10,TLT,0.0,XGBoost[GPU allocation scorer] Calibration Base
2024-11,TLT,0.0,XGBoost[GPU allocation scorer] Calibration Base
2024-12,TLT,0.0,XGBoost[GPU allocation scorer] Calibration Base
2025-01,TLT,0.0,XGBoost[GPU allocation scorer] Calibration Base
2025-02,TLT,0.0,XGBoost[GPU allocation scorer] Calibration Base
2025-03,TLT,0.0,XGBoost[GPU allocation scorer] Calibration Base
2025-04,TLT,0.0,XGBoost[GPU allocation scorer] Calibration Base
2025-05,TLT,0.0,XGBoost[GPU allocation scorer] Calibration Base
2025-06,TLT,0.0,XGBoost[GPU allocation scorer] Calibration Base
2025-07,TLT,0.0,XGBoost[GPU allocation scorer] Calibration Base
2025-08,TLT,0.0,XGBoost[GPU allocation scorer] Calibration Base
2025-09,TLT,0.0,XGBoost[GPU allocation scorer] Calibration Base
2025-10,TLT,0.0,XGBoost[GPU allocation scorer] Calibration Base
2025-11,TLT,0.0,XGBoost[GPU allocation scorer] Calibration Base
2025-12,TLT,0.0,XGBoost[GPU allocation scorer] Calibration Base
2026-01,TLT,0.0,XGBoost[GPU allocation scorer] Calibration Base
2026-02,TLT,0.0,XGBoost[GPU allocation scorer] Calibration Base
2026-03,TLT,0.0,XGBoost[GPU allocation scorer] Calibration Base
2020-01,VNQ,0.0,XGBoost[GPU allocation scorer] Calibration Base
2020-02,VNQ,0.0,XGBoost[GPU allocation scorer] Calibration Base
2020-03,VNQ,0.3333333333333333,XGBoost[GPU allocation scorer] Calibration Base
2020-04,VNQ,0.3333333333333333,XGBoost[GPU allocation scorer] Calibration Base
2020-05,VNQ,0.3333333333333333,XGBoost[GPU allocation scorer] Calibration Base
2020-06,VNQ,0.3333333333333333,XGBoost[GPU allocation scorer] Calibration Base
2020-07,VNQ,0.3333333333333333,XGBoost[GPU allocation scorer] Calibration Base
2020-08,VNQ,0.3333333333333333,XGBoost[GPU allocation scorer] Calibration Base
2020-09,VNQ,0.3333333333333333,XGBoost[GPU allocation scorer] Calibration Base
2020-10,VNQ,0.3333333333333333,XGBoost[GPU allocation scorer] Calibration Base
2020-11,VNQ,0.0,XGBoost[GPU allocation scorer] Calibration Base
2020-12,VNQ,0.3333333333333333,XGBoost[GPU allocation scorer] Calibration Base
2021-01,VNQ,0.0,XGBoost[GPU allocation scorer] Calibration Base
2021-02,VNQ,0.3333333333333333,XGBoost[GPU allocation scorer] Calibration Base
2021-03,VNQ,0.0,XGBoost[GPU allocation scorer] Calibration Base
2021-04,VNQ,0.3333333333333333,XGBoost[GPU allocation scorer] Calibration Base
2021-05,VNQ,0.0,XGBoost[GPU allocation scorer] Calibration Base
2021-06,VNQ,0.3333333333333333,XGBoost[GPU allocation scorer] Calibration Base
2021-07,VNQ,0.3333333333333333,XGBoost[GPU allocation scorer] Calibration Base
2021-08,VNQ,0.0,XGBoost[GPU allocation scorer] Calibration Base
2021-09,VNQ,0.3333333333333333,XGBoost[GPU allocation scorer] Calibration Base
2021-10,VNQ,0.3333333333333333,XGBoost[GPU allocation scorer] Calibration Base
2021-11,VNQ,0.0,XGBoost[GPU allocation scorer] Calibration Base
2021-12,VNQ,0.3333333333333333,XGBoost[GPU allocation scorer] Calibration Base
2022-01,VNQ,0.0,XGBoost[GPU allocation scorer] Calibration Base
2022-02,VNQ,0.0,XGBoost[GPU allocation scorer] Calibration Base
2022-03,VNQ,0.0,XGBoost[GPU allocation scorer] Calibration Base
2022-04,VNQ,0.0,XGBoost[GPU allocation scorer] Calibration Base
2022-05,VNQ,0.3333333333333333,XGBoost[GPU allocation scorer] Calibration Base
2022-06,VNQ,0.3333333333333333,XGBoost[GPU allocation scorer] Calibration Base
2022-07,VNQ,0.3333333333333333,XGBoost[GPU allocation scorer] Calibration Base
2022-08,VNQ,0.3333333333333333,XGBoost[GPU allocation scorer] Calibration Base
2022-09,VNQ,0.3333333333333333,XGBoost[GPU allocation scorer] Calibration Base
2022-10,VNQ,0.3333333333333333,XGBoost[GPU allocation scorer] Calibration Base
2022-11,VNQ,0.0,XGBoost[GPU allocation scorer] Calibration Base
2022-12,VNQ,0.0,XGBoost[GPU allocation scorer] Calibration Base
2023-01,VNQ,0.3333333333333333,XGBoost[GPU allocation scorer] Calibration Base
2023-02,VNQ,0.0,XGBoost[GPU allocation scorer] Calibration Base
2023-03,VNQ,0.0,XGBoost[GPU allocation scorer] Calibration Base
2023-04,VNQ,0.3333333333333333,XGBoost[GPU allocation scorer] Calibration Base
2023-05,VNQ,0.0,XGBoost[GPU allocation scorer] Calibration Base
2023-06,VNQ,0.3333333333333333,XGBoost[GPU allocation scorer] Calibration Base
2023-07,VNQ,0.0,XGBoost[GPU allocation scorer] Calibration Base
2023-08,VNQ,0.0,XGBoost[GPU allocation scorer] Calibration Base
2023-09,VNQ,0.0,XGBoost[GPU allocation scorer] Calibration Base
2023-10,VNQ,0.3333333333333333,XGBoost[GPU allocation scorer] Calibration Base
2023-11,VNQ,0.3333333333333333,XGBoost[GPU allocation scorer] Calibration Base
2023-12,VNQ,0.3333333333333333,XGBoost[GPU allocation scorer] Calibration Base
2024-01,VNQ,0.3333333333333333,XGBoost[GPU allocation scorer] Calibration Base
2024-02,VNQ,0.3333333333333333,XGBoost[GPU allocation scorer] Calibration Base
2024-03,VNQ,0.3333333333333333,XGBoost[GPU allocation scorer] Calibration Base
2024-04,VNQ,0.0,XGBoost[GPU allocation scorer] Calibration Base
2024-05,VNQ,0.0,XGBoost[GPU allocation scorer] Calibration Base
2024-06,VNQ,0.0,XGBoost[GPU allocation scorer] Calibration Base
2024-07,VNQ,0.0,XGBoost[GPU allocation scorer] Calibration Base
2024-08,VNQ,0.3333333333333333,XGBoost[GPU allocation scorer] Calibration Base
2024-09,VNQ,0.0,XGBoost[GPU allocation scorer] Calibration Base
2024-10,VNQ,0.3333333333333333,XGBoost[GPU allocation scorer] Calibration Base
2024-11,VNQ,0.0,XGBoost[GPU allocation scorer] Calibration Base
2024-12,VNQ,0.0,XGBoost[GPU allocation scorer] Calibration Base
2025-01,VNQ,0.0,XGBoost[GPU allocation scorer] Calibration Base
2025-02,VNQ,0.0,XGBoost[GPU allocation scorer] Calibration Base
2025-03,VNQ,0.0,XGBoost[GPU allocation scorer] Calibration Base
2025-04,VNQ,0.0,XGBoost[GPU allocation scorer] Calibration Base
2025-05,VNQ,0.0,XGBoost[GPU allocation scorer] Calibration Base
2025-06,VNQ,0.0,XGBoost[GPU allocation scorer] Calibration Base
2025-07,VNQ,0.0,XGBoost[GPU allocation scorer] Calibration Base
2025-08,VNQ,0.0,XGBoost[GPU allocation scorer] Calibration Base
2025-09,VNQ,0.0,XGBoost[GPU allocation scorer] Calibration Base
2025-10,VNQ,0.0,XGBoost[GPU allocation scorer] Calibration Base
2025-11,VNQ,0.0,XGBoost[GPU allocation scorer] Calibration Base
2025-12,VNQ,0.0,XGBoost[GPU allocation scorer] Calibration Base
2026-01,VNQ,0.0,XGBoost[GPU allocation scorer] Calibration Base
2026-02,VNQ,0.0,XGBoost[GPU allocation scorer] Calibration Base
2026-03,VNQ,0.0,XGBoost[GPU allocation scorer] Calibration Base
